datetime,demand
2003-03-01 00:00:00,12863.0
2003-03-01 01:00:00,12389.0
2003-03-01 02:00:00,12155.0
2003-03-01 03:00:00,12072.0
2003-03-01 04:00:00,12160.0
2003-03-01 05:00:00,12568.0
2003-03-01 06:00:00,13236.0
2003-03-01 07:00:00,14190.0
2003-03-01 08:00:00,15213.0
2003-03-01 09:00:00,15647.0
2003-03-01 10:00:00,15653.0
2003-03-01 11:00:00,15416.0
2003-03-01 12:00:00,14994.0
2003-03-01 13:00:00,14581.0
2003-03-01 14:00:00,14335.0
2003-03-01 15:00:00,14269.0
2003-03-01 16:00:00,14685.0
2003-03-01 17:00:00,15680.0
2003-03-01 18:00:00,16386.0
2003-03-01 19:00:00,16020.0
2003-03-01 20:00:00,15476.0
2003-03-01 21:00:00,14753.0
2003-03-01 22:00:00,13757.0
2003-03-01 23:00:00,12707.0
2003-03-02 00:00:00,11861.0
2003-03-02 01:00:00,11373.0
2003-03-02 02:00:00,11085.0
2003-03-02 03:00:00,10905.0
2003-03-02 04:00:00,10930.0
2003-03-02 05:00:00,11167.0
2003-03-02 06:00:00,11604.0
2003-03-02 07:00:00,12347.0
2003-03-02 08:00:00,13501.0
2003-03-02 09:00:00,14438.0
2003-03-02 10:00:00,15055.0
2003-03-02 11:00:00,15407.0
2003-03-02 12:00:00,15513.0
2003-03-02 13:00:00,15331.0
2003-03-02 14:00:00,15192.0
2003-03-02 15:00:00,15175.0
2003-03-02 16:00:00,15574.0
2003-03-02 17:00:00,16281.0
2003-03-02 18:00:00,16842.0
2003-03-02 19:00:00,16504.0
2003-03-02 20:00:00,15815.0
2003-03-02 21:00:00,14745.0
2003-03-02 22:00:00,13444.0
2003-03-02 23:00:00,12350.0
2003-03-03 00:00:00,11657.0
2003-03-03 01:00:00,11358.0
2003-03-03 02:00:00,11315.0
2003-03-03 03:00:00,11511.0
2003-03-03 04:00:00,12068.0
2003-03-03 05:00:00,13523.0
2003-03-03 06:00:00,15850.0
2003-03-03 07:00:00,17340.0
2003-03-03 08:00:00,17839.0
2003-03-03 09:00:00,18048.0
2003-03-03 10:00:00,18192.0
2003-03-03 11:00:00,18169.0
2003-03-03 12:00:00,17991.0
2003-03-03 13:00:00,17783.0
2003-03-03 14:00:00,17489.0
2003-03-03 15:00:00,17374.0
2003-03-03 16:00:00,17762.0
2003-03-03 17:00:00,18849.0
2003-03-03 18:00:00,19997.0
2003-03-03 19:00:00,19764.0
2003-03-03 20:00:00,19089.0
2003-03-03 21:00:00,17930.0
2003-03-03 22:00:00,16416.0
2003-03-03 23:00:00,15059.0
2003-03-04 00:00:00,14222.0
2003-03-04 01:00:00,13870.0
2003-03-04 02:00:00,13748.0
2003-03-04 03:00:00,13804.0
2003-03-04 04:00:00,14133.0
2003-03-04 05:00:00,15287.0
2003-03-04 06:00:00,17309.0
2003-03-04 07:00:00,18491.0
2003-03-04 08:00:00,18619.0
2003-03-04 09:00:00,18460.0
2003-03-04 10:00:00,18238.0
2003-03-04 11:00:00,17933.0
2003-03-04 12:00:00,17506.0
2003-03-04 13:00:00,17242.0
2003-03-04 14:00:00,16849.0
2003-03-04 15:00:00,16694.0
2003-03-04 16:00:00,16961.0
2003-03-04 17:00:00,17904.0
2003-03-04 18:00:00,18908.0
2003-03-04 19:00:00,18578.0
2003-03-04 20:00:00,17856.0
2003-03-04 21:00:00,16623.0
2003-03-04 22:00:00,14996.0
2003-03-04 23:00:00,13581.0
2003-03-05 00:00:00,12638.0
2003-03-05 01:00:00,12184.0
2003-03-05 02:00:00,11961.0
2003-03-05 03:00:00,11884.0
2003-03-05 04:00:00,12150.0
2003-03-05 05:00:00,13256.0
2003-03-05 06:00:00,15276.0
2003-03-05 07:00:00,16536.0
2003-03-05 08:00:00,16874.0
2003-03-05 09:00:00,16941.0
2003-03-05 10:00:00,16984.0
2003-03-05 11:00:00,16918.0
2003-03-05 12:00:00,16721.0
2003-03-05 13:00:00,16646.0
2003-03-05 14:00:00,16426.0
2003-03-05 15:00:00,16381.0
2003-03-05 16:00:00,16745.0
2003-03-05 17:00:00,17506.0
2003-03-05 18:00:00,18091.0
2003-03-05 19:00:00,17648.0
2003-03-05 20:00:00,16898.0
2003-03-05 21:00:00,15766.0
2003-03-05 22:00:00,14152.0
2003-03-05 23:00:00,12823.0
2003-03-06 00:00:00,11971.0
2003-03-06 01:00:00,11603.0
2003-03-06 02:00:00,11454.0
2003-03-06 03:00:00,11467.0
2003-03-06 04:00:00,11813.0
2003-03-06 05:00:00,13032.0
2003-03-06 06:00:00,15164.0
2003-03-06 07:00:00,16545.0
2003-03-06 08:00:00,17029.0
2003-03-06 09:00:00,17274.0
2003-03-06 10:00:00,17543.0
2003-03-06 11:00:00,17708.0
2003-03-06 12:00:00,17733.0
2003-03-06 13:00:00,17737.0
2003-03-06 14:00:00,17503.0
2003-03-06 15:00:00,17371.0
2003-03-06 16:00:00,17658.0
2003-03-06 17:00:00,18590.0
2003-03-06 18:00:00,19481.0
2003-03-06 19:00:00,19128.0
2003-03-06 20:00:00,18275.0
2003-03-06 21:00:00,17119.0
2003-03-06 22:00:00,15609.0
2003-03-06 23:00:00,14286.0
2003-03-07 00:00:00,13519.0
2003-03-07 01:00:00,13181.0
2003-03-07 02:00:00,13069.0
2003-03-07 03:00:00,13138.0
2003-03-07 04:00:00,13533.0
2003-03-07 05:00:00,14743.0
2003-03-07 06:00:00,16677.0
2003-03-07 07:00:00,17765.0
2003-03-07 08:00:00,17900.0
2003-03-07 09:00:00,17747.0
2003-03-07 10:00:00,17573.0
2003-03-07 11:00:00,17343.0
2003-03-07 12:00:00,16966.0
2003-03-07 13:00:00,16768.0
2003-03-07 14:00:00,16421.0
2003-03-07 15:00:00,16296.0
2003-03-07 16:00:00,16520.0
2003-03-07 17:00:00,17288.0
2003-03-07 18:00:00,18162.0
2003-03-07 19:00:00,17789.0
2003-03-07 20:00:00,17137.0
2003-03-07 21:00:00,16260.0
2003-03-07 22:00:00,15039.0
2003-03-07 23:00:00,13740.0
2003-03-08 00:00:00,12788.0
2003-03-08 01:00:00,12251.0
2003-03-08 02:00:00,11974.0
2003-03-08 03:00:00,11825.0
2003-03-08 04:00:00,11881.0
2003-03-08 05:00:00,12309.0
2003-03-08 06:00:00,12934.0
2003-03-08 07:00:00,13876.0
2003-03-08 08:00:00,14745.0
2003-03-08 09:00:00,15159.0
2003-03-08 10:00:00,15126.0
2003-03-08 11:00:00,14872.0
2003-03-08 12:00:00,14432.0
2003-03-08 13:00:00,14008.0
2003-03-08 14:00:00,13679.0
2003-03-08 15:00:00,13571.0
2003-03-08 16:00:00,13849.0
2003-03-08 17:00:00,14796.0
2003-03-08 18:00:00,15975.0
2003-03-08 19:00:00,15696.0
2003-03-08 20:00:00,15188.0
2003-03-08 21:00:00,14508.0
2003-03-08 22:00:00,13554.0
2003-03-08 23:00:00,12526.0
2003-03-09 00:00:00,11696.0
2003-03-09 01:00:00,11164.0
2003-03-09 02:00:00,10892.0
2003-03-09 03:00:00,10742.0
2003-03-09 04:00:00,10718.0
2003-03-09 05:00:00,10946.0
2003-03-09 06:00:00,11261.0
2003-03-09 07:00:00,11990.0
2003-03-09 08:00:00,12900.0
2003-03-09 09:00:00,13661.0
2003-03-09 10:00:00,14012.0
2003-03-09 11:00:00,14120.0
2003-03-09 12:00:00,13999.0
2003-03-09 13:00:00,13738.0
2003-03-09 14:00:00,13511.0
2003-03-09 15:00:00,13540.0
2003-03-09 16:00:00,13987.0
2003-03-09 17:00:00,15119.0
2003-03-09 18:00:00,16619.0
2003-03-09 19:00:00,16649.0
2003-03-09 20:00:00,16196.0
2003-03-09 21:00:00,15273.0
2003-03-09 22:00:00,14061.0
2003-03-09 23:00:00,13055.0
2003-03-10 00:00:00,12446.0
2003-03-10 01:00:00,12203.0
2003-03-10 02:00:00,12147.0
2003-03-10 03:00:00,12240.0
2003-03-10 04:00:00,12670.0
2003-03-10 05:00:00,13982.0
2003-03-10 06:00:00,16079.0
2003-03-10 07:00:00,17355.0
2003-03-10 08:00:00,17630.0
2003-03-10 09:00:00,17687.0
2003-03-10 10:00:00,17736.0
2003-03-10 11:00:00,17676.0
2003-03-10 12:00:00,17477.0
2003-03-10 13:00:00,17352.0
2003-03-10 14:00:00,17104.0
2003-03-10 15:00:00,16999.0
2003-03-10 16:00:00,17310.0
2003-03-10 17:00:00,18235.0
2003-03-10 18:00:00,19393.0
2003-03-10 19:00:00,19199.0
2003-03-10 20:00:00,18492.0
2003-03-10 21:00:00,17287.0
2003-03-10 22:00:00,15688.0
2003-03-10 23:00:00,14347.0
2003-03-11 00:00:00,13552.0
2003-03-11 01:00:00,13185.0
2003-03-11 02:00:00,13068.0
2003-03-11 03:00:00,13085.0
2003-03-11 04:00:00,13444.0
2003-03-11 05:00:00,14637.0
2003-03-11 06:00:00,16641.0
2003-03-11 07:00:00,17740.0
2003-03-11 08:00:00,17814.0
2003-03-11 09:00:00,17687.0
2003-03-11 10:00:00,17548.0
2003-03-11 11:00:00,17336.0
2003-03-11 12:00:00,17055.0
2003-03-11 13:00:00,16861.0
2003-03-11 14:00:00,16557.0
2003-03-11 15:00:00,16465.0
2003-03-11 16:00:00,16820.0
2003-03-11 17:00:00,17717.0
2003-03-11 18:00:00,18679.0
2003-03-11 19:00:00,18345.0
2003-03-11 20:00:00,17613.0
2003-03-11 21:00:00,16420.0
2003-03-11 22:00:00,14803.0
2003-03-11 23:00:00,13411.0
2003-03-12 00:00:00,12539.0
2003-03-12 01:00:00,12121.0
2003-03-12 02:00:00,11917.0
2003-03-12 03:00:00,11887.0
2003-03-12 04:00:00,12168.0
2003-03-12 05:00:00,13328.0
2003-03-12 06:00:00,15317.0
2003-03-12 07:00:00,16534.0
2003-03-12 08:00:00,16720.0
2003-03-12 09:00:00,16612.0
2003-03-12 10:00:00,16511.0
2003-03-12 11:00:00,16333.0
2003-03-12 12:00:00,16064.0
2003-03-12 13:00:00,15897.0
2003-03-12 14:00:00,15708.0
2003-03-12 15:00:00,15670.0
2003-03-12 16:00:00,15914.0
2003-03-12 17:00:00,16556.0
2003-03-12 18:00:00,17606.0
2003-03-12 19:00:00,17387.0
2003-03-12 20:00:00,16747.0
2003-03-12 21:00:00,15624.0
2003-03-12 22:00:00,14028.0
2003-03-12 23:00:00,12675.0
2003-03-13 00:00:00,11808.0
2003-03-13 01:00:00,11421.0
2003-03-13 02:00:00,11233.0
2003-03-13 03:00:00,11230.0
2003-03-13 04:00:00,11544.0
2003-03-13 05:00:00,12737.0
2003-03-13 06:00:00,14828.0
2003-03-13 07:00:00,16215.0
2003-03-13 08:00:00,16631.0
2003-03-13 09:00:00,16777.0
2003-03-13 10:00:00,16919.0
2003-03-13 11:00:00,17001.0
2003-03-13 12:00:00,16954.0
2003-03-13 13:00:00,17013.0
2003-03-13 14:00:00,16945.0
2003-03-13 15:00:00,16990.0
2003-03-13 16:00:00,17334.0
2003-03-13 17:00:00,17924.0
2003-03-13 18:00:00,18692.0
2003-03-13 19:00:00,18376.0
2003-03-13 20:00:00,17616.0
2003-03-13 21:00:00,16436.0
2003-03-13 22:00:00,14938.0
2003-03-13 23:00:00,13694.0
2003-03-14 00:00:00,12876.0
2003-03-14 01:00:00,12567.0
2003-03-14 02:00:00,12452.0
2003-03-14 03:00:00,12501.0
2003-03-14 04:00:00,12853.0
2003-03-14 05:00:00,14027.0
2003-03-14 06:00:00,15944.0
2003-03-14 07:00:00,17182.0
2003-03-14 08:00:00,17425.0
2003-03-14 09:00:00,17448.0
2003-03-14 10:00:00,17420.0
2003-03-14 11:00:00,17263.0
2003-03-14 12:00:00,16898.0
2003-03-14 13:00:00,16656.0
2003-03-14 14:00:00,16287.0
2003-03-14 15:00:00,16034.0
2003-03-14 16:00:00,16129.0
2003-03-14 17:00:00,16664.0
2003-03-14 18:00:00,17755.0
2003-03-14 19:00:00,17546.0
2003-03-14 20:00:00,16923.0
2003-03-14 21:00:00,16054.0
2003-03-14 22:00:00,14822.0
2003-03-14 23:00:00,13586.0
2003-03-15 00:00:00,12645.0
2003-03-15 01:00:00,12136.0
2003-03-15 02:00:00,11856.0
2003-03-15 03:00:00,11718.0
2003-03-15 04:00:00,11778.0
2003-03-15 05:00:00,12179.0
2003-03-15 06:00:00,12807.0
2003-03-15 07:00:00,13861.0
2003-03-15 08:00:00,14928.0
2003-03-15 09:00:00,15435.0
2003-03-15 10:00:00,15480.0
2003-03-15 11:00:00,15270.0
2003-03-15 12:00:00,14846.0
2003-03-15 13:00:00,14408.0
2003-03-15 14:00:00,14087.0
2003-03-15 15:00:00,13913.0
2003-03-15 16:00:00,14013.0
2003-03-15 17:00:00,14603.0
2003-03-15 18:00:00,15804.0
2003-03-15 19:00:00,15699.0
2003-03-15 20:00:00,15246.0
2003-03-15 21:00:00,14573.0
2003-03-15 22:00:00,13645.0
2003-03-15 23:00:00,12655.0
2003-03-16 00:00:00,11849.0
2003-03-16 01:00:00,11382.0
2003-03-16 02:00:00,11143.0
2003-03-16 03:00:00,11043.0
2003-03-16 04:00:00,11094.0
2003-03-16 05:00:00,11348.0
2003-03-16 06:00:00,11688.0
2003-03-16 07:00:00,12402.0
2003-03-16 08:00:00,13191.0
2003-03-16 09:00:00,13672.0
2003-03-16 10:00:00,13786.0
2003-03-16 11:00:00,13743.0
2003-03-16 12:00:00,13521.0
2003-03-16 13:00:00,13162.0
2003-03-16 14:00:00,12871.0
2003-03-16 15:00:00,12820.0
2003-03-16 16:00:00,13122.0
2003-03-16 17:00:00,13933.0
2003-03-16 18:00:00,15309.0
2003-03-16 19:00:00,15380.0
2003-03-16 20:00:00,14862.0
2003-03-16 21:00:00,13860.0
2003-03-16 22:00:00,12619.0
2003-03-16 23:00:00,11542.0
2003-03-17 00:00:00,10836.0
2003-03-17 01:00:00,10530.0
2003-03-17 02:00:00,10407.0
2003-03-17 03:00:00,10424.0
2003-03-17 04:00:00,10772.0
2003-03-17 05:00:00,11967.0
2003-03-17 06:00:00,13950.0
2003-03-17 07:00:00,15242.0
2003-03-17 08:00:00,15578.0
2003-03-17 09:00:00,15661.0
2003-03-17 10:00:00,15735.0
2003-03-17 11:00:00,15686.0
2003-03-17 12:00:00,15509.0
2003-03-17 13:00:00,15468.0
2003-03-17 14:00:00,15259.0
2003-03-17 15:00:00,15114.0
2003-03-17 16:00:00,15167.0
2003-03-17 17:00:00,15619.0
2003-03-17 18:00:00,16704.0
2003-03-17 19:00:00,16530.0
2003-03-17 20:00:00,15701.0
2003-03-17 21:00:00,14544.0
2003-03-17 22:00:00,12981.0
2003-03-17 23:00:00,11680.0
2003-03-18 00:00:00,10858.0
2003-03-18 01:00:00,10479.0
2003-03-18 02:00:00,10293.0
2003-03-18 03:00:00,10284.0
2003-03-18 04:00:00,10597.0
2003-03-18 05:00:00,11783.0
2003-03-18 06:00:00,13851.0
2003-03-18 07:00:00,15284.0
2003-03-18 08:00:00,15677.0
2003-03-18 09:00:00,15741.0
2003-03-18 10:00:00,15739.0
2003-03-18 11:00:00,15660.0
2003-03-18 12:00:00,15450.0
2003-03-18 13:00:00,15363.0
2003-03-18 14:00:00,15158.0
2003-03-18 15:00:00,15043.0
2003-03-18 16:00:00,15222.0
2003-03-18 17:00:00,15822.0
2003-03-18 18:00:00,16931.0
2003-03-18 19:00:00,16828.0
2003-03-18 20:00:00,16128.0
2003-03-18 21:00:00,14995.0
2003-03-18 22:00:00,13468.0
2003-03-18 23:00:00,12137.0
2003-03-19 00:00:00,11342.0
2003-03-19 01:00:00,11009.0
2003-03-19 02:00:00,10867.0
2003-03-19 03:00:00,10916.0
2003-03-19 04:00:00,11272.0
2003-03-19 05:00:00,12496.0
2003-03-19 06:00:00,14505.0
2003-03-19 07:00:00,15807.0
2003-03-19 08:00:00,16121.0
2003-03-19 09:00:00,16141.0
2003-03-19 10:00:00,16145.0
2003-03-19 11:00:00,16042.0
2003-03-19 12:00:00,15801.0
2003-03-19 13:00:00,15658.0
2003-03-19 14:00:00,15427.0
2003-03-19 15:00:00,15281.0
2003-03-19 16:00:00,15507.0
2003-03-19 17:00:00,16152.0
2003-03-19 18:00:00,17438.0
2003-03-19 19:00:00,17445.0
2003-03-19 20:00:00,16771.0
2003-03-19 21:00:00,15699.0
2003-03-19 22:00:00,14164.0
2003-03-19 23:00:00,12817.0
2003-03-20 00:00:00,12000.0
2003-03-20 01:00:00,11613.0
2003-03-20 02:00:00,11459.0
2003-03-20 03:00:00,11458.0
2003-03-20 04:00:00,11796.0
2003-03-20 05:00:00,12926.0
2003-03-20 06:00:00,14890.0
2003-03-20 07:00:00,16133.0
2003-03-20 08:00:00,16397.0
2003-03-20 09:00:00,16394.0
2003-03-20 10:00:00,16471.0
2003-03-20 11:00:00,16406.0
2003-03-20 12:00:00,16214.0
2003-03-20 13:00:00,16107.0
2003-03-20 14:00:00,15950.0
2003-03-20 15:00:00,15977.0
2003-03-20 16:00:00,16390.0
2003-03-20 17:00:00,17077.0
2003-03-20 18:00:00,17698.0
2003-03-20 19:00:00,17352.0
2003-03-20 20:00:00,16634.0
2003-03-20 21:00:00,15395.0
2003-03-20 22:00:00,13809.0
2003-03-20 23:00:00,12462.0
2003-03-21 00:00:00,11582.0
2003-03-21 01:00:00,11105.0
2003-03-21 02:00:00,10863.0
2003-03-21 03:00:00,10727.0
2003-03-21 04:00:00,10948.0
2003-03-21 05:00:00,12000.0
2003-03-21 06:00:00,13924.0
2003-03-21 07:00:00,15352.0
2003-03-21 08:00:00,15821.0
2003-03-21 09:00:00,15941.0
2003-03-21 10:00:00,15995.0
2003-03-21 11:00:00,15874.0
2003-03-21 12:00:00,15622.0
2003-03-21 13:00:00,15443.0
2003-03-21 14:00:00,15203.0
2003-03-21 15:00:00,14971.0
2003-03-21 16:00:00,14929.0
2003-03-21 17:00:00,15163.0
2003-03-21 18:00:00,15972.0
2003-03-21 19:00:00,15701.0
2003-03-21 20:00:00,15043.0
2003-03-21 21:00:00,14150.0
2003-03-21 22:00:00,12912.0
2003-03-21 23:00:00,11714.0
2003-03-22 00:00:00,10807.0
2003-03-22 01:00:00,10259.0
2003-03-22 02:00:00,9989.0
2003-03-22 03:00:00,9860.0
2003-03-22 04:00:00,9926.0
2003-03-22 05:00:00,10302.0
2003-03-22 06:00:00,10955.0
2003-03-22 07:00:00,12096.0
2003-03-22 08:00:00,13326.0
2003-03-22 09:00:00,14037.0
2003-03-22 10:00:00,14366.0
2003-03-22 11:00:00,14265.0
2003-03-22 12:00:00,13949.0
2003-03-22 13:00:00,13584.0
2003-03-22 14:00:00,13232.0
2003-03-22 15:00:00,13051.0
2003-03-22 16:00:00,13214.0
2003-03-22 17:00:00,13773.0
2003-03-22 18:00:00,14735.0
2003-03-22 19:00:00,14582.0
2003-03-22 20:00:00,14030.0
2003-03-22 21:00:00,13276.0
2003-03-22 22:00:00,12288.0
2003-03-22 23:00:00,11311.0
2003-03-23 00:00:00,10486.0
2003-03-23 01:00:00,10017.0
2003-03-23 02:00:00,9779.0
2003-03-23 03:00:00,9687.0
2003-03-23 04:00:00,9751.0
2003-03-23 05:00:00,9943.0
2003-03-23 06:00:00,10336.0
2003-03-23 07:00:00,11153.0
2003-03-23 08:00:00,12172.0
2003-03-23 09:00:00,12908.0
2003-03-23 10:00:00,13229.0
2003-03-23 11:00:00,13371.0
2003-03-23 12:00:00,13293.0
2003-03-23 13:00:00,13040.0
2003-03-23 14:00:00,12774.0
2003-03-23 15:00:00,12696.0
2003-03-23 16:00:00,13054.0
2003-03-23 17:00:00,13910.0
2003-03-23 18:00:00,15119.0
2003-03-23 19:00:00,15187.0
2003-03-23 20:00:00,14606.0
2003-03-23 21:00:00,13562.0
2003-03-23 22:00:00,12360.0
2003-03-23 23:00:00,11333.0
2003-03-24 00:00:00,10652.0
2003-03-24 01:00:00,10285.0
2003-03-24 02:00:00,10184.0
2003-03-24 03:00:00,10235.0
2003-03-24 04:00:00,10615.0
2003-03-24 05:00:00,11754.0
2003-03-24 06:00:00,13750.0
2003-03-24 07:00:00,15100.0
2003-03-24 08:00:00,15474.0
2003-03-24 09:00:00,15522.0
2003-03-24 10:00:00,15586.0
2003-03-24 11:00:00,15510.0
2003-03-24 12:00:00,15298.0
2003-03-24 13:00:00,15171.0
2003-03-24 14:00:00,14954.0
2003-03-24 15:00:00,14810.0
2003-03-24 16:00:00,14929.0
2003-03-24 17:00:00,15432.0
2003-03-24 18:00:00,16587.0
2003-03-24 19:00:00,16646.0
2003-03-24 20:00:00,15946.0
2003-03-24 21:00:00,14766.0
2003-03-24 22:00:00,13184.0
2003-03-24 23:00:00,11857.0
2003-03-25 00:00:00,11025.0
2003-03-25 01:00:00,10647.0
2003-03-25 02:00:00,10485.0
2003-03-25 03:00:00,10496.0
2003-03-25 04:00:00,10830.0
2003-03-25 05:00:00,11968.0
2003-03-25 06:00:00,14019.0
2003-03-25 07:00:00,15422.0
2003-03-25 08:00:00,15760.0
2003-03-25 09:00:00,15758.0
2003-03-25 10:00:00,15764.0
2003-03-25 11:00:00,15654.0
2003-03-25 12:00:00,15448.0
2003-03-25 13:00:00,15294.0
2003-03-25 14:00:00,15083.0
2003-03-25 15:00:00,14954.0
2003-03-25 16:00:00,15086.0
2003-03-25 17:00:00,15591.0
2003-03-25 18:00:00,16721.0
2003-03-25 19:00:00,16747.0
2003-03-25 20:00:00,16046.0
2003-03-25 21:00:00,14851.0
2003-03-25 22:00:00,13286.0
2003-03-25 23:00:00,11894.0
2003-03-26 00:00:00,11031.0
2003-03-26 01:00:00,10617.0
2003-03-26 02:00:00,10414.0
2003-03-26 03:00:00,10389.0
2003-03-26 04:00:00,10686.0
2003-03-26 05:00:00,11765.0
2003-03-26 06:00:00,13751.0
2003-03-26 07:00:00,15065.0
2003-03-26 08:00:00,15404.0
2003-03-26 09:00:00,15483.0
2003-03-26 10:00:00,15514.0
2003-03-26 11:00:00,15471.0
2003-03-26 12:00:00,15346.0
2003-03-26 13:00:00,15296.0
2003-03-26 14:00:00,15130.0
2003-03-26 15:00:00,14989.0
2003-03-26 16:00:00,15236.0
2003-03-26 17:00:00,15849.0
2003-03-26 18:00:00,16613.0
2003-03-26 19:00:00,16415.0
2003-03-26 20:00:00,15708.0
2003-03-26 21:00:00,14505.0
2003-03-26 22:00:00,12913.0
2003-03-26 23:00:00,11546.0
2003-03-27 00:00:00,10724.0
2003-03-27 01:00:00,10295.0
2003-03-27 02:00:00,10100.0
2003-03-27 03:00:00,10091.0
2003-03-27 04:00:00,10426.0
2003-03-27 05:00:00,11531.0
2003-03-27 06:00:00,13530.0
2003-03-27 07:00:00,14843.0
2003-03-27 08:00:00,15196.0
2003-03-27 09:00:00,15307.0
2003-03-27 10:00:00,15363.0
2003-03-27 11:00:00,15310.0
2003-03-27 12:00:00,15124.0
2003-03-27 13:00:00,15032.0
2003-03-27 14:00:00,14814.0
2003-03-27 15:00:00,14623.0
2003-03-27 16:00:00,14683.0
2003-03-27 17:00:00,14986.0
2003-03-27 18:00:00,16085.0
2003-03-27 19:00:00,16246.0
2003-03-27 20:00:00,15681.0
2003-03-27 21:00:00,14562.0
2003-03-27 22:00:00,13017.0
2003-03-27 23:00:00,11704.0
2003-03-28 00:00:00,10851.0
2003-03-28 01:00:00,10475.0
2003-03-28 02:00:00,10296.0
2003-03-28 03:00:00,10295.0
2003-03-28 04:00:00,10626.0
2003-03-28 05:00:00,11661.0
2003-03-28 06:00:00,13655.0
2003-03-28 07:00:00,14930.0
2003-03-28 08:00:00,15223.0
2003-03-28 09:00:00,15262.0
2003-03-28 10:00:00,15310.0
2003-03-28 11:00:00,15212.0
2003-03-28 12:00:00,15018.0
2003-03-28 13:00:00,14893.0
2003-03-28 14:00:00,14652.0
2003-03-28 15:00:00,14376.0
2003-03-28 16:00:00,14322.0
2003-03-28 17:00:00,14541.0
2003-03-28 18:00:00,15475.0
2003-03-28 19:00:00,15451.0
2003-03-28 20:00:00,14830.0
2003-03-28 21:00:00,13920.0
2003-03-28 22:00:00,12789.0
2003-03-28 23:00:00,11458.0
2003-03-29 00:00:00,10563.0
2003-03-29 01:00:00,10041.0
2003-03-29 02:00:00,9778.0
2003-03-29 03:00:00,9645.0
2003-03-29 04:00:00,9675.0
2003-03-29 05:00:00,9990.0
2003-03-29 06:00:00,10664.0
2003-03-29 07:00:00,11876.0
2003-03-29 08:00:00,13065.0
2003-03-29 09:00:00,13761.0
2003-03-29 10:00:00,14009.0
2003-03-29 11:00:00,13983.0
2003-03-29 12:00:00,13769.0
2003-03-29 13:00:00,13461.0
2003-03-29 14:00:00,13184.0
2003-03-29 15:00:00,13039.0
2003-03-29 16:00:00,13257.0
2003-03-29 17:00:00,13836.0
2003-03-29 18:00:00,14656.0
2003-03-29 19:00:00,14431.0
2003-03-29 20:00:00,13849.0
2003-03-29 21:00:00,13049.0
2003-03-29 22:00:00,11996.0
2003-03-29 23:00:00,10991.0
2003-03-30 00:00:00,10120.0
2003-03-30 01:00:00,9646.0
2003-03-30 02:00:00,9374.0
2003-03-30 03:00:00,9232.0
2003-03-30 04:00:00,9252.0
2003-03-30 05:00:00,9470.0
2003-03-30 06:00:00,9877.0
2003-03-30 07:00:00,10863.0
2003-03-30 08:00:00,12117.0
2003-03-30 09:00:00,13149.0
2003-03-30 10:00:00,13728.0
2003-03-30 11:00:00,14131.0
2003-03-30 12:00:00,14293.0
2003-03-30 13:00:00,14238.0
2003-03-30 14:00:00,14116.0
2003-03-30 15:00:00,14151.0
2003-03-30 16:00:00,14519.0
2003-03-30 17:00:00,15241.0
2003-03-30 18:00:00,15955.0
2003-03-30 19:00:00,15829.0
2003-03-30 20:00:00,15201.0
2003-03-30 21:00:00,14097.0
2003-03-30 22:00:00,12813.0
2003-03-30 23:00:00,11691.0
2003-03-31 00:00:00,10982.0
2003-03-31 01:00:00,10654.0
2003-03-31 02:00:00,10526.0
2003-03-31 03:00:00,10561.0
2003-03-31 04:00:00,10935.0
2003-03-31 05:00:00,12138.0
2003-03-31 06:00:00,14379.0
2003-03-31 07:00:00,16030.0
2003-03-31 08:00:00,16525.0
2003-03-31 09:00:00,16677.0
2003-03-31 10:00:00,16744.0
2003-03-31 11:00:00,16670.0
2003-03-31 12:00:00,16431.0
2003-03-31 13:00:00,16232.0
2003-03-31 14:00:00,15949.0
2003-03-31 15:00:00,15822.0
2003-03-31 16:00:00,16026.0
2003-03-31 17:00:00,16582.0
2003-03-31 18:00:00,17639.0
2003-03-31 19:00:00,17801.0
2003-03-31 20:00:00,17090.0
2003-03-31 21:00:00,15893.0
2003-03-31 22:00:00,14270.0
2003-03-31 23:00:00,12884.0
2003-04-01 00:00:00,12042.0
2003-04-01 01:00:00,11667.0
2003-04-01 02:00:00,11490.0
2003-04-01 03:00:00,11478.0
2003-04-01 04:00:00,11837.0
2003-04-01 05:00:00,12851.0
2003-04-01 06:00:00,14793.0
2003-04-01 07:00:00,16003.0
2003-04-01 08:00:00,16267.0
2003-04-01 09:00:00,16236.0
2003-04-01 10:00:00,16246.0
2003-04-01 11:00:00,16106.0
2003-04-01 12:00:00,15920.0
2003-04-01 13:00:00,15869.0
2003-04-01 14:00:00,15795.0
2003-04-01 15:00:00,15971.0
2003-04-01 16:00:00,16487.0
2003-04-01 17:00:00,17241.0
2003-04-01 18:00:00,17863.0
2003-04-01 19:00:00,17633.0
2003-04-01 20:00:00,16834.0
2003-04-01 21:00:00,15579.0
2003-04-01 22:00:00,13879.0
2003-04-01 23:00:00,12513.0
2003-04-02 00:00:00,11599.0
2003-04-02 01:00:00,11163.0
2003-04-02 02:00:00,10986.0
2003-04-02 03:00:00,10970.0
2003-04-02 04:00:00,11292.0
2003-04-02 05:00:00,12331.0
2003-04-02 06:00:00,14345.0
2003-04-02 07:00:00,15622.0
2003-04-02 08:00:00,15868.0
2003-04-02 09:00:00,15814.0
2003-04-02 10:00:00,15803.0
2003-04-02 11:00:00,15754.0
2003-04-02 12:00:00,15565.0
2003-04-02 13:00:00,15530.0
2003-04-02 14:00:00,15423.0
2003-04-02 15:00:00,15449.0
2003-04-02 16:00:00,15846.0
2003-04-02 17:00:00,16384.0
2003-04-02 18:00:00,17033.0
2003-04-02 19:00:00,16966.0
2003-04-02 20:00:00,16317.0
2003-04-02 21:00:00,15127.0
2003-04-02 22:00:00,13498.0
2003-04-02 23:00:00,12087.0
2003-04-03 00:00:00,11225.0
2003-04-03 01:00:00,10795.0
2003-04-03 02:00:00,10587.0
2003-04-03 03:00:00,10552.0
2003-04-03 04:00:00,10863.0
2003-04-03 05:00:00,11929.0
2003-04-03 06:00:00,14050.0
2003-04-03 07:00:00,15563.0
2003-04-03 08:00:00,15981.0
2003-04-03 09:00:00,16094.0
2003-04-03 10:00:00,16244.0
2003-04-03 11:00:00,16232.0
2003-04-03 12:00:00,16094.0
2003-04-03 13:00:00,16078.0
2003-04-03 14:00:00,15989.0
2003-04-03 15:00:00,16001.0
2003-04-03 16:00:00,16336.0
2003-04-03 17:00:00,16890.0
2003-04-03 18:00:00,17416.0
2003-04-03 19:00:00,17294.0
2003-04-03 20:00:00,16515.0
2003-04-03 21:00:00,15321.0
2003-04-03 22:00:00,13715.0
2003-04-03 23:00:00,12378.0
2003-04-04 00:00:00,11480.0
2003-04-04 01:00:00,11035.0
2003-04-04 02:00:00,10846.0
2003-04-04 03:00:00,10828.0
2003-04-04 04:00:00,11153.0
2003-04-04 05:00:00,12245.0
2003-04-04 06:00:00,14325.0
2003-04-04 07:00:00,15961.0
2003-04-04 08:00:00,16612.0
2003-04-04 09:00:00,16856.0
2003-04-04 10:00:00,17015.0
2003-04-04 11:00:00,16988.0
2003-04-04 12:00:00,16825.0
2003-04-04 13:00:00,16746.0
2003-04-04 14:00:00,16595.0
2003-04-04 15:00:00,16564.0
2003-04-04 16:00:00,16778.0
2003-04-04 17:00:00,17073.0
2003-04-04 18:00:00,17456.0
2003-04-04 19:00:00,17184.0
2003-04-04 20:00:00,16479.0
2003-04-04 21:00:00,15527.0
2003-04-04 22:00:00,14239.0
2003-04-04 23:00:00,13006.0
2003-04-05 00:00:00,12068.0
2003-04-05 01:00:00,11561.0
2003-04-05 02:00:00,11322.0
2003-04-05 03:00:00,11189.0
2003-04-05 04:00:00,11256.0
2003-04-05 05:00:00,11576.0
2003-04-05 06:00:00,12269.0
2003-04-05 07:00:00,13412.0
2003-04-05 08:00:00,14699.0
2003-04-05 09:00:00,15569.0
2003-04-05 10:00:00,15949.0
2003-04-05 11:00:00,16052.0
2003-04-05 12:00:00,15838.0
2003-04-05 13:00:00,15479.0
2003-04-05 14:00:00,15171.0
2003-04-05 15:00:00,15039.0
2003-04-05 16:00:00,15190.0
2003-04-05 17:00:00,15529.0
2003-04-05 18:00:00,16111.0
2003-04-05 19:00:00,15951.0
2003-04-05 20:00:00,15339.0
2003-04-05 21:00:00,14529.0
2003-04-05 22:00:00,13459.0
2003-04-05 23:00:00,12390.0
2003-04-06 00:00:00,11513.0
2003-04-06 01:00:00,11270.5
2003-04-06 02:00:00,11028.0
2003-04-06 03:00:00,10803.0
2003-04-06 04:00:00,10796.0
2003-04-06 05:00:00,11001.0
2003-04-06 06:00:00,11279.0
2003-04-06 07:00:00,11776.0
2003-04-06 08:00:00,12607.0
2003-04-06 09:00:00,13432.0
2003-04-06 10:00:00,13950.0
2003-04-06 11:00:00,14202.0
2003-04-06 12:00:00,14172.0
2003-04-06 13:00:00,13891.0
2003-04-06 14:00:00,13544.0
2003-04-06 15:00:00,13324.0
2003-04-06 16:00:00,13332.0
2003-04-06 17:00:00,13612.0
2003-04-06 18:00:00,14023.0
2003-04-06 19:00:00,15171.0
2003-04-06 20:00:00,15651.0
2003-04-06 21:00:00,14948.0
2003-04-06 22:00:00,13712.0
2003-04-06 23:00:00,12501.0
2003-04-07 00:00:00,11635.0
2003-04-07 01:00:00,11219.0
2003-04-07 02:00:00,11069.0
2003-04-07 03:00:00,11104.0
2003-04-07 04:00:00,11401.0
2003-04-07 05:00:00,12519.0
2003-04-07 06:00:00,14654.0
2003-04-07 07:00:00,16223.0
2003-04-07 08:00:00,16734.0
2003-04-07 09:00:00,16895.0
2003-04-07 10:00:00,17009.0
2003-04-07 11:00:00,16959.0
2003-04-07 12:00:00,16841.0
2003-04-07 13:00:00,16784.0
2003-04-07 14:00:00,16598.0
2003-04-07 15:00:00,16507.0
2003-04-07 16:00:00,16622.0
2003-04-07 17:00:00,16919.0
2003-04-07 18:00:00,17119.0
2003-04-07 19:00:00,17609.0
2003-04-07 20:00:00,17416.0
2003-04-07 21:00:00,16302.0
2003-04-07 22:00:00,14715.0
2003-04-07 23:00:00,13288.0
2003-04-08 00:00:00,12324.0
2003-04-08 01:00:00,11840.0
2003-04-08 02:00:00,11634.0
2003-04-08 03:00:00,11599.0
2003-04-08 04:00:00,11845.0
2003-04-08 05:00:00,12842.0
2003-04-08 06:00:00,14795.0
2003-04-08 07:00:00,16274.0
2003-04-08 08:00:00,16809.0
2003-04-08 09:00:00,16982.0
2003-04-08 10:00:00,17070.0
2003-04-08 11:00:00,17057.0
2003-04-08 12:00:00,16944.0
2003-04-08 13:00:00,16885.0
2003-04-08 14:00:00,16743.0
2003-04-08 15:00:00,16730.0
2003-04-08 16:00:00,16875.0
2003-04-08 17:00:00,17138.0
2003-04-08 18:00:00,17205.0
2003-04-08 19:00:00,17826.0
2003-04-08 20:00:00,17723.0
2003-04-08 21:00:00,16516.0
2003-04-08 22:00:00,14793.0
2003-04-08 23:00:00,13164.0
2003-04-09 00:00:00,12015.0
2003-04-09 01:00:00,11524.0
2003-04-09 02:00:00,11298.0
2003-04-09 03:00:00,11254.0
2003-04-09 04:00:00,11512.0
2003-04-09 05:00:00,12600.0
2003-04-09 06:00:00,14738.0
2003-04-09 07:00:00,16308.0
2003-04-09 08:00:00,16752.0
2003-04-09 09:00:00,16869.0
2003-04-09 10:00:00,16964.0
2003-04-09 11:00:00,16997.0
2003-04-09 12:00:00,16818.0
2003-04-09 13:00:00,16751.0
2003-04-09 14:00:00,16569.0
2003-04-09 15:00:00,16464.0
2003-04-09 16:00:00,16596.0
2003-04-09 17:00:00,16825.0
2003-04-09 18:00:00,16925.0
2003-04-09 19:00:00,17202.0
2003-04-09 20:00:00,17075.0
2003-04-09 21:00:00,16022.0
2003-04-09 22:00:00,14393.0
2003-04-09 23:00:00,12914.0
2003-04-10 00:00:00,11973.0
2003-04-10 01:00:00,11554.0
2003-04-10 02:00:00,11322.0
2003-04-10 03:00:00,11282.0
2003-04-10 04:00:00,11568.0
2003-04-10 05:00:00,12699.0
2003-04-10 06:00:00,14729.0
2003-04-10 07:00:00,16099.0
2003-04-10 08:00:00,16273.0
2003-04-10 09:00:00,16153.0
2003-04-10 10:00:00,16086.0
2003-04-10 11:00:00,15893.0
2003-04-10 12:00:00,15627.0
2003-04-10 13:00:00,15445.0
2003-04-10 14:00:00,15161.0
2003-04-10 15:00:00,14908.0
2003-04-10 16:00:00,14839.0
2003-04-10 17:00:00,14873.0
2003-04-10 18:00:00,14966.0
2003-04-10 19:00:00,15804.0
2003-04-10 20:00:00,16157.0
2003-04-10 21:00:00,15266.0
2003-04-10 22:00:00,13776.0
2003-04-10 23:00:00,12344.0
2003-04-11 00:00:00,11422.0
2003-04-11 01:00:00,10992.0
2003-04-11 02:00:00,10794.0
2003-04-11 03:00:00,10760.0
2003-04-11 04:00:00,11043.0
2003-04-11 05:00:00,12142.0
2003-04-11 06:00:00,14201.0
2003-04-11 07:00:00,15725.0
2003-04-11 08:00:00,16214.0
2003-04-11 09:00:00,16375.0
2003-04-11 10:00:00,16461.0
2003-04-11 11:00:00,16431.0
2003-04-11 12:00:00,16271.0
2003-04-11 13:00:00,16258.0
2003-04-11 14:00:00,16139.0
2003-04-11 15:00:00,16071.0
2003-04-11 16:00:00,16201.0
2003-04-11 17:00:00,16281.0
2003-04-11 18:00:00,16221.0
2003-04-11 19:00:00,16316.0
2003-04-11 20:00:00,15997.0
2003-04-11 21:00:00,15146.0
2003-04-11 22:00:00,13860.0
2003-04-11 23:00:00,12531.0
2003-04-12 00:00:00,11520.0
2003-04-12 01:00:00,10951.0
2003-04-12 02:00:00,10615.0
2003-04-12 03:00:00,10452.0
2003-04-12 04:00:00,10485.0
2003-04-12 05:00:00,10825.0
2003-04-12 06:00:00,11527.0
2003-04-12 07:00:00,12572.0
2003-04-12 08:00:00,13841.0
2003-04-12 09:00:00,14695.0
2003-04-12 10:00:00,14991.0
2003-04-12 11:00:00,14886.0
2003-04-12 12:00:00,14499.0
2003-04-12 13:00:00,13988.0
2003-04-12 14:00:00,13568.0
2003-04-12 15:00:00,13201.0
2003-04-12 16:00:00,13010.0
2003-04-12 17:00:00,12949.0
2003-04-12 18:00:00,13023.0
2003-04-12 19:00:00,13644.0
2003-04-12 20:00:00,14081.0
2003-04-12 21:00:00,13513.0
2003-04-12 22:00:00,12583.0
2003-04-12 23:00:00,11543.0
2003-04-13 00:00:00,10621.0
2003-04-13 01:00:00,10067.0
2003-04-13 02:00:00,9800.0
2003-04-13 03:00:00,9674.0
2003-04-13 04:00:00,9700.0
2003-04-13 05:00:00,9949.0
2003-04-13 06:00:00,10260.0
2003-04-13 07:00:00,11059.0
2003-04-13 08:00:00,12041.0
2003-04-13 09:00:00,12753.0
2003-04-13 10:00:00,13036.0
2003-04-13 11:00:00,13132.0
2003-04-13 12:00:00,13056.0
2003-04-13 13:00:00,12783.0
2003-04-13 14:00:00,12484.0
2003-04-13 15:00:00,12333.0
2003-04-13 16:00:00,12416.0
2003-04-13 17:00:00,12704.0
2003-04-13 18:00:00,12988.0
2003-04-13 19:00:00,13909.0
2003-04-13 20:00:00,14492.0
2003-04-13 21:00:00,13686.0
2003-04-13 22:00:00,12444.0
2003-04-13 23:00:00,11291.0
2003-04-14 00:00:00,10540.0
2003-04-14 01:00:00,10209.0
2003-04-14 02:00:00,10100.0
2003-04-14 03:00:00,10160.0
2003-04-14 04:00:00,10525.0
2003-04-14 05:00:00,11730.0
2003-04-14 06:00:00,13747.0
2003-04-14 07:00:00,15156.0
2003-04-14 08:00:00,15550.0
2003-04-14 09:00:00,15639.0
2003-04-14 10:00:00,15681.0
2003-04-14 11:00:00,15587.0
2003-04-14 12:00:00,15377.0
2003-04-14 13:00:00,15262.0
2003-04-14 14:00:00,15015.0
2003-04-14 15:00:00,14778.0
2003-04-14 16:00:00,14711.0
2003-04-14 17:00:00,14751.0
2003-04-14 18:00:00,14790.0
2003-04-14 19:00:00,15468.0
2003-04-14 20:00:00,15899.0
2003-04-14 21:00:00,14881.0
2003-04-14 22:00:00,13306.0
2003-04-14 23:00:00,11852.0
2003-04-15 00:00:00,10887.0
2003-04-15 01:00:00,10424.0
2003-04-15 02:00:00,10164.0
2003-04-15 03:00:00,10078.0
2003-04-15 04:00:00,10325.0
2003-04-15 05:00:00,11390.0
2003-04-15 06:00:00,13257.0
2003-04-15 07:00:00,14688.0
2003-04-15 08:00:00,15125.0
2003-04-15 09:00:00,15283.0
2003-04-15 10:00:00,15455.0
2003-04-15 11:00:00,15518.0
2003-04-15 12:00:00,15426.0
2003-04-15 13:00:00,15436.0
2003-04-15 14:00:00,15335.0
2003-04-15 15:00:00,15175.0
2003-04-15 16:00:00,15090.0
2003-04-15 17:00:00,14938.0
2003-04-15 18:00:00,14816.0
2003-04-15 19:00:00,15335.0
2003-04-15 20:00:00,15702.0
2003-04-15 21:00:00,14690.0
2003-04-15 22:00:00,13022.0
2003-04-15 23:00:00,11560.0
2003-04-16 00:00:00,10583.0
2003-04-16 01:00:00,10078.0
2003-04-16 02:00:00,9812.0
2003-04-16 03:00:00,9731.0
2003-04-16 04:00:00,9933.0
2003-04-16 05:00:00,10947.0
2003-04-16 06:00:00,12778.0
2003-04-16 07:00:00,14363.0
2003-04-16 08:00:00,15036.0
2003-04-16 09:00:00,15508.0
2003-04-16 10:00:00,15736.0
2003-04-16 11:00:00,16037.0
2003-04-16 12:00:00,16030.0
2003-04-16 13:00:00,16087.0
2003-04-16 14:00:00,15964.0
2003-04-16 15:00:00,15644.0
2003-04-16 16:00:00,15395.0
2003-04-16 17:00:00,15171.0
2003-04-16 18:00:00,14904.0
2003-04-16 19:00:00,15282.0
2003-04-16 20:00:00,15486.0
2003-04-16 21:00:00,14471.0
2003-04-16 22:00:00,12936.0
2003-04-16 23:00:00,11541.0
2003-04-17 00:00:00,10604.0
2003-04-17 01:00:00,10143.0
2003-04-17 02:00:00,9959.0
2003-04-17 03:00:00,9944.0
2003-04-17 04:00:00,10243.0
2003-04-17 05:00:00,11369.0
2003-04-17 06:00:00,13355.0
2003-04-17 07:00:00,14933.0
2003-04-17 08:00:00,15532.0
2003-04-17 09:00:00,15770.0
2003-04-17 10:00:00,15859.0
2003-04-17 11:00:00,15760.0
2003-04-17 12:00:00,15553.0
2003-04-17 13:00:00,15371.0
2003-04-17 14:00:00,15101.0
2003-04-17 15:00:00,14810.0
2003-04-17 16:00:00,14750.0
2003-04-17 17:00:00,14808.0
2003-04-17 18:00:00,14932.0
2003-04-17 19:00:00,15566.0
2003-04-17 20:00:00,15968.0
2003-04-17 21:00:00,15161.0
2003-04-17 22:00:00,13722.0
2003-04-17 23:00:00,12318.0
2003-04-18 00:00:00,11397.0
2003-04-18 01:00:00,10951.0
2003-04-18 02:00:00,10714.0
2003-04-18 03:00:00,10673.0
2003-04-18 04:00:00,10879.0
2003-04-18 05:00:00,11709.0
2003-04-18 06:00:00,13084.0
2003-04-18 07:00:00,14441.0
2003-04-18 08:00:00,15252.0
2003-04-18 09:00:00,15582.0
2003-04-18 10:00:00,15619.0
2003-04-18 11:00:00,15431.0
2003-04-18 12:00:00,15100.0
2003-04-18 13:00:00,14793.0
2003-04-18 14:00:00,14437.0
2003-04-18 15:00:00,14076.0
2003-04-18 16:00:00,13988.0
2003-04-18 17:00:00,13932.0
2003-04-18 18:00:00,13911.0
2003-04-18 19:00:00,14358.0
2003-04-18 20:00:00,14763.0
2003-04-18 21:00:00,14098.0
2003-04-18 22:00:00,12949.0
2003-04-18 23:00:00,11743.0
2003-04-19 00:00:00,10808.0
2003-04-19 01:00:00,10319.0
2003-04-19 02:00:00,10054.0
2003-04-19 03:00:00,9952.0
2003-04-19 04:00:00,10020.0
2003-04-19 05:00:00,10372.0
2003-04-19 06:00:00,10920.0
2003-04-19 07:00:00,11951.0
2003-04-19 08:00:00,13042.0
2003-04-19 09:00:00,13646.0
2003-04-19 10:00:00,13724.0
2003-04-19 11:00:00,13574.0
2003-04-19 12:00:00,13258.0
2003-04-19 13:00:00,12887.0
2003-04-19 14:00:00,12577.0
2003-04-19 15:00:00,12386.0
2003-04-19 16:00:00,12396.0
2003-04-19 17:00:00,12553.0
2003-04-19 18:00:00,12663.0
2003-04-19 19:00:00,13229.0
2003-04-19 20:00:00,13856.0
2003-04-19 21:00:00,13388.0
2003-04-19 22:00:00,12402.0
2003-04-19 23:00:00,11303.0
2003-04-20 00:00:00,10338.0
2003-04-20 01:00:00,9802.0
2003-04-20 02:00:00,9535.0
2003-04-20 03:00:00,9408.0
2003-04-20 04:00:00,9428.0
2003-04-20 05:00:00,9649.0
2003-04-20 06:00:00,9975.0
2003-04-20 07:00:00,10801.0
2003-04-20 08:00:00,11699.0
2003-04-20 09:00:00,12308.0
2003-04-20 10:00:00,12428.0
2003-04-20 11:00:00,12404.0
2003-04-20 12:00:00,12200.0
2003-04-20 13:00:00,11710.0
2003-04-20 14:00:00,11239.0
2003-04-20 15:00:00,10994.0
2003-04-20 16:00:00,10931.0
2003-04-20 17:00:00,11043.0
2003-04-20 18:00:00,11299.0
2003-04-20 19:00:00,12229.0
2003-04-20 20:00:00,13042.0
2003-04-20 21:00:00,12499.0
2003-04-20 22:00:00,11431.0
2003-04-20 23:00:00,10427.0
2003-04-21 00:00:00,9728.0
2003-04-21 01:00:00,9420.0
2003-04-21 02:00:00,9297.0
2003-04-21 03:00:00,9318.0
2003-04-21 04:00:00,9607.0
2003-04-21 05:00:00,10544.0
2003-04-21 06:00:00,12078.0
2003-04-21 07:00:00,13512.0
2003-04-21 08:00:00,14264.0
2003-04-21 09:00:00,14696.0
2003-04-21 10:00:00,14928.0
2003-04-21 11:00:00,14927.0
2003-04-21 12:00:00,14754.0
2003-04-21 13:00:00,14662.0
2003-04-21 14:00:00,14416.0
2003-04-21 15:00:00,14192.0
2003-04-21 16:00:00,14118.0
2003-04-21 17:00:00,14157.0
2003-04-21 18:00:00,14245.0
2003-04-21 19:00:00,14782.0
2003-04-21 20:00:00,15009.0
2003-04-21 21:00:00,14009.0
2003-04-21 22:00:00,12527.0
2003-04-21 23:00:00,11179.0
2003-04-22 00:00:00,10310.0
2003-04-22 01:00:00,9858.0
2003-04-22 02:00:00,9623.0
2003-04-22 03:00:00,9596.0
2003-04-22 04:00:00,9821.0
2003-04-22 05:00:00,10805.0
2003-04-22 06:00:00,12589.0
2003-04-22 07:00:00,14292.0
2003-04-22 08:00:00,15178.0
2003-04-22 09:00:00,15622.0
2003-04-22 10:00:00,15895.0
2003-04-22 11:00:00,15968.0
2003-04-22 12:00:00,15896.0
2003-04-22 13:00:00,15863.0
2003-04-22 14:00:00,15636.0
2003-04-22 15:00:00,15468.0
2003-04-22 16:00:00,15582.0
2003-04-22 17:00:00,15733.0
2003-04-22 18:00:00,15734.0
2003-04-22 19:00:00,15837.0
2003-04-22 20:00:00,15637.0
2003-04-22 21:00:00,14608.0
2003-04-22 22:00:00,13098.0
2003-04-22 23:00:00,11719.0
2003-04-23 00:00:00,10754.0
2003-04-23 01:00:00,10268.0
2003-04-23 02:00:00,10028.0
2003-04-23 03:00:00,9974.0
2003-04-23 04:00:00,10210.0
2003-04-23 05:00:00,11182.0
2003-04-23 06:00:00,12921.0
2003-04-23 07:00:00,14532.0
2003-04-23 08:00:00,15293.0
2003-04-23 09:00:00,15607.0
2003-04-23 10:00:00,15720.0
2003-04-23 11:00:00,15662.0
2003-04-23 12:00:00,15448.0
2003-04-23 13:00:00,15334.0
2003-04-23 14:00:00,15145.0
2003-04-23 15:00:00,14981.0
2003-04-23 16:00:00,15057.0
2003-04-23 17:00:00,15234.0
2003-04-23 18:00:00,15336.0
2003-04-23 19:00:00,15676.0
2003-04-23 20:00:00,15794.0
2003-04-23 21:00:00,14832.0
2003-04-23 22:00:00,13371.0
2003-04-23 23:00:00,12002.0
2003-04-24 00:00:00,11062.0
2003-04-24 01:00:00,10585.0
2003-04-24 02:00:00,10347.0
2003-04-24 03:00:00,10297.0
2003-04-24 04:00:00,10562.0
2003-04-24 05:00:00,11569.0
2003-04-24 06:00:00,13253.0
2003-04-24 07:00:00,14797.0
2003-04-24 08:00:00,15513.0
2003-04-24 09:00:00,15774.0
2003-04-24 10:00:00,15801.0
2003-04-24 11:00:00,15792.0
2003-04-24 12:00:00,15601.0
2003-04-24 13:00:00,15489.0
2003-04-24 14:00:00,15243.0
2003-04-24 15:00:00,14988.0
2003-04-24 16:00:00,14861.0
2003-04-24 17:00:00,14828.0
2003-04-24 18:00:00,14739.0
2003-04-24 19:00:00,15065.0
2003-04-24 20:00:00,15592.0
2003-04-24 21:00:00,14819.0
2003-04-24 22:00:00,13413.0
2003-04-24 23:00:00,12037.0
2003-04-25 00:00:00,11115.0
2003-04-25 01:00:00,10654.0
2003-04-25 02:00:00,10446.0
2003-04-25 03:00:00,10411.0
2003-04-25 04:00:00,10682.0
2003-04-25 05:00:00,11594.0
2003-04-25 06:00:00,13151.0
2003-04-25 07:00:00,14547.0
2003-04-25 08:00:00,15104.0
2003-04-25 09:00:00,15305.0
2003-04-25 10:00:00,15344.0
2003-04-25 11:00:00,15228.0
2003-04-25 12:00:00,14994.0
2003-04-25 13:00:00,14840.0
2003-04-25 14:00:00,14572.0
2003-04-25 15:00:00,14267.0
2003-04-25 16:00:00,14040.0
2003-04-25 17:00:00,13812.0
2003-04-25 18:00:00,13609.0
2003-04-25 19:00:00,13884.0
2003-04-25 20:00:00,14461.0
2003-04-25 21:00:00,13826.0
2003-04-25 22:00:00,12657.0
2003-04-25 23:00:00,11407.0
2003-04-26 00:00:00,10471.0
2003-04-26 01:00:00,9922.0
2003-04-26 02:00:00,9610.0
2003-04-26 03:00:00,9468.0
2003-04-26 04:00:00,9496.0
2003-04-26 05:00:00,9813.0
2003-04-26 06:00:00,10415.0
2003-04-26 07:00:00,11512.0
2003-04-26 08:00:00,12812.0
2003-04-26 09:00:00,13833.0
2003-04-26 10:00:00,14375.0
2003-04-26 11:00:00,14527.0
2003-04-26 12:00:00,14411.0
2003-04-26 13:00:00,14185.0
2003-04-26 14:00:00,13923.0
2003-04-26 15:00:00,13801.0
2003-04-26 16:00:00,13878.0
2003-04-26 17:00:00,14057.0
2003-04-26 18:00:00,14071.0
2003-04-26 19:00:00,14140.0
2003-04-26 20:00:00,14089.0
2003-04-26 21:00:00,13392.0
2003-04-26 22:00:00,12371.0
2003-04-26 23:00:00,11387.0
2003-04-27 00:00:00,10410.0
2003-04-27 01:00:00,9865.0
2003-04-27 02:00:00,9573.0
2003-04-27 03:00:00,9418.0
2003-04-27 04:00:00,9412.0
2003-04-27 05:00:00,9611.0
2003-04-27 06:00:00,9942.0
2003-04-27 07:00:00,10757.0
2003-04-27 08:00:00,11785.0
2003-04-27 09:00:00,12554.0
2003-04-27 10:00:00,12840.0
2003-04-27 11:00:00,12934.0
2003-04-27 12:00:00,12797.0
2003-04-27 13:00:00,12520.0
2003-04-27 14:00:00,12226.0
2003-04-27 15:00:00,12102.0
2003-04-27 16:00:00,12157.0
2003-04-27 17:00:00,12379.0
2003-04-27 18:00:00,12538.0
2003-04-27 19:00:00,13084.0
2003-04-27 20:00:00,14043.0
2003-04-27 21:00:00,13334.0
2003-04-27 22:00:00,12016.0
2003-04-27 23:00:00,10807.0
2003-04-28 00:00:00,9964.0
2003-04-28 01:00:00,9548.0
2003-04-28 02:00:00,9380.0
2003-04-28 03:00:00,9391.0
2003-04-28 04:00:00,9694.0
2003-04-28 05:00:00,10751.0
2003-04-28 06:00:00,12695.0
2003-04-28 07:00:00,14219.0
2003-04-28 08:00:00,14817.0
2003-04-28 09:00:00,15142.0
2003-04-28 10:00:00,15425.0
2003-04-28 11:00:00,15431.0
2003-04-28 12:00:00,15443.0
2003-04-28 13:00:00,15458.0
2003-04-28 14:00:00,15332.0
2003-04-28 15:00:00,15187.0
2003-04-28 16:00:00,15104.0
2003-04-28 17:00:00,14923.0
2003-04-28 18:00:00,14654.0
2003-04-28 19:00:00,14847.0
2003-04-28 20:00:00,15544.0
2003-04-28 21:00:00,14558.0
2003-04-28 22:00:00,12882.0
2003-04-28 23:00:00,11337.0
2003-04-29 00:00:00,10301.0
2003-04-29 01:00:00,9782.0
2003-04-29 02:00:00,9512.0
2003-04-29 03:00:00,9416.0
2003-04-29 04:00:00,9643.0
2003-04-29 05:00:00,10593.0
2003-04-29 06:00:00,12485.0
2003-04-29 07:00:00,14094.0
2003-04-29 08:00:00,14741.0
2003-04-29 09:00:00,15168.0
2003-04-29 10:00:00,15511.0
2003-04-29 11:00:00,15714.0
2003-04-29 12:00:00,15719.0
2003-04-29 13:00:00,15762.0
2003-04-29 14:00:00,15539.0
2003-04-29 15:00:00,15303.0
2003-04-29 16:00:00,15166.0
2003-04-29 17:00:00,15006.0
2003-04-29 18:00:00,14722.0
2003-04-29 19:00:00,14792.0
2003-04-29 20:00:00,15430.0
2003-04-29 21:00:00,14536.0
2003-04-29 22:00:00,12836.0
2003-04-29 23:00:00,11337.0
2003-04-30 00:00:00,10304.0
2003-04-30 01:00:00,9773.0
2003-04-30 02:00:00,9498.0
2003-04-30 03:00:00,9442.0
2003-04-30 04:00:00,9674.0
2003-04-30 05:00:00,10622.0
2003-04-30 06:00:00,12528.0
2003-04-30 07:00:00,14129.0
2003-04-30 08:00:00,14711.0
2003-04-30 09:00:00,14967.0
2003-04-30 10:00:00,15149.0
2003-04-30 11:00:00,15169.0
2003-04-30 12:00:00,15084.0
2003-04-30 13:00:00,15074.0
2003-04-30 14:00:00,14942.0
2003-04-30 15:00:00,14744.0
2003-04-30 16:00:00,14667.0
2003-04-30 17:00:00,14539.0
2003-04-30 18:00:00,14334.0
2003-04-30 19:00:00,14501.0
2003-04-30 20:00:00,15228.0
2003-04-30 21:00:00,14365.0
2003-04-30 22:00:00,12760.0
2003-04-30 23:00:00,11249.0
2003-05-01 00:00:00,10278.0
2003-05-01 01:00:00,9796.0
2003-05-01 02:00:00,9583.0
2003-05-01 03:00:00,9525.0
2003-05-01 04:00:00,9747.0
2003-05-01 05:00:00,10751.0
2003-05-01 06:00:00,12748.0
2003-05-01 07:00:00,14460.0
2003-05-01 08:00:00,15089.0
2003-05-01 09:00:00,15423.0
2003-05-01 10:00:00,15640.0
2003-05-01 11:00:00,15703.0
2003-05-01 12:00:00,15565.0
2003-05-01 13:00:00,15516.0
2003-05-01 14:00:00,15298.0
2003-05-01 15:00:00,15185.0
2003-05-01 16:00:00,15172.0
2003-05-01 17:00:00,15135.0
2003-05-01 18:00:00,15074.0
2003-05-01 19:00:00,15252.0
2003-05-01 20:00:00,15518.0
2003-05-01 21:00:00,14667.0
2003-05-01 22:00:00,13033.0
2003-05-01 23:00:00,11540.0
2003-05-02 00:00:00,10528.0
2003-05-02 01:00:00,9985.0
2003-05-02 02:00:00,9675.0
2003-05-02 03:00:00,9608.0
2003-05-02 04:00:00,9810.0
2003-05-02 05:00:00,10741.0
2003-05-02 06:00:00,12642.0
2003-05-02 07:00:00,14323.0
2003-05-02 08:00:00,14979.0
2003-05-02 09:00:00,15393.0
2003-05-02 10:00:00,15760.0
2003-05-02 11:00:00,15891.0
2003-05-02 12:00:00,15854.0
2003-05-02 13:00:00,15848.0
2003-05-02 14:00:00,15717.0
2003-05-02 15:00:00,15430.0
2003-05-02 16:00:00,15206.0
2003-05-02 17:00:00,14995.0
2003-05-02 18:00:00,14766.0
2003-05-02 19:00:00,14710.0
2003-05-02 20:00:00,14684.0
2003-05-02 21:00:00,13888.0
2003-05-02 22:00:00,12594.0
2003-05-02 23:00:00,11259.0
2003-05-03 00:00:00,10261.0
2003-05-03 01:00:00,9705.0
2003-05-03 02:00:00,9396.0
2003-05-03 03:00:00,9239.0
2003-05-03 04:00:00,9278.0
2003-05-03 05:00:00,9585.0
2003-05-03 06:00:00,10167.0
2003-05-03 07:00:00,11307.0
2003-05-03 08:00:00,12466.0
2003-05-03 09:00:00,13126.0
2003-05-03 10:00:00,13330.0
2003-05-03 11:00:00,13270.0
2003-05-03 12:00:00,13030.0
2003-05-03 13:00:00,12701.0
2003-05-03 14:00:00,12405.0
2003-05-03 15:00:00,12253.0
2003-05-03 16:00:00,12258.0
2003-05-03 17:00:00,12337.0
2003-05-03 18:00:00,12313.0
2003-05-03 19:00:00,12537.0
2003-05-03 20:00:00,13319.0
2003-05-03 21:00:00,12900.0
2003-05-03 22:00:00,11881.0
2003-05-03 23:00:00,10853.0
2003-05-04 00:00:00,9976.0
2003-05-04 01:00:00,9443.0
2003-05-04 02:00:00,9187.0
2003-05-04 03:00:00,9076.0
2003-05-04 04:00:00,9104.0
2003-05-04 05:00:00,9227.0
2003-05-04 06:00:00,9534.0
2003-05-04 07:00:00,10352.0
2003-05-04 08:00:00,11331.0
2003-05-04 09:00:00,12049.0
2003-05-04 10:00:00,12356.0
2003-05-04 11:00:00,12421.0
2003-05-04 12:00:00,12356.0
2003-05-04 13:00:00,12135.0
2003-05-04 14:00:00,11921.0
2003-05-04 15:00:00,11842.0
2003-05-04 16:00:00,11988.0
2003-05-04 17:00:00,12267.0
2003-05-04 18:00:00,12479.0
2003-05-04 19:00:00,12881.0
2003-05-04 20:00:00,13811.0
2003-05-04 21:00:00,13120.0
2003-05-04 22:00:00,11758.0
2003-05-04 23:00:00,10539.0
2003-05-05 00:00:00,9753.0
2003-05-05 01:00:00,9367.0
2003-05-05 02:00:00,9232.0
2003-05-05 03:00:00,9255.0
2003-05-05 04:00:00,9565.0
2003-05-05 05:00:00,10580.0
2003-05-05 06:00:00,12600.0
2003-05-05 07:00:00,14197.0
2003-05-05 08:00:00,14764.0
2003-05-05 09:00:00,15065.0
2003-05-05 10:00:00,15289.0
2003-05-05 11:00:00,15343.0
2003-05-05 12:00:00,15259.0
2003-05-05 13:00:00,15221.0
2003-05-05 14:00:00,15013.0
2003-05-05 15:00:00,14848.0
2003-05-05 16:00:00,14766.0
2003-05-05 17:00:00,14719.0
2003-05-05 18:00:00,14626.0
2003-05-05 19:00:00,14975.0
2003-05-05 20:00:00,15390.0
2003-05-05 21:00:00,14384.0
2003-05-05 22:00:00,12724.0
2003-05-05 23:00:00,11257.0
2003-05-06 00:00:00,10323.0
2003-05-06 01:00:00,9848.0
2003-05-06 02:00:00,9635.0
2003-05-06 03:00:00,9574.0
2003-05-06 04:00:00,9811.0
2003-05-06 05:00:00,10827.0
2003-05-06 06:00:00,12879.0
2003-05-06 07:00:00,14595.0
2003-05-06 08:00:00,15157.0
2003-05-06 09:00:00,15444.0
2003-05-06 10:00:00,15632.0
2003-05-06 11:00:00,15674.0
2003-05-06 12:00:00,15610.0
2003-05-06 13:00:00,15559.0
2003-05-06 14:00:00,15398.0
2003-05-06 15:00:00,15269.0
2003-05-06 16:00:00,15351.0
2003-05-06 17:00:00,15450.0
2003-05-06 18:00:00,15350.0
2003-05-06 19:00:00,15451.0
2003-05-06 20:00:00,15564.0
2003-05-06 21:00:00,14588.0
2003-05-06 22:00:00,12911.0
2003-05-06 23:00:00,11427.0
2003-05-07 00:00:00,10456.0
2003-05-07 01:00:00,9973.0
2003-05-07 02:00:00,9729.0
2003-05-07 03:00:00,9654.0
2003-05-07 04:00:00,9888.0
2003-05-07 05:00:00,10878.0
2003-05-07 06:00:00,12875.0
2003-05-07 07:00:00,14501.0
2003-05-07 08:00:00,15001.0
2003-05-07 09:00:00,15327.0
2003-05-07 10:00:00,15606.0
2003-05-07 11:00:00,15731.0
2003-05-07 12:00:00,15702.0
2003-05-07 13:00:00,15757.0
2003-05-07 14:00:00,15659.0
2003-05-07 15:00:00,15478.0
2003-05-07 16:00:00,15318.0
2003-05-07 17:00:00,15135.0
2003-05-07 18:00:00,14905.0
2003-05-07 19:00:00,15078.0
2003-05-07 20:00:00,15636.0
2003-05-07 21:00:00,14735.0
2003-05-07 22:00:00,13061.0
2003-05-07 23:00:00,11515.0
2003-05-08 00:00:00,10478.0
2003-05-08 01:00:00,9946.0
2003-05-08 02:00:00,9673.0
2003-05-08 03:00:00,9558.0
2003-05-08 04:00:00,9771.0
2003-05-08 05:00:00,10736.0
2003-05-08 06:00:00,12758.0
2003-05-08 07:00:00,14478.0
2003-05-08 08:00:00,15083.0
2003-05-08 09:00:00,15371.0
2003-05-08 10:00:00,15600.0
2003-05-08 11:00:00,15654.0
2003-05-08 12:00:00,15499.0
2003-05-08 13:00:00,15475.0
2003-05-08 14:00:00,15290.0
2003-05-08 15:00:00,15162.0
2003-05-08 16:00:00,15211.0
2003-05-08 17:00:00,15228.0
2003-05-08 18:00:00,15099.0
2003-05-08 19:00:00,15150.0
2003-05-08 20:00:00,15411.0
2003-05-08 21:00:00,14550.0
2003-05-08 22:00:00,12991.0
2003-05-08 23:00:00,11506.0
2003-05-09 00:00:00,10503.0
2003-05-09 01:00:00,9986.0
2003-05-09 02:00:00,9732.0
2003-05-09 03:00:00,9646.0
2003-05-09 04:00:00,9860.0
2003-05-09 05:00:00,10844.0
2003-05-09 06:00:00,12812.0
2003-05-09 07:00:00,14458.0
2003-05-09 08:00:00,15004.0
2003-05-09 09:00:00,15266.0
2003-05-09 10:00:00,15438.0
2003-05-09 11:00:00,15460.0
2003-05-09 12:00:00,15297.0
2003-05-09 13:00:00,15188.0
2003-05-09 14:00:00,14968.0
2003-05-09 15:00:00,14712.0
2003-05-09 16:00:00,14514.0
2003-05-09 17:00:00,14218.0
2003-05-09 18:00:00,13881.0
2003-05-09 19:00:00,13834.0
2003-05-09 20:00:00,14449.0
2003-05-09 21:00:00,13956.0
2003-05-09 22:00:00,12736.0
2003-05-09 23:00:00,11361.0
2003-05-10 00:00:00,10331.0
2003-05-10 01:00:00,9763.0
2003-05-10 02:00:00,9438.0
2003-05-10 03:00:00,9327.0
2003-05-10 04:00:00,9381.0
2003-05-10 05:00:00,9592.0
2003-05-10 06:00:00,10243.0
2003-05-10 07:00:00,11371.0
2003-05-10 08:00:00,12464.0
2003-05-10 09:00:00,13101.0
2003-05-10 10:00:00,13270.0
2003-05-10 11:00:00,13209.0
2003-05-10 12:00:00,12997.0
2003-05-10 13:00:00,12736.0
2003-05-10 14:00:00,12512.0
2003-05-10 15:00:00,12423.0
2003-05-10 16:00:00,12465.0
2003-05-10 17:00:00,12575.0
2003-05-10 18:00:00,12563.0
2003-05-10 19:00:00,12666.0
2003-05-10 20:00:00,13422.0
2003-05-10 21:00:00,13071.0
2003-05-10 22:00:00,12036.0
2003-05-10 23:00:00,10907.0
2003-05-11 00:00:00,9940.0
2003-05-11 01:00:00,9340.0
2003-05-11 02:00:00,9038.0
2003-05-11 03:00:00,8870.0
2003-05-11 04:00:00,8864.0
2003-05-11 05:00:00,8901.0
2003-05-11 06:00:00,9250.0
2003-05-11 07:00:00,10139.0
2003-05-11 08:00:00,11223.0
2003-05-11 09:00:00,12005.0
2003-05-11 10:00:00,12318.0
2003-05-11 11:00:00,12382.0
2003-05-11 12:00:00,12309.0
2003-05-11 13:00:00,12082.0
2003-05-11 14:00:00,11877.0
2003-05-11 15:00:00,11846.0
2003-05-11 16:00:00,12065.0
2003-05-11 17:00:00,12434.0
2003-05-11 18:00:00,12868.0
2003-05-11 19:00:00,13449.0
2003-05-11 20:00:00,13733.0
2003-05-11 21:00:00,12931.0
2003-05-11 22:00:00,11710.0
2003-05-11 23:00:00,10542.0
2003-05-12 00:00:00,9746.0
2003-05-12 01:00:00,9331.0
2003-05-12 02:00:00,9177.0
2003-05-12 03:00:00,9151.0
2003-05-12 04:00:00,9434.0
2003-05-12 05:00:00,10451.0
2003-05-12 06:00:00,12549.0
2003-05-12 07:00:00,14358.0
2003-05-12 08:00:00,15058.0
2003-05-12 09:00:00,15384.0
2003-05-12 10:00:00,15634.0
2003-05-12 11:00:00,15658.0
2003-05-12 12:00:00,15526.0
2003-05-12 13:00:00,15479.0
2003-05-12 14:00:00,15268.0
2003-05-12 15:00:00,15105.0
2003-05-12 16:00:00,15221.0
2003-05-12 17:00:00,15362.0
2003-05-12 18:00:00,15251.0
2003-05-12 19:00:00,15370.0
2003-05-12 20:00:00,15530.0
2003-05-12 21:00:00,14540.0
2003-05-12 22:00:00,12844.0
2003-05-12 23:00:00,11366.0
2003-05-13 00:00:00,10372.0
2003-05-13 01:00:00,9906.0
2003-05-13 02:00:00,9685.0
2003-05-13 03:00:00,9582.0
2003-05-13 04:00:00,9823.0
2003-05-13 05:00:00,10783.0
2003-05-13 06:00:00,12789.0
2003-05-13 07:00:00,14377.0
2003-05-13 08:00:00,14911.0
2003-05-13 09:00:00,15156.0
2003-05-13 10:00:00,15351.0
2003-05-13 11:00:00,15404.0
2003-05-13 12:00:00,15299.0
2003-05-13 13:00:00,15246.0
2003-05-13 14:00:00,15078.0
2003-05-13 15:00:00,14975.0
2003-05-13 16:00:00,15024.0
2003-05-13 17:00:00,15092.0
2003-05-13 18:00:00,14981.0
2003-05-13 19:00:00,15063.0
2003-05-13 20:00:00,15358.0
2003-05-13 21:00:00,14502.0
2003-05-13 22:00:00,12856.0
2003-05-13 23:00:00,11349.0
2003-05-14 00:00:00,10383.0
2003-05-14 01:00:00,9866.0
2003-05-14 02:00:00,9624.0
2003-05-14 03:00:00,9551.0
2003-05-14 04:00:00,9804.0
2003-05-14 05:00:00,10777.0
2003-05-14 06:00:00,12789.0
2003-05-14 07:00:00,14423.0
2003-05-14 08:00:00,14925.0
2003-05-14 09:00:00,15146.0
2003-05-14 10:00:00,15314.0
2003-05-14 11:00:00,15358.0
2003-05-14 12:00:00,15261.0
2003-05-14 13:00:00,15239.0
2003-05-14 14:00:00,15077.0
2003-05-14 15:00:00,14951.0
2003-05-14 16:00:00,14979.0
2003-05-14 17:00:00,14929.0
2003-05-14 18:00:00,14775.0
2003-05-14 19:00:00,14837.0
2003-05-14 20:00:00,15254.0
2003-05-14 21:00:00,14399.0
2003-05-14 22:00:00,12817.0
2003-05-14 23:00:00,11303.0
2003-05-15 00:00:00,10352.0
2003-05-15 01:00:00,9849.0
2003-05-15 02:00:00,9602.0
2003-05-15 03:00:00,9535.0
2003-05-15 04:00:00,9788.0
2003-05-15 05:00:00,10710.0
2003-05-15 06:00:00,12731.0
2003-05-15 07:00:00,14347.0
2003-05-15 08:00:00,14875.0
2003-05-15 09:00:00,15171.0
2003-05-15 10:00:00,15395.0
2003-05-15 11:00:00,15468.0
2003-05-15 12:00:00,15395.0
2003-05-15 13:00:00,15345.0
2003-05-15 14:00:00,15156.0
2003-05-15 15:00:00,14971.0
2003-05-15 16:00:00,14879.0
2003-05-15 17:00:00,14761.0
2003-05-15 18:00:00,14580.0
2003-05-15 19:00:00,14725.0
2003-05-15 20:00:00,15141.0
2003-05-15 21:00:00,14393.0
2003-05-15 22:00:00,12827.0
2003-05-15 23:00:00,11362.0
2003-05-16 00:00:00,10345.0
2003-05-16 01:00:00,9832.0
2003-05-16 02:00:00,9593.0
2003-05-16 03:00:00,9550.0
2003-05-16 04:00:00,9775.0
2003-05-16 05:00:00,10663.0
2003-05-16 06:00:00,12638.0
2003-05-16 07:00:00,14292.0
2003-05-16 08:00:00,14874.0
2003-05-16 09:00:00,15115.0
2003-05-16 10:00:00,15309.0
2003-05-16 11:00:00,15277.0
2003-05-16 12:00:00,15104.0
2003-05-16 13:00:00,15013.0
2003-05-16 14:00:00,14793.0
2003-05-16 15:00:00,14542.0
2003-05-16 16:00:00,14413.0
2003-05-16 17:00:00,14252.0
2003-05-16 18:00:00,14067.0
2003-05-16 19:00:00,14114.0
2003-05-16 20:00:00,14559.0
2003-05-16 21:00:00,14025.0
2003-05-16 22:00:00,12784.0
2003-05-16 23:00:00,11448.0
2003-05-17 00:00:00,10465.0
2003-05-17 01:00:00,9928.0
2003-05-17 02:00:00,9636.0
2003-05-17 03:00:00,9514.0
2003-05-17 04:00:00,9570.0
2003-05-17 05:00:00,9838.0
2003-05-17 06:00:00,10534.0
2003-05-17 07:00:00,11726.0
2003-05-17 08:00:00,12873.0
2003-05-17 09:00:00,13461.0
2003-05-17 10:00:00,13509.0
2003-05-17 11:00:00,13374.0
2003-05-17 12:00:00,13062.0
2003-05-17 13:00:00,12738.0
2003-05-17 14:00:00,12466.0
2003-05-17 15:00:00,12303.0
2003-05-17 16:00:00,12313.0
2003-05-17 17:00:00,12407.0
2003-05-17 18:00:00,12399.0
2003-05-17 19:00:00,12537.0
2003-05-17 20:00:00,13229.0
2003-05-17 21:00:00,13030.0
2003-05-17 22:00:00,12059.0
2003-05-17 23:00:00,10999.0
2003-05-18 00:00:00,10121.0
2003-05-18 01:00:00,9616.0
2003-05-18 02:00:00,9364.0
2003-05-18 03:00:00,9277.0
2003-05-18 04:00:00,9330.0
2003-05-18 05:00:00,9363.0
2003-05-18 06:00:00,9757.0
2003-05-18 07:00:00,10576.0
2003-05-18 08:00:00,11543.0
2003-05-18 09:00:00,12219.0
2003-05-18 10:00:00,12457.0
2003-05-18 11:00:00,12543.0
2003-05-18 12:00:00,12465.0
2003-05-18 13:00:00,12282.0
2003-05-18 14:00:00,12103.0
2003-05-18 15:00:00,12081.0
2003-05-18 16:00:00,12198.0
2003-05-18 17:00:00,12418.0
2003-05-18 18:00:00,12576.0
2003-05-18 19:00:00,12863.0
2003-05-18 20:00:00,13689.0
2003-05-18 21:00:00,13270.0
2003-05-18 22:00:00,11886.0
2003-05-18 23:00:00,10642.0
2003-05-19 00:00:00,9784.0
2003-05-19 01:00:00,9367.0
2003-05-19 02:00:00,9218.0
2003-05-19 03:00:00,9206.0
2003-05-19 04:00:00,9520.0
2003-05-19 05:00:00,10412.0
2003-05-19 06:00:00,12472.0
2003-05-19 07:00:00,14179.0
2003-05-19 08:00:00,14895.0
2003-05-19 09:00:00,15347.0
2003-05-19 10:00:00,15778.0
2003-05-19 11:00:00,15908.0
2003-05-19 12:00:00,15964.0
2003-05-19 13:00:00,16077.0
2003-05-19 14:00:00,16037.0
2003-05-19 15:00:00,15942.0
2003-05-19 16:00:00,15869.0
2003-05-19 17:00:00,15662.0
2003-05-19 18:00:00,15321.0
2003-05-19 19:00:00,15149.0
2003-05-19 20:00:00,15642.0
2003-05-19 21:00:00,14915.0
2003-05-19 22:00:00,13164.0
2003-05-19 23:00:00,11507.0
2003-05-20 00:00:00,10431.0
2003-05-20 01:00:00,9877.0
2003-05-20 02:00:00,9619.0
2003-05-20 03:00:00,9522.0
2003-05-20 04:00:00,9751.0
2003-05-20 05:00:00,10541.0
2003-05-20 06:00:00,12552.0
2003-05-20 07:00:00,14263.0
2003-05-20 08:00:00,15039.0
2003-05-20 09:00:00,15530.0
2003-05-20 10:00:00,15976.0
2003-05-20 11:00:00,16245.0
2003-05-20 12:00:00,16345.0
2003-05-20 13:00:00,16497.0
2003-05-20 14:00:00,16480.0
2003-05-20 15:00:00,16387.0
2003-05-20 16:00:00,16238.0
2003-05-20 17:00:00,15893.0
2003-05-20 18:00:00,15436.0
2003-05-20 19:00:00,15299.0
2003-05-20 20:00:00,15737.0
2003-05-20 21:00:00,15032.0
2003-05-20 22:00:00,13265.0
2003-05-20 23:00:00,11616.0
2003-05-21 00:00:00,10557.0
2003-05-21 01:00:00,10004.0
2003-05-21 02:00:00,9723.0
2003-05-21 03:00:00,9599.0
2003-05-21 04:00:00,9791.0
2003-05-21 05:00:00,10622.0
2003-05-21 06:00:00,12660.0
2003-05-21 07:00:00,14380.0
2003-05-21 08:00:00,15048.0
2003-05-21 09:00:00,15407.0
2003-05-21 10:00:00,15714.0
2003-05-21 11:00:00,15839.0
2003-05-21 12:00:00,15751.0
2003-05-21 13:00:00,15725.0
2003-05-21 14:00:00,15616.0
2003-05-21 15:00:00,15544.0
2003-05-21 16:00:00,15642.0
2003-05-21 17:00:00,15709.0
2003-05-21 18:00:00,15574.0
2003-05-21 19:00:00,15445.0
2003-05-21 20:00:00,15488.0
2003-05-21 21:00:00,14536.0
2003-05-21 22:00:00,12986.0
2003-05-21 23:00:00,11457.0
2003-05-22 00:00:00,10430.0
2003-05-22 01:00:00,9922.0
2003-05-22 02:00:00,9691.0
2003-05-22 03:00:00,9620.0
2003-05-22 04:00:00,9825.0
2003-05-22 05:00:00,10765.0
2003-05-22 06:00:00,12755.0
2003-05-22 07:00:00,14452.0
2003-05-22 08:00:00,15043.0
2003-05-22 09:00:00,15340.0
2003-05-22 10:00:00,15536.0
2003-05-22 11:00:00,15537.0
2003-05-22 12:00:00,15474.0
2003-05-22 13:00:00,15441.0
2003-05-22 14:00:00,15258.0
2003-05-22 15:00:00,15128.0
2003-05-22 16:00:00,15185.0
2003-05-22 17:00:00,15255.0
2003-05-22 18:00:00,15180.0
2003-05-22 19:00:00,15183.0
2003-05-22 20:00:00,15403.0
2003-05-22 21:00:00,14600.0
2003-05-22 22:00:00,12979.0
2003-05-22 23:00:00,11485.0
2003-05-23 00:00:00,10498.0
2003-05-23 01:00:00,9981.0
2003-05-23 02:00:00,9735.0
2003-05-23 03:00:00,9621.0
2003-05-23 04:00:00,9843.0
2003-05-23 05:00:00,10758.0
2003-05-23 06:00:00,12684.0
2003-05-23 07:00:00,14433.0
2003-05-23 08:00:00,15146.0
2003-05-23 09:00:00,15480.0
2003-05-23 10:00:00,15651.0
2003-05-23 11:00:00,15644.0
2003-05-23 12:00:00,15482.0
2003-05-23 13:00:00,15373.0
2003-05-23 14:00:00,15125.0
2003-05-23 15:00:00,14948.0
2003-05-23 16:00:00,14907.0
2003-05-23 17:00:00,14875.0
2003-05-23 18:00:00,14734.0
2003-05-23 19:00:00,14638.0
2003-05-23 20:00:00,14690.0
2003-05-23 21:00:00,13992.0
2003-05-23 22:00:00,12730.0
2003-05-23 23:00:00,11410.0
2003-05-24 00:00:00,10391.0
2003-05-24 01:00:00,9833.0
2003-05-24 02:00:00,9547.0
2003-05-24 03:00:00,9401.0
2003-05-24 04:00:00,9412.0
2003-05-24 05:00:00,9617.0
2003-05-24 06:00:00,10174.0
2003-05-24 07:00:00,11249.0
2003-05-24 08:00:00,12521.0
2003-05-24 09:00:00,13475.0
2003-05-24 10:00:00,13902.0
2003-05-24 11:00:00,13966.0
2003-05-24 12:00:00,13774.0
2003-05-24 13:00:00,13446.0
2003-05-24 14:00:00,13199.0
2003-05-24 15:00:00,13066.0
2003-05-24 16:00:00,13125.0
2003-05-24 17:00:00,13345.0
2003-05-24 18:00:00,13418.0
2003-05-24 19:00:00,13457.0
2003-05-24 20:00:00,13663.0
2003-05-24 21:00:00,13184.0
2003-05-24 22:00:00,12164.0
2003-05-24 23:00:00,11082.0
2003-05-25 00:00:00,10199.0
2003-05-25 01:00:00,9636.0
2003-05-25 02:00:00,9300.0
2003-05-25 03:00:00,9136.0
2003-05-25 04:00:00,9126.0
2003-05-25 05:00:00,9172.0
2003-05-25 06:00:00,9501.0
2003-05-25 07:00:00,10325.0
2003-05-25 08:00:00,11359.0
2003-05-25 09:00:00,12243.0
2003-05-25 10:00:00,12680.0
2003-05-25 11:00:00,12846.0
2003-05-25 12:00:00,12758.0
2003-05-25 13:00:00,12507.0
2003-05-25 14:00:00,12236.0
2003-05-25 15:00:00,12109.0
2003-05-25 16:00:00,12142.0
2003-05-25 17:00:00,12299.0
2003-05-25 18:00:00,12382.0
2003-05-25 19:00:00,12506.0
2003-05-25 20:00:00,12968.0
2003-05-25 21:00:00,12654.0
2003-05-25 22:00:00,11682.0
2003-05-25 23:00:00,10621.0
2003-05-26 00:00:00,9743.0
2003-05-26 01:00:00,9227.0
2003-05-26 02:00:00,8956.0
2003-05-26 03:00:00,8820.0
2003-05-26 04:00:00,8867.0
2003-05-26 05:00:00,9054.0
2003-05-26 06:00:00,9517.0
2003-05-26 07:00:00,10391.0
2003-05-26 08:00:00,11554.0
2003-05-26 09:00:00,12656.0
2003-05-26 10:00:00,13404.0
2003-05-26 11:00:00,13840.0
2003-05-26 12:00:00,13907.0
2003-05-26 13:00:00,13700.0
2003-05-26 14:00:00,13498.0
2003-05-26 15:00:00,13463.0
2003-05-26 16:00:00,13714.0
2003-05-26 17:00:00,14100.0
2003-05-26 18:00:00,14133.0
2003-05-26 19:00:00,14166.0
2003-05-26 20:00:00,14221.0
2003-05-26 21:00:00,13416.0
2003-05-26 22:00:00,11985.0
2003-05-26 23:00:00,10713.0
2003-05-27 00:00:00,9848.0
2003-05-27 01:00:00,9424.0
2003-05-27 02:00:00,9227.0
2003-05-27 03:00:00,9164.0
2003-05-27 04:00:00,9470.0
2003-05-27 05:00:00,10432.0
2003-05-27 06:00:00,12533.0
2003-05-27 07:00:00,14280.0
2003-05-27 08:00:00,14938.0
2003-05-27 09:00:00,15271.0
2003-05-27 10:00:00,15536.0
2003-05-27 11:00:00,15596.0
2003-05-27 12:00:00,15483.0
2003-05-27 13:00:00,15460.0
2003-05-27 14:00:00,15254.0
2003-05-27 15:00:00,15093.0
2003-05-27 16:00:00,15074.0
2003-05-27 17:00:00,14986.0
2003-05-27 18:00:00,14750.0
2003-05-27 19:00:00,14777.0
2003-05-27 20:00:00,15299.0
2003-05-27 21:00:00,14677.0
2003-05-27 22:00:00,12983.0
2003-05-27 23:00:00,11444.0
2003-05-28 00:00:00,10417.0
2003-05-28 01:00:00,9898.0
2003-05-28 02:00:00,9668.0
2003-05-28 03:00:00,9583.0
2003-05-28 04:00:00,9820.0
2003-05-28 05:00:00,10698.0
2003-05-28 06:00:00,12691.0
2003-05-28 07:00:00,14414.0
2003-05-28 08:00:00,15029.0
2003-05-28 09:00:00,15387.0
2003-05-28 10:00:00,15685.0
2003-05-28 11:00:00,15819.0
2003-05-28 12:00:00,15757.0
2003-05-28 13:00:00,15770.0
2003-05-28 14:00:00,15608.0
2003-05-28 15:00:00,15485.0
2003-05-28 16:00:00,15495.0
2003-05-28 17:00:00,15497.0
2003-05-28 18:00:00,15320.0
2003-05-28 19:00:00,15227.0
2003-05-28 20:00:00,15373.0
2003-05-28 21:00:00,14664.0
2003-05-28 22:00:00,13020.0
2003-05-28 23:00:00,11495.0
2003-05-29 00:00:00,10495.0
2003-05-29 01:00:00,9952.0
2003-05-29 02:00:00,9662.0
2003-05-29 03:00:00,9580.0
2003-05-29 04:00:00,9823.0
2003-05-29 05:00:00,10645.0
2003-05-29 06:00:00,12661.0
2003-05-29 07:00:00,14340.0
2003-05-29 08:00:00,15014.0
2003-05-29 09:00:00,15395.0
2003-05-29 10:00:00,15711.0
2003-05-29 11:00:00,15850.0
2003-05-29 12:00:00,15807.0
2003-05-29 13:00:00,15851.0
2003-05-29 14:00:00,15739.0
2003-05-29 15:00:00,15631.0
2003-05-29 16:00:00,15560.0
2003-05-29 17:00:00,15356.0
2003-05-29 18:00:00,15062.0
2003-05-29 19:00:00,14967.0
2003-05-29 20:00:00,15457.0
2003-05-29 21:00:00,14908.0
2003-05-29 22:00:00,13241.0
2003-05-29 23:00:00,11664.0
2003-05-30 00:00:00,10572.0
2003-05-30 01:00:00,10003.0
2003-05-30 02:00:00,9708.0
2003-05-30 03:00:00,9593.0
2003-05-30 04:00:00,9800.0
2003-05-30 05:00:00,10634.0
2003-05-30 06:00:00,12581.0
2003-05-30 07:00:00,14334.0
2003-05-30 08:00:00,15087.0
2003-05-30 09:00:00,15536.0
2003-05-30 10:00:00,15874.0
2003-05-30 11:00:00,16060.0
2003-05-30 12:00:00,16003.0
2003-05-30 13:00:00,16016.0
2003-05-30 14:00:00,15905.0
2003-05-30 15:00:00,15735.0
2003-05-30 16:00:00,15592.0
2003-05-30 17:00:00,15253.0
2003-05-30 18:00:00,14813.0
2003-05-30 19:00:00,14599.0
2003-05-30 20:00:00,14885.0
2003-05-30 21:00:00,14478.0
2003-05-30 22:00:00,13167.0
2003-05-30 23:00:00,11706.0
2003-05-31 00:00:00,10578.0
2003-05-31 01:00:00,9926.0
2003-05-31 02:00:00,9528.0
2003-05-31 03:00:00,9341.0
2003-05-31 04:00:00,9333.0
2003-05-31 05:00:00,9432.0
2003-05-31 06:00:00,10079.0
2003-05-31 07:00:00,11313.0
2003-05-31 08:00:00,12607.0
2003-05-31 09:00:00,13394.0
2003-05-31 10:00:00,13740.0
2003-05-31 11:00:00,13804.0
2003-05-31 12:00:00,13712.0
2003-05-31 13:00:00,13500.0
2003-05-31 14:00:00,13280.0
2003-05-31 15:00:00,13206.0
2003-05-31 16:00:00,13253.0
2003-05-31 17:00:00,13388.0
2003-05-31 18:00:00,13381.0
2003-05-31 19:00:00,13494.0
2003-05-31 20:00:00,13744.0
2003-05-31 21:00:00,13308.0
2003-05-31 22:00:00,12282.0
2003-05-31 23:00:00,11148.0
2003-06-01 00:00:00,10224.0
2003-06-01 01:00:00,9651.0
2003-06-01 02:00:00,9313.0
2003-06-01 03:00:00,9134.0
2003-06-01 04:00:00,9087.0
2003-06-01 05:00:00,9174.0
2003-06-01 06:00:00,9470.0
2003-06-01 07:00:00,10304.0
2003-06-01 08:00:00,11486.0
2003-06-01 09:00:00,12630.0
2003-06-01 10:00:00,13349.0
2003-06-01 11:00:00,13807.0
2003-06-01 12:00:00,13931.0
2003-06-01 13:00:00,13780.0
2003-06-01 14:00:00,13542.0
2003-06-01 15:00:00,13421.0
2003-06-01 16:00:00,13501.0
2003-06-01 17:00:00,13717.0
2003-06-01 18:00:00,13701.0
2003-06-01 19:00:00,13678.0
2003-06-01 20:00:00,13902.0
2003-06-01 21:00:00,13406.0
2003-06-01 22:00:00,12075.0
2003-06-01 23:00:00,10801.0
2003-06-02 00:00:00,9909.0
2003-06-02 01:00:00,9467.0
2003-06-02 02:00:00,9274.0
2003-06-02 03:00:00,9237.0
2003-06-02 04:00:00,9471.0
2003-06-02 05:00:00,10313.0
2003-06-02 06:00:00,12432.0
2003-06-02 07:00:00,14091.0
2003-06-02 08:00:00,14750.0
2003-06-02 09:00:00,15115.0
2003-06-02 10:00:00,15413.0
2003-06-02 11:00:00,15526.0
2003-06-02 12:00:00,15491.0
2003-06-02 13:00:00,15542.0
2003-06-02 14:00:00,15413.0
2003-06-02 15:00:00,15268.0
2003-06-02 16:00:00,15223.0
2003-06-02 17:00:00,15067.0
2003-06-02 18:00:00,14774.0
2003-06-02 19:00:00,14626.0
2003-06-02 20:00:00,15114.0
2003-06-02 21:00:00,14727.0
2003-06-02 22:00:00,13055.0
2003-06-02 23:00:00,11446.0
2003-06-03 00:00:00,10371.0
2003-06-03 01:00:00,9815.0
2003-06-03 02:00:00,9562.0
2003-06-03 03:00:00,9506.0
2003-06-03 04:00:00,9733.0
2003-06-03 05:00:00,10474.0
2003-06-03 06:00:00,12478.0
2003-06-03 07:00:00,14179.0
2003-06-03 08:00:00,14841.0
2003-06-03 09:00:00,15211.0
2003-06-03 10:00:00,15523.0
2003-06-03 11:00:00,15696.0
2003-06-03 12:00:00,15697.0
2003-06-03 13:00:00,15750.0
2003-06-03 14:00:00,15628.0
2003-06-03 15:00:00,15468.0
2003-06-03 16:00:00,15401.0
2003-06-03 17:00:00,15250.0
2003-06-03 18:00:00,15010.0
2003-06-03 19:00:00,14915.0
2003-06-03 20:00:00,15277.0
2003-06-03 21:00:00,14732.0
2003-06-03 22:00:00,13062.0
2003-06-03 23:00:00,11543.0
2003-06-04 00:00:00,10468.0
2003-06-04 01:00:00,9931.0
2003-06-04 02:00:00,9647.0
2003-06-04 03:00:00,9570.0
2003-06-04 04:00:00,9774.0
2003-06-04 05:00:00,10610.0
2003-06-04 06:00:00,12605.0
2003-06-04 07:00:00,14324.0
2003-06-04 08:00:00,14994.0
2003-06-04 09:00:00,15396.0
2003-06-04 10:00:00,15705.0
2003-06-04 11:00:00,15823.0
2003-06-04 12:00:00,15760.0
2003-06-04 13:00:00,15706.0
2003-06-04 14:00:00,15557.0
2003-06-04 15:00:00,15446.0
2003-06-04 16:00:00,15487.0
2003-06-04 17:00:00,15449.0
2003-06-04 18:00:00,15252.0
2003-06-04 19:00:00,15173.0
2003-06-04 20:00:00,15364.0
2003-06-04 21:00:00,14692.0
2003-06-04 22:00:00,13050.0
2003-06-04 23:00:00,11500.0
2003-06-05 00:00:00,10487.0
2003-06-05 01:00:00,9976.0
2003-06-05 02:00:00,9735.0
2003-06-05 03:00:00,9644.0
2003-06-05 04:00:00,9850.0
2003-06-05 05:00:00,10711.0
2003-06-05 06:00:00,12702.0
2003-06-05 07:00:00,14447.0
2003-06-05 08:00:00,15147.0
2003-06-05 09:00:00,15474.0
2003-06-05 10:00:00,15744.0
2003-06-05 11:00:00,15865.0
2003-06-05 12:00:00,15762.0
2003-06-05 13:00:00,15740.0
2003-06-05 14:00:00,15623.0
2003-06-05 15:00:00,15544.0
2003-06-05 16:00:00,15637.0
2003-06-05 17:00:00,15623.0
2003-06-05 18:00:00,15345.0
2003-06-05 19:00:00,15218.0
2003-06-05 20:00:00,15472.0
2003-06-05 21:00:00,14862.0
2003-06-05 22:00:00,13227.0
2003-06-05 23:00:00,11675.0
2003-06-06 00:00:00,10597.0
2003-06-06 01:00:00,10054.0
2003-06-06 02:00:00,9786.0
2003-06-06 03:00:00,9695.0
2003-06-06 04:00:00,9875.0
2003-06-06 05:00:00,10607.0
2003-06-06 06:00:00,12682.0
2003-06-06 07:00:00,14461.0
2003-06-06 08:00:00,15275.0
2003-06-06 09:00:00,15740.0
2003-06-06 10:00:00,16047.0
2003-06-06 11:00:00,16183.0
2003-06-06 12:00:00,16130.0
2003-06-06 13:00:00,16184.0
2003-06-06 14:00:00,16129.0
2003-06-06 15:00:00,16024.0
2003-06-06 16:00:00,15902.0
2003-06-06 17:00:00,15501.0
2003-06-06 18:00:00,15043.0
2003-06-06 19:00:00,14706.0
2003-06-06 20:00:00,14968.0
2003-06-06 21:00:00,14772.0
2003-06-06 22:00:00,13439.0
2003-06-06 23:00:00,11948.0
2003-06-07 00:00:00,10779.0
2003-06-07 01:00:00,10096.0
2003-06-07 02:00:00,9716.0
2003-06-07 03:00:00,9521.0
2003-06-07 04:00:00,9515.0
2003-06-07 05:00:00,9576.0
2003-06-07 06:00:00,10317.0
2003-06-07 07:00:00,11596.0
2003-06-07 08:00:00,12888.0
2003-06-07 09:00:00,13686.0
2003-06-07 10:00:00,14073.0
2003-06-07 11:00:00,14198.0
2003-06-07 12:00:00,14091.0
2003-06-07 13:00:00,13888.0
2003-06-07 14:00:00,13674.0
2003-06-07 15:00:00,13553.0
2003-06-07 16:00:00,13612.0
2003-06-07 17:00:00,13744.0
2003-06-07 18:00:00,13651.0
2003-06-07 19:00:00,13671.0
2003-06-07 20:00:00,13798.0
2003-06-07 21:00:00,13377.0
2003-06-07 22:00:00,12348.0
2003-06-07 23:00:00,11186.0
2003-06-08 00:00:00,10234.0
2003-06-08 01:00:00,9649.0
2003-06-08 02:00:00,9317.0
2003-06-08 03:00:00,9132.0
2003-06-08 04:00:00,9090.0
2003-06-08 05:00:00,9094.0
2003-06-08 06:00:00,9468.0
2003-06-08 07:00:00,10389.0
2003-06-08 08:00:00,11569.0
2003-06-08 09:00:00,12565.0
2003-06-08 10:00:00,13097.0
2003-06-08 11:00:00,13360.0
2003-06-08 12:00:00,13348.0
2003-06-08 13:00:00,13128.0
2003-06-08 14:00:00,12888.0
2003-06-08 15:00:00,12802.0
2003-06-08 16:00:00,12891.0
2003-06-08 17:00:00,13106.0
2003-06-08 18:00:00,13260.0
2003-06-08 19:00:00,13465.0
2003-06-08 20:00:00,14011.0
2003-06-08 21:00:00,13632.0
2003-06-08 22:00:00,12310.0
2003-06-08 23:00:00,10994.0
2003-06-09 00:00:00,10081.0
2003-06-09 01:00:00,9583.0
2003-06-09 02:00:00,9373.0
2003-06-09 03:00:00,9326.0
2003-06-09 04:00:00,9568.0
2003-06-09 05:00:00,10499.0
2003-06-09 06:00:00,12549.0
2003-06-09 07:00:00,14430.0
2003-06-09 08:00:00,15203.0
2003-06-09 09:00:00,15639.0
2003-06-09 10:00:00,15982.0
2003-06-09 11:00:00,16086.0
2003-06-09 12:00:00,16012.0
2003-06-09 13:00:00,15969.0
2003-06-09 14:00:00,15817.0
2003-06-09 15:00:00,15720.0
2003-06-09 16:00:00,15758.0
2003-06-09 17:00:00,15667.0
2003-06-09 18:00:00,15325.0
2003-06-09 19:00:00,15101.0
2003-06-09 20:00:00,15457.0
2003-06-09 21:00:00,15110.0
2003-06-09 22:00:00,13439.0
2003-06-09 23:00:00,11778.0
2003-06-10 00:00:00,10685.0
2003-06-10 01:00:00,10133.0
2003-06-10 02:00:00,9838.0
2003-06-10 03:00:00,9732.0
2003-06-10 04:00:00,9927.0
2003-06-10 05:00:00,10694.0
2003-06-10 06:00:00,12768.0
2003-06-10 07:00:00,14602.0
2003-06-10 08:00:00,15399.0
2003-06-10 09:00:00,15830.0
2003-06-10 10:00:00,16184.0
2003-06-10 11:00:00,16345.0
2003-06-10 12:00:00,16402.0
2003-06-10 13:00:00,16530.0
2003-06-10 14:00:00,16543.0
2003-06-10 15:00:00,16524.0
2003-06-10 16:00:00,16526.0
2003-06-10 17:00:00,16303.0
2003-06-10 18:00:00,15827.0
2003-06-10 19:00:00,15562.0
2003-06-10 20:00:00,15891.0
2003-06-10 21:00:00,15507.0
2003-06-10 22:00:00,13741.0
2003-06-10 23:00:00,12040.0
2003-06-11 00:00:00,10910.0
2003-06-11 01:00:00,10324.0
2003-06-11 02:00:00,10020.0
2003-06-11 03:00:00,9927.0
2003-06-11 04:00:00,10064.0
2003-06-11 05:00:00,10927.0
2003-06-11 06:00:00,12903.0
2003-06-11 07:00:00,14728.0
2003-06-11 08:00:00,15638.0
2003-06-11 09:00:00,16193.0
2003-06-11 10:00:00,16577.0
2003-06-11 11:00:00,16825.0
2003-06-11 12:00:00,16903.0
2003-06-11 13:00:00,17006.0
2003-06-11 14:00:00,16912.0
2003-06-11 15:00:00,16863.0
2003-06-11 16:00:00,16900.0
2003-06-11 17:00:00,16814.0
2003-06-11 18:00:00,16495.0
2003-06-11 19:00:00,16258.0
2003-06-11 20:00:00,16391.0
2003-06-11 21:00:00,15893.0
2003-06-11 22:00:00,14211.0
2003-06-11 23:00:00,12546.0
2003-06-12 00:00:00,11391.0
2003-06-12 01:00:00,10826.0
2003-06-12 02:00:00,10529.0
2003-06-12 03:00:00,10422.0
2003-06-12 04:00:00,10613.0
2003-06-12 05:00:00,11456.0
2003-06-12 06:00:00,13571.0
2003-06-12 07:00:00,15489.0
2003-06-12 08:00:00,16352.0
2003-06-12 09:00:00,16864.0
2003-06-12 10:00:00,17231.0
2003-06-12 11:00:00,17337.0
2003-06-12 12:00:00,17226.0
2003-06-12 13:00:00,17250.0
2003-06-12 14:00:00,17120.0
2003-06-12 15:00:00,16982.0
2003-06-12 16:00:00,16834.0
2003-06-12 17:00:00,16540.0
2003-06-12 18:00:00,16134.0
2003-06-12 19:00:00,16001.0
2003-06-12 20:00:00,16351.0
2003-06-12 21:00:00,15815.0
2003-06-12 22:00:00,14140.0
2003-06-12 23:00:00,12465.0
2003-06-13 00:00:00,11289.0
2003-06-13 01:00:00,10658.0
2003-06-13 02:00:00,10310.0
2003-06-13 03:00:00,10160.0
2003-06-13 04:00:00,10307.0
2003-06-13 05:00:00,11131.0
2003-06-13 06:00:00,13007.0
2003-06-13 07:00:00,14793.0
2003-06-13 08:00:00,15691.0
2003-06-13 09:00:00,16128.0
2003-06-13 10:00:00,16363.0
2003-06-13 11:00:00,16398.0
2003-06-13 12:00:00,16218.0
2003-06-13 13:00:00,16113.0
2003-06-13 14:00:00,15870.0
2003-06-13 15:00:00,15620.0
2003-06-13 16:00:00,15508.0
2003-06-13 17:00:00,15327.0
2003-06-13 18:00:00,15040.0
2003-06-13 19:00:00,14845.0
2003-06-13 20:00:00,14856.0
2003-06-13 21:00:00,14268.0
2003-06-13 22:00:00,13013.0
2003-06-13 23:00:00,11701.0
2003-06-14 00:00:00,10635.0
2003-06-14 01:00:00,10032.0
2003-06-14 02:00:00,9709.0
2003-06-14 03:00:00,9530.0
2003-06-14 04:00:00,9510.0
2003-06-14 05:00:00,9709.0
2003-06-14 06:00:00,10320.0
2003-06-14 07:00:00,11452.0
2003-06-14 08:00:00,12768.0
2003-06-14 09:00:00,13744.0
2003-06-14 10:00:00,14210.0
2003-06-14 11:00:00,14355.0
2003-06-14 12:00:00,14286.0
2003-06-14 13:00:00,14182.0
2003-06-14 14:00:00,14108.0
2003-06-14 15:00:00,14076.0
2003-06-14 16:00:00,14108.0
2003-06-14 17:00:00,14138.0
2003-06-14 18:00:00,14012.0
2003-06-14 19:00:00,14004.0
2003-06-14 20:00:00,14292.0
2003-06-14 21:00:00,14182.0
2003-06-14 22:00:00,13124.0
2003-06-14 23:00:00,11847.0
2003-06-15 00:00:00,10768.0
2003-06-15 01:00:00,10042.0
2003-06-15 02:00:00,9638.0
2003-06-15 03:00:00,9398.0
2003-06-15 04:00:00,9307.0
2003-06-15 05:00:00,9170.0
2003-06-15 06:00:00,9624.0
2003-06-15 07:00:00,10662.0
2003-06-15 08:00:00,11934.0
2003-06-15 09:00:00,12942.0
2003-06-15 10:00:00,13544.0
2003-06-15 11:00:00,13867.0
2003-06-15 12:00:00,13883.0
2003-06-15 13:00:00,13735.0
2003-06-15 14:00:00,13629.0
2003-06-15 15:00:00,13607.0
2003-06-15 16:00:00,13700.0
2003-06-15 17:00:00,13812.0
2003-06-15 18:00:00,13761.0
2003-06-15 19:00:00,13749.0
2003-06-15 20:00:00,14223.0
2003-06-15 21:00:00,14263.0
2003-06-15 22:00:00,12875.0
2003-06-15 23:00:00,11435.0
2003-06-16 00:00:00,10396.0
2003-06-16 01:00:00,9833.0
2003-06-16 02:00:00,9571.0
2003-06-16 03:00:00,9487.0
2003-06-16 04:00:00,9683.0
2003-06-16 05:00:00,10417.0
2003-06-16 06:00:00,12399.0
2003-06-16 07:00:00,14243.0
2003-06-16 08:00:00,15150.0
2003-06-16 09:00:00,15671.0
2003-06-16 10:00:00,16001.0
2003-06-16 11:00:00,16128.0
2003-06-16 12:00:00,16062.0
2003-06-16 13:00:00,16092.0
2003-06-16 14:00:00,15980.0
2003-06-16 15:00:00,15874.0
2003-06-16 16:00:00,15827.0
2003-06-16 17:00:00,15657.0
2003-06-16 18:00:00,15319.0
2003-06-16 19:00:00,15039.0
2003-06-16 20:00:00,15240.0
2003-06-16 21:00:00,14951.0
2003-06-16 22:00:00,13281.0
2003-06-16 23:00:00,11628.0
2003-06-17 00:00:00,10545.0
2003-06-17 01:00:00,9993.0
2003-06-17 02:00:00,9732.0
2003-06-17 03:00:00,9635.0
2003-06-17 04:00:00,9835.0
2003-06-17 05:00:00,10564.0
2003-06-17 06:00:00,12435.0
2003-06-17 07:00:00,14173.0
2003-06-17 08:00:00,14970.0
2003-06-17 09:00:00,15433.0
2003-06-17 10:00:00,15874.0
2003-06-17 11:00:00,16091.0
2003-06-17 12:00:00,16145.0
2003-06-17 13:00:00,16277.0
2003-06-17 14:00:00,16222.0
2003-06-17 15:00:00,16154.0
2003-06-17 16:00:00,16107.0
2003-06-17 17:00:00,15845.0
2003-06-17 18:00:00,15379.0
2003-06-17 19:00:00,15095.0
2003-06-17 20:00:00,15322.0
2003-06-17 21:00:00,15057.0
2003-06-17 22:00:00,13427.0
2003-06-17 23:00:00,11794.0
2003-06-18 00:00:00,10697.0
2003-06-18 01:00:00,10133.0
2003-06-18 02:00:00,9860.0
2003-06-18 03:00:00,9778.0
2003-06-18 04:00:00,9968.0
2003-06-18 05:00:00,10734.0
2003-06-18 06:00:00,12598.0
2003-06-18 07:00:00,14469.0
2003-06-18 08:00:00,15363.0
2003-06-18 09:00:00,15849.0
2003-06-18 10:00:00,16219.0
2003-06-18 11:00:00,16384.0
2003-06-18 12:00:00,16388.0
2003-06-18 13:00:00,16391.0
2003-06-18 14:00:00,16284.0
2003-06-18 15:00:00,16153.0
2003-06-18 16:00:00,16170.0
2003-06-18 17:00:00,16075.0
2003-06-18 18:00:00,15813.0
2003-06-18 19:00:00,15627.0
2003-06-18 20:00:00,15707.0
2003-06-18 21:00:00,15115.0
2003-06-18 22:00:00,13570.0
2003-06-18 23:00:00,12015.0
2003-06-19 00:00:00,10961.0
2003-06-19 01:00:00,10382.0
2003-06-19 02:00:00,10105.0
2003-06-19 03:00:00,10013.0
2003-06-19 04:00:00,10201.0
2003-06-19 05:00:00,10992.0
2003-06-19 06:00:00,12855.0
2003-06-19 07:00:00,14700.0
2003-06-19 08:00:00,15722.0
2003-06-19 09:00:00,16316.0
2003-06-19 10:00:00,16778.0
2003-06-19 11:00:00,16979.0
2003-06-19 12:00:00,17024.0
2003-06-19 13:00:00,17126.0
2003-06-19 14:00:00,17083.0
2003-06-19 15:00:00,16935.0
2003-06-19 16:00:00,16843.0
2003-06-19 17:00:00,16622.0
2003-06-19 18:00:00,16234.0
2003-06-19 19:00:00,15965.0
2003-06-19 20:00:00,16147.0
2003-06-19 21:00:00,15873.0
2003-06-19 22:00:00,14308.0
2003-06-19 23:00:00,12643.0
2003-06-20 00:00:00,11463.0
2003-06-20 01:00:00,10794.0
2003-06-20 02:00:00,10438.0
2003-06-20 03:00:00,10260.0
2003-06-20 04:00:00,10417.0
2003-06-20 05:00:00,11129.0
2003-06-20 06:00:00,12841.0
2003-06-20 07:00:00,14687.0
2003-06-20 08:00:00,15772.0
2003-06-20 09:00:00,16393.0
2003-06-20 10:00:00,16761.0
2003-06-20 11:00:00,16906.0
2003-06-20 12:00:00,16864.0
2003-06-20 13:00:00,16870.0
2003-06-20 14:00:00,16752.0
2003-06-20 15:00:00,16534.0
2003-06-20 16:00:00,16336.0
2003-06-20 17:00:00,15913.0
2003-06-20 18:00:00,15404.0
2003-06-20 19:00:00,14978.0
2003-06-20 20:00:00,15063.0
2003-06-20 21:00:00,14855.0
2003-06-20 22:00:00,13574.0
2003-06-20 23:00:00,12106.0
2003-06-21 00:00:00,10952.0
2003-06-21 01:00:00,10260.0
2003-06-21 02:00:00,9873.0
2003-06-21 03:00:00,9688.0
2003-06-21 04:00:00,9656.0
2003-06-21 05:00:00,9721.0
2003-06-21 06:00:00,10395.0
2003-06-21 07:00:00,11637.0
2003-06-21 08:00:00,13042.0
2003-06-21 09:00:00,13974.0
2003-06-21 10:00:00,14422.0
2003-06-21 11:00:00,14529.0
2003-06-21 12:00:00,14383.0
2003-06-21 13:00:00,14168.0
2003-06-21 14:00:00,13913.0
2003-06-21 15:00:00,13718.0
2003-06-21 16:00:00,13729.0
2003-06-21 17:00:00,13845.0
2003-06-21 18:00:00,13762.0
2003-06-21 19:00:00,13687.0
2003-06-21 20:00:00,13795.0
2003-06-21 21:00:00,13435.0
2003-06-21 22:00:00,12411.0
2003-06-21 23:00:00,11302.0
2003-06-22 00:00:00,10353.0
2003-06-22 01:00:00,9775.0
2003-06-22 02:00:00,9441.0
2003-06-22 03:00:00,9263.0
2003-06-22 04:00:00,9233.0
2003-06-22 05:00:00,9263.0
2003-06-22 06:00:00,9594.0
2003-06-22 07:00:00,10428.0
2003-06-22 08:00:00,11562.0
2003-06-22 09:00:00,12600.0
2003-06-22 10:00:00,13304.0
2003-06-22 11:00:00,13733.0
2003-06-22 12:00:00,13847.0
2003-06-22 13:00:00,13727.0
2003-06-22 14:00:00,13497.0
2003-06-22 15:00:00,13429.0
2003-06-22 16:00:00,13558.0
2003-06-22 17:00:00,13830.0
2003-06-22 18:00:00,13942.0
2003-06-22 19:00:00,13944.0
2003-06-22 20:00:00,14036.0
2003-06-22 21:00:00,13543.0
2003-06-22 22:00:00,12347.0
2003-06-22 23:00:00,11138.0
2003-06-23 00:00:00,10258.0
2003-06-23 01:00:00,9777.0
2003-06-23 02:00:00,9558.0
2003-06-23 03:00:00,9516.0
2003-06-23 04:00:00,9760.0
2003-06-23 05:00:00,10522.0
2003-06-23 06:00:00,12255.0
2003-06-23 07:00:00,14128.0
2003-06-23 08:00:00,15305.0
2003-06-23 09:00:00,16068.0
2003-06-23 10:00:00,16656.0
2003-06-23 11:00:00,16972.0
2003-06-23 12:00:00,17088.0
2003-06-23 13:00:00,17300.0
2003-06-23 14:00:00,17331.0
2003-06-23 15:00:00,17326.0
2003-06-23 16:00:00,17341.0
2003-06-23 17:00:00,17158.0
2003-06-23 18:00:00,16764.0
2003-06-23 19:00:00,16507.0
2003-06-23 20:00:00,16669.0
2003-06-23 21:00:00,16210.0
2003-06-23 22:00:00,14537.0
2003-06-23 23:00:00,12849.0
2003-06-24 00:00:00,11650.0
2003-06-24 01:00:00,10965.0
2003-06-24 02:00:00,10605.0
2003-06-24 03:00:00,10442.0
2003-06-24 04:00:00,10601.0
2003-06-24 05:00:00,11294.0
2003-06-24 06:00:00,13070.0
2003-06-24 07:00:00,15080.0
2003-06-24 08:00:00,16488.0
2003-06-24 09:00:00,17496.0
2003-06-24 10:00:00,18372.0
2003-06-24 11:00:00,18916.0
2003-06-24 12:00:00,19298.0
2003-06-24 13:00:00,19750.0
2003-06-24 14:00:00,19975.0
2003-06-24 15:00:00,20119.0
2003-06-24 16:00:00,20211.0
2003-06-24 17:00:00,20061.0
2003-06-24 18:00:00,19594.0
2003-06-24 19:00:00,19121.0
2003-06-24 20:00:00,19101.0
2003-06-24 21:00:00,18753.0
2003-06-24 22:00:00,16792.0
2003-06-24 23:00:00,14770.0
2003-06-25 00:00:00,13325.0
2003-06-25 01:00:00,12462.0
2003-06-25 02:00:00,11948.0
2003-06-25 03:00:00,11628.0
2003-06-25 04:00:00,11701.0
2003-06-25 05:00:00,12285.0
2003-06-25 06:00:00,14101.0
2003-06-25 07:00:00,16276.0
2003-06-25 08:00:00,17860.0
2003-06-25 09:00:00,19077.0
2003-06-25 10:00:00,20125.0
2003-06-25 11:00:00,20851.0
2003-06-25 12:00:00,21330.0
2003-06-25 13:00:00,21804.0
2003-06-25 14:00:00,22060.0
2003-06-25 15:00:00,22173.0
2003-06-25 16:00:00,22187.0
2003-06-25 17:00:00,21916.0
2003-06-25 18:00:00,21412.0
2003-06-25 19:00:00,20919.0
2003-06-25 20:00:00,20878.0
2003-06-25 21:00:00,20491.0
2003-06-25 22:00:00,18524.0
2003-06-25 23:00:00,16443.0
2003-06-26 00:00:00,14938.0
2003-06-26 01:00:00,13971.0
2003-06-26 02:00:00,13444.0
2003-06-26 03:00:00,13131.0
2003-06-26 04:00:00,13184.0
2003-06-26 05:00:00,13813.0
2003-06-26 06:00:00,15684.0
2003-06-26 07:00:00,18016.0
2003-06-26 08:00:00,19776.0
2003-06-26 09:00:00,21143.0
2003-06-26 10:00:00,22272.0
2003-06-26 11:00:00,22975.0
2003-06-26 12:00:00,23366.0
2003-06-26 13:00:00,23734.0
2003-06-26 14:00:00,23851.0
2003-06-26 15:00:00,23900.0
2003-06-26 16:00:00,23896.0
2003-06-26 17:00:00,23616.0
2003-06-26 18:00:00,23037.0
2003-06-26 19:00:00,22395.0
2003-06-26 20:00:00,22224.0
2003-06-26 21:00:00,21772.0
2003-06-26 22:00:00,19743.0
2003-06-26 23:00:00,17545.0
2003-06-27 00:00:00,15924.0
2003-06-27 01:00:00,14929.0
2003-06-27 02:00:00,14322.0
2003-06-27 03:00:00,13957.0
2003-06-27 04:00:00,13951.0
2003-06-27 05:00:00,14458.0
2003-06-27 06:00:00,16195.0
2003-06-27 07:00:00,18443.0
2003-06-27 08:00:00,20280.0
2003-06-27 09:00:00,21724.0
2003-06-27 10:00:00,22842.0
2003-06-27 11:00:00,23532.0
2003-06-27 12:00:00,23829.0
2003-06-27 13:00:00,24112.0
2003-06-27 14:00:00,24111.0
2003-06-27 15:00:00,23900.0
2003-06-27 16:00:00,23613.0
2003-06-27 17:00:00,23058.0
2003-06-27 18:00:00,22140.0
2003-06-27 19:00:00,21303.0
2003-06-27 20:00:00,20927.0
2003-06-27 21:00:00,20341.0
2003-06-27 22:00:00,18471.0
2003-06-27 23:00:00,16330.0
2003-06-28 00:00:00,14631.0
2003-06-28 01:00:00,13468.0
2003-06-28 02:00:00,12724.0
2003-06-28 03:00:00,12209.0
2003-06-28 04:00:00,11961.0
2003-06-28 05:00:00,11829.0
2003-06-28 06:00:00,12408.0
2003-06-28 07:00:00,13535.0
2003-06-28 08:00:00,14890.0
2003-06-28 09:00:00,15978.0
2003-06-28 10:00:00,16575.0
2003-06-28 11:00:00,16882.0
2003-06-28 12:00:00,16954.0
2003-06-28 13:00:00,16904.0
2003-06-28 14:00:00,16867.0
2003-06-28 15:00:00,16994.0
2003-06-28 16:00:00,17135.0
2003-06-28 17:00:00,17150.0
2003-06-28 18:00:00,16939.0
2003-06-28 19:00:00,16532.0
2003-06-28 20:00:00,16447.0
2003-06-28 21:00:00,16319.0
2003-06-28 22:00:00,15139.0
2003-06-28 23:00:00,13677.0
2003-06-29 00:00:00,12448.0
2003-06-29 01:00:00,11629.0
2003-06-29 02:00:00,11131.0
2003-06-29 03:00:00,10817.0
2003-06-29 04:00:00,10665.0
2003-06-29 05:00:00,10580.0
2003-06-29 06:00:00,10908.0
2003-06-29 07:00:00,11816.0
2003-06-29 08:00:00,13020.0
2003-06-29 09:00:00,14141.0
2003-06-29 10:00:00,14940.0
2003-06-29 11:00:00,15549.0
2003-06-29 12:00:00,15924.0
2003-06-29 13:00:00,16065.0
2003-06-29 14:00:00,16186.0
2003-06-29 15:00:00,16372.0
2003-06-29 16:00:00,16591.0
2003-06-29 17:00:00,16726.0
2003-06-29 18:00:00,16485.0
2003-06-29 19:00:00,16168.0
2003-06-29 20:00:00,16341.0
2003-06-29 21:00:00,16233.0
2003-06-29 22:00:00,14872.0
2003-06-29 23:00:00,13340.0
2003-06-30 00:00:00,12211.0
2003-06-30 01:00:00,11576.0
2003-06-30 02:00:00,11259.0
2003-06-30 03:00:00,11162.0
2003-06-30 04:00:00,11341.0
2003-06-30 05:00:00,11992.0
2003-06-30 06:00:00,13688.0
2003-06-30 07:00:00,15675.0
2003-06-30 08:00:00,17054.0
2003-06-30 09:00:00,18137.0
2003-06-30 10:00:00,19152.0
2003-06-30 11:00:00,19813.0
2003-06-30 12:00:00,20092.0
2003-06-30 13:00:00,20425.0
2003-06-30 14:00:00,20482.0
2003-06-30 15:00:00,20290.0
2003-06-30 16:00:00,20062.0
2003-06-30 17:00:00,19714.0
2003-06-30 18:00:00,19080.0
2003-06-30 19:00:00,18458.0
2003-06-30 20:00:00,18310.0
2003-06-30 21:00:00,17907.0
2003-06-30 22:00:00,16053.0
2003-06-30 23:00:00,14099.0
2003-07-01 00:00:00,12655.0
2003-07-01 01:00:00,11792.0
2003-07-01 02:00:00,11265.0
2003-07-01 03:00:00,11003.0
2003-07-01 04:00:00,11041.0
2003-07-01 05:00:00,11521.0
2003-07-01 06:00:00,13194.0
2003-07-01 07:00:00,15149.0
2003-07-01 08:00:00,16519.0
2003-07-01 09:00:00,17463.0
2003-07-01 10:00:00,18186.0
2003-07-01 11:00:00,18637.0
2003-07-01 12:00:00,18833.0
2003-07-01 13:00:00,19118.0
2003-07-01 14:00:00,19245.0
2003-07-01 15:00:00,19307.0
2003-07-01 16:00:00,19359.0
2003-07-01 17:00:00,19131.0
2003-07-01 18:00:00,18592.0
2003-07-01 19:00:00,17946.0
2003-07-01 20:00:00,17761.0
2003-07-01 21:00:00,17444.0
2003-07-01 22:00:00,15705.0
2003-07-01 23:00:00,13828.0
2003-07-02 00:00:00,12468.0
2003-07-02 01:00:00,11668.0
2003-07-02 02:00:00,11202.0
2003-07-02 03:00:00,10971.0
2003-07-02 04:00:00,11034.0
2003-07-02 05:00:00,11570.0
2003-07-02 06:00:00,13207.0
2003-07-02 07:00:00,15198.0
2003-07-02 08:00:00,16648.0
2003-07-02 09:00:00,17707.0
2003-07-02 10:00:00,18558.0
2003-07-02 11:00:00,19097.0
2003-07-02 12:00:00,19391.0
2003-07-02 13:00:00,19737.0
2003-07-02 14:00:00,19884.0
2003-07-02 15:00:00,19904.0
2003-07-02 16:00:00,19907.0
2003-07-02 17:00:00,19605.0
2003-07-02 18:00:00,18935.0
2003-07-02 19:00:00,18288.0
2003-07-02 20:00:00,18233.0
2003-07-02 21:00:00,17900.0
2003-07-02 22:00:00,16239.0
2003-07-02 23:00:00,14415.0
2003-07-03 00:00:00,13058.0
2003-07-03 01:00:00,12261.0
2003-07-03 02:00:00,11794.0
2003-07-03 03:00:00,11537.0
2003-07-03 04:00:00,11589.0
2003-07-03 05:00:00,12116.0
2003-07-03 06:00:00,13673.0
2003-07-03 07:00:00,15659.0
2003-07-03 08:00:00,17139.0
2003-07-03 09:00:00,18105.0
2003-07-03 10:00:00,18756.0
2003-07-03 11:00:00,19103.0
2003-07-03 12:00:00,19172.0
2003-07-03 13:00:00,19213.0
2003-07-03 14:00:00,19088.0
2003-07-03 15:00:00,18832.0
2003-07-03 16:00:00,18609.0
2003-07-03 17:00:00,18223.0
2003-07-03 18:00:00,17612.0
2003-07-03 19:00:00,17054.0
2003-07-03 20:00:00,16864.0
2003-07-03 21:00:00,16476.0
2003-07-03 22:00:00,15195.0
2003-07-03 23:00:00,13731.0
2003-07-04 00:00:00,12508.0
2003-07-04 01:00:00,11713.0
2003-07-04 02:00:00,11260.0
2003-07-04 03:00:00,11037.0
2003-07-04 04:00:00,10987.0
2003-07-04 05:00:00,11004.0
2003-07-04 06:00:00,11510.0
2003-07-04 07:00:00,12488.0
2003-07-04 08:00:00,13853.0
2003-07-04 09:00:00,15258.0
2003-07-04 10:00:00,16384.0
2003-07-04 11:00:00,17228.0
2003-07-04 12:00:00,17773.0
2003-07-04 13:00:00,17999.0
2003-07-04 14:00:00,18081.0
2003-07-04 15:00:00,18227.0
2003-07-04 16:00:00,18409.0
2003-07-04 17:00:00,18486.0
2003-07-04 18:00:00,18175.0
2003-07-04 19:00:00,17682.0
2003-07-04 20:00:00,17604.0
2003-07-04 21:00:00,17356.0
2003-07-04 22:00:00,16515.0
2003-07-04 23:00:00,15322.0
2003-07-05 00:00:00,14060.0
2003-07-05 01:00:00,13174.0
2003-07-05 02:00:00,12598.0
2003-07-05 03:00:00,12231.0
2003-07-05 04:00:00,12098.0
2003-07-05 05:00:00,12015.0
2003-07-05 06:00:00,12571.0
2003-07-05 07:00:00,13898.0
2003-07-05 08:00:00,15649.0
2003-07-05 09:00:00,17576.0
2003-07-05 10:00:00,18827.0
2003-07-05 11:00:00,19581.0
2003-07-05 12:00:00,19999.0
2003-07-05 13:00:00,20129.0
2003-07-05 14:00:00,20151.0
2003-07-05 15:00:00,20236.0
2003-07-05 16:00:00,20300.0
2003-07-05 17:00:00,20201.0
2003-07-05 18:00:00,19819.0
2003-07-05 19:00:00,19376.0
2003-07-05 20:00:00,19249.0
2003-07-05 21:00:00,19029.0
2003-07-05 22:00:00,17748.0
2003-07-05 23:00:00,16246.0
2003-07-06 00:00:00,14818.0
2003-07-06 01:00:00,13910.0
2003-07-06 02:00:00,13321.0
2003-07-06 03:00:00,12869.0
2003-07-06 04:00:00,12668.0
2003-07-06 05:00:00,12529.0
2003-07-06 06:00:00,12836.0
2003-07-06 07:00:00,13868.0
2003-07-06 08:00:00,15447.0
2003-07-06 09:00:00,17021.0
2003-07-06 10:00:00,18196.0
2003-07-06 11:00:00,18960.0
2003-07-06 12:00:00,19345.0
2003-07-06 13:00:00,19492.0
2003-07-06 14:00:00,19596.0
2003-07-06 15:00:00,19728.0
2003-07-06 16:00:00,19917.0
2003-07-06 17:00:00,20042.0
2003-07-06 18:00:00,19788.0
2003-07-06 19:00:00,19302.0
2003-07-06 20:00:00,19279.0
2003-07-06 21:00:00,19049.0
2003-07-06 22:00:00,17431.0
2003-07-06 23:00:00,15644.0
2003-07-07 00:00:00,14266.0
2003-07-07 01:00:00,13459.0
2003-07-07 02:00:00,12943.0
2003-07-07 03:00:00,12623.0
2003-07-07 04:00:00,12622.0
2003-07-07 05:00:00,13153.0
2003-07-07 06:00:00,14856.0
2003-07-07 07:00:00,17097.0
2003-07-07 08:00:00,18738.0
2003-07-07 09:00:00,19903.0
2003-07-07 10:00:00,20797.0
2003-07-07 11:00:00,21363.0
2003-07-07 12:00:00,21704.0
2003-07-07 13:00:00,22088.0
2003-07-07 14:00:00,22351.0
2003-07-07 15:00:00,22367.0
2003-07-07 16:00:00,22258.0
2003-07-07 17:00:00,21835.0
2003-07-07 18:00:00,21184.0
2003-07-07 19:00:00,20728.0
2003-07-07 20:00:00,20613.0
2003-07-07 21:00:00,19908.0
2003-07-07 22:00:00,17991.0
2003-07-07 23:00:00,16091.0
2003-07-08 00:00:00,14672.0
2003-07-08 01:00:00,13846.0
2003-07-08 02:00:00,13382.0
2003-07-08 03:00:00,13099.0
2003-07-08 04:00:00,13161.0
2003-07-08 05:00:00,13813.0
2003-07-08 06:00:00,15555.0
2003-07-08 07:00:00,17776.0
2003-07-08 08:00:00,19508.0
2003-07-08 09:00:00,20817.0
2003-07-08 10:00:00,21897.0
2003-07-08 11:00:00,22541.0
2003-07-08 12:00:00,22886.0
2003-07-08 13:00:00,23239.0
2003-07-08 14:00:00,23430.0
2003-07-08 15:00:00,23526.0
2003-07-08 16:00:00,23588.0
2003-07-08 17:00:00,23342.0
2003-07-08 18:00:00,22781.0
2003-07-08 19:00:00,22111.0
2003-07-08 20:00:00,21878.0
2003-07-08 21:00:00,21397.0
2003-07-08 22:00:00,19400.0
2003-07-08 23:00:00,17264.0
2003-07-09 00:00:00,15661.0
2003-07-09 01:00:00,14681.0
2003-07-09 02:00:00,14013.0
2003-07-09 03:00:00,13574.0
2003-07-09 04:00:00,13503.0
2003-07-09 05:00:00,13969.0
2003-07-09 06:00:00,15458.0
2003-07-09 07:00:00,17278.0
2003-07-09 08:00:00,18505.0
2003-07-09 09:00:00,19150.0
2003-07-09 10:00:00,19423.0
2003-07-09 11:00:00,19355.0
2003-07-09 12:00:00,19025.0
2003-07-09 13:00:00,18648.0
2003-07-09 14:00:00,18190.0
2003-07-09 15:00:00,17787.0
2003-07-09 16:00:00,17593.0
2003-07-09 17:00:00,17384.0
2003-07-09 18:00:00,16935.0
2003-07-09 19:00:00,16513.0
2003-07-09 20:00:00,16512.0
2003-07-09 21:00:00,16266.0
2003-07-09 22:00:00,14742.0
2003-07-09 23:00:00,13167.0
2003-07-10 00:00:00,11979.0
2003-07-10 01:00:00,11303.0
2003-07-10 02:00:00,10921.0
2003-07-10 03:00:00,10738.0
2003-07-10 04:00:00,10883.0
2003-07-10 05:00:00,11505.0
2003-07-10 06:00:00,13056.0
2003-07-10 07:00:00,14858.0
2003-07-10 08:00:00,16060.0
2003-07-10 09:00:00,16852.0
2003-07-10 10:00:00,17445.0
2003-07-10 11:00:00,17763.0
2003-07-10 12:00:00,17814.0
2003-07-10 13:00:00,17962.0
2003-07-10 14:00:00,17929.0
2003-07-10 15:00:00,17840.0
2003-07-10 16:00:00,17767.0
2003-07-10 17:00:00,17407.0
2003-07-10 18:00:00,16786.0
2003-07-10 19:00:00,16359.0
2003-07-10 20:00:00,16512.0
2003-07-10 21:00:00,16149.0
2003-07-10 22:00:00,14673.0
2003-07-10 23:00:00,13135.0
2003-07-11 00:00:00,11994.0
2003-07-11 01:00:00,11358.0
2003-07-11 02:00:00,11033.0
2003-07-11 03:00:00,10897.0
2003-07-11 04:00:00,11056.0
2003-07-11 05:00:00,11792.0
2003-07-11 06:00:00,13240.0
2003-07-11 07:00:00,14929.0
2003-07-11 08:00:00,16090.0
2003-07-11 09:00:00,16828.0
2003-07-11 10:00:00,17269.0
2003-07-11 11:00:00,17425.0
2003-07-11 12:00:00,17343.0
2003-07-11 13:00:00,17297.0
2003-07-11 14:00:00,17077.0
2003-07-11 15:00:00,16841.0
2003-07-11 16:00:00,16706.0
2003-07-11 17:00:00,16490.0
2003-07-11 18:00:00,16101.0
2003-07-11 19:00:00,15776.0
2003-07-11 20:00:00,15818.0
2003-07-11 21:00:00,15366.0
2003-07-11 22:00:00,14139.0
2003-07-11 23:00:00,12748.0
2003-07-12 00:00:00,11602.0
2003-07-12 01:00:00,10938.0
2003-07-12 02:00:00,10554.0
2003-07-12 03:00:00,10331.0
2003-07-12 04:00:00,10310.0
2003-07-12 05:00:00,10441.0
2003-07-12 06:00:00,11038.0
2003-07-12 07:00:00,12216.0
2003-07-12 08:00:00,13617.0
2003-07-12 09:00:00,14832.0
2003-07-12 10:00:00,15616.0
2003-07-12 11:00:00,16001.0
2003-07-12 12:00:00,16121.0
2003-07-12 13:00:00,16065.0
2003-07-12 14:00:00,15970.0
2003-07-12 15:00:00,15968.0
2003-07-12 16:00:00,16052.0
2003-07-12 17:00:00,16099.0
2003-07-12 18:00:00,15879.0
2003-07-12 19:00:00,15571.0
2003-07-12 20:00:00,15696.0
2003-07-12 21:00:00,15628.0
2003-07-12 22:00:00,14576.0
2003-07-12 23:00:00,13299.0
2003-07-13 00:00:00,12169.0
2003-07-13 01:00:00,11431.0
2003-07-13 02:00:00,10968.0
2003-07-13 03:00:00,10643.0
2003-07-13 04:00:00,10508.0
2003-07-13 05:00:00,10384.0
2003-07-13 06:00:00,10744.0
2003-07-13 07:00:00,11718.0
2003-07-13 08:00:00,13009.0
2003-07-13 09:00:00,14187.0
2003-07-13 10:00:00,15066.0
2003-07-13 11:00:00,15687.0
2003-07-13 12:00:00,16022.0
2003-07-13 13:00:00,16096.0
2003-07-13 14:00:00,16111.0
2003-07-13 15:00:00,16189.0
2003-07-13 16:00:00,16331.0
2003-07-13 17:00:00,16462.0
2003-07-13 18:00:00,16253.0
2003-07-13 19:00:00,15946.0
2003-07-13 20:00:00,16110.0
2003-07-13 21:00:00,16047.0
2003-07-13 22:00:00,14681.0
2003-07-13 23:00:00,13175.0
2003-07-14 00:00:00,12047.0
2003-07-14 01:00:00,11366.0
2003-07-14 02:00:00,11012.0
2003-07-14 03:00:00,10846.0
2003-07-14 04:00:00,11020.0
2003-07-14 05:00:00,11777.0
2003-07-14 06:00:00,13301.0
2003-07-14 07:00:00,15072.0
2003-07-14 08:00:00,16263.0
2003-07-14 09:00:00,17058.0
2003-07-14 10:00:00,17704.0
2003-07-14 11:00:00,18082.0
2003-07-14 12:00:00,18311.0
2003-07-14 13:00:00,18577.0
2003-07-14 14:00:00,18670.0
2003-07-14 15:00:00,18524.0
2003-07-14 16:00:00,18357.0
2003-07-14 17:00:00,18132.0
2003-07-14 18:00:00,17677.0
2003-07-14 19:00:00,17246.0
2003-07-14 20:00:00,17283.0
2003-07-14 21:00:00,16971.0
2003-07-14 22:00:00,15328.0
2003-07-14 23:00:00,13576.0
2003-07-15 00:00:00,12312.0
2003-07-15 01:00:00,11594.0
2003-07-15 02:00:00,11217.0
2003-07-15 03:00:00,11051.0
2003-07-15 04:00:00,11194.0
2003-07-15 05:00:00,11931.0
2003-07-15 06:00:00,13494.0
2003-07-15 07:00:00,15274.0
2003-07-15 08:00:00,16434.0
2003-07-15 09:00:00,17401.0
2003-07-15 10:00:00,18344.0
2003-07-15 11:00:00,18953.0
2003-07-15 12:00:00,19243.0
2003-07-15 13:00:00,19526.0
2003-07-15 14:00:00,19664.0
2003-07-15 15:00:00,19745.0
2003-07-15 16:00:00,19802.0
2003-07-15 17:00:00,19486.0
2003-07-15 18:00:00,18809.0
2003-07-15 19:00:00,18094.0
2003-07-15 20:00:00,17989.0
2003-07-15 21:00:00,17537.0
2003-07-15 22:00:00,15774.0
2003-07-15 23:00:00,14001.0
2003-07-16 00:00:00,12702.0
2003-07-16 01:00:00,11957.0
2003-07-16 02:00:00,11510.0
2003-07-16 03:00:00,11316.0
2003-07-16 04:00:00,11479.0
2003-07-16 05:00:00,12209.0
2003-07-16 06:00:00,13788.0
2003-07-16 07:00:00,15654.0
2003-07-16 08:00:00,16788.0
2003-07-16 09:00:00,17522.0
2003-07-16 10:00:00,18101.0
2003-07-16 11:00:00,18394.0
2003-07-16 12:00:00,18379.0
2003-07-16 13:00:00,18457.0
2003-07-16 14:00:00,18438.0
2003-07-16 15:00:00,18434.0
2003-07-16 16:00:00,18555.0
2003-07-16 17:00:00,18523.0
2003-07-16 18:00:00,18243.0
2003-07-16 19:00:00,17990.0
2003-07-16 20:00:00,18073.0
2003-07-16 21:00:00,17618.0
2003-07-16 22:00:00,16047.0
2003-07-16 23:00:00,14368.0
2003-07-17 00:00:00,13077.0
2003-07-17 01:00:00,12259.0
2003-07-17 02:00:00,11751.0
2003-07-17 03:00:00,11473.0
2003-07-17 04:00:00,11530.0
2003-07-17 05:00:00,12101.0
2003-07-17 06:00:00,13657.0
2003-07-17 07:00:00,15616.0
2003-07-17 08:00:00,16981.0
2003-07-17 09:00:00,17946.0
2003-07-17 10:00:00,18721.0
2003-07-17 11:00:00,19160.0
2003-07-17 12:00:00,19388.0
2003-07-17 13:00:00,19705.0
2003-07-17 14:00:00,19844.0
2003-07-17 15:00:00,19951.0
2003-07-17 16:00:00,20036.0
2003-07-17 17:00:00,19856.0
2003-07-17 18:00:00,19319.0
2003-07-17 19:00:00,18703.0
2003-07-17 20:00:00,18535.0
2003-07-17 21:00:00,18162.0
2003-07-17 22:00:00,16398.0
2003-07-17 23:00:00,14549.0
2003-07-18 00:00:00,13161.0
2003-07-18 01:00:00,12313.0
2003-07-18 02:00:00,11836.0
2003-07-18 03:00:00,11586.0
2003-07-18 04:00:00,11680.0
2003-07-18 05:00:00,12287.0
2003-07-18 06:00:00,13838.0
2003-07-18 07:00:00,15818.0
2003-07-18 08:00:00,17185.0
2003-07-18 09:00:00,18056.0
2003-07-18 10:00:00,18699.0
2003-07-18 11:00:00,19052.0
2003-07-18 12:00:00,19093.0
2003-07-18 13:00:00,18995.0
2003-07-18 14:00:00,18567.0
2003-07-18 15:00:00,18232.0
2003-07-18 16:00:00,17997.0
2003-07-18 17:00:00,17659.0
2003-07-18 18:00:00,17180.0
2003-07-18 19:00:00,16839.0
2003-07-18 20:00:00,16941.0
2003-07-18 21:00:00,16548.0
2003-07-18 22:00:00,15266.0
2003-07-18 23:00:00,13815.0
2003-07-19 00:00:00,12639.0
2003-07-19 01:00:00,11897.0
2003-07-19 02:00:00,11412.0
2003-07-19 03:00:00,11148.0
2003-07-19 04:00:00,11057.0
2003-07-19 05:00:00,11125.0
2003-07-19 06:00:00,11646.0
2003-07-19 07:00:00,12911.0
2003-07-19 08:00:00,14351.0
2003-07-19 09:00:00,15520.0
2003-07-19 10:00:00,16219.0
2003-07-19 11:00:00,16553.0
2003-07-19 12:00:00,16617.0
2003-07-19 13:00:00,16528.0
2003-07-19 14:00:00,16469.0
2003-07-19 15:00:00,16386.0
2003-07-19 16:00:00,16445.0
2003-07-19 17:00:00,16421.0
2003-07-19 18:00:00,16173.0
2003-07-19 19:00:00,15792.0
2003-07-19 20:00:00,15830.0
2003-07-19 21:00:00,15613.0
2003-07-19 22:00:00,14449.0
2003-07-19 23:00:00,13071.0
2003-07-20 00:00:00,11922.0
2003-07-20 01:00:00,11149.0
2003-07-20 02:00:00,10662.0
2003-07-20 03:00:00,10357.0
2003-07-20 04:00:00,10212.0
2003-07-20 05:00:00,10096.0
2003-07-20 06:00:00,10443.0
2003-07-20 07:00:00,11452.0
2003-07-20 08:00:00,12807.0
2003-07-20 09:00:00,13974.0
2003-07-20 10:00:00,14756.0
2003-07-20 11:00:00,15281.0
2003-07-20 12:00:00,15588.0
2003-07-20 13:00:00,15709.0
2003-07-20 14:00:00,15814.0
2003-07-20 15:00:00,15970.0
2003-07-20 16:00:00,16219.0
2003-07-20 17:00:00,16362.0
2003-07-20 18:00:00,16181.0
2003-07-20 19:00:00,15920.0
2003-07-20 20:00:00,16272.0
2003-07-20 21:00:00,16110.0
2003-07-20 22:00:00,14792.0
2003-07-20 23:00:00,13346.0
2003-07-21 00:00:00,12289.0
2003-07-21 01:00:00,11658.0
2003-07-21 02:00:00,11320.0
2003-07-21 03:00:00,11212.0
2003-07-21 04:00:00,11421.0
2003-07-21 05:00:00,12176.0
2003-07-21 06:00:00,13786.0
2003-07-21 07:00:00,15803.0
2003-07-21 08:00:00,17200.0
2003-07-21 09:00:00,18116.0
2003-07-21 10:00:00,18736.0
2003-07-21 11:00:00,19115.0
2003-07-21 12:00:00,19292.0
2003-07-21 13:00:00,19503.0
2003-07-21 14:00:00,19540.0
2003-07-21 15:00:00,19436.0
2003-07-21 16:00:00,19384.0
2003-07-21 17:00:00,19250.0
2003-07-21 18:00:00,18936.0
2003-07-21 19:00:00,18710.0
2003-07-21 20:00:00,18859.0
2003-07-21 21:00:00,18201.0
2003-07-21 22:00:00,16435.0
2003-07-21 23:00:00,14717.0
2003-07-22 00:00:00,13508.0
2003-07-22 01:00:00,12787.0
2003-07-22 02:00:00,12411.0
2003-07-22 03:00:00,12215.0
2003-07-22 04:00:00,12369.0
2003-07-22 05:00:00,13174.0
2003-07-22 06:00:00,14832.0
2003-07-22 07:00:00,16844.0
2003-07-22 08:00:00,18120.0
2003-07-22 09:00:00,19049.0
2003-07-22 10:00:00,19894.0
2003-07-22 11:00:00,20479.0
2003-07-22 12:00:00,20827.0
2003-07-22 13:00:00,21272.0
2003-07-22 14:00:00,21320.0
2003-07-22 15:00:00,21216.0
2003-07-22 16:00:00,21021.0
2003-07-22 17:00:00,20655.0
2003-07-22 18:00:00,20132.0
2003-07-22 19:00:00,19683.0
2003-07-22 20:00:00,19515.0
2003-07-22 21:00:00,18784.0
2003-07-22 22:00:00,17056.0
2003-07-22 23:00:00,15301.0
2003-07-23 00:00:00,14075.0
2003-07-23 01:00:00,13343.0
2003-07-23 02:00:00,12933.0
2003-07-23 03:00:00,12707.0
2003-07-23 04:00:00,12838.0
2003-07-23 05:00:00,13673.0
2003-07-23 06:00:00,15234.0
2003-07-23 07:00:00,17155.0
2003-07-23 08:00:00,18388.0
2003-07-23 09:00:00,19251.0
2003-07-23 10:00:00,19903.0
2003-07-23 11:00:00,20379.0
2003-07-23 12:00:00,20547.0
2003-07-23 13:00:00,20655.0
2003-07-23 14:00:00,20617.0
2003-07-23 15:00:00,20521.0
2003-07-23 16:00:00,20565.0
2003-07-23 17:00:00,20391.0
2003-07-23 18:00:00,19972.0
2003-07-23 19:00:00,19500.0
2003-07-23 20:00:00,19612.0
2003-07-23 21:00:00,19008.0
2003-07-23 22:00:00,17252.0
2003-07-23 23:00:00,15455.0
2003-07-24 00:00:00,14102.0
2003-07-24 01:00:00,13338.0
2003-07-24 02:00:00,12913.0
2003-07-24 03:00:00,12722.0
2003-07-24 04:00:00,12848.0
2003-07-24 05:00:00,13655.0
2003-07-24 06:00:00,15185.0
2003-07-24 07:00:00,17076.0
2003-07-24 08:00:00,18241.0
2003-07-24 09:00:00,18999.0
2003-07-24 10:00:00,19631.0
2003-07-24 11:00:00,20190.0
2003-07-24 12:00:00,20494.0
2003-07-24 13:00:00,20896.0
2003-07-24 14:00:00,21017.0
2003-07-24 15:00:00,20898.0
2003-07-24 16:00:00,20851.0
2003-07-24 17:00:00,20535.0
2003-07-24 18:00:00,19849.0
2003-07-24 19:00:00,19237.0
2003-07-24 20:00:00,19247.0
2003-07-24 21:00:00,18680.0
2003-07-24 22:00:00,16973.0
2003-07-24 23:00:00,15169.0
2003-07-25 00:00:00,13810.0
2003-07-25 01:00:00,12999.0
2003-07-25 02:00:00,12503.0
2003-07-25 03:00:00,12259.0
2003-07-25 04:00:00,12303.0
2003-07-25 05:00:00,12963.0
2003-07-25 06:00:00,14388.0
2003-07-25 07:00:00,16146.0
2003-07-25 08:00:00,17560.0
2003-07-25 09:00:00,18579.0
2003-07-25 10:00:00,19426.0
2003-07-25 11:00:00,19919.0
2003-07-25 12:00:00,20213.0
2003-07-25 13:00:00,20566.0
2003-07-25 14:00:00,20716.0
2003-07-25 15:00:00,20724.0
2003-07-25 16:00:00,20669.0
2003-07-25 17:00:00,20361.0
2003-07-25 18:00:00,19682.0
2003-07-25 19:00:00,18922.0
2003-07-25 20:00:00,18735.0
2003-07-25 21:00:00,18230.0
2003-07-25 22:00:00,16690.0
2003-07-25 23:00:00,14945.0
2003-07-26 00:00:00,13494.0
2003-07-26 01:00:00,12546.0
2003-07-26 02:00:00,11967.0
2003-07-26 03:00:00,11584.0
2003-07-26 04:00:00,11428.0
2003-07-26 05:00:00,11471.0
2003-07-26 06:00:00,12046.0
2003-07-26 07:00:00,13467.0
2003-07-26 08:00:00,15186.0
2003-07-26 09:00:00,16652.0
2003-07-26 10:00:00,17694.0
2003-07-26 11:00:00,18320.0
2003-07-26 12:00:00,18508.0
2003-07-26 13:00:00,18515.0
2003-07-26 14:00:00,18509.0
2003-07-26 15:00:00,18538.0
2003-07-26 16:00:00,18642.0
2003-07-26 17:00:00,18644.0
2003-07-26 18:00:00,18269.0
2003-07-26 19:00:00,17790.0
2003-07-26 20:00:00,17916.0
2003-07-26 21:00:00,17574.0
2003-07-26 22:00:00,16317.0
2003-07-26 23:00:00,14868.0
2003-07-27 00:00:00,13658.0
2003-07-27 01:00:00,12887.0
2003-07-27 02:00:00,12383.0
2003-07-27 03:00:00,12065.0
2003-07-27 04:00:00,11952.0
2003-07-27 05:00:00,12007.0
2003-07-27 06:00:00,12239.0
2003-07-27 07:00:00,12984.0
2003-07-27 08:00:00,14149.0
2003-07-27 09:00:00,15333.0
2003-07-27 10:00:00,16444.0
2003-07-27 11:00:00,17379.0
2003-07-27 12:00:00,18015.0
2003-07-27 13:00:00,18252.0
2003-07-27 14:00:00,18441.0
2003-07-27 15:00:00,18704.0
2003-07-27 16:00:00,18881.0
2003-07-27 17:00:00,18963.0
2003-07-27 18:00:00,18854.0
2003-07-27 19:00:00,18832.0
2003-07-27 20:00:00,19224.0
2003-07-27 21:00:00,18867.0
2003-07-27 22:00:00,17485.0
2003-07-27 23:00:00,15950.0
2003-07-28 00:00:00,14662.0
2003-07-28 01:00:00,13821.0
2003-07-28 02:00:00,13272.0
2003-07-28 03:00:00,12887.0
2003-07-28 04:00:00,12898.0
2003-07-28 05:00:00,13480.0
2003-07-28 06:00:00,14828.0
2003-07-28 07:00:00,16641.0
2003-07-28 08:00:00,18012.0
2003-07-28 09:00:00,18967.0
2003-07-28 10:00:00,19665.0
2003-07-28 11:00:00,20026.0
2003-07-28 12:00:00,20182.0
2003-07-28 13:00:00,20355.0
2003-07-28 14:00:00,20431.0
2003-07-28 15:00:00,20388.0
2003-07-28 16:00:00,20361.0
2003-07-28 17:00:00,20030.0
2003-07-28 18:00:00,19312.0
2003-07-28 19:00:00,18655.0
2003-07-28 20:00:00,18773.0
2003-07-28 21:00:00,18066.0
2003-07-28 22:00:00,16264.0
2003-07-28 23:00:00,14486.0
2003-07-29 00:00:00,13165.0
2003-07-29 01:00:00,12428.0
2003-07-29 02:00:00,11990.0
2003-07-29 03:00:00,11739.0
2003-07-29 04:00:00,11834.0
2003-07-29 05:00:00,12552.0
2003-07-29 06:00:00,13968.0
2003-07-29 07:00:00,15676.0
2003-07-29 08:00:00,16921.0
2003-07-29 09:00:00,17850.0
2003-07-29 10:00:00,18598.0
2003-07-29 11:00:00,19029.0
2003-07-29 12:00:00,19254.0
2003-07-29 13:00:00,19562.0
2003-07-29 14:00:00,19696.0
2003-07-29 15:00:00,19692.0
2003-07-29 16:00:00,19696.0
2003-07-29 17:00:00,19483.0
2003-07-29 18:00:00,18877.0
2003-07-29 19:00:00,18210.0
2003-07-29 20:00:00,18273.0
2003-07-29 21:00:00,17708.0
2003-07-29 22:00:00,15957.0
2003-07-29 23:00:00,14190.0
2003-07-30 00:00:00,12874.0
2003-07-30 01:00:00,12122.0
2003-07-30 02:00:00,11674.0
2003-07-30 03:00:00,11444.0
2003-07-30 04:00:00,11549.0
2003-07-30 05:00:00,12195.0
2003-07-30 06:00:00,13687.0
2003-07-30 07:00:00,15631.0
2003-07-30 08:00:00,17073.0
2003-07-30 09:00:00,18178.0
2003-07-30 10:00:00,19053.0
2003-07-30 11:00:00,19591.0
2003-07-30 12:00:00,19865.0
2003-07-30 13:00:00,20158.0
2003-07-30 14:00:00,20247.0
2003-07-30 15:00:00,20175.0
2003-07-30 16:00:00,20075.0
2003-07-30 17:00:00,19750.0
2003-07-30 18:00:00,19099.0
2003-07-30 19:00:00,18441.0
2003-07-30 20:00:00,18511.0
2003-07-30 21:00:00,17934.0
2003-07-30 22:00:00,16148.0
2003-07-30 23:00:00,14311.0
2003-07-31 00:00:00,12953.0
2003-07-31 01:00:00,12151.0
2003-07-31 02:00:00,11682.0
2003-07-31 03:00:00,11479.0
2003-07-31 04:00:00,11572.0
2003-07-31 05:00:00,12205.0
2003-07-31 06:00:00,13660.0
2003-07-31 07:00:00,15548.0
2003-07-31 08:00:00,16906.0
2003-07-31 09:00:00,17882.0
2003-07-31 10:00:00,18641.0
2003-07-31 11:00:00,19122.0
2003-07-31 12:00:00,19336.0
2003-07-31 13:00:00,19614.0
2003-07-31 14:00:00,19684.0
2003-07-31 15:00:00,19660.0
2003-07-31 16:00:00,19534.0
2003-07-31 17:00:00,19111.0
2003-07-31 18:00:00,18384.0
2003-07-31 19:00:00,17756.0
2003-07-31 20:00:00,17925.0
2003-07-31 21:00:00,17298.0
2003-07-31 22:00:00,15674.0
2003-07-31 23:00:00,13992.0
2003-08-01 00:00:00,12736.0
2003-08-01 01:00:00,12025.0
2003-08-01 02:00:00,11640.0
2003-08-01 03:00:00,11495.0
2003-08-01 04:00:00,11625.0
2003-08-01 05:00:00,12425.0
2003-08-01 06:00:00,13869.0
2003-08-01 07:00:00,15574.0
2003-08-01 08:00:00,16799.0
2003-08-01 09:00:00,17569.0
2003-08-01 10:00:00,18110.0
2003-08-01 11:00:00,18288.0
2003-08-01 12:00:00,18231.0
2003-08-01 13:00:00,18175.0
2003-08-01 14:00:00,17956.0
2003-08-01 15:00:00,17628.0
2003-08-01 16:00:00,17460.0
2003-08-01 17:00:00,17287.0
2003-08-01 18:00:00,16971.0
2003-08-01 19:00:00,16696.0
2003-08-01 20:00:00,16700.0
2003-08-01 21:00:00,16039.0
2003-08-01 22:00:00,14738.0
2003-08-01 23:00:00,13362.0
2003-08-02 00:00:00,12248.0
2003-08-02 01:00:00,11568.0
2003-08-02 02:00:00,11173.0
2003-08-02 03:00:00,10939.0
2003-08-02 04:00:00,10908.0
2003-08-02 05:00:00,11155.0
2003-08-02 06:00:00,11707.0
2003-08-02 07:00:00,12731.0
2003-08-02 08:00:00,14060.0
2003-08-02 09:00:00,15209.0
2003-08-02 10:00:00,15953.0
2003-08-02 11:00:00,16389.0
2003-08-02 12:00:00,16572.0
2003-08-02 13:00:00,16737.0
2003-08-02 14:00:00,16871.0
2003-08-02 15:00:00,17050.0
2003-08-02 16:00:00,17236.0
2003-08-02 17:00:00,17290.0
2003-08-02 18:00:00,17101.0
2003-08-02 19:00:00,16861.0
2003-08-02 20:00:00,17137.0
2003-08-02 21:00:00,16690.0
2003-08-02 22:00:00,15501.0
2003-08-02 23:00:00,14216.0
2003-08-03 00:00:00,13117.0
2003-08-03 01:00:00,12369.0
2003-08-03 02:00:00,11930.0
2003-08-03 03:00:00,11641.0
2003-08-03 04:00:00,11539.0
2003-08-03 05:00:00,11617.0
2003-08-03 06:00:00,11845.0
2003-08-03 07:00:00,12713.0
2003-08-03 08:00:00,13959.0
2003-08-03 09:00:00,15203.0
2003-08-03 10:00:00,16223.0
2003-08-03 11:00:00,17038.0
2003-08-03 12:00:00,17702.0
2003-08-03 13:00:00,18113.0
2003-08-03 14:00:00,18296.0
2003-08-03 15:00:00,18366.0
2003-08-03 16:00:00,18382.0
2003-08-03 17:00:00,18417.0
2003-08-03 18:00:00,18248.0
2003-08-03 19:00:00,18171.0
2003-08-03 20:00:00,18496.0
2003-08-03 21:00:00,17858.0
2003-08-03 22:00:00,16416.0
2003-08-03 23:00:00,14955.0
2003-08-04 00:00:00,13871.0
2003-08-04 01:00:00,13240.0
2003-08-04 02:00:00,12899.0
2003-08-04 03:00:00,12757.0
2003-08-04 04:00:00,12925.0
2003-08-04 05:00:00,13790.0
2003-08-04 06:00:00,15406.0
2003-08-04 07:00:00,17363.0
2003-08-04 08:00:00,18854.0
2003-08-04 09:00:00,19900.0
2003-08-04 10:00:00,20671.0
2003-08-04 11:00:00,21061.0
2003-08-04 12:00:00,21285.0
2003-08-04 13:00:00,21506.0
2003-08-04 14:00:00,21487.0
2003-08-04 15:00:00,21422.0
2003-08-04 16:00:00,21302.0
2003-08-04 17:00:00,21111.0
2003-08-04 18:00:00,20698.0
2003-08-04 19:00:00,20304.0
2003-08-04 20:00:00,20337.0
2003-08-04 21:00:00,19410.0
2003-08-04 22:00:00,17615.0
2003-08-04 23:00:00,15849.0
2003-08-05 00:00:00,14545.0
2003-08-05 01:00:00,13778.0
2003-08-05 02:00:00,13352.0
2003-08-05 03:00:00,13182.0
2003-08-05 04:00:00,13917.0
2003-08-05 05:00:00,14786.0
2003-08-05 06:00:00,16396.0
2003-08-05 07:00:00,18226.0
2003-08-05 08:00:00,19500.0
2003-08-05 09:00:00,20488.0
2003-08-05 10:00:00,21212.0
2003-08-05 11:00:00,21763.0
2003-08-05 12:00:00,22119.0
2003-08-05 13:00:00,22360.0
2003-08-05 14:00:00,22377.0
2003-08-05 15:00:00,22139.0
2003-08-05 16:00:00,21889.0
2003-08-05 17:00:00,21602.0
2003-08-05 18:00:00,21092.0
2003-08-05 19:00:00,20764.0
2003-08-05 20:00:00,20843.0
2003-08-05 21:00:00,19871.0
2003-08-05 22:00:00,18087.0
2003-08-05 23:00:00,16295.0
2003-08-06 00:00:00,14413.0
2003-08-06 01:00:00,13634.0
2003-08-06 02:00:00,13221.0
2003-08-06 03:00:00,12997.0
2003-08-06 04:00:00,13127.0
2003-08-06 05:00:00,13920.0
2003-08-06 06:00:00,15440.0
2003-08-06 07:00:00,17340.0
2003-08-06 08:00:00,18740.0
2003-08-06 09:00:00,19778.0
2003-08-06 10:00:00,20661.0
2003-08-06 11:00:00,21278.0
2003-08-06 12:00:00,21585.0
2003-08-06 13:00:00,21912.0
2003-08-06 14:00:00,22090.0
2003-08-06 15:00:00,22030.0
2003-08-06 16:00:00,21930.0
2003-08-06 17:00:00,21572.0
2003-08-06 18:00:00,20832.0
2003-08-06 19:00:00,20193.0
2003-08-06 20:00:00,20267.0
2003-08-06 21:00:00,19371.0
2003-08-06 22:00:00,17523.0
2003-08-06 23:00:00,15689.0
2003-08-07 00:00:00,14300.0
2003-08-07 01:00:00,13490.0
2003-08-07 02:00:00,13047.0
2003-08-07 03:00:00,12833.0
2003-08-07 04:00:00,12958.0
2003-08-07 05:00:00,13799.0
2003-08-07 06:00:00,15328.0
2003-08-07 07:00:00,17161.0
2003-08-07 08:00:00,18440.0
2003-08-07 09:00:00,19528.0
2003-08-07 10:00:00,20384.0
2003-08-07 11:00:00,20966.0
2003-08-07 12:00:00,21288.0
2003-08-07 13:00:00,21614.0
2003-08-07 14:00:00,21612.0
2003-08-07 15:00:00,21420.0
2003-08-07 16:00:00,21185.0
2003-08-07 17:00:00,20760.0
2003-08-07 18:00:00,20307.0
2003-08-07 19:00:00,20046.0
2003-08-07 20:00:00,20174.0
2003-08-07 21:00:00,19244.0
2003-08-07 22:00:00,17470.0
2003-08-07 23:00:00,15683.0
2003-08-08 00:00:00,14296.0
2003-08-08 01:00:00,13464.0
2003-08-08 02:00:00,12983.0
2003-08-08 03:00:00,12745.0
2003-08-08 04:00:00,12873.0
2003-08-08 05:00:00,13657.0
2003-08-08 06:00:00,15137.0
2003-08-08 07:00:00,16870.0
2003-08-08 08:00:00,18152.0
2003-08-08 09:00:00,19036.0
2003-08-08 10:00:00,19752.0
2003-08-08 11:00:00,20048.0
2003-08-08 12:00:00,20130.0
2003-08-08 13:00:00,20228.0
2003-08-08 14:00:00,20209.0
2003-08-08 15:00:00,20012.0
2003-08-08 16:00:00,19880.0
2003-08-08 17:00:00,19551.0
2003-08-08 18:00:00,19042.0
2003-08-08 19:00:00,18649.0
2003-08-08 20:00:00,18870.0
2003-08-08 21:00:00,18232.0
2003-08-08 22:00:00,16816.0
2003-08-08 23:00:00,15277.0
2003-08-09 00:00:00,14020.0
2003-08-09 01:00:00,13233.0
2003-08-09 02:00:00,12752.0
2003-08-09 03:00:00,12434.0
2003-08-09 04:00:00,12357.0
2003-08-09 05:00:00,12633.0
2003-08-09 06:00:00,13151.0
2003-08-09 07:00:00,14288.0
2003-08-09 08:00:00,15787.0
2003-08-09 09:00:00,17114.0
2003-08-09 10:00:00,17961.0
2003-08-09 11:00:00,18497.0
2003-08-09 12:00:00,18785.0
2003-08-09 13:00:00,18862.0
2003-08-09 14:00:00,18792.0
2003-08-09 15:00:00,18717.0
2003-08-09 16:00:00,18637.0
2003-08-09 17:00:00,18496.0
2003-08-09 18:00:00,18264.0
2003-08-09 19:00:00,18141.0
2003-08-09 20:00:00,18441.0
2003-08-09 21:00:00,17897.0
2003-08-09 22:00:00,16680.0
2003-08-09 23:00:00,15360.0
2003-08-10 00:00:00,14164.0
2003-08-10 01:00:00,13412.0
2003-08-10 02:00:00,12921.0
2003-08-10 03:00:00,12631.0
2003-08-10 04:00:00,12560.0
2003-08-10 05:00:00,12640.0
2003-08-10 06:00:00,12916.0
2003-08-10 07:00:00,13782.0
2003-08-10 08:00:00,15129.0
2003-08-10 09:00:00,16461.0
2003-08-10 10:00:00,17534.0
2003-08-10 11:00:00,18271.0
2003-08-10 12:00:00,18631.0
2003-08-10 13:00:00,18696.0
2003-08-10 14:00:00,18825.0
2003-08-10 15:00:00,19007.0
2003-08-10 16:00:00,19190.0
2003-08-10 17:00:00,19221.0
2003-08-10 18:00:00,18951.0
2003-08-10 19:00:00,18751.0
2003-08-10 20:00:00,19180.0
2003-08-10 21:00:00,18505.0
2003-08-10 22:00:00,16999.0
2003-08-10 23:00:00,15477.0
2003-08-11 00:00:00,14310.0
2003-08-11 01:00:00,13613.0
2003-08-11 02:00:00,13230.0
2003-08-11 03:00:00,13048.0
2003-08-11 04:00:00,13216.0
2003-08-11 05:00:00,14064.0
2003-08-11 06:00:00,15546.0
2003-08-11 07:00:00,17395.0
2003-08-11 08:00:00,18825.0
2003-08-11 09:00:00,19958.0
2003-08-11 10:00:00,20936.0
2003-08-11 11:00:00,21658.0
2003-08-11 12:00:00,22126.0
2003-08-11 13:00:00,22569.0
2003-08-11 14:00:00,22742.0
2003-08-11 15:00:00,22761.0
2003-08-11 16:00:00,22712.0
2003-08-11 17:00:00,22442.0
2003-08-11 18:00:00,21791.0
2003-08-11 19:00:00,21351.0
2003-08-11 20:00:00,21345.0
2003-08-11 21:00:00,20208.0
2003-08-11 22:00:00,18288.0
2003-08-11 23:00:00,16475.0
2003-08-12 00:00:00,15085.0
2003-08-12 01:00:00,14275.0
2003-08-12 02:00:00,13808.0
2003-08-12 03:00:00,13547.0
2003-08-12 04:00:00,13702.0
2003-08-12 05:00:00,14432.0
2003-08-12 06:00:00,15888.0
2003-08-12 07:00:00,17717.0
2003-08-12 08:00:00,19117.0
2003-08-12 09:00:00,20131.0
2003-08-12 10:00:00,20995.0
2003-08-12 11:00:00,21532.0
2003-08-12 12:00:00,21896.0
2003-08-12 13:00:00,22296.0
2003-08-12 14:00:00,22382.0
2003-08-12 15:00:00,22275.0
2003-08-12 16:00:00,22288.0
2003-08-12 17:00:00,21969.0
2003-08-12 18:00:00,21347.0
2003-08-12 19:00:00,20868.0
2003-08-12 20:00:00,20903.0
2003-08-12 21:00:00,19807.0
2003-08-12 22:00:00,17952.0
2003-08-12 23:00:00,16146.0
2003-08-13 00:00:00,14785.0
2003-08-13 01:00:00,13985.0
2003-08-13 02:00:00,13564.0
2003-08-13 03:00:00,13353.0
2003-08-13 04:00:00,13524.0
2003-08-13 05:00:00,14374.0
2003-08-13 06:00:00,15936.0
2003-08-13 07:00:00,17708.0
2003-08-13 08:00:00,19030.0
2003-08-13 09:00:00,19985.0
2003-08-13 10:00:00,20871.0
2003-08-13 11:00:00,21584.0
2003-08-13 12:00:00,22122.0
2003-08-13 13:00:00,22586.0
2003-08-13 14:00:00,22595.0
2003-08-13 15:00:00,22409.0
2003-08-13 16:00:00,22340.0
2003-08-13 17:00:00,22203.0
2003-08-13 18:00:00,21694.0
2003-08-13 19:00:00,21116.0
2003-08-13 20:00:00,21235.0
2003-08-13 21:00:00,20307.0
2003-08-13 22:00:00,18377.0
2003-08-13 23:00:00,16426.0
2003-08-14 00:00:00,14972.0
2003-08-14 01:00:00,14078.0
2003-08-14 02:00:00,13508.0
2003-08-14 03:00:00,13190.0
2003-08-14 04:00:00,13251.0
2003-08-14 05:00:00,13953.0
2003-08-14 06:00:00,15379.0
2003-08-14 07:00:00,17382.0
2003-08-14 08:00:00,19058.0
2003-08-14 09:00:00,20320.0
2003-08-14 10:00:00,21349.0
2003-08-14 11:00:00,21991.0
2003-08-14 12:00:00,22371.0
2003-08-14 13:00:00,22790.0
2003-08-14 14:00:00,23024.0
2003-08-14 15:00:00,23025.0
2003-08-14 16:00:00,20779.0
2003-08-14 17:00:00,19945.0
2003-08-14 18:00:00,19689.0
2003-08-14 19:00:00,19437.0
2003-08-14 20:00:00,19873.0
2003-08-14 21:00:00,19091.0
2003-08-14 22:00:00,17455.0
2003-08-14 23:00:00,15752.0
2003-08-15 00:00:00,14447.0
2003-08-15 01:00:00,13658.0
2003-08-15 02:00:00,13169.0
2003-08-15 03:00:00,12834.0
2003-08-15 04:00:00,12840.0
2003-08-15 05:00:00,13483.0
2003-08-15 06:00:00,14808.0
2003-08-15 07:00:00,16686.0
2003-08-15 08:00:00,18192.0
2003-08-15 09:00:00,19342.0
2003-08-15 10:00:00,20335.0
2003-08-15 11:00:00,21047.0
2003-08-15 12:00:00,21521.0
2003-08-15 13:00:00,22016.0
2003-08-15 14:00:00,22257.0
2003-08-15 15:00:00,22286.0
2003-08-15 16:00:00,22264.0
2003-08-15 17:00:00,21860.0
2003-08-15 18:00:00,21078.0
2003-08-15 19:00:00,20333.0
2003-08-15 20:00:00,20374.0
2003-08-15 21:00:00,19429.0
2003-08-15 22:00:00,17766.0
2003-08-15 23:00:00,15963.0
2003-08-16 00:00:00,14576.0
2003-08-16 01:00:00,13666.0
2003-08-16 02:00:00,13082.0
2003-08-16 03:00:00,12661.0
2003-08-16 04:00:00,12513.0
2003-08-16 05:00:00,12632.0
2003-08-16 06:00:00,13080.0
2003-08-16 07:00:00,14402.0
2003-08-16 08:00:00,16144.0
2003-08-16 09:00:00,17691.0
2003-08-16 10:00:00,18609.0
2003-08-16 11:00:00,19142.0
2003-08-16 12:00:00,19578.0
2003-08-16 13:00:00,19833.0
2003-08-16 14:00:00,20029.0
2003-08-16 15:00:00,20051.0
2003-08-16 16:00:00,19900.0
2003-08-16 17:00:00,19597.0
2003-08-16 18:00:00,18998.0
2003-08-16 19:00:00,18628.0
2003-08-16 20:00:00,18579.0
2003-08-16 21:00:00,17801.0
2003-08-16 22:00:00,16463.0
2003-08-16 23:00:00,14995.0
2003-08-17 00:00:00,13750.0
2003-08-17 01:00:00,12929.0
2003-08-17 02:00:00,12415.0
2003-08-17 03:00:00,12080.0
2003-08-17 04:00:00,11906.0
2003-08-17 05:00:00,11936.0
2003-08-17 06:00:00,12081.0
2003-08-17 07:00:00,12885.0
2003-08-17 08:00:00,14037.0
2003-08-17 09:00:00,15100.0
2003-08-17 10:00:00,15789.0
2003-08-17 11:00:00,16211.0
2003-08-17 12:00:00,16373.0
2003-08-17 13:00:00,16313.0
2003-08-17 14:00:00,16191.0
2003-08-17 15:00:00,16123.0
2003-08-17 16:00:00,16193.0
2003-08-17 17:00:00,16234.0
2003-08-17 18:00:00,16021.0
2003-08-17 19:00:00,16000.0
2003-08-17 20:00:00,16322.0
2003-08-17 21:00:00,15593.0
2003-08-17 22:00:00,14308.0
2003-08-17 23:00:00,13077.0
2003-08-18 00:00:00,12116.0
2003-08-18 01:00:00,11554.0
2003-08-18 02:00:00,11254.0
2003-08-18 03:00:00,11152.0
2003-08-18 04:00:00,11355.0
2003-08-18 05:00:00,12217.0
2003-08-18 06:00:00,13656.0
2003-08-18 07:00:00,15475.0
2003-08-18 08:00:00,16893.0
2003-08-18 09:00:00,17913.0
2003-08-18 10:00:00,18621.0
2003-08-18 11:00:00,19014.0
2003-08-18 12:00:00,19147.0
2003-08-18 13:00:00,19295.0
2003-08-18 14:00:00,19234.0
2003-08-18 15:00:00,19132.0
2003-08-18 16:00:00,19074.0
2003-08-18 17:00:00,18864.0
2003-08-18 18:00:00,18334.0
2003-08-18 19:00:00,18008.0
2003-08-18 20:00:00,18292.0
2003-08-18 21:00:00,17290.0
2003-08-18 22:00:00,15573.0
2003-08-18 23:00:00,13916.0
2003-08-19 00:00:00,12702.0
2003-08-19 01:00:00,12016.0
2003-08-19 02:00:00,11628.0
2003-08-19 03:00:00,11437.0
2003-08-19 04:00:00,11588.0
2003-08-19 05:00:00,12371.0
2003-08-19 06:00:00,13792.0
2003-08-19 07:00:00,15645.0
2003-08-19 08:00:00,17117.0
2003-08-19 09:00:00,18254.0
2003-08-19 10:00:00,19177.0
2003-08-19 11:00:00,19860.0
2003-08-19 12:00:00,20250.0
2003-08-19 13:00:00,20699.0
2003-08-19 14:00:00,20938.0
2003-08-19 15:00:00,21027.0
2003-08-19 16:00:00,21083.0
2003-08-19 17:00:00,20838.0
2003-08-19 18:00:00,20227.0
2003-08-19 19:00:00,19725.0
2003-08-19 20:00:00,19944.0
2003-08-19 21:00:00,18847.0
2003-08-19 22:00:00,16934.0
2003-08-19 23:00:00,15109.0
2003-08-20 00:00:00,13776.0
2003-08-20 01:00:00,12951.0
2003-08-20 02:00:00,12472.0
2003-08-20 03:00:00,12208.0
2003-08-20 04:00:00,12294.0
2003-08-20 05:00:00,13055.0
2003-08-20 06:00:00,14458.0
2003-08-20 07:00:00,16331.0
2003-08-20 08:00:00,17843.0
2003-08-20 09:00:00,19066.0
2003-08-20 10:00:00,20086.0
2003-08-20 11:00:00,20796.0
2003-08-20 12:00:00,21330.0
2003-08-20 13:00:00,21905.0
2003-08-20 14:00:00,22286.0
2003-08-20 15:00:00,22480.0
2003-08-20 16:00:00,22650.0
2003-08-20 17:00:00,22397.0
2003-08-20 18:00:00,21763.0
2003-08-20 19:00:00,21340.0
2003-08-20 20:00:00,21555.0
2003-08-20 21:00:00,20347.0
2003-08-20 22:00:00,18322.0
2003-08-20 23:00:00,16317.0
2003-08-21 00:00:00,14819.0
2003-08-21 01:00:00,13904.0
2003-08-21 02:00:00,13365.0
2003-08-21 03:00:00,13031.0
2003-08-21 04:00:00,13077.0
2003-08-21 05:00:00,13851.0
2003-08-21 06:00:00,15247.0
2003-08-21 07:00:00,17127.0
2003-08-21 08:00:00,18788.0
2003-08-21 09:00:00,20140.0
2003-08-21 10:00:00,21274.0
2003-08-21 11:00:00,22074.0
2003-08-21 12:00:00,22596.0
2003-08-21 13:00:00,23053.0
2003-08-21 14:00:00,23264.0
2003-08-21 15:00:00,23345.0
2003-08-21 16:00:00,23342.0
2003-08-21 17:00:00,22970.0
2003-08-21 18:00:00,22255.0
2003-08-21 19:00:00,21825.0
2003-08-21 20:00:00,21972.0
2003-08-21 21:00:00,20741.0
2003-08-21 22:00:00,18771.0
2003-08-21 23:00:00,16804.0
2003-08-22 00:00:00,15339.0
2003-08-22 01:00:00,14471.0
2003-08-22 02:00:00,13945.0
2003-08-22 03:00:00,13642.0
2003-08-22 04:00:00,13734.0
2003-08-22 05:00:00,14477.0
2003-08-22 06:00:00,15915.0
2003-08-22 07:00:00,17864.0
2003-08-22 08:00:00,19628.0
2003-08-22 09:00:00,21108.0
2003-08-22 10:00:00,22366.0
2003-08-22 11:00:00,23241.0
2003-08-22 12:00:00,23790.0
2003-08-22 13:00:00,24229.0
2003-08-22 14:00:00,24330.0
2003-08-22 15:00:00,24177.0
2003-08-22 16:00:00,23772.0
2003-08-22 17:00:00,23063.0
2003-08-22 18:00:00,21869.0
2003-08-22 19:00:00,21129.0
2003-08-22 20:00:00,21008.0
2003-08-22 21:00:00,19940.0
2003-08-22 22:00:00,18248.0
2003-08-22 23:00:00,16374.0
2003-08-23 00:00:00,14824.0
2003-08-23 01:00:00,13740.0
2003-08-23 02:00:00,13045.0
2003-08-23 03:00:00,12566.0
2003-08-23 04:00:00,12317.0
2003-08-23 05:00:00,12384.0
2003-08-23 06:00:00,12727.0
2003-08-23 07:00:00,13908.0
2003-08-23 08:00:00,15439.0
2003-08-23 09:00:00,16569.0
2003-08-23 10:00:00,17210.0
2003-08-23 11:00:00,17429.0
2003-08-23 12:00:00,17349.0
2003-08-23 13:00:00,17176.0
2003-08-23 14:00:00,16990.0
2003-08-23 15:00:00,16851.0
2003-08-23 16:00:00,16745.0
2003-08-23 17:00:00,16528.0
2003-08-23 18:00:00,16005.0
2003-08-23 19:00:00,15674.0
2003-08-23 20:00:00,15870.0
2003-08-23 21:00:00,15091.0
2003-08-23 22:00:00,13820.0
2003-08-23 23:00:00,12458.0
2003-08-24 00:00:00,11374.0
2003-08-24 01:00:00,10670.0
2003-08-24 02:00:00,10243.0
2003-08-24 03:00:00,9974.0
2003-08-24 04:00:00,9875.0
2003-08-24 05:00:00,9941.0
2003-08-24 06:00:00,10085.0
2003-08-24 07:00:00,10913.0
2003-08-24 08:00:00,12069.0
2003-08-24 09:00:00,12971.0
2003-08-24 10:00:00,13494.0
2003-08-24 11:00:00,13766.0
2003-08-24 12:00:00,13869.0
2003-08-24 13:00:00,13781.0
2003-08-24 14:00:00,13699.0
2003-08-24 15:00:00,13763.0
2003-08-24 16:00:00,13986.0
2003-08-24 17:00:00,14171.0
2003-08-24 18:00:00,14138.0
2003-08-24 19:00:00,14408.0
2003-08-24 20:00:00,14836.0
2003-08-24 21:00:00,14083.0
2003-08-24 22:00:00,12816.0
2003-08-24 23:00:00,11667.0
2003-08-25 00:00:00,10836.0
2003-08-25 01:00:00,10370.0
2003-08-25 02:00:00,10186.0
2003-08-25 03:00:00,10141.0
2003-08-25 04:00:00,10394.0
2003-08-25 05:00:00,11362.0
2003-08-25 06:00:00,12894.0
2003-08-25 07:00:00,14558.0
2003-08-25 08:00:00,15724.0
2003-08-25 09:00:00,16477.0
2003-08-25 10:00:00,17145.0
2003-08-25 11:00:00,17570.0
2003-08-25 12:00:00,17805.0
2003-08-25 13:00:00,18124.0
2003-08-25 14:00:00,18223.0
2003-08-25 15:00:00,18278.0
2003-08-25 16:00:00,18377.0
2003-08-25 17:00:00,18266.0
2003-08-25 18:00:00,17989.0
2003-08-25 19:00:00,18122.0
2003-08-25 20:00:00,18327.0
2003-08-25 21:00:00,17240.0
2003-08-25 22:00:00,15561.0
2003-08-25 23:00:00,13964.0
2003-08-26 00:00:00,12774.0
2003-08-26 01:00:00,12051.0
2003-08-26 02:00:00,11627.0
2003-08-26 03:00:00,11423.0
2003-08-26 04:00:00,11541.0
2003-08-26 05:00:00,12372.0
2003-08-26 06:00:00,13853.0
2003-08-26 07:00:00,15595.0
2003-08-26 08:00:00,16948.0
2003-08-26 09:00:00,17918.0
2003-08-26 10:00:00,18695.0
2003-08-26 11:00:00,19125.0
2003-08-26 12:00:00,19420.0
2003-08-26 13:00:00,19746.0
2003-08-26 14:00:00,19827.0
2003-08-26 15:00:00,19692.0
2003-08-26 16:00:00,19504.0
2003-08-26 17:00:00,19178.0
2003-08-26 18:00:00,18733.0
2003-08-26 19:00:00,18836.0
2003-08-26 20:00:00,18951.0
2003-08-26 21:00:00,17838.0
2003-08-26 22:00:00,16086.0
2003-08-26 23:00:00,14437.0
2003-08-27 00:00:00,13254.0
2003-08-27 01:00:00,12554.0
2003-08-27 02:00:00,12188.0
2003-08-27 03:00:00,12006.0
2003-08-27 04:00:00,12172.0
2003-08-27 05:00:00,13124.0
2003-08-27 06:00:00,14796.0
2003-08-27 07:00:00,16614.0
2003-08-27 08:00:00,18027.0
2003-08-27 09:00:00,19284.0
2003-08-27 10:00:00,20102.0
2003-08-27 11:00:00,20495.0
2003-08-27 12:00:00,20714.0
2003-08-27 13:00:00,21014.0
2003-08-27 14:00:00,21052.0
2003-08-27 15:00:00,20971.0
2003-08-27 16:00:00,20870.0
2003-08-27 17:00:00,20517.0
2003-08-27 18:00:00,19851.0
2003-08-27 19:00:00,19608.0
2003-08-27 20:00:00,19689.0
2003-08-27 21:00:00,18416.0
2003-08-27 22:00:00,16486.0
2003-08-27 23:00:00,14666.0
2003-08-28 00:00:00,13307.0
2003-08-28 01:00:00,12475.0
2003-08-28 02:00:00,11953.0
2003-08-28 03:00:00,11631.0
2003-08-28 04:00:00,11673.0
2003-08-28 05:00:00,12435.0
2003-08-28 06:00:00,13901.0
2003-08-28 07:00:00,15455.0
2003-08-28 08:00:00,16557.0
2003-08-28 09:00:00,17328.0
2003-08-28 10:00:00,17823.0
2003-08-28 11:00:00,18118.0
2003-08-28 12:00:00,18197.0
2003-08-28 13:00:00,18339.0
2003-08-28 14:00:00,18332.0
2003-08-28 15:00:00,18273.0
2003-08-28 16:00:00,18204.0
2003-08-28 17:00:00,17829.0
2003-08-28 18:00:00,17238.0
2003-08-28 19:00:00,17158.0
2003-08-28 20:00:00,17238.0
2003-08-28 21:00:00,16064.0
2003-08-28 22:00:00,14379.0
2003-08-28 23:00:00,12833.0
2003-08-29 00:00:00,11695.0
2003-08-29 01:00:00,11052.0
2003-08-29 02:00:00,10690.0
2003-08-29 03:00:00,10535.0
2003-08-29 04:00:00,10664.0
2003-08-29 05:00:00,11487.0
2003-08-29 06:00:00,12909.0
2003-08-29 07:00:00,14526.0
2003-08-29 08:00:00,15752.0
2003-08-29 09:00:00,16673.0
2003-08-29 10:00:00,17370.0
2003-08-29 11:00:00,17781.0
2003-08-29 12:00:00,17976.0
2003-08-29 13:00:00,18230.0
2003-08-29 14:00:00,18261.0
2003-08-29 15:00:00,18182.0
2003-08-29 16:00:00,18069.0
2003-08-29 17:00:00,17792.0
2003-08-29 18:00:00,17443.0
2003-08-29 19:00:00,17635.0
2003-08-29 20:00:00,17631.0
2003-08-29 21:00:00,16888.0
2003-08-29 22:00:00,15629.0
2003-08-29 23:00:00,14324.0
2003-08-30 00:00:00,13317.0
2003-08-30 01:00:00,12710.0
2003-08-30 02:00:00,12384.0
2003-08-30 03:00:00,12149.0
2003-08-30 04:00:00,12114.0
2003-08-30 05:00:00,12375.0
2003-08-30 06:00:00,12895.0
2003-08-30 07:00:00,13943.0
2003-08-30 08:00:00,15415.0
2003-08-30 09:00:00,16506.0
2003-08-30 10:00:00,17137.0
2003-08-30 11:00:00,17467.0
2003-08-30 12:00:00,17614.0
2003-08-30 13:00:00,17458.0
2003-08-30 14:00:00,17202.0
2003-08-30 15:00:00,16736.0
2003-08-30 16:00:00,16362.0
2003-08-30 17:00:00,16124.0
2003-08-30 18:00:00,15840.0
2003-08-30 19:00:00,15834.0
2003-08-30 20:00:00,15788.0
2003-08-30 21:00:00,14928.0
2003-08-30 22:00:00,13687.0
2003-08-30 23:00:00,12362.0
2003-08-31 00:00:00,11267.0
2003-08-31 01:00:00,10567.0
2003-08-31 02:00:00,10143.0
2003-08-31 03:00:00,9844.0
2003-08-31 04:00:00,9736.0
2003-08-31 05:00:00,9807.0
2003-08-31 06:00:00,9946.0
2003-08-31 07:00:00,10715.0
2003-08-31 08:00:00,11876.0
2003-08-31 09:00:00,12779.0
2003-08-31 10:00:00,13295.0
2003-08-31 11:00:00,13551.0
2003-08-31 12:00:00,13598.0
2003-08-31 13:00:00,13504.0
2003-08-31 14:00:00,13399.0
2003-08-31 15:00:00,13329.0
2003-08-31 16:00:00,13372.0
2003-08-31 17:00:00,13457.0
2003-08-31 18:00:00,13390.0
2003-08-31 19:00:00,13675.0
2003-08-31 20:00:00,13940.0
2003-08-31 21:00:00,13287.0
2003-08-31 22:00:00,12295.0
2003-08-31 23:00:00,11248.0
2003-09-01 00:00:00,10409.0
2003-09-01 01:00:00,9895.0
2003-09-01 02:00:00,9633.0
2003-09-01 03:00:00,9502.0
2003-09-01 04:00:00,9544.0
2003-09-01 05:00:00,9833.0
2003-09-01 06:00:00,10245.0
2003-09-01 07:00:00,10981.0
2003-09-01 08:00:00,12124.0
2003-09-01 09:00:00,13250.0
2003-09-01 10:00:00,13942.0
2003-09-01 11:00:00,14245.0
2003-09-01 12:00:00,14258.0
2003-09-01 13:00:00,14067.0
2003-09-01 14:00:00,13889.0
2003-09-01 15:00:00,13825.0
2003-09-01 16:00:00,14041.0
2003-09-01 17:00:00,14402.0
2003-09-01 18:00:00,14601.0
2003-09-01 19:00:00,15131.0
2003-09-01 20:00:00,14993.0
2003-09-01 21:00:00,13920.0
2003-09-01 22:00:00,12474.0
2003-09-01 23:00:00,11272.0
2003-09-02 00:00:00,10440.0
2003-09-02 01:00:00,10003.0
2003-09-02 02:00:00,9808.0
2003-09-02 03:00:00,9739.0
2003-09-02 04:00:00,9949.0
2003-09-02 05:00:00,10981.0
2003-09-02 06:00:00,13037.0
2003-09-02 07:00:00,14604.0
2003-09-02 08:00:00,15435.0
2003-09-02 09:00:00,16052.0
2003-09-02 10:00:00,16478.0
2003-09-02 11:00:00,16593.0
2003-09-02 12:00:00,16554.0
2003-09-02 13:00:00,16544.0
2003-09-02 14:00:00,16407.0
2003-09-02 15:00:00,16274.0
2003-09-02 16:00:00,16286.0
2003-09-02 17:00:00,16250.0
2003-09-02 18:00:00,16112.0
2003-09-02 19:00:00,16416.0
2003-09-02 20:00:00,16247.0
2003-09-02 21:00:00,15053.0
2003-09-02 22:00:00,13381.0
2003-09-02 23:00:00,11859.0
2003-09-03 00:00:00,10889.0
2003-09-03 01:00:00,10395.0
2003-09-03 02:00:00,10168.0
2003-09-03 03:00:00,10087.0
2003-09-03 04:00:00,10285.0
2003-09-03 05:00:00,11303.0
2003-09-03 06:00:00,13308.0
2003-09-03 07:00:00,14806.0
2003-09-03 08:00:00,15536.0
2003-09-03 09:00:00,16048.0
2003-09-03 10:00:00,16433.0
2003-09-03 11:00:00,16604.0
2003-09-03 12:00:00,16580.0
2003-09-03 13:00:00,16645.0
2003-09-03 14:00:00,16581.0
2003-09-03 15:00:00,16461.0
2003-09-03 16:00:00,16470.0
2003-09-03 17:00:00,16395.0
2003-09-03 18:00:00,16303.0
2003-09-03 19:00:00,16721.0
2003-09-03 20:00:00,16474.0
2003-09-03 21:00:00,15264.0
2003-09-03 22:00:00,13576.0
2003-09-03 23:00:00,12137.0
2003-09-04 00:00:00,11167.0
2003-09-04 01:00:00,10667.0
2003-09-04 02:00:00,10428.0
2003-09-04 03:00:00,10354.0
2003-09-04 04:00:00,10594.0
2003-09-04 05:00:00,11672.0
2003-09-04 06:00:00,13925.0
2003-09-04 07:00:00,15600.0
2003-09-04 08:00:00,16422.0
2003-09-04 09:00:00,16974.0
2003-09-04 10:00:00,17364.0
2003-09-04 11:00:00,17504.0
2003-09-04 12:00:00,17493.0
2003-09-04 13:00:00,17521.0
2003-09-04 14:00:00,17419.0
2003-09-04 15:00:00,17336.0
2003-09-04 16:00:00,17366.0
2003-09-04 17:00:00,17338.0
2003-09-04 18:00:00,17277.0
2003-09-04 19:00:00,17604.0
2003-09-04 20:00:00,17331.0
2003-09-04 21:00:00,16192.0
2003-09-04 22:00:00,14518.0
2003-09-04 23:00:00,12986.0
2003-09-05 00:00:00,11916.0
2003-09-05 01:00:00,11345.0
2003-09-05 02:00:00,11003.0
2003-09-05 03:00:00,10810.0
2003-09-05 04:00:00,10984.0
2003-09-05 05:00:00,11964.0
2003-09-05 06:00:00,13936.0
2003-09-05 07:00:00,15376.0
2003-09-05 08:00:00,16192.0
2003-09-05 09:00:00,16855.0
2003-09-05 10:00:00,17331.0
2003-09-05 11:00:00,17610.0
2003-09-05 12:00:00,17674.0
2003-09-05 13:00:00,17819.0
2003-09-05 14:00:00,17731.0
2003-09-05 15:00:00,17553.0
2003-09-05 16:00:00,17312.0
2003-09-05 17:00:00,16855.0
2003-09-05 18:00:00,16370.0
2003-09-05 19:00:00,16484.0
2003-09-05 20:00:00,16362.0
2003-09-05 21:00:00,15326.0
2003-09-05 22:00:00,13897.0
2003-09-05 23:00:00,12451.0
2003-09-06 00:00:00,11322.0
2003-09-06 01:00:00,10633.0
2003-09-06 02:00:00,10221.0
2003-09-06 03:00:00,9993.0
2003-09-06 04:00:00,9940.0
2003-09-06 05:00:00,10228.0
2003-09-06 06:00:00,10715.0
2003-09-06 07:00:00,11810.0
2003-09-06 08:00:00,13189.0
2003-09-06 09:00:00,14160.0
2003-09-06 10:00:00,14661.0
2003-09-06 11:00:00,14840.0
2003-09-06 12:00:00,14802.0
2003-09-06 13:00:00,14693.0
2003-09-06 14:00:00,14587.0
2003-09-06 15:00:00,14543.0
2003-09-06 16:00:00,14601.0
2003-09-06 17:00:00,14638.0
2003-09-06 18:00:00,14493.0
2003-09-06 19:00:00,14831.0
2003-09-06 20:00:00,14848.0
2003-09-06 21:00:00,14055.0
2003-09-06 22:00:00,12885.0
2003-09-06 23:00:00,11722.0
2003-09-07 00:00:00,10753.0
2003-09-07 01:00:00,10119.0
2003-09-07 02:00:00,9751.0
2003-09-07 03:00:00,9531.0
2003-09-07 04:00:00,9465.0
2003-09-07 05:00:00,9613.0
2003-09-07 06:00:00,9808.0
2003-09-07 07:00:00,10623.0
2003-09-07 08:00:00,11860.0
2003-09-07 09:00:00,12893.0
2003-09-07 10:00:00,13538.0
2003-09-07 11:00:00,13972.0
2003-09-07 12:00:00,14267.0
2003-09-07 13:00:00,14376.0
2003-09-07 14:00:00,14399.0
2003-09-07 15:00:00,14537.0
2003-09-07 16:00:00,14788.0
2003-09-07 17:00:00,15012.0
2003-09-07 18:00:00,15061.0
2003-09-07 19:00:00,15775.0
2003-09-07 20:00:00,15829.0
2003-09-07 21:00:00,14752.0
2003-09-07 22:00:00,13253.0
2003-09-07 23:00:00,11988.0
2003-09-08 00:00:00,11116.0
2003-09-08 01:00:00,10623.0
2003-09-08 02:00:00,10366.0
2003-09-08 03:00:00,10286.0
2003-09-08 04:00:00,10509.0
2003-09-08 05:00:00,11559.0
2003-09-08 06:00:00,13594.0
2003-09-08 07:00:00,15087.0
2003-09-08 08:00:00,15827.0
2003-09-08 09:00:00,16418.0
2003-09-08 10:00:00,16886.0
2003-09-08 11:00:00,17140.0
2003-09-08 12:00:00,17209.0
2003-09-08 13:00:00,17361.0
2003-09-08 14:00:00,17274.0
2003-09-08 15:00:00,17176.0
2003-09-08 16:00:00,17154.0
2003-09-08 17:00:00,16990.0
2003-09-08 18:00:00,16636.0
2003-09-08 19:00:00,16980.0
2003-09-08 20:00:00,16755.0
2003-09-08 21:00:00,15399.0
2003-09-08 22:00:00,13613.0
2003-09-08 23:00:00,12090.0
2003-09-09 00:00:00,11008.0
2003-09-09 01:00:00,10592.0
2003-09-09 02:00:00,10349.0
2003-09-09 03:00:00,10244.0
2003-09-09 04:00:00,10439.0
2003-09-09 05:00:00,11438.0
2003-09-09 06:00:00,13441.0
2003-09-09 07:00:00,14882.0
2003-09-09 08:00:00,15522.0
2003-09-09 09:00:00,15983.0
2003-09-09 10:00:00,16321.0
2003-09-09 11:00:00,16288.0
2003-09-09 12:00:00,16289.0
2003-09-09 13:00:00,16393.0
2003-09-09 14:00:00,16320.0
2003-09-09 15:00:00,16203.0
2003-09-09 16:00:00,16160.0
2003-09-09 17:00:00,16018.0
2003-09-09 18:00:00,15783.0
2003-09-09 19:00:00,16291.0
2003-09-09 20:00:00,16068.0
2003-09-09 21:00:00,14809.0
2003-09-09 22:00:00,13069.0
2003-09-09 23:00:00,11595.0
2003-09-10 00:00:00,10646.0
2003-09-10 01:00:00,10126.0
2003-09-10 02:00:00,9879.0
2003-09-10 03:00:00,9758.0
2003-09-10 04:00:00,9975.0
2003-09-10 05:00:00,10991.0
2003-09-10 06:00:00,12962.0
2003-09-10 07:00:00,14388.0
2003-09-10 08:00:00,14988.0
2003-09-10 09:00:00,15422.0
2003-09-10 10:00:00,15838.0
2003-09-10 11:00:00,16074.0
2003-09-10 12:00:00,16173.0
2003-09-10 13:00:00,16391.0
2003-09-10 14:00:00,16409.0
2003-09-10 15:00:00,16393.0
2003-09-10 16:00:00,16435.0
2003-09-10 17:00:00,16318.0
2003-09-10 18:00:00,16055.0
2003-09-10 19:00:00,16603.0
2003-09-10 20:00:00,16402.0
2003-09-10 21:00:00,15133.0
2003-09-10 22:00:00,13385.0
2003-09-10 23:00:00,11857.0
2003-09-11 00:00:00,10880.0
2003-09-11 01:00:00,10347.0
2003-09-11 02:00:00,10079.0
2003-09-11 03:00:00,9979.0
2003-09-11 04:00:00,10209.0
2003-09-11 05:00:00,11260.0
2003-09-11 06:00:00,13240.0
2003-09-11 07:00:00,14727.0
2003-09-11 08:00:00,15468.0
2003-09-11 09:00:00,16078.0
2003-09-11 10:00:00,16595.0
2003-09-11 11:00:00,16918.0
2003-09-11 12:00:00,17040.0
2003-09-11 13:00:00,17238.0
2003-09-11 14:00:00,17205.0
2003-09-11 15:00:00,17121.0
2003-09-11 16:00:00,17042.0
2003-09-11 17:00:00,16743.0
2003-09-11 18:00:00,16437.0
2003-09-11 19:00:00,16959.0
2003-09-11 20:00:00,16712.0
2003-09-11 21:00:00,15432.0
2003-09-11 22:00:00,13673.0
2003-09-11 23:00:00,12131.0
2003-09-12 00:00:00,11083.0
2003-09-12 01:00:00,10535.0
2003-09-12 02:00:00,10261.0
2003-09-12 03:00:00,10148.0
2003-09-12 04:00:00,10336.0
2003-09-12 05:00:00,11335.0
2003-09-12 06:00:00,13347.0
2003-09-12 07:00:00,14789.0
2003-09-12 08:00:00,15451.0
2003-09-12 09:00:00,15969.0
2003-09-12 10:00:00,16367.0
2003-09-12 11:00:00,16511.0
2003-09-12 12:00:00,16520.0
2003-09-12 13:00:00,16602.0
2003-09-12 14:00:00,16471.0
2003-09-12 15:00:00,16259.0
2003-09-12 16:00:00,16050.0
2003-09-12 17:00:00,15653.0
2003-09-12 18:00:00,15352.0
2003-09-12 19:00:00,15802.0
2003-09-12 20:00:00,15501.0
2003-09-12 21:00:00,14523.0
2003-09-12 22:00:00,13204.0
2003-09-12 23:00:00,11831.0
2003-09-13 00:00:00,10812.0
2003-09-13 01:00:00,10226.0
2003-09-13 02:00:00,9908.0
2003-09-13 03:00:00,9751.0
2003-09-13 04:00:00,9783.0
2003-09-13 05:00:00,10112.0
2003-09-13 06:00:00,10750.0
2003-09-13 07:00:00,11812.0
2003-09-13 08:00:00,13127.0
2003-09-13 09:00:00,14020.0
2003-09-13 10:00:00,14486.0
2003-09-13 11:00:00,14611.0
2003-09-13 12:00:00,14536.0
2003-09-13 13:00:00,14386.0
2003-09-13 14:00:00,14211.0
2003-09-13 15:00:00,14162.0
2003-09-13 16:00:00,14229.0
2003-09-13 17:00:00,14376.0
2003-09-13 18:00:00,14561.0
2003-09-13 19:00:00,15093.0
2003-09-13 20:00:00,14834.0
2003-09-13 21:00:00,14100.0
2003-09-13 22:00:00,13011.0
2003-09-13 23:00:00,11898.0
2003-09-14 00:00:00,10984.0
2003-09-14 01:00:00,10412.0
2003-09-14 02:00:00,10089.0
2003-09-14 03:00:00,9910.0
2003-09-14 04:00:00,9894.0
2003-09-14 05:00:00,10075.0
2003-09-14 06:00:00,10461.0
2003-09-14 07:00:00,11300.0
2003-09-14 08:00:00,12543.0
2003-09-14 09:00:00,13604.0
2003-09-14 10:00:00,14400.0
2003-09-14 11:00:00,15021.0
2003-09-14 12:00:00,15419.0
2003-09-14 13:00:00,15567.0
2003-09-14 14:00:00,15601.0
2003-09-14 15:00:00,15701.0
2003-09-14 16:00:00,15936.0
2003-09-14 17:00:00,16154.0
2003-09-14 18:00:00,16382.0
2003-09-14 19:00:00,17075.0
2003-09-14 20:00:00,16884.0
2003-09-14 21:00:00,15716.0
2003-09-14 22:00:00,14163.0
2003-09-14 23:00:00,12812.0
2003-09-15 00:00:00,11869.0
2003-09-15 01:00:00,11359.0
2003-09-15 02:00:00,11081.0
2003-09-15 03:00:00,10989.0
2003-09-15 04:00:00,11240.0
2003-09-15 05:00:00,12352.0
2003-09-15 06:00:00,14524.0
2003-09-15 07:00:00,16173.0
2003-09-15 08:00:00,17071.0
2003-09-15 09:00:00,17761.0
2003-09-15 10:00:00,18372.0
2003-09-15 11:00:00,18664.0
2003-09-15 12:00:00,18826.0
2003-09-15 13:00:00,18980.0
2003-09-15 14:00:00,18951.0
2003-09-15 15:00:00,18850.0
2003-09-15 16:00:00,18740.0
2003-09-15 17:00:00,18593.0
2003-09-15 18:00:00,18623.0
2003-09-15 19:00:00,19098.0
2003-09-15 20:00:00,18487.0
2003-09-15 21:00:00,17052.0
2003-09-15 22:00:00,15181.0
2003-09-15 23:00:00,13545.0
2003-09-16 00:00:00,12434.0
2003-09-16 01:00:00,11838.0
2003-09-16 02:00:00,11528.0
2003-09-16 03:00:00,11413.0
2003-09-16 04:00:00,11644.0
2003-09-16 05:00:00,12771.0
2003-09-16 06:00:00,15024.0
2003-09-16 07:00:00,16573.0
2003-09-16 08:00:00,17304.0
2003-09-16 09:00:00,17823.0
2003-09-16 10:00:00,18339.0
2003-09-16 11:00:00,18628.0
2003-09-16 12:00:00,18713.0
2003-09-16 13:00:00,18851.0
2003-09-16 14:00:00,18787.0
2003-09-16 15:00:00,18778.0
2003-09-16 16:00:00,18746.0
2003-09-16 17:00:00,18431.0
2003-09-16 18:00:00,17922.0
2003-09-16 19:00:00,18227.0
2003-09-16 20:00:00,17622.0
2003-09-16 21:00:00,16163.0
2003-09-16 22:00:00,14234.0
2003-09-16 23:00:00,12557.0
2003-09-17 00:00:00,11430.0
2003-09-17 01:00:00,10787.0
2003-09-17 02:00:00,10455.0
2003-09-17 03:00:00,10305.0
2003-09-17 04:00:00,10454.0
2003-09-17 05:00:00,11438.0
2003-09-17 06:00:00,13441.0
2003-09-17 07:00:00,14807.0
2003-09-17 08:00:00,15527.0
2003-09-17 09:00:00,16150.0
2003-09-17 10:00:00,16678.0
2003-09-17 11:00:00,16979.0
2003-09-17 12:00:00,17117.0
2003-09-17 13:00:00,17317.0
2003-09-17 14:00:00,17294.0
2003-09-17 15:00:00,17223.0
2003-09-17 16:00:00,17154.0
2003-09-17 17:00:00,16886.0
2003-09-17 18:00:00,16615.0
2003-09-17 19:00:00,17182.0
2003-09-17 20:00:00,16764.0
2003-09-17 21:00:00,15434.0
2003-09-17 22:00:00,13670.0
2003-09-17 23:00:00,12101.0
2003-09-18 00:00:00,11072.0
2003-09-18 01:00:00,10500.0
2003-09-18 02:00:00,10207.0
2003-09-18 03:00:00,10123.0
2003-09-18 04:00:00,10344.0
2003-09-18 05:00:00,11378.0
2003-09-18 06:00:00,13495.0
2003-09-18 07:00:00,14891.0
2003-09-18 08:00:00,15542.0
2003-09-18 09:00:00,16060.0
2003-09-18 10:00:00,16551.0
2003-09-18 11:00:00,16771.0
2003-09-18 12:00:00,16837.0
2003-09-18 13:00:00,16918.0
2003-09-18 14:00:00,16782.0
2003-09-18 15:00:00,16588.0
2003-09-18 16:00:00,16434.0
2003-09-18 17:00:00,16214.0
2003-09-18 18:00:00,16288.0
2003-09-18 19:00:00,16909.0
2003-09-18 20:00:00,16391.0
2003-09-18 21:00:00,15198.0
2003-09-18 22:00:00,13558.0
2003-09-18 23:00:00,12086.0
2003-09-19 00:00:00,11125.0
2003-09-19 01:00:00,10635.0
2003-09-19 02:00:00,10412.0
2003-09-19 03:00:00,10353.0
2003-09-19 04:00:00,10590.0
2003-09-19 05:00:00,11685.0
2003-09-19 06:00:00,13942.0
2003-09-19 07:00:00,15611.0
2003-09-19 08:00:00,16478.0
2003-09-19 09:00:00,17103.0
2003-09-19 10:00:00,17533.0
2003-09-19 11:00:00,17762.0
2003-09-19 12:00:00,17814.0
2003-09-19 13:00:00,17940.0
2003-09-19 14:00:00,17895.0
2003-09-19 15:00:00,17798.0
2003-09-19 16:00:00,17777.0
2003-09-19 17:00:00,17617.0
2003-09-19 18:00:00,17514.0
2003-09-19 19:00:00,17829.0
2003-09-19 20:00:00,17348.0
2003-09-19 21:00:00,16408.0
2003-09-19 22:00:00,15017.0
2003-09-19 23:00:00,13527.0
2003-09-20 00:00:00,12415.0
2003-09-20 01:00:00,11751.0
2003-09-20 02:00:00,11316.0
2003-09-20 03:00:00,11042.0
2003-09-20 04:00:00,11011.0
2003-09-20 05:00:00,11289.0
2003-09-20 06:00:00,11966.0
2003-09-20 07:00:00,13078.0
2003-09-20 08:00:00,14558.0
2003-09-20 09:00:00,15664.0
2003-09-20 10:00:00,16364.0
2003-09-20 11:00:00,16748.0
2003-09-20 12:00:00,16891.0
2003-09-20 13:00:00,16892.0
2003-09-20 14:00:00,16843.0
2003-09-20 15:00:00,16815.0
2003-09-20 16:00:00,16802.0
2003-09-20 17:00:00,16674.0
2003-09-20 18:00:00,16545.0
2003-09-20 19:00:00,17026.0
2003-09-20 20:00:00,16567.0
2003-09-20 21:00:00,15621.0
2003-09-20 22:00:00,14259.0
2003-09-20 23:00:00,12871.0
2003-09-21 00:00:00,11653.0
2003-09-21 01:00:00,10864.0
2003-09-21 02:00:00,10363.0
2003-09-21 03:00:00,10060.0
2003-09-21 04:00:00,9919.0
2003-09-21 05:00:00,10001.0
2003-09-21 06:00:00,10269.0
2003-09-21 07:00:00,10955.0
2003-09-21 08:00:00,12178.0
2003-09-21 09:00:00,13157.0
2003-09-21 10:00:00,13721.0
2003-09-21 11:00:00,14076.0
2003-09-21 12:00:00,14298.0
2003-09-21 13:00:00,14308.0
2003-09-21 14:00:00,14240.0
2003-09-21 15:00:00,14240.0
2003-09-21 16:00:00,14389.0
2003-09-21 17:00:00,14579.0
2003-09-21 18:00:00,14811.0
2003-09-21 19:00:00,15594.0
2003-09-21 20:00:00,15194.0
2003-09-21 21:00:00,14051.0
2003-09-21 22:00:00,12637.0
2003-09-21 23:00:00,11422.0
2003-09-22 00:00:00,10528.0
2003-09-22 01:00:00,10086.0
2003-09-22 02:00:00,9867.0
2003-09-22 03:00:00,9806.0
2003-09-22 04:00:00,10055.0
2003-09-22 05:00:00,11142.0
2003-09-22 06:00:00,13257.0
2003-09-22 07:00:00,14731.0
2003-09-22 08:00:00,15489.0
2003-09-22 09:00:00,16073.0
2003-09-22 10:00:00,16592.0
2003-09-22 11:00:00,16851.0
2003-09-22 12:00:00,16927.0
2003-09-22 13:00:00,16991.0
2003-09-22 14:00:00,16873.0
2003-09-22 15:00:00,16708.0
2003-09-22 16:00:00,16650.0
2003-09-22 17:00:00,16539.0
2003-09-22 18:00:00,16727.0
2003-09-22 19:00:00,17296.0
2003-09-22 20:00:00,16587.0
2003-09-22 21:00:00,15257.0
2003-09-22 22:00:00,13569.0
2003-09-22 23:00:00,12073.0
2003-09-23 00:00:00,11075.0
2003-09-23 01:00:00,10528.0
2003-09-23 02:00:00,10283.0
2003-09-23 03:00:00,10223.0
2003-09-23 04:00:00,10488.0
2003-09-23 05:00:00,11614.0
2003-09-23 06:00:00,13903.0
2003-09-23 07:00:00,15517.0
2003-09-23 08:00:00,16220.0
2003-09-23 09:00:00,16706.0
2003-09-23 10:00:00,17134.0
2003-09-23 11:00:00,17337.0
2003-09-23 12:00:00,17346.0
2003-09-23 13:00:00,17376.0
2003-09-23 14:00:00,17292.0
2003-09-23 15:00:00,17256.0
2003-09-23 16:00:00,17348.0
2003-09-23 17:00:00,17287.0
2003-09-23 18:00:00,17124.0
2003-09-23 19:00:00,17499.0
2003-09-23 20:00:00,16771.0
2003-09-23 21:00:00,15421.0
2003-09-23 22:00:00,13603.0
2003-09-23 23:00:00,12047.0
2003-09-24 00:00:00,10963.0
2003-09-24 01:00:00,10386.0
2003-09-24 02:00:00,10067.0
2003-09-24 03:00:00,9934.0
2003-09-24 04:00:00,10125.0
2003-09-24 05:00:00,11147.0
2003-09-24 06:00:00,13286.0
2003-09-24 07:00:00,14633.0
2003-09-24 08:00:00,15277.0
2003-09-24 09:00:00,15771.0
2003-09-24 10:00:00,16193.0
2003-09-24 11:00:00,16408.0
2003-09-24 12:00:00,16482.0
2003-09-24 13:00:00,16598.0
2003-09-24 14:00:00,16564.0
2003-09-24 15:00:00,16489.0
2003-09-24 16:00:00,16448.0
2003-09-24 17:00:00,16292.0
2003-09-24 18:00:00,16272.0
2003-09-24 19:00:00,16910.0
2003-09-24 20:00:00,16314.0
2003-09-24 21:00:00,15021.0
2003-09-24 22:00:00,13319.0
2003-09-24 23:00:00,11833.0
2003-09-25 00:00:00,10846.0
2003-09-25 01:00:00,10318.0
2003-09-25 02:00:00,10039.0
2003-09-25 03:00:00,9944.0
2003-09-25 04:00:00,10153.0
2003-09-25 05:00:00,11207.0
2003-09-25 06:00:00,13343.0
2003-09-25 07:00:00,14732.0
2003-09-25 08:00:00,15430.0
2003-09-25 09:00:00,15992.0
2003-09-25 10:00:00,16458.0
2003-09-25 11:00:00,16696.0
2003-09-25 12:00:00,16771.0
2003-09-25 13:00:00,16917.0
2003-09-25 14:00:00,16880.0
2003-09-25 15:00:00,16802.0
2003-09-25 16:00:00,16755.0
2003-09-25 17:00:00,16589.0
2003-09-25 18:00:00,16737.0
2003-09-25 19:00:00,17310.0
2003-09-25 20:00:00,16626.0
2003-09-25 21:00:00,15444.0
2003-09-25 22:00:00,13792.0
2003-09-25 23:00:00,12310.0
2003-09-26 00:00:00,11264.0
2003-09-26 01:00:00,10722.0
2003-09-26 02:00:00,10441.0
2003-09-26 03:00:00,10325.0
2003-09-26 04:00:00,10505.0
2003-09-26 05:00:00,11497.0
2003-09-26 06:00:00,13642.0
2003-09-26 07:00:00,15162.0
2003-09-26 08:00:00,15795.0
2003-09-26 09:00:00,16149.0
2003-09-26 10:00:00,16415.0
2003-09-26 11:00:00,16449.0
2003-09-26 12:00:00,16337.0
2003-09-26 13:00:00,16311.0
2003-09-26 14:00:00,16162.0
2003-09-26 15:00:00,16000.0
2003-09-26 16:00:00,15897.0
2003-09-26 17:00:00,15759.0
2003-09-26 18:00:00,15944.0
2003-09-26 19:00:00,16109.0
2003-09-26 20:00:00,15489.0
2003-09-26 21:00:00,14506.0
2003-09-26 22:00:00,13240.0
2003-09-26 23:00:00,11912.0
2003-09-27 00:00:00,10884.0
2003-09-27 01:00:00,10287.0
2003-09-27 02:00:00,9973.0
2003-09-27 03:00:00,9802.0
2003-09-27 04:00:00,9817.0
2003-09-27 05:00:00,10153.0
2003-09-27 06:00:00,10951.0
2003-09-27 07:00:00,12022.0
2003-09-27 08:00:00,13374.0
2003-09-27 09:00:00,14298.0
2003-09-27 10:00:00,14808.0
2003-09-27 11:00:00,14945.0
2003-09-27 12:00:00,14974.0
2003-09-27 13:00:00,14896.0
2003-09-27 14:00:00,14806.0
2003-09-27 15:00:00,14776.0
2003-09-27 16:00:00,14812.0
2003-09-27 17:00:00,14859.0
2003-09-27 18:00:00,15132.0
2003-09-27 19:00:00,15650.0
2003-09-27 20:00:00,15186.0
2003-09-27 21:00:00,14377.0
2003-09-27 22:00:00,13270.0
2003-09-27 23:00:00,12164.0
2003-09-28 00:00:00,11181.0
2003-09-28 01:00:00,10580.0
2003-09-28 02:00:00,10220.0
2003-09-28 03:00:00,10023.0
2003-09-28 04:00:00,9979.0
2003-09-28 05:00:00,10172.0
2003-09-28 06:00:00,10578.0
2003-09-28 07:00:00,11308.0
2003-09-28 08:00:00,12556.0
2003-09-28 09:00:00,13614.0
2003-09-28 10:00:00,14339.0
2003-09-28 11:00:00,14759.0
2003-09-28 12:00:00,14960.0
2003-09-28 13:00:00,14935.0
2003-09-28 14:00:00,14793.0
2003-09-28 15:00:00,14747.0
2003-09-28 16:00:00,14923.0
2003-09-28 17:00:00,15206.0
2003-09-28 18:00:00,15637.0
2003-09-28 19:00:00,15970.0
2003-09-28 20:00:00,15401.0
2003-09-28 21:00:00,14291.0
2003-09-28 22:00:00,12922.0
2003-09-28 23:00:00,11661.0
2003-09-29 00:00:00,10701.0
2003-09-29 01:00:00,10161.0
2003-09-29 02:00:00,9888.0
2003-09-29 03:00:00,9786.0
2003-09-29 04:00:00,9985.0
2003-09-29 05:00:00,11035.0
2003-09-29 06:00:00,13137.0
2003-09-29 07:00:00,14483.0
2003-09-29 08:00:00,15160.0
2003-09-29 09:00:00,15685.0
2003-09-29 10:00:00,16107.0
2003-09-29 11:00:00,16300.0
2003-09-29 12:00:00,16344.0
2003-09-29 13:00:00,16348.0
2003-09-29 14:00:00,16133.0
2003-09-29 15:00:00,15978.0
2003-09-29 16:00:00,15942.0
2003-09-29 17:00:00,15986.0
2003-09-29 18:00:00,16262.0
2003-09-29 19:00:00,16662.0
2003-09-29 20:00:00,15924.0
2003-09-29 21:00:00,14607.0
2003-09-29 22:00:00,12924.0
2003-09-29 23:00:00,11464.0
2003-09-30 00:00:00,10487.0
2003-09-30 01:00:00,9978.0
2003-09-30 02:00:00,9740.0
2003-09-30 03:00:00,9654.0
2003-09-30 04:00:00,9878.0
2003-09-30 05:00:00,10896.0
2003-09-30 06:00:00,13058.0
2003-09-30 07:00:00,14388.0
2003-09-30 08:00:00,14888.0
2003-09-30 09:00:00,15214.0
2003-09-30 10:00:00,15473.0
2003-09-30 11:00:00,15559.0
2003-09-30 12:00:00,15537.0
2003-09-30 13:00:00,15578.0
2003-09-30 14:00:00,15478.0
2003-09-30 15:00:00,15389.0
2003-09-30 16:00:00,15398.0
2003-09-30 17:00:00,15428.0
2003-09-30 18:00:00,15828.0
2003-09-30 19:00:00,16402.0
2003-09-30 20:00:00,15738.0
2003-09-30 21:00:00,14488.0
2003-09-30 22:00:00,12782.0
2003-09-30 23:00:00,11370.0
2003-10-01 00:00:00,10391.0
2003-10-01 01:00:00,9913.0
2003-10-01 02:00:00,9692.0
2003-10-01 03:00:00,9616.0
2003-10-01 04:00:00,9846.0
2003-10-01 05:00:00,10915.0
2003-10-01 06:00:00,13189.0
2003-10-01 07:00:00,14625.0
2003-10-01 08:00:00,15159.0
2003-10-01 09:00:00,15413.0
2003-10-01 10:00:00,15569.0
2003-10-01 11:00:00,15581.0
2003-10-01 12:00:00,15505.0
2003-10-01 13:00:00,15489.0
2003-10-01 14:00:00,15349.0
2003-10-01 15:00:00,15220.0
2003-10-01 16:00:00,15314.0
2003-10-01 17:00:00,15520.0
2003-10-01 18:00:00,16131.0
2003-10-01 19:00:00,16514.0
2003-10-01 20:00:00,15864.0
2003-10-01 21:00:00,14609.0
2003-10-01 22:00:00,13036.0
2003-10-01 23:00:00,11604.0
2003-10-02 00:00:00,10648.0
2003-10-02 01:00:00,10161.0
2003-10-02 02:00:00,9896.0
2003-10-02 03:00:00,9758.0
2003-10-02 04:00:00,9961.0
2003-10-02 05:00:00,11031.0
2003-10-02 06:00:00,13307.0
2003-10-02 07:00:00,14698.0
2003-10-02 08:00:00,15124.0
2003-10-02 09:00:00,15384.0
2003-10-02 10:00:00,15588.0
2003-10-02 11:00:00,15607.0
2003-10-02 12:00:00,15524.0
2003-10-02 13:00:00,15500.0
2003-10-02 14:00:00,15324.0
2003-10-02 15:00:00,15196.0
2003-10-02 16:00:00,15315.0
2003-10-02 17:00:00,15577.0
2003-10-02 18:00:00,16083.0
2003-10-02 19:00:00,16473.0
2003-10-02 20:00:00,15795.0
2003-10-02 21:00:00,14654.0
2003-10-02 22:00:00,13047.0
2003-10-02 23:00:00,11641.0
2003-10-03 00:00:00,10665.0
2003-10-03 01:00:00,10196.0
2003-10-03 02:00:00,9989.0
2003-10-03 03:00:00,9965.0
2003-10-03 04:00:00,10211.0
2003-10-03 05:00:00,11320.0
2003-10-03 06:00:00,13581.0
2003-10-03 07:00:00,14958.0
2003-10-03 08:00:00,15342.0
2003-10-03 09:00:00,15467.0
2003-10-03 10:00:00,15529.0
2003-10-03 11:00:00,15446.0
2003-10-03 12:00:00,15251.0
2003-10-03 13:00:00,15161.0
2003-10-03 14:00:00,14921.0
2003-10-03 15:00:00,14692.0
2003-10-03 16:00:00,14597.0
2003-10-03 17:00:00,14643.0
2003-10-03 18:00:00,15224.0
2003-10-03 19:00:00,15575.0
2003-10-03 20:00:00,15072.0
2003-10-03 21:00:00,14204.0
2003-10-03 22:00:00,12993.0
2003-10-03 23:00:00,11681.0
2003-10-04 00:00:00,10719.0
2003-10-04 01:00:00,10208.0
2003-10-04 02:00:00,9927.0
2003-10-04 03:00:00,9797.0
2003-10-04 04:00:00,9845.0
2003-10-04 05:00:00,10214.0
2003-10-04 06:00:00,11004.0
2003-10-04 07:00:00,12028.0
2003-10-04 08:00:00,13235.0
2003-10-04 09:00:00,14039.0
2003-10-04 10:00:00,14387.0
2003-10-04 11:00:00,14444.0
2003-10-04 12:00:00,14316.0
2003-10-04 13:00:00,14101.0
2003-10-04 14:00:00,13886.0
2003-10-04 15:00:00,13842.0
2003-10-04 16:00:00,14045.0
2003-10-04 17:00:00,14455.0
2003-10-04 18:00:00,14873.0
2003-10-04 19:00:00,14750.0
2003-10-04 20:00:00,14198.0
2003-10-04 21:00:00,13413.0
2003-10-04 22:00:00,12381.0
2003-10-04 23:00:00,11332.0
2003-10-05 00:00:00,10368.0
2003-10-05 01:00:00,9791.0
2003-10-05 02:00:00,9508.0
2003-10-05 03:00:00,9380.0
2003-10-05 04:00:00,9372.0
2003-10-05 05:00:00,9608.0
2003-10-05 06:00:00,10100.0
2003-10-05 07:00:00,10835.0
2003-10-05 08:00:00,11921.0
2003-10-05 09:00:00,12705.0
2003-10-05 10:00:00,13046.0
2003-10-05 11:00:00,13126.0
2003-10-05 12:00:00,13107.0
2003-10-05 13:00:00,12939.0
2003-10-05 14:00:00,12751.0
2003-10-05 15:00:00,12705.0
2003-10-05 16:00:00,12907.0
2003-10-05 17:00:00,13390.0
2003-10-05 18:00:00,14296.0
2003-10-05 19:00:00,14856.0
2003-10-05 20:00:00,14377.0
2003-10-05 21:00:00,13382.0
2003-10-05 22:00:00,12127.0
2003-10-05 23:00:00,10984.0
2003-10-06 00:00:00,10182.0
2003-10-06 01:00:00,9817.0
2003-10-06 02:00:00,9694.0
2003-10-06 03:00:00,9711.0
2003-10-06 04:00:00,10033.0
2003-10-06 05:00:00,11192.0
2003-10-06 06:00:00,13410.0
2003-10-06 07:00:00,14824.0
2003-10-06 08:00:00,15365.0
2003-10-06 09:00:00,15605.0
2003-10-06 10:00:00,15756.0
2003-10-06 11:00:00,15694.0
2003-10-06 12:00:00,15585.0
2003-10-06 13:00:00,15514.0
2003-10-06 14:00:00,15295.0
2003-10-06 15:00:00,15133.0
2003-10-06 16:00:00,15178.0
2003-10-06 17:00:00,15450.0
2003-10-06 18:00:00,16233.0
2003-10-06 19:00:00,16645.0
2003-10-06 20:00:00,15978.0
2003-10-06 21:00:00,14781.0
2003-10-06 22:00:00,13273.0
2003-10-06 23:00:00,11969.0
2003-10-07 00:00:00,10921.0
2003-10-07 01:00:00,10388.0
2003-10-07 02:00:00,10184.0
2003-10-07 03:00:00,10149.0
2003-10-07 04:00:00,10436.0
2003-10-07 05:00:00,11562.0
2003-10-07 06:00:00,13835.0
2003-10-07 07:00:00,15174.0
2003-10-07 08:00:00,15499.0
2003-10-07 09:00:00,15577.0
2003-10-07 10:00:00,15654.0
2003-10-07 11:00:00,15595.0
2003-10-07 12:00:00,15451.0
2003-10-07 13:00:00,15407.0
2003-10-07 14:00:00,15217.0
2003-10-07 15:00:00,15077.0
2003-10-07 16:00:00,15142.0
2003-10-07 17:00:00,15342.0
2003-10-07 18:00:00,16138.0
2003-10-07 19:00:00,16543.0
2003-10-07 20:00:00,15903.0
2003-10-07 21:00:00,14691.0
2003-10-07 22:00:00,13031.0
2003-10-07 23:00:00,11636.0
2003-10-08 00:00:00,10694.0
2003-10-08 01:00:00,10210.0
2003-10-08 02:00:00,10005.0
2003-10-08 03:00:00,9955.0
2003-10-08 04:00:00,10229.0
2003-10-08 05:00:00,11341.0
2003-10-08 06:00:00,13628.0
2003-10-08 07:00:00,14940.0
2003-10-08 08:00:00,15275.0
2003-10-08 09:00:00,15466.0
2003-10-08 10:00:00,15690.0
2003-10-08 11:00:00,15785.0
2003-10-08 12:00:00,15749.0
2003-10-08 13:00:00,15768.0
2003-10-08 14:00:00,15652.0
2003-10-08 15:00:00,15579.0
2003-10-08 16:00:00,15583.0
2003-10-08 17:00:00,15664.0
2003-10-08 18:00:00,16359.0
2003-10-08 19:00:00,16743.0
2003-10-08 20:00:00,16063.0
2003-10-08 21:00:00,14812.0
2003-10-08 22:00:00,13248.0
2003-10-08 23:00:00,11861.0
2003-10-09 00:00:00,10768.0
2003-10-09 01:00:00,10206.0
2003-10-09 02:00:00,9950.0
2003-10-09 03:00:00,9860.0
2003-10-09 04:00:00,10085.0
2003-10-09 05:00:00,11118.0
2003-10-09 06:00:00,13334.0
2003-10-09 07:00:00,14692.0
2003-10-09 08:00:00,15172.0
2003-10-09 09:00:00,15538.0
2003-10-09 10:00:00,15888.0
2003-10-09 11:00:00,16048.0
2003-10-09 12:00:00,16082.0
2003-10-09 13:00:00,16145.0
2003-10-09 14:00:00,16051.0
2003-10-09 15:00:00,15901.0
2003-10-09 16:00:00,15850.0
2003-10-09 17:00:00,15807.0
2003-10-09 18:00:00,16502.0
2003-10-09 19:00:00,16763.0
2003-10-09 20:00:00,16027.0
2003-10-09 21:00:00,14822.0
2003-10-09 22:00:00,13193.0
2003-10-09 23:00:00,11732.0
2003-10-10 00:00:00,10652.0
2003-10-10 01:00:00,10120.0
2003-10-10 02:00:00,9860.0
2003-10-10 03:00:00,9791.0
2003-10-10 04:00:00,9984.0
2003-10-10 05:00:00,11006.0
2003-10-10 06:00:00,13153.0
2003-10-10 07:00:00,14709.0
2003-10-10 08:00:00,15317.0
2003-10-10 09:00:00,15616.0
2003-10-10 10:00:00,15812.0
2003-10-10 11:00:00,15815.0
2003-10-10 12:00:00,15716.0
2003-10-10 13:00:00,15663.0
2003-10-10 14:00:00,15468.0
2003-10-10 15:00:00,15234.0
2003-10-10 16:00:00,15086.0
2003-10-10 17:00:00,15000.0
2003-10-10 18:00:00,15602.0
2003-10-10 19:00:00,15680.0
2003-10-10 20:00:00,15058.0
2003-10-10 21:00:00,14156.0
2003-10-10 22:00:00,12897.0
2003-10-10 23:00:00,11619.0
2003-10-11 00:00:00,10621.0
2003-10-11 01:00:00,9999.0
2003-10-11 02:00:00,9692.0
2003-10-11 03:00:00,9532.0
2003-10-11 04:00:00,9558.0
2003-10-11 05:00:00,9922.0
2003-10-11 06:00:00,10692.0
2003-10-11 07:00:00,11650.0
2003-10-11 08:00:00,12806.0
2003-10-11 09:00:00,13574.0
2003-10-11 10:00:00,13835.0
2003-10-11 11:00:00,13778.0
2003-10-11 12:00:00,13589.0
2003-10-11 13:00:00,13334.0
2003-10-11 14:00:00,13095.0
2003-10-11 15:00:00,12992.0
2003-10-11 16:00:00,13095.0
2003-10-11 17:00:00,13275.0
2003-10-11 18:00:00,14086.0
2003-10-11 19:00:00,14336.0
2003-10-11 20:00:00,13929.0
2003-10-11 21:00:00,13147.0
2003-10-11 22:00:00,12088.0
2003-10-11 23:00:00,11043.0
2003-10-12 00:00:00,10160.0
2003-10-12 01:00:00,9614.0
2003-10-12 02:00:00,9323.0
2003-10-12 03:00:00,9142.0
2003-10-12 04:00:00,9116.0
2003-10-12 05:00:00,9333.0
2003-10-12 06:00:00,9826.0
2003-10-12 07:00:00,10539.0
2003-10-12 08:00:00,11644.0
2003-10-12 09:00:00,12570.0
2003-10-12 10:00:00,13080.0
2003-10-12 11:00:00,13328.0
2003-10-12 12:00:00,13432.0
2003-10-12 13:00:00,13359.0
2003-10-12 14:00:00,13259.0
2003-10-12 15:00:00,13257.0
2003-10-12 16:00:00,13513.0
2003-10-12 17:00:00,13980.0
2003-10-12 18:00:00,14660.0
2003-10-12 19:00:00,14621.0
2003-10-12 20:00:00,14003.0
2003-10-12 21:00:00,13086.0
2003-10-12 22:00:00,11977.0
2003-10-12 23:00:00,10936.0
2003-10-13 00:00:00,10111.0
2003-10-13 01:00:00,9637.0
2003-10-13 02:00:00,9410.0
2003-10-13 03:00:00,9345.0
2003-10-13 04:00:00,9537.0
2003-10-13 05:00:00,10254.0
2003-10-13 06:00:00,11567.0
2003-10-13 07:00:00,12702.0
2003-10-13 08:00:00,13792.0
2003-10-13 09:00:00,14578.0
2003-10-13 10:00:00,14984.0
2003-10-13 11:00:00,15037.0
2003-10-13 12:00:00,14916.0
2003-10-13 13:00:00,14791.0
2003-10-13 14:00:00,14625.0
2003-10-13 15:00:00,14511.0
2003-10-13 16:00:00,14660.0
2003-10-13 17:00:00,14966.0
2003-10-13 18:00:00,15877.0
2003-10-13 19:00:00,16124.0
2003-10-13 20:00:00,15379.0
2003-10-13 21:00:00,14152.0
2003-10-13 22:00:00,12665.0
2003-10-13 23:00:00,11331.0
2003-10-14 00:00:00,10299.0
2003-10-14 01:00:00,9775.0
2003-10-14 02:00:00,9558.0
2003-10-14 03:00:00,9498.0
2003-10-14 04:00:00,9760.0
2003-10-14 05:00:00,10855.0
2003-10-14 06:00:00,13166.0
2003-10-14 07:00:00,14560.0
2003-10-14 08:00:00,15019.0
2003-10-14 09:00:00,15233.0
2003-10-14 10:00:00,15458.0
2003-10-14 11:00:00,15513.0
2003-10-14 12:00:00,15457.0
2003-10-14 13:00:00,15452.0
2003-10-14 14:00:00,15265.0
2003-10-14 15:00:00,15123.0
2003-10-14 16:00:00,15219.0
2003-10-14 17:00:00,15524.0
2003-10-14 18:00:00,16464.0
2003-10-14 19:00:00,16472.0
2003-10-14 20:00:00,15837.0
2003-10-14 21:00:00,14556.0
2003-10-14 22:00:00,12895.0
2003-10-14 23:00:00,11492.0
2003-10-15 00:00:00,10536.0
2003-10-15 01:00:00,10048.0
2003-10-15 02:00:00,9834.0
2003-10-15 03:00:00,9769.0
2003-10-15 04:00:00,10012.0
2003-10-15 05:00:00,11076.0
2003-10-15 06:00:00,13295.0
2003-10-15 07:00:00,14921.0
2003-10-15 08:00:00,15338.0
2003-10-15 09:00:00,15502.0
2003-10-15 10:00:00,15686.0
2003-10-15 11:00:00,15681.0
2003-10-15 12:00:00,15546.0
2003-10-15 13:00:00,15459.0
2003-10-15 14:00:00,15226.0
2003-10-15 15:00:00,15010.0
2003-10-15 16:00:00,15049.0
2003-10-15 17:00:00,15252.0
2003-10-15 18:00:00,16034.0
2003-10-15 19:00:00,15916.0
2003-10-15 20:00:00,15403.0
2003-10-15 21:00:00,14366.0
2003-10-15 22:00:00,12766.0
2003-10-15 23:00:00,11430.0
2003-10-16 00:00:00,10485.0
2003-10-16 01:00:00,9993.0
2003-10-16 02:00:00,9768.0
2003-10-16 03:00:00,9731.0
2003-10-16 04:00:00,9988.0
2003-10-16 05:00:00,11098.0
2003-10-16 06:00:00,13426.0
2003-10-16 07:00:00,14763.0
2003-10-16 08:00:00,15120.0
2003-10-16 09:00:00,15292.0
2003-10-16 10:00:00,15442.0
2003-10-16 11:00:00,15441.0
2003-10-16 12:00:00,15339.0
2003-10-16 13:00:00,15301.0
2003-10-16 14:00:00,15162.0
2003-10-16 15:00:00,15032.0
2003-10-16 16:00:00,15092.0
2003-10-16 17:00:00,15336.0
2003-10-16 18:00:00,16351.0
2003-10-16 19:00:00,16437.0
2003-10-16 20:00:00,15702.0
2003-10-16 21:00:00,14593.0
2003-10-16 22:00:00,13207.0
2003-10-16 23:00:00,12005.0
2003-10-17 00:00:00,10990.0
2003-10-17 01:00:00,10277.0
2003-10-17 02:00:00,9982.0
2003-10-17 03:00:00,9907.0
2003-10-17 04:00:00,10134.0
2003-10-17 05:00:00,11187.0
2003-10-17 06:00:00,13425.0
2003-10-17 07:00:00,14847.0
2003-10-17 08:00:00,15212.0
2003-10-17 09:00:00,15340.0
2003-10-17 10:00:00,15460.0
2003-10-17 11:00:00,15390.0
2003-10-17 12:00:00,15231.0
2003-10-17 13:00:00,15123.0
2003-10-17 14:00:00,14884.0
2003-10-17 15:00:00,14665.0
2003-10-17 16:00:00,14693.0
2003-10-17 17:00:00,15021.0
2003-10-17 18:00:00,15851.0
2003-10-17 19:00:00,15633.0
2003-10-17 20:00:00,15018.0
2003-10-17 21:00:00,14106.0
2003-10-17 22:00:00,12861.0
2003-10-17 23:00:00,11565.0
2003-10-18 00:00:00,10590.0
2003-10-18 01:00:00,10039.0
2003-10-18 02:00:00,9769.0
2003-10-18 03:00:00,9636.0
2003-10-18 04:00:00,9706.0
2003-10-18 05:00:00,10089.0
2003-10-18 06:00:00,10957.0
2003-10-18 07:00:00,11992.0
2003-10-18 08:00:00,13113.0
2003-10-18 09:00:00,13785.0
2003-10-18 10:00:00,13982.0
2003-10-18 11:00:00,13865.0
2003-10-18 12:00:00,13594.0
2003-10-18 13:00:00,13254.0
2003-10-18 14:00:00,12963.0
2003-10-18 15:00:00,12856.0
2003-10-18 16:00:00,13044.0
2003-10-18 17:00:00,13600.0
2003-10-18 18:00:00,14606.0
2003-10-18 19:00:00,14551.0
2003-10-18 20:00:00,14109.0
2003-10-18 21:00:00,13433.0
2003-10-18 22:00:00,12483.0
2003-10-18 23:00:00,11458.0
2003-10-19 00:00:00,10569.0
2003-10-19 01:00:00,9996.0
2003-10-19 02:00:00,9728.0
2003-10-19 03:00:00,9602.0
2003-10-19 04:00:00,9612.0
2003-10-19 05:00:00,9830.0
2003-10-19 06:00:00,10383.0
2003-10-19 07:00:00,11138.0
2003-10-19 08:00:00,12297.0
2003-10-19 09:00:00,13236.0
2003-10-19 10:00:00,13761.0
2003-10-19 11:00:00,14041.0
2003-10-19 12:00:00,14103.0
2003-10-19 13:00:00,13939.0
2003-10-19 14:00:00,13763.0
2003-10-19 15:00:00,13689.0
2003-10-19 16:00:00,13868.0
2003-10-19 17:00:00,14426.0
2003-10-19 18:00:00,15515.0
2003-10-19 19:00:00,15581.0
2003-10-19 20:00:00,14986.0
2003-10-19 21:00:00,13928.0
2003-10-19 22:00:00,12599.0
2003-10-19 23:00:00,11429.0
2003-10-20 00:00:00,10648.0
2003-10-20 01:00:00,10305.0
2003-10-20 02:00:00,10167.0
2003-10-20 03:00:00,10183.0
2003-10-20 04:00:00,10516.0
2003-10-20 05:00:00,11764.0
2003-10-20 06:00:00,14226.0
2003-10-20 07:00:00,15675.0
2003-10-20 08:00:00,16036.0
2003-10-20 09:00:00,16109.0
2003-10-20 10:00:00,16123.0
2003-10-20 11:00:00,15942.0
2003-10-20 12:00:00,15720.0
2003-10-20 13:00:00,15547.0
2003-10-20 14:00:00,15315.0
2003-10-20 15:00:00,15149.0
2003-10-20 16:00:00,15259.0
2003-10-20 17:00:00,15775.0
2003-10-20 18:00:00,16976.0
2003-10-20 19:00:00,16950.0
2003-10-20 20:00:00,16234.0
2003-10-20 21:00:00,15019.0
2003-10-20 22:00:00,13349.0
2003-10-20 23:00:00,11880.0
2003-10-21 00:00:00,10905.0
2003-10-21 01:00:00,10427.0
2003-10-21 02:00:00,10209.0
2003-10-21 03:00:00,10105.0
2003-10-21 04:00:00,10343.0
2003-10-21 05:00:00,11445.0
2003-10-21 06:00:00,13785.0
2003-10-21 07:00:00,15259.0
2003-10-21 08:00:00,15502.0
2003-10-21 09:00:00,15722.0
2003-10-21 10:00:00,15938.0
2003-10-21 11:00:00,15957.0
2003-10-21 12:00:00,15883.0
2003-10-21 13:00:00,15784.0
2003-10-21 14:00:00,15615.0
2003-10-21 15:00:00,15473.0
2003-10-21 16:00:00,15639.0
2003-10-21 17:00:00,16209.0
2003-10-21 18:00:00,17035.0
2003-10-21 19:00:00,16717.0
2003-10-21 20:00:00,15941.0
2003-10-21 21:00:00,14694.0
2003-10-21 22:00:00,12999.0
2003-10-21 23:00:00,11590.0
2003-10-22 00:00:00,10627.0
2003-10-22 01:00:00,10130.0
2003-10-22 02:00:00,9893.0
2003-10-22 03:00:00,9823.0
2003-10-22 04:00:00,10060.0
2003-10-22 05:00:00,11185.0
2003-10-22 06:00:00,13579.0
2003-10-22 07:00:00,15288.0
2003-10-22 08:00:00,15679.0
2003-10-22 09:00:00,15889.0
2003-10-22 10:00:00,16047.0
2003-10-22 11:00:00,16078.0
2003-10-22 12:00:00,16017.0
2003-10-22 13:00:00,16003.0
2003-10-22 14:00:00,15924.0
2003-10-22 15:00:00,15942.0
2003-10-22 16:00:00,16274.0
2003-10-22 17:00:00,16893.0
2003-10-22 18:00:00,17454.0
2003-10-22 19:00:00,17182.0
2003-10-22 20:00:00,16460.0
2003-10-22 21:00:00,15278.0
2003-10-22 22:00:00,13663.0
2003-10-22 23:00:00,12236.0
2003-10-23 00:00:00,11290.0
2003-10-23 01:00:00,10765.0
2003-10-23 02:00:00,10551.0
2003-10-23 03:00:00,10518.0
2003-10-23 04:00:00,10790.0
2003-10-23 05:00:00,11932.0
2003-10-23 06:00:00,14302.0
2003-10-23 07:00:00,15805.0
2003-10-23 08:00:00,16121.0
2003-10-23 09:00:00,16272.0
2003-10-23 10:00:00,16385.0
2003-10-23 11:00:00,16372.0
2003-10-23 12:00:00,16249.0
2003-10-23 13:00:00,16169.0
2003-10-23 14:00:00,16020.0
2003-10-23 15:00:00,15927.0
2003-10-23 16:00:00,16100.0
2003-10-23 17:00:00,16631.0
2003-10-23 18:00:00,17529.0
2003-10-23 19:00:00,17372.0
2003-10-23 20:00:00,16697.0
2003-10-23 21:00:00,15610.0
2003-10-23 22:00:00,14005.0
2003-10-23 23:00:00,12537.0
2003-10-24 00:00:00,11519.0
2003-10-24 01:00:00,11033.0
2003-10-24 02:00:00,10809.0
2003-10-24 03:00:00,10769.0
2003-10-24 04:00:00,11022.0
2003-10-24 05:00:00,12160.0
2003-10-24 06:00:00,14471.0
2003-10-24 07:00:00,15913.0
2003-10-24 08:00:00,16182.0
2003-10-24 09:00:00,16246.0
2003-10-24 10:00:00,16250.0
2003-10-24 11:00:00,16149.0
2003-10-24 12:00:00,15936.0
2003-10-24 13:00:00,15821.0
2003-10-24 14:00:00,15562.0
2003-10-24 15:00:00,15354.0
2003-10-24 16:00:00,15357.0
2003-10-24 17:00:00,15642.0
2003-10-24 18:00:00,16534.0
2003-10-24 19:00:00,16323.0
2003-10-24 20:00:00,15814.0
2003-10-24 21:00:00,15066.0
2003-10-24 22:00:00,13877.0
2003-10-24 23:00:00,12690.0
2003-10-25 00:00:00,11671.0
2003-10-25 01:00:00,11157.0
2003-10-25 02:00:00,10910.0
2003-10-25 03:00:00,10808.0
2003-10-25 04:00:00,10889.0
2003-10-25 05:00:00,11309.0
2003-10-25 06:00:00,12206.0
2003-10-25 07:00:00,13223.0
2003-10-25 08:00:00,14286.0
2003-10-25 09:00:00,14749.0
2003-10-25 10:00:00,14739.0
2003-10-25 11:00:00,14432.0
2003-10-25 12:00:00,14016.0
2003-10-25 13:00:00,13608.0
2003-10-25 14:00:00,13292.0
2003-10-25 15:00:00,13174.0
2003-10-25 16:00:00,13382.0
2003-10-25 17:00:00,14056.0
2003-10-25 18:00:00,15055.0
2003-10-25 19:00:00,14865.0
2003-10-25 20:00:00,14377.0
2003-10-25 21:00:00,13678.0
2003-10-25 22:00:00,12715.0
2003-10-25 23:00:00,11681.0
2003-10-26 00:00:00,10703.0
2003-10-26 01:00:00,19764.0
2003-10-26 02:00:00,9611.0
2003-10-26 03:00:00,9478.0
2003-10-26 04:00:00,9560.0
2003-10-26 05:00:00,9871.0
2003-10-26 06:00:00,10467.0
2003-10-26 07:00:00,11575.0
2003-10-26 08:00:00,12758.0
2003-10-26 09:00:00,13440.0
2003-10-26 10:00:00,13733.0
2003-10-26 11:00:00,13944.0
2003-10-26 12:00:00,13973.0
2003-10-26 13:00:00,13864.0
2003-10-26 14:00:00,13716.0
2003-10-26 15:00:00,13901.0
2003-10-26 16:00:00,14747.0
2003-10-26 17:00:00,15667.0
2003-10-26 18:00:00,15545.0
2003-10-26 19:00:00,15113.0
2003-10-26 20:00:00,14342.0
2003-10-26 21:00:00,13146.0
2003-10-26 22:00:00,11878.0
2003-10-26 23:00:00,10899.0
2003-10-27 00:00:00,10165.0
2003-10-27 01:00:00,9814.0
2003-10-27 02:00:00,9680.0
2003-10-27 03:00:00,9684.0
2003-10-27 04:00:00,10020.0
2003-10-27 05:00:00,11270.0
2003-10-27 06:00:00,13631.0
2003-10-27 07:00:00,15165.0
2003-10-27 08:00:00,15765.0
2003-10-27 09:00:00,16086.0
2003-10-27 10:00:00,16344.0
2003-10-27 11:00:00,16338.0
2003-10-27 12:00:00,16259.0
2003-10-27 13:00:00,16241.0
2003-10-27 14:00:00,16156.0
2003-10-27 15:00:00,16351.0
2003-10-27 16:00:00,17106.0
2003-10-27 17:00:00,17878.0
2003-10-27 18:00:00,17469.0
2003-10-27 19:00:00,16812.0
2003-10-27 20:00:00,15897.0
2003-10-27 21:00:00,14583.0
2003-10-27 22:00:00,12848.0
2003-10-27 23:00:00,11513.0
2003-10-28 00:00:00,10534.0
2003-10-28 01:00:00,10050.0
2003-10-28 02:00:00,9818.0
2003-10-28 03:00:00,9803.0
2003-10-28 04:00:00,10087.0
2003-10-28 05:00:00,11309.0
2003-10-28 06:00:00,13545.0
2003-10-28 07:00:00,14875.0
2003-10-28 08:00:00,15163.0
2003-10-28 09:00:00,15290.0
2003-10-28 10:00:00,15401.0
2003-10-28 11:00:00,15402.0
2003-10-28 12:00:00,15331.0
2003-10-28 13:00:00,15297.0
2003-10-28 14:00:00,15130.0
2003-10-28 15:00:00,15097.0
2003-10-28 16:00:00,15738.0
2003-10-28 17:00:00,17168.0
2003-10-28 18:00:00,17049.0
2003-10-28 19:00:00,16543.0
2003-10-28 20:00:00,15763.0
2003-10-28 21:00:00,14452.0
2003-10-28 22:00:00,12823.0
2003-10-28 23:00:00,11491.0
2003-10-29 00:00:00,10537.0
2003-10-29 01:00:00,10106.0
2003-10-29 02:00:00,9902.0
2003-10-29 03:00:00,9874.0
2003-10-29 04:00:00,10187.0
2003-10-29 05:00:00,11343.0
2003-10-29 06:00:00,13655.0
2003-10-29 07:00:00,15181.0
2003-10-29 08:00:00,15738.0
2003-10-29 09:00:00,16075.0
2003-10-29 10:00:00,16346.0
2003-10-29 11:00:00,16403.0
2003-10-29 12:00:00,16249.0
2003-10-29 13:00:00,16167.0
2003-10-29 14:00:00,15945.0
2003-10-29 15:00:00,15920.0
2003-10-29 16:00:00,16501.0
2003-10-29 17:00:00,17470.0
2003-10-29 18:00:00,17214.0
2003-10-29 19:00:00,16648.0
2003-10-29 20:00:00,15873.0
2003-10-29 21:00:00,14630.0
2003-10-29 22:00:00,13021.0
2003-10-29 23:00:00,11630.0
2003-10-30 00:00:00,10705.0
2003-10-30 01:00:00,10252.0
2003-10-30 02:00:00,10141.0
2003-10-30 03:00:00,10121.0
2003-10-30 04:00:00,10454.0
2003-10-30 05:00:00,11655.0
2003-10-30 06:00:00,13763.0
2003-10-30 07:00:00,15003.0
2003-10-30 08:00:00,15347.0
2003-10-30 09:00:00,15459.0
2003-10-30 10:00:00,15554.0
2003-10-30 11:00:00,15553.0
2003-10-30 12:00:00,15400.0
2003-10-30 13:00:00,15328.0
2003-10-30 14:00:00,15176.0
2003-10-30 15:00:00,15117.0
2003-10-30 16:00:00,15698.0
2003-10-30 17:00:00,17065.0
2003-10-30 18:00:00,17011.0
2003-10-30 19:00:00,16627.0
2003-10-30 20:00:00,15976.0
2003-10-30 21:00:00,14805.0
2003-10-30 22:00:00,13189.0
2003-10-30 23:00:00,11818.0
2003-10-31 00:00:00,10877.0
2003-10-31 01:00:00,10415.0
2003-10-31 02:00:00,10211.0
2003-10-31 03:00:00,10185.0
2003-10-31 04:00:00,10494.0
2003-10-31 05:00:00,11668.0
2003-10-31 06:00:00,13711.0
2003-10-31 07:00:00,14933.0
2003-10-31 08:00:00,15261.0
2003-10-31 09:00:00,15396.0
2003-10-31 10:00:00,15508.0
2003-10-31 11:00:00,15454.0
2003-10-31 12:00:00,15290.0
2003-10-31 13:00:00,15189.0
2003-10-31 14:00:00,14993.0
2003-10-31 15:00:00,14882.0
2003-10-31 16:00:00,15471.0
2003-10-31 17:00:00,16335.0
2003-10-31 18:00:00,15692.0
2003-10-31 19:00:00,15077.0
2003-10-31 20:00:00,14567.0
2003-10-31 21:00:00,13703.0
2003-10-31 22:00:00,12498.0
2003-10-31 23:00:00,11319.0
2003-11-01 00:00:00,10430.0
2003-11-01 01:00:00,9971.0
2003-11-01 02:00:00,9684.0
2003-11-01 03:00:00,9570.0
2003-11-01 04:00:00,9634.0
2003-11-01 05:00:00,10052.0
2003-11-01 06:00:00,10696.0
2003-11-01 07:00:00,11766.0
2003-11-01 08:00:00,12867.0
2003-11-01 09:00:00,13538.0
2003-11-01 10:00:00,13805.0
2003-11-01 11:00:00,13828.0
2003-11-01 12:00:00,13654.0
2003-11-01 13:00:00,13438.0
2003-11-01 14:00:00,13256.0
2003-11-01 15:00:00,13270.0
2003-11-01 16:00:00,14092.0
2003-11-01 17:00:00,15440.0
2003-11-01 18:00:00,15148.0
2003-11-01 19:00:00,14503.0
2003-11-01 20:00:00,13899.0
2003-11-01 21:00:00,13113.0
2003-11-01 22:00:00,12027.0
2003-11-01 23:00:00,10985.0
2003-11-02 00:00:00,10100.0
2003-11-02 01:00:00,9560.0
2003-11-02 02:00:00,9236.0
2003-11-02 03:00:00,9091.0
2003-11-02 04:00:00,9083.0
2003-11-02 05:00:00,9321.0
2003-11-02 06:00:00,9702.0
2003-11-02 07:00:00,10547.0
2003-11-02 08:00:00,11681.0
2003-11-02 09:00:00,12467.0
2003-11-02 10:00:00,12845.0
2003-11-02 11:00:00,13063.0
2003-11-02 12:00:00,13157.0
2003-11-02 13:00:00,13146.0
2003-11-02 14:00:00,13107.0
2003-11-02 15:00:00,13350.0
2003-11-02 16:00:00,14283.0
2003-11-02 17:00:00,15501.0
2003-11-02 18:00:00,15366.0
2003-11-02 19:00:00,14906.0
2003-11-02 20:00:00,14211.0
2003-11-02 21:00:00,13129.0
2003-11-02 22:00:00,11855.0
2003-11-02 23:00:00,10758.0
2003-11-03 00:00:00,9971.0
2003-11-03 01:00:00,9594.0
2003-11-03 02:00:00,9421.0
2003-11-03 03:00:00,9415.0
2003-11-03 04:00:00,9752.0
2003-11-03 05:00:00,10943.0
2003-11-03 06:00:00,13150.0
2003-11-03 07:00:00,14610.0
2003-11-03 08:00:00,15127.0
2003-11-03 09:00:00,15449.0
2003-11-03 10:00:00,15728.0
2003-11-03 11:00:00,15893.0
2003-11-03 12:00:00,15929.0
2003-11-03 13:00:00,15983.0
2003-11-03 14:00:00,15859.0
2003-11-03 15:00:00,15845.0
2003-11-03 16:00:00,16576.0
2003-11-03 17:00:00,17669.0
2003-11-03 18:00:00,17411.0
2003-11-03 19:00:00,16768.0
2003-11-03 20:00:00,15870.0
2003-11-03 21:00:00,14603.0
2003-11-03 22:00:00,13000.0
2003-11-03 23:00:00,11618.0
2003-11-04 00:00:00,10664.0
2003-11-04 01:00:00,10107.0
2003-11-04 02:00:00,9830.0
2003-11-04 03:00:00,9775.0
2003-11-04 04:00:00,10032.0
2003-11-04 05:00:00,11129.0
2003-11-04 06:00:00,13288.0
2003-11-04 07:00:00,14740.0
2003-11-04 08:00:00,15298.0
2003-11-04 09:00:00,15623.0
2003-11-04 10:00:00,15880.0
2003-11-04 11:00:00,15956.0
2003-11-04 12:00:00,15918.0
2003-11-04 13:00:00,15900.0
2003-11-04 14:00:00,15813.0
2003-11-04 15:00:00,15963.0
2003-11-04 16:00:00,16845.0
2003-11-04 17:00:00,17731.0
2003-11-04 18:00:00,17476.0
2003-11-04 19:00:00,16964.0
2003-11-04 20:00:00,16101.0
2003-11-04 21:00:00,14849.0
2003-11-04 22:00:00,13210.0
2003-11-04 23:00:00,11839.0
2003-11-05 00:00:00,10900.0
2003-11-05 01:00:00,10431.0
2003-11-05 02:00:00,10201.0
2003-11-05 03:00:00,10168.0
2003-11-05 04:00:00,10453.0
2003-11-05 05:00:00,11620.0
2003-11-05 06:00:00,13874.0
2003-11-05 07:00:00,15328.0
2003-11-05 08:00:00,15772.0
2003-11-05 09:00:00,15994.0
2003-11-05 10:00:00,16181.0
2003-11-05 11:00:00,16224.0
2003-11-05 12:00:00,16126.0
2003-11-05 13:00:00,16107.0
2003-11-05 14:00:00,16010.0
2003-11-05 15:00:00,16168.0
2003-11-05 16:00:00,17099.0
2003-11-05 17:00:00,17856.0
2003-11-05 18:00:00,17545.0
2003-11-05 19:00:00,16990.0
2003-11-05 20:00:00,16172.0
2003-11-05 21:00:00,14865.0
2003-11-05 22:00:00,13226.0
2003-11-05 23:00:00,11765.0
2003-11-06 00:00:00,10770.0
2003-11-06 01:00:00,10284.0
2003-11-06 02:00:00,10028.0
2003-11-06 03:00:00,9986.0
2003-11-06 04:00:00,10280.0
2003-11-06 05:00:00,11418.0
2003-11-06 06:00:00,13560.0
2003-11-06 07:00:00,14814.0
2003-11-06 08:00:00,15226.0
2003-11-06 09:00:00,15431.0
2003-11-06 10:00:00,15630.0
2003-11-06 11:00:00,15648.0
2003-11-06 12:00:00,15561.0
2003-11-06 13:00:00,15526.0
2003-11-06 14:00:00,15458.0
2003-11-06 15:00:00,15693.0
2003-11-06 16:00:00,16686.0
2003-11-06 17:00:00,17472.0
2003-11-06 18:00:00,17197.0
2003-11-06 19:00:00,16713.0
2003-11-06 20:00:00,15918.0
2003-11-06 21:00:00,14773.0
2003-11-06 22:00:00,13151.0
2003-11-06 23:00:00,11731.0
2003-11-07 00:00:00,10783.0
2003-11-07 01:00:00,10304.0
2003-11-07 02:00:00,10045.0
2003-11-07 03:00:00,9991.0
2003-11-07 04:00:00,10260.0
2003-11-07 05:00:00,11412.0
2003-11-07 06:00:00,13568.0
2003-11-07 07:00:00,14861.0
2003-11-07 08:00:00,15234.0
2003-11-07 09:00:00,15371.0
2003-11-07 10:00:00,15480.0
2003-11-07 11:00:00,15410.0
2003-11-07 12:00:00,15226.0
2003-11-07 13:00:00,15128.0
2003-11-07 14:00:00,14916.0
2003-11-07 15:00:00,14772.0
2003-11-07 16:00:00,15513.0
2003-11-07 17:00:00,16739.0
2003-11-07 18:00:00,16457.0
2003-11-07 19:00:00,15876.0
2003-11-07 20:00:00,15240.0
2003-11-07 21:00:00,14388.0
2003-11-07 22:00:00,13189.0
2003-11-07 23:00:00,11916.0
2003-11-08 00:00:00,10929.0
2003-11-08 01:00:00,10423.0
2003-11-08 02:00:00,10160.0
2003-11-08 03:00:00,10099.0
2003-11-08 04:00:00,10235.0
2003-11-08 05:00:00,10713.0
2003-11-08 06:00:00,11487.0
2003-11-08 07:00:00,12569.0
2003-11-08 08:00:00,13713.0
2003-11-08 09:00:00,14322.0
2003-11-08 10:00:00,14459.0
2003-11-08 11:00:00,14369.0
2003-11-08 12:00:00,14111.0
2003-11-08 13:00:00,13842.0
2003-11-08 14:00:00,13642.0
2003-11-08 15:00:00,13785.0
2003-11-08 16:00:00,14892.0
2003-11-08 17:00:00,16303.0
2003-11-08 18:00:00,16142.0
2003-11-08 19:00:00,15700.0
2003-11-08 20:00:00,15188.0
2003-11-08 21:00:00,14504.0
2003-11-08 22:00:00,13514.0
2003-11-08 23:00:00,12520.0
2003-11-09 00:00:00,11693.0
2003-11-09 01:00:00,11219.0
2003-11-09 02:00:00,10974.0
2003-11-09 03:00:00,10894.0
2003-11-09 04:00:00,10990.0
2003-11-09 05:00:00,11288.0
2003-11-09 06:00:00,11749.0
2003-11-09 07:00:00,12498.0
2003-11-09 08:00:00,13391.0
2003-11-09 09:00:00,13966.0
2003-11-09 10:00:00,14159.0
2003-11-09 11:00:00,14184.0
2003-11-09 12:00:00,14066.0
2003-11-09 13:00:00,13841.0
2003-11-09 14:00:00,13652.0
2003-11-09 15:00:00,13846.0
2003-11-09 16:00:00,15114.0
2003-11-09 17:00:00,16718.0
2003-11-09 18:00:00,16707.0
2003-11-09 19:00:00,16322.0
2003-11-09 20:00:00,15771.0
2003-11-09 21:00:00,14726.0
2003-11-09 22:00:00,13434.0
2003-11-09 23:00:00,12415.0
2003-11-10 00:00:00,11683.0
2003-11-10 01:00:00,11362.0
2003-11-10 02:00:00,11243.0
2003-11-10 03:00:00,11281.0
2003-11-10 04:00:00,11658.0
2003-11-10 05:00:00,12882.0
2003-11-10 06:00:00,15007.0
2003-11-10 07:00:00,16282.0
2003-11-10 08:00:00,16595.0
2003-11-10 09:00:00,16601.0
2003-11-10 10:00:00,16538.0
2003-11-10 11:00:00,16341.0
2003-11-10 12:00:00,16049.0
2003-11-10 13:00:00,15845.0
2003-11-10 14:00:00,15615.0
2003-11-10 15:00:00,15575.0
2003-11-10 16:00:00,16631.0
2003-11-10 17:00:00,18083.0
2003-11-10 18:00:00,17889.0
2003-11-10 19:00:00,17370.0
2003-11-10 20:00:00,16623.0
2003-11-10 21:00:00,15523.0
2003-11-10 22:00:00,14042.0
2003-11-10 23:00:00,12709.0
2003-11-11 00:00:00,11788.0
2003-11-11 01:00:00,11357.0
2003-11-11 02:00:00,11162.0
2003-11-11 03:00:00,11162.0
2003-11-11 04:00:00,11444.0
2003-11-11 05:00:00,12424.0
2003-11-11 06:00:00,13902.0
2003-11-11 07:00:00,15095.0
2003-11-11 08:00:00,15792.0
2003-11-11 09:00:00,16099.0
2003-11-11 10:00:00,16339.0
2003-11-11 11:00:00,16361.0
2003-11-11 12:00:00,16310.0
2003-11-11 13:00:00,16257.0
2003-11-11 14:00:00,16137.0
2003-11-11 15:00:00,16340.0
2003-11-11 16:00:00,17451.0
2003-11-11 17:00:00,18191.0
2003-11-11 18:00:00,17831.0
2003-11-11 19:00:00,17216.0
2003-11-11 20:00:00,16298.0
2003-11-11 21:00:00,15028.0
2003-11-11 22:00:00,13394.0
2003-11-11 23:00:00,12021.0
2003-11-12 00:00:00,11147.0
2003-11-12 01:00:00,10684.0
2003-11-12 02:00:00,10467.0
2003-11-12 03:00:00,10436.0
2003-11-12 04:00:00,10728.0
2003-11-12 05:00:00,11902.0
2003-11-12 06:00:00,14155.0
2003-11-12 07:00:00,15561.0
2003-11-12 08:00:00,15979.0
2003-11-12 09:00:00,16103.0
2003-11-12 10:00:00,16198.0
2003-11-12 11:00:00,16112.0
2003-11-12 12:00:00,15869.0
2003-11-12 13:00:00,15740.0
2003-11-12 14:00:00,15526.0
2003-11-12 15:00:00,15587.0
2003-11-12 16:00:00,16575.0
2003-11-12 17:00:00,17697.0
2003-11-12 18:00:00,17433.0
2003-11-12 19:00:00,16893.0
2003-11-12 20:00:00,16130.0
2003-11-12 21:00:00,14860.0
2003-11-12 22:00:00,13236.0
2003-11-12 23:00:00,11785.0
2003-11-13 00:00:00,10835.0
2003-11-13 01:00:00,10369.0
2003-11-13 02:00:00,10133.0
2003-11-13 03:00:00,10087.0
2003-11-13 04:00:00,10376.0
2003-11-13 05:00:00,11499.0
2003-11-13 06:00:00,13773.0
2003-11-13 07:00:00,15239.0
2003-11-13 08:00:00,15516.0
2003-11-13 09:00:00,15649.0
2003-11-13 10:00:00,15700.0
2003-11-13 11:00:00,15671.0
2003-11-13 12:00:00,15567.0
2003-11-13 13:00:00,15566.0
2003-11-13 14:00:00,15519.0
2003-11-13 15:00:00,15681.0
2003-11-13 16:00:00,16819.0
2003-11-13 17:00:00,17920.0
2003-11-13 18:00:00,17715.0
2003-11-13 19:00:00,17250.0
2003-11-13 20:00:00,16495.0
2003-11-13 21:00:00,15348.0
2003-11-13 22:00:00,13787.0
2003-11-13 23:00:00,12422.0
2003-11-14 00:00:00,11550.0
2003-11-14 01:00:00,11107.0
2003-11-14 02:00:00,10933.0
2003-11-14 03:00:00,10957.0
2003-11-14 04:00:00,11320.0
2003-11-14 05:00:00,12511.0
2003-11-14 06:00:00,14665.0
2003-11-14 07:00:00,15928.0
2003-11-14 08:00:00,16295.0
2003-11-14 09:00:00,16443.0
2003-11-14 10:00:00,16520.0
2003-11-14 11:00:00,16432.0
2003-11-14 12:00:00,16223.0
2003-11-14 13:00:00,16116.0
2003-11-14 14:00:00,15919.0
2003-11-14 15:00:00,16006.0
2003-11-14 16:00:00,16991.0
2003-11-14 17:00:00,18015.0
2003-11-14 18:00:00,17701.0
2003-11-14 19:00:00,17080.0
2003-11-14 20:00:00,16409.0
2003-11-14 21:00:00,15449.0
2003-11-14 22:00:00,14160.0
2003-11-14 23:00:00,12871.0
2003-11-15 00:00:00,11942.0
2003-11-15 01:00:00,11428.0
2003-11-15 02:00:00,11166.0
2003-11-15 03:00:00,11078.0
2003-11-15 04:00:00,11197.0
2003-11-15 05:00:00,11713.0
2003-11-15 06:00:00,12514.0
2003-11-15 07:00:00,13473.0
2003-11-15 08:00:00,14505.0
2003-11-15 09:00:00,15056.0
2003-11-15 10:00:00,15177.0
2003-11-15 11:00:00,14991.0
2003-11-15 12:00:00,14623.0
2003-11-15 13:00:00,14252.0
2003-11-15 14:00:00,13984.0
2003-11-15 15:00:00,14106.0
2003-11-15 16:00:00,15268.0
2003-11-15 17:00:00,16528.0
2003-11-15 18:00:00,16317.0
2003-11-15 19:00:00,15854.0
2003-11-15 20:00:00,15336.0
2003-11-15 21:00:00,14613.0
2003-11-15 22:00:00,13613.0
2003-11-15 23:00:00,12595.0
2003-11-16 00:00:00,11748.0
2003-11-16 01:00:00,11235.0
2003-11-16 02:00:00,10981.0
2003-11-16 03:00:00,10877.0
2003-11-16 04:00:00,10936.0
2003-11-16 05:00:00,11256.0
2003-11-16 06:00:00,11724.0
2003-11-16 07:00:00,12409.0
2003-11-16 08:00:00,13355.0
2003-11-16 09:00:00,13965.0
2003-11-16 10:00:00,14185.0
2003-11-16 11:00:00,14216.0
2003-11-16 12:00:00,14097.0
2003-11-16 13:00:00,13872.0
2003-11-16 14:00:00,13697.0
2003-11-16 15:00:00,13881.0
2003-11-16 16:00:00,15241.0
2003-11-16 17:00:00,16529.0
2003-11-16 18:00:00,16385.0
2003-11-16 19:00:00,15957.0
2003-11-16 20:00:00,15299.0
2003-11-16 21:00:00,14239.0
2003-11-16 22:00:00,12965.0
2003-11-16 23:00:00,11845.0
2003-11-17 00:00:00,10971.0
2003-11-17 01:00:00,10571.0
2003-11-17 02:00:00,10387.0
2003-11-17 03:00:00,10383.0
2003-11-17 04:00:00,10728.0
2003-11-17 05:00:00,11977.0
2003-11-17 06:00:00,14244.0
2003-11-17 07:00:00,15661.0
2003-11-17 08:00:00,16087.0
2003-11-17 09:00:00,16261.0
2003-11-17 10:00:00,16421.0
2003-11-17 11:00:00,16431.0
2003-11-17 12:00:00,16328.0
2003-11-17 13:00:00,16297.0
2003-11-17 14:00:00,16165.0
2003-11-17 15:00:00,16326.0
2003-11-17 16:00:00,17385.0
2003-11-17 17:00:00,18301.0
2003-11-17 18:00:00,18058.0
2003-11-17 19:00:00,17464.0
2003-11-17 20:00:00,16659.0
2003-11-17 21:00:00,15422.0
2003-11-17 22:00:00,13778.0
2003-11-17 23:00:00,12317.0
2003-11-18 00:00:00,11372.0
2003-11-18 01:00:00,10897.0
2003-11-18 02:00:00,10669.0
2003-11-18 03:00:00,10643.0
2003-11-18 04:00:00,10964.0
2003-11-18 05:00:00,12176.0
2003-11-18 06:00:00,14441.0
2003-11-18 07:00:00,15680.0
2003-11-18 08:00:00,15922.0
2003-11-18 09:00:00,15918.0
2003-11-18 10:00:00,15888.0
2003-11-18 11:00:00,15771.0
2003-11-18 12:00:00,15548.0
2003-11-18 13:00:00,15470.0
2003-11-18 14:00:00,15321.0
2003-11-18 15:00:00,15427.0
2003-11-18 16:00:00,16675.0
2003-11-18 17:00:00,17807.0
2003-11-18 18:00:00,17615.0
2003-11-18 19:00:00,17104.0
2003-11-18 20:00:00,16339.0
2003-11-18 21:00:00,15117.0
2003-11-18 22:00:00,13460.0
2003-11-18 23:00:00,12033.0
2003-11-19 00:00:00,11078.0
2003-11-19 01:00:00,10572.0
2003-11-19 02:00:00,10327.0
2003-11-19 03:00:00,10283.0
2003-11-19 04:00:00,10569.0
2003-11-19 05:00:00,11726.0
2003-11-19 06:00:00,14011.0
2003-11-19 07:00:00,15479.0
2003-11-19 08:00:00,15827.0
2003-11-19 09:00:00,15990.0
2003-11-19 10:00:00,16162.0
2003-11-19 11:00:00,16170.0
2003-11-19 12:00:00,16110.0
2003-11-19 13:00:00,16093.0
2003-11-19 14:00:00,15966.0
2003-11-19 15:00:00,16090.0
2003-11-19 16:00:00,17096.0
2003-11-19 17:00:00,17812.0
2003-11-19 18:00:00,17494.0
2003-11-19 19:00:00,16887.0
2003-11-19 20:00:00,16119.0
2003-11-19 21:00:00,14844.0
2003-11-19 22:00:00,13237.0
2003-11-19 23:00:00,11816.0
2003-11-20 00:00:00,10773.0
2003-11-20 01:00:00,10283.0
2003-11-20 02:00:00,10037.0
2003-11-20 03:00:00,9969.0
2003-11-20 04:00:00,10251.0
2003-11-20 05:00:00,11374.0
2003-11-20 06:00:00,13659.0
2003-11-20 07:00:00,15150.0
2003-11-20 08:00:00,15534.0
2003-11-20 09:00:00,15748.0
2003-11-20 10:00:00,15899.0
2003-11-20 11:00:00,15879.0
2003-11-20 12:00:00,15783.0
2003-11-20 13:00:00,15766.0
2003-11-20 14:00:00,15707.0
2003-11-20 15:00:00,15957.0
2003-11-20 16:00:00,17015.0
2003-11-20 17:00:00,17796.0
2003-11-20 18:00:00,17562.0
2003-11-20 19:00:00,17109.0
2003-11-20 20:00:00,16333.0
2003-11-20 21:00:00,15188.0
2003-11-20 22:00:00,13584.0
2003-11-20 23:00:00,12165.0
2003-11-21 00:00:00,11237.0
2003-11-21 01:00:00,10753.0
2003-11-21 02:00:00,10531.0
2003-11-21 03:00:00,10500.0
2003-11-21 04:00:00,10820.0
2003-11-21 05:00:00,11965.0
2003-11-21 06:00:00,14169.0
2003-11-21 07:00:00,15531.0
2003-11-21 08:00:00,15863.0
2003-11-21 09:00:00,15939.0
2003-11-21 10:00:00,15942.0
2003-11-21 11:00:00,15807.0
2003-11-21 12:00:00,15569.0
2003-11-21 13:00:00,15454.0
2003-11-21 14:00:00,15293.0
2003-11-21 15:00:00,15255.0
2003-11-21 16:00:00,16130.0
2003-11-21 17:00:00,17007.0
2003-11-21 18:00:00,16696.0
2003-11-21 19:00:00,16057.0
2003-11-21 20:00:00,15415.0
2003-11-21 21:00:00,14516.0
2003-11-21 22:00:00,13359.0
2003-11-21 23:00:00,12101.0
2003-11-22 00:00:00,11120.0
2003-11-22 01:00:00,10569.0
2003-11-22 02:00:00,10270.0
2003-11-22 03:00:00,10173.0
2003-11-22 04:00:00,10312.0
2003-11-22 05:00:00,10784.0
2003-11-22 06:00:00,11604.0
2003-11-22 07:00:00,12570.0
2003-11-22 08:00:00,13597.0
2003-11-22 09:00:00,14105.0
2003-11-22 10:00:00,14245.0
2003-11-22 11:00:00,14088.0
2003-11-22 12:00:00,13777.0
2003-11-22 13:00:00,13452.0
2003-11-22 14:00:00,13215.0
2003-11-22 15:00:00,13279.0
2003-11-22 16:00:00,14468.0
2003-11-22 17:00:00,15693.0
2003-11-22 18:00:00,15464.0
2003-11-22 19:00:00,14984.0
2003-11-22 20:00:00,14524.0
2003-11-22 21:00:00,13836.0
2003-11-22 22:00:00,12881.0
2003-11-22 23:00:00,11842.0
2003-11-23 00:00:00,10977.0
2003-11-23 01:00:00,10475.0
2003-11-23 02:00:00,10231.0
2003-11-23 03:00:00,10118.0
2003-11-23 04:00:00,10196.0
2003-11-23 05:00:00,10498.0
2003-11-23 06:00:00,11038.0
2003-11-23 07:00:00,11772.0
2003-11-23 08:00:00,12711.0
2003-11-23 09:00:00,13320.0
2003-11-23 10:00:00,13549.0
2003-11-23 11:00:00,13584.0
2003-11-23 12:00:00,13500.0
2003-11-23 13:00:00,13307.0
2003-11-23 14:00:00,13144.0
2003-11-23 15:00:00,13308.0
2003-11-23 16:00:00,14780.0
2003-11-23 17:00:00,16200.0
2003-11-23 18:00:00,16140.0
2003-11-23 19:00:00,15786.0
2003-11-23 20:00:00,15187.0
2003-11-23 21:00:00,14170.0
2003-11-23 22:00:00,12876.0
2003-11-23 23:00:00,11766.0
2003-11-24 00:00:00,10970.0
2003-11-24 01:00:00,10611.0
2003-11-24 02:00:00,10469.0
2003-11-24 03:00:00,10514.0
2003-11-24 04:00:00,10883.0
2003-11-24 05:00:00,12152.0
2003-11-24 06:00:00,14457.0
2003-11-24 07:00:00,15733.0
2003-11-24 08:00:00,16053.0
2003-11-24 09:00:00,16119.0
2003-11-24 10:00:00,16123.0
2003-11-24 11:00:00,15970.0
2003-11-24 12:00:00,15732.0
2003-11-24 13:00:00,15612.0
2003-11-24 14:00:00,15442.0
2003-11-24 15:00:00,15546.0
2003-11-24 16:00:00,16798.0
2003-11-24 17:00:00,17930.0
2003-11-24 18:00:00,17694.0
2003-11-24 19:00:00,17152.0
2003-11-24 20:00:00,16378.0
2003-11-24 21:00:00,15128.0
2003-11-24 22:00:00,13551.0
2003-11-24 23:00:00,12039.0
2003-11-25 00:00:00,11043.0
2003-11-25 01:00:00,10527.0
2003-11-25 02:00:00,10297.0
2003-11-25 03:00:00,10299.0
2003-11-25 04:00:00,10620.0
2003-11-25 05:00:00,11841.0
2003-11-25 06:00:00,14115.0
2003-11-25 07:00:00,15457.0
2003-11-25 08:00:00,15778.0
2003-11-25 09:00:00,15892.0
2003-11-25 10:00:00,15966.0
2003-11-25 11:00:00,15893.0
2003-11-25 12:00:00,15727.0
2003-11-25 13:00:00,15651.0
2003-11-25 14:00:00,15540.0
2003-11-25 15:00:00,15660.0
2003-11-25 16:00:00,16954.0
2003-11-25 17:00:00,18154.0
2003-11-25 18:00:00,18011.0
2003-11-25 19:00:00,17591.0
2003-11-25 20:00:00,16967.0
2003-11-25 21:00:00,15873.0
2003-11-25 22:00:00,14303.0
2003-11-25 23:00:00,12877.0
2003-11-26 00:00:00,11924.0
2003-11-26 01:00:00,11448.0
2003-11-26 02:00:00,11242.0
2003-11-26 03:00:00,11229.0
2003-11-26 04:00:00,11579.0
2003-11-26 05:00:00,12723.0
2003-11-26 06:00:00,14800.0
2003-11-26 07:00:00,16111.0
2003-11-26 08:00:00,16529.0
2003-11-26 09:00:00,16598.0
2003-11-26 10:00:00,16605.0
2003-11-26 11:00:00,16453.0
2003-11-26 12:00:00,16212.0
2003-11-26 13:00:00,16136.0
2003-11-26 14:00:00,15908.0
2003-11-26 15:00:00,15796.0
2003-11-26 16:00:00,16947.0
2003-11-26 17:00:00,17818.0
2003-11-26 18:00:00,17516.0
2003-11-26 19:00:00,16978.0
2003-11-26 20:00:00,16248.0
2003-11-26 21:00:00,15238.0
2003-11-26 22:00:00,13821.0
2003-11-26 23:00:00,12326.0
2003-11-27 00:00:00,11206.0
2003-11-27 01:00:00,10571.0
2003-11-27 02:00:00,10230.0
2003-11-27 03:00:00,10093.0
2003-11-27 04:00:00,10129.0
2003-11-27 05:00:00,10594.0
2003-11-27 06:00:00,11388.0
2003-11-27 07:00:00,12326.0
2003-11-27 08:00:00,13480.0
2003-11-27 09:00:00,14196.0
2003-11-27 10:00:00,14423.0
2003-11-27 11:00:00,14329.0
2003-11-27 12:00:00,13753.0
2003-11-27 13:00:00,12874.0
2003-11-27 14:00:00,12142.0
2003-11-27 15:00:00,11975.0
2003-11-27 16:00:00,12739.0
2003-11-27 17:00:00,13191.0
2003-11-27 18:00:00,13210.0
2003-11-27 19:00:00,13146.0
2003-11-27 20:00:00,13003.0
2003-11-27 21:00:00,12534.0
2003-11-27 22:00:00,11693.0
2003-11-27 23:00:00,10771.0
2003-11-28 00:00:00,10035.0
2003-11-28 01:00:00,9629.0
2003-11-28 02:00:00,9422.0
2003-11-28 03:00:00,9376.0
2003-11-28 04:00:00,9587.0
2003-11-28 05:00:00,10230.0
2003-11-28 06:00:00,11230.0
2003-11-28 07:00:00,12239.0
2003-11-28 08:00:00,13292.0
2003-11-28 09:00:00,14112.0
2003-11-28 10:00:00,14590.0
2003-11-28 11:00:00,14814.0
2003-11-28 12:00:00,14787.0
2003-11-28 13:00:00,14625.0
2003-11-28 14:00:00,14531.0
2003-11-28 15:00:00,14697.0
2003-11-28 16:00:00,15590.0
2003-11-28 17:00:00,16003.0
2003-11-28 18:00:00,15579.0
2003-11-28 19:00:00,15079.0
2003-11-28 20:00:00,14451.0
2003-11-28 21:00:00,13600.0
2003-11-28 22:00:00,12542.0
2003-11-28 23:00:00,11380.0
2003-11-29 00:00:00,10428.0
2003-11-29 01:00:00,9842.0
2003-11-29 02:00:00,9528.0
2003-11-29 03:00:00,9385.0
2003-11-29 04:00:00,9446.0
2003-11-29 05:00:00,9838.0
2003-11-29 06:00:00,10603.0
2003-11-29 07:00:00,11550.0
2003-11-29 08:00:00,12783.0
2003-11-29 09:00:00,13644.0
2003-11-29 10:00:00,14047.0
2003-11-29 11:00:00,14094.0
2003-11-29 12:00:00,13955.0
2003-11-29 13:00:00,13815.0
2003-11-29 14:00:00,13731.0
2003-11-29 15:00:00,14009.0
2003-11-29 16:00:00,15351.0
2003-11-29 17:00:00,16194.0
2003-11-29 18:00:00,16018.0
2003-11-29 19:00:00,15627.0
2003-11-29 20:00:00,15126.0
2003-11-29 21:00:00,14409.0
2003-11-29 22:00:00,13397.0
2003-11-29 23:00:00,12260.0
2003-11-30 00:00:00,11305.0
2003-11-30 01:00:00,10759.0
2003-11-30 02:00:00,10409.0
2003-11-30 03:00:00,10292.0
2003-11-30 04:00:00,10308.0
2003-11-30 05:00:00,10531.0
2003-11-30 06:00:00,11074.0
2003-11-30 07:00:00,11758.0
2003-11-30 08:00:00,12790.0
2003-11-30 09:00:00,13582.0
2003-11-30 10:00:00,13906.0
2003-11-30 11:00:00,13952.0
2003-11-30 12:00:00,13906.0
2003-11-30 13:00:00,13770.0
2003-11-30 14:00:00,13642.0
2003-11-30 15:00:00,13960.0
2003-11-30 16:00:00,15536.0
2003-11-30 17:00:00,16690.0
2003-11-30 18:00:00,16620.0
2003-11-30 19:00:00,16255.0
2003-11-30 20:00:00,15600.0
2003-11-30 21:00:00,14414.0
2003-11-30 22:00:00,13006.0
2003-11-30 23:00:00,11757.0
2003-12-01 00:00:00,10953.0
2003-12-01 01:00:00,10519.0
2003-12-01 02:00:00,10342.0
2003-12-01 03:00:00,10337.0
2003-12-01 04:00:00,10686.0
2003-12-01 05:00:00,11933.0
2003-12-01 06:00:00,14224.0
2003-12-01 07:00:00,15543.0
2003-12-01 08:00:00,15872.0
2003-12-01 09:00:00,16149.0
2003-12-01 10:00:00,16288.0
2003-12-01 11:00:00,16174.0
2003-12-01 12:00:00,16000.0
2003-12-01 13:00:00,15954.0
2003-12-01 14:00:00,15906.0
2003-12-01 15:00:00,16082.0
2003-12-01 16:00:00,17534.0
2003-12-01 17:00:00,18809.0
2003-12-01 18:00:00,18394.0
2003-12-01 19:00:00,18125.0
2003-12-01 20:00:00,17609.0
2003-12-01 21:00:00,16387.0
2003-12-01 22:00:00,14661.0
2003-12-01 23:00:00,13112.0
2003-12-02 00:00:00,12134.0
2003-12-02 01:00:00,11655.0
2003-12-02 02:00:00,11452.0
2003-12-02 03:00:00,11462.0
2003-12-02 04:00:00,11800.0
2003-12-02 05:00:00,13045.0
2003-12-02 06:00:00,15357.0
2003-12-02 07:00:00,16536.0
2003-12-02 08:00:00,16704.0
2003-12-02 09:00:00,16872.0
2003-12-02 10:00:00,17085.0
2003-12-02 11:00:00,17098.0
2003-12-02 12:00:00,17031.0
2003-12-02 13:00:00,16997.0
2003-12-02 14:00:00,16999.0
2003-12-02 15:00:00,17338.0
2003-12-02 16:00:00,18891.0
2003-12-02 17:00:00,20200.0
2003-12-02 18:00:00,20128.0
2003-12-02 19:00:00,19707.0
2003-12-02 20:00:00,19034.0
2003-12-02 21:00:00,17840.0
2003-12-02 22:00:00,16099.0
2003-12-02 23:00:00,14573.0
2003-12-03 00:00:00,13535.0
2003-12-03 01:00:00,13026.0
2003-12-03 02:00:00,12841.0
2003-12-03 03:00:00,12847.0
2003-12-03 04:00:00,13181.0
2003-12-03 05:00:00,14411.0
2003-12-03 06:00:00,16744.0
2003-12-03 07:00:00,17964.0
2003-12-03 08:00:00,18097.0
2003-12-03 09:00:00,18059.0
2003-12-03 10:00:00,17959.0
2003-12-03 11:00:00,17704.0
2003-12-03 12:00:00,17436.0
2003-12-03 13:00:00,17300.0
2003-12-03 14:00:00,17142.0
2003-12-03 15:00:00,17370.0
2003-12-03 16:00:00,18892.0
2003-12-03 17:00:00,20110.0
2003-12-03 18:00:00,20003.0
2003-12-03 19:00:00,19603.0
2003-12-03 20:00:00,18935.0
2003-12-03 21:00:00,17695.0
2003-12-03 22:00:00,15969.0
2003-12-03 23:00:00,14368.0
2003-12-04 00:00:00,13343.0
2003-12-04 01:00:00,12903.0
2003-12-04 02:00:00,12688.0
2003-12-04 03:00:00,12693.0
2003-12-04 04:00:00,13026.0
2003-12-04 05:00:00,14242.0
2003-12-04 06:00:00,16578.0
2003-12-04 07:00:00,17782.0
2003-12-04 08:00:00,17846.0
2003-12-04 09:00:00,17699.0
2003-12-04 10:00:00,17542.0
2003-12-04 11:00:00,17312.0
2003-12-04 12:00:00,17083.0
2003-12-04 13:00:00,16967.0
2003-12-04 14:00:00,16875.0
2003-12-04 15:00:00,17099.0
2003-12-04 16:00:00,18507.0
2003-12-04 17:00:00,19612.0
2003-12-04 18:00:00,19495.0
2003-12-04 19:00:00,19090.0
2003-12-04 20:00:00,18410.0
2003-12-04 21:00:00,17306.0
2003-12-04 22:00:00,15634.0
2003-12-04 23:00:00,14098.0
2003-12-05 00:00:00,13071.0
2003-12-05 01:00:00,12629.0
2003-12-05 02:00:00,12448.0
2003-12-05 03:00:00,12464.0
2003-12-05 04:00:00,12833.0
2003-12-05 05:00:00,14075.0
2003-12-05 06:00:00,16474.0
2003-12-05 07:00:00,17816.0
2003-12-05 08:00:00,18121.0
2003-12-05 09:00:00,18100.0
2003-12-05 10:00:00,17883.0
2003-12-05 11:00:00,17683.0
2003-12-05 12:00:00,17501.0
2003-12-05 13:00:00,17436.0
2003-12-05 14:00:00,17378.0
2003-12-05 15:00:00,17633.0
2003-12-05 16:00:00,18861.0
2003-12-05 17:00:00,19608.0
2003-12-05 18:00:00,19332.0
2003-12-05 19:00:00,18783.0
2003-12-05 20:00:00,18129.0
2003-12-05 21:00:00,17139.0
2003-12-05 22:00:00,15748.0
2003-12-05 23:00:00,14343.0
2003-12-06 00:00:00,13200.0
2003-12-06 01:00:00,12621.0
2003-12-06 02:00:00,12322.0
2003-12-06 03:00:00,12231.0
2003-12-06 04:00:00,12327.0
2003-12-06 05:00:00,12784.0
2003-12-06 06:00:00,13614.0
2003-12-06 07:00:00,14584.0
2003-12-06 08:00:00,15783.0
2003-12-06 09:00:00,16626.0
2003-12-06 10:00:00,17122.0
2003-12-06 11:00:00,17367.0
2003-12-06 12:00:00,17363.0
2003-12-06 13:00:00,17185.0
2003-12-06 14:00:00,17079.0
2003-12-06 15:00:00,17274.0
2003-12-06 16:00:00,18622.0
2003-12-06 17:00:00,19443.0
2003-12-06 18:00:00,19055.0
2003-12-06 19:00:00,18335.0
2003-12-06 20:00:00,17398.0
2003-12-06 21:00:00,16374.0
2003-12-06 22:00:00,15094.0
2003-12-06 23:00:00,13840.0
2003-12-07 00:00:00,12865.0
2003-12-07 01:00:00,12324.0
2003-12-07 02:00:00,12032.0
2003-12-07 03:00:00,11907.0
2003-12-07 04:00:00,11951.0
2003-12-07 05:00:00,12219.0
2003-12-07 06:00:00,12740.0
2003-12-07 07:00:00,13407.0
2003-12-07 08:00:00,14510.0
2003-12-07 09:00:00,15365.0
2003-12-07 10:00:00,15805.0
2003-12-07 11:00:00,16023.0
2003-12-07 12:00:00,16140.0
2003-12-07 13:00:00,16068.0
2003-12-07 14:00:00,15935.0
2003-12-07 15:00:00,16225.0
2003-12-07 16:00:00,17825.0
2003-12-07 17:00:00,19033.0
2003-12-07 18:00:00,18769.0
2003-12-07 19:00:00,18303.0
2003-12-07 20:00:00,17570.0
2003-12-07 21:00:00,16312.0
2003-12-07 22:00:00,14791.0
2003-12-07 23:00:00,13526.0
2003-12-08 00:00:00,12655.0
2003-12-08 01:00:00,12262.0
2003-12-08 02:00:00,12120.0
2003-12-08 03:00:00,12148.0
2003-12-08 04:00:00,12503.0
2003-12-08 05:00:00,13724.0
2003-12-08 06:00:00,15820.0
2003-12-08 07:00:00,17026.0
2003-12-08 08:00:00,17353.0
2003-12-08 09:00:00,17420.0
2003-12-08 10:00:00,17402.0
2003-12-08 11:00:00,17234.0
2003-12-08 12:00:00,16972.0
2003-12-08 13:00:00,16821.0
2003-12-08 14:00:00,16656.0
2003-12-08 15:00:00,16819.0
2003-12-08 16:00:00,18401.0
2003-12-08 17:00:00,19770.0
2003-12-08 18:00:00,19684.0
2003-12-08 19:00:00,19289.0
2003-12-08 20:00:00,18620.0
2003-12-08 21:00:00,17416.0
2003-12-08 22:00:00,15691.0
2003-12-08 23:00:00,14139.0
2003-12-09 00:00:00,13124.0
2003-12-09 01:00:00,12660.0
2003-12-09 02:00:00,12481.0
2003-12-09 03:00:00,12532.0
2003-12-09 04:00:00,12909.0
2003-12-09 05:00:00,14146.0
2003-12-09 06:00:00,16465.0
2003-12-09 07:00:00,17655.0
2003-12-09 08:00:00,17785.0
2003-12-09 09:00:00,17673.0
2003-12-09 10:00:00,17558.0
2003-12-09 11:00:00,17320.0
2003-12-09 12:00:00,17086.0
2003-12-09 13:00:00,17016.0
2003-12-09 14:00:00,16926.0
2003-12-09 15:00:00,17177.0
2003-12-09 16:00:00,18664.0
2003-12-09 17:00:00,19730.0
2003-12-09 18:00:00,19551.0
2003-12-09 19:00:00,19112.0
2003-12-09 20:00:00,18441.0
2003-12-09 21:00:00,17192.0
2003-12-09 22:00:00,15427.0
2003-12-09 23:00:00,13765.0
2003-12-10 00:00:00,12732.0
2003-12-10 01:00:00,12193.0
2003-12-10 02:00:00,11955.0
2003-12-10 03:00:00,11930.0
2003-12-10 04:00:00,12250.0
2003-12-10 05:00:00,13424.0
2003-12-10 06:00:00,15816.0
2003-12-10 07:00:00,17123.0
2003-12-10 08:00:00,17294.0
2003-12-10 09:00:00,17327.0
2003-12-10 10:00:00,17263.0
2003-12-10 11:00:00,17098.0
2003-12-10 12:00:00,16874.0
2003-12-10 13:00:00,16768.0
2003-12-10 14:00:00,16648.0
2003-12-10 15:00:00,16836.0
2003-12-10 16:00:00,18278.0
2003-12-10 17:00:00,19250.0
2003-12-10 18:00:00,19013.0
2003-12-10 19:00:00,18583.0
2003-12-10 20:00:00,17857.0
2003-12-10 21:00:00,16649.0
2003-12-10 22:00:00,14889.0
2003-12-10 23:00:00,13248.0
2003-12-11 00:00:00,12119.0
2003-12-11 01:00:00,11498.0
2003-12-11 02:00:00,11235.0
2003-12-11 03:00:00,11165.0
2003-12-11 04:00:00,11411.0
2003-12-11 05:00:00,12555.0
2003-12-11 06:00:00,14855.0
2003-12-11 07:00:00,16366.0
2003-12-11 08:00:00,16675.0
2003-12-11 09:00:00,16833.0
2003-12-11 10:00:00,16955.0
2003-12-11 11:00:00,17005.0
2003-12-11 12:00:00,16917.0
2003-12-11 13:00:00,16869.0
2003-12-11 14:00:00,16752.0
2003-12-11 15:00:00,16933.0
2003-12-11 16:00:00,18055.0
2003-12-11 17:00:00,18737.0
2003-12-11 18:00:00,18478.0
2003-12-11 19:00:00,17997.0
2003-12-11 20:00:00,17249.0
2003-12-11 21:00:00,16126.0
2003-12-11 22:00:00,14512.0
2003-12-11 23:00:00,12997.0
2003-12-12 00:00:00,11978.0
2003-12-12 01:00:00,11499.0
2003-12-12 02:00:00,11284.0
2003-12-12 03:00:00,11281.0
2003-12-12 04:00:00,11624.0
2003-12-12 05:00:00,12873.0
2003-12-12 06:00:00,15232.0
2003-12-12 07:00:00,16546.0
2003-12-12 08:00:00,16800.0
2003-12-12 09:00:00,16769.0
2003-12-12 10:00:00,16730.0
2003-12-12 11:00:00,16603.0
2003-12-12 12:00:00,16378.0
2003-12-12 13:00:00,16231.0
2003-12-12 14:00:00,16083.0
2003-12-12 15:00:00,16259.0
2003-12-12 16:00:00,17657.0
2003-12-12 17:00:00,18798.0
2003-12-12 18:00:00,18571.0
2003-12-12 19:00:00,18070.0
2003-12-12 20:00:00,17486.0
2003-12-12 21:00:00,16635.0
2003-12-12 22:00:00,15385.0
2003-12-12 23:00:00,13974.0
2003-12-13 00:00:00,12822.0
2003-12-13 01:00:00,12212.0
2003-12-13 02:00:00,11933.0
2003-12-13 03:00:00,11876.0
2003-12-13 04:00:00,11994.0
2003-12-13 05:00:00,12533.0
2003-12-13 06:00:00,13526.0
2003-12-13 07:00:00,14574.0
2003-12-13 08:00:00,15632.0
2003-12-13 09:00:00,16136.0
2003-12-13 10:00:00,16211.0
2003-12-13 11:00:00,16051.0
2003-12-13 12:00:00,15707.0
2003-12-13 13:00:00,15382.0
2003-12-13 14:00:00,15176.0
2003-12-13 15:00:00,15470.0
2003-12-13 16:00:00,17110.0
2003-12-13 17:00:00,18356.0
2003-12-13 18:00:00,18208.0
2003-12-13 19:00:00,17745.0
2003-12-13 20:00:00,17303.0
2003-12-13 21:00:00,16631.0
2003-12-13 22:00:00,15620.0
2003-12-13 23:00:00,14403.0
2003-12-14 00:00:00,13324.0
2003-12-14 01:00:00,12713.0
2003-12-14 02:00:00,12389.0
2003-12-14 03:00:00,12272.0
2003-12-14 04:00:00,12325.0
2003-12-14 05:00:00,12612.0
2003-12-14 06:00:00,13263.0
2003-12-14 07:00:00,14095.0
2003-12-14 08:00:00,15291.0
2003-12-14 09:00:00,16167.0
2003-12-14 10:00:00,16493.0
2003-12-14 11:00:00,16694.0
2003-12-14 12:00:00,16862.0
2003-12-14 13:00:00,16951.0
2003-12-14 14:00:00,16989.0
2003-12-14 15:00:00,17376.0
2003-12-14 16:00:00,18835.0
2003-12-14 17:00:00,19645.0
2003-12-14 18:00:00,19435.0
2003-12-14 19:00:00,18901.0
2003-12-14 20:00:00,17990.0
2003-12-14 21:00:00,16662.0
2003-12-14 22:00:00,15066.0
2003-12-14 23:00:00,13591.0
2003-12-15 00:00:00,12517.0
2003-12-15 01:00:00,11997.0
2003-12-15 02:00:00,11772.0
2003-12-15 03:00:00,11761.0
2003-12-15 04:00:00,12084.0
2003-12-15 05:00:00,13253.0
2003-12-15 06:00:00,15219.0
2003-12-15 07:00:00,16716.0
2003-12-15 08:00:00,17457.0
2003-12-15 09:00:00,17893.0
2003-12-15 10:00:00,18077.0
2003-12-15 11:00:00,18073.0
2003-12-15 12:00:00,17876.0
2003-12-15 13:00:00,17704.0
2003-12-15 14:00:00,17515.0
2003-12-15 15:00:00,17653.0
2003-12-15 16:00:00,19141.0
2003-12-15 17:00:00,20502.0
2003-12-15 18:00:00,20343.0
2003-12-15 19:00:00,19880.0
2003-12-15 20:00:00,19073.0
2003-12-15 21:00:00,17760.0
2003-12-15 22:00:00,15946.0
2003-12-15 23:00:00,14248.0
2003-12-16 00:00:00,13122.0
2003-12-16 01:00:00,12560.0
2003-12-16 02:00:00,12334.0
2003-12-16 03:00:00,12307.0
2003-12-16 04:00:00,12660.0
2003-12-16 05:00:00,13886.0
2003-12-16 06:00:00,16275.0
2003-12-16 07:00:00,17541.0
2003-12-16 08:00:00,17674.0
2003-12-16 09:00:00,17509.0
2003-12-16 10:00:00,17269.0
2003-12-16 11:00:00,16980.0
2003-12-16 12:00:00,16673.0
2003-12-16 13:00:00,16519.0
2003-12-16 14:00:00,16353.0
2003-12-16 15:00:00,16559.0
2003-12-16 16:00:00,18123.0
2003-12-16 17:00:00,19502.0
2003-12-16 18:00:00,19419.0
2003-12-16 19:00:00,19010.0
2003-12-16 20:00:00,18436.0
2003-12-16 21:00:00,17285.0
2003-12-16 22:00:00,15509.0
2003-12-16 23:00:00,13840.0
2003-12-17 00:00:00,12698.0
2003-12-17 01:00:00,12121.0
2003-12-17 02:00:00,11859.0
2003-12-17 03:00:00,11775.0
2003-12-17 04:00:00,12018.0
2003-12-17 05:00:00,13138.0
2003-12-17 06:00:00,15421.0
2003-12-17 07:00:00,16801.0
2003-12-17 08:00:00,16971.0
2003-12-17 09:00:00,16989.0
2003-12-17 10:00:00,17035.0
2003-12-17 11:00:00,17066.0
2003-12-17 12:00:00,16944.0
2003-12-17 13:00:00,16926.0
2003-12-17 14:00:00,16913.0
2003-12-17 15:00:00,17247.0
2003-12-17 16:00:00,18591.0
2003-12-17 17:00:00,19261.0
2003-12-17 18:00:00,19006.0
2003-12-17 19:00:00,18509.0
2003-12-17 20:00:00,17834.0
2003-12-17 21:00:00,16666.0
2003-12-17 22:00:00,14975.0
2003-12-17 23:00:00,13359.0
2003-12-18 00:00:00,12219.0
2003-12-18 01:00:00,11722.0
2003-12-18 02:00:00,11599.0
2003-12-18 03:00:00,11523.0
2003-12-18 04:00:00,11912.0
2003-12-18 05:00:00,13142.0
2003-12-18 06:00:00,15493.0
2003-12-18 07:00:00,16879.0
2003-12-18 08:00:00,17113.0
2003-12-18 09:00:00,17143.0
2003-12-18 10:00:00,17108.0
2003-12-18 11:00:00,16929.0
2003-12-18 12:00:00,16719.0
2003-12-18 13:00:00,16660.0
2003-12-18 14:00:00,16595.0
2003-12-18 15:00:00,16885.0
2003-12-18 16:00:00,18351.0
2003-12-18 17:00:00,19490.0
2003-12-18 18:00:00,19413.0
2003-12-18 19:00:00,19048.0
2003-12-18 20:00:00,18468.0
2003-12-18 21:00:00,17385.0
2003-12-18 22:00:00,15731.0
2003-12-18 23:00:00,14062.0
2003-12-19 00:00:00,12885.0
2003-12-19 01:00:00,12332.0
2003-12-19 02:00:00,12116.0
2003-12-19 03:00:00,12075.0
2003-12-19 04:00:00,12402.0
2003-12-19 05:00:00,13627.0
2003-12-19 06:00:00,15973.0
2003-12-19 07:00:00,17327.0
2003-12-19 08:00:00,17497.0
2003-12-19 09:00:00,17368.0
2003-12-19 10:00:00,17219.0
2003-12-19 11:00:00,16958.0
2003-12-19 12:00:00,16557.0
2003-12-19 13:00:00,16375.0
2003-12-19 14:00:00,16228.0
2003-12-19 15:00:00,16449.0
2003-12-19 16:00:00,17904.0
2003-12-19 17:00:00,19020.0
2003-12-19 18:00:00,18803.0
2003-12-19 19:00:00,18328.0
2003-12-19 20:00:00,17747.0
2003-12-19 21:00:00,16891.0
2003-12-19 22:00:00,15584.0
2003-12-19 23:00:00,14087.0
2003-12-20 00:00:00,12888.0
2003-12-20 01:00:00,12211.0
2003-12-20 02:00:00,11883.0
2003-12-20 03:00:00,11765.0
2003-12-20 04:00:00,11867.0
2003-12-20 05:00:00,12383.0
2003-12-20 06:00:00,13335.0
2003-12-20 07:00:00,14386.0
2003-12-20 08:00:00,15429.0
2003-12-20 09:00:00,15952.0
2003-12-20 10:00:00,16010.0
2003-12-20 11:00:00,15832.0
2003-12-20 12:00:00,15530.0
2003-12-20 13:00:00,15313.0
2003-12-20 14:00:00,15218.0
2003-12-20 15:00:00,15481.0
2003-12-20 16:00:00,16873.0
2003-12-20 17:00:00,18018.0
2003-12-20 18:00:00,17871.0
2003-12-20 19:00:00,17461.0
2003-12-20 20:00:00,17024.0
2003-12-20 21:00:00,16332.0
2003-12-20 22:00:00,15375.0
2003-12-20 23:00:00,14199.0
2003-12-21 00:00:00,13007.0
2003-12-21 01:00:00,12361.0
2003-12-21 02:00:00,12059.0
2003-12-21 03:00:00,11966.0
2003-12-21 04:00:00,12047.0
2003-12-21 05:00:00,12397.0
2003-12-21 06:00:00,13068.0
2003-12-21 07:00:00,13838.0
2003-12-21 08:00:00,14849.0
2003-12-21 09:00:00,15504.0
2003-12-21 10:00:00,15739.0
2003-12-21 11:00:00,15842.0
2003-12-21 12:00:00,15792.0
2003-12-21 13:00:00,15621.0
2003-12-21 14:00:00,15404.0
2003-12-21 15:00:00,15627.0
2003-12-21 16:00:00,17103.0
2003-12-21 17:00:00,18368.0
2003-12-21 18:00:00,18369.0
2003-12-21 19:00:00,18112.0
2003-12-21 20:00:00,17599.0
2003-12-21 21:00:00,16600.0
2003-12-21 22:00:00,15120.0
2003-12-21 23:00:00,13646.0
2003-12-22 00:00:00,12535.0
2003-12-22 01:00:00,12004.0
2003-12-22 02:00:00,11765.0
2003-12-22 03:00:00,11715.0
2003-12-22 04:00:00,12056.0
2003-12-22 05:00:00,13196.0
2003-12-22 06:00:00,15344.0
2003-12-22 07:00:00,16756.0
2003-12-22 08:00:00,17120.0
2003-12-22 09:00:00,17164.0
2003-12-22 10:00:00,17006.0
2003-12-22 11:00:00,16853.0
2003-12-22 12:00:00,16522.0
2003-12-22 13:00:00,16334.0
2003-12-22 14:00:00,16159.0
2003-12-22 15:00:00,16300.0
2003-12-22 16:00:00,17667.0
2003-12-22 17:00:00,18969.0
2003-12-22 18:00:00,18889.0
2003-12-22 19:00:00,18419.0
2003-12-22 20:00:00,17852.0
2003-12-22 21:00:00,16761.0
2003-12-22 22:00:00,15125.0
2003-12-22 23:00:00,13480.0
2003-12-23 00:00:00,12190.0
2003-12-23 01:00:00,11530.0
2003-12-23 02:00:00,11220.0
2003-12-23 03:00:00,11135.0
2003-12-23 04:00:00,11421.0
2003-12-23 05:00:00,12446.0
2003-12-23 06:00:00,14519.0
2003-12-23 07:00:00,16043.0
2003-12-23 08:00:00,16561.0
2003-12-23 09:00:00,16659.0
2003-12-23 10:00:00,16659.0
2003-12-23 11:00:00,16503.0
2003-12-23 12:00:00,16116.0
2003-12-23 13:00:00,15917.0
2003-12-23 14:00:00,15662.0
2003-12-23 15:00:00,15706.0
2003-12-23 16:00:00,17030.0
2003-12-23 17:00:00,18329.0
2003-12-23 18:00:00,18258.0
2003-12-23 19:00:00,17855.0
2003-12-23 20:00:00,17323.0
2003-12-23 21:00:00,16336.0
2003-12-23 22:00:00,14823.0
2003-12-23 23:00:00,13206.0
2003-12-24 00:00:00,11863.0
2003-12-24 01:00:00,11124.0
2003-12-24 02:00:00,10718.0
2003-12-24 03:00:00,10565.0
2003-12-24 04:00:00,10763.0
2003-12-24 05:00:00,11557.0
2003-12-24 06:00:00,13026.0
2003-12-24 07:00:00,14435.0
2003-12-24 08:00:00,15418.0
2003-12-24 09:00:00,15964.0
2003-12-24 10:00:00,16215.0
2003-12-24 11:00:00,16132.0
2003-12-24 12:00:00,15713.0
2003-12-24 13:00:00,15479.0
2003-12-24 14:00:00,15385.0
2003-12-24 15:00:00,15494.0
2003-12-24 16:00:00,16431.0
2003-12-24 17:00:00,16635.0
2003-12-24 18:00:00,15753.0
2003-12-24 19:00:00,14901.0
2003-12-24 20:00:00,14362.0
2003-12-24 21:00:00,13853.0
2003-12-24 22:00:00,13130.0
2003-12-24 23:00:00,12153.0
2003-12-25 00:00:00,11019.0
2003-12-25 01:00:00,10217.0
2003-12-25 02:00:00,9753.0
2003-12-25 03:00:00,9561.0
2003-12-25 04:00:00,9593.0
2003-12-25 05:00:00,9900.0
2003-12-25 06:00:00,10543.0
2003-12-25 07:00:00,11456.0
2003-12-25 08:00:00,12470.0
2003-12-25 09:00:00,13271.0
2003-12-25 10:00:00,13679.0
2003-12-25 11:00:00,13836.0
2003-12-25 12:00:00,13717.0
2003-12-25 13:00:00,13367.0
2003-12-25 14:00:00,12996.0
2003-12-25 15:00:00,12891.0
2003-12-25 16:00:00,13724.0
2003-12-25 17:00:00,14486.0
2003-12-25 18:00:00,14559.0
2003-12-25 19:00:00,14565.0
2003-12-25 20:00:00,14447.0
2003-12-25 21:00:00,14006.0
2003-12-25 22:00:00,13109.0
2003-12-25 23:00:00,12040.0
2003-12-26 00:00:00,11175.0
2003-12-26 01:00:00,10714.0
2003-12-26 02:00:00,10519.0
2003-12-26 03:00:00,10490.0
2003-12-26 04:00:00,10700.0
2003-12-26 05:00:00,11368.0
2003-12-26 06:00:00,12449.0
2003-12-26 07:00:00,13402.0
2003-12-26 08:00:00,14363.0
2003-12-26 09:00:00,15197.0
2003-12-26 10:00:00,15761.0
2003-12-26 11:00:00,15956.0
2003-12-26 12:00:00,15888.0
2003-12-26 13:00:00,15655.0
2003-12-26 14:00:00,15457.0
2003-12-26 15:00:00,15476.0
2003-12-26 16:00:00,16675.0
2003-12-26 17:00:00,17646.0
2003-12-26 18:00:00,17403.0
2003-12-26 19:00:00,16925.0
2003-12-26 20:00:00,16363.0
2003-12-26 21:00:00,15516.0
2003-12-26 22:00:00,14321.0
2003-12-26 23:00:00,13063.0
2003-12-27 00:00:00,11967.0
2003-12-27 01:00:00,11334.0
2003-12-27 02:00:00,11017.0
2003-12-27 03:00:00,10894.0
2003-12-27 04:00:00,10955.0
2003-12-27 05:00:00,11309.0
2003-12-27 06:00:00,12015.0
2003-12-27 07:00:00,12746.0
2003-12-27 08:00:00,13700.0
2003-12-27 09:00:00,14448.0
2003-12-27 10:00:00,14729.0
2003-12-27 11:00:00,14642.0
2003-12-27 12:00:00,14337.0
2003-12-27 13:00:00,13967.0
2003-12-27 14:00:00,13632.0
2003-12-27 15:00:00,13737.0
2003-12-27 16:00:00,14981.0
2003-12-27 17:00:00,16456.0
2003-12-27 18:00:00,16387.0
2003-12-27 19:00:00,16095.0
2003-12-27 20:00:00,15675.0
2003-12-27 21:00:00,15036.0
2003-12-27 22:00:00,14009.0
2003-12-27 23:00:00,12863.0
2003-12-28 00:00:00,11895.0
2003-12-28 01:00:00,11346.0
2003-12-28 02:00:00,11100.0
2003-12-28 03:00:00,11001.0
2003-12-28 04:00:00,11075.0
2003-12-28 05:00:00,11349.0
2003-12-28 06:00:00,11942.0
2003-12-28 07:00:00,12510.0
2003-12-28 08:00:00,13308.0
2003-12-28 09:00:00,13882.0
2003-12-28 10:00:00,14134.0
2003-12-28 11:00:00,14188.0
2003-12-28 12:00:00,13999.0
2003-12-28 13:00:00,13696.0
2003-12-28 14:00:00,13434.0
2003-12-28 15:00:00,13566.0
2003-12-28 16:00:00,15001.0
2003-12-28 17:00:00,16515.0
2003-12-28 18:00:00,16590.0
2003-12-28 19:00:00,16279.0
2003-12-28 20:00:00,15793.0
2003-12-28 21:00:00,14919.0
2003-12-28 22:00:00,13742.0
2003-12-28 23:00:00,12573.0
2003-12-29 00:00:00,11690.0
2003-12-29 01:00:00,11227.0
2003-12-29 02:00:00,11055.0
2003-12-29 03:00:00,11049.0
2003-12-29 04:00:00,11355.0
2003-12-29 05:00:00,12301.0
2003-12-29 06:00:00,13882.0
2003-12-29 07:00:00,15098.0
2003-12-29 08:00:00,15827.0
2003-12-29 09:00:00,16147.0
2003-12-29 10:00:00,16263.0
2003-12-29 11:00:00,16167.0
2003-12-29 12:00:00,15883.0
2003-12-29 13:00:00,15611.0
2003-12-29 14:00:00,15341.0
2003-12-29 15:00:00,15327.0
2003-12-29 16:00:00,16513.0
2003-12-29 17:00:00,17994.0
2003-12-29 18:00:00,17861.0
2003-12-29 19:00:00,17345.0
2003-12-29 20:00:00,16657.0
2003-12-29 21:00:00,15572.0
2003-12-29 22:00:00,14091.0
2003-12-29 23:00:00,12696.0
2003-12-30 00:00:00,11675.0
2003-12-30 01:00:00,11108.0
2003-12-30 02:00:00,10879.0
2003-12-30 03:00:00,10810.0
2003-12-30 04:00:00,11035.0
2003-12-30 05:00:00,11893.0
2003-12-30 06:00:00,13402.0
2003-12-30 07:00:00,14717.0
2003-12-30 08:00:00,15550.0
2003-12-30 09:00:00,16086.0
2003-12-30 10:00:00,16390.0
2003-12-30 11:00:00,16412.0
2003-12-30 12:00:00,16240.0
2003-12-30 13:00:00,16002.0
2003-12-30 14:00:00,15846.0
2003-12-30 15:00:00,15857.0
2003-12-30 16:00:00,16971.0
2003-12-30 17:00:00,18190.0
2003-12-30 18:00:00,18031.0
2003-12-30 19:00:00,17519.0
2003-12-30 20:00:00,16835.0
2003-12-30 21:00:00,15813.0
2003-12-30 22:00:00,14328.0
2003-12-30 23:00:00,12891.0
2003-12-31 00:00:00,11814.0
2003-12-31 01:00:00,11242.0
2003-12-31 02:00:00,10964.0
2003-12-31 03:00:00,10907.0
2003-12-31 04:00:00,11144.0
2003-12-31 05:00:00,12003.0
2003-12-31 06:00:00,13493.0
2003-12-31 07:00:00,14675.0
2003-12-31 08:00:00,15461.0
2003-12-31 09:00:00,15904.0
2003-12-31 10:00:00,16146.0
2003-12-31 11:00:00,16091.0
2003-12-31 12:00:00,15797.0
2003-12-31 13:00:00,15443.0
2003-12-31 14:00:00,15055.0
2003-12-31 15:00:00,14944.0
2003-12-31 16:00:00,16037.0
2003-12-31 17:00:00,17362.0
2003-12-31 18:00:00,16972.0
2003-12-31 19:00:00,16107.0
2003-12-31 20:00:00,15281.0
2003-12-31 21:00:00,14504.0
2003-12-31 22:00:00,13690.0
2003-12-31 23:00:00,12936.0
2004-01-01 00:00:00,12094.0
2004-01-01 01:00:00,11390.0
2004-01-01 02:00:00,10883.0
2004-01-01 03:00:00,10644.0
2004-01-01 04:00:00,10633.0
2004-01-01 05:00:00,10891.0
2004-01-01 06:00:00,11376.0
2004-01-01 07:00:00,11677.0
2004-01-01 08:00:00,12310.0
2004-01-01 09:00:00,13071.0
2004-01-01 10:00:00,13658.0
2004-01-01 11:00:00,14015.0
2004-01-01 12:00:00,14018.0
2004-01-01 13:00:00,13826.0
2004-01-01 14:00:00,13591.0
2004-01-01 15:00:00,13716.0
2004-01-01 16:00:00,15053.0
2004-01-01 17:00:00,16421.0
2004-01-01 18:00:00,16324.0
2004-01-01 19:00:00,15969.0
2004-01-01 20:00:00,15484.0
2004-01-01 21:00:00,14700.0
2004-01-01 22:00:00,13567.0
2004-01-01 23:00:00,12466.0
2004-01-02 00:00:00,11603.0
2004-01-02 01:00:00,11153.0
2004-01-02 02:00:00,10968.0
2004-01-02 03:00:00,10952.0
2004-01-02 04:00:00,11178.0
2004-01-02 05:00:00,11919.0
2004-01-02 06:00:00,13212.0
2004-01-02 07:00:00,14472.0
2004-01-02 08:00:00,15451.0
2004-01-02 09:00:00,16252.0
2004-01-02 10:00:00,16679.0
2004-01-02 11:00:00,16799.0
2004-01-02 12:00:00,16633.0
2004-01-02 13:00:00,16368.0
2004-01-02 14:00:00,16189.0
2004-01-02 15:00:00,16233.0
2004-01-02 16:00:00,17109.0
2004-01-02 17:00:00,17925.0
2004-01-02 18:00:00,17576.0
2004-01-02 19:00:00,16960.0
2004-01-02 20:00:00,16285.0
2004-01-02 21:00:00,15382.0
2004-01-02 22:00:00,14197.0
2004-01-02 23:00:00,12929.0
2004-01-03 00:00:00,11888.0
2004-01-03 01:00:00,11244.0
2004-01-03 02:00:00,10901.0
2004-01-03 03:00:00,10751.0
2004-01-03 04:00:00,10790.0
2004-01-03 05:00:00,11132.0
2004-01-03 06:00:00,11806.0
2004-01-03 07:00:00,12693.0
2004-01-03 08:00:00,13783.0
2004-01-03 09:00:00,14787.0
2004-01-03 10:00:00,15377.0
2004-01-03 11:00:00,15525.0
2004-01-03 12:00:00,15398.0
2004-01-03 13:00:00,15086.0
2004-01-03 14:00:00,14778.0
2004-01-03 15:00:00,14733.0
2004-01-03 16:00:00,15696.0
2004-01-03 17:00:00,16571.0
2004-01-03 18:00:00,16353.0
2004-01-03 19:00:00,15817.0
2004-01-03 20:00:00,15268.0
2004-01-03 21:00:00,14474.0
2004-01-03 22:00:00,13416.0
2004-01-03 23:00:00,12248.0
2004-01-04 00:00:00,11225.0
2004-01-04 01:00:00,10593.0
2004-01-04 02:00:00,10215.0
2004-01-04 03:00:00,10047.0
2004-01-04 04:00:00,10033.0
2004-01-04 05:00:00,10249.0
2004-01-04 06:00:00,10755.0
2004-01-04 07:00:00,11279.0
2004-01-04 08:00:00,12148.0
2004-01-04 09:00:00,13053.0
2004-01-04 10:00:00,13712.0
2004-01-04 11:00:00,14138.0
2004-01-04 12:00:00,14376.0
2004-01-04 13:00:00,14398.0
2004-01-04 14:00:00,14444.0
2004-01-04 15:00:00,14672.0
2004-01-04 16:00:00,15790.0
2004-01-04 17:00:00,16830.0
2004-01-04 18:00:00,16712.0
2004-01-04 19:00:00,16249.0
2004-01-04 20:00:00,15609.0
2004-01-04 21:00:00,14542.0
2004-01-04 22:00:00,13243.0
2004-01-04 23:00:00,12080.0
2004-01-05 00:00:00,11272.0
2004-01-05 01:00:00,10865.0
2004-01-05 02:00:00,10722.0
2004-01-05 03:00:00,10726.0
2004-01-05 04:00:00,11109.0
2004-01-05 05:00:00,12391.0
2004-01-05 06:00:00,14671.0
2004-01-05 07:00:00,16314.0
2004-01-05 08:00:00,16774.0
2004-01-05 09:00:00,17093.0
2004-01-05 10:00:00,17354.0
2004-01-05 11:00:00,17485.0
2004-01-05 12:00:00,17467.0
2004-01-05 13:00:00,17465.0
2004-01-05 14:00:00,17365.0
2004-01-05 15:00:00,17559.0
2004-01-05 16:00:00,18557.0
2004-01-05 17:00:00,19307.0
2004-01-05 18:00:00,19042.0
2004-01-05 19:00:00,18422.0
2004-01-05 20:00:00,17580.0
2004-01-05 21:00:00,16342.0
2004-01-05 22:00:00,14706.0
2004-01-05 23:00:00,13257.0
2004-01-06 00:00:00,12260.0
2004-01-06 01:00:00,11793.0
2004-01-06 02:00:00,11593.0
2004-01-06 03:00:00,11590.0
2004-01-06 04:00:00,11951.0
2004-01-06 05:00:00,13155.0
2004-01-06 06:00:00,15440.0
2004-01-06 07:00:00,16708.0
2004-01-06 08:00:00,16814.0
2004-01-06 09:00:00,16866.0
2004-01-06 10:00:00,17041.0
2004-01-06 11:00:00,16948.0
2004-01-06 12:00:00,16733.0
2004-01-06 13:00:00,16642.0
2004-01-06 14:00:00,16480.0
2004-01-06 15:00:00,16644.0
2004-01-06 16:00:00,17830.0
2004-01-06 17:00:00,19302.0
2004-01-06 18:00:00,19280.0
2004-01-06 19:00:00,18933.0
2004-01-06 20:00:00,18329.0
2004-01-06 21:00:00,17179.0
2004-01-06 22:00:00,15558.0
2004-01-06 23:00:00,14157.0
2004-01-07 00:00:00,13262.0
2004-01-07 01:00:00,12836.0
2004-01-07 02:00:00,12676.0
2004-01-07 03:00:00,12714.0
2004-01-07 04:00:00,13075.0
2004-01-07 05:00:00,14308.0
2004-01-07 06:00:00,16661.0
2004-01-07 07:00:00,18036.0
2004-01-07 08:00:00,18183.0
2004-01-07 09:00:00,18175.0
2004-01-07 10:00:00,18264.0
2004-01-07 11:00:00,18247.0
2004-01-07 12:00:00,18130.0
2004-01-07 13:00:00,18077.0
2004-01-07 14:00:00,17965.0
2004-01-07 15:00:00,18109.0
2004-01-07 16:00:00,19163.0
2004-01-07 17:00:00,20522.0
2004-01-07 18:00:00,20418.0
2004-01-07 19:00:00,19969.0
2004-01-07 20:00:00,19295.0
2004-01-07 21:00:00,18072.0
2004-01-07 22:00:00,16387.0
2004-01-07 23:00:00,14955.0
2004-01-08 00:00:00,14021.0
2004-01-08 01:00:00,13596.0
2004-01-08 02:00:00,13441.0
2004-01-08 03:00:00,13459.0
2004-01-08 04:00:00,13790.0
2004-01-08 05:00:00,14990.0
2004-01-08 06:00:00,17339.0
2004-01-08 07:00:00,18723.0
2004-01-08 08:00:00,18815.0
2004-01-08 09:00:00,18849.0
2004-01-08 10:00:00,18831.0
2004-01-08 11:00:00,18706.0
2004-01-08 12:00:00,18473.0
2004-01-08 13:00:00,18317.0
2004-01-08 14:00:00,18150.0
2004-01-08 15:00:00,18258.0
2004-01-08 16:00:00,19375.0
2004-01-08 17:00:00,20755.0
2004-01-08 18:00:00,20735.0
2004-01-08 19:00:00,20271.0
2004-01-08 20:00:00,19565.0
2004-01-08 21:00:00,18392.0
2004-01-08 22:00:00,16824.0
2004-01-08 23:00:00,15385.0
2004-01-09 00:00:00,14453.0
2004-01-09 01:00:00,14024.0
2004-01-09 02:00:00,13879.0
2004-01-09 03:00:00,13906.0
2004-01-09 04:00:00,14322.0
2004-01-09 05:00:00,15531.0
2004-01-09 06:00:00,17927.0
2004-01-09 07:00:00,19400.0
2004-01-09 08:00:00,19616.0
2004-01-09 09:00:00,19731.0
2004-01-09 10:00:00,19803.0
2004-01-09 11:00:00,19704.0
2004-01-09 12:00:00,19452.0
2004-01-09 13:00:00,19248.0
2004-01-09 14:00:00,19014.0
2004-01-09 15:00:00,19064.0
2004-01-09 16:00:00,20005.0
2004-01-09 17:00:00,21202.0
2004-01-09 18:00:00,21102.0
2004-01-09 19:00:00,20592.0
2004-01-09 20:00:00,20006.0
2004-01-09 21:00:00,19093.0
2004-01-09 22:00:00,17806.0
2004-01-09 23:00:00,16529.0
2004-01-10 00:00:00,15563.0
2004-01-10 01:00:00,15028.0
2004-01-10 02:00:00,14752.0
2004-01-10 03:00:00,14683.0
2004-01-10 04:00:00,14784.0
2004-01-10 05:00:00,15209.0
2004-01-10 06:00:00,16069.0
2004-01-10 07:00:00,16969.0
2004-01-10 08:00:00,18085.0
2004-01-10 09:00:00,18810.0
2004-01-10 10:00:00,19090.0
2004-01-10 11:00:00,18981.0
2004-01-10 12:00:00,18589.0
2004-01-10 13:00:00,18151.0
2004-01-10 14:00:00,17846.0
2004-01-10 15:00:00,17861.0
2004-01-10 16:00:00,18928.0
2004-01-10 17:00:00,20342.0
2004-01-10 18:00:00,20317.0
2004-01-10 19:00:00,19838.0
2004-01-10 20:00:00,19250.0
2004-01-10 21:00:00,18487.0
2004-01-10 22:00:00,17467.0
2004-01-10 23:00:00,16448.0
2004-01-11 00:00:00,15412.0
2004-01-11 01:00:00,14787.0
2004-01-11 02:00:00,14487.0
2004-01-11 03:00:00,14364.0
2004-01-11 04:00:00,14405.0
2004-01-11 05:00:00,14656.0
2004-01-11 06:00:00,15190.0
2004-01-11 07:00:00,15772.0
2004-01-11 08:00:00,16679.0
2004-01-11 09:00:00,17439.0
2004-01-11 10:00:00,17827.0
2004-01-11 11:00:00,17844.0
2004-01-11 12:00:00,17687.0
2004-01-11 13:00:00,17403.0
2004-01-11 14:00:00,17256.0
2004-01-11 15:00:00,17430.0
2004-01-11 16:00:00,18563.0
2004-01-11 17:00:00,19711.0
2004-01-11 18:00:00,19618.0
2004-01-11 19:00:00,19076.0
2004-01-11 20:00:00,18373.0
2004-01-11 21:00:00,17160.0
2004-01-11 22:00:00,15769.0
2004-01-11 23:00:00,14387.0
2004-01-12 00:00:00,13544.0
2004-01-12 01:00:00,13157.0
2004-01-12 02:00:00,12991.0
2004-01-12 03:00:00,12960.0
2004-01-12 04:00:00,13262.0
2004-01-12 05:00:00,14371.0
2004-01-12 06:00:00,16459.0
2004-01-12 07:00:00,17831.0
2004-01-12 08:00:00,18251.0
2004-01-12 09:00:00,18379.0
2004-01-12 10:00:00,18456.0
2004-01-12 11:00:00,18354.0
2004-01-12 12:00:00,18132.0
2004-01-12 13:00:00,17937.0
2004-01-12 14:00:00,17773.0
2004-01-12 15:00:00,17884.0
2004-01-12 16:00:00,18831.0
2004-01-12 17:00:00,20003.0
2004-01-12 18:00:00,19868.0
2004-01-12 19:00:00,19341.0
2004-01-12 20:00:00,18552.0
2004-01-12 21:00:00,17271.0
2004-01-12 22:00:00,15569.0
2004-01-12 23:00:00,14132.0
2004-01-13 00:00:00,13211.0
2004-01-13 01:00:00,12791.0
2004-01-13 02:00:00,12585.0
2004-01-13 03:00:00,12567.0
2004-01-13 04:00:00,12890.0
2004-01-13 05:00:00,14048.0
2004-01-13 06:00:00,16360.0
2004-01-13 07:00:00,17784.0
2004-01-13 08:00:00,18009.0
2004-01-13 09:00:00,18023.0
2004-01-13 10:00:00,18026.0
2004-01-13 11:00:00,17786.0
2004-01-13 12:00:00,17514.0
2004-01-13 13:00:00,17398.0
2004-01-13 14:00:00,17337.0
2004-01-13 15:00:00,17573.0
2004-01-13 16:00:00,18598.0
2004-01-13 17:00:00,20192.0
2004-01-13 18:00:00,20358.0
2004-01-13 19:00:00,20086.0
2004-01-13 20:00:00,19552.0
2004-01-13 21:00:00,18487.0
2004-01-13 22:00:00,16971.0
2004-01-13 23:00:00,15684.0
2004-01-14 00:00:00,14887.0
2004-01-14 01:00:00,14580.0
2004-01-14 02:00:00,14503.0
2004-01-14 03:00:00,14577.0
2004-01-14 04:00:00,14983.0
2004-01-14 05:00:00,16231.0
2004-01-14 06:00:00,18616.0
2004-01-14 07:00:00,20001.0
2004-01-14 08:00:00,20158.0
2004-01-14 09:00:00,20258.0
2004-01-14 10:00:00,20264.0
2004-01-14 11:00:00,20151.0
2004-01-14 12:00:00,19950.0
2004-01-14 13:00:00,19831.0
2004-01-14 14:00:00,19620.0
2004-01-14 15:00:00,19770.0
2004-01-14 16:00:00,20825.0
2004-01-14 17:00:00,22217.0
2004-01-14 18:00:00,22150.0
2004-01-14 19:00:00,21644.0
2004-01-14 20:00:00,20903.0
2004-01-14 21:00:00,19616.0
2004-01-14 22:00:00,17952.0
2004-01-14 23:00:00,16506.0
2004-01-15 00:00:00,15597.0
2004-01-15 01:00:00,15153.0
2004-01-15 02:00:00,14980.0
2004-01-15 03:00:00,14979.0
2004-01-15 04:00:00,15289.0
2004-01-15 05:00:00,16424.0
2004-01-15 06:00:00,18579.0
2004-01-15 07:00:00,19961.0
2004-01-15 08:00:00,20343.0
2004-01-15 09:00:00,20398.0
2004-01-15 10:00:00,20406.0
2004-01-15 11:00:00,20228.0
2004-01-15 12:00:00,19943.0
2004-01-15 13:00:00,19757.0
2004-01-15 14:00:00,19606.0
2004-01-15 15:00:00,19755.0
2004-01-15 16:00:00,20798.0
2004-01-15 17:00:00,22426.0
2004-01-15 18:00:00,22563.0
2004-01-15 19:00:00,22205.0
2004-01-15 20:00:00,21559.0
2004-01-15 21:00:00,20483.0
2004-01-15 22:00:00,18997.0
2004-01-15 23:00:00,17663.0
2004-01-16 00:00:00,16716.0
2004-01-16 01:00:00,16301.0
2004-01-16 02:00:00,16117.0
2004-01-16 03:00:00,16079.0
2004-01-16 04:00:00,16350.0
2004-01-16 05:00:00,17320.0
2004-01-16 06:00:00,19081.0
2004-01-16 07:00:00,20381.0
2004-01-16 08:00:00,21001.0
2004-01-16 09:00:00,21292.0
2004-01-16 10:00:00,21385.0
2004-01-16 11:00:00,21207.0
2004-01-16 12:00:00,20808.0
2004-01-16 13:00:00,20456.0
2004-01-16 14:00:00,20078.0
2004-01-16 15:00:00,19909.0
2004-01-16 16:00:00,20556.0
2004-01-16 17:00:00,21698.0
2004-01-16 18:00:00,21510.0
2004-01-16 19:00:00,20893.0
2004-01-16 20:00:00,20186.0
2004-01-16 21:00:00,19196.0
2004-01-16 22:00:00,17868.0
2004-01-16 23:00:00,16564.0
2004-01-17 00:00:00,15547.0
2004-01-17 01:00:00,15002.0
2004-01-17 02:00:00,14709.0
2004-01-17 03:00:00,14556.0
2004-01-17 04:00:00,14573.0
2004-01-17 05:00:00,14967.0
2004-01-17 06:00:00,15729.0
2004-01-17 07:00:00,16549.0
2004-01-17 08:00:00,17468.0
2004-01-17 09:00:00,17977.0
2004-01-17 10:00:00,18018.0
2004-01-17 11:00:00,17724.0
2004-01-17 12:00:00,17160.0
2004-01-17 13:00:00,16647.0
2004-01-17 14:00:00,16306.0
2004-01-17 15:00:00,16295.0
2004-01-17 16:00:00,17202.0
2004-01-17 17:00:00,18545.0
2004-01-17 18:00:00,18462.0
2004-01-17 19:00:00,17915.0
2004-01-17 20:00:00,17326.0
2004-01-17 21:00:00,16558.0
2004-01-17 22:00:00,15476.0
2004-01-17 23:00:00,14352.0
2004-01-18 00:00:00,13420.0
2004-01-18 01:00:00,12894.0
2004-01-18 02:00:00,12574.0
2004-01-18 03:00:00,12413.0
2004-01-18 04:00:00,12413.0
2004-01-18 05:00:00,12637.0
2004-01-18 06:00:00,13151.0
2004-01-18 07:00:00,13894.0
2004-01-18 08:00:00,14932.0
2004-01-18 09:00:00,15828.0
2004-01-18 10:00:00,16352.0
2004-01-18 11:00:00,16663.0
2004-01-18 12:00:00,16741.0
2004-01-18 13:00:00,16578.0
2004-01-18 14:00:00,16371.0
2004-01-18 15:00:00,16268.0
2004-01-18 16:00:00,16922.0
2004-01-18 17:00:00,17738.0
2004-01-18 18:00:00,17743.0
2004-01-18 19:00:00,17464.0
2004-01-18 20:00:00,16867.0
2004-01-18 21:00:00,16000.0
2004-01-18 22:00:00,14906.0
2004-01-18 23:00:00,13855.0
2004-01-19 00:00:00,13116.0
2004-01-19 01:00:00,12756.0
2004-01-19 02:00:00,12643.0
2004-01-19 03:00:00,12681.0
2004-01-19 04:00:00,12990.0
2004-01-19 05:00:00,13938.0
2004-01-19 06:00:00,15429.0
2004-01-19 07:00:00,16598.0
2004-01-19 08:00:00,17390.0
2004-01-19 09:00:00,17914.0
2004-01-19 10:00:00,18226.0
2004-01-19 11:00:00,18246.0
2004-01-19 12:00:00,18048.0
2004-01-19 13:00:00,17834.0
2004-01-19 14:00:00,17659.0
2004-01-19 15:00:00,17731.0
2004-01-19 16:00:00,18675.0
2004-01-19 17:00:00,20402.0
2004-01-19 18:00:00,20466.0
2004-01-19 19:00:00,20027.0
2004-01-19 20:00:00,19245.0
2004-01-19 21:00:00,18069.0
2004-01-19 22:00:00,16532.0
2004-01-19 23:00:00,15155.0
2004-01-20 00:00:00,14271.0
2004-01-20 01:00:00,13826.0
2004-01-20 02:00:00,13652.0
2004-01-20 03:00:00,13660.0
2004-01-20 04:00:00,13996.0
2004-01-20 05:00:00,15185.0
2004-01-20 06:00:00,17482.0
2004-01-20 07:00:00,18746.0
2004-01-20 08:00:00,18848.0
2004-01-20 09:00:00,18778.0
2004-01-20 10:00:00,18721.0
2004-01-20 11:00:00,18602.0
2004-01-20 12:00:00,18386.0
2004-01-20 13:00:00,18248.0
2004-01-20 14:00:00,18056.0
2004-01-20 15:00:00,18102.0
2004-01-20 16:00:00,18966.0
2004-01-20 17:00:00,20652.0
2004-01-20 18:00:00,20748.0
2004-01-20 19:00:00,20348.0
2004-01-20 20:00:00,19644.0
2004-01-20 21:00:00,18477.0
2004-01-20 22:00:00,16826.0
2004-01-20 23:00:00,15386.0
2004-01-21 00:00:00,14515.0
2004-01-21 01:00:00,14069.0
2004-01-21 02:00:00,13892.0
2004-01-21 03:00:00,13912.0
2004-01-21 04:00:00,14197.0
2004-01-21 05:00:00,15361.0
2004-01-21 06:00:00,17675.0
2004-01-21 07:00:00,18922.0
2004-01-21 08:00:00,18976.0
2004-01-21 09:00:00,18875.0
2004-01-21 10:00:00,18774.0
2004-01-21 11:00:00,18501.0
2004-01-21 12:00:00,18175.0
2004-01-21 13:00:00,17931.0
2004-01-21 14:00:00,17675.0
2004-01-21 15:00:00,17684.0
2004-01-21 16:00:00,18515.0
2004-01-21 17:00:00,20159.0
2004-01-21 18:00:00,20315.0
2004-01-21 19:00:00,19931.0
2004-01-21 20:00:00,19267.0
2004-01-21 21:00:00,18184.0
2004-01-21 22:00:00,16584.0
2004-01-21 23:00:00,15212.0
2004-01-22 00:00:00,14313.0
2004-01-22 01:00:00,13874.0
2004-01-22 02:00:00,13665.0
2004-01-22 03:00:00,13569.0
2004-01-22 04:00:00,13844.0
2004-01-22 05:00:00,14983.0
2004-01-22 06:00:00,17237.0
2004-01-22 07:00:00,18604.0
2004-01-22 08:00:00,18735.0
2004-01-22 09:00:00,18709.0
2004-01-22 10:00:00,18740.0
2004-01-22 11:00:00,18573.0
2004-01-22 12:00:00,18259.0
2004-01-22 13:00:00,18014.0
2004-01-22 14:00:00,17699.0
2004-01-22 15:00:00,17687.0
2004-01-22 16:00:00,18420.0
2004-01-22 17:00:00,19791.0
2004-01-22 18:00:00,19811.0
2004-01-22 19:00:00,19420.0
2004-01-22 20:00:00,18788.0
2004-01-22 21:00:00,17698.0
2004-01-22 22:00:00,16141.0
2004-01-22 23:00:00,14784.0
2004-01-23 00:00:00,13967.0
2004-01-23 01:00:00,13643.0
2004-01-23 02:00:00,13491.0
2004-01-23 03:00:00,13528.0
2004-01-23 04:00:00,13886.0
2004-01-23 05:00:00,15085.0
2004-01-23 06:00:00,17413.0
2004-01-23 07:00:00,18730.0
2004-01-23 08:00:00,18930.0
2004-01-23 09:00:00,18954.0
2004-01-23 10:00:00,18971.0
2004-01-23 11:00:00,18857.0
2004-01-23 12:00:00,18629.0
2004-01-23 13:00:00,18477.0
2004-01-23 14:00:00,18274.0
2004-01-23 15:00:00,18308.0
2004-01-23 16:00:00,18974.0
2004-01-23 17:00:00,20384.0
2004-01-23 18:00:00,20388.0
2004-01-23 19:00:00,19887.0
2004-01-23 20:00:00,19278.0
2004-01-23 21:00:00,18423.0
2004-01-23 22:00:00,17202.0
2004-01-23 23:00:00,15902.0
2004-01-24 00:00:00,15007.0
2004-01-24 01:00:00,14502.0
2004-01-24 02:00:00,14257.0
2004-01-24 03:00:00,14148.0
2004-01-24 04:00:00,14226.0
2004-01-24 05:00:00,14644.0
2004-01-24 06:00:00,15467.0
2004-01-24 07:00:00,16408.0
2004-01-24 08:00:00,17548.0
2004-01-24 09:00:00,18273.0
2004-01-24 10:00:00,18421.0
2004-01-24 11:00:00,18174.0
2004-01-24 12:00:00,17717.0
2004-01-24 13:00:00,17277.0
2004-01-24 14:00:00,17014.0
2004-01-24 15:00:00,17050.0
2004-01-24 16:00:00,17838.0
2004-01-24 17:00:00,19460.0
2004-01-24 18:00:00,19614.0
2004-01-24 19:00:00,19213.0
2004-01-24 20:00:00,18731.0
2004-01-24 21:00:00,18047.0
2004-01-24 22:00:00,17070.0
2004-01-24 23:00:00,16062.0
2004-01-25 00:00:00,15264.0
2004-01-25 01:00:00,14824.0
2004-01-25 02:00:00,14611.0
2004-01-25 03:00:00,14525.0
2004-01-25 04:00:00,14607.0
2004-01-25 05:00:00,14894.0
2004-01-25 06:00:00,15482.0
2004-01-25 07:00:00,16150.0
2004-01-25 08:00:00,17145.0
2004-01-25 09:00:00,17810.0
2004-01-25 10:00:00,18069.0
2004-01-25 11:00:00,18081.0
2004-01-25 12:00:00,17903.0
2004-01-25 13:00:00,17530.0
2004-01-25 14:00:00,17274.0
2004-01-25 15:00:00,17346.0
2004-01-25 16:00:00,18284.0
2004-01-25 17:00:00,20030.0
2004-01-25 18:00:00,20238.0
2004-01-25 19:00:00,19872.0
2004-01-25 20:00:00,19221.0
2004-01-25 21:00:00,18129.0
2004-01-25 22:00:00,16764.0
2004-01-25 23:00:00,15587.0
2004-01-26 00:00:00,14789.0
2004-01-26 01:00:00,14440.0
2004-01-26 02:00:00,14338.0
2004-01-26 03:00:00,14362.0
2004-01-26 04:00:00,14722.0
2004-01-26 05:00:00,15964.0
2004-01-26 06:00:00,18320.0
2004-01-26 07:00:00,19684.0
2004-01-26 08:00:00,19900.0
2004-01-26 09:00:00,19879.0
2004-01-26 10:00:00,19828.0
2004-01-26 11:00:00,19643.0
2004-01-26 12:00:00,19383.0
2004-01-26 13:00:00,19132.0
2004-01-26 14:00:00,18880.0
2004-01-26 15:00:00,18956.0
2004-01-26 16:00:00,19806.0
2004-01-26 17:00:00,21231.0
2004-01-26 18:00:00,21288.0
2004-01-26 19:00:00,20807.0
2004-01-26 20:00:00,20036.0
2004-01-26 21:00:00,18771.0
2004-01-26 22:00:00,17074.0
2004-01-26 23:00:00,15659.0
2004-01-27 00:00:00,14692.0
2004-01-27 01:00:00,14271.0
2004-01-27 02:00:00,14094.0
2004-01-27 03:00:00,14107.0
2004-01-27 04:00:00,14416.0
2004-01-27 05:00:00,15623.0
2004-01-27 06:00:00,17969.0
2004-01-27 07:00:00,19275.0
2004-01-27 08:00:00,19416.0
2004-01-27 09:00:00,19417.0
2004-01-27 10:00:00,19391.0
2004-01-27 11:00:00,19305.0
2004-01-27 12:00:00,19138.0
2004-01-27 13:00:00,19023.0
2004-01-27 14:00:00,18792.0
2004-01-27 15:00:00,18791.0
2004-01-27 16:00:00,19454.0
2004-01-27 17:00:00,20757.0
2004-01-27 18:00:00,20729.0
2004-01-27 19:00:00,20201.0
2004-01-27 20:00:00,19363.0
2004-01-27 21:00:00,18135.0
2004-01-27 22:00:00,16493.0
2004-01-27 23:00:00,15097.0
2004-01-28 00:00:00,14159.0
2004-01-28 01:00:00,13713.0
2004-01-28 02:00:00,13504.0
2004-01-28 03:00:00,13452.0
2004-01-28 04:00:00,13720.0
2004-01-28 05:00:00,14725.0
2004-01-28 06:00:00,16662.0
2004-01-28 07:00:00,17924.0
2004-01-28 08:00:00,18415.0
2004-01-28 09:00:00,18721.0
2004-01-28 10:00:00,18901.0
2004-01-28 11:00:00,18900.0
2004-01-28 12:00:00,18672.0
2004-01-28 13:00:00,18474.0
2004-01-28 14:00:00,18275.0
2004-01-28 15:00:00,18274.0
2004-01-28 16:00:00,18921.0
2004-01-28 17:00:00,20345.0
2004-01-28 18:00:00,20360.0
2004-01-28 19:00:00,19791.0
2004-01-28 20:00:00,19021.0
2004-01-28 21:00:00,17792.0
2004-01-28 22:00:00,16130.0
2004-01-28 23:00:00,14706.0
2004-01-29 00:00:00,13798.0
2004-01-29 01:00:00,13402.0
2004-01-29 02:00:00,13248.0
2004-01-29 03:00:00,13221.0
2004-01-29 04:00:00,13493.0
2004-01-29 05:00:00,14647.0
2004-01-29 06:00:00,16956.0
2004-01-29 07:00:00,18165.0
2004-01-29 08:00:00,18256.0
2004-01-29 09:00:00,18299.0
2004-01-29 10:00:00,18368.0
2004-01-29 11:00:00,18389.0
2004-01-29 12:00:00,18227.0
2004-01-29 13:00:00,18120.0
2004-01-29 14:00:00,17939.0
2004-01-29 15:00:00,17963.0
2004-01-29 16:00:00,18639.0
2004-01-29 17:00:00,20253.0
2004-01-29 18:00:00,20531.0
2004-01-29 19:00:00,20160.0
2004-01-29 20:00:00,19530.0
2004-01-29 21:00:00,18356.0
2004-01-29 22:00:00,16750.0
2004-01-29 23:00:00,15314.0
2004-01-30 00:00:00,14411.0
2004-01-30 01:00:00,14040.0
2004-01-30 02:00:00,13864.0
2004-01-30 03:00:00,13841.0
2004-01-30 04:00:00,14142.0
2004-01-30 05:00:00,15301.0
2004-01-30 06:00:00,17558.0
2004-01-30 07:00:00,18832.0
2004-01-30 08:00:00,18946.0
2004-01-30 09:00:00,18889.0
2004-01-30 10:00:00,18785.0
2004-01-30 11:00:00,18521.0
2004-01-30 12:00:00,18227.0
2004-01-30 13:00:00,18026.0
2004-01-30 14:00:00,17713.0
2004-01-30 15:00:00,17659.0
2004-01-30 16:00:00,18213.0
2004-01-30 17:00:00,19580.0
2004-01-30 18:00:00,19667.0
2004-01-30 19:00:00,19177.0
2004-01-30 20:00:00,18575.0
2004-01-30 21:00:00,17672.0
2004-01-30 22:00:00,16417.0
2004-01-30 23:00:00,15154.0
2004-01-31 00:00:00,14189.0
2004-01-31 01:00:00,13682.0
2004-01-31 02:00:00,13447.0
2004-01-31 03:00:00,13400.0
2004-01-31 04:00:00,13510.0
2004-01-31 05:00:00,13954.0
2004-01-31 06:00:00,14827.0
2004-01-31 07:00:00,15758.0
2004-01-31 08:00:00,16855.0
2004-01-31 09:00:00,17454.0
2004-01-31 10:00:00,17556.0
2004-01-31 11:00:00,17336.0
2004-01-31 12:00:00,16907.0
2004-01-31 13:00:00,16518.0
2004-01-31 14:00:00,16220.0
2004-01-31 15:00:00,16184.0
2004-01-31 16:00:00,16807.0
2004-01-31 17:00:00,18359.0
2004-01-31 18:00:00,18610.0
2004-01-31 19:00:00,18178.0
2004-01-31 20:00:00,17668.0
2004-01-31 21:00:00,16938.0
2004-01-31 22:00:00,15915.0
2004-01-31 23:00:00,14830.0
2004-02-01 00:00:00,13973.0
2004-02-01 01:00:00,13479.0
2004-02-01 02:00:00,13270.0
2004-02-01 03:00:00,13175.0
2004-02-01 04:00:00,13239.0
2004-02-01 05:00:00,13510.0
2004-02-01 06:00:00,14076.0
2004-02-01 07:00:00,14728.0
2004-02-01 08:00:00,15650.0
2004-02-01 09:00:00,16254.0
2004-02-01 10:00:00,16471.0
2004-02-01 11:00:00,16498.0
2004-02-01 12:00:00,16319.0
2004-02-01 13:00:00,16001.0
2004-02-01 14:00:00,15712.0
2004-02-01 15:00:00,15712.0
2004-02-01 16:00:00,16401.0
2004-02-01 17:00:00,17880.0
2004-02-01 18:00:00,17763.0
2004-02-01 19:00:00,17074.0
2004-02-01 20:00:00,16674.0
2004-02-01 21:00:00,16011.0
2004-02-01 22:00:00,15187.0
2004-02-01 23:00:00,14330.0
2004-02-02 00:00:00,13285.0
2004-02-02 01:00:00,12782.0
2004-02-02 02:00:00,12669.0
2004-02-02 03:00:00,12723.0
2004-02-02 04:00:00,13088.0
2004-02-02 05:00:00,14289.0
2004-02-02 06:00:00,16563.0
2004-02-02 07:00:00,17834.0
2004-02-02 08:00:00,17996.0
2004-02-02 09:00:00,17917.0
2004-02-02 10:00:00,17814.0
2004-02-02 11:00:00,17564.0
2004-02-02 12:00:00,17218.0
2004-02-02 13:00:00,16987.0
2004-02-02 14:00:00,16707.0
2004-02-02 15:00:00,16664.0
2004-02-02 16:00:00,17279.0
2004-02-02 17:00:00,19012.0
2004-02-02 18:00:00,19403.0
2004-02-02 19:00:00,19049.0
2004-02-02 20:00:00,18318.0
2004-02-02 21:00:00,17161.0
2004-02-02 22:00:00,15527.0
2004-02-02 23:00:00,14202.0
2004-02-03 00:00:00,13356.0
2004-02-03 01:00:00,12970.0
2004-02-03 02:00:00,12825.0
2004-02-03 03:00:00,12848.0
2004-02-03 04:00:00,13171.0
2004-02-03 05:00:00,14322.0
2004-02-03 06:00:00,16611.0
2004-02-03 07:00:00,17891.0
2004-02-03 08:00:00,18103.0
2004-02-03 09:00:00,18095.0
2004-02-03 10:00:00,18080.0
2004-02-03 11:00:00,17970.0
2004-02-03 12:00:00,17765.0
2004-02-03 13:00:00,17642.0
2004-02-03 14:00:00,17494.0
2004-02-03 15:00:00,17589.0
2004-02-03 16:00:00,18317.0
2004-02-03 17:00:00,19602.0
2004-02-03 18:00:00,19649.0
2004-02-03 19:00:00,19112.0
2004-02-03 20:00:00,18229.0
2004-02-03 21:00:00,16920.0
2004-02-03 22:00:00,15180.0
2004-02-03 23:00:00,13694.0
2004-02-04 00:00:00,12721.0
2004-02-04 01:00:00,12212.0
2004-02-04 02:00:00,12030.0
2004-02-04 03:00:00,12014.0
2004-02-04 04:00:00,12328.0
2004-02-04 05:00:00,13473.0
2004-02-04 06:00:00,15664.0
2004-02-04 07:00:00,16813.0
2004-02-04 08:00:00,17033.0
2004-02-04 09:00:00,17080.0
2004-02-04 10:00:00,17077.0
2004-02-04 11:00:00,16923.0
2004-02-04 12:00:00,16685.0
2004-02-04 13:00:00,16537.0
2004-02-04 14:00:00,16336.0
2004-02-04 15:00:00,16334.0
2004-02-04 16:00:00,16918.0
2004-02-04 17:00:00,18555.0
2004-02-04 18:00:00,19021.0
2004-02-04 19:00:00,18677.0
2004-02-04 20:00:00,18049.0
2004-02-04 21:00:00,16890.0
2004-02-04 22:00:00,15335.0
2004-02-04 23:00:00,13950.0
2004-02-05 00:00:00,13084.0
2004-02-05 01:00:00,12664.0
2004-02-05 02:00:00,12507.0
2004-02-05 03:00:00,12527.0
2004-02-05 04:00:00,12880.0
2004-02-05 05:00:00,14114.0
2004-02-05 06:00:00,16442.0
2004-02-05 07:00:00,17626.0
2004-02-05 08:00:00,17716.0
2004-02-05 09:00:00,17642.0
2004-02-05 10:00:00,17571.0
2004-02-05 11:00:00,17378.0
2004-02-05 12:00:00,17066.0
2004-02-05 13:00:00,16972.0
2004-02-05 14:00:00,16865.0
2004-02-05 15:00:00,16988.0
2004-02-05 16:00:00,17585.0
2004-02-05 17:00:00,18961.0
2004-02-05 18:00:00,19250.0
2004-02-05 19:00:00,18821.0
2004-02-05 20:00:00,17985.0
2004-02-05 21:00:00,16843.0
2004-02-05 22:00:00,15295.0
2004-02-05 23:00:00,13902.0
2004-02-06 00:00:00,12955.0
2004-02-06 01:00:00,12479.0
2004-02-06 02:00:00,12259.0
2004-02-06 03:00:00,12230.0
2004-02-06 04:00:00,12522.0
2004-02-06 05:00:00,13648.0
2004-02-06 06:00:00,15713.0
2004-02-06 07:00:00,17122.0
2004-02-06 08:00:00,17700.0
2004-02-06 09:00:00,18002.0
2004-02-06 10:00:00,18323.0
2004-02-06 11:00:00,18440.0
2004-02-06 12:00:00,18326.0
2004-02-06 13:00:00,18179.0
2004-02-06 14:00:00,17962.0
2004-02-06 15:00:00,17847.0
2004-02-06 16:00:00,18241.0
2004-02-06 17:00:00,19131.0
2004-02-06 18:00:00,18902.0
2004-02-06 19:00:00,18162.0
2004-02-06 20:00:00,17317.0
2004-02-06 21:00:00,16239.0
2004-02-06 22:00:00,14924.0
2004-02-06 23:00:00,13644.0
2004-02-07 00:00:00,12663.0
2004-02-07 01:00:00,12141.0
2004-02-07 02:00:00,11845.0
2004-02-07 03:00:00,11724.0
2004-02-07 04:00:00,11765.0
2004-02-07 05:00:00,12172.0
2004-02-07 06:00:00,12962.0
2004-02-07 07:00:00,13903.0
2004-02-07 08:00:00,15094.0
2004-02-07 09:00:00,15879.0
2004-02-07 10:00:00,16218.0
2004-02-07 11:00:00,16193.0
2004-02-07 12:00:00,15823.0
2004-02-07 13:00:00,15410.0
2004-02-07 14:00:00,15171.0
2004-02-07 15:00:00,15095.0
2004-02-07 16:00:00,15556.0
2004-02-07 17:00:00,16874.0
2004-02-07 18:00:00,17129.0
2004-02-07 19:00:00,16725.0
2004-02-07 20:00:00,16247.0
2004-02-07 21:00:00,15592.0
2004-02-07 22:00:00,14658.0
2004-02-07 23:00:00,13664.0
2004-02-08 00:00:00,12852.0
2004-02-08 01:00:00,12378.0
2004-02-08 02:00:00,12179.0
2004-02-08 03:00:00,12152.0
2004-02-08 04:00:00,12279.0
2004-02-08 05:00:00,12677.0
2004-02-08 06:00:00,13354.0
2004-02-08 07:00:00,14121.0
2004-02-08 08:00:00,15155.0
2004-02-08 09:00:00,15884.0
2004-02-08 10:00:00,16202.0
2004-02-08 11:00:00,16368.0
2004-02-08 12:00:00,16244.0
2004-02-08 13:00:00,15924.0
2004-02-08 14:00:00,15620.0
2004-02-08 15:00:00,15603.0
2004-02-08 16:00:00,16220.0
2004-02-08 17:00:00,17893.0
2004-02-08 18:00:00,18522.0
2004-02-08 19:00:00,18200.0
2004-02-08 20:00:00,17557.0
2004-02-08 21:00:00,16471.0
2004-02-08 22:00:00,15202.0
2004-02-08 23:00:00,14037.0
2004-02-09 00:00:00,13184.0
2004-02-09 01:00:00,12816.0
2004-02-09 02:00:00,12696.0
2004-02-09 03:00:00,12718.0
2004-02-09 04:00:00,13064.0
2004-02-09 05:00:00,14293.0
2004-02-09 06:00:00,16599.0
2004-02-09 07:00:00,17836.0
2004-02-09 08:00:00,18051.0
2004-02-09 09:00:00,18031.0
2004-02-09 10:00:00,17960.0
2004-02-09 11:00:00,17682.0
2004-02-09 12:00:00,17398.0
2004-02-09 13:00:00,17163.0
2004-02-09 14:00:00,16922.0
2004-02-09 15:00:00,16907.0
2004-02-09 16:00:00,17489.0
2004-02-09 17:00:00,18930.0
2004-02-09 18:00:00,19188.0
2004-02-09 19:00:00,18692.0
2004-02-09 20:00:00,17846.0
2004-02-09 21:00:00,16595.0
2004-02-09 22:00:00,14969.0
2004-02-09 23:00:00,13505.0
2004-02-10 00:00:00,12537.0
2004-02-10 01:00:00,12066.0
2004-02-10 02:00:00,11844.0
2004-02-10 03:00:00,11823.0
2004-02-10 04:00:00,12124.0
2004-02-10 05:00:00,13303.0
2004-02-10 06:00:00,15600.0
2004-02-10 07:00:00,16741.0
2004-02-10 08:00:00,16786.0
2004-02-10 09:00:00,16649.0
2004-02-10 10:00:00,16577.0
2004-02-10 11:00:00,16444.0
2004-02-10 12:00:00,16220.0
2004-02-10 13:00:00,16100.0
2004-02-10 14:00:00,15929.0
2004-02-10 15:00:00,15899.0
2004-02-10 16:00:00,16375.0
2004-02-10 17:00:00,17853.0
2004-02-10 18:00:00,18378.0
2004-02-10 19:00:00,18034.0
2004-02-10 20:00:00,17365.0
2004-02-10 21:00:00,16265.0
2004-02-10 22:00:00,14658.0
2004-02-10 23:00:00,13273.0
2004-02-11 00:00:00,12327.0
2004-02-11 01:00:00,11918.0
2004-02-11 02:00:00,11767.0
2004-02-11 03:00:00,11807.0
2004-02-11 04:00:00,12122.0
2004-02-11 05:00:00,13339.0
2004-02-11 06:00:00,15649.0
2004-02-11 07:00:00,16851.0
2004-02-11 08:00:00,17008.0
2004-02-11 09:00:00,16990.0
2004-02-11 10:00:00,17029.0
2004-02-11 11:00:00,16916.0
2004-02-11 12:00:00,16707.0
2004-02-11 13:00:00,16597.0
2004-02-11 14:00:00,16464.0
2004-02-11 15:00:00,16486.0
2004-02-11 16:00:00,16997.0
2004-02-11 17:00:00,18512.0
2004-02-11 18:00:00,19152.0
2004-02-11 19:00:00,18826.0
2004-02-11 20:00:00,18176.0
2004-02-11 21:00:00,17047.0
2004-02-11 22:00:00,15467.0
2004-02-11 23:00:00,14057.0
2004-02-12 00:00:00,13191.0
2004-02-12 01:00:00,12784.0
2004-02-12 02:00:00,12628.0
2004-02-12 03:00:00,12682.0
2004-02-12 04:00:00,13058.0
2004-02-12 05:00:00,14323.0
2004-02-12 06:00:00,16603.0
2004-02-12 07:00:00,17807.0
2004-02-12 08:00:00,18021.0
2004-02-12 09:00:00,18004.0
2004-02-12 10:00:00,18046.0
2004-02-12 11:00:00,17796.0
2004-02-12 12:00:00,17480.0
2004-02-12 13:00:00,17177.0
2004-02-12 14:00:00,16738.0
2004-02-12 15:00:00,16634.0
2004-02-12 16:00:00,17074.0
2004-02-12 17:00:00,18440.0
2004-02-12 18:00:00,18996.0
2004-02-12 19:00:00,18666.0
2004-02-12 20:00:00,17953.0
2004-02-12 21:00:00,16857.0
2004-02-12 22:00:00,15295.0
2004-02-12 23:00:00,13894.0
2004-02-13 00:00:00,12927.0
2004-02-13 01:00:00,12442.0
2004-02-13 02:00:00,12223.0
2004-02-13 03:00:00,12175.0
2004-02-13 04:00:00,12503.0
2004-02-13 05:00:00,13650.0
2004-02-13 06:00:00,15805.0
2004-02-13 07:00:00,16971.0
2004-02-13 08:00:00,17132.0
2004-02-13 09:00:00,17089.0
2004-02-13 10:00:00,17040.0
2004-02-13 11:00:00,16872.0
2004-02-13 12:00:00,16506.0
2004-02-13 13:00:00,16249.0
2004-02-13 14:00:00,15940.0
2004-02-13 15:00:00,15783.0
2004-02-13 16:00:00,16064.0
2004-02-13 17:00:00,17209.0
2004-02-13 18:00:00,17725.0
2004-02-13 19:00:00,17303.0
2004-02-13 20:00:00,16722.0
2004-02-13 21:00:00,15902.0
2004-02-13 22:00:00,14676.0
2004-02-13 23:00:00,13461.0
2004-02-14 00:00:00,12508.0
2004-02-14 01:00:00,12010.0
2004-02-14 02:00:00,11734.0
2004-02-14 03:00:00,11625.0
2004-02-14 04:00:00,11714.0
2004-02-14 05:00:00,12152.0
2004-02-14 06:00:00,12936.0
2004-02-14 07:00:00,13809.0
2004-02-14 08:00:00,14799.0
2004-02-14 09:00:00,15339.0
2004-02-14 10:00:00,15434.0
2004-02-14 11:00:00,15216.0
2004-02-14 12:00:00,14826.0
2004-02-14 13:00:00,14454.0
2004-02-14 14:00:00,14156.0
2004-02-14 15:00:00,14100.0
2004-02-14 16:00:00,14558.0
2004-02-14 17:00:00,15936.0
2004-02-14 18:00:00,16464.0
2004-02-14 19:00:00,16109.0
2004-02-14 20:00:00,15613.0
2004-02-14 21:00:00,14939.0
2004-02-14 22:00:00,14041.0
2004-02-14 23:00:00,13113.0
2004-02-15 00:00:00,12313.0
2004-02-15 01:00:00,11863.0
2004-02-15 02:00:00,11669.0
2004-02-15 03:00:00,11605.0
2004-02-15 04:00:00,11707.0
2004-02-15 05:00:00,12087.0
2004-02-15 06:00:00,12726.0
2004-02-15 07:00:00,13529.0
2004-02-15 08:00:00,14607.0
2004-02-15 09:00:00,15324.0
2004-02-15 10:00:00,15707.0
2004-02-15 11:00:00,15843.0
2004-02-15 12:00:00,15737.0
2004-02-15 13:00:00,15408.0
2004-02-15 14:00:00,15098.0
2004-02-15 15:00:00,15046.0
2004-02-15 16:00:00,15562.0
2004-02-15 17:00:00,17046.0
2004-02-15 18:00:00,17945.0
2004-02-15 19:00:00,17681.0
2004-02-15 20:00:00,17143.0
2004-02-15 21:00:00,16350.0
2004-02-15 22:00:00,15337.0
2004-02-15 23:00:00,14336.0
2004-02-16 00:00:00,13603.0
2004-02-16 01:00:00,13278.0
2004-02-16 02:00:00,13179.0
2004-02-16 03:00:00,13228.0
2004-02-16 04:00:00,13527.0
2004-02-16 05:00:00,14367.0
2004-02-16 06:00:00,15679.0
2004-02-16 07:00:00,16705.0
2004-02-16 08:00:00,17436.0
2004-02-16 09:00:00,17819.0
2004-02-16 10:00:00,17888.0
2004-02-16 11:00:00,17711.0
2004-02-16 12:00:00,17296.0
2004-02-16 13:00:00,16903.0
2004-02-16 14:00:00,16548.0
2004-02-16 15:00:00,16434.0
2004-02-16 16:00:00,16887.0
2004-02-16 17:00:00,18327.0
2004-02-16 18:00:00,19017.0
2004-02-16 19:00:00,18635.0
2004-02-16 20:00:00,17947.0
2004-02-16 21:00:00,16944.0
2004-02-16 22:00:00,15562.0
2004-02-16 23:00:00,14407.0
2004-02-17 00:00:00,13602.0
2004-02-17 01:00:00,13227.0
2004-02-17 02:00:00,13125.0
2004-02-17 03:00:00,13189.0
2004-02-17 04:00:00,13558.0
2004-02-17 05:00:00,14693.0
2004-02-17 06:00:00,16526.0
2004-02-17 07:00:00,17785.0
2004-02-17 08:00:00,18241.0
2004-02-17 09:00:00,18272.0
2004-02-17 10:00:00,18207.0
2004-02-17 11:00:00,18040.0
2004-02-17 12:00:00,17720.0
2004-02-17 13:00:00,17516.0
2004-02-17 14:00:00,17233.0
2004-02-17 15:00:00,17120.0
2004-02-17 16:00:00,17528.0
2004-02-17 17:00:00,18741.0
2004-02-17 18:00:00,19257.0
2004-02-17 19:00:00,18801.0
2004-02-17 20:00:00,18052.0
2004-02-17 21:00:00,16929.0
2004-02-17 22:00:00,15405.0
2004-02-17 23:00:00,14072.0
2004-02-18 00:00:00,13174.0
2004-02-18 01:00:00,12718.0
2004-02-18 02:00:00,12499.0
2004-02-18 03:00:00,12477.0
2004-02-18 04:00:00,12775.0
2004-02-18 05:00:00,13859.0
2004-02-18 06:00:00,15665.0
2004-02-18 07:00:00,16951.0
2004-02-18 08:00:00,17565.0
2004-02-18 09:00:00,17744.0
2004-02-18 10:00:00,17830.0
2004-02-18 11:00:00,17736.0
2004-02-18 12:00:00,17498.0
2004-02-18 13:00:00,17329.0
2004-02-18 14:00:00,17046.0
2004-02-18 15:00:00,16907.0
2004-02-18 16:00:00,17195.0
2004-02-18 17:00:00,18305.0
2004-02-18 18:00:00,18912.0
2004-02-18 19:00:00,18465.0
2004-02-18 20:00:00,17805.0
2004-02-18 21:00:00,16707.0
2004-02-18 22:00:00,15270.0
2004-02-18 23:00:00,13972.0
2004-02-19 00:00:00,13087.0
2004-02-19 01:00:00,12651.0
2004-02-19 02:00:00,12481.0
2004-02-19 03:00:00,12486.0
2004-02-19 04:00:00,12799.0
2004-02-19 05:00:00,13857.0
2004-02-19 06:00:00,15653.0
2004-02-19 07:00:00,16796.0
2004-02-19 08:00:00,17206.0
2004-02-19 09:00:00,17274.0
2004-02-19 10:00:00,17258.0
2004-02-19 11:00:00,17121.0
2004-02-19 12:00:00,16849.0
2004-02-19 13:00:00,16657.0
2004-02-19 14:00:00,16388.0
2004-02-19 15:00:00,16246.0
2004-02-19 16:00:00,16545.0
2004-02-19 17:00:00,17738.0
2004-02-19 18:00:00,18512.0
2004-02-19 19:00:00,18172.0
2004-02-19 20:00:00,17457.0
2004-02-19 21:00:00,16432.0
2004-02-19 22:00:00,15020.0
2004-02-19 23:00:00,13698.0
2004-02-20 00:00:00,12778.0
2004-02-20 01:00:00,12341.0
2004-02-20 02:00:00,12172.0
2004-02-20 03:00:00,12167.0
2004-02-20 04:00:00,12460.0
2004-02-20 05:00:00,13566.0
2004-02-20 06:00:00,15262.0
2004-02-20 07:00:00,16393.0
2004-02-20 08:00:00,16867.0
2004-02-20 09:00:00,17003.0
2004-02-20 10:00:00,16970.0
2004-02-20 11:00:00,16777.0
2004-02-20 12:00:00,16519.0
2004-02-20 13:00:00,16333.0
2004-02-20 14:00:00,16156.0
2004-02-20 15:00:00,16132.0
2004-02-20 16:00:00,16488.0
2004-02-20 17:00:00,17385.0
2004-02-20 18:00:00,17705.0
2004-02-20 19:00:00,17196.0
2004-02-20 20:00:00,16553.0
2004-02-20 21:00:00,15680.0
2004-02-20 22:00:00,14451.0
2004-02-20 23:00:00,13288.0
2004-02-21 00:00:00,12321.0
2004-02-21 01:00:00,11800.0
2004-02-21 02:00:00,11512.0
2004-02-21 03:00:00,11375.0
2004-02-21 04:00:00,11432.0
2004-02-21 05:00:00,11801.0
2004-02-21 06:00:00,12569.0
2004-02-21 07:00:00,13528.0
2004-02-21 08:00:00,14685.0
2004-02-21 09:00:00,15563.0
2004-02-21 10:00:00,15930.0
2004-02-21 11:00:00,15820.0
2004-02-21 12:00:00,15514.0
2004-02-21 13:00:00,15236.0
2004-02-21 14:00:00,14999.0
2004-02-21 15:00:00,14960.0
2004-02-21 16:00:00,15342.0
2004-02-21 17:00:00,16209.0
2004-02-21 18:00:00,16512.0
2004-02-21 19:00:00,16057.0
2004-02-21 20:00:00,15496.0
2004-02-21 21:00:00,14752.0
2004-02-21 22:00:00,13749.0
2004-02-21 23:00:00,12776.0
2004-02-22 00:00:00,11907.0
2004-02-22 01:00:00,11396.0
2004-02-22 02:00:00,11123.0
2004-02-22 03:00:00,11013.0
2004-02-22 04:00:00,11035.0
2004-02-22 05:00:00,11295.0
2004-02-22 06:00:00,11771.0
2004-02-22 07:00:00,12450.0
2004-02-22 08:00:00,13428.0
2004-02-22 09:00:00,14188.0
2004-02-22 10:00:00,14530.0
2004-02-22 11:00:00,14762.0
2004-02-22 12:00:00,14712.0
2004-02-22 13:00:00,14474.0
2004-02-22 14:00:00,14241.0
2004-02-22 15:00:00,14272.0
2004-02-22 16:00:00,14728.0
2004-02-22 17:00:00,16054.0
2004-02-22 18:00:00,16939.0
2004-02-22 19:00:00,16734.0
2004-02-22 20:00:00,16072.0
2004-02-22 21:00:00,15053.0
2004-02-22 22:00:00,13849.0
2004-02-22 23:00:00,12733.0
2004-02-23 00:00:00,11957.0
2004-02-23 01:00:00,11602.0
2004-02-23 02:00:00,11509.0
2004-02-23 03:00:00,11545.0
2004-02-23 04:00:00,11921.0
2004-02-23 05:00:00,13176.0
2004-02-23 06:00:00,15338.0
2004-02-23 07:00:00,16542.0
2004-02-23 08:00:00,16806.0
2004-02-23 09:00:00,16837.0
2004-02-23 10:00:00,16859.0
2004-02-23 11:00:00,16697.0
2004-02-23 12:00:00,16430.0
2004-02-23 13:00:00,16213.0
2004-02-23 14:00:00,15932.0
2004-02-23 15:00:00,15830.0
2004-02-23 16:00:00,16154.0
2004-02-23 17:00:00,17387.0
2004-02-23 18:00:00,18374.0
2004-02-23 19:00:00,18039.0
2004-02-23 20:00:00,17386.0
2004-02-23 21:00:00,16248.0
2004-02-23 22:00:00,14767.0
2004-02-23 23:00:00,13426.0
2004-02-24 00:00:00,12534.0
2004-02-24 01:00:00,12117.0
2004-02-24 02:00:00,11965.0
2004-02-24 03:00:00,11998.0
2004-02-24 04:00:00,12344.0
2004-02-24 05:00:00,13552.0
2004-02-24 06:00:00,15639.0
2004-02-24 07:00:00,16832.0
2004-02-24 08:00:00,17121.0
2004-02-24 09:00:00,17121.0
2004-02-24 10:00:00,17113.0
2004-02-24 11:00:00,16990.0
2004-02-24 12:00:00,16809.0
2004-02-24 13:00:00,16705.0
2004-02-24 14:00:00,16560.0
2004-02-24 15:00:00,16621.0
2004-02-24 16:00:00,17082.0
2004-02-24 17:00:00,18196.0
2004-02-24 18:00:00,18797.0
2004-02-24 19:00:00,18371.0
2004-02-24 20:00:00,17621.0
2004-02-24 21:00:00,16486.0
2004-02-24 22:00:00,14925.0
2004-02-24 23:00:00,13563.0
2004-02-25 00:00:00,12710.0
2004-02-25 01:00:00,12312.0
2004-02-25 02:00:00,12196.0
2004-02-25 03:00:00,12238.0
2004-02-25 04:00:00,12616.0
2004-02-25 05:00:00,13867.0
2004-02-25 06:00:00,15962.0
2004-02-25 07:00:00,17137.0
2004-02-25 08:00:00,17284.0
2004-02-25 09:00:00,17177.0
2004-02-25 10:00:00,17119.0
2004-02-25 11:00:00,16930.0
2004-02-25 12:00:00,16596.0
2004-02-25 13:00:00,16383.0
2004-02-25 14:00:00,16119.0
2004-02-25 15:00:00,16019.0
2004-02-25 16:00:00,16369.0
2004-02-25 17:00:00,17485.0
2004-02-25 18:00:00,18476.0
2004-02-25 19:00:00,18189.0
2004-02-25 20:00:00,17617.0
2004-02-25 21:00:00,16512.0
2004-02-25 22:00:00,14979.0
2004-02-25 23:00:00,13625.0
2004-02-26 00:00:00,12724.0
2004-02-26 01:00:00,12314.0
2004-02-26 02:00:00,12158.0
2004-02-26 03:00:00,12177.0
2004-02-26 04:00:00,12531.0
2004-02-26 05:00:00,13733.0
2004-02-26 06:00:00,15775.0
2004-02-26 07:00:00,16935.0
2004-02-26 08:00:00,17077.0
2004-02-26 09:00:00,17042.0
2004-02-26 10:00:00,16929.0
2004-02-26 11:00:00,16714.0
2004-02-26 12:00:00,16399.0
2004-02-26 13:00:00,16236.0
2004-02-26 14:00:00,15975.0
2004-02-26 15:00:00,15871.0
2004-02-26 16:00:00,16199.0
2004-02-26 17:00:00,17355.0
2004-02-26 18:00:00,18313.0
2004-02-26 19:00:00,18073.0
2004-02-26 20:00:00,17435.0
2004-02-26 21:00:00,16362.0
2004-02-26 22:00:00,14865.0
2004-02-26 23:00:00,13535.0
2004-02-27 00:00:00,12640.0
2004-02-27 01:00:00,12230.0
2004-02-27 02:00:00,12093.0
2004-02-27 03:00:00,12109.0
2004-02-27 04:00:00,12470.0
2004-02-27 05:00:00,13648.0
2004-02-27 06:00:00,15694.0
2004-02-27 07:00:00,16911.0
2004-02-27 08:00:00,17109.0
2004-02-27 09:00:00,17057.0
2004-02-27 10:00:00,16926.0
2004-02-27 11:00:00,16677.0
2004-02-27 12:00:00,16307.0
2004-02-27 13:00:00,15992.0
2004-02-27 14:00:00,15749.0
2004-02-27 15:00:00,15538.0
2004-02-27 16:00:00,15694.0
2004-02-27 17:00:00,16555.0
2004-02-27 18:00:00,17424.0
2004-02-27 19:00:00,17042.0
2004-02-27 20:00:00,16465.0
2004-02-27 21:00:00,15634.0
2004-02-27 22:00:00,14450.0
2004-02-27 23:00:00,13258.0
2004-02-28 00:00:00,12367.0
2004-02-28 01:00:00,11862.0
2004-02-28 02:00:00,11641.0
2004-02-28 03:00:00,11575.0
2004-02-28 04:00:00,11693.0
2004-02-28 05:00:00,12134.0
2004-02-28 06:00:00,12828.0
2004-02-28 07:00:00,13766.0
2004-02-28 08:00:00,14694.0
2004-02-28 09:00:00,15160.0
2004-02-28 10:00:00,15201.0
2004-02-28 11:00:00,14939.0
2004-02-28 12:00:00,14500.0
2004-02-28 13:00:00,14065.0
2004-02-28 14:00:00,13699.0
2004-02-28 15:00:00,13533.0
2004-02-28 16:00:00,13758.0
2004-02-28 17:00:00,14773.0
2004-02-28 18:00:00,15746.0
2004-02-28 19:00:00,15445.0
2004-02-28 20:00:00,14959.0
2004-02-28 21:00:00,14283.0
2004-02-28 22:00:00,13334.0
2004-02-28 23:00:00,12375.0
2004-02-29 00:00:00,11576.0
2004-02-29 01:00:00,11108.0
2004-02-29 02:00:00,10896.0
2004-02-29 03:00:00,10827.0
2004-02-29 04:00:00,10910.0
2004-02-29 05:00:00,11196.0
2004-02-29 06:00:00,11624.0
2004-02-29 07:00:00,12363.0
2004-02-29 08:00:00,13231.0
2004-02-29 09:00:00,13853.0
2004-02-29 10:00:00,14080.0
2004-02-29 11:00:00,14065.0
2004-02-29 12:00:00,13901.0
2004-02-29 13:00:00,13635.0
2004-02-29 14:00:00,13419.0
2004-02-29 15:00:00,13418.0
2004-02-29 16:00:00,13871.0
2004-02-29 17:00:00,15142.0
2004-02-29 18:00:00,16205.0
2004-02-29 19:00:00,15946.0
2004-02-29 20:00:00,15247.0
2004-02-29 21:00:00,14224.0
2004-02-29 22:00:00,12941.0
2004-02-29 23:00:00,11881.0
2004-03-01 00:00:00,11110.0
2004-03-01 01:00:00,10717.0
2004-03-01 02:00:00,10583.0
2004-03-01 03:00:00,10638.0
2004-03-01 04:00:00,11030.0
2004-03-01 05:00:00,12304.0
2004-03-01 06:00:00,14417.0
2004-03-01 07:00:00,15615.0
2004-03-01 08:00:00,15852.0
2004-03-01 09:00:00,15848.0
2004-03-01 10:00:00,15860.0
2004-03-01 11:00:00,15765.0
2004-03-01 12:00:00,15542.0
2004-03-01 13:00:00,15393.0
2004-03-01 14:00:00,15170.0
2004-03-01 15:00:00,15076.0
2004-03-01 16:00:00,15368.0
2004-03-01 17:00:00,16522.0
2004-03-01 18:00:00,17453.0
2004-03-01 19:00:00,17075.0
2004-03-01 20:00:00,16319.0
2004-03-01 21:00:00,15145.0
2004-03-01 22:00:00,13541.0
2004-03-01 23:00:00,12185.0
2004-03-02 00:00:00,11338.0
2004-03-02 01:00:00,10882.0
2004-03-02 02:00:00,10689.0
2004-03-02 03:00:00,10663.0
2004-03-02 04:00:00,10980.0
2004-03-02 05:00:00,12168.0
2004-03-02 06:00:00,14335.0
2004-03-02 07:00:00,15729.0
2004-03-02 08:00:00,16107.0
2004-03-02 09:00:00,16194.0
2004-03-02 10:00:00,16206.0
2004-03-02 11:00:00,16051.0
2004-03-02 12:00:00,15817.0
2004-03-02 13:00:00,15659.0
2004-03-02 14:00:00,15436.0
2004-03-02 15:00:00,15346.0
2004-03-02 16:00:00,15660.0
2004-03-02 17:00:00,16638.0
2004-03-02 18:00:00,17372.0
2004-03-02 19:00:00,16999.0
2004-03-02 20:00:00,16227.0
2004-03-02 21:00:00,15034.0
2004-03-02 22:00:00,13439.0
2004-03-02 23:00:00,12075.0
2004-03-03 00:00:00,11200.0
2004-03-03 01:00:00,10763.0
2004-03-03 02:00:00,10574.0
2004-03-03 03:00:00,10563.0
2004-03-03 04:00:00,10861.0
2004-03-03 05:00:00,12068.0
2004-03-03 06:00:00,14139.0
2004-03-03 07:00:00,15390.0
2004-03-03 08:00:00,15677.0
2004-03-03 09:00:00,15760.0
2004-03-03 10:00:00,15796.0
2004-03-03 11:00:00,15722.0
2004-03-03 12:00:00,15558.0
2004-03-03 13:00:00,15427.0
2004-03-03 14:00:00,15187.0
2004-03-03 15:00:00,15107.0
2004-03-03 16:00:00,15415.0
2004-03-03 17:00:00,16456.0
2004-03-03 18:00:00,17363.0
2004-03-03 19:00:00,17035.0
2004-03-03 20:00:00,16382.0
2004-03-03 21:00:00,15229.0
2004-03-03 22:00:00,13632.0
2004-03-03 23:00:00,12289.0
2004-03-04 00:00:00,11483.0
2004-03-04 01:00:00,10964.0
2004-03-04 02:00:00,10759.0
2004-03-04 03:00:00,10737.0
2004-03-04 04:00:00,11025.0
2004-03-04 05:00:00,12256.0
2004-03-04 06:00:00,14410.0
2004-03-04 07:00:00,15836.0
2004-03-04 08:00:00,16208.0
2004-03-04 09:00:00,16332.0
2004-03-04 10:00:00,16367.0
2004-03-04 11:00:00,16229.0
2004-03-04 12:00:00,16014.0
2004-03-04 13:00:00,15904.0
2004-03-04 14:00:00,15702.0
2004-03-04 15:00:00,15628.0
2004-03-04 16:00:00,15931.0
2004-03-04 17:00:00,16768.0
2004-03-04 18:00:00,17503.0
2004-03-04 19:00:00,17187.0
2004-03-04 20:00:00,16465.0
2004-03-04 21:00:00,15345.0
2004-03-04 22:00:00,13801.0
2004-03-04 23:00:00,12400.0
2004-03-05 00:00:00,11513.0
2004-03-05 01:00:00,11054.0
2004-03-05 02:00:00,10848.0
2004-03-05 03:00:00,10813.0
2004-03-05 04:00:00,11096.0
2004-03-05 05:00:00,12237.0
2004-03-05 06:00:00,14366.0
2004-03-05 07:00:00,15821.0
2004-03-05 08:00:00,16238.0
2004-03-05 09:00:00,16437.0
2004-03-05 10:00:00,16590.0
2004-03-05 11:00:00,16583.0
2004-03-05 12:00:00,16415.0
2004-03-05 13:00:00,16341.0
2004-03-05 14:00:00,16196.0
2004-03-05 15:00:00,16172.0
2004-03-05 16:00:00,16438.0
2004-03-05 17:00:00,16946.0
2004-03-05 18:00:00,17113.0
2004-03-05 19:00:00,16567.0
2004-03-05 20:00:00,15876.0
2004-03-05 21:00:00,14919.0
2004-03-05 22:00:00,13656.0
2004-03-05 23:00:00,12361.0
2004-03-06 00:00:00,11388.0
2004-03-06 01:00:00,10833.0
2004-03-06 02:00:00,10527.0
2004-03-06 03:00:00,10382.0
2004-03-06 04:00:00,10424.0
2004-03-06 05:00:00,10808.0
2004-03-06 06:00:00,11566.0
2004-03-06 07:00:00,12607.0
2004-03-06 08:00:00,13881.0
2004-03-06 09:00:00,14770.0
2004-03-06 10:00:00,15189.0
2004-03-06 11:00:00,15182.0
2004-03-06 12:00:00,14967.0
2004-03-06 13:00:00,14635.0
2004-03-06 14:00:00,14260.0
2004-03-06 15:00:00,13983.0
2004-03-06 16:00:00,13965.0
2004-03-06 17:00:00,14527.0
2004-03-06 18:00:00,15459.0
2004-03-06 19:00:00,15193.0
2004-03-06 20:00:00,14735.0
2004-03-06 21:00:00,14094.0
2004-03-06 22:00:00,13159.0
2004-03-06 23:00:00,12160.0
2004-03-07 00:00:00,11289.0
2004-03-07 01:00:00,10767.0
2004-03-07 02:00:00,10517.0
2004-03-07 03:00:00,10399.0
2004-03-07 04:00:00,10467.0
2004-03-07 05:00:00,10746.0
2004-03-07 06:00:00,11088.0
2004-03-07 07:00:00,11869.0
2004-03-07 08:00:00,12838.0
2004-03-07 09:00:00,13504.0
2004-03-07 10:00:00,13786.0
2004-03-07 11:00:00,13848.0
2004-03-07 12:00:00,13699.0
2004-03-07 13:00:00,13372.0
2004-03-07 14:00:00,13076.0
2004-03-07 15:00:00,12983.0
2004-03-07 16:00:00,13384.0
2004-03-07 17:00:00,14585.0
2004-03-07 18:00:00,15952.0
2004-03-07 19:00:00,15797.0
2004-03-07 20:00:00,15247.0
2004-03-07 21:00:00,14151.0
2004-03-07 22:00:00,12906.0
2004-03-07 23:00:00,11773.0
2004-03-08 00:00:00,11035.0
2004-03-08 01:00:00,10688.0
2004-03-08 02:00:00,10561.0
2004-03-08 03:00:00,10604.0
2004-03-08 04:00:00,10969.0
2004-03-08 05:00:00,12224.0
2004-03-08 06:00:00,14473.0
2004-03-08 07:00:00,15976.0
2004-03-08 08:00:00,16448.0
2004-03-08 09:00:00,16696.0
2004-03-08 10:00:00,16928.0
2004-03-08 11:00:00,16960.0
2004-03-08 12:00:00,16888.0
2004-03-08 13:00:00,16851.0
2004-03-08 14:00:00,16677.0
2004-03-08 15:00:00,16669.0
2004-03-08 16:00:00,17046.0
2004-03-08 17:00:00,17899.0
2004-03-08 18:00:00,18537.0
2004-03-08 19:00:00,18122.0
2004-03-08 20:00:00,17363.0
2004-03-08 21:00:00,16106.0
2004-03-08 22:00:00,14442.0
2004-03-08 23:00:00,13014.0
2004-03-09 00:00:00,12141.0
2004-03-09 01:00:00,11718.0
2004-03-09 02:00:00,11518.0
2004-03-09 03:00:00,11479.0
2004-03-09 04:00:00,11800.0
2004-03-09 05:00:00,12974.0
2004-03-09 06:00:00,15038.0
2004-03-09 07:00:00,16336.0
2004-03-09 08:00:00,16636.0
2004-03-09 09:00:00,16681.0
2004-03-09 10:00:00,16802.0
2004-03-09 11:00:00,16773.0
2004-03-09 12:00:00,16680.0
2004-03-09 13:00:00,16626.0
2004-03-09 14:00:00,16484.0
2004-03-09 15:00:00,16492.0
2004-03-09 16:00:00,16820.0
2004-03-09 17:00:00,17598.0
2004-03-09 18:00:00,18410.0
2004-03-09 19:00:00,18066.0
2004-03-09 20:00:00,17323.0
2004-03-09 21:00:00,16127.0
2004-03-09 22:00:00,14510.0
2004-03-09 23:00:00,13099.0
2004-03-10 00:00:00,12199.0
2004-03-10 01:00:00,11757.0
2004-03-10 02:00:00,11581.0
2004-03-10 03:00:00,11582.0
2004-03-10 04:00:00,11910.0
2004-03-10 05:00:00,13117.0
2004-03-10 06:00:00,15096.0
2004-03-10 07:00:00,16326.0
2004-03-10 08:00:00,16516.0
2004-03-10 09:00:00,16515.0
2004-03-10 10:00:00,16513.0
2004-03-10 11:00:00,16380.0
2004-03-10 12:00:00,16113.0
2004-03-10 13:00:00,15986.0
2004-03-10 14:00:00,15810.0
2004-03-10 15:00:00,15775.0
2004-03-10 16:00:00,16048.0
2004-03-10 17:00:00,16825.0
2004-03-10 18:00:00,17962.0
2004-03-10 19:00:00,17739.0
2004-03-10 20:00:00,17136.0
2004-03-10 21:00:00,15978.0
2004-03-10 22:00:00,14390.0
2004-03-10 23:00:00,12972.0
2004-03-11 00:00:00,12103.0
2004-03-11 01:00:00,11700.0
2004-03-11 02:00:00,11491.0
2004-03-11 03:00:00,11493.0
2004-03-11 04:00:00,11848.0
2004-03-11 05:00:00,13044.0
2004-03-11 06:00:00,15094.0
2004-03-11 07:00:00,16419.0
2004-03-11 08:00:00,16682.0
2004-03-11 09:00:00,16670.0
2004-03-11 10:00:00,16619.0
2004-03-11 11:00:00,16446.0
2004-03-11 12:00:00,16229.0
2004-03-11 13:00:00,16055.0
2004-03-11 14:00:00,15784.0
2004-03-11 15:00:00,15554.0
2004-03-11 16:00:00,15634.0
2004-03-11 17:00:00,16281.0
2004-03-11 18:00:00,17412.0
2004-03-11 19:00:00,17318.0
2004-03-11 20:00:00,16709.0
2004-03-11 21:00:00,15603.0
2004-03-11 22:00:00,14060.0
2004-03-11 23:00:00,12684.0
2004-03-12 00:00:00,11771.0
2004-03-12 01:00:00,11311.0
2004-03-12 02:00:00,11076.0
2004-03-12 03:00:00,11058.0
2004-03-12 04:00:00,11370.0
2004-03-12 05:00:00,12561.0
2004-03-12 06:00:00,14431.0
2004-03-12 07:00:00,15740.0
2004-03-12 08:00:00,16050.0
2004-03-12 09:00:00,16112.0
2004-03-12 10:00:00,16271.0
2004-03-12 11:00:00,16359.0
2004-03-12 12:00:00,16291.0
2004-03-12 13:00:00,16210.0
2004-03-12 14:00:00,16063.0
2004-03-12 15:00:00,15916.0
2004-03-12 16:00:00,16006.0
2004-03-12 17:00:00,16505.0
2004-03-12 18:00:00,17377.0
2004-03-12 19:00:00,17048.0
2004-03-12 20:00:00,16440.0
2004-03-12 21:00:00,15588.0
2004-03-12 22:00:00,14347.0
2004-03-12 23:00:00,13121.0
2004-03-13 00:00:00,12223.0
2004-03-13 01:00:00,11725.0
2004-03-13 02:00:00,11477.0
2004-03-13 03:00:00,11421.0
2004-03-13 04:00:00,11548.0
2004-03-13 05:00:00,12011.0
2004-03-13 06:00:00,12655.0
2004-03-13 07:00:00,13657.0
2004-03-13 08:00:00,14691.0
2004-03-13 09:00:00,15333.0
2004-03-13 10:00:00,15442.0
2004-03-13 11:00:00,15245.0
2004-03-13 12:00:00,14823.0
2004-03-13 13:00:00,14371.0
2004-03-13 14:00:00,13990.0
2004-03-13 15:00:00,13796.0
2004-03-13 16:00:00,13975.0
2004-03-13 17:00:00,14763.0
2004-03-13 18:00:00,16038.0
2004-03-13 19:00:00,15946.0
2004-03-13 20:00:00,15507.0
2004-03-13 21:00:00,14872.0
2004-03-13 22:00:00,13904.0
2004-03-13 23:00:00,12917.0
2004-03-14 00:00:00,12111.0
2004-03-14 01:00:00,11677.0
2004-03-14 02:00:00,11465.0
2004-03-14 03:00:00,11374.0
2004-03-14 04:00:00,11448.0
2004-03-14 05:00:00,11735.0
2004-03-14 06:00:00,12057.0
2004-03-14 07:00:00,12755.0
2004-03-14 08:00:00,13563.0
2004-03-14 09:00:00,14106.0
2004-03-14 10:00:00,14301.0
2004-03-14 11:00:00,14339.0
2004-03-14 12:00:00,14249.0
2004-03-14 13:00:00,14032.0
2004-03-14 14:00:00,13864.0
2004-03-14 15:00:00,13938.0
2004-03-14 16:00:00,14502.0
2004-03-14 17:00:00,15565.0
2004-03-14 18:00:00,16548.0
2004-03-14 19:00:00,16365.0
2004-03-14 20:00:00,15741.0
2004-03-14 21:00:00,14591.0
2004-03-14 22:00:00,13321.0
2004-03-14 23:00:00,12168.0
2004-03-15 00:00:00,11424.0
2004-03-15 01:00:00,11022.0
2004-03-15 02:00:00,10852.0
2004-03-15 03:00:00,10835.0
2004-03-15 04:00:00,11195.0
2004-03-15 05:00:00,12361.0
2004-03-15 06:00:00,14253.0
2004-03-15 07:00:00,15496.0
2004-03-15 08:00:00,15833.0
2004-03-15 09:00:00,15970.0
2004-03-15 10:00:00,16083.0
2004-03-15 11:00:00,15993.0
2004-03-15 12:00:00,15795.0
2004-03-15 13:00:00,15629.0
2004-03-15 14:00:00,15376.0
2004-03-15 15:00:00,15267.0
2004-03-15 16:00:00,15455.0
2004-03-15 17:00:00,16181.0
2004-03-15 18:00:00,17361.0
2004-03-15 19:00:00,17232.0
2004-03-15 20:00:00,16584.0
2004-03-15 21:00:00,15449.0
2004-03-15 22:00:00,13938.0
2004-03-15 23:00:00,12577.0
2004-03-16 00:00:00,11729.0
2004-03-16 01:00:00,11347.0
2004-03-16 02:00:00,11203.0
2004-03-16 03:00:00,11240.0
2004-03-16 04:00:00,11598.0
2004-03-16 05:00:00,12764.0
2004-03-16 06:00:00,14731.0
2004-03-16 07:00:00,16120.0
2004-03-16 08:00:00,16505.0
2004-03-16 09:00:00,16574.0
2004-03-16 10:00:00,16685.0
2004-03-16 11:00:00,16685.0
2004-03-16 12:00:00,16745.0
2004-03-16 13:00:00,16789.0
2004-03-16 14:00:00,16814.0
2004-03-16 15:00:00,16981.0
2004-03-16 16:00:00,17467.0
2004-03-16 17:00:00,18331.0
2004-03-16 18:00:00,18978.0
2004-03-16 19:00:00,18577.0
2004-03-16 20:00:00,17698.0
2004-03-16 21:00:00,16352.0
2004-03-16 22:00:00,14771.0
2004-03-16 23:00:00,13446.0
2004-03-17 00:00:00,12574.0
2004-03-17 01:00:00,12167.0
2004-03-17 02:00:00,12005.0
2004-03-17 03:00:00,11992.0
2004-03-17 04:00:00,12317.0
2004-03-17 05:00:00,13395.0
2004-03-17 06:00:00,15052.0
2004-03-17 07:00:00,16535.0
2004-03-17 08:00:00,17275.0
2004-03-17 09:00:00,17518.0
2004-03-17 10:00:00,17625.0
2004-03-17 11:00:00,17638.0
2004-03-17 12:00:00,17516.0
2004-03-17 13:00:00,17437.0
2004-03-17 14:00:00,17271.0
2004-03-17 15:00:00,17204.0
2004-03-17 16:00:00,17371.0
2004-03-17 17:00:00,17894.0
2004-03-17 18:00:00,18667.0
2004-03-17 19:00:00,18385.0
2004-03-17 20:00:00,17605.0
2004-03-17 21:00:00,16406.0
2004-03-17 22:00:00,14831.0
2004-03-17 23:00:00,13464.0
2004-03-18 00:00:00,12613.0
2004-03-18 01:00:00,12196.0
2004-03-18 02:00:00,12026.0
2004-03-18 03:00:00,11996.0
2004-03-18 04:00:00,12316.0
2004-03-18 05:00:00,13438.0
2004-03-18 06:00:00,15304.0
2004-03-18 07:00:00,16604.0
2004-03-18 08:00:00,16947.0
2004-03-18 09:00:00,17017.0
2004-03-18 10:00:00,16977.0
2004-03-18 11:00:00,16907.0
2004-03-18 12:00:00,16673.0
2004-03-18 13:00:00,16547.0
2004-03-18 14:00:00,16303.0
2004-03-18 15:00:00,16234.0
2004-03-18 16:00:00,16455.0
2004-03-18 17:00:00,17076.0
2004-03-18 18:00:00,18181.0
2004-03-18 19:00:00,18101.0
2004-03-18 20:00:00,17430.0
2004-03-18 21:00:00,16295.0
2004-03-18 22:00:00,14696.0
2004-03-18 23:00:00,13321.0
2004-03-19 00:00:00,12423.0
2004-03-19 01:00:00,11972.0
2004-03-19 02:00:00,11773.0
2004-03-19 03:00:00,11727.0
2004-03-19 04:00:00,12023.0
2004-03-19 05:00:00,13143.0
2004-03-19 06:00:00,14953.0
2004-03-19 07:00:00,16343.0
2004-03-19 08:00:00,16925.0
2004-03-19 09:00:00,17112.0
2004-03-19 10:00:00,17181.0
2004-03-19 11:00:00,17084.0
2004-03-19 12:00:00,16852.0
2004-03-19 13:00:00,16631.0
2004-03-19 14:00:00,16354.0
2004-03-19 15:00:00,16095.0
2004-03-19 16:00:00,16146.0
2004-03-19 17:00:00,16497.0
2004-03-19 18:00:00,17423.0
2004-03-19 19:00:00,17231.0
2004-03-19 20:00:00,16660.0
2004-03-19 21:00:00,15802.0
2004-03-19 22:00:00,14589.0
2004-03-19 23:00:00,13413.0
2004-03-20 00:00:00,12544.0
2004-03-20 01:00:00,12073.0
2004-03-20 02:00:00,11851.0
2004-03-20 03:00:00,11778.0
2004-03-20 04:00:00,11909.0
2004-03-20 05:00:00,12329.0
2004-03-20 06:00:00,12965.0
2004-03-20 07:00:00,13908.0
2004-03-20 08:00:00,14799.0
2004-03-20 09:00:00,15262.0
2004-03-20 10:00:00,15309.0
2004-03-20 11:00:00,15110.0
2004-03-20 12:00:00,14683.0
2004-03-20 13:00:00,14299.0
2004-03-20 14:00:00,14029.0
2004-03-20 15:00:00,13997.0
2004-03-20 16:00:00,14351.0
2004-03-20 17:00:00,15178.0
2004-03-20 18:00:00,16044.0
2004-03-20 19:00:00,15803.0
2004-03-20 20:00:00,15311.0
2004-03-20 21:00:00,14541.0
2004-03-20 22:00:00,13521.0
2004-03-20 23:00:00,12470.0
2004-03-21 00:00:00,11591.0
2004-03-21 01:00:00,11057.0
2004-03-21 02:00:00,10778.0
2004-03-21 03:00:00,10624.0
2004-03-21 04:00:00,10623.0
2004-03-21 05:00:00,10846.0
2004-03-21 06:00:00,11235.0
2004-03-21 07:00:00,12028.0
2004-03-21 08:00:00,12982.0
2004-03-21 09:00:00,13654.0
2004-03-21 10:00:00,13980.0
2004-03-21 11:00:00,14105.0
2004-03-21 12:00:00,14074.0
2004-03-21 13:00:00,13837.0
2004-03-21 14:00:00,13618.0
2004-03-21 15:00:00,13674.0
2004-03-21 16:00:00,14075.0
2004-03-21 17:00:00,14857.0
2004-03-21 18:00:00,16106.0
2004-03-21 19:00:00,16197.0
2004-03-21 20:00:00,15703.0
2004-03-21 21:00:00,14736.0
2004-03-21 22:00:00,13512.0
2004-03-21 23:00:00,12449.0
2004-03-22 00:00:00,11775.0
2004-03-22 01:00:00,11498.0
2004-03-22 02:00:00,11433.0
2004-03-22 03:00:00,11528.0
2004-03-22 04:00:00,11970.0
2004-03-22 05:00:00,13231.0
2004-03-22 06:00:00,15231.0
2004-03-22 07:00:00,16615.0
2004-03-22 08:00:00,16988.0
2004-03-22 09:00:00,17118.0
2004-03-22 10:00:00,17168.0
2004-03-22 11:00:00,17091.0
2004-03-22 12:00:00,16894.0
2004-03-22 13:00:00,16708.0
2004-03-22 14:00:00,16437.0
2004-03-22 15:00:00,16316.0
2004-03-22 16:00:00,16551.0
2004-03-22 17:00:00,17300.0
2004-03-22 18:00:00,18559.0
2004-03-22 19:00:00,18586.0
2004-03-22 20:00:00,17912.0
2004-03-22 21:00:00,16727.0
2004-03-22 22:00:00,15115.0
2004-03-22 23:00:00,13777.0
2004-03-23 00:00:00,12954.0
2004-03-23 01:00:00,12586.0
2004-03-23 02:00:00,12443.0
2004-03-23 03:00:00,12484.0
2004-03-23 04:00:00,12847.0
2004-03-23 05:00:00,14027.0
2004-03-23 06:00:00,15937.0
2004-03-23 07:00:00,17071.0
2004-03-23 08:00:00,17195.0
2004-03-23 09:00:00,17074.0
2004-03-23 10:00:00,17034.0
2004-03-23 11:00:00,16845.0
2004-03-23 12:00:00,16597.0
2004-03-23 13:00:00,16381.0
2004-03-23 14:00:00,16101.0
2004-03-23 15:00:00,15968.0
2004-03-23 16:00:00,16184.0
2004-03-23 17:00:00,16865.0
2004-03-23 18:00:00,17981.0
2004-03-23 19:00:00,17952.0
2004-03-23 20:00:00,17244.0
2004-03-23 21:00:00,16078.0
2004-03-23 22:00:00,14374.0
2004-03-23 23:00:00,13019.0
2004-03-24 00:00:00,12127.0
2004-03-24 01:00:00,11691.0
2004-03-24 02:00:00,11523.0
2004-03-24 03:00:00,11527.0
2004-03-24 04:00:00,11872.0
2004-03-24 05:00:00,13009.0
2004-03-24 06:00:00,14890.0
2004-03-24 07:00:00,16062.0
2004-03-24 08:00:00,16198.0
2004-03-24 09:00:00,16143.0
2004-03-24 10:00:00,16091.0
2004-03-24 11:00:00,15926.0
2004-03-24 12:00:00,15678.0
2004-03-24 13:00:00,15530.0
2004-03-24 14:00:00,15333.0
2004-03-24 15:00:00,15195.0
2004-03-24 16:00:00,15359.0
2004-03-24 17:00:00,15946.0
2004-03-24 18:00:00,17098.0
2004-03-24 19:00:00,17112.0
2004-03-24 20:00:00,16473.0
2004-03-24 21:00:00,15304.0
2004-03-24 22:00:00,13719.0
2004-03-24 23:00:00,12319.0
2004-03-25 00:00:00,11462.0
2004-03-25 01:00:00,11035.0
2004-03-25 02:00:00,10827.0
2004-03-25 03:00:00,10801.0
2004-03-25 04:00:00,11107.0
2004-03-25 05:00:00,12225.0
2004-03-25 06:00:00,14238.0
2004-03-25 07:00:00,15692.0
2004-03-25 08:00:00,16075.0
2004-03-25 09:00:00,16188.0
2004-03-25 10:00:00,16214.0
2004-03-25 11:00:00,16154.0
2004-03-25 12:00:00,16002.0
2004-03-25 13:00:00,15909.0
2004-03-25 14:00:00,15798.0
2004-03-25 15:00:00,15843.0
2004-03-25 16:00:00,16181.0
2004-03-25 17:00:00,16747.0
2004-03-25 18:00:00,17323.0
2004-03-25 19:00:00,17056.0
2004-03-25 20:00:00,16379.0
2004-03-25 21:00:00,15170.0
2004-03-25 22:00:00,13612.0
2004-03-25 23:00:00,12205.0
2004-03-26 00:00:00,11280.0
2004-03-26 01:00:00,10796.0
2004-03-26 02:00:00,10563.0
2004-03-26 03:00:00,10504.0
2004-03-26 04:00:00,10775.0
2004-03-26 05:00:00,11856.0
2004-03-26 06:00:00,13751.0
2004-03-26 07:00:00,15169.0
2004-03-26 08:00:00,15563.0
2004-03-26 09:00:00,15682.0
2004-03-26 10:00:00,15748.0
2004-03-26 11:00:00,15675.0
2004-03-26 12:00:00,15466.0
2004-03-26 13:00:00,15299.0
2004-03-26 14:00:00,15048.0
2004-03-26 15:00:00,14828.0
2004-03-26 16:00:00,14799.0
2004-03-26 17:00:00,15121.0
2004-03-26 18:00:00,15953.0
2004-03-26 19:00:00,15744.0
2004-03-26 20:00:00,15122.0
2004-03-26 21:00:00,14227.0
2004-03-26 22:00:00,12965.0
2004-03-26 23:00:00,11732.0
2004-03-27 00:00:00,10854.0
2004-03-27 01:00:00,10266.0
2004-03-27 02:00:00,9986.0
2004-03-27 03:00:00,9849.0
2004-03-27 04:00:00,9920.0
2004-03-27 05:00:00,10312.0
2004-03-27 06:00:00,10986.0
2004-03-27 07:00:00,12172.0
2004-03-27 08:00:00,13400.0
2004-03-27 09:00:00,14137.0
2004-03-27 10:00:00,14383.0
2004-03-27 11:00:00,14299.0
2004-03-27 12:00:00,13976.0
2004-03-27 13:00:00,13688.0
2004-03-27 14:00:00,13455.0
2004-03-27 15:00:00,13433.0
2004-03-27 16:00:00,13671.0
2004-03-27 17:00:00,14128.0
2004-03-27 18:00:00,14824.0
2004-03-27 19:00:00,14689.0
2004-03-27 20:00:00,14150.0
2004-03-27 21:00:00,13397.0
2004-03-27 22:00:00,12375.0
2004-03-27 23:00:00,11363.0
2004-03-28 00:00:00,10504.0
2004-03-28 01:00:00,9985.0
2004-03-28 02:00:00,9736.0
2004-03-28 03:00:00,9635.0
2004-03-28 04:00:00,9687.0
2004-03-28 05:00:00,9879.0
2004-03-28 06:00:00,10315.0
2004-03-28 07:00:00,11283.0
2004-03-28 08:00:00,12418.0
2004-03-28 09:00:00,13267.0
2004-03-28 10:00:00,13664.0
2004-03-28 11:00:00,13855.0
2004-03-28 12:00:00,13782.0
2004-03-28 13:00:00,13593.0
2004-03-28 14:00:00,13338.0
2004-03-28 15:00:00,13265.0
2004-03-28 16:00:00,13511.0
2004-03-28 17:00:00,14170.0
2004-03-28 18:00:00,15376.0
2004-03-28 19:00:00,15668.0
2004-03-28 20:00:00,15176.0
2004-03-28 21:00:00,14097.0
2004-03-28 22:00:00,12816.0
2004-03-28 23:00:00,11713.0
2004-03-29 00:00:00,10965.0
2004-03-29 01:00:00,10625.0
2004-03-29 02:00:00,10533.0
2004-03-29 03:00:00,10576.0
2004-03-29 04:00:00,10977.0
2004-03-29 05:00:00,12119.0
2004-03-29 06:00:00,14172.0
2004-03-29 07:00:00,15569.0
2004-03-29 08:00:00,15887.0
2004-03-29 09:00:00,15911.0
2004-03-29 10:00:00,15909.0
2004-03-29 11:00:00,15777.0
2004-03-29 12:00:00,15558.0
2004-03-29 13:00:00,15387.0
2004-03-29 14:00:00,15147.0
2004-03-29 15:00:00,14999.0
2004-03-29 16:00:00,15112.0
2004-03-29 17:00:00,15617.0
2004-03-29 18:00:00,16875.0
2004-03-29 19:00:00,17139.0
2004-03-29 20:00:00,16498.0
2004-03-29 21:00:00,15309.0
2004-03-29 22:00:00,13700.0
2004-03-29 23:00:00,12344.0
2004-03-30 00:00:00,11471.0
2004-03-30 01:00:00,11058.0
2004-03-30 02:00:00,10886.0
2004-03-30 03:00:00,10879.0
2004-03-30 04:00:00,11200.0
2004-03-30 05:00:00,12393.0
2004-03-30 06:00:00,14479.0
2004-03-30 07:00:00,15997.0
2004-03-30 08:00:00,16392.0
2004-03-30 09:00:00,16485.0
2004-03-30 10:00:00,16508.0
2004-03-30 11:00:00,16392.0
2004-03-30 12:00:00,16115.0
2004-03-30 13:00:00,15918.0
2004-03-30 14:00:00,15606.0
2004-03-30 15:00:00,15428.0
2004-03-30 16:00:00,15532.0
2004-03-30 17:00:00,16110.0
2004-03-30 18:00:00,17216.0
2004-03-30 19:00:00,17335.0
2004-03-30 20:00:00,16601.0
2004-03-30 21:00:00,15403.0
2004-03-30 22:00:00,13703.0
2004-03-30 23:00:00,12309.0
2004-03-31 00:00:00,11462.0
2004-03-31 01:00:00,10980.0
2004-03-31 02:00:00,10766.0
2004-03-31 03:00:00,10737.0
2004-03-31 04:00:00,11046.0
2004-03-31 05:00:00,12108.0
2004-03-31 06:00:00,14155.0
2004-03-31 07:00:00,15703.0
2004-03-31 08:00:00,16158.0
2004-03-31 09:00:00,16321.0
2004-03-31 10:00:00,16457.0
2004-03-31 11:00:00,16428.0
2004-03-31 12:00:00,16361.0
2004-03-31 13:00:00,16347.0
2004-03-31 14:00:00,16251.0
2004-03-31 15:00:00,16301.0
2004-03-31 16:00:00,16691.0
2004-03-31 17:00:00,17246.0
2004-03-31 18:00:00,17723.0
2004-03-31 19:00:00,17489.0
2004-03-31 20:00:00,16739.0
2004-03-31 21:00:00,15477.0
2004-03-31 22:00:00,13794.0
2004-03-31 23:00:00,12398.0
2004-04-01 00:00:00,11453.0
2004-04-01 01:00:00,11009.0
2004-04-01 02:00:00,10827.0
2004-04-01 03:00:00,10818.0
2004-04-01 04:00:00,11117.0
2004-04-01 05:00:00,12241.0
2004-04-01 06:00:00,14289.0
2004-04-01 07:00:00,15793.0
2004-04-01 08:00:00,16298.0
2004-04-01 09:00:00,16484.0
2004-04-01 10:00:00,16606.0
2004-04-01 11:00:00,16620.0
2004-04-01 12:00:00,16515.0
2004-04-01 13:00:00,16486.0
2004-04-01 14:00:00,16425.0
2004-04-01 15:00:00,16477.0
2004-04-01 16:00:00,16835.0
2004-04-01 17:00:00,17286.0
2004-04-01 18:00:00,17764.0
2004-04-01 19:00:00,17584.0
2004-04-01 20:00:00,16834.0
2004-04-01 21:00:00,15617.0
2004-04-01 22:00:00,14017.0
2004-04-01 23:00:00,12602.0
2004-04-02 00:00:00,11684.0
2004-04-02 01:00:00,11214.0
2004-04-02 02:00:00,10999.0
2004-04-02 03:00:00,10941.0
2004-04-02 04:00:00,11239.0
2004-04-02 05:00:00,12336.0
2004-04-02 06:00:00,14342.0
2004-04-02 07:00:00,15914.0
2004-04-02 08:00:00,16413.0
2004-04-02 09:00:00,16586.0
2004-04-02 10:00:00,16691.0
2004-04-02 11:00:00,16653.0
2004-04-02 12:00:00,16479.0
2004-04-02 13:00:00,16366.0
2004-04-02 14:00:00,16174.0
2004-04-02 15:00:00,16093.0
2004-04-02 16:00:00,16225.0
2004-04-02 17:00:00,16514.0
2004-04-02 18:00:00,17002.0
2004-04-02 19:00:00,16724.0
2004-04-02 20:00:00,16080.0
2004-04-02 21:00:00,15176.0
2004-04-02 22:00:00,13872.0
2004-04-02 23:00:00,12600.0
2004-04-03 00:00:00,11688.0
2004-04-03 01:00:00,11151.0
2004-04-03 02:00:00,10854.0
2004-04-03 03:00:00,10728.0
2004-04-03 04:00:00,10806.0
2004-04-03 05:00:00,11150.0
2004-04-03 06:00:00,11859.0
2004-04-03 07:00:00,13068.0
2004-04-03 08:00:00,14237.0
2004-04-03 09:00:00,15003.0
2004-04-03 10:00:00,15236.0
2004-04-03 11:00:00,15213.0
2004-04-03 12:00:00,14950.0
2004-04-03 13:00:00,14625.0
2004-04-03 14:00:00,14351.0
2004-04-03 15:00:00,14233.0
2004-04-03 16:00:00,14482.0
2004-04-03 17:00:00,14983.0
2004-04-03 18:00:00,15631.0
2004-04-03 19:00:00,15494.0
2004-04-03 20:00:00,14969.0
2004-04-03 21:00:00,14198.0
2004-04-03 22:00:00,13180.0
2004-04-03 23:00:00,12120.0
2004-04-04 00:00:00,11196.0
2004-04-04 01:00:00,10904.0
2004-04-04 02:00:00,10612.0
2004-04-04 03:00:00,10325.0
2004-04-04 04:00:00,10261.0
2004-04-04 05:00:00,10380.0
2004-04-04 06:00:00,10678.0
2004-04-04 07:00:00,11173.0
2004-04-04 08:00:00,12060.0
2004-04-04 09:00:00,12955.0
2004-04-04 10:00:00,13594.0
2004-04-04 11:00:00,13961.0
2004-04-04 12:00:00,14101.0
2004-04-04 13:00:00,14043.0
2004-04-04 14:00:00,13898.0
2004-04-04 15:00:00,13818.0
2004-04-04 16:00:00,14043.0
2004-04-04 17:00:00,14533.0
2004-04-04 18:00:00,14997.0
2004-04-04 19:00:00,15634.0
2004-04-04 20:00:00,15558.0
2004-04-04 21:00:00,14649.0
2004-04-04 22:00:00,13469.0
2004-04-04 23:00:00,12276.0
2004-04-05 00:00:00,11349.0
2004-04-05 01:00:00,10928.0
2004-04-05 02:00:00,10767.0
2004-04-05 03:00:00,10813.0
2004-04-05 04:00:00,11149.0
2004-04-05 05:00:00,12311.0
2004-04-05 06:00:00,14508.0
2004-04-05 07:00:00,16100.0
2004-04-05 08:00:00,16596.0
2004-04-05 09:00:00,16808.0
2004-04-05 10:00:00,16966.0
2004-04-05 11:00:00,16929.0
2004-04-05 12:00:00,16727.0
2004-04-05 13:00:00,16540.0
2004-04-05 14:00:00,16193.0
2004-04-05 15:00:00,15960.0
2004-04-05 16:00:00,16032.0
2004-04-05 17:00:00,16211.0
2004-04-05 18:00:00,16424.0
2004-04-05 19:00:00,17298.0
2004-04-05 20:00:00,17492.0
2004-04-05 21:00:00,16469.0
2004-04-05 22:00:00,14934.0
2004-04-05 23:00:00,13488.0
2004-04-06 00:00:00,12424.0
2004-04-06 01:00:00,11893.0
2004-04-06 02:00:00,11664.0
2004-04-06 03:00:00,11603.0
2004-04-06 04:00:00,11899.0
2004-04-06 05:00:00,12981.0
2004-04-06 06:00:00,15016.0
2004-04-06 07:00:00,16342.0
2004-04-06 08:00:00,16591.0
2004-04-06 09:00:00,16590.0
2004-04-06 10:00:00,16576.0
2004-04-06 11:00:00,16408.0
2004-04-06 12:00:00,16169.0
2004-04-06 13:00:00,15999.0
2004-04-06 14:00:00,15670.0
2004-04-06 15:00:00,15420.0
2004-04-06 16:00:00,15351.0
2004-04-06 17:00:00,15411.0
2004-04-06 18:00:00,15541.0
2004-04-06 19:00:00,16410.0
2004-04-06 20:00:00,16650.0
2004-04-06 21:00:00,15694.0
2004-04-06 22:00:00,14171.0
2004-04-06 23:00:00,12724.0
2004-04-07 00:00:00,11686.0
2004-04-07 01:00:00,11187.0
2004-04-07 02:00:00,10972.0
2004-04-07 03:00:00,10929.0
2004-04-07 04:00:00,11215.0
2004-04-07 05:00:00,12319.0
2004-04-07 06:00:00,14414.0
2004-04-07 07:00:00,15826.0
2004-04-07 08:00:00,16125.0
2004-04-07 09:00:00,16175.0
2004-04-07 10:00:00,16180.0
2004-04-07 11:00:00,16058.0
2004-04-07 12:00:00,15755.0
2004-04-07 13:00:00,15601.0
2004-04-07 14:00:00,15323.0
2004-04-07 15:00:00,15079.0
2004-04-07 16:00:00,15067.0
2004-04-07 17:00:00,15174.0
2004-04-07 18:00:00,15230.0
2004-04-07 19:00:00,16003.0
2004-04-07 20:00:00,16300.0
2004-04-07 21:00:00,15330.0
2004-04-07 22:00:00,13809.0
2004-04-07 23:00:00,12333.0
2004-04-08 00:00:00,11371.0
2004-04-08 01:00:00,10902.0
2004-04-08 02:00:00,10709.0
2004-04-08 03:00:00,10709.0
2004-04-08 04:00:00,11037.0
2004-04-08 05:00:00,12237.0
2004-04-08 06:00:00,14265.0
2004-04-08 07:00:00,15587.0
2004-04-08 08:00:00,15797.0
2004-04-08 09:00:00,15763.0
2004-04-08 10:00:00,15703.0
2004-04-08 11:00:00,15607.0
2004-04-08 12:00:00,15358.0
2004-04-08 13:00:00,15265.0
2004-04-08 14:00:00,15000.0
2004-04-08 15:00:00,14836.0
2004-04-08 16:00:00,14839.0
2004-04-08 17:00:00,15059.0
2004-04-08 18:00:00,15257.0
2004-04-08 19:00:00,15872.0
2004-04-08 20:00:00,15824.0
2004-04-08 21:00:00,14906.0
2004-04-08 22:00:00,13478.0
2004-04-08 23:00:00,12082.0
2004-04-09 00:00:00,11046.0
2004-04-09 01:00:00,10549.0
2004-04-09 02:00:00,10318.0
2004-04-09 03:00:00,10279.0
2004-04-09 04:00:00,10480.0
2004-04-09 05:00:00,11361.0
2004-04-09 06:00:00,12785.0
2004-04-09 07:00:00,14040.0
2004-04-09 08:00:00,14733.0
2004-04-09 09:00:00,15027.0
2004-04-09 10:00:00,15070.0
2004-04-09 11:00:00,14988.0
2004-04-09 12:00:00,14771.0
2004-04-09 13:00:00,14583.0
2004-04-09 14:00:00,14343.0
2004-04-09 15:00:00,14095.0
2004-04-09 16:00:00,14014.0
2004-04-09 17:00:00,14003.0
2004-04-09 18:00:00,13948.0
2004-04-09 19:00:00,14439.0
2004-04-09 20:00:00,14778.0
2004-04-09 21:00:00,14128.0
2004-04-09 22:00:00,12983.0
2004-04-09 23:00:00,11778.0
2004-04-10 00:00:00,10829.0
2004-04-10 01:00:00,10305.0
2004-04-10 02:00:00,10077.0
2004-04-10 03:00:00,10000.0
2004-04-10 04:00:00,10098.0
2004-04-10 05:00:00,10493.0
2004-04-10 06:00:00,11097.0
2004-04-10 07:00:00,12127.0
2004-04-10 08:00:00,13232.0
2004-04-10 09:00:00,13874.0
2004-04-10 10:00:00,14025.0
2004-04-10 11:00:00,13900.0
2004-04-10 12:00:00,13574.0
2004-04-10 13:00:00,13250.0
2004-04-10 14:00:00,12927.0
2004-04-10 15:00:00,12766.0
2004-04-10 16:00:00,12791.0
2004-04-10 17:00:00,12957.0
2004-04-10 18:00:00,13142.0
2004-04-10 19:00:00,13816.0
2004-04-10 20:00:00,14297.0
2004-04-10 21:00:00,13745.0
2004-04-10 22:00:00,12772.0
2004-04-10 23:00:00,11626.0
2004-04-11 00:00:00,10664.0
2004-04-11 01:00:00,10069.0
2004-04-11 02:00:00,9794.0
2004-04-11 03:00:00,9695.0
2004-04-11 04:00:00,9748.0
2004-04-11 05:00:00,9999.0
2004-04-11 06:00:00,10398.0
2004-04-11 07:00:00,11308.0
2004-04-11 08:00:00,12419.0
2004-04-11 09:00:00,13175.0
2004-04-11 10:00:00,13484.0
2004-04-11 11:00:00,13513.0
2004-04-11 12:00:00,13317.0
2004-04-11 13:00:00,12750.0
2004-04-11 14:00:00,12185.0
2004-04-11 15:00:00,11847.0
2004-04-11 16:00:00,11775.0
2004-04-11 17:00:00,11970.0
2004-04-11 18:00:00,12519.0
2004-04-11 19:00:00,13617.0
2004-04-11 20:00:00,14159.0
2004-04-11 21:00:00,13412.0
2004-04-11 22:00:00,12257.0
2004-04-11 23:00:00,11156.0
2004-04-12 00:00:00,10379.0
2004-04-12 01:00:00,10015.0
2004-04-12 02:00:00,9900.0
2004-04-12 03:00:00,9911.0
2004-04-12 04:00:00,10261.0
2004-04-12 05:00:00,11436.0
2004-04-12 06:00:00,13487.0
2004-04-12 07:00:00,15006.0
2004-04-12 08:00:00,15478.0
2004-04-12 09:00:00,15599.0
2004-04-12 10:00:00,15665.0
2004-04-12 11:00:00,15618.0
2004-04-12 12:00:00,15396.0
2004-04-12 13:00:00,15254.0
2004-04-12 14:00:00,15122.0
2004-04-12 15:00:00,14915.0
2004-04-12 16:00:00,14987.0
2004-04-12 17:00:00,15328.0
2004-04-12 18:00:00,15653.0
2004-04-12 19:00:00,16265.0
2004-04-12 20:00:00,16213.0
2004-04-12 21:00:00,15104.0
2004-04-12 22:00:00,13540.0
2004-04-12 23:00:00,12054.0
2004-04-13 00:00:00,11152.0
2004-04-13 01:00:00,10693.0
2004-04-13 02:00:00,10504.0
2004-04-13 03:00:00,10475.0
2004-04-13 04:00:00,10763.0
2004-04-13 05:00:00,11827.0
2004-04-13 06:00:00,14040.0
2004-04-13 07:00:00,15678.0
2004-04-13 08:00:00,16239.0
2004-04-13 09:00:00,16456.0
2004-04-13 10:00:00,16656.0
2004-04-13 11:00:00,16692.0
2004-04-13 12:00:00,16563.0
2004-04-13 13:00:00,16475.0
2004-04-13 14:00:00,16316.0
2004-04-13 15:00:00,16362.0
2004-04-13 16:00:00,16687.0
2004-04-13 17:00:00,16979.0
2004-04-13 18:00:00,17035.0
2004-04-13 19:00:00,17141.0
2004-04-13 20:00:00,16669.0
2004-04-13 21:00:00,15446.0
2004-04-13 22:00:00,13729.0
2004-04-13 23:00:00,12285.0
2004-04-14 00:00:00,11309.0
2004-04-14 01:00:00,10739.0
2004-04-14 02:00:00,10491.0
2004-04-14 03:00:00,10366.0
2004-04-14 04:00:00,10580.0
2004-04-14 05:00:00,11640.0
2004-04-14 06:00:00,13697.0
2004-04-14 07:00:00,15324.0
2004-04-14 08:00:00,15842.0
2004-04-14 09:00:00,16031.0
2004-04-14 10:00:00,16023.0
2004-04-14 11:00:00,16196.0
2004-04-14 12:00:00,16019.0
2004-04-14 13:00:00,15980.0
2004-04-14 14:00:00,15822.0
2004-04-14 15:00:00,15729.0
2004-04-14 16:00:00,15853.0
2004-04-14 17:00:00,16096.0
2004-04-14 18:00:00,16129.0
2004-04-14 19:00:00,16346.0
2004-04-14 20:00:00,16135.0
2004-04-14 21:00:00,15054.0
2004-04-14 22:00:00,13392.0
2004-04-14 23:00:00,11949.0
2004-04-15 00:00:00,11037.0
2004-04-15 01:00:00,10532.0
2004-04-15 02:00:00,10321.0
2004-04-15 03:00:00,10275.0
2004-04-15 04:00:00,10546.0
2004-04-15 05:00:00,11645.0
2004-04-15 06:00:00,13758.0
2004-04-15 07:00:00,15371.0
2004-04-15 08:00:00,15922.0
2004-04-15 09:00:00,16142.0
2004-04-15 10:00:00,16264.0
2004-04-15 11:00:00,16141.0
2004-04-15 12:00:00,15882.0
2004-04-15 13:00:00,15706.0
2004-04-15 14:00:00,15368.0
2004-04-15 15:00:00,15095.0
2004-04-15 16:00:00,15002.0
2004-04-15 17:00:00,14939.0
2004-04-15 18:00:00,14893.0
2004-04-15 19:00:00,15530.0
2004-04-15 20:00:00,16026.0
2004-04-15 21:00:00,15191.0
2004-04-15 22:00:00,13722.0
2004-04-15 23:00:00,12347.0
2004-04-16 00:00:00,11345.0
2004-04-16 01:00:00,10810.0
2004-04-16 02:00:00,10591.0
2004-04-16 03:00:00,10587.0
2004-04-16 04:00:00,10890.0
2004-04-16 05:00:00,12006.0
2004-04-16 06:00:00,13903.0
2004-04-16 07:00:00,15244.0
2004-04-16 08:00:00,15672.0
2004-04-16 09:00:00,15779.0
2004-04-16 10:00:00,15775.0
2004-04-16 11:00:00,15602.0
2004-04-16 12:00:00,15344.0
2004-04-16 13:00:00,15174.0
2004-04-16 14:00:00,14865.0
2004-04-16 15:00:00,14555.0
2004-04-16 16:00:00,14326.0
2004-04-16 17:00:00,14141.0
2004-04-16 18:00:00,14061.0
2004-04-16 19:00:00,14528.0
2004-04-16 20:00:00,15068.0
2004-04-16 21:00:00,14361.0
2004-04-16 22:00:00,13238.0
2004-04-16 23:00:00,11984.0
2004-04-17 00:00:00,11046.0
2004-04-17 01:00:00,10530.0
2004-04-17 02:00:00,10250.0
2004-04-17 03:00:00,10151.0
2004-04-17 04:00:00,10239.0
2004-04-17 05:00:00,10621.0
2004-04-17 06:00:00,11230.0
2004-04-17 07:00:00,12206.0
2004-04-17 08:00:00,13203.0
2004-04-17 09:00:00,13726.0
2004-04-17 10:00:00,13855.0
2004-04-17 11:00:00,13684.0
2004-04-17 12:00:00,13382.0
2004-04-17 13:00:00,13067.0
2004-04-17 14:00:00,12804.0
2004-04-17 15:00:00,12665.0
2004-04-17 16:00:00,12727.0
2004-04-17 17:00:00,12906.0
2004-04-17 18:00:00,13071.0
2004-04-17 19:00:00,13644.0
2004-04-17 20:00:00,13868.0
2004-04-17 21:00:00,13198.0
2004-04-17 22:00:00,12176.0
2004-04-17 23:00:00,11120.0
2004-04-18 00:00:00,10264.0
2004-04-18 01:00:00,9675.0
2004-04-18 02:00:00,9375.0
2004-04-18 03:00:00,9233.0
2004-04-18 04:00:00,9226.0
2004-04-18 05:00:00,9372.0
2004-04-18 06:00:00,9632.0
2004-04-18 07:00:00,10454.0
2004-04-18 08:00:00,11504.0
2004-04-18 09:00:00,12275.0
2004-04-18 10:00:00,12633.0
2004-04-18 11:00:00,12729.0
2004-04-18 12:00:00,12661.0
2004-04-18 13:00:00,12478.0
2004-04-18 14:00:00,12239.0
2004-04-18 15:00:00,12158.0
2004-04-18 16:00:00,12271.0
2004-04-18 17:00:00,12603.0
2004-04-18 18:00:00,12886.0
2004-04-18 19:00:00,13484.0
2004-04-18 20:00:00,13902.0
2004-04-18 21:00:00,13047.0
2004-04-18 22:00:00,11905.0
2004-04-18 23:00:00,10821.0
2004-04-19 00:00:00,10011.0
2004-04-19 01:00:00,9606.0
2004-04-19 02:00:00,9422.0
2004-04-19 03:00:00,9393.0
2004-04-19 04:00:00,9640.0
2004-04-19 05:00:00,10557.0
2004-04-19 06:00:00,11972.0
2004-04-19 07:00:00,13470.0
2004-04-19 08:00:00,14346.0
2004-04-19 09:00:00,14854.0
2004-04-19 10:00:00,15208.0
2004-04-19 11:00:00,15317.0
2004-04-19 12:00:00,15286.0
2004-04-19 13:00:00,15317.0
2004-04-19 14:00:00,15255.0
2004-04-19 15:00:00,15142.0
2004-04-19 16:00:00,15077.0
2004-04-19 17:00:00,14961.0
2004-04-19 18:00:00,14848.0
2004-04-19 19:00:00,15280.0
2004-04-19 20:00:00,15554.0
2004-04-19 21:00:00,14545.0
2004-04-19 22:00:00,13053.0
2004-04-19 23:00:00,11634.0
2004-04-20 00:00:00,10708.0
2004-04-20 01:00:00,10158.0
2004-04-20 02:00:00,9890.0
2004-04-20 03:00:00,9776.0
2004-04-20 04:00:00,9938.0
2004-04-20 05:00:00,10757.0
2004-04-20 06:00:00,12225.0
2004-04-20 07:00:00,13815.0
2004-04-20 08:00:00,14644.0
2004-04-20 09:00:00,15079.0
2004-04-20 10:00:00,15321.0
2004-04-20 11:00:00,15378.0
2004-04-20 12:00:00,15276.0
2004-04-20 13:00:00,15276.0
2004-04-20 14:00:00,15125.0
2004-04-20 15:00:00,14930.0
2004-04-20 16:00:00,14875.0
2004-04-20 17:00:00,14715.0
2004-04-20 18:00:00,14510.0
2004-04-20 19:00:00,14866.0
2004-04-20 20:00:00,15258.0
2004-04-20 21:00:00,14314.0
2004-04-20 22:00:00,12785.0
2004-04-20 23:00:00,11438.0
2004-04-21 00:00:00,10466.0
2004-04-21 01:00:00,9959.0
2004-04-21 02:00:00,9745.0
2004-04-21 03:00:00,9694.0
2004-04-21 04:00:00,9953.0
2004-04-21 05:00:00,10884.0
2004-04-21 06:00:00,12401.0
2004-04-21 07:00:00,13980.0
2004-04-21 08:00:00,14773.0
2004-04-21 09:00:00,15128.0
2004-04-21 10:00:00,15309.0
2004-04-21 11:00:00,15307.0
2004-04-21 12:00:00,15157.0
2004-04-21 13:00:00,15090.0
2004-04-21 14:00:00,14905.0
2004-04-21 15:00:00,14704.0
2004-04-21 16:00:00,14623.0
2004-04-21 17:00:00,14513.0
2004-04-21 18:00:00,14408.0
2004-04-21 19:00:00,14883.0
2004-04-21 20:00:00,15314.0
2004-04-21 21:00:00,14397.0
2004-04-21 22:00:00,12973.0
2004-04-21 23:00:00,11551.0
2004-04-22 00:00:00,10603.0
2004-04-22 01:00:00,10106.0
2004-04-22 02:00:00,9835.0
2004-04-22 03:00:00,9758.0
2004-04-22 04:00:00,9991.0
2004-04-22 05:00:00,10926.0
2004-04-22 06:00:00,12481.0
2004-04-22 07:00:00,14059.0
2004-04-22 08:00:00,14876.0
2004-04-22 09:00:00,15310.0
2004-04-22 10:00:00,15595.0
2004-04-22 11:00:00,15719.0
2004-04-22 12:00:00,15699.0
2004-04-22 13:00:00,15782.0
2004-04-22 14:00:00,15700.0
2004-04-22 15:00:00,15553.0
2004-04-22 16:00:00,15430.0
2004-04-22 17:00:00,15236.0
2004-04-22 18:00:00,14984.0
2004-04-22 19:00:00,15236.0
2004-04-22 20:00:00,15589.0
2004-04-22 21:00:00,14709.0
2004-04-22 22:00:00,13199.0
2004-04-22 23:00:00,11768.0
2004-04-23 00:00:00,10749.0
2004-04-23 01:00:00,10150.0
2004-04-23 02:00:00,9849.0
2004-04-23 03:00:00,9712.0
2004-04-23 04:00:00,9852.0
2004-04-23 05:00:00,10748.0
2004-04-23 06:00:00,12268.0
2004-04-23 07:00:00,13924.0
2004-04-23 08:00:00,14927.0
2004-04-23 09:00:00,15478.0
2004-04-23 10:00:00,15796.0
2004-04-23 11:00:00,15809.0
2004-04-23 12:00:00,15644.0
2004-04-23 13:00:00,15483.0
2004-04-23 14:00:00,15210.0
2004-04-23 15:00:00,14894.0
2004-04-23 16:00:00,14759.0
2004-04-23 17:00:00,14667.0
2004-04-23 18:00:00,14626.0
2004-04-23 19:00:00,14865.0
2004-04-23 20:00:00,14954.0
2004-04-23 21:00:00,14241.0
2004-04-23 22:00:00,12996.0
2004-04-23 23:00:00,11747.0
2004-04-24 00:00:00,10761.0
2004-04-24 01:00:00,10203.0
2004-04-24 02:00:00,9910.0
2004-04-24 03:00:00,9789.0
2004-04-24 04:00:00,9819.0
2004-04-24 05:00:00,10182.0
2004-04-24 06:00:00,10728.0
2004-04-24 07:00:00,11754.0
2004-04-24 08:00:00,12800.0
2004-04-24 09:00:00,13456.0
2004-04-24 10:00:00,13711.0
2004-04-24 11:00:00,13668.0
2004-04-24 12:00:00,13392.0
2004-04-24 13:00:00,13059.0
2004-04-24 14:00:00,12767.0
2004-04-24 15:00:00,12559.0
2004-04-24 16:00:00,12514.0
2004-04-24 17:00:00,12597.0
2004-04-24 18:00:00,12635.0
2004-04-24 19:00:00,13037.0
2004-04-24 20:00:00,13666.0
2004-04-24 21:00:00,13218.0
2004-04-24 22:00:00,12211.0
2004-04-24 23:00:00,11205.0
2004-04-25 00:00:00,10319.0
2004-04-25 01:00:00,9809.0
2004-04-25 02:00:00,9536.0
2004-04-25 03:00:00,9441.0
2004-04-25 04:00:00,9491.0
2004-04-25 05:00:00,9696.0
2004-04-25 06:00:00,9954.0
2004-04-25 07:00:00,10779.0
2004-04-25 08:00:00,11700.0
2004-04-25 09:00:00,12406.0
2004-04-25 10:00:00,12752.0
2004-04-25 11:00:00,12846.0
2004-04-25 12:00:00,12750.0
2004-04-25 13:00:00,12560.0
2004-04-25 14:00:00,12386.0
2004-04-25 15:00:00,12416.0
2004-04-25 16:00:00,12722.0
2004-04-25 17:00:00,13274.0
2004-04-25 18:00:00,13741.0
2004-04-25 19:00:00,14334.0
2004-04-25 20:00:00,14559.0
2004-04-25 21:00:00,13539.0
2004-04-25 22:00:00,12271.0
2004-04-25 23:00:00,11153.0
2004-04-26 00:00:00,10340.0
2004-04-26 01:00:00,9921.0
2004-04-26 02:00:00,9764.0
2004-04-26 03:00:00,9753.0
2004-04-26 04:00:00,10064.0
2004-04-26 05:00:00,11188.0
2004-04-26 06:00:00,13281.0
2004-04-26 07:00:00,15022.0
2004-04-26 08:00:00,15729.0
2004-04-26 09:00:00,16066.0
2004-04-26 10:00:00,16277.0
2004-04-26 11:00:00,16294.0
2004-04-26 12:00:00,16167.0
2004-04-26 13:00:00,16049.0
2004-04-26 14:00:00,15838.0
2004-04-26 15:00:00,15733.0
2004-04-26 16:00:00,15947.0
2004-04-26 17:00:00,16171.0
2004-04-26 18:00:00,16148.0
2004-04-26 19:00:00,16217.0
2004-04-26 20:00:00,15983.0
2004-04-26 21:00:00,14838.0
2004-04-26 22:00:00,13182.0
2004-04-26 23:00:00,11791.0
2004-04-27 00:00:00,10820.0
2004-04-27 01:00:00,10343.0
2004-04-27 02:00:00,10047.0
2004-04-27 03:00:00,9983.0
2004-04-27 04:00:00,10224.0
2004-04-27 05:00:00,11260.0
2004-04-27 06:00:00,13218.0
2004-04-27 07:00:00,14825.0
2004-04-27 08:00:00,15310.0
2004-04-27 09:00:00,15494.0
2004-04-27 10:00:00,15624.0
2004-04-27 11:00:00,15605.0
2004-04-27 12:00:00,15489.0
2004-04-27 13:00:00,15458.0
2004-04-27 14:00:00,15272.0
2004-04-27 15:00:00,15065.0
2004-04-27 16:00:00,14995.0
2004-04-27 17:00:00,14962.0
2004-04-27 18:00:00,14875.0
2004-04-27 19:00:00,15230.0
2004-04-27 20:00:00,15606.0
2004-04-27 21:00:00,14650.0
2004-04-27 22:00:00,13025.0
2004-04-27 23:00:00,11600.0
2004-04-28 00:00:00,10641.0
2004-04-28 01:00:00,10157.0
2004-04-28 02:00:00,9948.0
2004-04-28 03:00:00,9912.0
2004-04-28 04:00:00,10159.0
2004-04-28 05:00:00,11230.0
2004-04-28 06:00:00,13184.0
2004-04-28 07:00:00,14742.0
2004-04-28 08:00:00,15233.0
2004-04-28 09:00:00,15353.0
2004-04-28 10:00:00,15441.0
2004-04-28 11:00:00,15407.0
2004-04-28 12:00:00,15272.0
2004-04-28 13:00:00,15186.0
2004-04-28 14:00:00,14967.0
2004-04-28 15:00:00,14764.0
2004-04-28 16:00:00,14711.0
2004-04-28 17:00:00,14635.0
2004-04-28 18:00:00,14490.0
2004-04-28 19:00:00,14827.0
2004-04-28 20:00:00,15582.0
2004-04-28 21:00:00,14737.0
2004-04-28 22:00:00,13204.0
2004-04-28 23:00:00,11797.0
2004-04-29 00:00:00,10843.0
2004-04-29 01:00:00,10359.0
2004-04-29 02:00:00,10133.0
2004-04-29 03:00:00,10104.0
2004-04-29 04:00:00,10380.0
2004-04-29 05:00:00,11372.0
2004-04-29 06:00:00,13202.0
2004-04-29 07:00:00,14654.0
2004-04-29 08:00:00,15093.0
2004-04-29 09:00:00,15306.0
2004-04-29 10:00:00,15487.0
2004-04-29 11:00:00,15470.0
2004-04-29 12:00:00,15375.0
2004-04-29 13:00:00,15412.0
2004-04-29 14:00:00,15309.0
2004-04-29 15:00:00,15185.0
2004-04-29 16:00:00,15101.0
2004-04-29 17:00:00,14922.0
2004-04-29 18:00:00,14683.0
2004-04-29 19:00:00,14904.0
2004-04-29 20:00:00,15576.0
2004-04-29 21:00:00,14750.0
2004-04-29 22:00:00,13152.0
2004-04-29 23:00:00,11655.0
2004-04-30 00:00:00,10617.0
2004-04-30 01:00:00,10067.0
2004-04-30 02:00:00,9804.0
2004-04-30 03:00:00,9721.0
2004-04-30 04:00:00,9918.0
2004-04-30 05:00:00,10822.0
2004-04-30 06:00:00,12625.0
2004-04-30 07:00:00,14233.0
2004-04-30 08:00:00,14859.0
2004-04-30 09:00:00,15324.0
2004-04-30 10:00:00,15637.0
2004-04-30 11:00:00,15824.0
2004-04-30 12:00:00,15841.0
2004-04-30 13:00:00,15897.0
2004-04-30 14:00:00,15771.0
2004-04-30 15:00:00,15522.0
2004-04-30 16:00:00,15284.0
2004-04-30 17:00:00,14909.0
2004-04-30 18:00:00,14502.0
2004-04-30 19:00:00,14455.0
2004-04-30 20:00:00,15080.0
2004-04-30 21:00:00,14398.0
2004-04-30 22:00:00,13069.0
2004-04-30 23:00:00,11676.0
2004-05-01 00:00:00,10623.0
2004-05-01 01:00:00,9997.0
2004-05-01 02:00:00,9645.0
2004-05-01 03:00:00,9484.0
2004-05-01 04:00:00,9512.0
2004-05-01 05:00:00,9738.0
2004-05-01 06:00:00,10324.0
2004-05-01 07:00:00,11589.0
2004-05-01 08:00:00,12805.0
2004-05-01 09:00:00,13560.0
2004-05-01 10:00:00,13898.0
2004-05-01 11:00:00,13990.0
2004-05-01 12:00:00,13887.0
2004-05-01 13:00:00,13709.0
2004-05-01 14:00:00,13524.0
2004-05-01 15:00:00,13448.0
2004-05-01 16:00:00,13481.0
2004-05-01 17:00:00,13542.0
2004-05-01 18:00:00,13440.0
2004-05-01 19:00:00,13663.0
2004-05-01 20:00:00,14290.0
2004-05-01 21:00:00,13726.0
2004-05-01 22:00:00,12607.0
2004-05-01 23:00:00,11438.0
2004-05-02 00:00:00,10446.0
2004-05-02 01:00:00,9832.0
2004-05-02 02:00:00,9498.0
2004-05-02 03:00:00,9294.0
2004-05-02 04:00:00,9292.0
2004-05-02 05:00:00,9402.0
2004-05-02 06:00:00,9689.0
2004-05-02 07:00:00,10638.0
2004-05-02 08:00:00,11767.0
2004-05-02 09:00:00,12708.0
2004-05-02 10:00:00,13234.0
2004-05-02 11:00:00,13555.0
2004-05-02 12:00:00,13659.0
2004-05-02 13:00:00,13560.0
2004-05-02 14:00:00,13410.0
2004-05-02 15:00:00,13383.0
2004-05-02 16:00:00,13587.0
2004-05-02 17:00:00,13944.0
2004-05-02 18:00:00,14161.0
2004-05-02 19:00:00,14484.0
2004-05-02 20:00:00,14703.0
2004-05-02 21:00:00,13718.0
2004-05-02 22:00:00,12391.0
2004-05-02 23:00:00,11148.0
2004-05-03 00:00:00,10289.0
2004-05-03 01:00:00,9849.0
2004-05-03 02:00:00,9647.0
2004-05-03 03:00:00,9611.0
2004-05-03 04:00:00,9880.0
2004-05-03 05:00:00,10947.0
2004-05-03 06:00:00,12974.0
2004-05-03 07:00:00,14723.0
2004-05-03 08:00:00,15418.0
2004-05-03 09:00:00,15785.0
2004-05-03 10:00:00,16033.0
2004-05-03 11:00:00,16089.0
2004-05-03 12:00:00,16000.0
2004-05-03 13:00:00,15881.0
2004-05-03 14:00:00,15723.0
2004-05-03 15:00:00,15666.0
2004-05-03 16:00:00,15759.0
2004-05-03 17:00:00,15931.0
2004-05-03 18:00:00,15931.0
2004-05-03 19:00:00,16031.0
2004-05-03 20:00:00,15920.0
2004-05-03 21:00:00,14784.0
2004-05-03 22:00:00,13141.0
2004-05-03 23:00:00,11662.0
2004-05-04 00:00:00,10659.0
2004-05-04 01:00:00,10132.0
2004-05-04 02:00:00,9926.0
2004-05-04 03:00:00,9851.0
2004-05-04 04:00:00,10085.0
2004-05-04 05:00:00,11092.0
2004-05-04 06:00:00,13093.0
2004-05-04 07:00:00,14605.0
2004-05-04 08:00:00,15048.0
2004-05-04 09:00:00,15232.0
2004-05-04 10:00:00,15377.0
2004-05-04 11:00:00,15344.0
2004-05-04 12:00:00,15245.0
2004-05-04 13:00:00,15167.0
2004-05-04 14:00:00,14983.0
2004-05-04 15:00:00,14835.0
2004-05-04 16:00:00,14781.0
2004-05-04 17:00:00,14693.0
2004-05-04 18:00:00,14530.0
2004-05-04 19:00:00,14742.0
2004-05-04 20:00:00,15499.0
2004-05-04 21:00:00,14722.0
2004-05-04 22:00:00,13100.0
2004-05-04 23:00:00,11646.0
2004-05-05 00:00:00,10715.0
2004-05-05 01:00:00,10247.0
2004-05-05 02:00:00,10029.0
2004-05-05 03:00:00,10000.0
2004-05-05 04:00:00,10293.0
2004-05-05 05:00:00,11276.0
2004-05-05 06:00:00,13277.0
2004-05-05 07:00:00,14734.0
2004-05-05 08:00:00,15112.0
2004-05-05 09:00:00,15277.0
2004-05-05 10:00:00,15425.0
2004-05-05 11:00:00,15482.0
2004-05-05 12:00:00,15409.0
2004-05-05 13:00:00,15380.0
2004-05-05 14:00:00,15236.0
2004-05-05 15:00:00,15123.0
2004-05-05 16:00:00,15195.0
2004-05-05 17:00:00,15228.0
2004-05-05 18:00:00,15176.0
2004-05-05 19:00:00,15348.0
2004-05-05 20:00:00,15645.0
2004-05-05 21:00:00,14672.0
2004-05-05 22:00:00,13056.0
2004-05-05 23:00:00,11607.0
2004-05-06 00:00:00,10663.0
2004-05-06 01:00:00,10138.0
2004-05-06 02:00:00,9897.0
2004-05-06 03:00:00,9867.0
2004-05-06 04:00:00,10147.0
2004-05-06 05:00:00,11111.0
2004-05-06 06:00:00,13038.0
2004-05-06 07:00:00,14549.0
2004-05-06 08:00:00,15031.0
2004-05-06 09:00:00,15285.0
2004-05-06 10:00:00,15490.0
2004-05-06 11:00:00,15513.0
2004-05-06 12:00:00,15458.0
2004-05-06 13:00:00,15473.0
2004-05-06 14:00:00,15319.0
2004-05-06 15:00:00,15233.0
2004-05-06 16:00:00,15119.0
2004-05-06 17:00:00,14924.0
2004-05-06 18:00:00,14711.0
2004-05-06 19:00:00,14971.0
2004-05-06 20:00:00,15562.0
2004-05-06 21:00:00,14603.0
2004-05-06 22:00:00,13153.0
2004-05-06 23:00:00,11651.0
2004-05-07 00:00:00,10582.0
2004-05-07 01:00:00,10058.0
2004-05-07 02:00:00,9789.0
2004-05-07 03:00:00,9693.0
2004-05-07 04:00:00,9907.0
2004-05-07 05:00:00,10811.0
2004-05-07 06:00:00,12680.0
2004-05-07 07:00:00,14366.0
2004-05-07 08:00:00,15093.0
2004-05-07 09:00:00,15564.0
2004-05-07 10:00:00,15988.0
2004-05-07 11:00:00,16201.0
2004-05-07 12:00:00,16262.0
2004-05-07 13:00:00,16390.0
2004-05-07 14:00:00,16301.0
2004-05-07 15:00:00,16125.0
2004-05-07 16:00:00,15924.0
2004-05-07 17:00:00,15457.0
2004-05-07 18:00:00,14900.0
2004-05-07 19:00:00,14709.0
2004-05-07 20:00:00,15177.0
2004-05-07 21:00:00,14497.0
2004-05-07 22:00:00,13102.0
2004-05-07 23:00:00,11658.0
2004-05-08 00:00:00,10571.0
2004-05-08 01:00:00,9898.0
2004-05-08 02:00:00,9565.0
2004-05-08 03:00:00,9406.0
2004-05-08 04:00:00,9478.0
2004-05-08 05:00:00,9690.0
2004-05-08 06:00:00,10326.0
2004-05-08 07:00:00,11511.0
2004-05-08 08:00:00,12684.0
2004-05-08 09:00:00,13271.0
2004-05-08 10:00:00,13417.0
2004-05-08 11:00:00,13360.0
2004-05-08 12:00:00,13163.0
2004-05-08 13:00:00,12915.0
2004-05-08 14:00:00,12651.0
2004-05-08 15:00:00,12525.0
2004-05-08 16:00:00,12591.0
2004-05-08 17:00:00,12783.0
2004-05-08 18:00:00,12952.0
2004-05-08 19:00:00,13308.0
2004-05-08 20:00:00,13705.0
2004-05-08 21:00:00,13185.0
2004-05-08 22:00:00,12171.0
2004-05-08 23:00:00,11080.0
2004-05-09 00:00:00,10156.0
2004-05-09 01:00:00,9611.0
2004-05-09 02:00:00,9310.0
2004-05-09 03:00:00,9164.0
2004-05-09 04:00:00,9172.0
2004-05-09 05:00:00,9317.0
2004-05-09 06:00:00,9672.0
2004-05-09 07:00:00,10619.0
2004-05-09 08:00:00,11787.0
2004-05-09 09:00:00,12622.0
2004-05-09 10:00:00,13013.0
2004-05-09 11:00:00,13181.0
2004-05-09 12:00:00,13154.0
2004-05-09 13:00:00,12875.0
2004-05-09 14:00:00,12573.0
2004-05-09 15:00:00,12383.0
2004-05-09 16:00:00,12361.0
2004-05-09 17:00:00,12436.0
2004-05-09 18:00:00,12548.0
2004-05-09 19:00:00,12977.0
2004-05-09 20:00:00,13921.0
2004-05-09 21:00:00,13319.0
2004-05-09 22:00:00,12085.0
2004-05-09 23:00:00,10861.0
2004-05-10 00:00:00,9949.0
2004-05-10 01:00:00,9553.0
2004-05-10 02:00:00,9361.0
2004-05-10 03:00:00,9360.0
2004-05-10 04:00:00,9651.0
2004-05-10 05:00:00,10626.0
2004-05-10 06:00:00,12579.0
2004-05-10 07:00:00,14260.0
2004-05-10 08:00:00,14884.0
2004-05-10 09:00:00,15210.0
2004-05-10 10:00:00,15525.0
2004-05-10 11:00:00,15622.0
2004-05-10 12:00:00,15610.0
2004-05-10 13:00:00,15655.0
2004-05-10 14:00:00,15555.0
2004-05-10 15:00:00,15426.0
2004-05-10 16:00:00,15471.0
2004-05-10 17:00:00,15560.0
2004-05-10 18:00:00,15372.0
2004-05-10 19:00:00,15309.0
2004-05-10 20:00:00,15704.0
2004-05-10 21:00:00,14772.0
2004-05-10 22:00:00,13081.0
2004-05-10 23:00:00,11556.0
2004-05-11 00:00:00,10555.0
2004-05-11 01:00:00,10049.0
2004-05-11 02:00:00,9806.0
2004-05-11 03:00:00,9733.0
2004-05-11 04:00:00,9959.0
2004-05-11 05:00:00,10888.0
2004-05-11 06:00:00,12896.0
2004-05-11 07:00:00,14657.0
2004-05-11 08:00:00,15404.0
2004-05-11 09:00:00,15887.0
2004-05-11 10:00:00,16410.0
2004-05-11 11:00:00,16785.0
2004-05-11 12:00:00,16952.0
2004-05-11 13:00:00,17173.0
2004-05-11 14:00:00,17203.0
2004-05-11 15:00:00,17175.0
2004-05-11 16:00:00,17205.0
2004-05-11 17:00:00,17035.0
2004-05-11 18:00:00,16659.0
2004-05-11 19:00:00,16521.0
2004-05-11 20:00:00,17084.0
2004-05-11 21:00:00,16316.0
2004-05-11 22:00:00,14408.0
2004-05-11 23:00:00,12669.0
2004-05-12 00:00:00,11463.0
2004-05-12 01:00:00,10807.0
2004-05-12 02:00:00,10430.0
2004-05-12 03:00:00,10248.0
2004-05-12 04:00:00,10400.0
2004-05-12 05:00:00,11212.0
2004-05-12 06:00:00,13170.0
2004-05-12 07:00:00,14960.0
2004-05-12 08:00:00,15750.0
2004-05-12 09:00:00,16330.0
2004-05-12 10:00:00,16844.0
2004-05-12 11:00:00,17200.0
2004-05-12 12:00:00,17403.0
2004-05-12 13:00:00,17742.0
2004-05-12 14:00:00,17958.0
2004-05-12 15:00:00,18032.0
2004-05-12 16:00:00,18024.0
2004-05-12 17:00:00,17705.0
2004-05-12 18:00:00,17303.0
2004-05-12 19:00:00,17208.0
2004-05-12 20:00:00,17667.0
2004-05-12 21:00:00,16733.0
2004-05-12 22:00:00,14906.0
2004-05-12 23:00:00,13134.0
2004-05-13 00:00:00,11946.0
2004-05-13 01:00:00,11275.0
2004-05-13 02:00:00,10907.0
2004-05-13 03:00:00,10749.0
2004-05-13 04:00:00,10853.0
2004-05-13 05:00:00,11640.0
2004-05-13 06:00:00,13516.0
2004-05-13 07:00:00,15156.0
2004-05-13 08:00:00,15844.0
2004-05-13 09:00:00,16298.0
2004-05-13 10:00:00,16718.0
2004-05-13 11:00:00,16909.0
2004-05-13 12:00:00,16900.0
2004-05-13 13:00:00,16959.0
2004-05-13 14:00:00,16875.0
2004-05-13 15:00:00,16763.0
2004-05-13 16:00:00,16633.0
2004-05-13 17:00:00,16307.0
2004-05-13 18:00:00,15841.0
2004-05-13 19:00:00,15750.0
2004-05-13 20:00:00,16093.0
2004-05-13 21:00:00,15205.0
2004-05-13 22:00:00,13511.0
2004-05-13 23:00:00,11899.0
2004-05-14 00:00:00,10799.0
2004-05-14 01:00:00,10254.0
2004-05-14 02:00:00,9941.0
2004-05-14 03:00:00,9846.0
2004-05-14 04:00:00,10041.0
2004-05-14 05:00:00,10933.0
2004-05-14 06:00:00,12847.0
2004-05-14 07:00:00,14489.0
2004-05-14 08:00:00,15175.0
2004-05-14 09:00:00,15437.0
2004-05-14 10:00:00,15659.0
2004-05-14 11:00:00,15788.0
2004-05-14 12:00:00,15808.0
2004-05-14 13:00:00,15957.0
2004-05-14 14:00:00,15971.0
2004-05-14 15:00:00,15944.0
2004-05-14 16:00:00,15898.0
2004-05-14 17:00:00,15619.0
2004-05-14 18:00:00,15218.0
2004-05-14 19:00:00,15075.0
2004-05-14 20:00:00,15535.0
2004-05-14 21:00:00,14977.0
2004-05-14 22:00:00,13629.0
2004-05-14 23:00:00,12178.0
2004-05-15 00:00:00,11031.0
2004-05-15 01:00:00,10401.0
2004-05-15 02:00:00,10040.0
2004-05-15 03:00:00,9863.0
2004-05-15 04:00:00,9895.0
2004-05-15 05:00:00,10083.0
2004-05-15 06:00:00,10809.0
2004-05-15 07:00:00,12125.0
2004-05-15 08:00:00,13569.0
2004-05-15 09:00:00,14603.0
2004-05-15 10:00:00,15324.0
2004-05-15 11:00:00,15742.0
2004-05-15 12:00:00,15960.0
2004-05-15 13:00:00,16088.0
2004-05-15 14:00:00,16168.0
2004-05-15 15:00:00,16258.0
2004-05-15 16:00:00,16404.0
2004-05-15 17:00:00,16405.0
2004-05-15 18:00:00,16150.0
2004-05-15 19:00:00,15977.0
2004-05-15 20:00:00,16175.0
2004-05-15 21:00:00,15609.0
2004-05-15 22:00:00,14331.0
2004-05-15 23:00:00,12983.0
2004-05-16 00:00:00,11785.0
2004-05-16 01:00:00,11116.0
2004-05-16 02:00:00,10604.0
2004-05-16 03:00:00,10323.0
2004-05-16 04:00:00,10209.0
2004-05-16 05:00:00,10170.0
2004-05-16 06:00:00,10412.0
2004-05-16 07:00:00,11290.0
2004-05-16 08:00:00,12457.0
2004-05-16 09:00:00,13413.0
2004-05-16 10:00:00,13953.0
2004-05-16 11:00:00,14172.0
2004-05-16 12:00:00,14171.0
2004-05-16 13:00:00,13973.0
2004-05-16 14:00:00,13755.0
2004-05-16 15:00:00,13684.0
2004-05-16 16:00:00,13812.0
2004-05-16 17:00:00,14027.0
2004-05-16 18:00:00,14085.0
2004-05-16 19:00:00,14226.0
2004-05-16 20:00:00,14728.0
2004-05-16 21:00:00,14067.0
2004-05-16 22:00:00,12673.0
2004-05-16 23:00:00,11269.0
2004-05-17 00:00:00,10328.0
2004-05-17 01:00:00,9835.0
2004-05-17 02:00:00,9616.0
2004-05-17 03:00:00,9569.0
2004-05-17 04:00:00,9812.0
2004-05-17 05:00:00,10789.0
2004-05-17 06:00:00,12779.0
2004-05-17 07:00:00,14516.0
2004-05-17 08:00:00,15255.0
2004-05-17 09:00:00,15739.0
2004-05-17 10:00:00,16108.0
2004-05-17 11:00:00,16298.0
2004-05-17 12:00:00,16328.0
2004-05-17 13:00:00,16459.0
2004-05-17 14:00:00,16421.0
2004-05-17 15:00:00,16336.0
2004-05-17 16:00:00,16285.0
2004-05-17 17:00:00,16077.0
2004-05-17 18:00:00,15738.0
2004-05-17 19:00:00,15626.0
2004-05-17 20:00:00,16055.0
2004-05-17 21:00:00,15212.0
2004-05-17 22:00:00,13444.0
2004-05-17 23:00:00,11874.0
2004-05-18 00:00:00,10813.0
2004-05-18 01:00:00,10267.0
2004-05-18 02:00:00,10026.0
2004-05-18 03:00:00,9953.0
2004-05-18 04:00:00,10180.0
2004-05-18 05:00:00,11129.0
2004-05-18 06:00:00,13159.0
2004-05-18 07:00:00,14916.0
2004-05-18 08:00:00,15628.0
2004-05-18 09:00:00,16014.0
2004-05-18 10:00:00,16377.0
2004-05-18 11:00:00,16622.0
2004-05-18 12:00:00,16681.0
2004-05-18 13:00:00,16812.0
2004-05-18 14:00:00,16734.0
2004-05-18 15:00:00,16688.0
2004-05-18 16:00:00,16764.0
2004-05-18 17:00:00,16700.0
2004-05-18 18:00:00,16363.0
2004-05-18 19:00:00,16249.0
2004-05-18 20:00:00,16667.0
2004-05-18 21:00:00,15851.0
2004-05-18 22:00:00,14091.0
2004-05-18 23:00:00,12497.0
2004-05-19 00:00:00,11395.0
2004-05-19 01:00:00,10799.0
2004-05-19 02:00:00,10504.0
2004-05-19 03:00:00,10377.0
2004-05-19 04:00:00,10634.0
2004-05-19 05:00:00,11570.0
2004-05-19 06:00:00,13602.0
2004-05-19 07:00:00,15320.0
2004-05-19 08:00:00,15899.0
2004-05-19 09:00:00,16229.0
2004-05-19 10:00:00,16527.0
2004-05-19 11:00:00,16629.0
2004-05-19 12:00:00,16578.0
2004-05-19 13:00:00,16565.0
2004-05-19 14:00:00,16395.0
2004-05-19 15:00:00,16224.0
2004-05-19 16:00:00,16053.0
2004-05-19 17:00:00,15861.0
2004-05-19 18:00:00,15559.0
2004-05-19 19:00:00,15358.0
2004-05-19 20:00:00,15804.0
2004-05-19 21:00:00,15120.0
2004-05-19 22:00:00,13473.0
2004-05-19 23:00:00,11871.0
2004-05-20 00:00:00,10539.0
2004-05-20 01:00:00,10205.0
2004-05-20 02:00:00,9917.0
2004-05-20 03:00:00,9833.0
2004-05-20 04:00:00,10034.0
2004-05-20 05:00:00,10816.0
2004-05-20 06:00:00,12804.0
2004-05-20 07:00:00,14501.0
2004-05-20 08:00:00,15236.0
2004-05-20 09:00:00,15751.0
2004-05-20 10:00:00,16179.0
2004-05-20 11:00:00,16328.0
2004-05-20 12:00:00,16339.0
2004-05-20 13:00:00,16442.0
2004-05-20 14:00:00,16351.0
2004-05-20 15:00:00,16217.0
2004-05-20 16:00:00,16124.0
2004-05-20 17:00:00,15875.0
2004-05-20 18:00:00,15475.0
2004-05-20 19:00:00,15319.0
2004-05-20 20:00:00,15820.0
2004-05-20 21:00:00,15128.0
2004-05-20 22:00:00,13477.0
2004-05-20 23:00:00,11891.0
2004-05-21 00:00:00,10796.0
2004-05-21 01:00:00,10240.0
2004-05-21 02:00:00,9949.0
2004-05-21 03:00:00,9859.0
2004-05-21 04:00:00,10074.0
2004-05-21 05:00:00,10889.0
2004-05-21 06:00:00,12811.0
2004-05-21 07:00:00,14554.0
2004-05-21 08:00:00,15360.0
2004-05-21 09:00:00,15871.0
2004-05-21 10:00:00,16395.0
2004-05-21 11:00:00,16681.0
2004-05-21 12:00:00,16828.0
2004-05-21 13:00:00,16941.0
2004-05-21 14:00:00,16920.0
2004-05-21 15:00:00,16906.0
2004-05-21 16:00:00,16867.0
2004-05-21 17:00:00,16550.0
2004-05-21 18:00:00,16055.0
2004-05-21 19:00:00,15711.0
2004-05-21 20:00:00,16059.0
2004-05-21 21:00:00,15543.0
2004-05-21 22:00:00,14162.0
2004-05-21 23:00:00,12634.0
2004-05-22 00:00:00,11452.0
2004-05-22 01:00:00,10745.0
2004-05-22 02:00:00,10330.0
2004-05-22 03:00:00,10122.0
2004-05-22 04:00:00,10093.0
2004-05-22 05:00:00,10301.0
2004-05-22 06:00:00,10914.0
2004-05-22 07:00:00,12043.0
2004-05-22 08:00:00,13285.0
2004-05-22 09:00:00,14176.0
2004-05-22 10:00:00,14595.0
2004-05-22 11:00:00,14659.0
2004-05-22 12:00:00,14437.0
2004-05-22 13:00:00,14166.0
2004-05-22 14:00:00,13862.0
2004-05-22 15:00:00,13675.0
2004-05-22 16:00:00,13695.0
2004-05-22 17:00:00,13782.0
2004-05-22 18:00:00,13762.0
2004-05-22 19:00:00,13754.0
2004-05-22 20:00:00,13965.0
2004-05-22 21:00:00,13465.0
2004-05-22 22:00:00,12424.0
2004-05-22 23:00:00,11305.0
2004-05-23 00:00:00,10340.0
2004-05-23 01:00:00,9760.0
2004-05-23 02:00:00,9438.0
2004-05-23 03:00:00,9277.0
2004-05-23 04:00:00,9256.0
2004-05-23 05:00:00,9331.0
2004-05-23 06:00:00,9611.0
2004-05-23 07:00:00,10473.0
2004-05-23 08:00:00,11658.0
2004-05-23 09:00:00,12604.0
2004-05-23 10:00:00,13180.0
2004-05-23 11:00:00,13516.0
2004-05-23 12:00:00,13658.0
2004-05-23 13:00:00,13673.0
2004-05-23 14:00:00,13661.0
2004-05-23 15:00:00,13723.0
2004-05-23 16:00:00,13956.0
2004-05-23 17:00:00,14198.0
2004-05-23 18:00:00,14316.0
2004-05-23 19:00:00,14437.0
2004-05-23 20:00:00,14812.0
2004-05-23 21:00:00,14104.0
2004-05-23 22:00:00,12663.0
2004-05-23 23:00:00,11344.0
2004-05-24 00:00:00,10366.0
2004-05-24 01:00:00,9888.0
2004-05-24 02:00:00,9657.0
2004-05-24 03:00:00,9595.0
2004-05-24 04:00:00,9833.0
2004-05-24 05:00:00,10780.0
2004-05-24 06:00:00,12758.0
2004-05-24 07:00:00,14558.0
2004-05-24 08:00:00,15286.0
2004-05-24 09:00:00,15693.0
2004-05-24 10:00:00,16003.0
2004-05-24 11:00:00,16100.0
2004-05-24 12:00:00,16049.0
2004-05-24 13:00:00,16081.0
2004-05-24 14:00:00,15990.0
2004-05-24 15:00:00,15879.0
2004-05-24 16:00:00,15891.0
2004-05-24 17:00:00,15914.0
2004-05-24 18:00:00,15831.0
2004-05-24 19:00:00,15800.0
2004-05-24 20:00:00,15864.0
2004-05-24 21:00:00,14786.0
2004-05-24 22:00:00,13106.0
2004-05-24 23:00:00,11680.0
2004-05-25 00:00:00,10664.0
2004-05-25 01:00:00,10153.0
2004-05-25 02:00:00,9897.0
2004-05-25 03:00:00,9842.0
2004-05-25 04:00:00,10075.0
2004-05-25 05:00:00,10945.0
2004-05-25 06:00:00,12966.0
2004-05-25 07:00:00,14676.0
2004-05-25 08:00:00,15347.0
2004-05-25 09:00:00,15714.0
2004-05-25 10:00:00,16027.0
2004-05-25 11:00:00,16160.0
2004-05-25 12:00:00,16141.0
2004-05-25 13:00:00,16153.0
2004-05-25 14:00:00,16035.0
2004-05-25 15:00:00,15941.0
2004-05-25 16:00:00,15967.0
2004-05-25 17:00:00,15913.0
2004-05-25 18:00:00,15724.0
2004-05-25 19:00:00,15718.0
2004-05-25 20:00:00,15807.0
2004-05-25 21:00:00,14952.0
2004-05-25 22:00:00,13281.0
2004-05-25 23:00:00,11707.0
2004-05-26 00:00:00,10737.0
2004-05-26 01:00:00,10185.0
2004-05-26 02:00:00,9921.0
2004-05-26 03:00:00,9841.0
2004-05-26 04:00:00,10084.0
2004-05-26 05:00:00,11031.0
2004-05-26 06:00:00,13024.0
2004-05-26 07:00:00,14757.0
2004-05-26 08:00:00,15387.0
2004-05-26 09:00:00,15697.0
2004-05-26 10:00:00,15886.0
2004-05-26 11:00:00,15968.0
2004-05-26 12:00:00,15899.0
2004-05-26 13:00:00,15876.0
2004-05-26 14:00:00,15724.0
2004-05-26 15:00:00,15630.0
2004-05-26 16:00:00,15693.0
2004-05-26 17:00:00,15701.0
2004-05-26 18:00:00,15572.0
2004-05-26 19:00:00,15603.0
2004-05-26 20:00:00,15769.0
2004-05-26 21:00:00,14912.0
2004-05-26 22:00:00,13281.0
2004-05-26 23:00:00,11767.0
2004-05-27 00:00:00,10766.0
2004-05-27 01:00:00,10277.0
2004-05-27 02:00:00,9964.0
2004-05-27 03:00:00,9888.0
2004-05-27 04:00:00,10110.0
2004-05-27 05:00:00,11009.0
2004-05-27 06:00:00,12920.0
2004-05-27 07:00:00,14613.0
2004-05-27 08:00:00,15222.0
2004-05-27 09:00:00,15588.0
2004-05-27 10:00:00,15829.0
2004-05-27 11:00:00,15945.0
2004-05-27 12:00:00,15961.0
2004-05-27 13:00:00,16122.0
2004-05-27 14:00:00,16096.0
2004-05-27 15:00:00,15997.0
2004-05-27 16:00:00,15920.0
2004-05-27 17:00:00,15721.0
2004-05-27 18:00:00,15395.0
2004-05-27 19:00:00,15214.0
2004-05-27 20:00:00,15740.0
2004-05-27 21:00:00,15273.0
2004-05-27 22:00:00,13627.0
2004-05-27 23:00:00,11960.0
2004-05-28 00:00:00,10911.0
2004-05-28 01:00:00,10273.0
2004-05-28 02:00:00,10020.0
2004-05-28 03:00:00,9903.0
2004-05-28 04:00:00,10069.0
2004-05-28 05:00:00,10973.0
2004-05-28 06:00:00,12868.0
2004-05-28 07:00:00,14659.0
2004-05-28 08:00:00,15475.0
2004-05-28 09:00:00,15930.0
2004-05-28 10:00:00,16225.0
2004-05-28 11:00:00,16315.0
2004-05-28 12:00:00,16187.0
2004-05-28 13:00:00,16087.0
2004-05-28 14:00:00,15823.0
2004-05-28 15:00:00,15608.0
2004-05-28 16:00:00,15552.0
2004-05-28 17:00:00,15370.0
2004-05-28 18:00:00,15104.0
2004-05-28 19:00:00,14777.0
2004-05-28 20:00:00,14917.0
2004-05-28 21:00:00,14479.0
2004-05-28 22:00:00,13231.0
2004-05-28 23:00:00,11826.0
2004-05-29 00:00:00,10707.0
2004-05-29 01:00:00,10094.0
2004-05-29 02:00:00,9692.0
2004-05-29 03:00:00,9507.0
2004-05-29 04:00:00,9507.0
2004-05-29 05:00:00,9548.0
2004-05-29 06:00:00,10189.0
2004-05-29 07:00:00,11308.0
2004-05-29 08:00:00,12445.0
2004-05-29 09:00:00,13133.0
2004-05-29 10:00:00,13396.0
2004-05-29 11:00:00,13328.0
2004-05-29 12:00:00,13163.0
2004-05-29 13:00:00,12913.0
2004-05-29 14:00:00,12671.0
2004-05-29 15:00:00,12526.0
2004-05-29 16:00:00,12568.0
2004-05-29 17:00:00,12695.0
2004-05-29 18:00:00,12724.0
2004-05-29 19:00:00,12743.0
2004-05-29 20:00:00,13179.0
2004-05-29 21:00:00,13130.0
2004-05-29 22:00:00,12149.0
2004-05-29 23:00:00,11023.0
2004-05-30 00:00:00,10107.0
2004-05-30 01:00:00,9620.0
2004-05-30 02:00:00,9295.0
2004-05-30 03:00:00,9142.0
2004-05-30 04:00:00,9144.0
2004-05-30 05:00:00,9073.0
2004-05-30 06:00:00,9459.0
2004-05-30 07:00:00,10295.0
2004-05-30 08:00:00,11368.0
2004-05-30 09:00:00,12183.0
2004-05-30 10:00:00,12560.0
2004-05-30 11:00:00,12676.0
2004-05-30 12:00:00,12608.0
2004-05-30 13:00:00,12401.0
2004-05-30 14:00:00,12202.0
2004-05-30 15:00:00,12112.0
2004-05-30 16:00:00,12192.0
2004-05-30 17:00:00,12370.0
2004-05-30 18:00:00,12395.0
2004-05-30 19:00:00,12387.0
2004-05-30 20:00:00,12857.0
2004-05-30 21:00:00,12821.0
2004-05-30 22:00:00,11898.0
2004-05-30 23:00:00,10839.0
2004-05-31 00:00:00,9972.0
2004-05-31 01:00:00,9417.0
2004-05-31 02:00:00,9142.0
2004-05-31 03:00:00,9020.0
2004-05-31 04:00:00,9065.0
2004-05-31 05:00:00,9088.0
2004-05-31 06:00:00,9602.0
2004-05-31 07:00:00,10545.0
2004-05-31 08:00:00,11666.0
2004-05-31 09:00:00,12614.0
2004-05-31 10:00:00,13075.0
2004-05-31 11:00:00,13256.0
2004-05-31 12:00:00,13250.0
2004-05-31 13:00:00,13055.0
2004-05-31 14:00:00,12833.0
2004-05-31 15:00:00,12753.0
2004-05-31 16:00:00,12904.0
2004-05-31 17:00:00,13210.0
2004-05-31 18:00:00,13359.0
2004-05-31 19:00:00,13620.0
2004-05-31 20:00:00,14061.0
2004-05-31 21:00:00,13492.0
2004-05-31 22:00:00,12053.0
2004-05-31 23:00:00,10742.0
2004-06-01 00:00:00,9912.0
2004-06-01 01:00:00,9440.0
2004-06-01 02:00:00,9256.0
2004-06-01 03:00:00,9220.0
2004-06-01 04:00:00,9498.0
2004-06-01 05:00:00,10455.0
2004-06-01 06:00:00,12463.0
2004-06-01 07:00:00,14242.0
2004-06-01 08:00:00,14997.0
2004-06-01 09:00:00,15408.0
2004-06-01 10:00:00,15728.0
2004-06-01 11:00:00,15763.0
2004-06-01 12:00:00,15728.0
2004-06-01 13:00:00,15705.0
2004-06-01 14:00:00,15558.0
2004-06-01 15:00:00,15512.0
2004-06-01 16:00:00,15678.0
2004-06-01 17:00:00,15809.0
2004-06-01 18:00:00,15713.0
2004-06-01 19:00:00,15672.0
2004-06-01 20:00:00,15690.0
2004-06-01 21:00:00,14737.0
2004-06-01 22:00:00,13108.0
2004-06-01 23:00:00,11567.0
2004-06-02 00:00:00,10649.0
2004-06-02 01:00:00,10122.0
2004-06-02 02:00:00,9864.0
2004-06-02 03:00:00,9801.0
2004-06-02 04:00:00,10029.0
2004-06-02 05:00:00,10910.0
2004-06-02 06:00:00,12934.0
2004-06-02 07:00:00,14714.0
2004-06-02 08:00:00,15399.0
2004-06-02 09:00:00,15809.0
2004-06-02 10:00:00,16182.0
2004-06-02 11:00:00,16400.0
2004-06-02 12:00:00,16465.0
2004-06-02 13:00:00,16581.0
2004-06-02 14:00:00,16491.0
2004-06-02 15:00:00,16408.0
2004-06-02 16:00:00,16408.0
2004-06-02 17:00:00,16296.0
2004-06-02 18:00:00,15943.0
2004-06-02 19:00:00,15716.0
2004-06-02 20:00:00,15956.0
2004-06-02 21:00:00,15333.0
2004-06-02 22:00:00,13661.0
2004-06-02 23:00:00,12044.0
2004-06-03 00:00:00,11007.0
2004-06-03 01:00:00,10399.0
2004-06-03 02:00:00,10081.0
2004-06-03 03:00:00,9966.0
2004-06-03 04:00:00,10167.0
2004-06-03 05:00:00,10969.0
2004-06-03 06:00:00,12968.0
2004-06-03 07:00:00,14674.0
2004-06-03 08:00:00,15314.0
2004-06-03 09:00:00,15692.0
2004-06-03 10:00:00,16115.0
2004-06-03 11:00:00,16257.0
2004-06-03 12:00:00,16323.0
2004-06-03 13:00:00,16388.0
2004-06-03 14:00:00,16329.0
2004-06-03 15:00:00,16134.0
2004-06-03 16:00:00,16086.0
2004-06-03 17:00:00,15913.0
2004-06-03 18:00:00,15584.0
2004-06-03 19:00:00,15419.0
2004-06-03 20:00:00,15658.0
2004-06-03 21:00:00,15170.0
2004-06-03 22:00:00,13513.0
2004-06-03 23:00:00,11925.0
2004-06-04 00:00:00,10843.0
2004-06-04 01:00:00,10230.0
2004-06-04 02:00:00,9934.0
2004-06-04 03:00:00,9825.0
2004-06-04 04:00:00,10024.0
2004-06-04 05:00:00,10743.0
2004-06-04 06:00:00,12736.0
2004-06-04 07:00:00,14476.0
2004-06-04 08:00:00,15225.0
2004-06-04 09:00:00,15597.0
2004-06-04 10:00:00,15928.0
2004-06-04 11:00:00,16042.0
2004-06-04 12:00:00,16015.0
2004-06-04 13:00:00,16099.0
2004-06-04 14:00:00,16016.0
2004-06-04 15:00:00,15913.0
2004-06-04 16:00:00,15785.0
2004-06-04 17:00:00,15393.0
2004-06-04 18:00:00,14881.0
2004-06-04 19:00:00,14559.0
2004-06-04 20:00:00,14856.0
2004-06-04 21:00:00,14645.0
2004-06-04 22:00:00,13367.0
2004-06-04 23:00:00,11927.0
2004-06-05 00:00:00,10847.0
2004-06-05 01:00:00,10178.0
2004-06-05 02:00:00,9826.0
2004-06-05 03:00:00,9646.0
2004-06-05 04:00:00,9644.0
2004-06-05 05:00:00,9805.0
2004-06-05 06:00:00,10503.0
2004-06-05 07:00:00,11677.0
2004-06-05 08:00:00,12922.0
2004-06-05 09:00:00,13715.0
2004-06-05 10:00:00,14077.0
2004-06-05 11:00:00,14099.0
2004-06-05 12:00:00,13958.0
2004-06-05 13:00:00,13741.0
2004-06-05 14:00:00,13527.0
2004-06-05 15:00:00,13396.0
2004-06-05 16:00:00,13390.0
2004-06-05 17:00:00,13392.0
2004-06-05 18:00:00,13290.0
2004-06-05 19:00:00,13324.0
2004-06-05 20:00:00,13699.0
2004-06-05 21:00:00,13491.0
2004-06-05 22:00:00,12474.0
2004-06-05 23:00:00,11352.0
2004-06-06 00:00:00,10356.0
2004-06-06 01:00:00,9778.0
2004-06-06 02:00:00,9450.0
2004-06-06 03:00:00,9278.0
2004-06-06 04:00:00,9250.0
2004-06-06 05:00:00,9268.0
2004-06-06 06:00:00,9634.0
2004-06-06 07:00:00,10513.0
2004-06-06 08:00:00,11656.0
2004-06-06 09:00:00,12616.0
2004-06-06 10:00:00,13239.0
2004-06-06 11:00:00,13540.0
2004-06-06 12:00:00,13585.0
2004-06-06 13:00:00,13411.0
2004-06-06 14:00:00,13224.0
2004-06-06 15:00:00,13153.0
2004-06-06 16:00:00,13322.0
2004-06-06 17:00:00,13570.0
2004-06-06 18:00:00,13730.0
2004-06-06 19:00:00,13868.0
2004-06-06 20:00:00,14183.0
2004-06-06 21:00:00,13498.0
2004-06-06 22:00:00,12267.0
2004-06-06 23:00:00,11012.0
2004-06-07 00:00:00,10115.0
2004-06-07 01:00:00,9694.0
2004-06-07 02:00:00,9518.0
2004-06-07 03:00:00,9487.0
2004-06-07 04:00:00,9755.0
2004-06-07 05:00:00,10683.0
2004-06-07 06:00:00,12656.0
2004-06-07 07:00:00,14427.0
2004-06-07 08:00:00,15172.0
2004-06-07 09:00:00,15586.0
2004-06-07 10:00:00,16006.0
2004-06-07 11:00:00,16231.0
2004-06-07 12:00:00,16301.0
2004-06-07 13:00:00,16437.0
2004-06-07 14:00:00,16486.0
2004-06-07 15:00:00,16590.0
2004-06-07 16:00:00,16658.0
2004-06-07 17:00:00,16514.0
2004-06-07 18:00:00,16178.0
2004-06-07 19:00:00,15933.0
2004-06-07 20:00:00,16337.0
2004-06-07 21:00:00,15927.0
2004-06-07 22:00:00,14236.0
2004-06-07 23:00:00,12600.0
2004-06-08 00:00:00,11390.0
2004-06-08 01:00:00,10740.0
2004-06-08 02:00:00,10426.0
2004-06-08 03:00:00,10305.0
2004-06-08 04:00:00,10478.0
2004-06-08 05:00:00,11289.0
2004-06-08 06:00:00,13326.0
2004-06-08 07:00:00,15199.0
2004-06-08 08:00:00,16250.0
2004-06-08 09:00:00,17079.0
2004-06-08 10:00:00,17928.0
2004-06-08 11:00:00,18589.0
2004-06-08 12:00:00,18976.0
2004-06-08 13:00:00,19415.0
2004-06-08 14:00:00,19601.0
2004-06-08 15:00:00,19786.0
2004-06-08 16:00:00,19902.0
2004-06-08 17:00:00,19644.0
2004-06-08 18:00:00,19158.0
2004-06-08 19:00:00,18698.0
2004-06-08 20:00:00,18807.0
2004-06-08 21:00:00,18351.0
2004-06-08 22:00:00,16352.0
2004-06-08 23:00:00,14379.0
2004-06-09 00:00:00,13003.0
2004-06-09 01:00:00,12203.0
2004-06-09 02:00:00,11728.0
2004-06-09 03:00:00,11504.0
2004-06-09 04:00:00,11640.0
2004-06-09 05:00:00,12394.0
2004-06-09 06:00:00,14562.0
2004-06-09 07:00:00,16742.0
2004-06-09 08:00:00,18072.0
2004-06-09 09:00:00,19232.0
2004-06-09 10:00:00,20264.0
2004-06-09 11:00:00,21066.0
2004-06-09 12:00:00,21590.0
2004-06-09 13:00:00,22102.0
2004-06-09 14:00:00,22387.0
2004-06-09 15:00:00,22566.0
2004-06-09 16:00:00,22621.0
2004-06-09 17:00:00,22207.0
2004-06-09 18:00:00,21584.0
2004-06-09 19:00:00,21048.0
2004-06-09 20:00:00,20974.0
2004-06-09 21:00:00,19772.0
2004-06-09 22:00:00,17564.0
2004-06-09 23:00:00,15571.0
2004-06-10 00:00:00,14150.0
2004-06-10 01:00:00,13364.0
2004-06-10 02:00:00,12820.0
2004-06-10 03:00:00,12545.0
2004-06-10 04:00:00,12621.0
2004-06-10 05:00:00,13355.0
2004-06-10 06:00:00,15218.0
2004-06-10 07:00:00,16843.0
2004-06-10 08:00:00,17403.0
2004-06-10 09:00:00,17648.0
2004-06-10 10:00:00,17771.0
2004-06-10 11:00:00,17692.0
2004-06-10 12:00:00,17466.0
2004-06-10 13:00:00,17346.0
2004-06-10 14:00:00,17168.0
2004-06-10 15:00:00,17034.0
2004-06-10 16:00:00,17051.0
2004-06-10 17:00:00,16808.0
2004-06-10 18:00:00,16340.0
2004-06-10 19:00:00,16124.0
2004-06-10 20:00:00,16318.0
2004-06-10 21:00:00,15958.0
2004-06-10 22:00:00,14259.0
2004-06-10 23:00:00,12567.0
2004-06-11 00:00:00,11402.0
2004-06-11 01:00:00,10697.0
2004-06-11 02:00:00,10327.0
2004-06-11 03:00:00,10183.0
2004-06-11 04:00:00,10316.0
2004-06-11 05:00:00,10956.0
2004-06-11 06:00:00,12802.0
2004-06-11 07:00:00,14524.0
2004-06-11 08:00:00,15423.0
2004-06-11 09:00:00,15900.0
2004-06-11 10:00:00,16242.0
2004-06-11 11:00:00,16353.0
2004-06-11 12:00:00,16303.0
2004-06-11 13:00:00,16363.0
2004-06-11 14:00:00,16273.0
2004-06-11 15:00:00,16178.0
2004-06-11 16:00:00,16098.0
2004-06-11 17:00:00,15737.0
2004-06-11 18:00:00,15245.0
2004-06-11 19:00:00,14837.0
2004-06-11 20:00:00,14889.0
2004-06-11 21:00:00,14715.0
2004-06-11 22:00:00,13463.0
2004-06-11 23:00:00,12149.0
2004-06-12 00:00:00,10999.0
2004-06-12 01:00:00,10284.0
2004-06-12 02:00:00,9910.0
2004-06-12 03:00:00,9721.0
2004-06-12 04:00:00,9721.0
2004-06-12 05:00:00,9810.0
2004-06-12 06:00:00,10518.0
2004-06-12 07:00:00,11782.0
2004-06-12 08:00:00,13130.0
2004-06-12 09:00:00,13962.0
2004-06-12 10:00:00,14344.0
2004-06-12 11:00:00,14365.0
2004-06-12 12:00:00,14222.0
2004-06-12 13:00:00,14037.0
2004-06-12 14:00:00,13878.0
2004-06-12 15:00:00,13837.0
2004-06-12 16:00:00,13906.0
2004-06-12 17:00:00,13973.0
2004-06-12 18:00:00,13881.0
2004-06-12 19:00:00,13718.0
2004-06-12 20:00:00,13899.0
2004-06-12 21:00:00,13887.0
2004-06-12 22:00:00,12854.0
2004-06-12 23:00:00,11681.0
2004-06-13 00:00:00,10647.0
2004-06-13 01:00:00,10031.0
2004-06-13 02:00:00,9662.0
2004-06-13 03:00:00,9469.0
2004-06-13 04:00:00,9416.0
2004-06-13 05:00:00,9347.0
2004-06-13 06:00:00,9782.0
2004-06-13 07:00:00,10674.0
2004-06-13 08:00:00,11951.0
2004-06-13 09:00:00,12951.0
2004-06-13 10:00:00,13555.0
2004-06-13 11:00:00,13910.0
2004-06-13 12:00:00,14027.0
2004-06-13 13:00:00,13914.0
2004-06-13 14:00:00,13795.0
2004-06-13 15:00:00,13791.0
2004-06-13 16:00:00,13961.0
2004-06-13 17:00:00,14065.0
2004-06-13 18:00:00,14004.0
2004-06-13 19:00:00,13980.0
2004-06-13 20:00:00,14388.0
2004-06-13 21:00:00,14252.0
2004-06-13 22:00:00,12956.0
2004-06-13 23:00:00,11630.0
2004-06-14 00:00:00,10662.0
2004-06-14 01:00:00,10170.0
2004-06-14 02:00:00,9940.0
2004-06-14 03:00:00,9904.0
2004-06-14 04:00:00,10180.0
2004-06-14 05:00:00,10980.0
2004-06-14 06:00:00,12995.0
2004-06-14 07:00:00,14873.0
2004-06-14 08:00:00,15891.0
2004-06-14 09:00:00,16438.0
2004-06-14 10:00:00,16952.0
2004-06-14 11:00:00,17219.0
2004-06-14 12:00:00,17227.0
2004-06-14 13:00:00,17282.0
2004-06-14 14:00:00,17192.0
2004-06-14 15:00:00,17167.0
2004-06-14 16:00:00,17243.0
2004-06-14 17:00:00,17197.0
2004-06-14 18:00:00,16933.0
2004-06-14 19:00:00,16717.0
2004-06-14 20:00:00,16853.0
2004-06-14 21:00:00,16322.0
2004-06-14 22:00:00,14634.0
2004-06-14 23:00:00,13012.0
2004-06-15 00:00:00,11900.0
2004-06-15 01:00:00,11326.0
2004-06-15 02:00:00,11013.0
2004-06-15 03:00:00,10891.0
2004-06-15 04:00:00,11119.0
2004-06-15 05:00:00,11990.0
2004-06-15 06:00:00,14065.0
2004-06-15 07:00:00,16094.0
2004-06-15 08:00:00,17327.0
2004-06-15 09:00:00,18293.0
2004-06-15 10:00:00,19111.0
2004-06-15 11:00:00,19631.0
2004-06-15 12:00:00,19932.0
2004-06-15 13:00:00,20401.0
2004-06-15 14:00:00,20697.0
2004-06-15 15:00:00,20956.0
2004-06-15 16:00:00,21079.0
2004-06-15 17:00:00,20846.0
2004-06-15 18:00:00,20361.0
2004-06-15 19:00:00,19852.0
2004-06-15 20:00:00,19813.0
2004-06-15 21:00:00,19401.0
2004-06-15 22:00:00,17434.0
2004-06-15 23:00:00,15370.0
2004-06-16 00:00:00,13928.0
2004-06-16 01:00:00,13013.0
2004-06-16 02:00:00,12479.0
2004-06-16 03:00:00,12196.0
2004-06-16 04:00:00,12242.0
2004-06-16 05:00:00,12815.0
2004-06-16 06:00:00,14834.0
2004-06-16 07:00:00,16848.0
2004-06-16 08:00:00,18014.0
2004-06-16 09:00:00,18857.0
2004-06-16 10:00:00,19570.0
2004-06-16 11:00:00,20072.0
2004-06-16 12:00:00,20321.0
2004-06-16 13:00:00,20693.0
2004-06-16 14:00:00,20953.0
2004-06-16 15:00:00,21171.0
2004-06-16 16:00:00,21258.0
2004-06-16 17:00:00,20910.0
2004-06-16 18:00:00,20235.0
2004-06-16 19:00:00,19590.0
2004-06-16 20:00:00,19526.0
2004-06-16 21:00:00,19054.0
2004-06-16 22:00:00,17053.0
2004-06-16 23:00:00,15058.0
2004-06-17 00:00:00,13668.0
2004-06-17 01:00:00,12827.0
2004-06-17 02:00:00,12383.0
2004-06-17 03:00:00,12148.0
2004-06-17 04:00:00,12283.0
2004-06-17 05:00:00,13063.0
2004-06-17 06:00:00,14898.0
2004-06-17 07:00:00,16855.0
2004-06-17 08:00:00,18058.0
2004-06-17 09:00:00,19012.0
2004-06-17 10:00:00,19860.0
2004-06-17 11:00:00,20472.0
2004-06-17 12:00:00,20832.0
2004-06-17 13:00:00,20995.0
2004-06-17 14:00:00,20936.0
2004-06-17 15:00:00,20837.0
2004-06-17 16:00:00,20605.0
2004-06-17 17:00:00,20105.0
2004-06-17 18:00:00,19580.0
2004-06-17 19:00:00,19245.0
2004-06-17 20:00:00,19291.0
2004-06-17 21:00:00,18559.0
2004-06-17 22:00:00,16677.0
2004-06-17 23:00:00,14850.0
2004-06-18 00:00:00,13571.0
2004-06-18 01:00:00,12764.0
2004-06-18 02:00:00,12334.0
2004-06-18 03:00:00,12106.0
2004-06-18 04:00:00,12261.0
2004-06-18 05:00:00,12995.0
2004-06-18 06:00:00,14843.0
2004-06-18 07:00:00,16731.0
2004-06-18 08:00:00,17856.0
2004-06-18 09:00:00,18517.0
2004-06-18 10:00:00,19036.0
2004-06-18 11:00:00,19318.0
2004-06-18 12:00:00,19290.0
2004-06-18 13:00:00,19301.0
2004-06-18 14:00:00,19178.0
2004-06-18 15:00:00,18968.0
2004-06-18 16:00:00,18731.0
2004-06-18 17:00:00,18269.0
2004-06-18 18:00:00,17673.0
2004-06-18 19:00:00,17237.0
2004-06-18 20:00:00,17250.0
2004-06-18 21:00:00,16813.0
2004-06-18 22:00:00,15452.0
2004-06-18 23:00:00,13904.0
2004-06-19 00:00:00,12629.0
2004-06-19 01:00:00,11850.0
2004-06-19 02:00:00,11393.0
2004-06-19 03:00:00,11159.0
2004-06-19 04:00:00,11110.0
2004-06-19 05:00:00,11265.0
2004-06-19 06:00:00,11922.0
2004-06-19 07:00:00,13136.0
2004-06-19 08:00:00,14560.0
2004-06-19 09:00:00,15647.0
2004-06-19 10:00:00,16347.0
2004-06-19 11:00:00,16728.0
2004-06-19 12:00:00,16766.0
2004-06-19 13:00:00,16698.0
2004-06-19 14:00:00,16619.0
2004-06-19 15:00:00,16549.0
2004-06-19 16:00:00,16490.0
2004-06-19 17:00:00,16371.0
2004-06-19 18:00:00,15967.0
2004-06-19 19:00:00,15429.0
2004-06-19 20:00:00,15220.0
2004-06-19 21:00:00,15023.0
2004-06-19 22:00:00,13844.0
2004-06-19 23:00:00,12448.0
2004-06-20 00:00:00,11277.0
2004-06-20 01:00:00,10564.0
2004-06-20 02:00:00,10086.0
2004-06-20 03:00:00,9840.0
2004-06-20 04:00:00,9731.0
2004-06-20 05:00:00,9568.0
2004-06-20 06:00:00,9995.0
2004-06-20 07:00:00,10912.0
2004-06-20 08:00:00,12108.0
2004-06-20 09:00:00,13010.0
2004-06-20 10:00:00,13468.0
2004-06-20 11:00:00,13720.0
2004-06-20 12:00:00,13746.0
2004-06-20 13:00:00,13629.0
2004-06-20 14:00:00,13520.0
2004-06-20 15:00:00,13544.0
2004-06-20 16:00:00,13675.0
2004-06-20 17:00:00,13843.0
2004-06-20 18:00:00,13799.0
2004-06-20 19:00:00,13776.0
2004-06-20 20:00:00,14168.0
2004-06-20 21:00:00,14234.0
2004-06-20 22:00:00,13002.0
2004-06-20 23:00:00,11725.0
2004-06-21 00:00:00,10727.0
2004-06-21 01:00:00,10218.0
2004-06-21 02:00:00,9968.0
2004-06-21 03:00:00,9892.0
2004-06-21 04:00:00,10127.0
2004-06-21 05:00:00,10802.0
2004-06-21 06:00:00,12585.0
2004-06-21 07:00:00,14474.0
2004-06-21 08:00:00,15654.0
2004-06-21 09:00:00,16445.0
2004-06-21 10:00:00,17031.0
2004-06-21 11:00:00,17332.0
2004-06-21 12:00:00,17394.0
2004-06-21 13:00:00,17547.0
2004-06-21 14:00:00,17573.0
2004-06-21 15:00:00,17574.0
2004-06-21 16:00:00,17549.0
2004-06-21 17:00:00,17330.0
2004-06-21 18:00:00,16830.0
2004-06-21 19:00:00,16388.0
2004-06-21 20:00:00,16416.0
2004-06-21 21:00:00,16138.0
2004-06-21 22:00:00,14540.0
2004-06-21 23:00:00,12869.0
2004-06-22 00:00:00,11704.0
2004-06-22 01:00:00,11092.0
2004-06-22 02:00:00,10746.0
2004-06-22 03:00:00,10608.0
2004-06-22 04:00:00,10819.0
2004-06-22 05:00:00,11552.0
2004-06-22 06:00:00,13299.0
2004-06-22 07:00:00,15175.0
2004-06-22 08:00:00,16248.0
2004-06-22 09:00:00,16993.0
2004-06-22 10:00:00,17573.0
2004-06-22 11:00:00,17855.0
2004-06-22 12:00:00,17898.0
2004-06-22 13:00:00,17902.0
2004-06-22 14:00:00,17794.0
2004-06-22 15:00:00,17688.0
2004-06-22 16:00:00,17668.0
2004-06-22 17:00:00,17610.0
2004-06-22 18:00:00,17301.0
2004-06-22 19:00:00,17045.0
2004-06-22 20:00:00,17154.0
2004-06-22 21:00:00,16788.0
2004-06-22 22:00:00,15264.0
2004-06-22 23:00:00,13638.0
2004-06-23 00:00:00,12475.0
2004-06-23 01:00:00,11782.0
2004-06-23 02:00:00,11385.0
2004-06-23 03:00:00,11182.0
2004-06-23 04:00:00,11314.0
2004-06-23 05:00:00,11976.0
2004-06-23 06:00:00,13597.0
2004-06-23 07:00:00,15503.0
2004-06-23 08:00:00,16696.0
2004-06-23 09:00:00,17496.0
2004-06-23 10:00:00,18132.0
2004-06-23 11:00:00,18490.0
2004-06-23 12:00:00,18637.0
2004-06-23 13:00:00,18862.0
2004-06-23 14:00:00,18992.0
2004-06-23 15:00:00,19051.0
2004-06-23 16:00:00,19092.0
2004-06-23 17:00:00,18825.0
2004-06-23 18:00:00,18327.0
2004-06-23 19:00:00,17754.0
2004-06-23 20:00:00,17600.0
2004-06-23 21:00:00,17252.0
2004-06-23 22:00:00,15555.0
2004-06-23 23:00:00,13691.0
2004-06-24 00:00:00,12358.0
2004-06-24 01:00:00,11557.0
2004-06-24 02:00:00,11107.0
2004-06-24 03:00:00,10884.0
2004-06-24 04:00:00,11016.0
2004-06-24 05:00:00,11543.0
2004-06-24 06:00:00,13250.0
2004-06-24 07:00:00,15140.0
2004-06-24 08:00:00,16439.0
2004-06-24 09:00:00,17340.0
2004-06-24 10:00:00,18102.0
2004-06-24 11:00:00,18617.0
2004-06-24 12:00:00,18833.0
2004-06-24 13:00:00,19096.0
2004-06-24 14:00:00,19134.0
2004-06-24 15:00:00,19131.0
2004-06-24 16:00:00,19041.0
2004-06-24 17:00:00,18689.0
2004-06-24 18:00:00,18091.0
2004-06-24 19:00:00,17478.0
2004-06-24 20:00:00,17448.0
2004-06-24 21:00:00,17120.0
2004-06-24 22:00:00,15503.0
2004-06-24 23:00:00,13774.0
2004-06-25 00:00:00,12534.0
2004-06-25 01:00:00,11800.0
2004-06-25 02:00:00,11387.0
2004-06-25 03:00:00,11234.0
2004-06-25 04:00:00,11376.0
2004-06-25 05:00:00,11978.0
2004-06-25 06:00:00,13595.0
2004-06-25 07:00:00,15436.0
2004-06-25 08:00:00,16681.0
2004-06-25 09:00:00,17392.0
2004-06-25 10:00:00,17909.0
2004-06-25 11:00:00,18215.0
2004-06-25 12:00:00,18374.0
2004-06-25 13:00:00,18518.0
2004-06-25 14:00:00,18513.0
2004-06-25 15:00:00,18402.0
2004-06-25 16:00:00,18175.0
2004-06-25 17:00:00,17824.0
2004-06-25 18:00:00,17365.0
2004-06-25 19:00:00,17034.0
2004-06-25 20:00:00,17002.0
2004-06-25 21:00:00,16473.0
2004-06-25 22:00:00,15168.0
2004-06-25 23:00:00,13626.0
2004-06-26 00:00:00,12430.0
2004-06-26 01:00:00,11762.0
2004-06-26 02:00:00,11280.0
2004-06-26 03:00:00,11067.0
2004-06-26 04:00:00,11059.0
2004-06-26 05:00:00,11213.0
2004-06-26 06:00:00,11830.0
2004-06-26 07:00:00,13065.0
2004-06-26 08:00:00,14506.0
2004-06-26 09:00:00,15529.0
2004-06-26 10:00:00,16118.0
2004-06-26 11:00:00,16297.0
2004-06-26 12:00:00,16194.0
2004-06-26 13:00:00,16017.0
2004-06-26 14:00:00,15852.0
2004-06-26 15:00:00,15784.0
2004-06-26 16:00:00,15782.0
2004-06-26 17:00:00,15723.0
2004-06-26 18:00:00,15379.0
2004-06-26 19:00:00,14889.0
2004-06-26 20:00:00,14799.0
2004-06-26 21:00:00,14650.0
2004-06-26 22:00:00,13568.0
2004-06-26 23:00:00,12285.0
2004-06-27 00:00:00,11204.0
2004-06-27 01:00:00,10481.0
2004-06-27 02:00:00,10098.0
2004-06-27 03:00:00,9835.0
2004-06-27 04:00:00,9761.0
2004-06-27 05:00:00,9647.0
2004-06-27 06:00:00,10067.0
2004-06-27 07:00:00,11019.0
2004-06-27 08:00:00,12256.0
2004-06-27 09:00:00,13231.0
2004-06-27 10:00:00,13798.0
2004-06-27 11:00:00,14123.0
2004-06-27 12:00:00,14226.0
2004-06-27 13:00:00,14167.0
2004-06-27 14:00:00,14072.0
2004-06-27 15:00:00,14110.0
2004-06-27 16:00:00,14300.0
2004-06-27 17:00:00,14497.0
2004-06-27 18:00:00,14455.0
2004-06-27 19:00:00,14357.0
2004-06-27 20:00:00,14598.0
2004-06-27 21:00:00,14621.0
2004-06-27 22:00:00,13419.0
2004-06-27 23:00:00,12068.0
2004-06-28 00:00:00,11113.0
2004-06-28 01:00:00,10513.0
2004-06-28 02:00:00,10240.0
2004-06-28 03:00:00,10167.0
2004-06-28 04:00:00,10390.0
2004-06-28 05:00:00,11018.0
2004-06-28 06:00:00,12669.0
2004-06-28 07:00:00,14487.0
2004-06-28 08:00:00,15793.0
2004-06-28 09:00:00,16638.0
2004-06-28 10:00:00,17259.0
2004-06-28 11:00:00,17602.0
2004-06-28 12:00:00,17710.0
2004-06-28 13:00:00,17798.0
2004-06-28 14:00:00,17693.0
2004-06-28 15:00:00,17425.0
2004-06-28 16:00:00,17286.0
2004-06-28 17:00:00,17094.0
2004-06-28 18:00:00,16686.0
2004-06-28 19:00:00,16364.0
2004-06-28 20:00:00,16498.0
2004-06-28 21:00:00,16120.0
2004-06-28 22:00:00,14545.0
2004-06-28 23:00:00,13002.0
2004-06-29 00:00:00,11876.0
2004-06-29 01:00:00,11206.0
2004-06-29 02:00:00,10876.0
2004-06-29 03:00:00,10742.0
2004-06-29 04:00:00,10920.0
2004-06-29 05:00:00,11664.0
2004-06-29 06:00:00,13204.0
2004-06-29 07:00:00,14948.0
2004-06-29 08:00:00,16090.0
2004-06-29 09:00:00,16731.0
2004-06-29 10:00:00,17278.0
2004-06-29 11:00:00,17558.0
2004-06-29 12:00:00,17649.0
2004-06-29 13:00:00,17864.0
2004-06-29 14:00:00,17906.0
2004-06-29 15:00:00,17826.0
2004-06-29 16:00:00,17827.0
2004-06-29 17:00:00,17600.0
2004-06-29 18:00:00,17155.0
2004-06-29 19:00:00,16696.0
2004-06-29 20:00:00,16757.0
2004-06-29 21:00:00,16408.0
2004-06-29 22:00:00,14803.0
2004-06-29 23:00:00,13182.0
2004-06-30 00:00:00,11980.0
2004-06-30 01:00:00,11321.0
2004-06-30 02:00:00,10971.0
2004-06-30 03:00:00,10801.0
2004-06-30 04:00:00,10944.0
2004-06-30 05:00:00,11586.0
2004-06-30 06:00:00,13201.0
2004-06-30 07:00:00,15091.0
2004-06-30 08:00:00,16410.0
2004-06-30 09:00:00,17239.0
2004-06-30 10:00:00,17798.0
2004-06-30 11:00:00,18172.0
2004-06-30 12:00:00,18331.0
2004-06-30 13:00:00,18521.0
2004-06-30 14:00:00,18567.0
2004-06-30 15:00:00,18602.0
2004-06-30 16:00:00,18612.0
2004-06-30 17:00:00,18401.0
2004-06-30 18:00:00,17874.0
2004-06-30 19:00:00,17393.0
2004-06-30 20:00:00,17459.0
2004-06-30 21:00:00,17097.0
2004-06-30 22:00:00,15458.0
2004-06-30 23:00:00,13679.0
2004-07-01 00:00:00,12395.0
2004-07-01 01:00:00,11677.0
2004-07-01 02:00:00,11248.0
2004-07-01 03:00:00,11009.0
2004-07-01 04:00:00,11145.0
2004-07-01 05:00:00,11766.0
2004-07-01 06:00:00,13370.0
2004-07-01 07:00:00,15292.0
2004-07-01 08:00:00,16661.0
2004-07-01 09:00:00,17746.0
2004-07-01 10:00:00,18665.0
2004-07-01 11:00:00,19293.0
2004-07-01 12:00:00,19644.0
2004-07-01 13:00:00,19867.0
2004-07-01 14:00:00,19753.0
2004-07-01 15:00:00,19652.0
2004-07-01 16:00:00,19510.0
2004-07-01 17:00:00,19178.0
2004-07-01 18:00:00,18679.0
2004-07-01 19:00:00,18152.0
2004-07-01 20:00:00,18211.0
2004-07-01 21:00:00,17869.0
2004-07-01 22:00:00,16267.0
2004-07-01 23:00:00,14570.0
2004-07-02 00:00:00,13218.0
2004-07-02 01:00:00,12410.0
2004-07-02 02:00:00,11964.0
2004-07-02 03:00:00,11703.0
2004-07-02 04:00:00,11643.0
2004-07-02 05:00:00,12224.0
2004-07-02 06:00:00,13584.0
2004-07-02 07:00:00,15409.0
2004-07-02 08:00:00,17010.0
2004-07-02 09:00:00,18231.0
2004-07-02 10:00:00,19169.0
2004-07-02 11:00:00,19783.0
2004-07-02 12:00:00,20064.0
2004-07-02 13:00:00,20152.0
2004-07-02 14:00:00,19864.0
2004-07-02 15:00:00,19549.0
2004-07-02 16:00:00,19265.0
2004-07-02 17:00:00,18952.0
2004-07-02 18:00:00,18380.0
2004-07-02 19:00:00,17724.0
2004-07-02 20:00:00,17457.0
2004-07-02 21:00:00,17041.0
2004-07-02 22:00:00,15646.0
2004-07-02 23:00:00,14006.0
2004-07-03 00:00:00,12594.0
2004-07-03 01:00:00,11742.0
2004-07-03 02:00:00,11164.0
2004-07-03 03:00:00,10800.0
2004-07-03 04:00:00,10658.0
2004-07-03 05:00:00,10583.0
2004-07-03 06:00:00,11187.0
2004-07-03 07:00:00,12458.0
2004-07-03 08:00:00,13967.0
2004-07-03 09:00:00,15086.0
2004-07-03 10:00:00,15721.0
2004-07-03 11:00:00,15984.0
2004-07-03 12:00:00,15992.0
2004-07-03 13:00:00,15930.0
2004-07-03 14:00:00,15897.0
2004-07-03 15:00:00,15957.0
2004-07-03 16:00:00,16083.0
2004-07-03 17:00:00,16120.0
2004-07-03 18:00:00,15938.0
2004-07-03 19:00:00,15577.0
2004-07-03 20:00:00,15497.0
2004-07-03 21:00:00,15330.0
2004-07-03 22:00:00,14332.0
2004-07-03 23:00:00,13119.0
2004-07-04 00:00:00,11906.0
2004-07-04 01:00:00,11163.0
2004-07-04 02:00:00,10629.0
2004-07-04 03:00:00,10320.0
2004-07-04 04:00:00,10177.0
2004-07-04 05:00:00,9979.0
2004-07-04 06:00:00,10299.0
2004-07-04 07:00:00,11364.0
2004-07-04 08:00:00,12718.0
2004-07-04 09:00:00,13916.0
2004-07-04 10:00:00,14822.0
2004-07-04 11:00:00,15391.0
2004-07-04 12:00:00,15621.0
2004-07-04 13:00:00,15647.0
2004-07-04 14:00:00,15602.0
2004-07-04 15:00:00,15618.0
2004-07-04 16:00:00,15687.0
2004-07-04 17:00:00,15655.0
2004-07-04 18:00:00,15258.0
2004-07-04 19:00:00,14757.0
2004-07-04 20:00:00,14707.0
2004-07-04 21:00:00,14507.0
2004-07-04 22:00:00,13879.0
2004-07-04 23:00:00,12977.0
2004-07-05 00:00:00,11966.0
2004-07-05 01:00:00,11231.0
2004-07-05 02:00:00,10837.0
2004-07-05 03:00:00,10651.0
2004-07-05 04:00:00,10678.0
2004-07-05 05:00:00,10851.0
2004-07-05 06:00:00,11395.0
2004-07-05 07:00:00,12247.0
2004-07-05 08:00:00,13439.0
2004-07-05 09:00:00,14580.0
2004-07-05 10:00:00,15426.0
2004-07-05 11:00:00,15906.0
2004-07-05 12:00:00,16020.0
2004-07-05 13:00:00,15940.0
2004-07-05 14:00:00,15911.0
2004-07-05 15:00:00,15959.0
2004-07-05 16:00:00,16247.0
2004-07-05 17:00:00,16561.0
2004-07-05 18:00:00,16563.0
2004-07-05 19:00:00,16523.0
2004-07-05 20:00:00,16659.0
2004-07-05 21:00:00,16237.0
2004-07-05 22:00:00,14817.0
2004-07-05 23:00:00,13384.0
2004-07-06 00:00:00,12309.0
2004-07-06 01:00:00,11657.0
2004-07-06 02:00:00,11290.0
2004-07-06 03:00:00,11115.0
2004-07-06 04:00:00,11255.0
2004-07-06 05:00:00,11882.0
2004-07-06 06:00:00,13441.0
2004-07-06 07:00:00,15397.0
2004-07-06 08:00:00,16781.0
2004-07-06 09:00:00,17673.0
2004-07-06 10:00:00,18400.0
2004-07-06 11:00:00,18870.0
2004-07-06 12:00:00,19048.0
2004-07-06 13:00:00,19142.0
2004-07-06 14:00:00,19139.0
2004-07-06 15:00:00,19091.0
2004-07-06 16:00:00,19016.0
2004-07-06 17:00:00,18755.0
2004-07-06 18:00:00,18280.0
2004-07-06 19:00:00,17895.0
2004-07-06 20:00:00,17804.0
2004-07-06 21:00:00,17364.0
2004-07-06 22:00:00,15643.0
2004-07-06 23:00:00,13918.0
2004-07-07 00:00:00,12574.0
2004-07-07 01:00:00,11811.0
2004-07-07 02:00:00,11375.0
2004-07-07 03:00:00,11158.0
2004-07-07 04:00:00,11263.0
2004-07-07 05:00:00,11776.0
2004-07-07 06:00:00,13350.0
2004-07-07 07:00:00,15273.0
2004-07-07 08:00:00,16622.0
2004-07-07 09:00:00,17550.0
2004-07-07 10:00:00,18340.0
2004-07-07 11:00:00,18807.0
2004-07-07 12:00:00,19075.0
2004-07-07 13:00:00,19415.0
2004-07-07 14:00:00,19637.0
2004-07-07 15:00:00,19750.0
2004-07-07 16:00:00,19809.0
2004-07-07 17:00:00,19538.0
2004-07-07 18:00:00,18890.0
2004-07-07 19:00:00,18239.0
2004-07-07 20:00:00,18180.0
2004-07-07 21:00:00,17749.0
2004-07-07 22:00:00,16031.0
2004-07-07 23:00:00,14288.0
2004-07-08 00:00:00,13041.0
2004-07-08 01:00:00,12234.0
2004-07-08 02:00:00,11815.0
2004-07-08 03:00:00,11631.0
2004-07-08 04:00:00,11753.0
2004-07-08 05:00:00,12476.0
2004-07-08 06:00:00,14029.0
2004-07-08 07:00:00,15773.0
2004-07-08 08:00:00,16923.0
2004-07-08 09:00:00,17711.0
2004-07-08 10:00:00,18323.0
2004-07-08 11:00:00,18721.0
2004-07-08 12:00:00,18909.0
2004-07-08 13:00:00,19107.0
2004-07-08 14:00:00,19212.0
2004-07-08 15:00:00,19304.0
2004-07-08 16:00:00,19441.0
2004-07-08 17:00:00,19332.0
2004-07-08 18:00:00,18987.0
2004-07-08 19:00:00,18605.0
2004-07-08 20:00:00,18548.0
2004-07-08 21:00:00,17915.0
2004-07-08 22:00:00,16189.0
2004-07-08 23:00:00,14433.0
2004-07-09 00:00:00,13115.0
2004-07-09 01:00:00,12264.0
2004-07-09 02:00:00,11799.0
2004-07-09 03:00:00,11524.0
2004-07-09 04:00:00,11617.0
2004-07-09 05:00:00,12230.0
2004-07-09 06:00:00,13623.0
2004-07-09 07:00:00,15442.0
2004-07-09 08:00:00,16752.0
2004-07-09 09:00:00,17645.0
2004-07-09 10:00:00,18256.0
2004-07-09 11:00:00,18491.0
2004-07-09 12:00:00,18450.0
2004-07-09 13:00:00,18387.0
2004-07-09 14:00:00,18269.0
2004-07-09 15:00:00,18093.0
2004-07-09 16:00:00,17974.0
2004-07-09 17:00:00,17684.0
2004-07-09 18:00:00,17148.0
2004-07-09 19:00:00,16566.0
2004-07-09 20:00:00,16491.0
2004-07-09 21:00:00,16280.0
2004-07-09 22:00:00,14965.0
2004-07-09 23:00:00,13420.0
2004-07-10 00:00:00,12191.0
2004-07-10 01:00:00,11370.0
2004-07-10 02:00:00,10878.0
2004-07-10 03:00:00,10596.0
2004-07-10 04:00:00,10522.0
2004-07-10 05:00:00,10564.0
2004-07-10 06:00:00,11207.0
2004-07-10 07:00:00,12488.0
2004-07-10 08:00:00,13945.0
2004-07-10 09:00:00,15103.0
2004-07-10 10:00:00,15901.0
2004-07-10 11:00:00,16283.0
2004-07-10 12:00:00,16375.0
2004-07-10 13:00:00,16359.0
2004-07-10 14:00:00,16306.0
2004-07-10 15:00:00,16369.0
2004-07-10 16:00:00,16506.0
2004-07-10 17:00:00,16582.0
2004-07-10 18:00:00,16422.0
2004-07-10 19:00:00,16086.0
2004-07-10 20:00:00,16152.0
2004-07-10 21:00:00,16067.0
2004-07-10 22:00:00,14935.0
2004-07-10 23:00:00,13610.0
2004-07-11 00:00:00,12454.0
2004-07-11 01:00:00,11686.0
2004-07-11 02:00:00,11139.0
2004-07-11 03:00:00,10814.0
2004-07-11 04:00:00,10676.0
2004-07-11 05:00:00,10554.0
2004-07-11 06:00:00,10878.0
2004-07-11 07:00:00,11854.0
2004-07-11 08:00:00,13130.0
2004-07-11 09:00:00,14250.0
2004-07-11 10:00:00,15031.0
2004-07-11 11:00:00,15536.0
2004-07-11 12:00:00,15814.0
2004-07-11 13:00:00,15881.0
2004-07-11 14:00:00,15888.0
2004-07-11 15:00:00,15977.0
2004-07-11 16:00:00,16151.0
2004-07-11 17:00:00,16269.0
2004-07-11 18:00:00,16058.0
2004-07-11 19:00:00,15732.0
2004-07-11 20:00:00,15979.0
2004-07-11 21:00:00,15804.0
2004-07-11 22:00:00,14460.0
2004-07-11 23:00:00,12996.0
2004-07-12 00:00:00,11931.0
2004-07-12 01:00:00,11302.0
2004-07-12 02:00:00,10965.0
2004-07-12 03:00:00,10835.0
2004-07-12 04:00:00,11051.0
2004-07-12 05:00:00,11797.0
2004-07-12 06:00:00,13299.0
2004-07-12 07:00:00,15188.0
2004-07-12 08:00:00,16460.0
2004-07-12 09:00:00,17273.0
2004-07-12 10:00:00,17942.0
2004-07-12 11:00:00,18192.0
2004-07-12 12:00:00,18287.0
2004-07-12 13:00:00,18378.0
2004-07-12 14:00:00,18273.0
2004-07-12 15:00:00,18093.0
2004-07-12 16:00:00,17908.0
2004-07-12 17:00:00,17626.0
2004-07-12 18:00:00,17202.0
2004-07-12 19:00:00,16878.0
2004-07-12 20:00:00,16957.0
2004-07-12 21:00:00,16405.0
2004-07-12 22:00:00,14828.0
2004-07-12 23:00:00,13267.0
2004-07-13 00:00:00,12132.0
2004-07-13 01:00:00,11469.0
2004-07-13 02:00:00,11097.0
2004-07-13 03:00:00,10929.0
2004-07-13 04:00:00,11102.0
2004-07-13 05:00:00,11866.0
2004-07-13 06:00:00,13338.0
2004-07-13 07:00:00,15071.0
2004-07-13 08:00:00,16164.0
2004-07-13 09:00:00,16779.0
2004-07-13 10:00:00,17227.0
2004-07-13 11:00:00,17402.0
2004-07-13 12:00:00,17386.0
2004-07-13 13:00:00,17379.0
2004-07-13 14:00:00,17155.0
2004-07-13 15:00:00,16974.0
2004-07-13 16:00:00,16912.0
2004-07-13 17:00:00,16870.0
2004-07-13 18:00:00,16625.0
2004-07-13 19:00:00,16342.0
2004-07-13 20:00:00,16288.0
2004-07-13 21:00:00,15663.0
2004-07-13 22:00:00,14203.0
2004-07-13 23:00:00,12780.0
2004-07-14 00:00:00,11703.0
2004-07-14 01:00:00,11077.0
2004-07-14 02:00:00,10762.0
2004-07-14 03:00:00,10634.0
2004-07-14 04:00:00,10869.0
2004-07-14 05:00:00,11601.0
2004-07-14 06:00:00,13151.0
2004-07-14 07:00:00,14881.0
2004-07-14 08:00:00,15953.0
2004-07-14 09:00:00,16652.0
2004-07-14 10:00:00,17114.0
2004-07-14 11:00:00,17345.0
2004-07-14 12:00:00,17408.0
2004-07-14 13:00:00,17556.0
2004-07-14 14:00:00,17510.0
2004-07-14 15:00:00,17411.0
2004-07-14 16:00:00,17388.0
2004-07-14 17:00:00,17238.0
2004-07-14 18:00:00,16984.0
2004-07-14 19:00:00,16732.0
2004-07-14 20:00:00,16822.0
2004-07-14 21:00:00,16214.0
2004-07-14 22:00:00,14705.0
2004-07-14 23:00:00,13173.0
2004-07-15 00:00:00,12031.0
2004-07-15 01:00:00,11380.0
2004-07-15 02:00:00,11057.0
2004-07-15 03:00:00,10911.0
2004-07-15 04:00:00,11084.0
2004-07-15 05:00:00,11868.0
2004-07-15 06:00:00,13388.0
2004-07-15 07:00:00,15182.0
2004-07-15 08:00:00,16308.0
2004-07-15 09:00:00,17101.0
2004-07-15 10:00:00,17715.0
2004-07-15 11:00:00,18061.0
2004-07-15 12:00:00,18215.0
2004-07-15 13:00:00,18431.0
2004-07-15 14:00:00,18566.0
2004-07-15 15:00:00,18580.0
2004-07-15 16:00:00,18534.0
2004-07-15 17:00:00,18344.0
2004-07-15 18:00:00,17918.0
2004-07-15 19:00:00,17486.0
2004-07-15 20:00:00,17509.0
2004-07-15 21:00:00,17116.0
2004-07-15 22:00:00,15560.0
2004-07-15 23:00:00,13880.0
2004-07-16 00:00:00,12544.0
2004-07-16 01:00:00,11787.0
2004-07-16 02:00:00,11342.0
2004-07-16 03:00:00,11145.0
2004-07-16 04:00:00,11287.0
2004-07-16 05:00:00,11933.0
2004-07-16 06:00:00,13378.0
2004-07-16 07:00:00,15266.0
2004-07-16 08:00:00,16657.0
2004-07-16 09:00:00,17645.0
2004-07-16 10:00:00,18296.0
2004-07-16 11:00:00,18613.0
2004-07-16 12:00:00,18648.0
2004-07-16 13:00:00,18688.0
2004-07-16 14:00:00,18589.0
2004-07-16 15:00:00,18489.0
2004-07-16 16:00:00,18405.0
2004-07-16 17:00:00,18128.0
2004-07-16 18:00:00,17674.0
2004-07-16 19:00:00,17134.0
2004-07-16 20:00:00,17168.0
2004-07-16 21:00:00,16938.0
2004-07-16 22:00:00,15608.0
2004-07-16 23:00:00,14106.0
2004-07-17 00:00:00,12862.0
2004-07-17 01:00:00,12074.0
2004-07-17 02:00:00,11582.0
2004-07-17 03:00:00,11278.0
2004-07-17 04:00:00,11200.0
2004-07-17 05:00:00,11276.0
2004-07-17 06:00:00,11926.0
2004-07-17 07:00:00,13314.0
2004-07-17 08:00:00,14971.0
2004-07-17 09:00:00,16296.0
2004-07-17 10:00:00,17172.0
2004-07-17 11:00:00,17604.0
2004-07-17 12:00:00,17758.0
2004-07-17 13:00:00,17773.0
2004-07-17 14:00:00,17786.0
2004-07-17 15:00:00,17867.0
2004-07-17 16:00:00,18027.0
2004-07-17 17:00:00,18062.0
2004-07-17 18:00:00,17726.0
2004-07-17 19:00:00,17323.0
2004-07-17 20:00:00,17415.0
2004-07-17 21:00:00,17137.0
2004-07-17 22:00:00,15959.0
2004-07-17 23:00:00,14497.0
2004-07-18 00:00:00,13288.0
2004-07-18 01:00:00,12362.0
2004-07-18 02:00:00,11781.0
2004-07-18 03:00:00,11457.0
2004-07-18 04:00:00,11308.0
2004-07-18 05:00:00,11216.0
2004-07-18 06:00:00,11478.0
2004-07-18 07:00:00,12434.0
2004-07-18 08:00:00,13786.0
2004-07-18 09:00:00,15071.0
2004-07-18 10:00:00,16087.0
2004-07-18 11:00:00,16776.0
2004-07-18 12:00:00,17167.0
2004-07-18 13:00:00,17286.0
2004-07-18 14:00:00,17256.0
2004-07-18 15:00:00,17238.0
2004-07-18 16:00:00,17289.0
2004-07-18 17:00:00,17305.0
2004-07-18 18:00:00,17131.0
2004-07-18 19:00:00,17057.0
2004-07-18 20:00:00,17364.0
2004-07-18 21:00:00,16853.0
2004-07-18 22:00:00,15484.0
2004-07-18 23:00:00,14001.0
2004-07-19 00:00:00,12907.0
2004-07-19 01:00:00,12262.0
2004-07-19 02:00:00,11924.0
2004-07-19 03:00:00,11772.0
2004-07-19 04:00:00,11967.0
2004-07-19 05:00:00,12821.0
2004-07-19 06:00:00,14367.0
2004-07-19 07:00:00,16228.0
2004-07-19 08:00:00,17393.0
2004-07-19 09:00:00,18194.0
2004-07-19 10:00:00,18793.0
2004-07-19 11:00:00,19030.0
2004-07-19 12:00:00,19108.0
2004-07-19 13:00:00,19201.0
2004-07-19 14:00:00,19178.0
2004-07-19 15:00:00,19209.0
2004-07-19 16:00:00,19336.0
2004-07-19 17:00:00,19325.0
2004-07-19 18:00:00,19021.0
2004-07-19 19:00:00,18613.0
2004-07-19 20:00:00,18711.0
2004-07-19 21:00:00,18191.0
2004-07-19 22:00:00,16455.0
2004-07-19 23:00:00,14727.0
2004-07-20 00:00:00,13408.0
2004-07-20 01:00:00,12683.0
2004-07-20 02:00:00,12270.0
2004-07-20 03:00:00,12069.0
2004-07-20 04:00:00,12219.0
2004-07-20 05:00:00,13044.0
2004-07-20 06:00:00,14627.0
2004-07-20 07:00:00,16594.0
2004-07-20 08:00:00,17956.0
2004-07-20 09:00:00,18994.0
2004-07-20 10:00:00,19925.0
2004-07-20 11:00:00,20606.0
2004-07-20 12:00:00,21041.0
2004-07-20 13:00:00,21453.0
2004-07-20 14:00:00,21596.0
2004-07-20 15:00:00,21704.0
2004-07-20 16:00:00,21822.0
2004-07-20 17:00:00,21648.0
2004-07-20 18:00:00,21080.0
2004-07-20 19:00:00,20421.0
2004-07-20 20:00:00,20332.0
2004-07-20 21:00:00,19710.0
2004-07-20 22:00:00,17716.0
2004-07-20 23:00:00,15684.0
2004-07-21 00:00:00,14119.0
2004-07-21 01:00:00,13247.0
2004-07-21 02:00:00,12648.0
2004-07-21 03:00:00,12345.0
2004-07-21 04:00:00,12417.0
2004-07-21 05:00:00,13048.0
2004-07-21 06:00:00,14549.0
2004-07-21 07:00:00,16498.0
2004-07-21 08:00:00,18021.0
2004-07-21 09:00:00,19195.0
2004-07-21 10:00:00,20255.0
2004-07-21 11:00:00,20962.0
2004-07-21 12:00:00,21432.0
2004-07-21 13:00:00,21878.0
2004-07-21 14:00:00,22100.0
2004-07-21 15:00:00,22191.0
2004-07-21 16:00:00,22231.0
2004-07-21 17:00:00,21960.0
2004-07-21 18:00:00,21309.0
2004-07-21 19:00:00,20602.0
2004-07-21 20:00:00,20523.0
2004-07-21 21:00:00,19880.0
2004-07-21 22:00:00,17880.0
2004-07-21 23:00:00,15921.0
2004-07-22 00:00:00,14374.0
2004-07-22 01:00:00,13471.0
2004-07-22 02:00:00,12919.0
2004-07-22 03:00:00,12630.0
2004-07-22 04:00:00,12717.0
2004-07-22 05:00:00,13411.0
2004-07-22 06:00:00,14923.0
2004-07-22 07:00:00,16911.0
2004-07-22 08:00:00,18479.0
2004-07-22 09:00:00,19754.0
2004-07-22 10:00:00,20906.0
2004-07-22 11:00:00,21698.0
2004-07-22 12:00:00,22119.0
2004-07-22 13:00:00,22580.0
2004-07-22 14:00:00,22779.0
2004-07-22 15:00:00,22797.0
2004-07-22 16:00:00,22714.0
2004-07-22 17:00:00,22298.0
2004-07-22 18:00:00,21546.0
2004-07-22 19:00:00,20789.0
2004-07-22 20:00:00,20681.0
2004-07-22 21:00:00,20010.0
2004-07-22 22:00:00,18093.0
2004-07-22 23:00:00,16161.0
2004-07-23 00:00:00,14719.0
2004-07-23 01:00:00,13893.0
2004-07-23 02:00:00,13419.0
2004-07-23 03:00:00,13197.0
2004-07-23 04:00:00,13311.0
2004-07-23 05:00:00,14134.0
2004-07-23 06:00:00,15666.0
2004-07-23 07:00:00,17554.0
2004-07-23 08:00:00,18990.0
2004-07-23 09:00:00,19944.0
2004-07-23 10:00:00,20780.0
2004-07-23 11:00:00,21355.0
2004-07-23 12:00:00,21642.0
2004-07-23 13:00:00,21819.0
2004-07-23 14:00:00,21744.0
2004-07-23 15:00:00,21528.0
2004-07-23 16:00:00,21121.0
2004-07-23 17:00:00,20493.0
2004-07-23 18:00:00,19767.0
2004-07-23 19:00:00,19249.0
2004-07-23 20:00:00,19244.0
2004-07-23 21:00:00,18667.0
2004-07-23 22:00:00,17235.0
2004-07-23 23:00:00,15652.0
2004-07-24 00:00:00,14442.0
2004-07-24 01:00:00,13602.0
2004-07-24 02:00:00,13075.0
2004-07-24 03:00:00,12770.0
2004-07-24 04:00:00,12691.0
2004-07-24 05:00:00,12861.0
2004-07-24 06:00:00,13329.0
2004-07-24 07:00:00,14303.0
2004-07-24 08:00:00,15461.0
2004-07-24 09:00:00,16318.0
2004-07-24 10:00:00,16727.0
2004-07-24 11:00:00,16739.0
2004-07-24 12:00:00,16523.0
2004-07-24 13:00:00,16223.0
2004-07-24 14:00:00,15884.0
2004-07-24 15:00:00,15667.0
2004-07-24 16:00:00,15566.0
2004-07-24 17:00:00,15505.0
2004-07-24 18:00:00,15354.0
2004-07-24 19:00:00,15116.0
2004-07-24 20:00:00,15350.0
2004-07-24 21:00:00,15094.0
2004-07-24 22:00:00,14024.0
2004-07-24 23:00:00,12805.0
2004-07-25 00:00:00,11741.0
2004-07-25 01:00:00,11060.0
2004-07-25 02:00:00,10655.0
2004-07-25 03:00:00,10428.0
2004-07-25 04:00:00,10334.0
2004-07-25 05:00:00,10354.0
2004-07-25 06:00:00,10570.0
2004-07-25 07:00:00,11349.0
2004-07-25 08:00:00,12458.0
2004-07-25 09:00:00,13464.0
2004-07-25 10:00:00,14079.0
2004-07-25 11:00:00,14503.0
2004-07-25 12:00:00,14682.0
2004-07-25 13:00:00,14716.0
2004-07-25 14:00:00,14684.0
2004-07-25 15:00:00,14696.0
2004-07-25 16:00:00,14825.0
2004-07-25 17:00:00,14914.0
2004-07-25 18:00:00,14837.0
2004-07-25 19:00:00,14726.0
2004-07-25 20:00:00,15143.0
2004-07-25 21:00:00,14903.0
2004-07-25 22:00:00,13707.0
2004-07-25 23:00:00,12407.0
2004-07-26 00:00:00,11381.0
2004-07-26 01:00:00,10794.0
2004-07-26 02:00:00,10491.0
2004-07-26 03:00:00,10411.0
2004-07-26 04:00:00,10665.0
2004-07-26 05:00:00,11466.0
2004-07-26 06:00:00,12903.0
2004-07-26 07:00:00,14689.0
2004-07-26 08:00:00,15973.0
2004-07-26 09:00:00,16886.0
2004-07-26 10:00:00,17601.0
2004-07-26 11:00:00,18018.0
2004-07-26 12:00:00,18236.0
2004-07-26 13:00:00,18491.0
2004-07-26 14:00:00,18518.0
2004-07-26 15:00:00,18480.0
2004-07-26 16:00:00,18413.0
2004-07-26 17:00:00,18116.0
2004-07-26 18:00:00,17610.0
2004-07-26 19:00:00,17219.0
2004-07-26 20:00:00,17384.0
2004-07-26 21:00:00,16695.0
2004-07-26 22:00:00,15014.0
2004-07-26 23:00:00,13416.0
2004-07-27 00:00:00,12239.0
2004-07-27 01:00:00,11575.0
2004-07-27 02:00:00,11205.0
2004-07-27 03:00:00,11044.0
2004-07-27 04:00:00,11222.0
2004-07-27 05:00:00,11986.0
2004-07-27 06:00:00,13447.0
2004-07-27 07:00:00,15196.0
2004-07-27 08:00:00,16312.0
2004-07-27 09:00:00,17067.0
2004-07-27 10:00:00,17606.0
2004-07-27 11:00:00,17869.0
2004-07-27 12:00:00,17894.0
2004-07-27 13:00:00,17981.0
2004-07-27 14:00:00,17800.0
2004-07-27 15:00:00,17594.0
2004-07-27 16:00:00,17507.0
2004-07-27 17:00:00,17345.0
2004-07-27 18:00:00,17145.0
2004-07-27 19:00:00,17011.0
2004-07-27 20:00:00,17036.0
2004-07-27 21:00:00,16192.0
2004-07-27 22:00:00,14638.0
2004-07-27 23:00:00,13174.0
2004-07-28 00:00:00,12064.0
2004-07-28 01:00:00,11434.0
2004-07-28 02:00:00,11094.0
2004-07-28 03:00:00,10970.0
2004-07-28 04:00:00,11121.0
2004-07-28 05:00:00,11906.0
2004-07-28 06:00:00,13363.0
2004-07-28 07:00:00,15020.0
2004-07-28 08:00:00,16072.0
2004-07-28 09:00:00,16745.0
2004-07-28 10:00:00,17151.0
2004-07-28 11:00:00,17371.0
2004-07-28 12:00:00,17384.0
2004-07-28 13:00:00,17423.0
2004-07-28 14:00:00,17327.0
2004-07-28 15:00:00,17211.0
2004-07-28 16:00:00,17201.0
2004-07-28 17:00:00,17156.0
2004-07-28 18:00:00,16913.0
2004-07-28 19:00:00,16795.0
2004-07-28 20:00:00,16990.0
2004-07-28 21:00:00,16356.0
2004-07-28 22:00:00,14859.0
2004-07-28 23:00:00,13374.0
2004-07-29 00:00:00,12252.0
2004-07-29 01:00:00,11624.0
2004-07-29 02:00:00,11292.0
2004-07-29 03:00:00,11157.0
2004-07-29 04:00:00,11340.0
2004-07-29 05:00:00,12146.0
2004-07-29 06:00:00,13693.0
2004-07-29 07:00:00,15564.0
2004-07-29 08:00:00,16881.0
2004-07-29 09:00:00,17881.0
2004-07-29 10:00:00,18667.0
2004-07-29 11:00:00,19233.0
2004-07-29 12:00:00,19578.0
2004-07-29 13:00:00,20011.0
2004-07-29 14:00:00,20231.0
2004-07-29 15:00:00,20335.0
2004-07-29 16:00:00,20480.0
2004-07-29 17:00:00,20359.0
2004-07-29 18:00:00,19898.0
2004-07-29 19:00:00,19332.0
2004-07-29 20:00:00,19460.0
2004-07-29 21:00:00,18776.0
2004-07-29 22:00:00,16959.0
2004-07-29 23:00:00,15177.0
2004-07-30 00:00:00,13746.0
2004-07-30 01:00:00,12800.0
2004-07-30 02:00:00,12256.0
2004-07-30 03:00:00,11966.0
2004-07-30 04:00:00,12019.0
2004-07-30 05:00:00,12655.0
2004-07-30 06:00:00,14093.0
2004-07-30 07:00:00,16064.0
2004-07-30 08:00:00,17701.0
2004-07-30 09:00:00,18937.0
2004-07-30 10:00:00,19954.0
2004-07-30 11:00:00,20617.0
2004-07-30 12:00:00,20948.0
2004-07-30 13:00:00,21278.0
2004-07-30 14:00:00,21378.0
2004-07-30 15:00:00,21403.0
2004-07-30 16:00:00,21353.0
2004-07-30 17:00:00,20992.0
2004-07-30 18:00:00,20341.0
2004-07-30 19:00:00,19802.0
2004-07-30 20:00:00,19954.0
2004-07-30 21:00:00,19365.0
2004-07-30 22:00:00,17840.0
2004-07-30 23:00:00,16210.0
2004-07-31 00:00:00,14813.0
2004-07-31 01:00:00,13961.0
2004-07-31 02:00:00,13348.0
2004-07-31 03:00:00,13020.0
2004-07-31 04:00:00,12924.0
2004-07-31 05:00:00,13090.0
2004-07-31 06:00:00,13658.0
2004-07-31 07:00:00,15059.0
2004-07-31 08:00:00,16845.0
2004-07-31 09:00:00,18281.0
2004-07-31 10:00:00,19277.0
2004-07-31 11:00:00,19829.0
2004-07-31 12:00:00,20033.0
2004-07-31 13:00:00,20088.0
2004-07-31 14:00:00,20116.0
2004-07-31 15:00:00,20150.0
2004-07-31 16:00:00,20209.0
2004-07-31 17:00:00,20127.0
2004-07-31 18:00:00,19712.0
2004-07-31 19:00:00,19252.0
2004-07-31 20:00:00,19451.0
2004-07-31 21:00:00,19045.0
2004-07-31 22:00:00,17790.0
2004-07-31 23:00:00,16343.0
2004-08-01 00:00:00,15123.0
2004-08-01 01:00:00,14328.0
2004-08-01 02:00:00,13808.0
2004-08-01 03:00:00,13500.0
2004-08-01 04:00:00,13354.0
2004-08-01 05:00:00,13363.0
2004-08-01 06:00:00,13629.0
2004-08-01 07:00:00,14550.0
2004-08-01 08:00:00,15800.0
2004-08-01 09:00:00,17059.0
2004-08-01 10:00:00,18007.0
2004-08-01 11:00:00,18601.0
2004-08-01 12:00:00,18817.0
2004-08-01 13:00:00,18760.0
2004-08-01 14:00:00,18667.0
2004-08-01 15:00:00,18691.0
2004-08-01 16:00:00,18930.0
2004-08-01 17:00:00,19184.0
2004-08-01 18:00:00,19046.0
2004-08-01 19:00:00,18697.0
2004-08-01 20:00:00,19056.0
2004-08-01 21:00:00,18563.0
2004-08-01 22:00:00,17027.0
2004-08-01 23:00:00,15400.0
2004-08-02 00:00:00,14165.0
2004-08-02 01:00:00,13406.0
2004-08-02 02:00:00,12999.0
2004-08-02 03:00:00,12849.0
2004-08-02 04:00:00,13071.0
2004-08-02 05:00:00,13889.0
2004-08-02 06:00:00,15425.0
2004-08-02 07:00:00,17470.0
2004-08-02 08:00:00,19044.0
2004-08-02 09:00:00,20267.0
2004-08-02 10:00:00,21232.0
2004-08-02 11:00:00,21885.0
2004-08-02 12:00:00,22238.0
2004-08-02 13:00:00,22543.0
2004-08-02 14:00:00,22728.0
2004-08-02 15:00:00,22758.0
2004-08-02 16:00:00,22732.0
2004-08-02 17:00:00,22438.0
2004-08-02 18:00:00,21771.0
2004-08-02 19:00:00,21062.0
2004-08-02 20:00:00,21093.0
2004-08-02 21:00:00,20189.0
2004-08-02 22:00:00,18106.0
2004-08-02 23:00:00,16150.0
2004-08-03 00:00:00,14653.0
2004-08-03 01:00:00,13823.0
2004-08-03 02:00:00,13328.0
2004-08-03 03:00:00,13074.0
2004-08-03 04:00:00,13166.0
2004-08-03 05:00:00,13922.0
2004-08-03 06:00:00,15398.0
2004-08-03 07:00:00,17357.0
2004-08-03 08:00:00,18906.0
2004-08-03 09:00:00,20182.0
2004-08-03 10:00:00,21295.0
2004-08-03 11:00:00,22071.0
2004-08-03 12:00:00,22566.0
2004-08-03 13:00:00,23063.0
2004-08-03 14:00:00,23318.0
2004-08-03 15:00:00,23367.0
2004-08-03 16:00:00,23339.0
2004-08-03 17:00:00,22960.0
2004-08-03 18:00:00,22252.0
2004-08-03 19:00:00,21602.0
2004-08-03 20:00:00,21636.0
2004-08-03 21:00:00,20713.0
2004-08-03 22:00:00,18619.0
2004-08-03 23:00:00,16590.0
2004-08-04 00:00:00,15111.0
2004-08-04 01:00:00,14231.0
2004-08-04 02:00:00,13699.0
2004-08-04 03:00:00,13439.0
2004-08-04 04:00:00,13537.0
2004-08-04 05:00:00,14260.0
2004-08-04 06:00:00,15709.0
2004-08-04 07:00:00,17592.0
2004-08-04 08:00:00,18974.0
2004-08-04 09:00:00,19982.0
2004-08-04 10:00:00,20818.0
2004-08-04 11:00:00,21333.0
2004-08-04 12:00:00,21586.0
2004-08-04 13:00:00,21865.0
2004-08-04 14:00:00,21961.0
2004-08-04 15:00:00,21941.0
2004-08-04 16:00:00,21856.0
2004-08-04 17:00:00,21371.0
2004-08-04 18:00:00,20587.0
2004-08-04 19:00:00,20049.0
2004-08-04 20:00:00,20163.0
2004-08-04 21:00:00,19244.0
2004-08-04 22:00:00,17369.0
2004-08-04 23:00:00,15474.0
2004-08-05 00:00:00,14057.0
2004-08-05 01:00:00,13127.0
2004-08-05 02:00:00,12548.0
2004-08-05 03:00:00,12273.0
2004-08-05 04:00:00,12296.0
2004-08-05 05:00:00,12982.0
2004-08-05 06:00:00,14314.0
2004-08-05 07:00:00,15764.0
2004-08-05 08:00:00,16674.0
2004-08-05 09:00:00,17276.0
2004-08-05 10:00:00,17716.0
2004-08-05 11:00:00,17933.0
2004-08-05 12:00:00,18012.0
2004-08-05 13:00:00,18261.0
2004-08-05 14:00:00,18373.0
2004-08-05 15:00:00,18381.0
2004-08-05 16:00:00,18347.0
2004-08-05 17:00:00,18016.0
2004-08-05 18:00:00,17513.0
2004-08-05 19:00:00,17227.0
2004-08-05 20:00:00,17405.0
2004-08-05 21:00:00,16650.0
2004-08-05 22:00:00,15058.0
2004-08-05 23:00:00,13487.0
2004-08-06 00:00:00,12309.0
2004-08-06 01:00:00,11565.0
2004-08-06 02:00:00,11126.0
2004-08-06 03:00:00,10928.0
2004-08-06 04:00:00,11029.0
2004-08-06 05:00:00,11753.0
2004-08-06 06:00:00,13038.0
2004-08-06 07:00:00,14625.0
2004-08-06 08:00:00,15708.0
2004-08-06 09:00:00,16404.0
2004-08-06 10:00:00,16863.0
2004-08-06 11:00:00,17042.0
2004-08-06 12:00:00,17068.0
2004-08-06 13:00:00,17159.0
2004-08-06 14:00:00,17052.0
2004-08-06 15:00:00,16869.0
2004-08-06 16:00:00,16728.0
2004-08-06 17:00:00,16396.0
2004-08-06 18:00:00,15915.0
2004-08-06 19:00:00,15514.0
2004-08-06 20:00:00,15820.0
2004-08-06 21:00:00,15258.0
2004-08-06 22:00:00,13964.0
2004-08-06 23:00:00,12564.0
2004-08-07 00:00:00,11440.0
2004-08-07 01:00:00,10763.0
2004-08-07 02:00:00,10348.0
2004-08-07 03:00:00,10135.0
2004-08-07 04:00:00,10114.0
2004-08-07 05:00:00,10301.0
2004-08-07 06:00:00,10748.0
2004-08-07 07:00:00,11868.0
2004-08-07 08:00:00,13211.0
2004-08-07 09:00:00,14262.0
2004-08-07 10:00:00,14831.0
2004-08-07 11:00:00,14998.0
2004-08-07 12:00:00,14876.0
2004-08-07 13:00:00,14650.0
2004-08-07 14:00:00,14399.0
2004-08-07 15:00:00,14260.0
2004-08-07 16:00:00,14261.0
2004-08-07 17:00:00,14310.0
2004-08-07 18:00:00,14204.0
2004-08-07 19:00:00,14111.0
2004-08-07 20:00:00,14569.0
2004-08-07 21:00:00,14136.0
2004-08-07 22:00:00,13078.0
2004-08-07 23:00:00,11913.0
2004-08-08 00:00:00,10967.0
2004-08-08 01:00:00,10333.0
2004-08-08 02:00:00,9963.0
2004-08-08 03:00:00,9754.0
2004-08-08 04:00:00,9720.0
2004-08-08 05:00:00,9773.0
2004-08-08 06:00:00,9984.0
2004-08-08 07:00:00,10867.0
2004-08-08 08:00:00,12097.0
2004-08-08 09:00:00,13121.0
2004-08-08 10:00:00,13748.0
2004-08-08 11:00:00,14154.0
2004-08-08 12:00:00,14308.0
2004-08-08 13:00:00,14274.0
2004-08-08 14:00:00,14181.0
2004-08-08 15:00:00,14180.0
2004-08-08 16:00:00,14324.0
2004-08-08 17:00:00,14525.0
2004-08-08 18:00:00,14499.0
2004-08-08 19:00:00,14457.0
2004-08-08 20:00:00,15011.0
2004-08-08 21:00:00,14539.0
2004-08-08 22:00:00,13335.0
2004-08-08 23:00:00,12097.0
2004-08-09 00:00:00,11220.0
2004-08-09 01:00:00,10681.0
2004-08-09 02:00:00,10383.0
2004-08-09 03:00:00,10272.0
2004-08-09 04:00:00,10474.0
2004-08-09 05:00:00,11253.0
2004-08-09 06:00:00,12593.0
2004-08-09 07:00:00,14404.0
2004-08-09 08:00:00,15784.0
2004-08-09 09:00:00,16733.0
2004-08-09 10:00:00,17475.0
2004-08-09 11:00:00,17900.0
2004-08-09 12:00:00,18113.0
2004-08-09 13:00:00,18400.0
2004-08-09 14:00:00,18517.0
2004-08-09 15:00:00,18590.0
2004-08-09 16:00:00,18687.0
2004-08-09 17:00:00,18596.0
2004-08-09 18:00:00,18202.0
2004-08-09 19:00:00,17762.0
2004-08-09 20:00:00,18066.0
2004-08-09 21:00:00,17211.0
2004-08-09 22:00:00,15456.0
2004-08-09 23:00:00,13779.0
2004-08-10 00:00:00,12533.0
2004-08-10 01:00:00,11826.0
2004-08-10 02:00:00,11431.0
2004-08-10 03:00:00,11246.0
2004-08-10 04:00:00,11391.0
2004-08-10 05:00:00,12120.0
2004-08-10 06:00:00,13485.0
2004-08-10 07:00:00,15339.0
2004-08-10 08:00:00,16827.0
2004-08-10 09:00:00,17900.0
2004-08-10 10:00:00,18867.0
2004-08-10 11:00:00,19488.0
2004-08-10 12:00:00,19853.0
2004-08-10 13:00:00,20254.0
2004-08-10 14:00:00,20441.0
2004-08-10 15:00:00,20487.0
2004-08-10 16:00:00,20478.0
2004-08-10 17:00:00,20160.0
2004-08-10 18:00:00,19492.0
2004-08-10 19:00:00,19019.0
2004-08-10 20:00:00,19280.0
2004-08-10 21:00:00,18340.0
2004-08-10 22:00:00,16573.0
2004-08-10 23:00:00,14861.0
2004-08-11 00:00:00,13586.0
2004-08-11 01:00:00,12854.0
2004-08-11 02:00:00,12460.0
2004-08-11 03:00:00,12292.0
2004-08-11 04:00:00,12466.0
2004-08-11 05:00:00,13337.0
2004-08-11 06:00:00,14886.0
2004-08-11 07:00:00,16723.0
2004-08-11 08:00:00,17966.0
2004-08-11 09:00:00,18819.0
2004-08-11 10:00:00,19468.0
2004-08-11 11:00:00,19886.0
2004-08-11 12:00:00,20262.0
2004-08-11 13:00:00,20713.0
2004-08-11 14:00:00,20803.0
2004-08-11 15:00:00,20603.0
2004-08-11 16:00:00,20234.0
2004-08-11 17:00:00,19766.0
2004-08-11 18:00:00,19255.0
2004-08-11 19:00:00,18918.0
2004-08-11 20:00:00,19111.0
2004-08-11 21:00:00,18251.0
2004-08-11 22:00:00,16552.0
2004-08-11 23:00:00,14847.0
2004-08-12 00:00:00,13612.0
2004-08-12 01:00:00,12894.0
2004-08-12 02:00:00,12498.0
2004-08-12 03:00:00,12332.0
2004-08-12 04:00:00,12488.0
2004-08-12 05:00:00,13377.0
2004-08-12 06:00:00,14921.0
2004-08-12 07:00:00,16789.0
2004-08-12 08:00:00,18186.0
2004-08-12 09:00:00,19228.0
2004-08-12 10:00:00,20045.0
2004-08-12 11:00:00,20584.0
2004-08-12 12:00:00,20921.0
2004-08-12 13:00:00,21283.0
2004-08-12 14:00:00,21356.0
2004-08-12 15:00:00,21336.0
2004-08-12 16:00:00,21216.0
2004-08-12 17:00:00,20798.0
2004-08-12 18:00:00,20180.0
2004-08-12 19:00:00,19922.0
2004-08-12 20:00:00,20136.0
2004-08-12 21:00:00,19235.0
2004-08-12 22:00:00,17491.0
2004-08-12 23:00:00,15760.0
2004-08-13 00:00:00,14456.0
2004-08-13 01:00:00,13732.0
2004-08-13 02:00:00,13248.0
2004-08-13 03:00:00,13002.0
2004-08-13 04:00:00,13142.0
2004-08-13 05:00:00,13992.0
2004-08-13 06:00:00,15482.0
2004-08-13 07:00:00,17257.0
2004-08-13 08:00:00,18618.0
2004-08-13 09:00:00,19627.0
2004-08-13 10:00:00,20389.0
2004-08-13 11:00:00,20832.0
2004-08-13 12:00:00,20851.0
2004-08-13 13:00:00,20847.0
2004-08-13 14:00:00,20662.0
2004-08-13 15:00:00,20354.0
2004-08-13 16:00:00,20106.0
2004-08-13 17:00:00,19762.0
2004-08-13 18:00:00,19243.0
2004-08-13 19:00:00,18946.0
2004-08-13 20:00:00,19049.0
2004-08-13 21:00:00,18189.0
2004-08-13 22:00:00,16752.0
2004-08-13 23:00:00,15230.0
2004-08-14 00:00:00,13975.0
2004-08-14 01:00:00,13134.0
2004-08-14 02:00:00,12601.0
2004-08-14 03:00:00,12260.0
2004-08-14 04:00:00,12122.0
2004-08-14 05:00:00,12284.0
2004-08-14 06:00:00,12709.0
2004-08-14 07:00:00,13994.0
2004-08-14 08:00:00,15597.0
2004-08-14 09:00:00,16843.0
2004-08-14 10:00:00,17612.0
2004-08-14 11:00:00,17963.0
2004-08-14 12:00:00,18064.0
2004-08-14 13:00:00,18021.0
2004-08-14 14:00:00,17865.0
2004-08-14 15:00:00,17743.0
2004-08-14 16:00:00,17648.0
2004-08-14 17:00:00,17452.0
2004-08-14 18:00:00,17246.0
2004-08-14 19:00:00,17255.0
2004-08-14 20:00:00,17563.0
2004-08-14 21:00:00,16948.0
2004-08-14 22:00:00,15770.0
2004-08-14 23:00:00,14435.0
2004-08-15 00:00:00,13276.0
2004-08-15 01:00:00,12522.0
2004-08-15 02:00:00,12032.0
2004-08-15 03:00:00,11652.0
2004-08-15 04:00:00,11469.0
2004-08-15 05:00:00,11491.0
2004-08-15 06:00:00,11694.0
2004-08-15 07:00:00,12272.0
2004-08-15 08:00:00,13329.0
2004-08-15 09:00:00,14364.0
2004-08-15 10:00:00,15124.0
2004-08-15 11:00:00,15558.0
2004-08-15 12:00:00,15670.0
2004-08-15 13:00:00,15544.0
2004-08-15 14:00:00,15324.0
2004-08-15 15:00:00,15197.0
2004-08-15 16:00:00,15218.0
2004-08-15 17:00:00,15439.0
2004-08-15 18:00:00,15454.0
2004-08-15 19:00:00,15638.0
2004-08-15 20:00:00,15818.0
2004-08-15 21:00:00,15085.0
2004-08-15 22:00:00,13895.0
2004-08-15 23:00:00,12679.0
2004-08-16 00:00:00,11750.0
2004-08-16 01:00:00,11172.0
2004-08-16 02:00:00,10893.0
2004-08-16 03:00:00,10808.0
2004-08-16 04:00:00,11045.0
2004-08-16 05:00:00,11958.0
2004-08-16 06:00:00,13484.0
2004-08-16 07:00:00,15138.0
2004-08-16 08:00:00,16356.0
2004-08-16 09:00:00,17138.0
2004-08-16 10:00:00,17661.0
2004-08-16 11:00:00,17845.0
2004-08-16 12:00:00,17815.0
2004-08-16 13:00:00,17774.0
2004-08-16 14:00:00,17554.0
2004-08-16 15:00:00,17358.0
2004-08-16 16:00:00,17320.0
2004-08-16 17:00:00,17258.0
2004-08-16 18:00:00,17127.0
2004-08-16 19:00:00,17094.0
2004-08-16 20:00:00,17016.0
2004-08-16 21:00:00,15982.0
2004-08-16 22:00:00,14448.0
2004-08-16 23:00:00,12973.0
2004-08-17 00:00:00,11895.0
2004-08-17 01:00:00,11230.0
2004-08-17 02:00:00,10861.0
2004-08-17 03:00:00,10709.0
2004-08-17 04:00:00,10902.0
2004-08-17 05:00:00,11716.0
2004-08-17 06:00:00,13064.0
2004-08-17 07:00:00,14763.0
2004-08-17 08:00:00,15876.0
2004-08-17 09:00:00,16680.0
2004-08-17 10:00:00,17275.0
2004-08-17 11:00:00,17654.0
2004-08-17 12:00:00,17886.0
2004-08-17 13:00:00,18136.0
2004-08-17 14:00:00,18202.0
2004-08-17 15:00:00,18188.0
2004-08-17 16:00:00,18128.0
2004-08-17 17:00:00,17894.0
2004-08-17 18:00:00,17439.0
2004-08-17 19:00:00,17199.0
2004-08-17 20:00:00,17615.0
2004-08-17 21:00:00,16652.0
2004-08-17 22:00:00,15017.0
2004-08-17 23:00:00,13444.0
2004-08-18 00:00:00,12259.0
2004-08-18 01:00:00,11518.0
2004-08-18 02:00:00,11120.0
2004-08-18 03:00:00,10940.0
2004-08-18 04:00:00,11097.0
2004-08-18 05:00:00,11874.0
2004-08-18 06:00:00,13268.0
2004-08-18 07:00:00,14985.0
2004-08-18 08:00:00,16256.0
2004-08-18 09:00:00,17175.0
2004-08-18 10:00:00,17948.0
2004-08-18 11:00:00,18527.0
2004-08-18 12:00:00,18873.0
2004-08-18 13:00:00,19237.0
2004-08-18 14:00:00,19367.0
2004-08-18 15:00:00,19357.0
2004-08-18 16:00:00,19271.0
2004-08-18 17:00:00,18935.0
2004-08-18 18:00:00,18371.0
2004-08-18 19:00:00,18222.0
2004-08-18 20:00:00,18608.0
2004-08-18 21:00:00,17652.0
2004-08-18 22:00:00,16007.0
2004-08-18 23:00:00,14458.0
2004-08-19 00:00:00,13337.0
2004-08-19 01:00:00,12524.0
2004-08-19 02:00:00,12168.0
2004-08-19 03:00:00,12019.0
2004-08-19 04:00:00,12221.0
2004-08-19 05:00:00,13105.0
2004-08-19 06:00:00,14680.0
2004-08-19 07:00:00,16548.0
2004-08-19 08:00:00,17910.0
2004-08-19 09:00:00,18941.0
2004-08-19 10:00:00,19755.0
2004-08-19 11:00:00,20261.0
2004-08-19 12:00:00,20510.0
2004-08-19 13:00:00,20795.0
2004-08-19 14:00:00,20879.0
2004-08-19 15:00:00,20788.0
2004-08-19 16:00:00,20644.0
2004-08-19 17:00:00,20401.0
2004-08-19 18:00:00,20020.0
2004-08-19 19:00:00,19898.0
2004-08-19 20:00:00,20142.0
2004-08-19 21:00:00,19139.0
2004-08-19 22:00:00,17399.0
2004-08-19 23:00:00,15652.0
2004-08-20 00:00:00,14260.0
2004-08-20 01:00:00,13366.0
2004-08-20 02:00:00,12849.0
2004-08-20 03:00:00,12575.0
2004-08-20 04:00:00,12706.0
2004-08-20 05:00:00,13554.0
2004-08-20 06:00:00,14990.0
2004-08-20 07:00:00,16825.0
2004-08-20 08:00:00,18306.0
2004-08-20 09:00:00,19554.0
2004-08-20 10:00:00,20710.0
2004-08-20 11:00:00,21455.0
2004-08-20 12:00:00,21994.0
2004-08-20 13:00:00,22564.0
2004-08-20 14:00:00,22839.0
2004-08-20 15:00:00,22552.0
2004-08-20 16:00:00,22279.0
2004-08-20 17:00:00,21687.0
2004-08-20 18:00:00,20843.0
2004-08-20 19:00:00,20315.0
2004-08-20 20:00:00,20144.0
2004-08-20 21:00:00,18948.0
2004-08-20 22:00:00,17432.0
2004-08-20 23:00:00,15809.0
2004-08-21 00:00:00,14533.0
2004-08-21 01:00:00,13704.0
2004-08-21 02:00:00,13214.0
2004-08-21 03:00:00,12905.0
2004-08-21 04:00:00,12782.0
2004-08-21 05:00:00,13019.0
2004-08-21 06:00:00,13608.0
2004-08-21 07:00:00,14649.0
2004-08-21 08:00:00,16006.0
2004-08-21 09:00:00,17173.0
2004-08-21 10:00:00,17926.0
2004-08-21 11:00:00,18300.0
2004-08-21 12:00:00,18339.0
2004-08-21 13:00:00,18182.0
2004-08-21 14:00:00,17803.0
2004-08-21 15:00:00,17367.0
2004-08-21 16:00:00,17017.0
2004-08-21 17:00:00,16782.0
2004-08-21 18:00:00,16410.0
2004-08-21 19:00:00,16237.0
2004-08-21 20:00:00,16156.0
2004-08-21 21:00:00,15347.0
2004-08-21 22:00:00,14109.0
2004-08-21 23:00:00,12857.0
2004-08-22 00:00:00,11737.0
2004-08-22 01:00:00,10965.0
2004-08-22 02:00:00,10504.0
2004-08-22 03:00:00,10227.0
2004-08-22 04:00:00,10086.0
2004-08-22 05:00:00,10149.0
2004-08-22 06:00:00,10267.0
2004-08-22 07:00:00,11123.0
2004-08-22 08:00:00,12374.0
2004-08-22 09:00:00,13387.0
2004-08-22 10:00:00,14003.0
2004-08-22 11:00:00,14313.0
2004-08-22 12:00:00,14420.0
2004-08-22 13:00:00,14374.0
2004-08-22 14:00:00,14328.0
2004-08-22 15:00:00,14408.0
2004-08-22 16:00:00,14626.0
2004-08-22 17:00:00,14819.0
2004-08-22 18:00:00,14728.0
2004-08-22 19:00:00,14821.0
2004-08-22 20:00:00,15351.0
2004-08-22 21:00:00,14563.0
2004-08-22 22:00:00,13275.0
2004-08-22 23:00:00,12012.0
2004-08-23 00:00:00,11080.0
2004-08-23 01:00:00,10512.0
2004-08-23 02:00:00,10250.0
2004-08-23 03:00:00,10163.0
2004-08-23 04:00:00,10396.0
2004-08-23 05:00:00,11273.0
2004-08-23 06:00:00,12624.0
2004-08-23 07:00:00,14344.0
2004-08-23 08:00:00,15733.0
2004-08-23 09:00:00,16731.0
2004-08-23 10:00:00,17494.0
2004-08-23 11:00:00,17923.0
2004-08-23 12:00:00,18183.0
2004-08-23 13:00:00,18485.0
2004-08-23 14:00:00,18656.0
2004-08-23 15:00:00,18757.0
2004-08-23 16:00:00,18839.0
2004-08-23 17:00:00,18688.0
2004-08-23 18:00:00,18248.0
2004-08-23 19:00:00,18149.0
2004-08-23 20:00:00,18396.0
2004-08-23 21:00:00,17279.0
2004-08-23 22:00:00,15533.0
2004-08-23 23:00:00,13920.0
2004-08-24 00:00:00,12737.0
2004-08-24 01:00:00,12023.0
2004-08-24 02:00:00,11618.0
2004-08-24 03:00:00,11388.0
2004-08-24 04:00:00,11486.0
2004-08-24 05:00:00,12283.0
2004-08-24 06:00:00,13575.0
2004-08-24 07:00:00,15139.0
2004-08-24 08:00:00,16225.0
2004-08-24 09:00:00,16970.0
2004-08-24 10:00:00,17504.0
2004-08-24 11:00:00,17790.0
2004-08-24 12:00:00,17913.0
2004-08-24 13:00:00,18074.0
2004-08-24 14:00:00,18087.0
2004-08-24 15:00:00,18008.0
2004-08-24 16:00:00,17986.0
2004-08-24 17:00:00,17700.0
2004-08-24 18:00:00,17185.0
2004-08-24 19:00:00,17024.0
2004-08-24 20:00:00,17262.0
2004-08-24 21:00:00,16161.0
2004-08-24 22:00:00,14475.0
2004-08-24 23:00:00,12894.0
2004-08-25 00:00:00,11755.0
2004-08-25 01:00:00,11088.0
2004-08-25 02:00:00,10714.0
2004-08-25 03:00:00,10584.0
2004-08-25 04:00:00,10766.0
2004-08-25 05:00:00,11595.0
2004-08-25 06:00:00,12962.0
2004-08-25 07:00:00,14616.0
2004-08-25 08:00:00,15828.0
2004-08-25 09:00:00,16692.0
2004-08-25 10:00:00,17310.0
2004-08-25 11:00:00,17713.0
2004-08-25 12:00:00,17830.0
2004-08-25 13:00:00,18057.0
2004-08-25 14:00:00,18125.0
2004-08-25 15:00:00,18106.0
2004-08-25 16:00:00,18068.0
2004-08-25 17:00:00,17742.0
2004-08-25 18:00:00,17175.0
2004-08-25 19:00:00,17022.0
2004-08-25 20:00:00,17232.0
2004-08-25 21:00:00,16129.0
2004-08-25 22:00:00,14436.0
2004-08-25 23:00:00,12837.0
2004-08-26 00:00:00,11679.0
2004-08-26 01:00:00,11031.0
2004-08-26 02:00:00,10670.0
2004-08-26 03:00:00,10527.0
2004-08-26 04:00:00,10702.0
2004-08-26 05:00:00,11526.0
2004-08-26 06:00:00,12885.0
2004-08-26 07:00:00,14538.0
2004-08-26 08:00:00,15803.0
2004-08-26 09:00:00,16667.0
2004-08-26 10:00:00,17289.0
2004-08-26 11:00:00,17619.0
2004-08-26 12:00:00,17787.0
2004-08-26 13:00:00,18034.0
2004-08-26 14:00:00,18128.0
2004-08-26 15:00:00,18178.0
2004-08-26 16:00:00,18124.0
2004-08-26 17:00:00,17838.0
2004-08-26 18:00:00,17330.0
2004-08-26 19:00:00,17272.0
2004-08-26 20:00:00,17502.0
2004-08-26 21:00:00,16466.0
2004-08-26 22:00:00,14831.0
2004-08-26 23:00:00,13302.0
2004-08-27 00:00:00,12177.0
2004-08-27 01:00:00,11539.0
2004-08-27 02:00:00,11215.0
2004-08-27 03:00:00,11069.0
2004-08-27 04:00:00,11259.0
2004-08-27 05:00:00,12169.0
2004-08-27 06:00:00,13653.0
2004-08-27 07:00:00,15369.0
2004-08-27 08:00:00,16739.0
2004-08-27 09:00:00,17664.0
2004-08-27 10:00:00,18466.0
2004-08-27 11:00:00,19028.0
2004-08-27 12:00:00,19341.0
2004-08-27 13:00:00,19745.0
2004-08-27 14:00:00,19970.0
2004-08-27 15:00:00,19993.0
2004-08-27 16:00:00,19932.0
2004-08-27 17:00:00,19599.0
2004-08-27 18:00:00,19032.0
2004-08-27 19:00:00,19014.0
2004-08-27 20:00:00,19140.0
2004-08-27 21:00:00,18190.0
2004-08-27 22:00:00,16723.0
2004-08-27 23:00:00,15115.0
2004-08-28 00:00:00,13853.0
2004-08-28 01:00:00,13033.0
2004-08-28 02:00:00,12493.0
2004-08-28 03:00:00,12241.0
2004-08-28 04:00:00,12197.0
2004-08-28 05:00:00,12463.0
2004-08-28 06:00:00,13078.0
2004-08-28 07:00:00,14366.0
2004-08-28 08:00:00,16147.0
2004-08-28 09:00:00,17807.0
2004-08-28 10:00:00,19085.0
2004-08-28 11:00:00,19970.0
2004-08-28 12:00:00,20487.0
2004-08-28 13:00:00,20819.0
2004-08-28 14:00:00,20942.0
2004-08-28 15:00:00,21020.0
2004-08-28 16:00:00,21091.0
2004-08-28 17:00:00,20956.0
2004-08-28 18:00:00,20516.0
2004-08-28 19:00:00,20506.0
2004-08-28 20:00:00,20585.0
2004-08-28 21:00:00,19627.0
2004-08-28 22:00:00,18124.0
2004-08-28 23:00:00,16520.0
2004-08-29 00:00:00,15147.0
2004-08-29 01:00:00,14216.0
2004-08-29 02:00:00,13618.0
2004-08-29 03:00:00,13207.0
2004-08-29 04:00:00,12979.0
2004-08-29 05:00:00,13005.0
2004-08-29 06:00:00,13161.0
2004-08-29 07:00:00,14052.0
2004-08-29 08:00:00,15594.0
2004-08-29 09:00:00,17213.0
2004-08-29 10:00:00,18565.0
2004-08-29 11:00:00,19625.0
2004-08-29 12:00:00,20272.0
2004-08-29 13:00:00,20475.0
2004-08-29 14:00:00,20436.0
2004-08-29 15:00:00,20398.0
2004-08-29 16:00:00,20400.0
2004-08-29 17:00:00,20267.0
2004-08-29 18:00:00,19805.0
2004-08-29 19:00:00,19776.0
2004-08-29 20:00:00,19743.0
2004-08-29 21:00:00,18527.0
2004-08-29 22:00:00,16801.0
2004-08-29 23:00:00,15233.0
2004-08-30 00:00:00,14115.0
2004-08-30 01:00:00,13546.0
2004-08-30 02:00:00,13222.0
2004-08-30 03:00:00,13107.0
2004-08-30 04:00:00,13339.0
2004-08-30 05:00:00,14362.0
2004-08-30 06:00:00,16135.0
2004-08-30 07:00:00,18027.0
2004-08-30 08:00:00,19549.0
2004-08-30 09:00:00,20794.0
2004-08-30 10:00:00,21804.0
2004-08-30 11:00:00,22536.0
2004-08-30 12:00:00,23025.0
2004-08-30 13:00:00,23527.0
2004-08-30 14:00:00,23730.0
2004-08-30 15:00:00,23750.0
2004-08-30 16:00:00,23587.0
2004-08-30 17:00:00,23032.0
2004-08-30 18:00:00,22361.0
2004-08-30 19:00:00,22346.0
2004-08-30 20:00:00,22126.0
2004-08-30 21:00:00,20653.0
2004-08-30 22:00:00,18583.0
2004-08-30 23:00:00,16645.0
2004-08-31 00:00:00,15275.0
2004-08-31 01:00:00,14475.0
2004-08-31 02:00:00,14004.0
2004-08-31 03:00:00,13756.0
2004-08-31 04:00:00,13883.0
2004-08-31 05:00:00,14887.0
2004-08-31 06:00:00,16724.0
2004-08-31 07:00:00,18380.0
2004-08-31 08:00:00,19477.0
2004-08-31 09:00:00,20238.0
2004-08-31 10:00:00,20719.0
2004-08-31 11:00:00,21066.0
2004-08-31 12:00:00,21254.0
2004-08-31 13:00:00,21470.0
2004-08-31 14:00:00,21457.0
2004-08-31 15:00:00,21503.0
2004-08-31 16:00:00,21416.0
2004-08-31 17:00:00,20951.0
2004-08-31 18:00:00,20156.0
2004-08-31 19:00:00,19885.0
2004-08-31 20:00:00,19718.0
2004-08-31 21:00:00,18272.0
2004-08-31 22:00:00,16056.0
2004-08-31 23:00:00,14323.0
2004-09-01 00:00:00,13021.0
2004-09-01 01:00:00,12245.0
2004-09-01 02:00:00,11789.0
2004-09-01 03:00:00,11554.0
2004-09-01 04:00:00,11674.0
2004-09-01 05:00:00,12549.0
2004-09-01 06:00:00,14226.0
2004-09-01 07:00:00,15791.0
2004-09-01 08:00:00,16898.0
2004-09-01 09:00:00,17813.0
2004-09-01 10:00:00,18524.0
2004-09-01 11:00:00,18927.0
2004-09-01 12:00:00,19107.0
2004-09-01 13:00:00,19393.0
2004-09-01 14:00:00,19479.0
2004-09-01 15:00:00,19477.0
2004-09-01 16:00:00,19436.0
2004-09-01 17:00:00,19094.0
2004-09-01 18:00:00,18548.0
2004-09-01 19:00:00,18588.0
2004-09-01 20:00:00,18609.0
2004-09-01 21:00:00,17271.0
2004-09-01 22:00:00,15369.0
2004-09-01 23:00:00,13627.0
2004-09-02 00:00:00,12420.0
2004-09-02 01:00:00,11668.0
2004-09-02 02:00:00,11251.0
2004-09-02 03:00:00,11066.0
2004-09-02 04:00:00,11200.0
2004-09-02 05:00:00,12084.0
2004-09-02 06:00:00,13816.0
2004-09-02 07:00:00,15300.0
2004-09-02 08:00:00,16282.0
2004-09-02 09:00:00,16994.0
2004-09-02 10:00:00,17549.0
2004-09-02 11:00:00,17875.0
2004-09-02 12:00:00,17981.0
2004-09-02 13:00:00,18147.0
2004-09-02 14:00:00,18183.0
2004-09-02 15:00:00,18179.0
2004-09-02 16:00:00,18120.0
2004-09-02 17:00:00,17809.0
2004-09-02 18:00:00,17399.0
2004-09-02 19:00:00,17514.0
2004-09-02 20:00:00,17539.0
2004-09-02 21:00:00,16322.0
2004-09-02 22:00:00,14594.0
2004-09-02 23:00:00,13028.0
2004-09-03 00:00:00,11852.0
2004-09-03 01:00:00,11191.0
2004-09-03 02:00:00,10833.0
2004-09-03 03:00:00,10715.0
2004-09-03 04:00:00,10856.0
2004-09-03 05:00:00,11714.0
2004-09-03 06:00:00,13339.0
2004-09-03 07:00:00,14923.0
2004-09-03 08:00:00,16107.0
2004-09-03 09:00:00,17046.0
2004-09-03 10:00:00,17686.0
2004-09-03 11:00:00,18094.0
2004-09-03 12:00:00,18275.0
2004-09-03 13:00:00,18507.0
2004-09-03 14:00:00,18568.0
2004-09-03 15:00:00,18524.0
2004-09-03 16:00:00,18428.0
2004-09-03 17:00:00,18060.0
2004-09-03 18:00:00,17493.0
2004-09-03 19:00:00,17580.0
2004-09-03 20:00:00,17506.0
2004-09-03 21:00:00,16485.0
2004-09-03 22:00:00,15040.0
2004-09-03 23:00:00,13552.0
2004-09-04 00:00:00,12353.0
2004-09-04 01:00:00,11721.0
2004-09-04 02:00:00,11233.0
2004-09-04 03:00:00,10983.0
2004-09-04 04:00:00,10943.0
2004-09-04 05:00:00,11188.0
2004-09-04 06:00:00,11596.0
2004-09-04 07:00:00,12689.0
2004-09-04 08:00:00,14216.0
2004-09-04 09:00:00,15467.0
2004-09-04 10:00:00,16343.0
2004-09-04 11:00:00,16867.0
2004-09-04 12:00:00,17175.0
2004-09-04 13:00:00,17253.0
2004-09-04 14:00:00,17294.0
2004-09-04 15:00:00,17254.0
2004-09-04 16:00:00,17150.0
2004-09-04 17:00:00,16887.0
2004-09-04 18:00:00,16497.0
2004-09-04 19:00:00,16581.0
2004-09-04 20:00:00,16448.0
2004-09-04 21:00:00,15534.0
2004-09-04 22:00:00,14266.0
2004-09-04 23:00:00,12938.0
2004-09-05 00:00:00,11851.0
2004-09-05 01:00:00,11195.0
2004-09-05 02:00:00,10677.0
2004-09-05 03:00:00,10418.0
2004-09-05 04:00:00,10314.0
2004-09-05 05:00:00,10414.0
2004-09-05 06:00:00,10600.0
2004-09-05 07:00:00,11311.0
2004-09-05 08:00:00,12402.0
2004-09-05 09:00:00,13269.0
2004-09-05 10:00:00,13767.0
2004-09-05 11:00:00,14047.0
2004-09-05 12:00:00,14016.0
2004-09-05 13:00:00,13860.0
2004-09-05 14:00:00,13651.0
2004-09-05 15:00:00,13494.0
2004-09-05 16:00:00,13535.0
2004-09-05 17:00:00,13603.0
2004-09-05 18:00:00,13670.0
2004-09-05 19:00:00,14095.0
2004-09-05 20:00:00,14098.0
2004-09-05 21:00:00,13406.0
2004-09-05 22:00:00,12447.0
2004-09-05 23:00:00,11408.0
2004-09-06 00:00:00,10531.0
2004-09-06 01:00:00,9966.0
2004-09-06 02:00:00,9664.0
2004-09-06 03:00:00,9515.0
2004-09-06 04:00:00,9530.0
2004-09-06 05:00:00,9789.0
2004-09-06 06:00:00,10097.0
2004-09-06 07:00:00,10831.0
2004-09-06 08:00:00,12128.0
2004-09-06 09:00:00,13322.0
2004-09-06 10:00:00,14037.0
2004-09-06 11:00:00,14313.0
2004-09-06 12:00:00,14352.0
2004-09-06 13:00:00,14250.0
2004-09-06 14:00:00,14167.0
2004-09-06 15:00:00,14181.0
2004-09-06 16:00:00,14422.0
2004-09-06 17:00:00,14685.0
2004-09-06 18:00:00,14756.0
2004-09-06 19:00:00,15517.0
2004-09-06 20:00:00,15600.0
2004-09-06 21:00:00,14500.0
2004-09-06 22:00:00,12992.0
2004-09-06 23:00:00,11671.0
2004-09-07 00:00:00,10812.0
2004-09-07 01:00:00,10324.0
2004-09-07 02:00:00,10120.0
2004-09-07 03:00:00,10070.0
2004-09-07 04:00:00,10343.0
2004-09-07 05:00:00,11404.0
2004-09-07 06:00:00,13548.0
2004-09-07 07:00:00,15177.0
2004-09-07 08:00:00,16134.0
2004-09-07 09:00:00,16937.0
2004-09-07 10:00:00,17631.0
2004-09-07 11:00:00,18124.0
2004-09-07 12:00:00,18391.0
2004-09-07 13:00:00,18739.0
2004-09-07 14:00:00,18960.0
2004-09-07 15:00:00,19136.0
2004-09-07 16:00:00,19313.0
2004-09-07 17:00:00,19228.0
2004-09-07 18:00:00,18906.0
2004-09-07 19:00:00,19392.0
2004-09-07 20:00:00,19238.0
2004-09-07 21:00:00,17938.0
2004-09-07 22:00:00,16013.0
2004-09-07 23:00:00,14318.0
2004-09-08 00:00:00,13193.0
2004-09-08 01:00:00,12446.0
2004-09-08 02:00:00,12086.0
2004-09-08 03:00:00,11930.0
2004-09-08 04:00:00,12149.0
2004-09-08 05:00:00,13194.0
2004-09-08 06:00:00,15432.0
2004-09-08 07:00:00,17072.0
2004-09-08 08:00:00,17935.0
2004-09-08 09:00:00,18541.0
2004-09-08 10:00:00,19019.0
2004-09-08 11:00:00,19267.0
2004-09-08 12:00:00,19303.0
2004-09-08 13:00:00,19349.0
2004-09-08 14:00:00,19256.0
2004-09-08 15:00:00,19225.0
2004-09-08 16:00:00,19251.0
2004-09-08 17:00:00,19205.0
2004-09-08 18:00:00,19115.0
2004-09-08 19:00:00,19395.0
2004-09-08 20:00:00,18937.0
2004-09-08 21:00:00,17617.0
2004-09-08 22:00:00,15741.0
2004-09-08 23:00:00,14084.0
2004-09-09 00:00:00,12899.0
2004-09-09 01:00:00,12233.0
2004-09-09 02:00:00,11831.0
2004-09-09 03:00:00,11681.0
2004-09-09 04:00:00,11907.0
2004-09-09 05:00:00,13000.0
2004-09-09 06:00:00,15325.0
2004-09-09 07:00:00,16975.0
2004-09-09 08:00:00,17825.0
2004-09-09 09:00:00,18514.0
2004-09-09 10:00:00,19198.0
2004-09-09 11:00:00,19616.0
2004-09-09 12:00:00,19845.0
2004-09-09 13:00:00,20059.0
2004-09-09 14:00:00,20026.0
2004-09-09 15:00:00,20090.0
2004-09-09 16:00:00,20220.0
2004-09-09 17:00:00,20167.0
2004-09-09 18:00:00,20020.0
2004-09-09 19:00:00,20490.0
2004-09-09 20:00:00,20140.0
2004-09-09 21:00:00,18908.0
2004-09-09 22:00:00,17101.0
2004-09-09 23:00:00,15389.0
2004-09-10 00:00:00,14103.0
2004-09-10 01:00:00,13220.0
2004-09-10 02:00:00,12653.0
2004-09-10 03:00:00,12297.0
2004-09-10 04:00:00,12238.0
2004-09-10 05:00:00,13021.0
2004-09-10 06:00:00,14872.0
2004-09-10 07:00:00,16255.0
2004-09-10 08:00:00,17068.0
2004-09-10 09:00:00,17607.0
2004-09-10 10:00:00,17997.0
2004-09-10 11:00:00,18197.0
2004-09-10 12:00:00,18200.0
2004-09-10 13:00:00,18345.0
2004-09-10 14:00:00,18297.0
2004-09-10 15:00:00,18156.0
2004-09-10 16:00:00,17903.0
2004-09-10 17:00:00,17374.0
2004-09-10 18:00:00,16814.0
2004-09-10 19:00:00,17008.0
2004-09-10 20:00:00,16733.0
2004-09-10 21:00:00,15668.0
2004-09-10 22:00:00,14280.0
2004-09-10 23:00:00,12848.0
2004-09-11 00:00:00,11649.0
2004-09-11 01:00:00,10960.0
2004-09-11 02:00:00,10541.0
2004-09-11 03:00:00,10324.0
2004-09-11 04:00:00,10302.0
2004-09-11 05:00:00,10598.0
2004-09-11 06:00:00,11191.0
2004-09-11 07:00:00,12237.0
2004-09-11 08:00:00,13550.0
2004-09-11 09:00:00,14522.0
2004-09-11 10:00:00,14999.0
2004-09-11 11:00:00,15137.0
2004-09-11 12:00:00,15100.0
2004-09-11 13:00:00,14913.0
2004-09-11 14:00:00,14740.0
2004-09-11 15:00:00,14600.0
2004-09-11 16:00:00,14540.0
2004-09-11 17:00:00,14546.0
2004-09-11 18:00:00,14564.0
2004-09-11 19:00:00,15097.0
2004-09-11 20:00:00,14967.0
2004-09-11 21:00:00,14185.0
2004-09-11 22:00:00,13083.0
2004-09-11 23:00:00,11961.0
2004-09-12 00:00:00,10920.0
2004-09-12 01:00:00,10321.0
2004-09-12 02:00:00,9948.0
2004-09-12 03:00:00,9748.0
2004-09-12 04:00:00,9699.0
2004-09-12 05:00:00,9850.0
2004-09-12 06:00:00,10137.0
2004-09-12 07:00:00,10813.0
2004-09-12 08:00:00,12085.0
2004-09-12 09:00:00,13133.0
2004-09-12 10:00:00,13771.0
2004-09-12 11:00:00,14196.0
2004-09-12 12:00:00,14418.0
2004-09-12 13:00:00,14479.0
2004-09-12 14:00:00,14498.0
2004-09-12 15:00:00,14641.0
2004-09-12 16:00:00,14915.0
2004-09-12 17:00:00,15169.0
2004-09-12 18:00:00,15257.0
2004-09-12 19:00:00,16012.0
2004-09-12 20:00:00,15820.0
2004-09-12 21:00:00,14720.0
2004-09-12 22:00:00,13284.0
2004-09-12 23:00:00,12059.0
2004-09-13 00:00:00,11072.0
2004-09-13 01:00:00,10604.0
2004-09-13 02:00:00,10370.0
2004-09-13 03:00:00,10313.0
2004-09-13 04:00:00,10586.0
2004-09-13 05:00:00,11672.0
2004-09-13 06:00:00,13764.0
2004-09-13 07:00:00,15266.0
2004-09-13 08:00:00,16240.0
2004-09-13 09:00:00,17053.0
2004-09-13 10:00:00,17715.0
2004-09-13 11:00:00,18042.0
2004-09-13 12:00:00,18177.0
2004-09-13 13:00:00,18319.0
2004-09-13 14:00:00,18263.0
2004-09-13 15:00:00,18198.0
2004-09-13 16:00:00,18109.0
2004-09-13 17:00:00,17875.0
2004-09-13 18:00:00,17520.0
2004-09-13 19:00:00,17939.0
2004-09-13 20:00:00,17497.0
2004-09-13 21:00:00,16063.0
2004-09-13 22:00:00,14159.0
2004-09-13 23:00:00,12523.0
2004-09-14 00:00:00,11480.0
2004-09-14 01:00:00,10836.0
2004-09-14 02:00:00,10522.0
2004-09-14 03:00:00,10402.0
2004-09-14 04:00:00,10598.0
2004-09-14 05:00:00,11583.0
2004-09-14 06:00:00,13610.0
2004-09-14 07:00:00,15001.0
2004-09-14 08:00:00,15640.0
2004-09-14 09:00:00,16116.0
2004-09-14 10:00:00,16566.0
2004-09-14 11:00:00,16760.0
2004-09-14 12:00:00,16800.0
2004-09-14 13:00:00,16906.0
2004-09-14 14:00:00,16860.0
2004-09-14 15:00:00,16814.0
2004-09-14 16:00:00,16794.0
2004-09-14 17:00:00,16612.0
2004-09-14 18:00:00,16463.0
2004-09-14 19:00:00,17080.0
2004-09-14 20:00:00,16661.0
2004-09-14 21:00:00,15353.0
2004-09-14 22:00:00,13561.0
2004-09-14 23:00:00,12054.0
2004-09-15 00:00:00,11096.0
2004-09-15 01:00:00,10539.0
2004-09-15 02:00:00,10267.0
2004-09-15 03:00:00,10187.0
2004-09-15 04:00:00,10408.0
2004-09-15 05:00:00,11396.0
2004-09-15 06:00:00,13434.0
2004-09-15 07:00:00,14856.0
2004-09-15 08:00:00,15502.0
2004-09-15 09:00:00,15985.0
2004-09-15 10:00:00,16388.0
2004-09-15 11:00:00,16592.0
2004-09-15 12:00:00,16685.0
2004-09-15 13:00:00,16751.0
2004-09-15 14:00:00,16712.0
2004-09-15 15:00:00,16637.0
2004-09-15 16:00:00,16669.0
2004-09-15 17:00:00,16616.0
2004-09-15 18:00:00,16716.0
2004-09-15 19:00:00,17306.0
2004-09-15 20:00:00,16844.0
2004-09-15 21:00:00,15613.0
2004-09-15 22:00:00,13931.0
2004-09-15 23:00:00,12521.0
2004-09-16 00:00:00,11459.0
2004-09-16 01:00:00,10902.0
2004-09-16 02:00:00,10626.0
2004-09-16 03:00:00,10542.0
2004-09-16 04:00:00,10773.0
2004-09-16 05:00:00,11830.0
2004-09-16 06:00:00,13946.0
2004-09-16 07:00:00,15459.0
2004-09-16 08:00:00,16263.0
2004-09-16 09:00:00,16841.0
2004-09-16 10:00:00,17275.0
2004-09-16 11:00:00,17523.0
2004-09-16 12:00:00,17626.0
2004-09-16 13:00:00,17828.0
2004-09-16 14:00:00,17839.0
2004-09-16 15:00:00,17848.0
2004-09-16 16:00:00,17886.0
2004-09-16 17:00:00,17754.0
2004-09-16 18:00:00,17656.0
2004-09-16 19:00:00,18248.0
2004-09-16 20:00:00,17739.0
2004-09-16 21:00:00,16480.0
2004-09-16 22:00:00,14731.0
2004-09-16 23:00:00,13142.0
2004-09-17 00:00:00,12063.0
2004-09-17 01:00:00,11472.0
2004-09-17 02:00:00,11166.0
2004-09-17 03:00:00,11026.0
2004-09-17 04:00:00,11203.0
2004-09-17 05:00:00,12291.0
2004-09-17 06:00:00,14448.0
2004-09-17 07:00:00,15963.0
2004-09-17 08:00:00,16886.0
2004-09-17 09:00:00,17645.0
2004-09-17 10:00:00,18216.0
2004-09-17 11:00:00,18476.0
2004-09-17 12:00:00,18563.0
2004-09-17 13:00:00,18788.0
2004-09-17 14:00:00,18821.0
2004-09-17 15:00:00,18705.0
2004-09-17 16:00:00,18592.0
2004-09-17 17:00:00,18376.0
2004-09-17 18:00:00,18331.0
2004-09-17 19:00:00,18584.0
2004-09-17 20:00:00,17997.0
2004-09-17 21:00:00,16906.0
2004-09-17 22:00:00,15473.0
2004-09-17 23:00:00,14013.0
2004-09-18 00:00:00,12790.0
2004-09-18 01:00:00,11986.0
2004-09-18 02:00:00,11592.0
2004-09-18 03:00:00,11264.0
2004-09-18 04:00:00,11206.0
2004-09-18 05:00:00,11473.0
2004-09-18 06:00:00,12099.0
2004-09-18 07:00:00,12950.0
2004-09-18 08:00:00,14207.0
2004-09-18 09:00:00,15170.0
2004-09-18 10:00:00,15738.0
2004-09-18 11:00:00,15841.0
2004-09-18 12:00:00,15624.0
2004-09-18 13:00:00,15290.0
2004-09-18 14:00:00,14891.0
2004-09-18 15:00:00,14578.0
2004-09-18 16:00:00,14542.0
2004-09-18 17:00:00,14634.0
2004-09-18 18:00:00,14780.0
2004-09-18 19:00:00,14974.0
2004-09-18 20:00:00,14568.0
2004-09-18 21:00:00,13752.0
2004-09-18 22:00:00,12667.0
2004-09-18 23:00:00,11504.0
2004-09-19 00:00:00,10556.0
2004-09-19 01:00:00,9944.0
2004-09-19 02:00:00,9612.0
2004-09-19 03:00:00,9429.0
2004-09-19 04:00:00,9407.0
2004-09-19 05:00:00,9588.0
2004-09-19 06:00:00,9950.0
2004-09-19 07:00:00,10713.0
2004-09-19 08:00:00,11831.0
2004-09-19 09:00:00,12731.0
2004-09-19 10:00:00,13146.0
2004-09-19 11:00:00,13375.0
2004-09-19 12:00:00,13362.0
2004-09-19 13:00:00,13241.0
2004-09-19 14:00:00,13083.0
2004-09-19 15:00:00,13062.0
2004-09-19 16:00:00,13277.0
2004-09-19 17:00:00,13636.0
2004-09-19 18:00:00,14036.0
2004-09-19 19:00:00,14935.0
2004-09-19 20:00:00,14643.0
2004-09-19 21:00:00,13574.0
2004-09-19 22:00:00,12188.0
2004-09-19 23:00:00,10992.0
2004-09-20 00:00:00,10181.0
2004-09-20 01:00:00,9768.0
2004-09-20 02:00:00,9579.0
2004-09-20 03:00:00,9564.0
2004-09-20 04:00:00,9869.0
2004-09-20 05:00:00,10947.0
2004-09-20 06:00:00,13066.0
2004-09-20 07:00:00,14530.0
2004-09-20 08:00:00,15124.0
2004-09-20 09:00:00,15514.0
2004-09-20 10:00:00,15859.0
2004-09-20 11:00:00,15986.0
2004-09-20 12:00:00,16009.0
2004-09-20 13:00:00,16059.0
2004-09-20 14:00:00,15994.0
2004-09-20 15:00:00,15937.0
2004-09-20 16:00:00,15976.0
2004-09-20 17:00:00,16023.0
2004-09-20 18:00:00,16178.0
2004-09-20 19:00:00,16833.0
2004-09-20 20:00:00,16243.0
2004-09-20 21:00:00,14922.0
2004-09-20 22:00:00,13240.0
2004-09-20 23:00:00,11728.0
2004-09-21 00:00:00,10753.0
2004-09-21 01:00:00,10238.0
2004-09-21 02:00:00,9986.0
2004-09-21 03:00:00,9926.0
2004-09-21 04:00:00,10181.0
2004-09-21 05:00:00,11249.0
2004-09-21 06:00:00,13388.0
2004-09-21 07:00:00,14835.0
2004-09-21 08:00:00,15383.0
2004-09-21 09:00:00,15783.0
2004-09-21 10:00:00,16185.0
2004-09-21 11:00:00,16380.0
2004-09-21 12:00:00,16432.0
2004-09-21 13:00:00,16510.0
2004-09-21 14:00:00,16494.0
2004-09-21 15:00:00,16436.0
2004-09-21 16:00:00,16433.0
2004-09-21 17:00:00,16378.0
2004-09-21 18:00:00,16548.0
2004-09-21 19:00:00,17189.0
2004-09-21 20:00:00,16579.0
2004-09-21 21:00:00,15289.0
2004-09-21 22:00:00,13563.0
2004-09-21 23:00:00,12098.0
2004-09-22 00:00:00,11050.0
2004-09-22 01:00:00,10503.0
2004-09-22 02:00:00,10225.0
2004-09-22 03:00:00,10155.0
2004-09-22 04:00:00,10422.0
2004-09-22 05:00:00,11445.0
2004-09-22 06:00:00,13555.0
2004-09-22 07:00:00,14962.0
2004-09-22 08:00:00,15702.0
2004-09-22 09:00:00,16317.0
2004-09-22 10:00:00,16847.0
2004-09-22 11:00:00,17188.0
2004-09-22 12:00:00,17364.0
2004-09-22 13:00:00,17660.0
2004-09-22 14:00:00,17772.0
2004-09-22 15:00:00,17778.0
2004-09-22 16:00:00,17792.0
2004-09-22 17:00:00,17575.0
2004-09-22 18:00:00,17460.0
2004-09-22 19:00:00,18095.0
2004-09-22 20:00:00,17522.0
2004-09-22 21:00:00,16237.0
2004-09-22 22:00:00,14463.0
2004-09-22 23:00:00,12920.0
2004-09-23 00:00:00,11857.0
2004-09-23 01:00:00,11208.0
2004-09-23 02:00:00,10856.0
2004-09-23 03:00:00,10715.0
2004-09-23 04:00:00,10921.0
2004-09-23 05:00:00,11947.0
2004-09-23 06:00:00,13984.0
2004-09-23 07:00:00,15454.0
2004-09-23 08:00:00,16281.0
2004-09-23 09:00:00,16985.0
2004-09-23 10:00:00,17537.0
2004-09-23 11:00:00,17777.0
2004-09-23 12:00:00,17839.0
2004-09-23 13:00:00,17974.0
2004-09-23 14:00:00,17957.0
2004-09-23 15:00:00,17876.0
2004-09-23 16:00:00,17831.0
2004-09-23 17:00:00,17565.0
2004-09-23 18:00:00,17442.0
2004-09-23 19:00:00,17996.0
2004-09-23 20:00:00,17307.0
2004-09-23 21:00:00,15979.0
2004-09-23 22:00:00,14228.0
2004-09-23 23:00:00,12626.0
2004-09-24 00:00:00,11450.0
2004-09-24 01:00:00,10840.0
2004-09-24 02:00:00,10523.0
2004-09-24 03:00:00,10378.0
2004-09-24 04:00:00,10594.0
2004-09-24 05:00:00,11588.0
2004-09-24 06:00:00,13610.0
2004-09-24 07:00:00,15006.0
2004-09-24 08:00:00,15678.0
2004-09-24 09:00:00,16138.0
2004-09-24 10:00:00,16574.0
2004-09-24 11:00:00,16850.0
2004-09-24 12:00:00,16956.0
2004-09-24 13:00:00,17155.0
2004-09-24 14:00:00,17141.0
2004-09-24 15:00:00,17024.0
2004-09-24 16:00:00,16862.0
2004-09-24 17:00:00,16488.0
2004-09-24 18:00:00,16372.0
2004-09-24 19:00:00,16772.0
2004-09-24 20:00:00,16139.0
2004-09-24 21:00:00,15112.0
2004-09-24 22:00:00,13706.0
2004-09-24 23:00:00,12300.0
2004-09-25 00:00:00,11208.0
2004-09-25 01:00:00,10612.0
2004-09-25 02:00:00,10216.0
2004-09-25 03:00:00,10015.0
2004-09-25 04:00:00,10030.0
2004-09-25 05:00:00,10381.0
2004-09-25 06:00:00,11036.0
2004-09-25 07:00:00,12064.0
2004-09-25 08:00:00,13429.0
2004-09-25 09:00:00,14356.0
2004-09-25 10:00:00,14808.0
2004-09-25 11:00:00,15006.0
2004-09-25 12:00:00,14987.0
2004-09-25 13:00:00,14931.0
2004-09-25 14:00:00,14868.0
2004-09-25 15:00:00,14845.0
2004-09-25 16:00:00,14926.0
2004-09-25 17:00:00,15018.0
2004-09-25 18:00:00,15370.0
2004-09-25 19:00:00,15877.0
2004-09-25 20:00:00,15424.0
2004-09-25 21:00:00,14634.0
2004-09-25 22:00:00,13560.0
2004-09-25 23:00:00,12367.0
2004-09-26 00:00:00,11441.0
2004-09-26 01:00:00,10777.0
2004-09-26 02:00:00,10408.0
2004-09-26 03:00:00,10208.0
2004-09-26 04:00:00,10151.0
2004-09-26 05:00:00,10303.0
2004-09-26 06:00:00,10692.0
2004-09-26 07:00:00,11333.0
2004-09-26 08:00:00,12563.0
2004-09-26 09:00:00,13584.0
2004-09-26 10:00:00,14130.0
2004-09-26 11:00:00,14505.0
2004-09-26 12:00:00,14686.0
2004-09-26 13:00:00,14653.0
2004-09-26 14:00:00,14597.0
2004-09-26 15:00:00,14627.0
2004-09-26 16:00:00,14822.0
2004-09-26 17:00:00,15039.0
2004-09-26 18:00:00,15404.0
2004-09-26 19:00:00,16093.0
2004-09-26 20:00:00,15515.0
2004-09-26 21:00:00,14350.0
2004-09-26 22:00:00,12914.0
2004-09-26 23:00:00,11620.0
2004-09-27 00:00:00,10724.0
2004-09-27 01:00:00,10208.0
2004-09-27 02:00:00,9964.0
2004-09-27 03:00:00,9902.0
2004-09-27 04:00:00,10169.0
2004-09-27 05:00:00,11197.0
2004-09-27 06:00:00,13361.0
2004-09-27 07:00:00,14766.0
2004-09-27 08:00:00,15451.0
2004-09-27 09:00:00,16054.0
2004-09-27 10:00:00,16612.0
2004-09-27 11:00:00,16894.0
2004-09-27 12:00:00,17041.0
2004-09-27 13:00:00,17227.0
2004-09-27 14:00:00,17213.0
2004-09-27 15:00:00,17179.0
2004-09-27 16:00:00,17141.0
2004-09-27 17:00:00,17048.0
2004-09-27 18:00:00,17311.0
2004-09-27 19:00:00,17762.0
2004-09-27 20:00:00,17045.0
2004-09-27 21:00:00,15650.0
2004-09-27 22:00:00,13908.0
2004-09-27 23:00:00,12349.0
2004-09-28 00:00:00,11347.0
2004-09-28 01:00:00,10754.0
2004-09-28 02:00:00,10476.0
2004-09-28 03:00:00,10402.0
2004-09-28 04:00:00,10635.0
2004-09-28 05:00:00,11695.0
2004-09-28 06:00:00,14028.0
2004-09-28 07:00:00,15594.0
2004-09-28 08:00:00,16264.0
2004-09-28 09:00:00,16718.0
2004-09-28 10:00:00,17040.0
2004-09-28 11:00:00,17140.0
2004-09-28 12:00:00,17103.0
2004-09-28 13:00:00,17072.0
2004-09-28 14:00:00,16980.0
2004-09-28 15:00:00,16978.0
2004-09-28 16:00:00,17123.0
2004-09-28 17:00:00,17302.0
2004-09-28 18:00:00,17618.0
2004-09-28 19:00:00,17575.0
2004-09-28 20:00:00,16774.0
2004-09-28 21:00:00,15470.0
2004-09-28 22:00:00,13750.0
2004-09-28 23:00:00,12296.0
2004-09-29 00:00:00,11272.0
2004-09-29 01:00:00,10744.0
2004-09-29 02:00:00,10460.0
2004-09-29 03:00:00,10369.0
2004-09-29 04:00:00,10552.0
2004-09-29 05:00:00,11564.0
2004-09-29 06:00:00,13785.0
2004-09-29 07:00:00,15274.0
2004-09-29 08:00:00,15764.0
2004-09-29 09:00:00,16055.0
2004-09-29 10:00:00,16273.0
2004-09-29 11:00:00,16295.0
2004-09-29 12:00:00,16128.0
2004-09-29 13:00:00,16054.0
2004-09-29 14:00:00,15873.0
2004-09-29 15:00:00,15746.0
2004-09-29 16:00:00,15775.0
2004-09-29 17:00:00,15781.0
2004-09-29 18:00:00,16190.0
2004-09-29 19:00:00,16776.0
2004-09-29 20:00:00,16131.0
2004-09-29 21:00:00,14951.0
2004-09-29 22:00:00,13240.0
2004-09-29 23:00:00,11742.0
2004-09-30 00:00:00,10793.0
2004-09-30 01:00:00,10278.0
2004-09-30 02:00:00,10012.0
2004-09-30 03:00:00,9947.0
2004-09-30 04:00:00,10181.0
2004-09-30 05:00:00,11274.0
2004-09-30 06:00:00,13468.0
2004-09-30 07:00:00,14793.0
2004-09-30 08:00:00,15240.0
2004-09-30 09:00:00,15549.0
2004-09-30 10:00:00,15829.0
2004-09-30 11:00:00,15925.0
2004-09-30 12:00:00,15915.0
2004-09-30 13:00:00,15985.0
2004-09-30 14:00:00,15968.0
2004-09-30 15:00:00,15891.0
2004-09-30 16:00:00,15936.0
2004-09-30 17:00:00,16080.0
2004-09-30 18:00:00,16630.0
2004-09-30 19:00:00,16982.0
2004-09-30 20:00:00,16308.0
2004-09-30 21:00:00,15039.0
2004-09-30 22:00:00,13498.0
2004-09-30 23:00:00,12076.0
2004-10-01 00:00:00,11006.0
2004-10-01 01:00:00,10431.0
2004-10-01 02:00:00,10156.0
2004-10-01 03:00:00,10061.0
2004-10-01 04:00:00,10256.0
2004-10-01 05:00:00,11272.0
2004-10-01 06:00:00,13401.0
2004-10-01 07:00:00,14710.0
2004-10-01 08:00:00,15294.0
2004-10-01 09:00:00,15723.0
2004-10-01 10:00:00,16086.0
2004-10-01 11:00:00,16272.0
2004-10-01 12:00:00,16271.0
2004-10-01 13:00:00,16305.0
2004-10-01 14:00:00,16201.0
2004-10-01 15:00:00,16016.0
2004-10-01 16:00:00,15828.0
2004-10-01 17:00:00,15635.0
2004-10-01 18:00:00,15883.0
2004-10-01 19:00:00,16196.0
2004-10-01 20:00:00,15571.0
2004-10-01 21:00:00,14578.0
2004-10-01 22:00:00,13250.0
2004-10-01 23:00:00,11918.0
2004-10-02 00:00:00,10866.0
2004-10-02 01:00:00,10272.0
2004-10-02 02:00:00,9940.0
2004-10-02 03:00:00,9778.0
2004-10-02 04:00:00,9833.0
2004-10-02 05:00:00,10198.0
2004-10-02 06:00:00,10980.0
2004-10-02 07:00:00,11973.0
2004-10-02 08:00:00,13234.0
2004-10-02 09:00:00,14048.0
2004-10-02 10:00:00,14392.0
2004-10-02 11:00:00,14426.0
2004-10-02 12:00:00,14259.0
2004-10-02 13:00:00,14065.0
2004-10-02 14:00:00,13863.0
2004-10-02 15:00:00,13774.0
2004-10-02 16:00:00,13909.0
2004-10-02 17:00:00,14284.0
2004-10-02 18:00:00,14965.0
2004-10-02 19:00:00,15111.0
2004-10-02 20:00:00,14634.0
2004-10-02 21:00:00,13849.0
2004-10-02 22:00:00,12773.0
2004-10-02 23:00:00,11631.0
2004-10-03 00:00:00,10703.0
2004-10-03 01:00:00,10096.0
2004-10-03 02:00:00,9747.0
2004-10-03 03:00:00,9551.0
2004-10-03 04:00:00,9512.0
2004-10-03 05:00:00,9676.0
2004-10-03 06:00:00,10099.0
2004-10-03 07:00:00,10759.0
2004-10-03 08:00:00,11921.0
2004-10-03 09:00:00,12782.0
2004-10-03 10:00:00,13187.0
2004-10-03 11:00:00,13384.0
2004-10-03 12:00:00,13423.0
2004-10-03 13:00:00,13302.0
2004-10-03 14:00:00,13153.0
2004-10-03 15:00:00,13149.0
2004-10-03 16:00:00,13359.0
2004-10-03 17:00:00,13771.0
2004-10-03 18:00:00,14588.0
2004-10-03 19:00:00,15197.0
2004-10-03 20:00:00,14633.0
2004-10-03 21:00:00,13530.0
2004-10-03 22:00:00,12149.0
2004-10-03 23:00:00,10956.0
2004-10-04 00:00:00,10149.0
2004-10-04 01:00:00,9741.0
2004-10-04 02:00:00,9576.0
2004-10-04 03:00:00,9574.0
2004-10-04 04:00:00,9863.0
2004-10-04 05:00:00,11016.0
2004-10-04 06:00:00,13334.0
2004-10-04 07:00:00,14747.0
2004-10-04 08:00:00,15243.0
2004-10-04 09:00:00,15593.0
2004-10-04 10:00:00,15911.0
2004-10-04 11:00:00,16007.0
2004-10-04 12:00:00,15997.0
2004-10-04 13:00:00,16055.0
2004-10-04 14:00:00,15947.0
2004-10-04 15:00:00,15880.0
2004-10-04 16:00:00,15932.0
2004-10-04 17:00:00,16061.0
2004-10-04 18:00:00,16727.0
2004-10-04 19:00:00,17125.0
2004-10-04 20:00:00,16397.0
2004-10-04 21:00:00,15073.0
2004-10-04 22:00:00,13329.0
2004-10-04 23:00:00,11851.0
2004-10-05 00:00:00,10811.0
2004-10-05 01:00:00,10269.0
2004-10-05 02:00:00,10011.0
2004-10-05 03:00:00,9919.0
2004-10-05 04:00:00,10143.0
2004-10-05 05:00:00,11222.0
2004-10-05 06:00:00,13480.0
2004-10-05 07:00:00,14796.0
2004-10-05 08:00:00,15215.0
2004-10-05 09:00:00,15402.0
2004-10-05 10:00:00,15592.0
2004-10-05 11:00:00,15631.0
2004-10-05 12:00:00,15543.0
2004-10-05 13:00:00,15525.0
2004-10-05 14:00:00,15402.0
2004-10-05 15:00:00,15334.0
2004-10-05 16:00:00,15414.0
2004-10-05 17:00:00,15601.0
2004-10-05 18:00:00,16346.0
2004-10-05 19:00:00,16821.0
2004-10-05 20:00:00,16220.0
2004-10-05 21:00:00,14945.0
2004-10-05 22:00:00,13332.0
2004-10-05 23:00:00,11927.0
2004-10-06 00:00:00,10914.0
2004-10-06 01:00:00,10431.0
2004-10-06 02:00:00,10216.0
2004-10-06 03:00:00,10173.0
2004-10-06 04:00:00,10455.0
2004-10-06 05:00:00,11602.0
2004-10-06 06:00:00,13970.0
2004-10-06 07:00:00,15289.0
2004-10-06 08:00:00,15630.0
2004-10-06 09:00:00,15727.0
2004-10-06 10:00:00,15820.0
2004-10-06 11:00:00,15802.0
2004-10-06 12:00:00,15677.0
2004-10-06 13:00:00,15677.0
2004-10-06 14:00:00,15537.0
2004-10-06 15:00:00,15439.0
2004-10-06 16:00:00,15501.0
2004-10-06 17:00:00,15657.0
2004-10-06 18:00:00,16432.0
2004-10-06 19:00:00,16853.0
2004-10-06 20:00:00,16184.0
2004-10-06 21:00:00,15002.0
2004-10-06 22:00:00,13351.0
2004-10-06 23:00:00,11911.0
2004-10-07 00:00:00,10956.0
2004-10-07 01:00:00,10461.0
2004-10-07 02:00:00,10153.0
2004-10-07 03:00:00,10076.0
2004-10-07 04:00:00,10344.0
2004-10-07 05:00:00,11452.0
2004-10-07 06:00:00,13726.0
2004-10-07 07:00:00,15046.0
2004-10-07 08:00:00,15417.0
2004-10-07 09:00:00,15646.0
2004-10-07 10:00:00,15887.0
2004-10-07 11:00:00,15969.0
2004-10-07 12:00:00,15966.0
2004-10-07 13:00:00,16086.0
2004-10-07 14:00:00,16020.0
2004-10-07 15:00:00,15937.0
2004-10-07 16:00:00,15910.0
2004-10-07 17:00:00,15957.0
2004-10-07 18:00:00,16643.0
2004-10-07 19:00:00,16983.0
2004-10-07 20:00:00,16314.0
2004-10-07 21:00:00,15067.0
2004-10-07 22:00:00,13395.0
2004-10-07 23:00:00,11923.0
2004-10-08 00:00:00,10870.0
2004-10-08 01:00:00,10333.0
2004-10-08 02:00:00,10071.0
2004-10-08 03:00:00,9974.0
2004-10-08 04:00:00,10211.0
2004-10-08 05:00:00,11268.0
2004-10-08 06:00:00,13410.0
2004-10-08 07:00:00,14772.0
2004-10-08 08:00:00,15306.0
2004-10-08 09:00:00,15702.0
2004-10-08 10:00:00,16075.0
2004-10-08 11:00:00,16218.0
2004-10-08 12:00:00,16246.0
2004-10-08 13:00:00,16359.0
2004-10-08 14:00:00,16230.0
2004-10-08 15:00:00,16037.0
2004-10-08 16:00:00,15882.0
2004-10-08 17:00:00,15677.0
2004-10-08 18:00:00,16233.0
2004-10-08 19:00:00,16273.0
2004-10-08 20:00:00,15665.0
2004-10-08 21:00:00,14675.0
2004-10-08 22:00:00,13410.0
2004-10-08 23:00:00,12069.0
2004-10-09 00:00:00,10942.0
2004-10-09 01:00:00,10328.0
2004-10-09 02:00:00,9979.0
2004-10-09 03:00:00,9803.0
2004-10-09 04:00:00,9840.0
2004-10-09 05:00:00,10181.0
2004-10-09 06:00:00,10979.0
2004-10-09 07:00:00,11942.0
2004-10-09 08:00:00,13203.0
2004-10-09 09:00:00,14035.0
2004-10-09 10:00:00,14389.0
2004-10-09 11:00:00,14347.0
2004-10-09 12:00:00,14159.0
2004-10-09 13:00:00,13937.0
2004-10-09 14:00:00,13673.0
2004-10-09 15:00:00,13526.0
2004-10-09 16:00:00,13595.0
2004-10-09 17:00:00,13954.0
2004-10-09 18:00:00,14890.0
2004-10-09 19:00:00,15003.0
2004-10-09 20:00:00,14502.0
2004-10-09 21:00:00,13745.0
2004-10-09 22:00:00,12693.0
2004-10-09 23:00:00,11567.0
2004-10-10 00:00:00,10640.0
2004-10-10 01:00:00,10061.0
2004-10-10 02:00:00,9728.0
2004-10-10 03:00:00,9574.0
2004-10-10 04:00:00,9552.0
2004-10-10 05:00:00,9740.0
2004-10-10 06:00:00,10232.0
2004-10-10 07:00:00,10900.0
2004-10-10 08:00:00,11991.0
2004-10-10 09:00:00,12872.0
2004-10-10 10:00:00,13250.0
2004-10-10 11:00:00,13429.0
2004-10-10 12:00:00,13451.0
2004-10-10 13:00:00,13320.0
2004-10-10 14:00:00,13142.0
2004-10-10 15:00:00,13080.0
2004-10-10 16:00:00,13290.0
2004-10-10 17:00:00,13750.0
2004-10-10 18:00:00,14627.0
2004-10-10 19:00:00,14730.0
2004-10-10 20:00:00,14182.0
2004-10-10 21:00:00,13258.0
2004-10-10 22:00:00,12138.0
2004-10-10 23:00:00,11048.0
2004-10-11 00:00:00,10227.0
2004-10-11 01:00:00,9788.0
2004-10-11 02:00:00,9572.0
2004-10-11 03:00:00,9491.0
2004-10-11 04:00:00,9678.0
2004-10-11 05:00:00,10421.0
2004-10-11 06:00:00,11822.0
2004-10-11 07:00:00,12974.0
2004-10-11 08:00:00,14058.0
2004-10-11 09:00:00,14844.0
2004-10-11 10:00:00,15255.0
2004-10-11 11:00:00,15284.0
2004-10-11 12:00:00,15147.0
2004-10-11 13:00:00,15046.0
2004-10-11 14:00:00,14870.0
2004-10-11 15:00:00,14783.0
2004-10-11 16:00:00,14969.0
2004-10-11 17:00:00,15365.0
2004-10-11 18:00:00,16306.0
2004-10-11 19:00:00,16461.0
2004-10-11 20:00:00,15765.0
2004-10-11 21:00:00,14528.0
2004-10-11 22:00:00,12947.0
2004-10-11 23:00:00,11554.0
2004-10-12 00:00:00,10605.0
2004-10-12 01:00:00,10131.0
2004-10-12 02:00:00,9928.0
2004-10-12 03:00:00,9848.0
2004-10-12 04:00:00,10126.0
2004-10-12 05:00:00,11244.0
2004-10-12 06:00:00,13557.0
2004-10-12 07:00:00,15027.0
2004-10-12 08:00:00,15478.0
2004-10-12 09:00:00,15694.0
2004-10-12 10:00:00,15884.0
2004-10-12 11:00:00,15912.0
2004-10-12 12:00:00,15818.0
2004-10-12 13:00:00,15770.0
2004-10-12 14:00:00,15594.0
2004-10-12 15:00:00,15504.0
2004-10-12 16:00:00,15586.0
2004-10-12 17:00:00,15871.0
2004-10-12 18:00:00,16751.0
2004-10-12 19:00:00,16945.0
2004-10-12 20:00:00,16159.0
2004-10-12 21:00:00,14898.0
2004-10-12 22:00:00,13264.0
2004-10-12 23:00:00,11931.0
2004-10-13 00:00:00,10837.0
2004-10-13 01:00:00,10295.0
2004-10-13 02:00:00,10062.0
2004-10-13 03:00:00,9998.0
2004-10-13 04:00:00,10275.0
2004-10-13 05:00:00,11378.0
2004-10-13 06:00:00,13679.0
2004-10-13 07:00:00,15004.0
2004-10-13 08:00:00,15342.0
2004-10-13 09:00:00,15521.0
2004-10-13 10:00:00,15726.0
2004-10-13 11:00:00,15759.0
2004-10-13 12:00:00,15734.0
2004-10-13 13:00:00,15783.0
2004-10-13 14:00:00,15694.0
2004-10-13 15:00:00,15603.0
2004-10-13 16:00:00,15611.0
2004-10-13 17:00:00,15799.0
2004-10-13 18:00:00,16732.0
2004-10-13 19:00:00,16834.0
2004-10-13 20:00:00,16110.0
2004-10-13 21:00:00,14824.0
2004-10-13 22:00:00,13295.0
2004-10-13 23:00:00,11915.0
2004-10-14 00:00:00,10798.0
2004-10-14 01:00:00,10236.0
2004-10-14 02:00:00,9994.0
2004-10-14 03:00:00,9934.0
2004-10-14 04:00:00,10181.0
2004-10-14 05:00:00,11286.0
2004-10-14 06:00:00,13552.0
2004-10-14 07:00:00,14922.0
2004-10-14 08:00:00,15316.0
2004-10-14 09:00:00,15516.0
2004-10-14 10:00:00,15718.0
2004-10-14 11:00:00,15815.0
2004-10-14 12:00:00,15799.0
2004-10-14 13:00:00,15830.0
2004-10-14 14:00:00,15741.0
2004-10-14 15:00:00,15695.0
2004-10-14 16:00:00,15855.0
2004-10-14 17:00:00,16263.0
2004-10-14 18:00:00,17013.0
2004-10-14 19:00:00,16912.0
2004-10-14 20:00:00,16221.0
2004-10-14 21:00:00,15057.0
2004-10-14 22:00:00,13427.0
2004-10-14 23:00:00,12000.0
2004-10-15 00:00:00,11001.0
2004-10-15 01:00:00,10466.0
2004-10-15 02:00:00,10191.0
2004-10-15 03:00:00,10100.0
2004-10-15 04:00:00,10344.0
2004-10-15 05:00:00,11364.0
2004-10-15 06:00:00,13638.0
2004-10-15 07:00:00,15251.0
2004-10-15 08:00:00,15705.0
2004-10-15 09:00:00,15970.0
2004-10-15 10:00:00,16205.0
2004-10-15 11:00:00,16244.0
2004-10-15 12:00:00,16130.0
2004-10-15 13:00:00,16086.0
2004-10-15 14:00:00,15911.0
2004-10-15 15:00:00,15826.0
2004-10-15 16:00:00,15951.0
2004-10-15 17:00:00,16324.0
2004-10-15 18:00:00,16707.0
2004-10-15 19:00:00,16328.0
2004-10-15 20:00:00,15651.0
2004-10-15 21:00:00,14639.0
2004-10-15 22:00:00,13348.0
2004-10-15 23:00:00,12045.0
2004-10-16 00:00:00,11069.0
2004-10-16 01:00:00,10446.0
2004-10-16 02:00:00,10105.0
2004-10-16 03:00:00,9938.0
2004-10-16 04:00:00,9940.0
2004-10-16 05:00:00,10250.0
2004-10-16 06:00:00,11061.0
2004-10-16 07:00:00,12027.0
2004-10-16 08:00:00,13187.0
2004-10-16 09:00:00,13933.0
2004-10-16 10:00:00,14256.0
2004-10-16 11:00:00,14234.0
2004-10-16 12:00:00,14007.0
2004-10-16 13:00:00,13756.0
2004-10-16 14:00:00,13513.0
2004-10-16 15:00:00,13386.0
2004-10-16 16:00:00,13558.0
2004-10-16 17:00:00,14040.0
2004-10-16 18:00:00,14970.0
2004-10-16 19:00:00,14870.0
2004-10-16 20:00:00,14357.0
2004-10-16 21:00:00,13610.0
2004-10-16 22:00:00,12620.0
2004-10-16 23:00:00,11578.0
2004-10-17 00:00:00,10639.0
2004-10-17 01:00:00,9984.0
2004-10-17 02:00:00,9663.0
2004-10-17 03:00:00,9506.0
2004-10-17 04:00:00,9509.0
2004-10-17 05:00:00,9736.0
2004-10-17 06:00:00,10271.0
2004-10-17 07:00:00,10959.0
2004-10-17 08:00:00,12038.0
2004-10-17 09:00:00,12858.0
2004-10-17 10:00:00,13218.0
2004-10-17 11:00:00,13397.0
2004-10-17 12:00:00,13407.0
2004-10-17 13:00:00,13250.0
2004-10-17 14:00:00,13111.0
2004-10-17 15:00:00,13090.0
2004-10-17 16:00:00,13458.0
2004-10-17 17:00:00,14163.0
2004-10-17 18:00:00,15357.0
2004-10-17 19:00:00,15417.0
2004-10-17 20:00:00,14811.0
2004-10-17 21:00:00,13777.0
2004-10-17 22:00:00,12527.0
2004-10-17 23:00:00,11428.0
2004-10-18 00:00:00,10614.0
2004-10-18 01:00:00,10171.0
2004-10-18 02:00:00,9913.0
2004-10-18 03:00:00,9888.0
2004-10-18 04:00:00,10183.0
2004-10-18 05:00:00,11341.0
2004-10-18 06:00:00,13692.0
2004-10-18 07:00:00,15098.0
2004-10-18 08:00:00,15465.0
2004-10-18 09:00:00,15677.0
2004-10-18 10:00:00,15847.0
2004-10-18 11:00:00,15796.0
2004-10-18 12:00:00,15701.0
2004-10-18 13:00:00,15635.0
2004-10-18 14:00:00,15428.0
2004-10-18 15:00:00,15303.0
2004-10-18 16:00:00,15416.0
2004-10-18 17:00:00,15913.0
2004-10-18 18:00:00,17006.0
2004-10-18 19:00:00,16884.0
2004-10-18 20:00:00,16118.0
2004-10-18 21:00:00,14913.0
2004-10-18 22:00:00,13451.0
2004-10-18 23:00:00,12008.0
2004-10-19 00:00:00,10909.0
2004-10-19 01:00:00,10385.0
2004-10-19 02:00:00,10166.0
2004-10-19 03:00:00,10097.0
2004-10-19 04:00:00,10360.0
2004-10-19 05:00:00,11454.0
2004-10-19 06:00:00,13798.0
2004-10-19 07:00:00,15434.0
2004-10-19 08:00:00,15872.0
2004-10-19 09:00:00,16135.0
2004-10-19 10:00:00,16306.0
2004-10-19 11:00:00,16297.0
2004-10-19 12:00:00,16231.0
2004-10-19 13:00:00,16198.0
2004-10-19 14:00:00,16036.0
2004-10-19 15:00:00,16017.0
2004-10-19 16:00:00,16308.0
2004-10-19 17:00:00,16926.0
2004-10-19 18:00:00,17564.0
2004-10-19 19:00:00,17297.0
2004-10-19 20:00:00,16515.0
2004-10-19 21:00:00,15298.0
2004-10-19 22:00:00,13804.0
2004-10-19 23:00:00,12452.0
2004-10-20 00:00:00,11410.0
2004-10-20 01:00:00,10710.0
2004-10-20 02:00:00,10394.0
2004-10-20 03:00:00,10311.0
2004-10-20 04:00:00,10579.0
2004-10-20 05:00:00,11672.0
2004-10-20 06:00:00,13994.0
2004-10-20 07:00:00,15440.0
2004-10-20 08:00:00,15737.0
2004-10-20 09:00:00,15868.0
2004-10-20 10:00:00,15915.0
2004-10-20 11:00:00,15870.0
2004-10-20 12:00:00,15698.0
2004-10-20 13:00:00,15633.0
2004-10-20 14:00:00,15436.0
2004-10-20 15:00:00,15363.0
2004-10-20 16:00:00,15548.0
2004-10-20 17:00:00,16058.0
2004-10-20 18:00:00,17129.0
2004-10-20 19:00:00,17064.0
2004-10-20 20:00:00,16335.0
2004-10-20 21:00:00,15150.0
2004-10-20 22:00:00,13795.0
2004-10-20 23:00:00,12510.0
2004-10-21 00:00:00,11480.0
2004-10-21 01:00:00,10752.0
2004-10-21 02:00:00,10404.0
2004-10-21 03:00:00,10363.0
2004-10-21 04:00:00,10612.0
2004-10-21 05:00:00,11695.0
2004-10-21 06:00:00,13975.0
2004-10-21 07:00:00,15450.0
2004-10-21 08:00:00,15792.0
2004-10-21 09:00:00,15942.0
2004-10-21 10:00:00,16053.0
2004-10-21 11:00:00,16031.0
2004-10-21 12:00:00,15883.0
2004-10-21 13:00:00,15846.0
2004-10-21 14:00:00,15666.0
2004-10-21 15:00:00,15607.0
2004-10-21 16:00:00,15818.0
2004-10-21 17:00:00,16374.0
2004-10-21 18:00:00,17274.0
2004-10-21 19:00:00,17111.0
2004-10-21 20:00:00,16426.0
2004-10-21 21:00:00,15236.0
2004-10-21 22:00:00,13646.0
2004-10-21 23:00:00,12205.0
2004-10-22 00:00:00,11165.0
2004-10-22 01:00:00,10657.0
2004-10-22 02:00:00,10400.0
2004-10-22 03:00:00,10346.0
2004-10-22 04:00:00,10593.0
2004-10-22 05:00:00,11650.0
2004-10-22 06:00:00,13913.0
2004-10-22 07:00:00,15467.0
2004-10-22 08:00:00,15865.0
2004-10-22 09:00:00,16055.0
2004-10-22 10:00:00,16141.0
2004-10-22 11:00:00,16100.0
2004-10-22 12:00:00,15925.0
2004-10-22 13:00:00,15864.0
2004-10-22 14:00:00,15649.0
2004-10-22 15:00:00,15503.0
2004-10-22 16:00:00,15589.0
2004-10-22 17:00:00,16004.0
2004-10-22 18:00:00,16652.0
2004-10-22 19:00:00,16311.0
2004-10-22 20:00:00,15691.0
2004-10-22 21:00:00,14800.0
2004-10-22 22:00:00,13567.0
2004-10-22 23:00:00,12245.0
2004-10-23 00:00:00,11249.0
2004-10-23 01:00:00,10659.0
2004-10-23 02:00:00,10352.0
2004-10-23 03:00:00,10228.0
2004-10-23 04:00:00,10324.0
2004-10-23 05:00:00,10716.0
2004-10-23 06:00:00,11609.0
2004-10-23 07:00:00,12674.0
2004-10-23 08:00:00,13848.0
2004-10-23 09:00:00,14560.0
2004-10-23 10:00:00,14835.0
2004-10-23 11:00:00,14757.0
2004-10-23 12:00:00,14515.0
2004-10-23 13:00:00,14219.0
2004-10-23 14:00:00,13965.0
2004-10-23 15:00:00,13866.0
2004-10-23 16:00:00,14129.0
2004-10-23 17:00:00,14765.0
2004-10-23 18:00:00,15587.0
2004-10-23 19:00:00,15309.0
2004-10-23 20:00:00,14746.0
2004-10-23 21:00:00,14006.0
2004-10-23 22:00:00,13048.0
2004-10-23 23:00:00,12047.0
2004-10-24 00:00:00,11092.0
2004-10-24 01:00:00,10383.0
2004-10-24 02:00:00,10007.0
2004-10-24 03:00:00,9833.0
2004-10-24 04:00:00,9852.0
2004-10-24 05:00:00,10067.0
2004-10-24 06:00:00,10593.0
2004-10-24 07:00:00,11322.0
2004-10-24 08:00:00,12442.0
2004-10-24 09:00:00,13421.0
2004-10-24 10:00:00,13922.0
2004-10-24 11:00:00,14161.0
2004-10-24 12:00:00,14196.0
2004-10-24 13:00:00,14064.0
2004-10-24 14:00:00,13932.0
2004-10-24 15:00:00,13975.0
2004-10-24 16:00:00,14303.0
2004-10-24 17:00:00,15095.0
2004-10-24 18:00:00,15888.0
2004-10-24 19:00:00,15753.0
2004-10-24 20:00:00,15079.0
2004-10-24 21:00:00,14087.0
2004-10-24 22:00:00,12873.0
2004-10-24 23:00:00,11728.0
2004-10-25 00:00:00,10715.0
2004-10-25 01:00:00,10203.0
2004-10-25 02:00:00,10016.0
2004-10-25 03:00:00,9991.0
2004-10-25 04:00:00,10296.0
2004-10-25 05:00:00,11448.0
2004-10-25 06:00:00,13827.0
2004-10-25 07:00:00,15426.0
2004-10-25 08:00:00,15784.0
2004-10-25 09:00:00,15980.0
2004-10-25 10:00:00,16142.0
2004-10-25 11:00:00,16123.0
2004-10-25 12:00:00,15974.0
2004-10-25 13:00:00,15874.0
2004-10-25 14:00:00,15699.0
2004-10-25 15:00:00,15657.0
2004-10-25 16:00:00,15928.0
2004-10-25 17:00:00,16614.0
2004-10-25 18:00:00,17467.0
2004-10-25 19:00:00,17155.0
2004-10-25 20:00:00,16391.0
2004-10-25 21:00:00,15199.0
2004-10-25 22:00:00,13515.0
2004-10-25 23:00:00,12083.0
2004-10-26 00:00:00,11093.0
2004-10-26 01:00:00,10602.0
2004-10-26 02:00:00,10380.0
2004-10-26 03:00:00,10345.0
2004-10-26 04:00:00,10630.0
2004-10-26 05:00:00,11806.0
2004-10-26 06:00:00,14212.0
2004-10-26 07:00:00,15663.0
2004-10-26 08:00:00,15865.0
2004-10-26 09:00:00,15927.0
2004-10-26 10:00:00,15963.0
2004-10-26 11:00:00,15894.0
2004-10-26 12:00:00,15739.0
2004-10-26 13:00:00,15652.0
2004-10-26 14:00:00,15467.0
2004-10-26 15:00:00,15334.0
2004-10-26 16:00:00,15450.0
2004-10-26 17:00:00,16015.0
2004-10-26 18:00:00,17224.0
2004-10-26 19:00:00,17088.0
2004-10-26 20:00:00,16371.0
2004-10-26 21:00:00,15205.0
2004-10-26 22:00:00,13716.0
2004-10-26 23:00:00,12345.0
2004-10-27 00:00:00,11223.0
2004-10-27 01:00:00,10663.0
2004-10-27 02:00:00,10445.0
2004-10-27 03:00:00,10396.0
2004-10-27 04:00:00,10672.0
2004-10-27 05:00:00,11803.0
2004-10-27 06:00:00,14189.0
2004-10-27 07:00:00,15626.0
2004-10-27 08:00:00,15842.0
2004-10-27 09:00:00,15907.0
2004-10-27 10:00:00,15967.0
2004-10-27 11:00:00,15918.0
2004-10-27 12:00:00,15774.0
2004-10-27 13:00:00,15721.0
2004-10-27 14:00:00,15535.0
2004-10-27 15:00:00,15463.0
2004-10-27 16:00:00,15609.0
2004-10-27 17:00:00,16177.0
2004-10-27 18:00:00,17212.0
2004-10-27 19:00:00,17020.0
2004-10-27 20:00:00,16274.0
2004-10-27 21:00:00,15140.0
2004-10-27 22:00:00,13678.0
2004-10-27 23:00:00,12440.0
2004-10-28 00:00:00,11407.0
2004-10-28 01:00:00,10741.0
2004-10-28 02:00:00,10430.0
2004-10-28 03:00:00,10370.0
2004-10-28 04:00:00,10652.0
2004-10-28 05:00:00,11755.0
2004-10-28 06:00:00,14141.0
2004-10-28 07:00:00,15577.0
2004-10-28 08:00:00,15793.0
2004-10-28 09:00:00,15866.0
2004-10-28 10:00:00,15892.0
2004-10-28 11:00:00,15795.0
2004-10-28 12:00:00,15582.0
2004-10-28 13:00:00,15492.0
2004-10-28 14:00:00,15308.0
2004-10-28 15:00:00,15198.0
2004-10-28 16:00:00,15302.0
2004-10-28 17:00:00,15928.0
2004-10-28 18:00:00,17125.0
2004-10-28 19:00:00,17040.0
2004-10-28 20:00:00,16464.0
2004-10-28 21:00:00,15361.0
2004-10-28 22:00:00,13766.0
2004-10-28 23:00:00,12339.0
2004-10-29 00:00:00,11386.0
2004-10-29 01:00:00,10914.0
2004-10-29 02:00:00,10703.0
2004-10-29 03:00:00,10648.0
2004-10-29 04:00:00,10896.0
2004-10-29 05:00:00,11970.0
2004-10-29 06:00:00,14291.0
2004-10-29 07:00:00,15773.0
2004-10-29 08:00:00,16014.0
2004-10-29 09:00:00,16081.0
2004-10-29 10:00:00,16131.0
2004-10-29 11:00:00,16013.0
2004-10-29 12:00:00,15759.0
2004-10-29 13:00:00,15574.0
2004-10-29 14:00:00,15307.0
2004-10-29 15:00:00,15126.0
2004-10-29 16:00:00,15143.0
2004-10-29 17:00:00,15647.0
2004-10-29 18:00:00,16459.0
2004-10-29 19:00:00,16097.0
2004-10-29 20:00:00,15511.0
2004-10-29 21:00:00,14651.0
2004-10-29 22:00:00,13421.0
2004-10-29 23:00:00,12140.0
2004-10-30 00:00:00,11131.0
2004-10-30 01:00:00,10557.0
2004-10-30 02:00:00,10228.0
2004-10-30 03:00:00,10094.0
2004-10-30 04:00:00,10138.0
2004-10-30 05:00:00,10518.0
2004-10-30 06:00:00,11362.0
2004-10-30 07:00:00,12459.0
2004-10-30 08:00:00,13689.0
2004-10-30 09:00:00,14594.0
2004-10-30 10:00:00,14989.0
2004-10-30 11:00:00,15060.0
2004-10-30 12:00:00,14930.0
2004-10-30 13:00:00,14703.0
2004-10-30 14:00:00,14481.0
2004-10-30 15:00:00,14415.0
2004-10-30 16:00:00,14686.0
2004-10-30 17:00:00,15319.0
2004-10-30 18:00:00,15573.0
2004-10-30 19:00:00,15105.0
2004-10-30 20:00:00,14552.0
2004-10-30 21:00:00,13813.0
2004-10-30 22:00:00,12827.0
2004-10-30 23:00:00,11757.0
2004-10-31 00:00:00,10790.0
2004-10-31 01:00:00,19952.0
2004-10-31 02:00:00,9630.0
2004-10-31 03:00:00,9533.0
2004-10-31 04:00:00,9596.0
2004-10-31 05:00:00,9953.0
2004-10-31 06:00:00,10537.0
2004-10-31 07:00:00,11565.0
2004-10-31 08:00:00,12634.0
2004-10-31 09:00:00,13301.0
2004-10-31 10:00:00,13531.0
2004-10-31 11:00:00,13653.0
2004-10-31 12:00:00,13571.0
2004-10-31 13:00:00,13427.0
2004-10-31 14:00:00,13318.0
2004-10-31 15:00:00,13523.0
2004-10-31 16:00:00,14413.0
2004-10-31 17:00:00,15275.0
2004-10-31 18:00:00,14760.0
2004-10-31 19:00:00,14370.0
2004-10-31 20:00:00,13915.0
2004-10-31 21:00:00,12927.0
2004-10-31 22:00:00,11700.0
2004-10-31 23:00:00,10673.0
2004-11-01 00:00:00,10031.0
2004-11-01 01:00:00,9682.0
2004-11-01 02:00:00,9561.0
2004-11-01 03:00:00,9578.0
2004-11-01 04:00:00,9948.0
2004-11-01 05:00:00,11207.0
2004-11-01 06:00:00,13374.0
2004-11-01 07:00:00,14758.0
2004-11-01 08:00:00,15210.0
2004-11-01 09:00:00,15428.0
2004-11-01 10:00:00,15597.0
2004-11-01 11:00:00,15609.0
2004-11-01 12:00:00,15512.0
2004-11-01 13:00:00,15443.0
2004-11-01 14:00:00,15294.0
2004-11-01 15:00:00,15322.0
2004-11-01 16:00:00,16064.0
2004-11-01 17:00:00,17533.0
2004-11-01 18:00:00,17412.0
2004-11-01 19:00:00,16861.0
2004-11-01 20:00:00,15997.0
2004-11-01 21:00:00,14725.0
2004-11-01 22:00:00,13101.0
2004-11-01 23:00:00,11781.0
2004-11-02 00:00:00,10916.0
2004-11-02 01:00:00,10490.0
2004-11-02 02:00:00,10302.0
2004-11-02 03:00:00,10290.0
2004-11-02 04:00:00,10678.0
2004-11-02 05:00:00,11935.0
2004-11-02 06:00:00,13972.0
2004-11-02 07:00:00,15193.0
2004-11-02 08:00:00,15605.0
2004-11-02 09:00:00,15791.0
2004-11-02 10:00:00,15889.0
2004-11-02 11:00:00,15882.0
2004-11-02 12:00:00,15806.0
2004-11-02 13:00:00,15801.0
2004-11-02 14:00:00,15766.0
2004-11-02 15:00:00,15881.0
2004-11-02 16:00:00,16710.0
2004-11-02 17:00:00,17791.0
2004-11-02 18:00:00,17593.0
2004-11-02 19:00:00,17035.0
2004-11-02 20:00:00,16222.0
2004-11-02 21:00:00,14942.0
2004-11-02 22:00:00,13341.0
2004-11-02 23:00:00,12005.0
2004-11-03 00:00:00,11090.0
2004-11-03 01:00:00,10584.0
2004-11-03 02:00:00,10330.0
2004-11-03 03:00:00,10237.0
2004-11-03 04:00:00,10531.0
2004-11-03 05:00:00,11714.0
2004-11-03 06:00:00,13906.0
2004-11-03 07:00:00,15115.0
2004-11-03 08:00:00,15423.0
2004-11-03 09:00:00,15588.0
2004-11-03 10:00:00,15675.0
2004-11-03 11:00:00,15684.0
2004-11-03 12:00:00,15560.0
2004-11-03 13:00:00,15497.0
2004-11-03 14:00:00,15342.0
2004-11-03 15:00:00,15344.0
2004-11-03 16:00:00,16202.0
2004-11-03 17:00:00,17684.0
2004-11-03 18:00:00,17583.0
2004-11-03 19:00:00,17100.0
2004-11-03 20:00:00,16317.0
2004-11-03 21:00:00,15121.0
2004-11-03 22:00:00,13492.0
2004-11-03 23:00:00,12151.0
2004-11-04 00:00:00,11280.0
2004-11-04 01:00:00,10871.0
2004-11-04 02:00:00,10714.0
2004-11-04 03:00:00,10725.0
2004-11-04 04:00:00,11117.0
2004-11-04 05:00:00,12419.0
2004-11-04 06:00:00,14571.0
2004-11-04 07:00:00,15761.0
2004-11-04 08:00:00,15999.0
2004-11-04 09:00:00,16066.0
2004-11-04 10:00:00,16077.0
2004-11-04 11:00:00,15967.0
2004-11-04 12:00:00,15796.0
2004-11-04 13:00:00,15780.0
2004-11-04 14:00:00,15735.0
2004-11-04 15:00:00,16017.0
2004-11-04 16:00:00,17124.0
2004-11-04 17:00:00,18047.0
2004-11-04 18:00:00,17861.0
2004-11-04 19:00:00,17367.0
2004-11-04 20:00:00,16539.0
2004-11-04 21:00:00,15263.0
2004-11-04 22:00:00,13660.0
2004-11-04 23:00:00,12221.0
2004-11-05 00:00:00,11252.0
2004-11-05 01:00:00,10745.0
2004-11-05 02:00:00,10514.0
2004-11-05 03:00:00,10449.0
2004-11-05 04:00:00,10752.0
2004-11-05 05:00:00,11914.0
2004-11-05 06:00:00,14016.0
2004-11-05 07:00:00,15287.0
2004-11-05 08:00:00,15665.0
2004-11-05 09:00:00,15827.0
2004-11-05 10:00:00,15896.0
2004-11-05 11:00:00,15807.0
2004-11-05 12:00:00,15601.0
2004-11-05 13:00:00,15549.0
2004-11-05 14:00:00,15380.0
2004-11-05 15:00:00,15373.0
2004-11-05 16:00:00,16184.0
2004-11-05 17:00:00,17361.0
2004-11-05 18:00:00,17085.0
2004-11-05 19:00:00,16500.0
2004-11-05 20:00:00,15832.0
2004-11-05 21:00:00,14888.0
2004-11-05 22:00:00,13630.0
2004-11-05 23:00:00,12321.0
2004-11-06 00:00:00,11396.0
2004-11-06 01:00:00,10849.0
2004-11-06 02:00:00,10575.0
2004-11-06 03:00:00,10469.0
2004-11-06 04:00:00,10568.0
2004-11-06 05:00:00,11042.0
2004-11-06 06:00:00,11809.0
2004-11-06 07:00:00,12839.0
2004-11-06 08:00:00,13921.0
2004-11-06 09:00:00,14400.0
2004-11-06 10:00:00,14479.0
2004-11-06 11:00:00,14313.0
2004-11-06 12:00:00,14029.0
2004-11-06 13:00:00,13698.0
2004-11-06 14:00:00,13391.0
2004-11-06 15:00:00,13444.0
2004-11-06 16:00:00,14433.0
2004-11-06 17:00:00,15726.0
2004-11-06 18:00:00,15500.0
2004-11-06 19:00:00,14954.0
2004-11-06 20:00:00,14403.0
2004-11-06 21:00:00,13667.0
2004-11-06 22:00:00,12609.0
2004-11-06 23:00:00,11541.0
2004-11-07 00:00:00,10683.0
2004-11-07 01:00:00,10170.0
2004-11-07 02:00:00,9925.0
2004-11-07 03:00:00,9814.0
2004-11-07 04:00:00,9866.0
2004-11-07 05:00:00,10151.0
2004-11-07 06:00:00,10628.0
2004-11-07 07:00:00,11430.0
2004-11-07 08:00:00,12405.0
2004-11-07 09:00:00,13046.0
2004-11-07 10:00:00,13292.0
2004-11-07 11:00:00,13385.0
2004-11-07 12:00:00,13322.0
2004-11-07 13:00:00,13178.0
2004-11-07 14:00:00,13048.0
2004-11-07 15:00:00,13245.0
2004-11-07 16:00:00,14341.0
2004-11-07 17:00:00,15850.0
2004-11-07 18:00:00,15721.0
2004-11-07 19:00:00,15246.0
2004-11-07 20:00:00,14541.0
2004-11-07 21:00:00,13410.0
2004-11-07 22:00:00,12148.0
2004-11-07 23:00:00,10983.0
2004-11-08 00:00:00,10232.0
2004-11-08 01:00:00,9867.0
2004-11-08 02:00:00,9728.0
2004-11-08 03:00:00,9773.0
2004-11-08 04:00:00,10145.0
2004-11-08 05:00:00,11411.0
2004-11-08 06:00:00,13668.0
2004-11-08 07:00:00,15066.0
2004-11-08 08:00:00,15466.0
2004-11-08 09:00:00,15673.0
2004-11-08 10:00:00,15812.0
2004-11-08 11:00:00,15786.0
2004-11-08 12:00:00,15648.0
2004-11-08 13:00:00,15600.0
2004-11-08 14:00:00,15479.0
2004-11-08 15:00:00,15623.0
2004-11-08 16:00:00,16714.0
2004-11-08 17:00:00,18180.0
2004-11-08 18:00:00,18072.0
2004-11-08 19:00:00,17580.0
2004-11-08 20:00:00,16814.0
2004-11-08 21:00:00,15569.0
2004-11-08 22:00:00,13942.0
2004-11-08 23:00:00,12541.0
2004-11-09 00:00:00,11684.0
2004-11-09 01:00:00,11264.0
2004-11-09 02:00:00,11119.0
2004-11-09 03:00:00,11146.0
2004-11-09 04:00:00,11524.0
2004-11-09 05:00:00,12802.0
2004-11-09 06:00:00,15035.0
2004-11-09 07:00:00,16218.0
2004-11-09 08:00:00,16402.0
2004-11-09 09:00:00,16447.0
2004-11-09 10:00:00,16502.0
2004-11-09 11:00:00,16383.0
2004-11-09 12:00:00,16192.0
2004-11-09 13:00:00,16145.0
2004-11-09 14:00:00,16021.0
2004-11-09 15:00:00,16193.0
2004-11-09 16:00:00,17335.0
2004-11-09 17:00:00,18781.0
2004-11-09 18:00:00,18680.0
2004-11-09 19:00:00,18238.0
2004-11-09 20:00:00,17517.0
2004-11-09 21:00:00,16303.0
2004-11-09 22:00:00,14679.0
2004-11-09 23:00:00,13245.0
2004-11-10 00:00:00,12365.0
2004-11-10 01:00:00,11968.0
2004-11-10 02:00:00,11816.0
2004-11-10 03:00:00,11861.0
2004-11-10 04:00:00,12234.0
2004-11-10 05:00:00,13527.0
2004-11-10 06:00:00,15701.0
2004-11-10 07:00:00,16850.0
2004-11-10 08:00:00,16988.0
2004-11-10 09:00:00,16866.0
2004-11-10 10:00:00,16835.0
2004-11-10 11:00:00,16731.0
2004-11-10 12:00:00,16500.0
2004-11-10 13:00:00,16407.0
2004-11-10 14:00:00,16300.0
2004-11-10 15:00:00,16420.0
2004-11-10 16:00:00,17433.0
2004-11-10 17:00:00,18674.0
2004-11-10 18:00:00,18440.0
2004-11-10 19:00:00,17956.0
2004-11-10 20:00:00,17171.0
2004-11-10 21:00:00,16025.0
2004-11-10 22:00:00,14480.0
2004-11-10 23:00:00,13087.0
2004-11-11 00:00:00,12108.0
2004-11-11 01:00:00,11576.0
2004-11-11 02:00:00,11335.0
2004-11-11 03:00:00,11265.0
2004-11-11 04:00:00,11501.0
2004-11-11 05:00:00,12387.0
2004-11-11 06:00:00,13841.0
2004-11-11 07:00:00,15010.0
2004-11-11 08:00:00,15809.0
2004-11-11 09:00:00,16127.0
2004-11-11 10:00:00,16176.0
2004-11-11 11:00:00,16106.0
2004-11-11 12:00:00,15888.0
2004-11-11 13:00:00,15701.0
2004-11-11 14:00:00,15496.0
2004-11-11 15:00:00,15474.0
2004-11-11 16:00:00,16543.0
2004-11-11 17:00:00,17837.0
2004-11-11 18:00:00,17650.0
2004-11-11 19:00:00,17152.0
2004-11-11 20:00:00,16386.0
2004-11-11 21:00:00,15202.0
2004-11-11 22:00:00,13713.0
2004-11-11 23:00:00,12339.0
2004-11-12 00:00:00,11440.0
2004-11-12 01:00:00,10974.0
2004-11-12 02:00:00,10790.0
2004-11-12 03:00:00,10785.0
2004-11-12 04:00:00,11126.0
2004-11-12 05:00:00,12258.0
2004-11-12 06:00:00,14420.0
2004-11-12 07:00:00,15877.0
2004-11-12 08:00:00,16419.0
2004-11-12 09:00:00,16660.0
2004-11-12 10:00:00,16787.0
2004-11-12 11:00:00,16855.0
2004-11-12 12:00:00,16852.0
2004-11-12 13:00:00,16889.0
2004-11-12 14:00:00,16819.0
2004-11-12 15:00:00,16988.0
2004-11-12 16:00:00,17878.0
2004-11-12 17:00:00,18516.0
2004-11-12 18:00:00,18112.0
2004-11-12 19:00:00,17475.0
2004-11-12 20:00:00,16731.0
2004-11-12 21:00:00,15712.0
2004-11-12 22:00:00,14443.0
2004-11-12 23:00:00,13151.0
2004-11-13 00:00:00,12198.0
2004-11-13 01:00:00,11686.0
2004-11-13 02:00:00,11437.0
2004-11-13 03:00:00,11333.0
2004-11-13 04:00:00,11445.0
2004-11-13 05:00:00,11909.0
2004-11-13 06:00:00,12735.0
2004-11-13 07:00:00,13768.0
2004-11-13 08:00:00,14977.0
2004-11-13 09:00:00,15628.0
2004-11-13 10:00:00,15835.0
2004-11-13 11:00:00,15688.0
2004-11-13 12:00:00,15310.0
2004-11-13 13:00:00,14915.0
2004-11-13 14:00:00,14646.0
2004-11-13 15:00:00,14710.0
2004-11-13 16:00:00,15836.0
2004-11-13 17:00:00,17134.0
2004-11-13 18:00:00,16918.0
2004-11-13 19:00:00,16417.0
2004-11-13 20:00:00,15862.0
2004-11-13 21:00:00,15112.0
2004-11-13 22:00:00,14101.0
2004-11-13 23:00:00,13069.0
2004-11-14 00:00:00,12222.0
2004-11-14 01:00:00,11744.0
2004-11-14 02:00:00,11508.0
2004-11-14 03:00:00,11427.0
2004-11-14 04:00:00,11520.0
2004-11-14 05:00:00,11829.0
2004-11-14 06:00:00,12334.0
2004-11-14 07:00:00,13039.0
2004-11-14 08:00:00,13930.0
2004-11-14 09:00:00,14491.0
2004-11-14 10:00:00,14660.0
2004-11-14 11:00:00,14652.0
2004-11-14 12:00:00,14500.0
2004-11-14 13:00:00,14237.0
2004-11-14 14:00:00,14017.0
2004-11-14 15:00:00,14199.0
2004-11-14 16:00:00,15539.0
2004-11-14 17:00:00,16976.0
2004-11-14 18:00:00,16878.0
2004-11-14 19:00:00,16492.0
2004-11-14 20:00:00,15884.0
2004-11-14 21:00:00,14796.0
2004-11-14 22:00:00,13483.0
2004-11-14 23:00:00,12361.0
2004-11-15 00:00:00,11530.0
2004-11-15 01:00:00,11144.0
2004-11-15 02:00:00,11023.0
2004-11-15 03:00:00,11051.0
2004-11-15 04:00:00,11432.0
2004-11-15 05:00:00,12685.0
2004-11-15 06:00:00,14877.0
2004-11-15 07:00:00,16081.0
2004-11-15 08:00:00,16287.0
2004-11-15 09:00:00,16299.0
2004-11-15 10:00:00,16331.0
2004-11-15 11:00:00,16198.0
2004-11-15 12:00:00,15992.0
2004-11-15 13:00:00,15889.0
2004-11-15 14:00:00,15673.0
2004-11-15 15:00:00,15745.0
2004-11-15 16:00:00,16917.0
2004-11-15 17:00:00,18262.0
2004-11-15 18:00:00,18090.0
2004-11-15 19:00:00,17598.0
2004-11-15 20:00:00,16837.0
2004-11-15 21:00:00,15606.0
2004-11-15 22:00:00,13970.0
2004-11-15 23:00:00,12534.0
2004-11-16 00:00:00,11635.0
2004-11-16 01:00:00,11175.0
2004-11-16 02:00:00,11008.0
2004-11-16 03:00:00,11011.0
2004-11-16 04:00:00,11370.0
2004-11-16 05:00:00,12653.0
2004-11-16 06:00:00,14906.0
2004-11-16 07:00:00,16121.0
2004-11-16 08:00:00,16369.0
2004-11-16 09:00:00,16426.0
2004-11-16 10:00:00,16430.0
2004-11-16 11:00:00,16287.0
2004-11-16 12:00:00,16075.0
2004-11-16 13:00:00,15964.0
2004-11-16 14:00:00,15800.0
2004-11-16 15:00:00,15873.0
2004-11-16 16:00:00,17104.0
2004-11-16 17:00:00,18332.0
2004-11-16 18:00:00,18166.0
2004-11-16 19:00:00,17688.0
2004-11-16 20:00:00,16925.0
2004-11-16 21:00:00,15759.0
2004-11-16 22:00:00,14128.0
2004-11-16 23:00:00,12663.0
2004-11-17 00:00:00,11753.0
2004-11-17 01:00:00,11308.0
2004-11-17 02:00:00,11148.0
2004-11-17 03:00:00,11153.0
2004-11-17 04:00:00,11522.0
2004-11-17 05:00:00,12768.0
2004-11-17 06:00:00,15018.0
2004-11-17 07:00:00,16224.0
2004-11-17 08:00:00,16377.0
2004-11-17 09:00:00,16324.0
2004-11-17 10:00:00,16285.0
2004-11-17 11:00:00,16151.0
2004-11-17 12:00:00,15942.0
2004-11-17 13:00:00,15861.0
2004-11-17 14:00:00,15716.0
2004-11-17 15:00:00,15874.0
2004-11-17 16:00:00,17109.0
2004-11-17 17:00:00,18174.0
2004-11-17 18:00:00,17941.0
2004-11-17 19:00:00,17458.0
2004-11-17 20:00:00,16696.0
2004-11-17 21:00:00,15479.0
2004-11-17 22:00:00,13825.0
2004-11-17 23:00:00,12388.0
2004-11-18 00:00:00,11428.0
2004-11-18 01:00:00,10959.0
2004-11-18 02:00:00,10746.0
2004-11-18 03:00:00,10718.0
2004-11-18 04:00:00,11068.0
2004-11-18 05:00:00,12286.0
2004-11-18 06:00:00,14566.0
2004-11-18 07:00:00,15867.0
2004-11-18 08:00:00,16128.0
2004-11-18 09:00:00,16153.0
2004-11-18 10:00:00,16189.0
2004-11-18 11:00:00,16093.0
2004-11-18 12:00:00,15904.0
2004-11-18 13:00:00,15829.0
2004-11-18 14:00:00,15722.0
2004-11-18 15:00:00,15828.0
2004-11-18 16:00:00,16962.0
2004-11-18 17:00:00,17872.0
2004-11-18 18:00:00,17608.0
2004-11-18 19:00:00,17147.0
2004-11-18 20:00:00,16362.0
2004-11-18 21:00:00,15148.0
2004-11-18 22:00:00,13561.0
2004-11-18 23:00:00,12117.0
2004-11-19 00:00:00,11117.0
2004-11-19 01:00:00,10615.0
2004-11-19 02:00:00,10365.0
2004-11-19 03:00:00,10309.0
2004-11-19 04:00:00,10601.0
2004-11-19 05:00:00,11765.0
2004-11-19 06:00:00,13970.0
2004-11-19 07:00:00,15288.0
2004-11-19 08:00:00,15612.0
2004-11-19 09:00:00,15730.0
2004-11-19 10:00:00,15808.0
2004-11-19 11:00:00,15755.0
2004-11-19 12:00:00,15553.0
2004-11-19 13:00:00,15460.0
2004-11-19 14:00:00,15257.0
2004-11-19 15:00:00,15229.0
2004-11-19 16:00:00,16291.0
2004-11-19 17:00:00,17202.0
2004-11-19 18:00:00,16859.0
2004-11-19 19:00:00,16235.0
2004-11-19 20:00:00,15618.0
2004-11-19 21:00:00,14752.0
2004-11-19 22:00:00,13549.0
2004-11-19 23:00:00,12297.0
2004-11-20 00:00:00,11369.0
2004-11-20 01:00:00,10841.0
2004-11-20 02:00:00,10598.0
2004-11-20 03:00:00,10511.0
2004-11-20 04:00:00,10650.0
2004-11-20 05:00:00,11155.0
2004-11-20 06:00:00,12012.0
2004-11-20 07:00:00,13022.0
2004-11-20 08:00:00,14123.0
2004-11-20 09:00:00,14628.0
2004-11-20 10:00:00,14742.0
2004-11-20 11:00:00,14631.0
2004-11-20 12:00:00,14457.0
2004-11-20 13:00:00,14281.0
2004-11-20 14:00:00,14149.0
2004-11-20 15:00:00,14363.0
2004-11-20 16:00:00,15580.0
2004-11-20 17:00:00,16321.0
2004-11-20 18:00:00,16008.0
2004-11-20 19:00:00,15430.0
2004-11-20 20:00:00,14866.0
2004-11-20 21:00:00,14135.0
2004-11-20 22:00:00,13136.0
2004-11-20 23:00:00,12037.0
2004-11-21 00:00:00,11094.0
2004-11-21 01:00:00,10509.0
2004-11-21 02:00:00,10216.0
2004-11-21 03:00:00,10079.0
2004-11-21 04:00:00,10113.0
2004-11-21 05:00:00,10382.0
2004-11-21 06:00:00,10939.0
2004-11-21 07:00:00,11739.0
2004-11-21 08:00:00,12895.0
2004-11-21 09:00:00,13805.0
2004-11-21 10:00:00,14292.0
2004-11-21 11:00:00,14569.0
2004-11-21 12:00:00,14617.0
2004-11-21 13:00:00,14516.0
2004-11-21 14:00:00,14454.0
2004-11-21 15:00:00,14671.0
2004-11-21 16:00:00,15752.0
2004-11-21 17:00:00,16618.0
2004-11-21 18:00:00,16453.0
2004-11-21 19:00:00,16019.0
2004-11-21 20:00:00,15287.0
2004-11-21 21:00:00,14265.0
2004-11-21 22:00:00,12946.0
2004-11-21 23:00:00,11692.0
2004-11-22 00:00:00,10828.0
2004-11-22 01:00:00,10405.0
2004-11-22 02:00:00,10242.0
2004-11-22 03:00:00,10231.0
2004-11-22 04:00:00,10600.0
2004-11-22 05:00:00,11834.0
2004-11-22 06:00:00,14128.0
2004-11-22 07:00:00,15460.0
2004-11-22 08:00:00,15884.0
2004-11-22 09:00:00,16016.0
2004-11-22 10:00:00,16074.0
2004-11-22 11:00:00,15993.0
2004-11-22 12:00:00,15834.0
2004-11-22 13:00:00,15771.0
2004-11-22 14:00:00,15679.0
2004-11-22 15:00:00,15797.0
2004-11-22 16:00:00,17080.0
2004-11-22 17:00:00,18138.0
2004-11-22 18:00:00,17980.0
2004-11-22 19:00:00,17512.0
2004-11-22 20:00:00,16816.0
2004-11-22 21:00:00,15598.0
2004-11-22 22:00:00,14063.0
2004-11-22 23:00:00,12600.0
2004-11-23 00:00:00,11607.0
2004-11-23 01:00:00,11070.0
2004-11-23 02:00:00,10879.0
2004-11-23 03:00:00,10890.0
2004-11-23 04:00:00,11237.0
2004-11-23 05:00:00,12451.0
2004-11-23 06:00:00,14739.0
2004-11-23 07:00:00,15959.0
2004-11-23 08:00:00,16160.0
2004-11-23 09:00:00,16145.0
2004-11-23 10:00:00,16084.0
2004-11-23 11:00:00,15949.0
2004-11-23 12:00:00,15734.0
2004-11-23 13:00:00,15641.0
2004-11-23 14:00:00,15498.0
2004-11-23 15:00:00,15651.0
2004-11-23 16:00:00,16913.0
2004-11-23 17:00:00,17894.0
2004-11-23 18:00:00,17723.0
2004-11-23 19:00:00,17292.0
2004-11-23 20:00:00,16670.0
2004-11-23 21:00:00,15555.0
2004-11-23 22:00:00,13987.0
2004-11-23 23:00:00,12469.0
2004-11-24 00:00:00,11472.0
2004-11-24 01:00:00,10924.0
2004-11-24 02:00:00,10654.0
2004-11-24 03:00:00,10589.0
2004-11-24 04:00:00,10879.0
2004-11-24 05:00:00,11972.0
2004-11-24 06:00:00,13987.0
2004-11-24 07:00:00,15382.0
2004-11-24 08:00:00,16036.0
2004-11-24 09:00:00,16310.0
2004-11-24 10:00:00,16462.0
2004-11-24 11:00:00,16441.0
2004-11-24 12:00:00,16341.0
2004-11-24 13:00:00,16387.0
2004-11-24 14:00:00,16379.0
2004-11-24 15:00:00,16549.0
2004-11-24 16:00:00,17411.0
2004-11-24 17:00:00,17774.0
2004-11-24 18:00:00,17399.0
2004-11-24 19:00:00,16792.0
2004-11-24 20:00:00,16017.0
2004-11-24 21:00:00,14919.0
2004-11-24 22:00:00,13536.0
2004-11-24 23:00:00,12070.0
2004-11-25 00:00:00,10919.0
2004-11-25 01:00:00,10206.0
2004-11-25 02:00:00,9809.0
2004-11-25 03:00:00,9619.0
2004-11-25 04:00:00,9633.0
2004-11-25 05:00:00,9990.0
2004-11-25 06:00:00,10707.0
2004-11-25 07:00:00,11662.0
2004-11-25 08:00:00,12985.0
2004-11-25 09:00:00,14137.0
2004-11-25 10:00:00,14787.0
2004-11-25 11:00:00,14978.0
2004-11-25 12:00:00,14488.0
2004-11-25 13:00:00,13546.0
2004-11-25 14:00:00,12732.0
2004-11-25 15:00:00,12445.0
2004-11-25 16:00:00,12959.0
2004-11-25 17:00:00,13247.0
2004-11-25 18:00:00,13258.0
2004-11-25 19:00:00,13278.0
2004-11-25 20:00:00,13165.0
2004-11-25 21:00:00,12823.0
2004-11-25 22:00:00,12103.0
2004-11-25 23:00:00,11273.0
2004-11-26 00:00:00,10609.0
2004-11-26 01:00:00,10265.0
2004-11-26 02:00:00,10103.0
2004-11-26 03:00:00,10144.0
2004-11-26 04:00:00,10456.0
2004-11-26 05:00:00,11202.0
2004-11-26 06:00:00,12197.0
2004-11-26 07:00:00,13026.0
2004-11-26 08:00:00,13903.0
2004-11-26 09:00:00,14459.0
2004-11-26 10:00:00,14662.0
2004-11-26 11:00:00,14687.0
2004-11-26 12:00:00,14526.0
2004-11-26 13:00:00,14309.0
2004-11-26 14:00:00,14170.0
2004-11-26 15:00:00,14303.0
2004-11-26 16:00:00,15635.0
2004-11-26 17:00:00,16746.0
2004-11-26 18:00:00,16533.0
2004-11-26 19:00:00,16086.0
2004-11-26 20:00:00,15527.0
2004-11-26 21:00:00,14780.0
2004-11-26 22:00:00,13742.0
2004-11-26 23:00:00,12620.0
2004-11-27 00:00:00,11739.0
2004-11-27 01:00:00,11218.0
2004-11-27 02:00:00,10940.0
2004-11-27 03:00:00,10843.0
2004-11-27 04:00:00,10963.0
2004-11-27 05:00:00,11372.0
2004-11-27 06:00:00,12094.0
2004-11-27 07:00:00,12911.0
2004-11-27 08:00:00,13903.0
2004-11-27 09:00:00,14420.0
2004-11-27 10:00:00,14535.0
2004-11-27 11:00:00,14370.0
2004-11-27 12:00:00,14100.0
2004-11-27 13:00:00,13804.0
2004-11-27 14:00:00,13601.0
2004-11-27 15:00:00,13802.0
2004-11-27 16:00:00,15178.0
2004-11-27 17:00:00,16162.0
2004-11-27 18:00:00,15966.0
2004-11-27 19:00:00,15535.0
2004-11-27 20:00:00,15001.0
2004-11-27 21:00:00,14273.0
2004-11-27 22:00:00,13234.0
2004-11-27 23:00:00,12108.0
2004-11-28 00:00:00,11156.0
2004-11-28 01:00:00,10560.0
2004-11-28 02:00:00,10246.0
2004-11-28 03:00:00,10087.0
2004-11-28 04:00:00,10086.0
2004-11-28 05:00:00,10347.0
2004-11-28 06:00:00,10854.0
2004-11-28 07:00:00,11511.0
2004-11-28 08:00:00,12565.0
2004-11-28 09:00:00,13591.0
2004-11-28 10:00:00,14231.0
2004-11-28 11:00:00,14631.0
2004-11-28 12:00:00,14880.0
2004-11-28 13:00:00,14873.0
2004-11-28 14:00:00,14837.0
2004-11-28 15:00:00,15021.0
2004-11-28 16:00:00,16028.0
2004-11-28 17:00:00,16637.0
2004-11-28 18:00:00,16434.0
2004-11-28 19:00:00,15919.0
2004-11-28 20:00:00,15250.0
2004-11-28 21:00:00,14081.0
2004-11-28 22:00:00,12767.0
2004-11-28 23:00:00,11592.0
2004-11-29 00:00:00,10742.0
2004-11-29 01:00:00,10355.0
2004-11-29 02:00:00,10212.0
2004-11-29 03:00:00,10270.0
2004-11-29 04:00:00,10644.0
2004-11-29 05:00:00,11893.0
2004-11-29 06:00:00,14258.0
2004-11-29 07:00:00,15573.0
2004-11-29 08:00:00,15914.0
2004-11-29 09:00:00,16042.0
2004-11-29 10:00:00,16108.0
2004-11-29 11:00:00,16057.0
2004-11-29 12:00:00,15876.0
2004-11-29 13:00:00,15775.0
2004-11-29 14:00:00,15601.0
2004-11-29 15:00:00,15785.0
2004-11-29 16:00:00,17215.0
2004-11-29 17:00:00,18558.0
2004-11-29 18:00:00,18512.0
2004-11-29 19:00:00,18083.0
2004-11-29 20:00:00,17352.0
2004-11-29 21:00:00,16113.0
2004-11-29 22:00:00,14414.0
2004-11-29 23:00:00,12857.0
2004-11-30 00:00:00,11870.0
2004-11-30 01:00:00,11318.0
2004-11-30 02:00:00,11125.0
2004-11-30 03:00:00,11103.0
2004-11-30 04:00:00,11421.0
2004-11-30 05:00:00,12634.0
2004-11-30 06:00:00,14968.0
2004-11-30 07:00:00,16244.0
2004-11-30 08:00:00,16524.0
2004-11-30 09:00:00,16539.0
2004-11-30 10:00:00,16425.0
2004-11-30 11:00:00,16311.0
2004-11-30 12:00:00,16029.0
2004-11-30 13:00:00,15885.0
2004-11-30 14:00:00,15732.0
2004-11-30 15:00:00,15987.0
2004-11-30 16:00:00,17455.0
2004-11-30 17:00:00,18563.0
2004-11-30 18:00:00,18426.0
2004-11-30 19:00:00,17994.0
2004-11-30 20:00:00,17228.0
2004-11-30 21:00:00,15987.0
2004-11-30 22:00:00,14260.0
2004-11-30 23:00:00,12688.0
2004-12-01 00:00:00,11611.0
2004-12-01 01:00:00,11068.0
2004-12-01 02:00:00,10811.0
2004-12-01 03:00:00,10733.0
2004-12-01 04:00:00,11017.0
2004-12-01 05:00:00,12171.0
2004-12-01 06:00:00,14511.0
2004-12-01 07:00:00,16117.0
2004-12-01 08:00:00,16539.0
2004-12-01 09:00:00,16753.0
2004-12-01 10:00:00,16981.0
2004-12-01 11:00:00,17000.0
2004-12-01 12:00:00,16878.0
2004-12-01 13:00:00,16717.0
2004-12-01 14:00:00,16454.0
2004-12-01 15:00:00,16412.0
2004-12-01 16:00:00,17516.0
2004-12-01 17:00:00,18536.0
2004-12-01 18:00:00,18329.0
2004-12-01 19:00:00,17836.0
2004-12-01 20:00:00,17130.0
2004-12-01 21:00:00,15954.0
2004-12-01 22:00:00,14309.0
2004-12-01 23:00:00,12745.0
2004-12-02 00:00:00,11715.0
2004-12-02 01:00:00,11219.0
2004-12-02 02:00:00,11015.0
2004-12-02 03:00:00,10994.0
2004-12-02 04:00:00,11320.0
2004-12-02 05:00:00,12544.0
2004-12-02 06:00:00,14876.0
2004-12-02 07:00:00,16099.0
2004-12-02 08:00:00,16325.0
2004-12-02 09:00:00,16349.0
2004-12-02 10:00:00,16350.0
2004-12-02 11:00:00,16263.0
2004-12-02 12:00:00,16118.0
2004-12-02 13:00:00,16090.0
2004-12-02 14:00:00,15980.0
2004-12-02 15:00:00,16155.0
2004-12-02 16:00:00,17507.0
2004-12-02 17:00:00,18712.0
2004-12-02 18:00:00,18640.0
2004-12-02 19:00:00,18257.0
2004-12-02 20:00:00,17595.0
2004-12-02 21:00:00,16440.0
2004-12-02 22:00:00,14800.0
2004-12-02 23:00:00,13179.0
2004-12-03 00:00:00,12146.0
2004-12-03 01:00:00,11628.0
2004-12-03 02:00:00,11413.0
2004-12-03 03:00:00,11411.0
2004-12-03 04:00:00,11747.0
2004-12-03 05:00:00,12926.0
2004-12-03 06:00:00,15268.0
2004-12-03 07:00:00,16605.0
2004-12-03 08:00:00,16941.0
2004-12-03 09:00:00,16933.0
2004-12-03 10:00:00,16790.0
2004-12-03 11:00:00,16579.0
2004-12-03 12:00:00,16297.0
2004-12-03 13:00:00,16220.0
2004-12-03 14:00:00,16142.0
2004-12-03 15:00:00,16366.0
2004-12-03 16:00:00,17593.0
2004-12-03 17:00:00,18419.0
2004-12-03 18:00:00,18134.0
2004-12-03 19:00:00,17612.0
2004-12-03 20:00:00,17027.0
2004-12-03 21:00:00,16162.0
2004-12-03 22:00:00,14856.0
2004-12-03 23:00:00,13422.0
2004-12-04 00:00:00,12371.0
2004-12-04 01:00:00,11771.0
2004-12-04 02:00:00,11498.0
2004-12-04 03:00:00,11424.0
2004-12-04 04:00:00,11551.0
2004-12-04 05:00:00,12043.0
2004-12-04 06:00:00,12994.0
2004-12-04 07:00:00,13994.0
2004-12-04 08:00:00,14989.0
2004-12-04 09:00:00,15451.0
2004-12-04 10:00:00,15465.0
2004-12-04 11:00:00,15267.0
2004-12-04 12:00:00,14885.0
2004-12-04 13:00:00,14598.0
2004-12-04 14:00:00,14401.0
2004-12-04 15:00:00,14636.0
2004-12-04 16:00:00,16260.0
2004-12-04 17:00:00,17416.0
2004-12-04 18:00:00,17187.0
2004-12-04 19:00:00,16678.0
2004-12-04 20:00:00,16153.0
2004-12-04 21:00:00,15383.0
2004-12-04 22:00:00,14255.0
2004-12-04 23:00:00,12979.0
2004-12-05 00:00:00,11914.0
2004-12-05 01:00:00,11235.0
2004-12-05 02:00:00,10871.0
2004-12-05 03:00:00,10709.0
2004-12-05 04:00:00,10737.0
2004-12-05 05:00:00,11027.0
2004-12-05 06:00:00,11610.0
2004-12-05 07:00:00,12257.0
2004-12-05 08:00:00,13241.0
2004-12-05 09:00:00,13895.0
2004-12-05 10:00:00,14131.0
2004-12-05 11:00:00,14202.0
2004-12-05 12:00:00,14184.0
2004-12-05 13:00:00,14016.0
2004-12-05 14:00:00,13909.0
2004-12-05 15:00:00,14211.0
2004-12-05 16:00:00,15986.0
2004-12-05 17:00:00,17481.0
2004-12-05 18:00:00,17526.0
2004-12-05 19:00:00,17239.0
2004-12-05 20:00:00,16678.0
2004-12-05 21:00:00,15596.0
2004-12-05 22:00:00,14142.0
2004-12-05 23:00:00,12835.0
2004-12-06 00:00:00,11958.0
2004-12-06 01:00:00,11582.0
2004-12-06 02:00:00,11497.0
2004-12-06 03:00:00,11555.0
2004-12-06 04:00:00,11967.0
2004-12-06 05:00:00,13272.0
2004-12-06 06:00:00,15731.0
2004-12-06 07:00:00,17194.0
2004-12-06 08:00:00,17528.0
2004-12-06 09:00:00,17717.0
2004-12-06 10:00:00,17799.0
2004-12-06 11:00:00,17766.0
2004-12-06 12:00:00,17654.0
2004-12-06 13:00:00,17692.0
2004-12-06 14:00:00,17680.0
2004-12-06 15:00:00,18041.0
2004-12-06 16:00:00,19569.0
2004-12-06 17:00:00,20426.0
2004-12-06 18:00:00,20288.0
2004-12-06 19:00:00,19747.0
2004-12-06 20:00:00,18895.0
2004-12-06 21:00:00,17529.0
2004-12-06 22:00:00,15631.0
2004-12-06 23:00:00,13921.0
2004-12-07 00:00:00,12837.0
2004-12-07 01:00:00,12299.0
2004-12-07 02:00:00,12053.0
2004-12-07 03:00:00,11992.0
2004-12-07 04:00:00,12274.0
2004-12-07 05:00:00,13428.0
2004-12-07 06:00:00,15701.0
2004-12-07 07:00:00,17238.0
2004-12-07 08:00:00,17613.0
2004-12-07 09:00:00,17809.0
2004-12-07 10:00:00,17924.0
2004-12-07 11:00:00,17928.0
2004-12-07 12:00:00,17812.0
2004-12-07 13:00:00,17771.0
2004-12-07 14:00:00,17733.0
2004-12-07 15:00:00,18098.0
2004-12-07 16:00:00,19397.0
2004-12-07 17:00:00,19985.0
2004-12-07 18:00:00,19706.0
2004-12-07 19:00:00,19088.0
2004-12-07 20:00:00,18183.0
2004-12-07 21:00:00,16801.0
2004-12-07 22:00:00,14942.0
2004-12-07 23:00:00,13282.0
2004-12-08 00:00:00,12129.0
2004-12-08 01:00:00,11572.0
2004-12-08 02:00:00,11342.0
2004-12-08 03:00:00,11270.0
2004-12-08 04:00:00,11565.0
2004-12-08 05:00:00,12723.0
2004-12-08 06:00:00,15061.0
2004-12-08 07:00:00,16387.0
2004-12-08 08:00:00,16543.0
2004-12-08 09:00:00,16479.0
2004-12-08 10:00:00,16395.0
2004-12-08 11:00:00,16287.0
2004-12-08 12:00:00,16127.0
2004-12-08 13:00:00,16030.0
2004-12-08 14:00:00,15941.0
2004-12-08 15:00:00,16126.0
2004-12-08 16:00:00,17581.0
2004-12-08 17:00:00,18875.0
2004-12-08 18:00:00,18764.0
2004-12-08 19:00:00,18306.0
2004-12-08 20:00:00,17614.0
2004-12-08 21:00:00,16432.0
2004-12-08 22:00:00,14715.0
2004-12-08 23:00:00,13030.0
2004-12-09 00:00:00,11948.0
2004-12-09 01:00:00,11436.0
2004-12-09 02:00:00,11227.0
2004-12-09 03:00:00,11229.0
2004-12-09 04:00:00,11566.0
2004-12-09 05:00:00,12806.0
2004-12-09 06:00:00,15218.0
2004-12-09 07:00:00,16556.0
2004-12-09 08:00:00,16722.0
2004-12-09 09:00:00,16715.0
2004-12-09 10:00:00,16645.0
2004-12-09 11:00:00,16517.0
2004-12-09 12:00:00,16340.0
2004-12-09 13:00:00,16307.0
2004-12-09 14:00:00,16259.0
2004-12-09 15:00:00,16630.0
2004-12-09 16:00:00,18175.0
2004-12-09 17:00:00,19097.0
2004-12-09 18:00:00,18971.0
2004-12-09 19:00:00,18510.0
2004-12-09 20:00:00,17784.0
2004-12-09 21:00:00,16604.0
2004-12-09 22:00:00,14866.0
2004-12-09 23:00:00,13213.0
2004-12-10 00:00:00,12045.0
2004-12-10 01:00:00,11487.0
2004-12-10 02:00:00,11227.0
2004-12-10 03:00:00,11161.0
2004-12-10 04:00:00,11453.0
2004-12-10 05:00:00,12561.0
2004-12-10 06:00:00,14849.0
2004-12-10 07:00:00,16495.0
2004-12-10 08:00:00,16925.0
2004-12-10 09:00:00,17115.0
2004-12-10 10:00:00,17197.0
2004-12-10 11:00:00,17170.0
2004-12-10 12:00:00,17054.0
2004-12-10 13:00:00,17007.0
2004-12-10 14:00:00,16957.0
2004-12-10 15:00:00,17180.0
2004-12-10 16:00:00,18275.0
2004-12-10 17:00:00,18822.0
2004-12-10 18:00:00,18432.0
2004-12-10 19:00:00,17743.0
2004-12-10 20:00:00,17055.0
2004-12-10 21:00:00,16074.0
2004-12-10 22:00:00,14723.0
2004-12-10 23:00:00,13167.0
2004-12-11 00:00:00,11976.0
2004-12-11 01:00:00,11281.0
2004-12-11 02:00:00,10895.0
2004-12-11 03:00:00,10731.0
2004-12-11 04:00:00,10794.0
2004-12-11 05:00:00,11202.0
2004-12-11 06:00:00,12089.0
2004-12-11 07:00:00,13220.0
2004-12-11 08:00:00,14480.0
2004-12-11 09:00:00,15297.0
2004-12-11 10:00:00,15639.0
2004-12-11 11:00:00,15675.0
2004-12-11 12:00:00,15500.0
2004-12-11 13:00:00,15251.0
2004-12-11 14:00:00,15091.0
2004-12-11 15:00:00,15305.0
2004-12-11 16:00:00,16546.0
2004-12-11 17:00:00,17295.0
2004-12-11 18:00:00,16988.0
2004-12-11 19:00:00,16407.0
2004-12-11 20:00:00,15837.0
2004-12-11 21:00:00,15127.0
2004-12-11 22:00:00,14051.0
2004-12-11 23:00:00,12745.0
2004-12-12 00:00:00,11626.0
2004-12-12 01:00:00,10930.0
2004-12-12 02:00:00,10578.0
2004-12-12 03:00:00,10448.0
2004-12-12 04:00:00,10494.0
2004-12-12 05:00:00,10781.0
2004-12-12 06:00:00,11404.0
2004-12-12 07:00:00,12210.0
2004-12-12 08:00:00,13376.0
2004-12-12 09:00:00,14248.0
2004-12-12 10:00:00,14605.0
2004-12-12 11:00:00,14763.0
2004-12-12 12:00:00,14902.0
2004-12-12 13:00:00,14882.0
2004-12-12 14:00:00,14844.0
2004-12-12 15:00:00,15120.0
2004-12-12 16:00:00,16727.0
2004-12-12 17:00:00,17892.0
2004-12-12 18:00:00,17890.0
2004-12-12 19:00:00,17619.0
2004-12-12 20:00:00,17013.0
2004-12-12 21:00:00,15883.0
2004-12-12 22:00:00,14349.0
2004-12-12 23:00:00,12786.0
2004-12-13 00:00:00,11744.0
2004-12-13 01:00:00,11250.0
2004-12-13 02:00:00,11027.0
2004-12-13 03:00:00,10985.0
2004-12-13 04:00:00,11313.0
2004-12-13 05:00:00,12517.0
2004-12-13 06:00:00,14911.0
2004-12-13 07:00:00,16477.0
2004-12-13 08:00:00,16767.0
2004-12-13 09:00:00,16899.0
2004-12-13 10:00:00,16956.0
2004-12-13 11:00:00,16858.0
2004-12-13 12:00:00,16695.0
2004-12-13 13:00:00,16608.0
2004-12-13 14:00:00,16475.0
2004-12-13 15:00:00,16755.0
2004-12-13 16:00:00,18279.0
2004-12-13 17:00:00,19568.0
2004-12-13 18:00:00,19504.0
2004-12-13 19:00:00,19074.0
2004-12-13 20:00:00,18374.0
2004-12-13 21:00:00,17151.0
2004-12-13 22:00:00,15350.0
2004-12-13 23:00:00,13543.0
2004-12-14 00:00:00,12403.0
2004-12-14 01:00:00,11850.0
2004-12-14 02:00:00,11660.0
2004-12-14 03:00:00,11641.0
2004-12-14 04:00:00,11972.0
2004-12-14 05:00:00,13195.0
2004-12-14 06:00:00,15630.0
2004-12-14 07:00:00,17027.0
2004-12-14 08:00:00,17324.0
2004-12-14 09:00:00,17377.0
2004-12-14 10:00:00,17355.0
2004-12-14 11:00:00,17255.0
2004-12-14 12:00:00,17127.0
2004-12-14 13:00:00,17080.0
2004-12-14 14:00:00,17017.0
2004-12-14 15:00:00,17342.0
2004-12-14 16:00:00,19048.0
2004-12-14 17:00:00,20547.0
2004-12-14 18:00:00,20562.0
2004-12-14 19:00:00,20146.0
2004-12-14 20:00:00,19519.0
2004-12-14 21:00:00,18342.0
2004-12-14 22:00:00,16517.0
2004-12-14 23:00:00,14735.0
2004-12-15 00:00:00,13607.0
2004-12-15 01:00:00,13071.0
2004-12-15 02:00:00,12863.0
2004-12-15 03:00:00,12878.0
2004-12-15 04:00:00,13236.0
2004-12-15 05:00:00,14492.0
2004-12-15 06:00:00,16922.0
2004-12-15 07:00:00,18234.0
2004-12-15 08:00:00,18367.0
2004-12-15 09:00:00,18253.0
2004-12-15 10:00:00,18180.0
2004-12-15 11:00:00,17977.0
2004-12-15 12:00:00,17728.0
2004-12-15 13:00:00,17574.0
2004-12-15 14:00:00,17463.0
2004-12-15 15:00:00,17739.0
2004-12-15 16:00:00,19397.0
2004-12-15 17:00:00,20824.0
2004-12-15 18:00:00,20765.0
2004-12-15 19:00:00,20363.0
2004-12-15 20:00:00,19714.0
2004-12-15 21:00:00,18554.0
2004-12-15 22:00:00,16737.0
2004-12-15 23:00:00,14998.0
2004-12-16 00:00:00,13851.0
2004-12-16 01:00:00,13305.0
2004-12-16 02:00:00,13099.0
2004-12-16 03:00:00,13085.0
2004-12-16 04:00:00,13408.0
2004-12-16 05:00:00,14628.0
2004-12-16 06:00:00,17070.0
2004-12-16 07:00:00,18339.0
2004-12-16 08:00:00,18359.0
2004-12-16 09:00:00,18144.0
2004-12-16 10:00:00,17890.0
2004-12-16 11:00:00,17642.0
2004-12-16 12:00:00,17287.0
2004-12-16 13:00:00,17044.0
2004-12-16 14:00:00,16852.0
2004-12-16 15:00:00,17062.0
2004-12-16 16:00:00,18694.0
2004-12-16 17:00:00,20015.0
2004-12-16 18:00:00,19987.0
2004-12-16 19:00:00,19583.0
2004-12-16 20:00:00,18962.0
2004-12-16 21:00:00,17775.0
2004-12-16 22:00:00,16019.0
2004-12-16 23:00:00,14235.0
2004-12-17 00:00:00,12991.0
2004-12-17 01:00:00,12346.0
2004-12-17 02:00:00,12070.0
2004-12-17 03:00:00,12010.0
2004-12-17 04:00:00,12285.0
2004-12-17 05:00:00,13431.0
2004-12-17 06:00:00,15759.0
2004-12-17 07:00:00,17174.0
2004-12-17 08:00:00,17290.0
2004-12-17 09:00:00,17222.0
2004-12-17 10:00:00,17186.0
2004-12-17 11:00:00,17036.0
2004-12-17 12:00:00,16742.0
2004-12-17 13:00:00,16625.0
2004-12-17 14:00:00,16549.0
2004-12-17 15:00:00,16816.0
2004-12-17 16:00:00,18318.0
2004-12-17 17:00:00,19524.0
2004-12-17 18:00:00,19343.0
2004-12-17 19:00:00,18798.0
2004-12-17 20:00:00,18256.0
2004-12-17 21:00:00,17396.0
2004-12-17 22:00:00,16091.0
2004-12-17 23:00:00,14557.0
2004-12-18 00:00:00,13416.0
2004-12-18 01:00:00,12785.0
2004-12-18 02:00:00,12502.0
2004-12-18 03:00:00,12440.0
2004-12-18 04:00:00,12600.0
2004-12-18 05:00:00,13131.0
2004-12-18 06:00:00,14137.0
2004-12-18 07:00:00,15173.0
2004-12-18 08:00:00,16260.0
2004-12-18 09:00:00,16731.0
2004-12-18 10:00:00,16687.0
2004-12-18 11:00:00,16401.0
2004-12-18 12:00:00,15967.0
2004-12-18 13:00:00,15629.0
2004-12-18 14:00:00,15469.0
2004-12-18 15:00:00,15690.0
2004-12-18 16:00:00,17207.0
2004-12-18 17:00:00,18408.0
2004-12-18 18:00:00,18167.0
2004-12-18 19:00:00,17675.0
2004-12-18 20:00:00,17198.0
2004-12-18 21:00:00,16487.0
2004-12-18 22:00:00,15397.0
2004-12-18 23:00:00,14075.0
2004-12-19 00:00:00,12933.0
2004-12-19 01:00:00,12202.0
2004-12-19 02:00:00,11872.0
2004-12-19 03:00:00,11706.0
2004-12-19 04:00:00,11720.0
2004-12-19 05:00:00,12014.0
2004-12-19 06:00:00,12634.0
2004-12-19 07:00:00,13395.0
2004-12-19 08:00:00,14444.0
2004-12-19 09:00:00,15110.0
2004-12-19 10:00:00,15354.0
2004-12-19 11:00:00,15370.0
2004-12-19 12:00:00,15303.0
2004-12-19 13:00:00,15168.0
2004-12-19 14:00:00,15108.0
2004-12-19 15:00:00,15465.0
2004-12-19 16:00:00,17122.0
2004-12-19 17:00:00,18226.0
2004-12-19 18:00:00,18236.0
2004-12-19 19:00:00,17984.0
2004-12-19 20:00:00,17476.0
2004-12-19 21:00:00,16431.0
2004-12-19 22:00:00,14940.0
2004-12-19 23:00:00,13498.0
2004-12-20 00:00:00,12470.0
2004-12-20 01:00:00,12042.0
2004-12-20 02:00:00,11931.0
2004-12-20 03:00:00,12044.0
2004-12-20 04:00:00,12521.0
2004-12-20 05:00:00,13802.0
2004-12-20 06:00:00,16058.0
2004-12-20 07:00:00,17710.0
2004-12-20 08:00:00,18522.0
2004-12-20 09:00:00,19012.0
2004-12-20 10:00:00,19352.0
2004-12-20 11:00:00,19400.0
2004-12-20 12:00:00,19231.0
2004-12-20 13:00:00,19132.0
2004-12-20 14:00:00,18996.0
2004-12-20 15:00:00,19205.0
2004-12-20 16:00:00,20698.0
2004-12-20 17:00:00,22237.0
2004-12-20 18:00:00,22297.0
2004-12-20 19:00:00,21948.0
2004-12-20 20:00:00,21284.0
2004-12-20 21:00:00,20021.0
2004-12-20 22:00:00,18242.0
2004-12-20 23:00:00,16517.0
2004-12-21 00:00:00,15271.0
2004-12-21 01:00:00,14656.0
2004-12-21 02:00:00,14394.0
2004-12-21 03:00:00,14361.0
2004-12-21 04:00:00,14666.0
2004-12-21 05:00:00,15835.0
2004-12-21 06:00:00,18090.0
2004-12-21 07:00:00,19369.0
2004-12-21 08:00:00,19577.0
2004-12-21 09:00:00,19455.0
2004-12-21 10:00:00,19214.0
2004-12-21 11:00:00,18932.0
2004-12-21 12:00:00,18585.0
2004-12-21 13:00:00,18429.0
2004-12-21 14:00:00,18338.0
2004-12-21 15:00:00,18579.0
2004-12-21 16:00:00,19981.0
2004-12-21 17:00:00,21099.0
2004-12-21 18:00:00,20920.0
2004-12-21 19:00:00,20502.0
2004-12-21 20:00:00,19829.0
2004-12-21 21:00:00,18672.0
2004-12-21 22:00:00,16881.0
2004-12-21 23:00:00,15099.0
2004-12-22 00:00:00,13932.0
2004-12-22 01:00:00,13335.0
2004-12-22 02:00:00,13094.0
2004-12-22 03:00:00,13075.0
2004-12-22 04:00:00,13378.0
2004-12-22 05:00:00,14527.0
2004-12-22 06:00:00,16789.0
2004-12-22 07:00:00,18080.0
2004-12-22 08:00:00,18253.0
2004-12-22 09:00:00,18077.0
2004-12-22 10:00:00,17813.0
2004-12-22 11:00:00,17447.0
2004-12-22 12:00:00,17059.0
2004-12-22 13:00:00,16847.0
2004-12-22 14:00:00,16706.0
2004-12-22 15:00:00,16852.0
2004-12-22 16:00:00,18323.0
2004-12-22 17:00:00,19601.0
2004-12-22 18:00:00,19532.0
2004-12-22 19:00:00,19087.0
2004-12-22 20:00:00,18506.0
2004-12-22 21:00:00,17397.0
2004-12-22 22:00:00,15712.0
2004-12-22 23:00:00,13950.0
2004-12-23 00:00:00,12665.0
2004-12-23 01:00:00,11979.0
2004-12-23 02:00:00,11627.0
2004-12-23 03:00:00,11520.0
2004-12-23 04:00:00,11750.0
2004-12-23 05:00:00,12714.0
2004-12-23 06:00:00,14634.0
2004-12-23 07:00:00,16134.0
2004-12-23 08:00:00,16673.0
2004-12-23 09:00:00,16854.0
2004-12-23 10:00:00,16886.0
2004-12-23 11:00:00,16769.0
2004-12-23 12:00:00,16441.0
2004-12-23 13:00:00,16256.0
2004-12-23 14:00:00,16116.0
2004-12-23 15:00:00,16330.0
2004-12-23 16:00:00,17666.0
2004-12-23 17:00:00,18426.0
2004-12-23 18:00:00,18138.0
2004-12-23 19:00:00,17552.0
2004-12-23 20:00:00,16814.0
2004-12-23 21:00:00,15786.0
2004-12-23 22:00:00,14388.0
2004-12-23 23:00:00,12866.0
2004-12-24 00:00:00,11636.0
2004-12-24 01:00:00,10994.0
2004-12-24 02:00:00,10700.0
2004-12-24 03:00:00,10637.0
2004-12-24 04:00:00,10844.0
2004-12-24 05:00:00,11493.0
2004-12-24 06:00:00,12546.0
2004-12-24 07:00:00,13709.0
2004-12-24 08:00:00,14936.0
2004-12-24 09:00:00,15715.0
2004-12-24 10:00:00,15994.0
2004-12-24 11:00:00,15960.0
2004-12-24 12:00:00,15774.0
2004-12-24 13:00:00,15630.0
2004-12-24 14:00:00,15662.0
2004-12-24 15:00:00,15964.0
2004-12-24 16:00:00,17216.0
2004-12-24 17:00:00,17845.0
2004-12-24 18:00:00,17103.0
2004-12-24 19:00:00,16411.0
2004-12-24 20:00:00,16017.0
2004-12-24 21:00:00,15640.0
2004-12-24 22:00:00,15043.0
2004-12-24 23:00:00,14069.0
2004-12-25 00:00:00,13000.0
2004-12-25 01:00:00,12278.0
2004-12-25 02:00:00,11871.0
2004-12-25 03:00:00,11744.0
2004-12-25 04:00:00,11795.0
2004-12-25 05:00:00,12102.0
2004-12-25 06:00:00,12749.0
2004-12-25 07:00:00,13605.0
2004-12-25 08:00:00,14433.0
2004-12-25 09:00:00,14904.0
2004-12-25 10:00:00,15049.0
2004-12-25 11:00:00,15033.0
2004-12-25 12:00:00,14785.0
2004-12-25 13:00:00,14319.0
2004-12-25 14:00:00,13951.0
2004-12-25 15:00:00,13974.0
2004-12-25 16:00:00,15052.0
2004-12-25 17:00:00,15928.0
2004-12-25 18:00:00,16008.0
2004-12-25 19:00:00,16013.0
2004-12-25 20:00:00,15927.0
2004-12-25 21:00:00,15561.0
2004-12-25 22:00:00,14678.0
2004-12-25 23:00:00,13584.0
2004-12-26 00:00:00,12682.0
2004-12-26 01:00:00,12155.0
2004-12-26 02:00:00,11933.0
2004-12-26 03:00:00,11844.0
2004-12-26 04:00:00,11918.0
2004-12-26 05:00:00,12219.0
2004-12-26 06:00:00,12795.0
2004-12-26 07:00:00,13512.0
2004-12-26 08:00:00,14528.0
2004-12-26 09:00:00,15513.0
2004-12-26 10:00:00,16090.0
2004-12-26 11:00:00,16407.0
2004-12-26 12:00:00,16510.0
2004-12-26 13:00:00,16462.0
2004-12-26 14:00:00,16429.0
2004-12-26 15:00:00,16719.0
2004-12-26 16:00:00,17985.0
2004-12-26 17:00:00,18819.0
2004-12-26 18:00:00,18705.0
2004-12-26 19:00:00,18335.0
2004-12-26 20:00:00,17724.0
2004-12-26 21:00:00,16707.0
2004-12-26 22:00:00,15411.0
2004-12-26 23:00:00,14131.0
2004-12-27 00:00:00,13175.0
2004-12-27 01:00:00,12650.0
2004-12-27 02:00:00,12475.0
2004-12-27 03:00:00,12473.0
2004-12-27 04:00:00,12740.0
2004-12-27 05:00:00,13579.0
2004-12-27 06:00:00,14953.0
2004-12-27 07:00:00,16076.0
2004-12-27 08:00:00,16976.0
2004-12-27 09:00:00,17648.0
2004-12-27 10:00:00,17974.0
2004-12-27 11:00:00,18009.0
2004-12-27 12:00:00,17829.0
2004-12-27 13:00:00,17658.0
2004-12-27 14:00:00,17504.0
2004-12-27 15:00:00,17614.0
2004-12-27 16:00:00,18991.0
2004-12-27 17:00:00,20656.0
2004-12-27 18:00:00,20641.0
2004-12-27 19:00:00,20168.0
2004-12-27 20:00:00,19445.0
2004-12-27 21:00:00,18366.0
2004-12-27 22:00:00,16813.0
2004-12-27 23:00:00,15352.0
2004-12-28 00:00:00,14337.0
2004-12-28 01:00:00,13835.0
2004-12-28 02:00:00,13632.0
2004-12-28 03:00:00,13625.0
2004-12-28 04:00:00,13935.0
2004-12-28 05:00:00,14797.0
2004-12-28 06:00:00,16345.0
2004-12-28 07:00:00,17552.0
2004-12-28 08:00:00,18254.0
2004-12-28 09:00:00,18589.0
2004-12-28 10:00:00,18641.0
2004-12-28 11:00:00,18490.0
2004-12-28 12:00:00,18187.0
2004-12-28 13:00:00,17963.0
2004-12-28 14:00:00,17830.0
2004-12-28 15:00:00,17976.0
2004-12-28 16:00:00,19311.0
2004-12-28 17:00:00,20399.0
2004-12-28 18:00:00,20239.0
2004-12-28 19:00:00,19674.0
2004-12-28 20:00:00,18903.0
2004-12-28 21:00:00,17766.0
2004-12-28 22:00:00,16129.0
2004-12-28 23:00:00,14574.0
2004-12-29 00:00:00,13499.0
2004-12-29 01:00:00,12884.0
2004-12-29 02:00:00,12603.0
2004-12-29 03:00:00,12511.0
2004-12-29 04:00:00,12693.0
2004-12-29 05:00:00,13522.0
2004-12-29 06:00:00,15030.0
2004-12-29 07:00:00,16234.0
2004-12-29 08:00:00,17000.0
2004-12-29 09:00:00,17483.0
2004-12-29 10:00:00,17634.0
2004-12-29 11:00:00,17512.0
2004-12-29 12:00:00,17253.0
2004-12-29 13:00:00,17018.0
2004-12-29 14:00:00,16820.0
2004-12-29 15:00:00,16917.0
2004-12-29 16:00:00,18162.0
2004-12-29 17:00:00,19304.0
2004-12-29 18:00:00,19082.0
2004-12-29 19:00:00,18523.0
2004-12-29 20:00:00,17821.0
2004-12-29 21:00:00,16751.0
2004-12-29 22:00:00,15196.0
2004-12-29 23:00:00,13684.0
2004-12-30 00:00:00,12608.0
2004-12-30 01:00:00,12036.0
2004-12-30 02:00:00,11786.0
2004-12-30 03:00:00,11725.0
2004-12-30 04:00:00,11965.0
2004-12-30 05:00:00,12815.0
2004-12-30 06:00:00,14329.0
2004-12-30 07:00:00,15608.0
2004-12-30 08:00:00,16390.0
2004-12-30 09:00:00,16829.0
2004-12-30 10:00:00,16902.0
2004-12-30 11:00:00,16746.0
2004-12-30 12:00:00,16408.0
2004-12-30 13:00:00,16126.0
2004-12-30 14:00:00,15883.0
2004-12-30 15:00:00,15887.0
2004-12-30 16:00:00,17189.0
2004-12-30 17:00:00,18655.0
2004-12-30 18:00:00,18564.0
2004-12-30 19:00:00,18119.0
2004-12-30 20:00:00,17531.0
2004-12-30 21:00:00,16608.0
2004-12-30 22:00:00,15239.0
2004-12-30 23:00:00,13813.0
2004-12-31 00:00:00,12697.0
2004-12-31 01:00:00,12108.0
2004-12-31 02:00:00,11789.0
2004-12-31 03:00:00,11656.0
2004-12-31 04:00:00,11750.0
2004-12-31 05:00:00,12238.0
2004-12-31 06:00:00,13145.0
2004-12-31 07:00:00,14007.0
2004-12-31 08:00:00,14953.0
2004-12-31 09:00:00,15702.0
2004-12-31 10:00:00,16088.0
2004-12-31 11:00:00,16075.0
2004-12-31 12:00:00,15861.0
2004-12-31 13:00:00,15574.0
2004-12-31 14:00:00,15329.0
2004-12-31 15:00:00,15355.0
2004-12-31 16:00:00,16565.0
2004-12-31 17:00:00,17669.0
2004-12-31 18:00:00,17198.0
2004-12-31 19:00:00,16295.0
2004-12-31 20:00:00,15449.0
2004-12-31 21:00:00,14635.0
2004-12-31 22:00:00,13811.0
2004-12-31 23:00:00,13007.0
2005-01-01 00:00:00,12118.0
2005-01-01 01:00:00,11385.0
2005-01-01 02:00:00,10847.0
2005-01-01 03:00:00,10576.0
2005-01-01 04:00:00,10505.0
2005-01-01 05:00:00,10679.0
2005-01-01 06:00:00,11078.0
2005-01-01 07:00:00,11429.0
2005-01-01 08:00:00,12111.0
2005-01-01 09:00:00,12896.0
2005-01-01 10:00:00,13488.0
2005-01-01 11:00:00,13812.0
2005-01-01 12:00:00,13828.0
2005-01-01 13:00:00,13637.0
2005-01-01 14:00:00,13446.0
2005-01-01 15:00:00,13571.0
2005-01-01 16:00:00,14827.0
2005-01-01 17:00:00,16244.0
2005-01-01 18:00:00,16224.0
2005-01-01 19:00:00,15889.0
2005-01-01 20:00:00,15445.0
2005-01-01 21:00:00,14781.0
2005-01-01 22:00:00,13850.0
2005-01-01 23:00:00,12800.0
2005-01-02 00:00:00,11865.0
2005-01-02 01:00:00,11341.0
2005-01-02 02:00:00,11086.0
2005-01-02 03:00:00,11022.0
2005-01-02 04:00:00,11123.0
2005-01-02 05:00:00,11415.0
2005-01-02 06:00:00,12039.0
2005-01-02 07:00:00,12652.0
2005-01-02 08:00:00,13565.0
2005-01-02 09:00:00,14350.0
2005-01-02 10:00:00,14776.0
2005-01-02 11:00:00,14983.0
2005-01-02 12:00:00,15057.0
2005-01-02 13:00:00,15004.0
2005-01-02 14:00:00,15036.0
2005-01-02 15:00:00,15367.0
2005-01-02 16:00:00,16772.0
2005-01-02 17:00:00,17821.0
2005-01-02 18:00:00,17667.0
2005-01-02 19:00:00,17170.0
2005-01-02 20:00:00,16401.0
2005-01-02 21:00:00,15254.0
2005-01-02 22:00:00,13819.0
2005-01-02 23:00:00,12492.0
2005-01-03 00:00:00,11580.0
2005-01-03 01:00:00,11083.0
2005-01-03 02:00:00,10836.0
2005-01-03 03:00:00,10774.0
2005-01-03 04:00:00,11033.0
2005-01-03 05:00:00,12101.0
2005-01-03 06:00:00,14239.0
2005-01-03 07:00:00,15598.0
2005-01-03 08:00:00,15887.0
2005-01-03 09:00:00,16120.0
2005-01-03 10:00:00,16283.0
2005-01-03 11:00:00,16262.0
2005-01-03 12:00:00,16134.0
2005-01-03 13:00:00,16041.0
2005-01-03 14:00:00,15944.0
2005-01-03 15:00:00,16183.0
2005-01-03 16:00:00,17467.0
2005-01-03 17:00:00,18468.0
2005-01-03 18:00:00,18249.0
2005-01-03 19:00:00,17676.0
2005-01-03 20:00:00,16875.0
2005-01-03 21:00:00,15618.0
2005-01-03 22:00:00,13960.0
2005-01-03 23:00:00,12508.0
2005-01-04 00:00:00,11535.0
2005-01-04 01:00:00,11040.0
2005-01-04 02:00:00,10845.0
2005-01-04 03:00:00,10821.0
2005-01-04 04:00:00,11136.0
2005-01-04 05:00:00,12267.0
2005-01-04 06:00:00,14517.0
2005-01-04 07:00:00,16095.0
2005-01-04 08:00:00,16352.0
2005-01-04 09:00:00,16501.0
2005-01-04 10:00:00,16587.0
2005-01-04 11:00:00,16484.0
2005-01-04 12:00:00,16347.0
2005-01-04 13:00:00,16310.0
2005-01-04 14:00:00,16234.0
2005-01-04 15:00:00,16385.0
2005-01-04 16:00:00,17551.0
2005-01-04 17:00:00,18700.0
2005-01-04 18:00:00,18559.0
2005-01-04 19:00:00,18076.0
2005-01-04 20:00:00,17314.0
2005-01-04 21:00:00,16108.0
2005-01-04 22:00:00,14477.0
2005-01-04 23:00:00,12918.0
2005-01-05 00:00:00,11914.0
2005-01-05 01:00:00,11460.0
2005-01-05 02:00:00,11280.0
2005-01-05 03:00:00,11276.0
2005-01-05 04:00:00,11578.0
2005-01-05 05:00:00,12764.0
2005-01-05 06:00:00,15083.0
2005-01-05 07:00:00,16640.0
2005-01-05 08:00:00,16942.0
2005-01-05 09:00:00,17165.0
2005-01-05 10:00:00,17410.0
2005-01-05 11:00:00,17515.0
2005-01-05 12:00:00,17473.0
2005-01-05 13:00:00,17493.0
2005-01-05 14:00:00,17390.0
2005-01-05 15:00:00,17469.0
2005-01-05 16:00:00,18598.0
2005-01-05 17:00:00,19673.0
2005-01-05 18:00:00,19499.0
2005-01-05 19:00:00,18964.0
2005-01-05 20:00:00,18170.0
2005-01-05 21:00:00,16921.0
2005-01-05 22:00:00,15316.0
2005-01-05 23:00:00,13850.0
2005-01-06 00:00:00,12877.0
2005-01-06 01:00:00,12420.0
2005-01-06 02:00:00,12253.0
2005-01-06 03:00:00,12255.0
2005-01-06 04:00:00,12605.0
2005-01-06 05:00:00,13669.0
2005-01-06 06:00:00,15488.0
2005-01-06 07:00:00,16766.0
2005-01-06 08:00:00,17392.0
2005-01-06 09:00:00,17902.0
2005-01-06 10:00:00,18323.0
2005-01-06 11:00:00,18541.0
2005-01-06 12:00:00,18529.0
2005-01-06 13:00:00,18463.0
2005-01-06 14:00:00,18296.0
2005-01-06 15:00:00,18301.0
2005-01-06 16:00:00,19241.0
2005-01-06 17:00:00,20019.0
2005-01-06 18:00:00,19700.0
2005-01-06 19:00:00,19003.0
2005-01-06 20:00:00,18069.0
2005-01-06 21:00:00,16716.0
2005-01-06 22:00:00,15052.0
2005-01-06 23:00:00,13615.0
2005-01-07 00:00:00,12640.0
2005-01-07 01:00:00,12109.0
2005-01-07 02:00:00,11877.0
2005-01-07 03:00:00,11847.0
2005-01-07 04:00:00,12130.0
2005-01-07 05:00:00,13257.0
2005-01-07 06:00:00,15460.0
2005-01-07 07:00:00,16776.0
2005-01-07 08:00:00,16943.0
2005-01-07 09:00:00,16973.0
2005-01-07 10:00:00,17000.0
2005-01-07 11:00:00,16903.0
2005-01-07 12:00:00,16701.0
2005-01-07 13:00:00,16577.0
2005-01-07 14:00:00,16401.0
2005-01-07 15:00:00,16419.0
2005-01-07 16:00:00,17467.0
2005-01-07 17:00:00,18666.0
2005-01-07 18:00:00,18454.0
2005-01-07 19:00:00,17896.0
2005-01-07 20:00:00,17293.0
2005-01-07 21:00:00,16396.0
2005-01-07 22:00:00,15166.0
2005-01-07 23:00:00,13906.0
2005-01-08 00:00:00,12868.0
2005-01-08 01:00:00,12280.0
2005-01-08 02:00:00,11972.0
2005-01-08 03:00:00,11816.0
2005-01-08 04:00:00,11864.0
2005-01-08 05:00:00,12249.0
2005-01-08 06:00:00,13030.0
2005-01-08 07:00:00,13952.0
2005-01-08 08:00:00,15059.0
2005-01-08 09:00:00,16028.0
2005-01-08 10:00:00,16578.0
2005-01-08 11:00:00,16845.0
2005-01-08 12:00:00,16854.0
2005-01-08 13:00:00,16686.0
2005-01-08 14:00:00,16497.0
2005-01-08 15:00:00,16534.0
2005-01-08 16:00:00,17355.0
2005-01-08 17:00:00,18191.0
2005-01-08 18:00:00,17914.0
2005-01-08 19:00:00,17284.0
2005-01-08 20:00:00,16658.0
2005-01-08 21:00:00,15803.0
2005-01-08 22:00:00,14709.0
2005-01-08 23:00:00,13593.0
2005-01-09 00:00:00,12650.0
2005-01-09 01:00:00,12053.0
2005-01-09 02:00:00,11767.0
2005-01-09 03:00:00,11644.0
2005-01-09 04:00:00,11703.0
2005-01-09 05:00:00,11996.0
2005-01-09 06:00:00,12583.0
2005-01-09 07:00:00,13243.0
2005-01-09 08:00:00,14192.0
2005-01-09 09:00:00,14902.0
2005-01-09 10:00:00,15239.0
2005-01-09 11:00:00,15392.0
2005-01-09 12:00:00,15400.0
2005-01-09 13:00:00,15257.0
2005-01-09 14:00:00,15148.0
2005-01-09 15:00:00,15359.0
2005-01-09 16:00:00,16600.0
2005-01-09 17:00:00,17903.0
2005-01-09 18:00:00,17842.0
2005-01-09 19:00:00,17396.0
2005-01-09 20:00:00,16692.0
2005-01-09 21:00:00,15563.0
2005-01-09 22:00:00,14235.0
2005-01-09 23:00:00,12994.0
2005-01-10 00:00:00,12145.0
2005-01-10 01:00:00,11734.0
2005-01-10 02:00:00,11560.0
2005-01-10 03:00:00,11567.0
2005-01-10 04:00:00,11903.0
2005-01-10 05:00:00,13087.0
2005-01-10 06:00:00,15434.0
2005-01-10 07:00:00,16922.0
2005-01-10 08:00:00,17269.0
2005-01-10 09:00:00,17456.0
2005-01-10 10:00:00,17574.0
2005-01-10 11:00:00,17534.0
2005-01-10 12:00:00,17341.0
2005-01-10 13:00:00,17151.0
2005-01-10 14:00:00,16859.0
2005-01-10 15:00:00,16837.0
2005-01-10 16:00:00,17757.0
2005-01-10 17:00:00,19191.0
2005-01-10 18:00:00,19115.0
2005-01-10 19:00:00,18640.0
2005-01-10 20:00:00,17851.0
2005-01-10 21:00:00,16622.0
2005-01-10 22:00:00,14980.0
2005-01-10 23:00:00,13500.0
2005-01-11 00:00:00,12541.0
2005-01-11 01:00:00,12076.0
2005-01-11 02:00:00,11874.0
2005-01-11 03:00:00,11888.0
2005-01-11 04:00:00,12223.0
2005-01-11 05:00:00,13422.0
2005-01-11 06:00:00,15784.0
2005-01-11 07:00:00,17122.0
2005-01-11 08:00:00,17289.0
2005-01-11 09:00:00,17262.0
2005-01-11 10:00:00,17220.0
2005-01-11 11:00:00,17149.0
2005-01-11 12:00:00,17129.0
2005-01-11 13:00:00,17106.0
2005-01-11 14:00:00,17039.0
2005-01-11 15:00:00,17263.0
2005-01-11 16:00:00,18393.0
2005-01-11 17:00:00,19533.0
2005-01-11 18:00:00,19449.0
2005-01-11 19:00:00,18922.0
2005-01-11 20:00:00,18142.0
2005-01-11 21:00:00,16847.0
2005-01-11 22:00:00,15209.0
2005-01-11 23:00:00,13754.0
2005-01-12 00:00:00,12776.0
2005-01-12 01:00:00,12271.0
2005-01-12 02:00:00,12071.0
2005-01-12 03:00:00,12060.0
2005-01-12 04:00:00,12373.0
2005-01-12 05:00:00,13497.0
2005-01-12 06:00:00,15626.0
2005-01-12 07:00:00,17160.0
2005-01-12 08:00:00,17575.0
2005-01-12 09:00:00,17781.0
2005-01-12 10:00:00,17937.0
2005-01-12 11:00:00,17986.0
2005-01-12 12:00:00,17873.0
2005-01-12 13:00:00,17788.0
2005-01-12 14:00:00,17630.0
2005-01-12 15:00:00,17697.0
2005-01-12 16:00:00,18611.0
2005-01-12 17:00:00,19518.0
2005-01-12 18:00:00,19284.0
2005-01-12 19:00:00,18700.0
2005-01-12 20:00:00,17809.0
2005-01-12 21:00:00,16547.0
2005-01-12 22:00:00,14878.0
2005-01-12 23:00:00,13425.0
2005-01-13 00:00:00,12486.0
2005-01-13 01:00:00,11975.0
2005-01-13 02:00:00,11754.0
2005-01-13 03:00:00,11722.0
2005-01-13 04:00:00,11996.0
2005-01-13 05:00:00,13166.0
2005-01-13 06:00:00,15444.0
2005-01-13 07:00:00,16868.0
2005-01-13 08:00:00,17088.0
2005-01-13 09:00:00,17227.0
2005-01-13 10:00:00,17267.0
2005-01-13 11:00:00,17188.0
2005-01-13 12:00:00,17007.0
2005-01-13 13:00:00,16934.0
2005-01-13 14:00:00,16790.0
2005-01-13 15:00:00,16882.0
2005-01-13 16:00:00,17781.0
2005-01-13 17:00:00,18757.0
2005-01-13 18:00:00,18620.0
2005-01-13 19:00:00,18080.0
2005-01-13 20:00:00,17276.0
2005-01-13 21:00:00,16042.0
2005-01-13 22:00:00,14364.0
2005-01-13 23:00:00,12834.0
2005-01-14 00:00:00,11762.0
2005-01-14 01:00:00,11211.0
2005-01-14 02:00:00,10931.0
2005-01-14 03:00:00,10821.0
2005-01-14 04:00:00,11064.0
2005-01-14 05:00:00,12112.0
2005-01-14 06:00:00,14283.0
2005-01-14 07:00:00,15785.0
2005-01-14 08:00:00,16169.0
2005-01-14 09:00:00,16455.0
2005-01-14 10:00:00,16706.0
2005-01-14 11:00:00,16831.0
2005-01-14 12:00:00,16832.0
2005-01-14 13:00:00,16880.0
2005-01-14 14:00:00,16803.0
2005-01-14 15:00:00,16854.0
2005-01-14 16:00:00,17610.0
2005-01-14 17:00:00,18374.0
2005-01-14 18:00:00,18117.0
2005-01-14 19:00:00,17558.0
2005-01-14 20:00:00,16948.0
2005-01-14 21:00:00,16092.0
2005-01-14 22:00:00,14900.0
2005-01-14 23:00:00,13665.0
2005-01-15 00:00:00,12694.0
2005-01-15 01:00:00,12192.0
2005-01-15 02:00:00,11932.0
2005-01-15 03:00:00,11887.0
2005-01-15 04:00:00,12014.0
2005-01-15 05:00:00,12458.0
2005-01-15 06:00:00,13322.0
2005-01-15 07:00:00,14310.0
2005-01-15 08:00:00,15310.0
2005-01-15 09:00:00,15950.0
2005-01-15 10:00:00,16262.0
2005-01-15 11:00:00,16216.0
2005-01-15 12:00:00,15986.0
2005-01-15 13:00:00,15676.0
2005-01-15 14:00:00,15462.0
2005-01-15 15:00:00,15564.0
2005-01-15 16:00:00,16406.0
2005-01-15 17:00:00,17730.0
2005-01-15 18:00:00,17725.0
2005-01-15 19:00:00,17245.0
2005-01-15 20:00:00,16853.0
2005-01-15 21:00:00,16126.0
2005-01-15 22:00:00,15112.0
2005-01-15 23:00:00,14048.0
2005-01-16 00:00:00,13118.0
2005-01-16 01:00:00,12569.0
2005-01-16 02:00:00,12293.0
2005-01-16 03:00:00,12203.0
2005-01-16 04:00:00,12233.0
2005-01-16 05:00:00,12495.0
2005-01-16 06:00:00,13057.0
2005-01-16 07:00:00,13759.0
2005-01-16 08:00:00,14774.0
2005-01-16 09:00:00,15622.0
2005-01-16 10:00:00,16074.0
2005-01-16 11:00:00,16283.0
2005-01-16 12:00:00,16342.0
2005-01-16 13:00:00,16201.0
2005-01-16 14:00:00,16126.0
2005-01-16 15:00:00,16397.0
2005-01-16 16:00:00,17392.0
2005-01-16 17:00:00,18216.0
2005-01-16 18:00:00,18095.0
2005-01-16 19:00:00,17510.0
2005-01-16 20:00:00,17080.0
2005-01-16 21:00:00,16198.0
2005-01-16 22:00:00,15069.0
2005-01-16 23:00:00,13996.0
2005-01-17 00:00:00,13150.0
2005-01-17 01:00:00,12744.0
2005-01-17 02:00:00,12571.0
2005-01-17 03:00:00,12593.0
2005-01-17 04:00:00,12886.0
2005-01-17 05:00:00,13776.0
2005-01-17 06:00:00,15241.0
2005-01-17 07:00:00,16414.0
2005-01-17 08:00:00,17313.0
2005-01-17 09:00:00,17942.0
2005-01-17 10:00:00,18310.0
2005-01-17 11:00:00,18394.0
2005-01-17 12:00:00,18241.0
2005-01-17 13:00:00,18083.0
2005-01-17 14:00:00,17901.0
2005-01-17 15:00:00,17965.0
2005-01-17 16:00:00,18859.0
2005-01-17 17:00:00,20524.0
2005-01-17 18:00:00,20548.0
2005-01-17 19:00:00,20076.0
2005-01-17 20:00:00,19344.0
2005-01-17 21:00:00,18160.0
2005-01-17 22:00:00,16625.0
2005-01-17 23:00:00,15316.0
2005-01-18 00:00:00,14455.0
2005-01-18 01:00:00,14084.0
2005-01-18 02:00:00,13991.0
2005-01-18 03:00:00,14066.0
2005-01-18 04:00:00,14428.0
2005-01-18 05:00:00,15664.0
2005-01-18 06:00:00,18050.0
2005-01-18 07:00:00,19387.0
2005-01-18 08:00:00,19595.0
2005-01-18 09:00:00,19671.0
2005-01-18 10:00:00,19692.0
2005-01-18 11:00:00,19581.0
2005-01-18 12:00:00,19402.0
2005-01-18 13:00:00,19279.0
2005-01-18 14:00:00,19061.0
2005-01-18 15:00:00,19141.0
2005-01-18 16:00:00,20068.0
2005-01-18 17:00:00,21740.0
2005-01-18 18:00:00,21881.0
2005-01-18 19:00:00,21471.0
2005-01-18 20:00:00,20681.0
2005-01-18 21:00:00,19479.0
2005-01-18 22:00:00,17841.0
2005-01-18 23:00:00,16381.0
2005-01-19 00:00:00,15474.0
2005-01-19 01:00:00,15060.0
2005-01-19 02:00:00,14900.0
2005-01-19 03:00:00,14896.0
2005-01-19 04:00:00,15189.0
2005-01-19 05:00:00,16291.0
2005-01-19 06:00:00,18561.0
2005-01-19 07:00:00,19840.0
2005-01-19 08:00:00,20022.0
2005-01-19 09:00:00,20039.0
2005-01-19 10:00:00,19943.0
2005-01-19 11:00:00,19818.0
2005-01-19 12:00:00,19594.0
2005-01-19 13:00:00,19389.0
2005-01-19 14:00:00,19151.0
2005-01-19 15:00:00,19111.0
2005-01-19 16:00:00,19918.0
2005-01-19 17:00:00,21092.0
2005-01-19 18:00:00,21027.0
2005-01-19 19:00:00,20493.0
2005-01-19 20:00:00,19551.0
2005-01-19 21:00:00,18257.0
2005-01-19 22:00:00,16511.0
2005-01-19 23:00:00,15025.0
2005-01-20 00:00:00,14062.0
2005-01-20 01:00:00,13581.0
2005-01-20 02:00:00,13367.0
2005-01-20 03:00:00,13357.0
2005-01-20 04:00:00,13692.0
2005-01-20 05:00:00,14885.0
2005-01-20 06:00:00,17124.0
2005-01-20 07:00:00,18290.0
2005-01-20 08:00:00,18403.0
2005-01-20 09:00:00,18331.0
2005-01-20 10:00:00,18329.0
2005-01-20 11:00:00,18172.0
2005-01-20 12:00:00,17962.0
2005-01-20 13:00:00,17891.0
2005-01-20 14:00:00,17721.0
2005-01-20 15:00:00,17794.0
2005-01-20 16:00:00,18647.0
2005-01-20 17:00:00,20285.0
2005-01-20 18:00:00,20444.0
2005-01-20 19:00:00,20108.0
2005-01-20 20:00:00,19455.0
2005-01-20 21:00:00,18315.0
2005-01-20 22:00:00,16711.0
2005-01-20 23:00:00,15297.0
2005-01-21 00:00:00,14475.0
2005-01-21 01:00:00,14088.0
2005-01-21 02:00:00,13958.0
2005-01-21 03:00:00,14039.0
2005-01-21 04:00:00,14433.0
2005-01-21 05:00:00,15656.0
2005-01-21 06:00:00,18041.0
2005-01-21 07:00:00,19394.0
2005-01-21 08:00:00,19667.0
2005-01-21 09:00:00,19721.0
2005-01-21 10:00:00,19678.0
2005-01-21 11:00:00,19511.0
2005-01-21 12:00:00,19240.0
2005-01-21 13:00:00,19028.0
2005-01-21 14:00:00,18826.0
2005-01-21 15:00:00,18823.0
2005-01-21 16:00:00,19554.0
2005-01-21 17:00:00,20972.0
2005-01-21 18:00:00,21034.0
2005-01-21 19:00:00,20580.0
2005-01-21 20:00:00,19986.0
2005-01-21 21:00:00,19222.0
2005-01-21 22:00:00,17988.0
2005-01-21 23:00:00,16738.0
2005-01-22 00:00:00,15778.0
2005-01-22 01:00:00,15252.0
2005-01-22 02:00:00,15009.0
2005-01-22 03:00:00,14898.0
2005-01-22 04:00:00,15038.0
2005-01-22 05:00:00,15484.0
2005-01-22 06:00:00,16371.0
2005-01-22 07:00:00,17318.0
2005-01-22 08:00:00,18448.0
2005-01-22 09:00:00,19044.0
2005-01-22 10:00:00,19144.0
2005-01-22 11:00:00,18950.0
2005-01-22 12:00:00,18721.0
2005-01-22 13:00:00,18582.0
2005-01-22 14:00:00,18513.0
2005-01-22 15:00:00,18693.0
2005-01-22 16:00:00,19474.0
2005-01-22 17:00:00,20585.0
2005-01-22 18:00:00,20452.0
2005-01-22 19:00:00,19704.0
2005-01-22 20:00:00,18798.0
2005-01-22 21:00:00,17741.0
2005-01-22 22:00:00,16539.0
2005-01-22 23:00:00,15401.0
2005-01-23 00:00:00,14464.0
2005-01-23 01:00:00,13917.0
2005-01-23 02:00:00,13670.0
2005-01-23 03:00:00,13599.0
2005-01-23 04:00:00,13677.0
2005-01-23 05:00:00,13940.0
2005-01-23 06:00:00,14448.0
2005-01-23 07:00:00,15085.0
2005-01-23 08:00:00,16084.0
2005-01-23 09:00:00,17054.0
2005-01-23 10:00:00,17671.0
2005-01-23 11:00:00,17995.0
2005-01-23 12:00:00,18046.0
2005-01-23 13:00:00,17868.0
2005-01-23 14:00:00,17670.0
2005-01-23 15:00:00,17690.0
2005-01-23 16:00:00,18460.0
2005-01-23 17:00:00,20194.0
2005-01-23 18:00:00,20260.0
2005-01-23 19:00:00,19561.0
2005-01-23 20:00:00,18933.0
2005-01-23 21:00:00,17980.0
2005-01-23 22:00:00,16868.0
2005-01-23 23:00:00,15685.0
2005-01-24 00:00:00,14902.0
2005-01-24 01:00:00,14568.0
2005-01-24 02:00:00,14456.0
2005-01-24 03:00:00,14498.0
2005-01-24 04:00:00,14822.0
2005-01-24 05:00:00,15834.0
2005-01-24 06:00:00,17697.0
2005-01-24 07:00:00,18858.0
2005-01-24 08:00:00,19276.0
2005-01-24 09:00:00,19403.0
2005-01-24 10:00:00,19397.0
2005-01-24 11:00:00,19254.0
2005-01-24 12:00:00,18956.0
2005-01-24 13:00:00,18755.0
2005-01-24 14:00:00,18503.0
2005-01-24 15:00:00,18499.0
2005-01-24 16:00:00,19277.0
2005-01-24 17:00:00,20824.0
2005-01-24 18:00:00,20886.0
2005-01-24 19:00:00,20362.0
2005-01-24 20:00:00,19576.0
2005-01-24 21:00:00,18350.0
2005-01-24 22:00:00,16714.0
2005-01-24 23:00:00,15280.0
2005-01-25 00:00:00,14408.0
2005-01-25 01:00:00,13954.0
2005-01-25 02:00:00,13737.0
2005-01-25 03:00:00,13736.0
2005-01-25 04:00:00,14055.0
2005-01-25 05:00:00,15192.0
2005-01-25 06:00:00,17381.0
2005-01-25 07:00:00,18551.0
2005-01-25 08:00:00,18671.0
2005-01-25 09:00:00,18658.0
2005-01-25 10:00:00,18604.0
2005-01-25 11:00:00,18421.0
2005-01-25 12:00:00,18174.0
2005-01-25 13:00:00,17987.0
2005-01-25 14:00:00,17773.0
2005-01-25 15:00:00,17770.0
2005-01-25 16:00:00,18579.0
2005-01-25 17:00:00,20216.0
2005-01-25 18:00:00,20352.0
2005-01-25 19:00:00,19897.0
2005-01-25 20:00:00,19153.0
2005-01-25 21:00:00,17993.0
2005-01-25 22:00:00,16308.0
2005-01-25 23:00:00,14886.0
2005-01-26 00:00:00,13981.0
2005-01-26 01:00:00,13505.0
2005-01-26 02:00:00,13317.0
2005-01-26 03:00:00,13309.0
2005-01-26 04:00:00,13610.0
2005-01-26 05:00:00,14739.0
2005-01-26 06:00:00,16736.0
2005-01-26 07:00:00,17949.0
2005-01-26 08:00:00,18470.0
2005-01-26 09:00:00,18905.0
2005-01-26 10:00:00,19174.0
2005-01-26 11:00:00,19306.0
2005-01-26 12:00:00,19242.0
2005-01-26 13:00:00,19132.0
2005-01-26 14:00:00,18927.0
2005-01-26 15:00:00,18891.0
2005-01-26 16:00:00,19547.0
2005-01-26 17:00:00,20872.0
2005-01-26 18:00:00,20927.0
2005-01-26 19:00:00,20385.0
2005-01-26 20:00:00,19498.0
2005-01-26 21:00:00,18259.0
2005-01-26 22:00:00,16645.0
2005-01-26 23:00:00,15320.0
2005-01-27 00:00:00,14497.0
2005-01-27 01:00:00,14112.0
2005-01-27 02:00:00,13977.0
2005-01-27 03:00:00,14015.0
2005-01-27 04:00:00,14387.0
2005-01-27 05:00:00,15601.0
2005-01-27 06:00:00,17841.0
2005-01-27 07:00:00,19037.0
2005-01-27 08:00:00,19262.0
2005-01-27 09:00:00,19293.0
2005-01-27 10:00:00,19252.0
2005-01-27 11:00:00,19106.0
2005-01-27 12:00:00,18843.0
2005-01-27 13:00:00,18691.0
2005-01-27 14:00:00,18483.0
2005-01-27 15:00:00,18520.0
2005-01-27 16:00:00,19216.0
2005-01-27 17:00:00,20875.0
2005-01-27 18:00:00,21258.0
2005-01-27 19:00:00,20947.0
2005-01-27 20:00:00,20333.0
2005-01-27 21:00:00,19224.0
2005-01-27 22:00:00,17659.0
2005-01-27 23:00:00,16273.0
2005-01-28 00:00:00,15389.0
2005-01-28 01:00:00,15009.0
2005-01-28 02:00:00,14876.0
2005-01-28 03:00:00,14892.0
2005-01-28 04:00:00,15221.0
2005-01-28 05:00:00,16365.0
2005-01-28 06:00:00,18584.0
2005-01-28 07:00:00,19792.0
2005-01-28 08:00:00,19953.0
2005-01-28 09:00:00,19891.0
2005-01-28 10:00:00,19715.0
2005-01-28 11:00:00,19407.0
2005-01-28 12:00:00,19005.0
2005-01-28 13:00:00,18665.0
2005-01-28 14:00:00,18291.0
2005-01-28 15:00:00,18150.0
2005-01-28 16:00:00,18644.0
2005-01-28 17:00:00,20015.0
2005-01-28 18:00:00,20253.0
2005-01-28 19:00:00,19795.0
2005-01-28 20:00:00,19230.0
2005-01-28 21:00:00,18396.0
2005-01-28 22:00:00,17157.0
2005-01-28 23:00:00,15936.0
2005-01-29 00:00:00,15050.0
2005-01-29 01:00:00,14567.0
2005-01-29 02:00:00,14342.0
2005-01-29 03:00:00,14284.0
2005-01-29 04:00:00,14399.0
2005-01-29 05:00:00,14820.0
2005-01-29 06:00:00,15646.0
2005-01-29 07:00:00,16540.0
2005-01-29 08:00:00,17517.0
2005-01-29 09:00:00,17908.0
2005-01-29 10:00:00,17803.0
2005-01-29 11:00:00,17399.0
2005-01-29 12:00:00,16837.0
2005-01-29 13:00:00,16311.0
2005-01-29 14:00:00,15969.0
2005-01-29 15:00:00,15937.0
2005-01-29 16:00:00,16579.0
2005-01-29 17:00:00,18112.0
2005-01-29 18:00:00,18238.0
2005-01-29 19:00:00,17755.0
2005-01-29 20:00:00,17194.0
2005-01-29 21:00:00,16456.0
2005-01-29 22:00:00,15379.0
2005-01-29 23:00:00,14317.0
2005-01-30 00:00:00,13441.0
2005-01-30 01:00:00,12879.0
2005-01-30 02:00:00,12614.0
2005-01-30 03:00:00,12504.0
2005-01-30 04:00:00,12516.0
2005-01-30 05:00:00,12766.0
2005-01-30 06:00:00,13323.0
2005-01-30 07:00:00,13965.0
2005-01-30 08:00:00,14910.0
2005-01-30 09:00:00,15523.0
2005-01-30 10:00:00,15674.0
2005-01-30 11:00:00,15703.0
2005-01-30 12:00:00,15501.0
2005-01-30 13:00:00,15199.0
2005-01-30 14:00:00,14965.0
2005-01-30 15:00:00,15027.0
2005-01-30 16:00:00,15883.0
2005-01-30 17:00:00,17701.0
2005-01-30 18:00:00,18170.0
2005-01-30 19:00:00,17835.0
2005-01-30 20:00:00,17223.0
2005-01-30 21:00:00,16198.0
2005-01-30 22:00:00,14866.0
2005-01-30 23:00:00,13712.0
2005-01-31 00:00:00,12961.0
2005-01-31 01:00:00,12662.0
2005-01-31 02:00:00,12562.0
2005-01-31 03:00:00,12650.0
2005-01-31 04:00:00,13052.0
2005-01-31 05:00:00,14313.0
2005-01-31 06:00:00,16719.0
2005-01-31 07:00:00,17970.0
2005-01-31 08:00:00,18113.0
2005-01-31 09:00:00,18068.0
2005-01-31 10:00:00,18017.0
2005-01-31 11:00:00,17824.0
2005-01-31 12:00:00,17514.0
2005-01-31 13:00:00,17313.0
2005-01-31 14:00:00,17067.0
2005-01-31 15:00:00,17051.0
2005-01-31 16:00:00,17747.0
2005-01-31 17:00:00,19446.0
2005-01-31 18:00:00,19881.0
2005-01-31 19:00:00,19507.0
2005-01-31 20:00:00,18827.0
2005-01-31 21:00:00,17644.0
2005-01-31 22:00:00,16067.0
2005-01-31 23:00:00,14713.0
2005-02-01 00:00:00,13861.0
2005-02-01 01:00:00,13500.0
2005-02-01 02:00:00,13379.0
2005-02-01 03:00:00,13450.0
2005-02-01 04:00:00,13840.0
2005-02-01 05:00:00,15110.0
2005-02-01 06:00:00,17484.0
2005-02-01 07:00:00,18714.0
2005-02-01 08:00:00,18719.0
2005-02-01 09:00:00,18444.0
2005-02-01 10:00:00,18177.0
2005-02-01 11:00:00,17827.0
2005-02-01 12:00:00,17434.0
2005-02-01 13:00:00,17152.0
2005-02-01 14:00:00,16867.0
2005-02-01 15:00:00,16837.0
2005-02-01 16:00:00,17467.0
2005-02-01 17:00:00,19134.0
2005-02-01 18:00:00,19578.0
2005-02-01 19:00:00,19249.0
2005-02-01 20:00:00,18576.0
2005-02-01 21:00:00,17467.0
2005-02-01 22:00:00,15855.0
2005-02-01 23:00:00,14516.0
2005-02-02 00:00:00,13700.0
2005-02-02 01:00:00,13347.0
2005-02-02 02:00:00,13238.0
2005-02-02 03:00:00,13282.0
2005-02-02 04:00:00,13674.0
2005-02-02 05:00:00,14914.0
2005-02-02 06:00:00,17260.0
2005-02-02 07:00:00,18476.0
2005-02-02 08:00:00,18472.0
2005-02-02 09:00:00,18224.0
2005-02-02 10:00:00,17973.0
2005-02-02 11:00:00,17655.0
2005-02-02 12:00:00,17285.0
2005-02-02 13:00:00,17024.0
2005-02-02 14:00:00,16791.0
2005-02-02 15:00:00,16745.0
2005-02-02 16:00:00,17320.0
2005-02-02 17:00:00,18975.0
2005-02-02 18:00:00,19418.0
2005-02-02 19:00:00,19078.0
2005-02-02 20:00:00,18426.0
2005-02-02 21:00:00,17316.0
2005-02-02 22:00:00,15720.0
2005-02-02 23:00:00,14296.0
2005-02-03 00:00:00,13443.0
2005-02-03 01:00:00,13023.0
2005-02-03 02:00:00,12884.0
2005-02-03 03:00:00,12920.0
2005-02-03 04:00:00,13280.0
2005-02-03 05:00:00,14488.0
2005-02-03 06:00:00,16785.0
2005-02-03 07:00:00,17949.0
2005-02-03 08:00:00,18032.0
2005-02-03 09:00:00,17914.0
2005-02-03 10:00:00,17785.0
2005-02-03 11:00:00,17551.0
2005-02-03 12:00:00,17254.0
2005-02-03 13:00:00,17113.0
2005-02-03 14:00:00,16975.0
2005-02-03 15:00:00,17040.0
2005-02-03 16:00:00,17729.0
2005-02-03 17:00:00,19059.0
2005-02-03 18:00:00,19201.0
2005-02-03 19:00:00,18782.0
2005-02-03 20:00:00,18068.0
2005-02-03 21:00:00,16845.0
2005-02-03 22:00:00,15210.0
2005-02-03 23:00:00,13783.0
2005-02-04 00:00:00,12831.0
2005-02-04 01:00:00,12392.0
2005-02-04 02:00:00,12167.0
2005-02-04 03:00:00,12134.0
2005-02-04 04:00:00,12431.0
2005-02-04 05:00:00,13557.0
2005-02-04 06:00:00,15638.0
2005-02-04 07:00:00,16987.0
2005-02-04 08:00:00,17449.0
2005-02-04 09:00:00,17571.0
2005-02-04 10:00:00,17619.0
2005-02-04 11:00:00,17531.0
2005-02-04 12:00:00,17264.0
2005-02-04 13:00:00,17044.0
2005-02-04 14:00:00,16748.0
2005-02-04 15:00:00,16559.0
2005-02-04 16:00:00,16879.0
2005-02-04 17:00:00,18029.0
2005-02-04 18:00:00,18279.0
2005-02-04 19:00:00,17775.0
2005-02-04 20:00:00,17153.0
2005-02-04 21:00:00,16292.0
2005-02-04 22:00:00,15045.0
2005-02-04 23:00:00,13758.0
2005-02-05 00:00:00,12815.0
2005-02-05 01:00:00,12274.0
2005-02-05 02:00:00,12012.0
2005-02-05 03:00:00,11911.0
2005-02-05 04:00:00,12016.0
2005-02-05 05:00:00,12474.0
2005-02-05 06:00:00,13316.0
2005-02-05 07:00:00,14163.0
2005-02-05 08:00:00,15105.0
2005-02-05 09:00:00,15585.0
2005-02-05 10:00:00,15640.0
2005-02-05 11:00:00,15396.0
2005-02-05 12:00:00,15000.0
2005-02-05 13:00:00,14557.0
2005-02-05 14:00:00,14186.0
2005-02-05 15:00:00,14089.0
2005-02-05 16:00:00,14507.0
2005-02-05 17:00:00,16040.0
2005-02-05 18:00:00,16558.0
2005-02-05 19:00:00,16215.0
2005-02-05 20:00:00,15722.0
2005-02-05 21:00:00,15040.0
2005-02-05 22:00:00,14028.0
2005-02-05 23:00:00,13047.0
2005-02-06 00:00:00,12168.0
2005-02-06 01:00:00,11658.0
2005-02-06 02:00:00,11424.0
2005-02-06 03:00:00,11338.0
2005-02-06 04:00:00,11385.0
2005-02-06 05:00:00,11683.0
2005-02-06 06:00:00,12242.0
2005-02-06 07:00:00,12915.0
2005-02-06 08:00:00,13834.0
2005-02-06 09:00:00,14446.0
2005-02-06 10:00:00,14725.0
2005-02-06 11:00:00,14791.0
2005-02-06 12:00:00,14677.0
2005-02-06 13:00:00,14432.0
2005-02-06 14:00:00,14217.0
2005-02-06 15:00:00,14239.0
2005-02-06 16:00:00,14853.0
2005-02-06 17:00:00,16426.0
2005-02-06 18:00:00,16545.0
2005-02-06 19:00:00,15845.0
2005-02-06 20:00:00,15488.0
2005-02-06 21:00:00,14799.0
2005-02-06 22:00:00,13999.0
2005-02-06 23:00:00,13055.0
2005-02-07 00:00:00,12077.0
2005-02-07 01:00:00,11656.0
2005-02-07 02:00:00,11521.0
2005-02-07 03:00:00,11569.0
2005-02-07 04:00:00,11951.0
2005-02-07 05:00:00,13140.0
2005-02-07 06:00:00,15419.0
2005-02-07 07:00:00,16700.0
2005-02-07 08:00:00,16949.0
2005-02-07 09:00:00,16874.0
2005-02-07 10:00:00,16793.0
2005-02-07 11:00:00,16597.0
2005-02-07 12:00:00,16310.0
2005-02-07 13:00:00,16107.0
2005-02-07 14:00:00,15873.0
2005-02-07 15:00:00,15835.0
2005-02-07 16:00:00,16354.0
2005-02-07 17:00:00,17975.0
2005-02-07 18:00:00,18439.0
2005-02-07 19:00:00,18020.0
2005-02-07 20:00:00,17280.0
2005-02-07 21:00:00,16083.0
2005-02-07 22:00:00,14521.0
2005-02-07 23:00:00,13156.0
2005-02-08 00:00:00,12291.0
2005-02-08 01:00:00,11863.0
2005-02-08 02:00:00,11687.0
2005-02-08 03:00:00,11699.0
2005-02-08 04:00:00,12002.0
2005-02-08 05:00:00,13198.0
2005-02-08 06:00:00,15486.0
2005-02-08 07:00:00,16718.0
2005-02-08 08:00:00,16912.0
2005-02-08 09:00:00,16986.0
2005-02-08 10:00:00,17005.0
2005-02-08 11:00:00,16867.0
2005-02-08 12:00:00,16631.0
2005-02-08 13:00:00,16483.0
2005-02-08 14:00:00,16246.0
2005-02-08 15:00:00,16260.0
2005-02-08 16:00:00,16804.0
2005-02-08 17:00:00,18181.0
2005-02-08 18:00:00,18476.0
2005-02-08 19:00:00,18013.0
2005-02-08 20:00:00,17211.0
2005-02-08 21:00:00,16059.0
2005-02-08 22:00:00,14437.0
2005-02-08 23:00:00,13030.0
2005-02-09 00:00:00,12119.0
2005-02-09 01:00:00,11680.0
2005-02-09 02:00:00,11486.0
2005-02-09 03:00:00,11471.0
2005-02-09 04:00:00,11791.0
2005-02-09 05:00:00,12960.0
2005-02-09 06:00:00,15242.0
2005-02-09 07:00:00,16455.0
2005-02-09 08:00:00,16588.0
2005-02-09 09:00:00,16516.0
2005-02-09 10:00:00,16474.0
2005-02-09 11:00:00,16393.0
2005-02-09 12:00:00,16149.0
2005-02-09 13:00:00,15995.0
2005-02-09 14:00:00,15819.0
2005-02-09 15:00:00,15795.0
2005-02-09 16:00:00,16299.0
2005-02-09 17:00:00,17675.0
2005-02-09 18:00:00,18085.0
2005-02-09 19:00:00,17658.0
2005-02-09 20:00:00,16982.0
2005-02-09 21:00:00,15799.0
2005-02-09 22:00:00,14255.0
2005-02-09 23:00:00,12893.0
2005-02-10 00:00:00,11976.0
2005-02-10 01:00:00,11496.0
2005-02-10 02:00:00,11298.0
2005-02-10 03:00:00,11253.0
2005-02-10 04:00:00,11549.0
2005-02-10 05:00:00,12669.0
2005-02-10 06:00:00,14860.0
2005-02-10 07:00:00,16343.0
2005-02-10 08:00:00,16833.0
2005-02-10 09:00:00,17179.0
2005-02-10 10:00:00,17464.0
2005-02-10 11:00:00,17533.0
2005-02-10 12:00:00,17428.0
2005-02-10 13:00:00,17314.0
2005-02-10 14:00:00,17221.0
2005-02-10 15:00:00,17323.0
2005-02-10 16:00:00,17877.0
2005-02-10 17:00:00,18988.0
2005-02-10 18:00:00,19155.0
2005-02-10 19:00:00,18602.0
2005-02-10 20:00:00,17745.0
2005-02-10 21:00:00,16500.0
2005-02-10 22:00:00,14932.0
2005-02-10 23:00:00,13589.0
2005-02-11 00:00:00,12763.0
2005-02-11 01:00:00,12345.0
2005-02-11 02:00:00,12204.0
2005-02-11 03:00:00,12210.0
2005-02-11 04:00:00,12550.0
2005-02-11 05:00:00,13671.0
2005-02-11 06:00:00,15734.0
2005-02-11 07:00:00,16923.0
2005-02-11 08:00:00,17321.0
2005-02-11 09:00:00,17443.0
2005-02-11 10:00:00,17457.0
2005-02-11 11:00:00,17385.0
2005-02-11 12:00:00,17100.0
2005-02-11 13:00:00,16891.0
2005-02-11 14:00:00,16639.0
2005-02-11 15:00:00,16496.0
2005-02-11 16:00:00,16785.0
2005-02-11 17:00:00,18039.0
2005-02-11 18:00:00,18500.0
2005-02-11 19:00:00,17986.0
2005-02-11 20:00:00,17333.0
2005-02-11 21:00:00,16483.0
2005-02-11 22:00:00,15245.0
2005-02-11 23:00:00,14019.0
2005-02-12 00:00:00,13047.0
2005-02-12 01:00:00,12548.0
2005-02-12 02:00:00,12283.0
2005-02-12 03:00:00,12174.0
2005-02-12 04:00:00,12246.0
2005-02-12 05:00:00,12652.0
2005-02-12 06:00:00,13413.0
2005-02-12 07:00:00,14298.0
2005-02-12 08:00:00,15416.0
2005-02-12 09:00:00,16058.0
2005-02-12 10:00:00,16149.0
2005-02-12 11:00:00,15908.0
2005-02-12 12:00:00,15539.0
2005-02-12 13:00:00,15173.0
2005-02-12 14:00:00,14926.0
2005-02-12 15:00:00,14925.0
2005-02-12 16:00:00,15266.0
2005-02-12 17:00:00,16544.0
2005-02-12 18:00:00,17043.0
2005-02-12 19:00:00,16595.0
2005-02-12 20:00:00,16082.0
2005-02-12 21:00:00,15354.0
2005-02-12 22:00:00,14349.0
2005-02-12 23:00:00,13335.0
2005-02-13 00:00:00,12465.0
2005-02-13 01:00:00,11924.0
2005-02-13 02:00:00,11683.0
2005-02-13 03:00:00,11570.0
2005-02-13 04:00:00,11598.0
2005-02-13 05:00:00,11899.0
2005-02-13 06:00:00,12405.0
2005-02-13 07:00:00,13090.0
2005-02-13 08:00:00,14045.0
2005-02-13 09:00:00,14690.0
2005-02-13 10:00:00,14949.0
2005-02-13 11:00:00,14990.0
2005-02-13 12:00:00,14838.0
2005-02-13 13:00:00,14552.0
2005-02-13 14:00:00,14297.0
2005-02-13 15:00:00,14299.0
2005-02-13 16:00:00,14885.0
2005-02-13 17:00:00,16581.0
2005-02-13 18:00:00,17455.0
2005-02-13 19:00:00,17238.0
2005-02-13 20:00:00,16674.0
2005-02-13 21:00:00,15717.0
2005-02-13 22:00:00,14445.0
2005-02-13 23:00:00,13310.0
2005-02-14 00:00:00,12544.0
2005-02-14 01:00:00,12202.0
2005-02-14 02:00:00,12103.0
2005-02-14 03:00:00,12170.0
2005-02-14 04:00:00,12588.0
2005-02-14 05:00:00,13897.0
2005-02-14 06:00:00,16219.0
2005-02-14 07:00:00,17419.0
2005-02-14 08:00:00,17576.0
2005-02-14 09:00:00,17587.0
2005-02-14 10:00:00,17555.0
2005-02-14 11:00:00,17400.0
2005-02-14 12:00:00,17205.0
2005-02-14 13:00:00,17147.0
2005-02-14 14:00:00,17061.0
2005-02-14 15:00:00,17140.0
2005-02-14 16:00:00,17680.0
2005-02-14 17:00:00,18888.0
2005-02-14 18:00:00,19066.0
2005-02-14 19:00:00,18555.0
2005-02-14 20:00:00,17723.0
2005-02-14 21:00:00,16468.0
2005-02-14 22:00:00,14831.0
2005-02-14 23:00:00,13428.0
2005-02-15 00:00:00,12427.0
2005-02-15 01:00:00,11941.0
2005-02-15 02:00:00,11684.0
2005-02-15 03:00:00,11590.0
2005-02-15 04:00:00,11825.0
2005-02-15 05:00:00,12908.0
2005-02-15 06:00:00,15046.0
2005-02-15 07:00:00,16194.0
2005-02-15 08:00:00,16406.0
2005-02-15 09:00:00,16360.0
2005-02-15 10:00:00,16358.0
2005-02-15 11:00:00,16283.0
2005-02-15 12:00:00,16053.0
2005-02-15 13:00:00,15896.0
2005-02-15 14:00:00,15677.0
2005-02-15 15:00:00,15582.0
2005-02-15 16:00:00,15929.0
2005-02-15 17:00:00,17288.0
2005-02-15 18:00:00,18076.0
2005-02-15 19:00:00,17719.0
2005-02-15 20:00:00,16990.0
2005-02-15 21:00:00,15855.0
2005-02-15 22:00:00,14295.0
2005-02-15 23:00:00,12883.0
2005-02-16 00:00:00,11959.0
2005-02-16 01:00:00,11545.0
2005-02-16 02:00:00,11370.0
2005-02-16 03:00:00,11380.0
2005-02-16 04:00:00,11731.0
2005-02-16 05:00:00,12923.0
2005-02-16 06:00:00,15152.0
2005-02-16 07:00:00,16264.0
2005-02-16 08:00:00,16420.0
2005-02-16 09:00:00,16441.0
2005-02-16 10:00:00,16418.0
2005-02-16 11:00:00,16317.0
2005-02-16 12:00:00,16139.0
2005-02-16 13:00:00,16087.0
2005-02-16 14:00:00,16028.0
2005-02-16 15:00:00,16216.0
2005-02-16 16:00:00,16937.0
2005-02-16 17:00:00,18108.0
2005-02-16 18:00:00,18287.0
2005-02-16 19:00:00,17867.0
2005-02-16 20:00:00,17148.0
2005-02-16 21:00:00,16012.0
2005-02-16 22:00:00,14470.0
2005-02-16 23:00:00,13124.0
2005-02-17 00:00:00,12222.0
2005-02-17 01:00:00,11795.0
2005-02-17 02:00:00,11655.0
2005-02-17 03:00:00,11675.0
2005-02-17 04:00:00,12042.0
2005-02-17 05:00:00,13281.0
2005-02-17 06:00:00,15556.0
2005-02-17 07:00:00,16740.0
2005-02-17 08:00:00,16895.0
2005-02-17 09:00:00,16913.0
2005-02-17 10:00:00,16925.0
2005-02-17 11:00:00,16817.0
2005-02-17 12:00:00,16598.0
2005-02-17 13:00:00,16457.0
2005-02-17 14:00:00,16266.0
2005-02-17 15:00:00,16211.0
2005-02-17 16:00:00,16624.0
2005-02-17 17:00:00,17903.0
2005-02-17 18:00:00,18666.0
2005-02-17 19:00:00,18363.0
2005-02-17 20:00:00,17707.0
2005-02-17 21:00:00,16633.0
2005-02-17 22:00:00,15069.0
2005-02-17 23:00:00,13695.0
2005-02-18 00:00:00,12817.0
2005-02-18 01:00:00,12394.0
2005-02-18 02:00:00,12237.0
2005-02-18 03:00:00,12261.0
2005-02-18 04:00:00,12599.0
2005-02-18 05:00:00,13761.0
2005-02-18 06:00:00,15911.0
2005-02-18 07:00:00,17102.0
2005-02-18 08:00:00,17388.0
2005-02-18 09:00:00,17417.0
2005-02-18 10:00:00,17428.0
2005-02-18 11:00:00,17285.0
2005-02-18 12:00:00,17039.0
2005-02-18 13:00:00,16891.0
2005-02-18 14:00:00,16722.0
2005-02-18 15:00:00,16692.0
2005-02-18 16:00:00,17088.0
2005-02-18 17:00:00,18186.0
2005-02-18 18:00:00,18850.0
2005-02-18 19:00:00,18457.0
2005-02-18 20:00:00,17903.0
2005-02-18 21:00:00,17067.0
2005-02-18 22:00:00,15857.0
2005-02-18 23:00:00,14669.0
2005-02-19 00:00:00,13779.0
2005-02-19 01:00:00,13319.0
2005-02-19 02:00:00,13128.0
2005-02-19 03:00:00,13080.0
2005-02-19 04:00:00,13206.0
2005-02-19 05:00:00,13666.0
2005-02-19 06:00:00,14435.0
2005-02-19 07:00:00,15389.0
2005-02-19 08:00:00,16412.0
2005-02-19 09:00:00,16927.0
2005-02-19 10:00:00,17003.0
2005-02-19 11:00:00,16754.0
2005-02-19 12:00:00,16307.0
2005-02-19 13:00:00,15820.0
2005-02-19 14:00:00,15407.0
2005-02-19 15:00:00,15264.0
2005-02-19 16:00:00,15617.0
2005-02-19 17:00:00,16860.0
2005-02-19 18:00:00,17685.0
2005-02-19 19:00:00,17369.0
2005-02-19 20:00:00,16865.0
2005-02-19 21:00:00,16169.0
2005-02-19 22:00:00,15150.0
2005-02-19 23:00:00,14156.0
2005-02-20 00:00:00,13282.0
2005-02-20 01:00:00,12810.0
2005-02-20 02:00:00,12546.0
2005-02-20 03:00:00,12464.0
2005-02-20 04:00:00,12512.0
2005-02-20 05:00:00,12802.0
2005-02-20 06:00:00,13255.0
2005-02-20 07:00:00,13928.0
2005-02-20 08:00:00,14726.0
2005-02-20 09:00:00,15262.0
2005-02-20 10:00:00,15504.0
2005-02-20 11:00:00,15518.0
2005-02-20 12:00:00,15331.0
2005-02-20 13:00:00,14996.0
2005-02-20 14:00:00,14667.0
2005-02-20 15:00:00,14589.0
2005-02-20 16:00:00,15084.0
2005-02-20 17:00:00,16438.0
2005-02-20 18:00:00,17299.0
2005-02-20 19:00:00,17063.0
2005-02-20 20:00:00,16515.0
2005-02-20 21:00:00,15653.0
2005-02-20 22:00:00,14559.0
2005-02-20 23:00:00,13546.0
2005-02-21 00:00:00,12754.0
2005-02-21 01:00:00,12367.0
2005-02-21 02:00:00,12227.0
2005-02-21 03:00:00,12246.0
2005-02-21 04:00:00,12512.0
2005-02-21 05:00:00,13271.0
2005-02-21 06:00:00,14418.0
2005-02-21 07:00:00,15446.0
2005-02-21 08:00:00,16491.0
2005-02-21 09:00:00,17334.0
2005-02-21 10:00:00,17871.0
2005-02-21 11:00:00,18071.0
2005-02-21 12:00:00,17966.0
2005-02-21 13:00:00,17760.0
2005-02-21 14:00:00,17476.0
2005-02-21 15:00:00,17374.0
2005-02-21 16:00:00,17778.0
2005-02-21 17:00:00,18844.0
2005-02-21 18:00:00,19028.0
2005-02-21 19:00:00,18441.0
2005-02-21 20:00:00,17549.0
2005-02-21 21:00:00,16366.0
2005-02-21 22:00:00,14949.0
2005-02-21 23:00:00,13727.0
2005-02-22 00:00:00,12852.0
2005-02-22 01:00:00,12418.0
2005-02-22 02:00:00,12259.0
2005-02-22 03:00:00,12272.0
2005-02-22 04:00:00,12591.0
2005-02-22 05:00:00,13640.0
2005-02-22 06:00:00,15402.0
2005-02-22 07:00:00,16615.0
2005-02-22 08:00:00,17235.0
2005-02-22 09:00:00,17499.0
2005-02-22 10:00:00,17517.0
2005-02-22 11:00:00,17446.0
2005-02-22 12:00:00,17220.0
2005-02-22 13:00:00,17006.0
2005-02-22 14:00:00,16772.0
2005-02-22 15:00:00,16622.0
2005-02-22 16:00:00,16993.0
2005-02-22 17:00:00,18078.0
2005-02-22 18:00:00,18742.0
2005-02-22 19:00:00,18290.0
2005-02-22 20:00:00,17545.0
2005-02-22 21:00:00,16445.0
2005-02-22 22:00:00,14954.0
2005-02-22 23:00:00,13649.0
2005-02-23 00:00:00,12720.0
2005-02-23 01:00:00,12227.0
2005-02-23 02:00:00,12018.0
2005-02-23 03:00:00,11981.0
2005-02-23 04:00:00,12310.0
2005-02-23 05:00:00,13378.0
2005-02-23 06:00:00,15072.0
2005-02-23 07:00:00,16217.0
2005-02-23 08:00:00,16680.0
2005-02-23 09:00:00,16883.0
2005-02-23 10:00:00,17008.0
2005-02-23 11:00:00,16972.0
2005-02-23 12:00:00,16769.0
2005-02-23 13:00:00,16641.0
2005-02-23 14:00:00,16430.0
2005-02-23 15:00:00,16294.0
2005-02-23 16:00:00,16613.0
2005-02-23 17:00:00,17752.0
2005-02-23 18:00:00,18750.0
2005-02-23 19:00:00,18427.0
2005-02-23 20:00:00,17834.0
2005-02-23 21:00:00,16827.0
2005-02-23 22:00:00,15427.0
2005-02-23 23:00:00,14177.0
2005-02-24 00:00:00,13304.0
2005-02-24 01:00:00,12896.0
2005-02-24 02:00:00,12769.0
2005-02-24 03:00:00,12824.0
2005-02-24 04:00:00,13200.0
2005-02-24 05:00:00,14335.0
2005-02-24 06:00:00,16038.0
2005-02-24 07:00:00,17242.0
2005-02-24 08:00:00,17698.0
2005-02-24 09:00:00,17801.0
2005-02-24 10:00:00,17756.0
2005-02-24 11:00:00,17559.0
2005-02-24 12:00:00,17283.0
2005-02-24 13:00:00,17116.0
2005-02-24 14:00:00,16962.0
2005-02-24 15:00:00,16960.0
2005-02-24 16:00:00,17423.0
2005-02-24 17:00:00,18598.0
2005-02-24 18:00:00,19300.0
2005-02-24 19:00:00,18910.0
2005-02-24 20:00:00,18167.0
2005-02-24 21:00:00,17108.0
2005-02-24 22:00:00,15665.0
2005-02-24 23:00:00,14375.0
2005-02-25 00:00:00,13470.0
2005-02-25 01:00:00,13021.0
2005-02-25 02:00:00,12847.0
2005-02-25 03:00:00,12839.0
2005-02-25 04:00:00,13153.0
2005-02-25 05:00:00,14147.0
2005-02-25 06:00:00,15652.0
2005-02-25 07:00:00,16805.0
2005-02-25 08:00:00,17394.0
2005-02-25 09:00:00,17594.0
2005-02-25 10:00:00,17619.0
2005-02-25 11:00:00,17498.0
2005-02-25 12:00:00,17197.0
2005-02-25 13:00:00,16994.0
2005-02-25 14:00:00,16762.0
2005-02-25 15:00:00,16621.0
2005-02-25 16:00:00,16853.0
2005-02-25 17:00:00,17676.0
2005-02-25 18:00:00,18423.0
2005-02-25 19:00:00,17991.0
2005-02-25 20:00:00,17411.0
2005-02-25 21:00:00,16565.0
2005-02-25 22:00:00,15397.0
2005-02-25 23:00:00,14249.0
2005-02-26 00:00:00,13401.0
2005-02-26 01:00:00,13005.0
2005-02-26 02:00:00,12831.0
2005-02-26 03:00:00,12797.0
2005-02-26 04:00:00,12924.0
2005-02-26 05:00:00,13409.0
2005-02-26 06:00:00,14147.0
2005-02-26 07:00:00,15035.0
2005-02-26 08:00:00,15884.0
2005-02-26 09:00:00,16316.0
2005-02-26 10:00:00,16339.0
2005-02-26 11:00:00,16079.0
2005-02-26 12:00:00,15675.0
2005-02-26 13:00:00,15295.0
2005-02-26 14:00:00,15052.0
2005-02-26 15:00:00,14984.0
2005-02-26 16:00:00,15311.0
2005-02-26 17:00:00,16322.0
2005-02-26 18:00:00,17141.0
2005-02-26 19:00:00,16837.0
2005-02-26 20:00:00,16333.0
2005-02-26 21:00:00,15662.0
2005-02-26 22:00:00,14668.0
2005-02-26 23:00:00,13706.0
2005-02-27 00:00:00,12884.0
2005-02-27 01:00:00,12437.0
2005-02-27 02:00:00,12234.0
2005-02-27 03:00:00,12187.0
2005-02-27 04:00:00,12268.0
2005-02-27 05:00:00,12614.0
2005-02-27 06:00:00,13059.0
2005-02-27 07:00:00,13741.0
2005-02-27 08:00:00,14539.0
2005-02-27 09:00:00,15120.0
2005-02-27 10:00:00,15334.0
2005-02-27 11:00:00,15410.0
2005-02-27 12:00:00,15234.0
2005-02-27 13:00:00,14929.0
2005-02-27 14:00:00,14670.0
2005-02-27 15:00:00,14630.0
2005-02-27 16:00:00,15091.0
2005-02-27 17:00:00,16457.0
2005-02-27 18:00:00,17679.0
2005-02-27 19:00:00,17496.0
2005-02-27 20:00:00,16878.0
2005-02-27 21:00:00,15845.0
2005-02-27 22:00:00,14606.0
2005-02-27 23:00:00,13570.0
2005-02-28 00:00:00,12801.0
2005-02-28 01:00:00,12462.0
2005-02-28 02:00:00,12374.0
2005-02-28 03:00:00,12428.0
2005-02-28 04:00:00,12804.0
2005-02-28 05:00:00,14061.0
2005-02-28 06:00:00,16177.0
2005-02-28 07:00:00,17440.0
2005-02-28 08:00:00,17758.0
2005-02-28 09:00:00,17720.0
2005-02-28 10:00:00,17651.0
2005-02-28 11:00:00,17464.0
2005-02-28 12:00:00,17301.0
2005-02-28 13:00:00,17225.0
2005-02-28 14:00:00,17079.0
2005-02-28 15:00:00,17097.0
2005-02-28 16:00:00,17569.0
2005-02-28 17:00:00,18741.0
2005-02-28 18:00:00,19430.0
2005-02-28 19:00:00,18931.0
2005-02-28 20:00:00,18086.0
2005-02-28 21:00:00,16833.0
2005-02-28 22:00:00,15264.0
2005-02-28 23:00:00,13918.0
2005-03-01 00:00:00,12995.0
2005-03-01 01:00:00,12538.0
2005-03-01 02:00:00,12346.0
2005-03-01 03:00:00,12367.0
2005-03-01 04:00:00,12663.0
2005-03-01 05:00:00,13645.0
2005-03-01 06:00:00,15098.0
2005-03-01 07:00:00,16297.0
2005-03-01 08:00:00,17082.0
2005-03-01 09:00:00,17470.0
2005-03-01 10:00:00,17726.0
2005-03-01 11:00:00,17803.0
2005-03-01 12:00:00,17667.0
2005-03-01 13:00:00,17547.0
2005-03-01 14:00:00,17338.0
2005-03-01 15:00:00,17181.0
2005-03-01 16:00:00,17452.0
2005-03-01 17:00:00,18399.0
2005-03-01 18:00:00,19199.0
2005-03-01 19:00:00,18721.0
2005-03-01 20:00:00,17848.0
2005-03-01 21:00:00,16617.0
2005-03-01 22:00:00,14996.0
2005-03-01 23:00:00,13637.0
2005-03-02 00:00:00,12784.0
2005-03-02 01:00:00,12377.0
2005-03-02 02:00:00,12246.0
2005-03-02 03:00:00,12275.0
2005-03-02 04:00:00,12636.0
2005-03-02 05:00:00,13841.0
2005-03-02 06:00:00,15810.0
2005-03-02 07:00:00,16963.0
2005-03-02 08:00:00,17231.0
2005-03-02 09:00:00,17331.0
2005-03-02 10:00:00,17377.0
2005-03-02 11:00:00,17298.0
2005-03-02 12:00:00,17138.0
2005-03-02 13:00:00,17011.0
2005-03-02 14:00:00,16831.0
2005-03-02 15:00:00,16813.0
2005-03-02 16:00:00,17187.0
2005-03-02 17:00:00,18217.0
2005-03-02 18:00:00,19176.0
2005-03-02 19:00:00,18829.0
2005-03-02 20:00:00,18156.0
2005-03-02 21:00:00,17018.0
2005-03-02 22:00:00,15419.0
2005-03-02 23:00:00,14039.0
2005-03-03 00:00:00,13150.0
2005-03-03 01:00:00,12790.0
2005-03-03 02:00:00,12662.0
2005-03-03 03:00:00,12712.0
2005-03-03 04:00:00,13082.0
2005-03-03 05:00:00,14339.0
2005-03-03 06:00:00,16360.0
2005-03-03 07:00:00,17532.0
2005-03-03 08:00:00,17760.0
2005-03-03 09:00:00,17776.0
2005-03-03 10:00:00,17735.0
2005-03-03 11:00:00,17557.0
2005-03-03 12:00:00,17312.0
2005-03-03 13:00:00,17143.0
2005-03-03 14:00:00,16924.0
2005-03-03 15:00:00,16857.0
2005-03-03 16:00:00,17188.0
2005-03-03 17:00:00,18187.0
2005-03-03 18:00:00,19396.0
2005-03-03 19:00:00,19141.0
2005-03-03 20:00:00,18552.0
2005-03-03 21:00:00,17433.0
2005-03-03 22:00:00,15834.0
2005-03-03 23:00:00,14450.0
2005-03-04 00:00:00,13546.0
2005-03-04 01:00:00,13173.0
2005-03-04 02:00:00,13063.0
2005-03-04 03:00:00,13133.0
2005-03-04 04:00:00,13445.0
2005-03-04 05:00:00,14663.0
2005-03-04 06:00:00,16640.0
2005-03-04 07:00:00,17752.0
2005-03-04 08:00:00,17907.0
2005-03-04 09:00:00,17811.0
2005-03-04 10:00:00,17690.0
2005-03-04 11:00:00,17472.0
2005-03-04 12:00:00,17105.0
2005-03-04 13:00:00,16925.0
2005-03-04 14:00:00,16694.0
2005-03-04 15:00:00,16581.0
2005-03-04 16:00:00,16753.0
2005-03-04 17:00:00,17439.0
2005-03-04 18:00:00,18362.0
2005-03-04 19:00:00,17986.0
2005-03-04 20:00:00,17375.0
2005-03-04 21:00:00,16532.0
2005-03-04 22:00:00,15304.0
2005-03-04 23:00:00,14126.0
2005-03-05 00:00:00,13232.0
2005-03-05 01:00:00,12786.0
2005-03-05 02:00:00,12577.0
2005-03-05 03:00:00,12537.0
2005-03-05 04:00:00,12686.0
2005-03-05 05:00:00,13177.0
2005-03-05 06:00:00,13813.0
2005-03-05 07:00:00,14703.0
2005-03-05 08:00:00,15553.0
2005-03-05 09:00:00,15948.0
2005-03-05 10:00:00,15978.0
2005-03-05 11:00:00,15724.0
2005-03-05 12:00:00,15303.0
2005-03-05 13:00:00,14867.0
2005-03-05 14:00:00,14484.0
2005-03-05 15:00:00,14327.0
2005-03-05 16:00:00,14557.0
2005-03-05 17:00:00,15463.0
2005-03-05 18:00:00,16646.0
2005-03-05 19:00:00,16424.0
2005-03-05 20:00:00,15967.0
2005-03-05 21:00:00,15285.0
2005-03-05 22:00:00,14277.0
2005-03-05 23:00:00,13271.0
2005-03-06 00:00:00,12449.0
2005-03-06 01:00:00,11945.0
2005-03-06 02:00:00,11694.0
2005-03-06 03:00:00,11622.0
2005-03-06 04:00:00,11706.0
2005-03-06 05:00:00,12024.0
2005-03-06 06:00:00,12421.0
2005-03-06 07:00:00,13126.0
2005-03-06 08:00:00,13937.0
2005-03-06 09:00:00,14464.0
2005-03-06 10:00:00,14698.0
2005-03-06 11:00:00,14840.0
2005-03-06 12:00:00,14809.0
2005-03-06 13:00:00,14697.0
2005-03-06 14:00:00,14641.0
2005-03-06 15:00:00,14723.0
2005-03-06 16:00:00,15098.0
2005-03-06 17:00:00,16101.0
2005-03-06 18:00:00,17166.0
2005-03-06 19:00:00,16886.0
2005-03-06 20:00:00,16167.0
2005-03-06 21:00:00,15054.0
2005-03-06 22:00:00,13682.0
2005-03-06 23:00:00,12555.0
2005-03-07 00:00:00,11793.0
2005-03-07 01:00:00,11427.0
2005-03-07 02:00:00,11286.0
2005-03-07 03:00:00,11314.0
2005-03-07 04:00:00,11686.0
2005-03-07 05:00:00,12924.0
2005-03-07 06:00:00,14956.0
2005-03-07 07:00:00,16171.0
2005-03-07 08:00:00,16437.0
2005-03-07 09:00:00,16536.0
2005-03-07 10:00:00,16608.0
2005-03-07 11:00:00,16601.0
2005-03-07 12:00:00,16382.0
2005-03-07 13:00:00,16183.0
2005-03-07 14:00:00,15913.0
2005-03-07 15:00:00,15812.0
2005-03-07 16:00:00,16230.0
2005-03-07 17:00:00,17307.0
2005-03-07 18:00:00,18192.0
2005-03-07 19:00:00,17824.0
2005-03-07 20:00:00,16965.0
2005-03-07 21:00:00,15755.0
2005-03-07 22:00:00,14126.0
2005-03-07 23:00:00,12717.0
2005-03-08 00:00:00,11837.0
2005-03-08 01:00:00,11379.0
2005-03-08 02:00:00,11170.0
2005-03-08 03:00:00,11148.0
2005-03-08 04:00:00,11462.0
2005-03-08 05:00:00,12646.0
2005-03-08 06:00:00,14721.0
2005-03-08 07:00:00,16114.0
2005-03-08 08:00:00,16560.0
2005-03-08 09:00:00,16771.0
2005-03-08 10:00:00,17019.0
2005-03-08 11:00:00,17156.0
2005-03-08 12:00:00,17221.0
2005-03-08 13:00:00,17307.0
2005-03-08 14:00:00,17309.0
2005-03-08 15:00:00,17378.0
2005-03-08 16:00:00,17864.0
2005-03-08 17:00:00,18940.0
2005-03-08 18:00:00,19676.0
2005-03-08 19:00:00,19334.0
2005-03-08 20:00:00,18516.0
2005-03-08 21:00:00,17257.0
2005-03-08 22:00:00,15705.0
2005-03-08 23:00:00,14442.0
2005-03-09 00:00:00,13716.0
2005-03-09 01:00:00,13452.0
2005-03-09 02:00:00,13367.0
2005-03-09 03:00:00,13475.0
2005-03-09 04:00:00,13883.0
2005-03-09 05:00:00,15057.0
2005-03-09 06:00:00,16656.0
2005-03-09 07:00:00,17875.0
2005-03-09 08:00:00,18313.0
2005-03-09 09:00:00,18448.0
2005-03-09 10:00:00,18452.0
2005-03-09 11:00:00,18346.0
2005-03-09 12:00:00,18091.0
2005-03-09 13:00:00,17849.0
2005-03-09 14:00:00,17564.0
2005-03-09 15:00:00,17439.0
2005-03-09 16:00:00,17684.0
2005-03-09 17:00:00,18524.0
2005-03-09 18:00:00,19792.0
2005-03-09 19:00:00,19586.0
2005-03-09 20:00:00,18933.0
2005-03-09 21:00:00,17760.0
2005-03-09 22:00:00,16150.0
2005-03-09 23:00:00,14744.0
2005-03-10 00:00:00,13928.0
2005-03-10 01:00:00,13554.0
2005-03-10 02:00:00,13431.0
2005-03-10 03:00:00,13462.0
2005-03-10 04:00:00,13834.0
2005-03-10 05:00:00,15025.0
2005-03-10 06:00:00,16921.0
2005-03-10 07:00:00,17993.0
2005-03-10 08:00:00,18036.0
2005-03-10 09:00:00,17922.0
2005-03-10 10:00:00,17807.0
2005-03-10 11:00:00,17599.0
2005-03-10 12:00:00,17295.0
2005-03-10 13:00:00,17107.0
2005-03-10 14:00:00,16855.0
2005-03-10 15:00:00,16766.0
2005-03-10 16:00:00,17058.0
2005-03-10 17:00:00,17819.0
2005-03-10 18:00:00,19108.0
2005-03-10 19:00:00,18992.0
2005-03-10 20:00:00,18415.0
2005-03-10 21:00:00,17345.0
2005-03-10 22:00:00,15828.0
2005-03-10 23:00:00,14434.0
2005-03-11 00:00:00,13588.0
2005-03-11 01:00:00,13181.0
2005-03-11 02:00:00,13004.0
2005-03-11 03:00:00,13008.0
2005-03-11 04:00:00,13340.0
2005-03-11 05:00:00,14510.0
2005-03-11 06:00:00,16396.0
2005-03-11 07:00:00,17554.0
2005-03-11 08:00:00,17728.0
2005-03-11 09:00:00,17703.0
2005-03-11 10:00:00,17674.0
2005-03-11 11:00:00,17576.0
2005-03-11 12:00:00,17368.0
2005-03-11 13:00:00,17326.0
2005-03-11 14:00:00,17156.0
2005-03-11 15:00:00,17155.0
2005-03-11 16:00:00,17410.0
2005-03-11 17:00:00,17991.0
2005-03-11 18:00:00,18535.0
2005-03-11 19:00:00,18034.0
2005-03-11 20:00:00,17307.0
2005-03-11 21:00:00,16287.0
2005-03-11 22:00:00,14954.0
2005-03-11 23:00:00,13708.0
2005-03-12 00:00:00,12754.0
2005-03-12 01:00:00,12225.0
2005-03-12 02:00:00,11920.0
2005-03-12 03:00:00,11798.0
2005-03-12 04:00:00,11875.0
2005-03-12 05:00:00,12266.0
2005-03-12 06:00:00,12902.0
2005-03-12 07:00:00,13913.0
2005-03-12 08:00:00,15080.0
2005-03-12 09:00:00,15935.0
2005-03-12 10:00:00,16379.0
2005-03-12 11:00:00,16451.0
2005-03-12 12:00:00,16231.0
2005-03-12 13:00:00,15879.0
2005-03-12 14:00:00,15557.0
2005-03-12 15:00:00,15397.0
2005-03-12 16:00:00,15576.0
2005-03-12 17:00:00,16316.0
2005-03-12 18:00:00,17212.0
2005-03-12 19:00:00,16832.0
2005-03-12 20:00:00,16192.0
2005-03-12 21:00:00,15362.0
2005-03-12 22:00:00,14298.0
2005-03-12 23:00:00,13252.0
2005-03-13 00:00:00,12406.0
2005-03-13 01:00:00,11922.0
2005-03-13 02:00:00,11675.0
2005-03-13 03:00:00,11579.0
2005-03-13 04:00:00,11623.0
2005-03-13 05:00:00,11926.0
2005-03-13 06:00:00,12292.0
2005-03-13 07:00:00,13058.0
2005-03-13 08:00:00,13948.0
2005-03-13 09:00:00,14553.0
2005-03-13 10:00:00,14717.0
2005-03-13 11:00:00,14739.0
2005-03-13 12:00:00,14612.0
2005-03-13 13:00:00,14348.0
2005-03-13 14:00:00,14145.0
2005-03-13 15:00:00,14126.0
2005-03-13 16:00:00,14500.0
2005-03-13 17:00:00,15352.0
2005-03-13 18:00:00,16782.0
2005-03-13 19:00:00,16778.0
2005-03-13 20:00:00,16192.0
2005-03-13 21:00:00,15258.0
2005-03-13 22:00:00,13949.0
2005-03-13 23:00:00,12879.0
2005-03-14 00:00:00,12172.0
2005-03-14 01:00:00,11877.0
2005-03-14 02:00:00,11798.0
2005-03-14 03:00:00,11864.0
2005-03-14 04:00:00,12279.0
2005-03-14 05:00:00,13522.0
2005-03-14 06:00:00,15463.0
2005-03-14 07:00:00,16625.0
2005-03-14 08:00:00,16855.0
2005-03-14 09:00:00,16857.0
2005-03-14 10:00:00,16849.0
2005-03-14 11:00:00,16682.0
2005-03-14 12:00:00,16424.0
2005-03-14 13:00:00,16281.0
2005-03-14 14:00:00,16033.0
2005-03-14 15:00:00,15917.0
2005-03-14 16:00:00,16182.0
2005-03-14 17:00:00,16956.0
2005-03-14 18:00:00,18299.0
2005-03-14 19:00:00,18172.0
2005-03-14 20:00:00,17528.0
2005-03-14 21:00:00,16325.0
2005-03-14 22:00:00,14714.0
2005-03-14 23:00:00,13350.0
2005-03-15 00:00:00,12520.0
2005-03-15 01:00:00,12140.0
2005-03-15 02:00:00,11995.0
2005-03-15 03:00:00,12022.0
2005-03-15 04:00:00,12354.0
2005-03-15 05:00:00,13568.0
2005-03-15 06:00:00,15488.0
2005-03-15 07:00:00,16647.0
2005-03-15 08:00:00,16830.0
2005-03-15 09:00:00,16799.0
2005-03-15 10:00:00,16742.0
2005-03-15 11:00:00,16588.0
2005-03-15 12:00:00,16307.0
2005-03-15 13:00:00,16112.0
2005-03-15 14:00:00,15871.0
2005-03-15 15:00:00,15752.0
2005-03-15 16:00:00,15981.0
2005-03-15 17:00:00,16685.0
2005-03-15 18:00:00,17968.0
2005-03-15 19:00:00,17875.0
2005-03-15 20:00:00,17215.0
2005-03-15 21:00:00,16088.0
2005-03-15 22:00:00,14507.0
2005-03-15 23:00:00,13153.0
2005-03-16 00:00:00,12321.0
2005-03-16 01:00:00,11925.0
2005-03-16 02:00:00,11777.0
2005-03-16 03:00:00,11799.0
2005-03-16 04:00:00,12142.0
2005-03-16 05:00:00,13330.0
2005-03-16 06:00:00,15204.0
2005-03-16 07:00:00,16394.0
2005-03-16 08:00:00,16593.0
2005-03-16 09:00:00,16598.0
2005-03-16 10:00:00,16584.0
2005-03-16 11:00:00,16470.0
2005-03-16 12:00:00,16197.0
2005-03-16 13:00:00,16037.0
2005-03-16 14:00:00,15820.0
2005-03-16 15:00:00,15730.0
2005-03-16 16:00:00,15959.0
2005-03-16 17:00:00,16591.0
2005-03-16 18:00:00,17830.0
2005-03-16 19:00:00,17801.0
2005-03-16 20:00:00,17164.0
2005-03-16 21:00:00,16119.0
2005-03-16 22:00:00,14561.0
2005-03-16 23:00:00,13211.0
2005-03-17 00:00:00,12405.0
2005-03-17 01:00:00,12027.0
2005-03-17 02:00:00,11879.0
2005-03-17 03:00:00,11919.0
2005-03-17 04:00:00,12283.0
2005-03-17 05:00:00,13472.0
2005-03-17 06:00:00,15344.0
2005-03-17 07:00:00,16489.0
2005-03-17 08:00:00,16639.0
2005-03-17 09:00:00,16615.0
2005-03-17 10:00:00,16572.0
2005-03-17 11:00:00,16389.0
2005-03-17 12:00:00,16104.0
2005-03-17 13:00:00,15978.0
2005-03-17 14:00:00,15773.0
2005-03-17 15:00:00,15648.0
2005-03-17 16:00:00,15789.0
2005-03-17 17:00:00,16375.0
2005-03-17 18:00:00,17572.0
2005-03-17 19:00:00,17526.0
2005-03-17 20:00:00,16930.0
2005-03-17 21:00:00,15867.0
2005-03-17 22:00:00,14410.0
2005-03-17 23:00:00,13139.0
2005-03-18 00:00:00,12280.0
2005-03-18 01:00:00,11875.0
2005-03-18 02:00:00,11720.0
2005-03-18 03:00:00,11750.0
2005-03-18 04:00:00,12069.0
2005-03-18 05:00:00,13169.0
2005-03-18 06:00:00,14982.0
2005-03-18 07:00:00,16203.0
2005-03-18 08:00:00,16440.0
2005-03-18 09:00:00,16448.0
2005-03-18 10:00:00,16406.0
2005-03-18 11:00:00,16219.0
2005-03-18 12:00:00,15955.0
2005-03-18 13:00:00,15782.0
2005-03-18 14:00:00,15494.0
2005-03-18 15:00:00,15260.0
2005-03-18 16:00:00,15346.0
2005-03-18 17:00:00,15773.0
2005-03-18 18:00:00,16885.0
2005-03-18 19:00:00,16765.0
2005-03-18 20:00:00,16250.0
2005-03-18 21:00:00,15454.0
2005-03-18 22:00:00,14302.0
2005-03-18 23:00:00,13125.0
2005-03-19 00:00:00,12279.0
2005-03-19 01:00:00,11815.0
2005-03-19 02:00:00,11590.0
2005-03-19 03:00:00,11525.0
2005-03-19 04:00:00,11626.0
2005-03-19 05:00:00,12041.0
2005-03-19 06:00:00,12683.0
2005-03-19 07:00:00,13686.0
2005-03-19 08:00:00,14636.0
2005-03-19 09:00:00,15099.0
2005-03-19 10:00:00,15108.0
2005-03-19 11:00:00,14877.0
2005-03-19 12:00:00,14443.0
2005-03-19 13:00:00,14028.0
2005-03-19 14:00:00,13687.0
2005-03-19 15:00:00,13558.0
2005-03-19 16:00:00,13709.0
2005-03-19 17:00:00,14292.0
2005-03-19 18:00:00,15576.0
2005-03-19 19:00:00,15573.0
2005-03-19 20:00:00,15161.0
2005-03-19 21:00:00,14514.0
2005-03-19 22:00:00,13575.0
2005-03-19 23:00:00,12628.0
2005-03-20 00:00:00,11867.0
2005-03-20 01:00:00,11422.0
2005-03-20 02:00:00,11212.0
2005-03-20 03:00:00,11153.0
2005-03-20 04:00:00,11217.0
2005-03-20 05:00:00,11450.0
2005-03-20 06:00:00,11823.0
2005-03-20 07:00:00,12614.0
2005-03-20 08:00:00,13489.0
2005-03-20 09:00:00,14057.0
2005-03-20 10:00:00,14282.0
2005-03-20 11:00:00,14365.0
2005-03-20 12:00:00,14304.0
2005-03-20 13:00:00,14112.0
2005-03-20 14:00:00,13921.0
2005-03-20 15:00:00,13948.0
2005-03-20 16:00:00,14327.0
2005-03-20 17:00:00,15108.0
2005-03-20 18:00:00,16268.0
2005-03-20 19:00:00,16178.0
2005-03-20 20:00:00,15605.0
2005-03-20 21:00:00,14518.0
2005-03-20 22:00:00,13187.0
2005-03-20 23:00:00,12107.0
2005-03-21 00:00:00,11380.0
2005-03-21 01:00:00,11016.0
2005-03-21 02:00:00,10887.0
2005-03-21 03:00:00,10919.0
2005-03-21 04:00:00,11288.0
2005-03-21 05:00:00,12495.0
2005-03-21 06:00:00,14515.0
2005-03-21 07:00:00,15978.0
2005-03-21 08:00:00,16416.0
2005-03-21 09:00:00,16531.0
2005-03-21 10:00:00,16607.0
2005-03-21 11:00:00,16539.0
2005-03-21 12:00:00,16375.0
2005-03-21 13:00:00,16255.0
2005-03-21 14:00:00,16002.0
2005-03-21 15:00:00,15860.0
2005-03-21 16:00:00,16090.0
2005-03-21 17:00:00,16750.0
2005-03-21 18:00:00,17895.0
2005-03-21 19:00:00,17804.0
2005-03-21 20:00:00,17130.0
2005-03-21 21:00:00,15910.0
2005-03-21 22:00:00,14283.0
2005-03-21 23:00:00,12955.0
2005-03-22 00:00:00,12097.0
2005-03-22 01:00:00,11699.0
2005-03-22 02:00:00,11554.0
2005-03-22 03:00:00,11551.0
2005-03-22 04:00:00,11912.0
2005-03-22 05:00:00,13057.0
2005-03-22 06:00:00,14950.0
2005-03-22 07:00:00,16048.0
2005-03-22 08:00:00,16206.0
2005-03-22 09:00:00,16155.0
2005-03-22 10:00:00,16108.0
2005-03-22 11:00:00,15935.0
2005-03-22 12:00:00,15693.0
2005-03-22 13:00:00,15571.0
2005-03-22 14:00:00,15380.0
2005-03-22 15:00:00,15240.0
2005-03-22 16:00:00,15382.0
2005-03-22 17:00:00,15923.0
2005-03-22 18:00:00,17221.0
2005-03-22 19:00:00,17296.0
2005-03-22 20:00:00,16638.0
2005-03-22 21:00:00,15530.0
2005-03-22 22:00:00,13919.0
2005-03-22 23:00:00,12589.0
2005-03-23 00:00:00,11748.0
2005-03-23 01:00:00,11369.0
2005-03-23 02:00:00,11195.0
2005-03-23 03:00:00,11198.0
2005-03-23 04:00:00,11546.0
2005-03-23 05:00:00,12682.0
2005-03-23 06:00:00,14614.0
2005-03-23 07:00:00,15949.0
2005-03-23 08:00:00,16322.0
2005-03-23 09:00:00,16443.0
2005-03-23 10:00:00,16474.0
2005-03-23 11:00:00,16411.0
2005-03-23 12:00:00,16290.0
2005-03-23 13:00:00,16257.0
2005-03-23 14:00:00,16145.0
2005-03-23 15:00:00,16209.0
2005-03-23 16:00:00,16661.0
2005-03-23 17:00:00,17508.0
2005-03-23 18:00:00,18293.0
2005-03-23 19:00:00,18010.0
2005-03-23 20:00:00,17283.0
2005-03-23 21:00:00,16068.0
2005-03-23 22:00:00,14491.0
2005-03-23 23:00:00,13128.0
2005-03-24 00:00:00,12272.0
2005-03-24 01:00:00,11848.0
2005-03-24 02:00:00,11669.0
2005-03-24 03:00:00,11661.0
2005-03-24 04:00:00,11972.0
2005-03-24 05:00:00,13069.0
2005-03-24 06:00:00,14829.0
2005-03-24 07:00:00,16253.0
2005-03-24 08:00:00,16810.0
2005-03-24 09:00:00,16964.0
2005-03-24 10:00:00,16989.0
2005-03-24 11:00:00,16924.0
2005-03-24 12:00:00,16716.0
2005-03-24 13:00:00,16593.0
2005-03-24 14:00:00,16321.0
2005-03-24 15:00:00,16112.0
2005-03-24 16:00:00,16129.0
2005-03-24 17:00:00,16490.0
2005-03-24 18:00:00,17562.0
2005-03-24 19:00:00,17552.0
2005-03-24 20:00:00,16951.0
2005-03-24 21:00:00,15926.0
2005-03-24 22:00:00,14472.0
2005-03-24 23:00:00,13105.0
2005-03-25 00:00:00,12190.0
2005-03-25 01:00:00,11721.0
2005-03-25 02:00:00,11523.0
2005-03-25 03:00:00,11491.0
2005-03-25 04:00:00,11732.0
2005-03-25 05:00:00,12550.0
2005-03-25 06:00:00,13856.0
2005-03-25 07:00:00,14968.0
2005-03-25 08:00:00,15531.0
2005-03-25 09:00:00,15805.0
2005-03-25 10:00:00,15891.0
2005-03-25 11:00:00,15756.0
2005-03-25 12:00:00,15462.0
2005-03-25 13:00:00,15228.0
2005-03-25 14:00:00,15025.0
2005-03-25 15:00:00,14856.0
2005-03-25 16:00:00,15040.0
2005-03-25 17:00:00,15521.0
2005-03-25 18:00:00,16387.0
2005-03-25 19:00:00,16300.0
2005-03-25 20:00:00,15776.0
2005-03-25 21:00:00,14978.0
2005-03-25 22:00:00,13825.0
2005-03-25 23:00:00,12708.0
2005-03-26 00:00:00,11867.0
2005-03-26 01:00:00,11420.0
2005-03-26 02:00:00,11227.0
2005-03-26 03:00:00,11173.0
2005-03-26 04:00:00,11307.0
2005-03-26 05:00:00,11630.0
2005-03-26 06:00:00,12279.0
2005-03-26 07:00:00,13281.0
2005-03-26 08:00:00,14268.0
2005-03-26 09:00:00,14784.0
2005-03-26 10:00:00,14860.0
2005-03-26 11:00:00,14692.0
2005-03-26 12:00:00,14320.0
2005-03-26 13:00:00,13941.0
2005-03-26 14:00:00,13583.0
2005-03-26 15:00:00,13458.0
2005-03-26 16:00:00,13707.0
2005-03-26 17:00:00,14362.0
2005-03-26 18:00:00,15615.0
2005-03-26 19:00:00,15754.0
2005-03-26 20:00:00,15345.0
2005-03-26 21:00:00,14683.0
2005-03-26 22:00:00,13673.0
2005-03-26 23:00:00,12557.0
2005-03-27 00:00:00,11671.0
2005-03-27 01:00:00,11165.0
2005-03-27 02:00:00,10936.0
2005-03-27 03:00:00,10862.0
2005-03-27 04:00:00,10921.0
2005-03-27 05:00:00,11112.0
2005-03-27 06:00:00,11549.0
2005-03-27 07:00:00,12370.0
2005-03-27 08:00:00,13173.0
2005-03-27 09:00:00,13635.0
2005-03-27 10:00:00,13720.0
2005-03-27 11:00:00,13685.0
2005-03-27 12:00:00,13458.0
2005-03-27 13:00:00,12938.0
2005-03-27 14:00:00,12405.0
2005-03-27 15:00:00,12188.0
2005-03-27 16:00:00,12302.0
2005-03-27 17:00:00,12853.0
2005-03-27 18:00:00,14363.0
2005-03-27 19:00:00,14964.0
2005-03-27 20:00:00,14714.0
2005-03-27 21:00:00,13868.0
2005-03-27 22:00:00,12703.0
2005-03-27 23:00:00,11722.0
2005-03-28 00:00:00,11033.0
2005-03-28 01:00:00,10713.0
2005-03-28 02:00:00,10579.0
2005-03-28 03:00:00,10604.0
2005-03-28 04:00:00,10974.0
2005-03-28 05:00:00,12178.0
2005-03-28 06:00:00,14288.0
2005-03-28 07:00:00,15949.0
2005-03-28 08:00:00,16656.0
2005-03-28 09:00:00,17022.0
2005-03-28 10:00:00,17299.0
2005-03-28 11:00:00,17376.0
2005-03-28 12:00:00,17269.0
2005-03-28 13:00:00,17217.0
2005-03-28 14:00:00,17017.0
2005-03-28 15:00:00,17017.0
2005-03-28 16:00:00,17332.0
2005-03-28 17:00:00,17860.0
2005-03-28 18:00:00,18361.0
2005-03-28 19:00:00,18006.0
2005-03-28 20:00:00,17168.0
2005-03-28 21:00:00,15805.0
2005-03-28 22:00:00,14133.0
2005-03-28 23:00:00,12698.0
2005-03-29 00:00:00,11766.0
2005-03-29 01:00:00,11318.0
2005-03-29 02:00:00,11107.0
2005-03-29 03:00:00,11077.0
2005-03-29 04:00:00,11341.0
2005-03-29 05:00:00,12460.0
2005-03-29 06:00:00,14487.0
2005-03-29 07:00:00,15921.0
2005-03-29 08:00:00,16277.0
2005-03-29 09:00:00,16404.0
2005-03-29 10:00:00,16470.0
2005-03-29 11:00:00,16411.0
2005-03-29 12:00:00,16246.0
2005-03-29 13:00:00,16152.0
2005-03-29 14:00:00,15960.0
2005-03-29 15:00:00,15893.0
2005-03-29 16:00:00,16019.0
2005-03-29 17:00:00,16453.0
2005-03-29 18:00:00,17438.0
2005-03-29 19:00:00,17435.0
2005-03-29 20:00:00,16696.0
2005-03-29 21:00:00,15484.0
2005-03-29 22:00:00,13876.0
2005-03-29 23:00:00,12495.0
2005-03-30 00:00:00,11601.0
2005-03-30 01:00:00,11182.0
2005-03-30 02:00:00,11002.0
2005-03-30 03:00:00,10995.0
2005-03-30 04:00:00,11335.0
2005-03-30 05:00:00,12402.0
2005-03-30 06:00:00,14309.0
2005-03-30 07:00:00,15510.0
2005-03-30 08:00:00,15795.0
2005-03-30 09:00:00,15855.0
2005-03-30 10:00:00,15877.0
2005-03-30 11:00:00,15747.0
2005-03-30 12:00:00,15560.0
2005-03-30 13:00:00,15486.0
2005-03-30 14:00:00,15239.0
2005-03-30 15:00:00,15059.0
2005-03-30 16:00:00,15155.0
2005-03-30 17:00:00,15553.0
2005-03-30 18:00:00,16763.0
2005-03-30 19:00:00,16967.0
2005-03-30 20:00:00,16325.0
2005-03-30 21:00:00,15171.0
2005-03-30 22:00:00,13586.0
2005-03-30 23:00:00,12240.0
2005-03-31 00:00:00,11389.0
2005-03-31 01:00:00,10999.0
2005-03-31 02:00:00,10842.0
2005-03-31 03:00:00,10864.0
2005-03-31 04:00:00,11227.0
2005-03-31 05:00:00,12306.0
2005-03-31 06:00:00,14235.0
2005-03-31 07:00:00,15464.0
2005-03-31 08:00:00,15715.0
2005-03-31 09:00:00,15757.0
2005-03-31 10:00:00,15764.0
2005-03-31 11:00:00,15661.0
2005-03-31 12:00:00,15461.0
2005-03-31 13:00:00,15372.0
2005-03-31 14:00:00,15122.0
2005-03-31 15:00:00,14992.0
2005-03-31 16:00:00,15126.0
2005-03-31 17:00:00,15712.0
2005-03-31 18:00:00,16879.0
2005-03-31 19:00:00,17000.0
2005-03-31 20:00:00,16405.0
2005-03-31 21:00:00,15224.0
2005-03-31 22:00:00,13638.0
2005-03-31 23:00:00,12243.0
2005-04-01 00:00:00,11412.0
2005-04-01 01:00:00,10962.0
2005-04-01 02:00:00,10743.0
2005-04-01 03:00:00,10685.0
2005-04-01 04:00:00,10970.0
2005-04-01 05:00:00,12033.0
2005-04-01 06:00:00,14007.0
2005-04-01 07:00:00,15497.0
2005-04-01 08:00:00,15897.0
2005-04-01 09:00:00,16025.0
2005-04-01 10:00:00,16059.0
2005-04-01 11:00:00,15922.0
2005-04-01 12:00:00,15648.0
2005-04-01 13:00:00,15487.0
2005-04-01 14:00:00,15172.0
2005-04-01 15:00:00,14936.0
2005-04-01 16:00:00,14893.0
2005-04-01 17:00:00,15106.0
2005-04-01 18:00:00,16049.0
2005-04-01 19:00:00,16094.0
2005-04-01 20:00:00,15545.0
2005-04-01 21:00:00,14654.0
2005-04-01 22:00:00,13401.0
2005-04-01 23:00:00,12175.0
2005-04-02 00:00:00,11277.0
2005-04-02 01:00:00,10763.0
2005-04-02 02:00:00,10522.0
2005-04-02 03:00:00,10426.0
2005-04-02 04:00:00,10526.0
2005-04-02 05:00:00,10906.0
2005-04-02 06:00:00,11716.0
2005-04-02 07:00:00,13006.0
2005-04-02 08:00:00,14362.0
2005-04-02 09:00:00,15362.0
2005-04-02 10:00:00,15832.0
2005-04-02 11:00:00,15936.0
2005-04-02 12:00:00,15755.0
2005-04-02 13:00:00,15450.0
2005-04-02 14:00:00,15158.0
2005-04-02 15:00:00,14983.0
2005-04-02 16:00:00,15076.0
2005-04-02 17:00:00,15413.0
2005-04-02 18:00:00,15893.0
2005-04-02 19:00:00,15605.0
2005-04-02 20:00:00,14955.0
2005-04-02 21:00:00,14116.0
2005-04-02 22:00:00,13001.0
2005-04-02 23:00:00,11862.0
2005-04-03 00:00:00,10987.0
2005-04-03 01:00:00,10715.0
2005-04-03 02:00:00,10443.0
2005-04-03 03:00:00,10181.0
2005-04-03 04:00:00,10116.0
2005-04-03 05:00:00,10199.0
2005-04-03 06:00:00,10516.0
2005-04-03 07:00:00,11055.0
2005-04-03 08:00:00,11943.0
2005-04-03 09:00:00,12882.0
2005-04-03 10:00:00,13529.0
2005-04-03 11:00:00,13971.0
2005-04-03 12:00:00,14189.0
2005-04-03 13:00:00,14083.0
2005-04-03 14:00:00,13908.0
2005-04-03 15:00:00,13840.0
2005-04-03 16:00:00,14038.0
2005-04-03 17:00:00,14415.0
2005-04-03 18:00:00,14833.0
2005-04-03 19:00:00,15615.0
2005-04-03 20:00:00,15572.0
2005-04-03 21:00:00,14657.0
2005-04-03 22:00:00,13362.0
2005-04-03 23:00:00,12091.0
2005-04-04 00:00:00,11127.0
2005-04-04 01:00:00,10663.0
2005-04-04 02:00:00,10470.0
2005-04-04 03:00:00,10447.0
2005-04-04 04:00:00,10746.0
2005-04-04 05:00:00,11840.0
2005-04-04 06:00:00,13967.0
2005-04-04 07:00:00,15493.0
2005-04-04 08:00:00,15944.0
2005-04-04 09:00:00,16093.0
2005-04-04 10:00:00,16201.0
2005-04-04 11:00:00,16158.0
2005-04-04 12:00:00,16023.0
2005-04-04 13:00:00,15880.0
2005-04-04 14:00:00,15643.0
2005-04-04 15:00:00,15512.0
2005-04-04 16:00:00,15581.0
2005-04-04 17:00:00,15795.0
2005-04-04 18:00:00,15986.0
2005-04-04 19:00:00,16642.0
2005-04-04 20:00:00,16722.0
2005-04-04 21:00:00,15665.0
2005-04-04 22:00:00,14137.0
2005-04-04 23:00:00,12636.0
2005-04-05 00:00:00,11626.0
2005-04-05 01:00:00,11107.0
2005-04-05 02:00:00,10860.0
2005-04-05 03:00:00,10809.0
2005-04-05 04:00:00,11098.0
2005-04-05 05:00:00,12224.0
2005-04-05 06:00:00,14248.0
2005-04-05 07:00:00,15551.0
2005-04-05 08:00:00,15750.0
2005-04-05 09:00:00,15809.0
2005-04-05 10:00:00,15798.0
2005-04-05 11:00:00,15678.0
2005-04-05 12:00:00,15518.0
2005-04-05 13:00:00,15477.0
2005-04-05 14:00:00,15223.0
2005-04-05 15:00:00,14997.0
2005-04-05 16:00:00,14904.0
2005-04-05 17:00:00,14925.0
2005-04-05 18:00:00,15048.0
2005-04-05 19:00:00,15925.0
2005-04-05 20:00:00,16144.0
2005-04-05 21:00:00,15127.0
2005-04-05 22:00:00,13503.0
2005-04-05 23:00:00,12007.0
2005-04-06 00:00:00,11033.0
2005-04-06 01:00:00,10548.0
2005-04-06 02:00:00,10335.0
2005-04-06 03:00:00,10281.0
2005-04-06 04:00:00,10570.0
2005-04-06 05:00:00,11688.0
2005-04-06 06:00:00,13740.0
2005-04-06 07:00:00,15166.0
2005-04-06 08:00:00,15470.0
2005-04-06 09:00:00,15557.0
2005-04-06 10:00:00,15631.0
2005-04-06 11:00:00,15561.0
2005-04-06 12:00:00,15416.0
2005-04-06 13:00:00,15342.0
2005-04-06 14:00:00,15153.0
2005-04-06 15:00:00,14977.0
2005-04-06 16:00:00,14912.0
2005-04-06 17:00:00,14903.0
2005-04-06 18:00:00,14912.0
2005-04-06 19:00:00,15726.0
2005-04-06 20:00:00,15978.0
2005-04-06 21:00:00,14946.0
2005-04-06 22:00:00,13330.0
2005-04-06 23:00:00,11827.0
2005-04-07 00:00:00,10846.0
2005-04-07 01:00:00,10350.0
2005-04-07 02:00:00,10142.0
2005-04-07 03:00:00,10079.0
2005-04-07 04:00:00,10349.0
2005-04-07 05:00:00,11427.0
2005-04-07 06:00:00,13468.0
2005-04-07 07:00:00,14866.0
2005-04-07 08:00:00,15249.0
2005-04-07 09:00:00,15436.0
2005-04-07 10:00:00,15557.0
2005-04-07 11:00:00,15551.0
2005-04-07 12:00:00,15463.0
2005-04-07 13:00:00,15445.0
2005-04-07 14:00:00,15276.0
2005-04-07 15:00:00,15132.0
2005-04-07 16:00:00,15123.0
2005-04-07 17:00:00,15193.0
2005-04-07 18:00:00,15405.0
2005-04-07 19:00:00,16112.0
2005-04-07 20:00:00,16076.0
2005-04-07 21:00:00,15015.0
2005-04-07 22:00:00,13444.0
2005-04-07 23:00:00,11929.0
2005-04-08 00:00:00,10958.0
2005-04-08 01:00:00,10442.0
2005-04-08 02:00:00,10172.0
2005-04-08 03:00:00,10089.0
2005-04-08 04:00:00,10330.0
2005-04-08 05:00:00,11335.0
2005-04-08 06:00:00,13382.0
2005-04-08 07:00:00,14900.0
2005-04-08 08:00:00,15399.0
2005-04-08 09:00:00,15586.0
2005-04-08 10:00:00,15646.0
2005-04-08 11:00:00,15577.0
2005-04-08 12:00:00,15383.0
2005-04-08 13:00:00,15274.0
2005-04-08 14:00:00,15027.0
2005-04-08 15:00:00,14752.0
2005-04-08 16:00:00,14576.0
2005-04-08 17:00:00,14413.0
2005-04-08 18:00:00,14318.0
2005-04-08 19:00:00,14832.0
2005-04-08 20:00:00,15157.0
2005-04-08 21:00:00,14412.0
2005-04-08 22:00:00,13240.0
2005-04-08 23:00:00,11925.0
2005-04-09 00:00:00,10944.0
2005-04-09 01:00:00,10420.0
2005-04-09 02:00:00,10144.0
2005-04-09 03:00:00,10050.0
2005-04-09 04:00:00,10131.0
2005-04-09 05:00:00,10515.0
2005-04-09 06:00:00,11124.0
2005-04-09 07:00:00,12145.0
2005-04-09 08:00:00,13198.0
2005-04-09 09:00:00,13855.0
2005-04-09 10:00:00,14022.0
2005-04-09 11:00:00,13908.0
2005-04-09 12:00:00,13634.0
2005-04-09 13:00:00,13287.0
2005-04-09 14:00:00,12975.0
2005-04-09 15:00:00,12787.0
2005-04-09 16:00:00,12777.0
2005-04-09 17:00:00,12911.0
2005-04-09 18:00:00,13053.0
2005-04-09 19:00:00,13703.0
2005-04-09 20:00:00,14146.0
2005-04-09 21:00:00,13620.0
2005-04-09 22:00:00,12617.0
2005-04-09 23:00:00,11567.0
2005-04-10 00:00:00,10687.0
2005-04-10 01:00:00,10210.0
2005-04-10 02:00:00,9962.0
2005-04-10 03:00:00,9863.0
2005-04-10 04:00:00,9921.0
2005-04-10 05:00:00,10189.0
2005-04-10 06:00:00,10484.0
2005-04-10 07:00:00,11263.0
2005-04-10 08:00:00,12209.0
2005-04-10 09:00:00,12901.0
2005-04-10 10:00:00,13162.0
2005-04-10 11:00:00,13259.0
2005-04-10 12:00:00,13156.0
2005-04-10 13:00:00,12937.0
2005-04-10 14:00:00,12699.0
2005-04-10 15:00:00,12603.0
2005-04-10 16:00:00,12711.0
2005-04-10 17:00:00,13003.0
2005-04-10 18:00:00,13287.0
2005-04-10 19:00:00,14105.0
2005-04-10 20:00:00,14758.0
2005-04-10 21:00:00,13717.0
2005-04-10 22:00:00,12361.0
2005-04-10 23:00:00,11106.0
2005-04-11 00:00:00,10270.0
2005-04-11 01:00:00,9875.0
2005-04-11 02:00:00,9707.0
2005-04-11 03:00:00,9715.0
2005-04-11 04:00:00,10070.0
2005-04-11 05:00:00,11257.0
2005-04-11 06:00:00,13316.0
2005-04-11 07:00:00,14807.0
2005-04-11 08:00:00,15249.0
2005-04-11 09:00:00,15435.0
2005-04-11 10:00:00,15576.0
2005-04-11 11:00:00,15514.0
2005-04-11 12:00:00,15378.0
2005-04-11 13:00:00,15288.0
2005-04-11 14:00:00,15051.0
2005-04-11 15:00:00,14915.0
2005-04-11 16:00:00,14935.0
2005-04-11 17:00:00,15032.0
2005-04-11 18:00:00,15194.0
2005-04-11 19:00:00,15905.0
2005-04-11 20:00:00,16190.0
2005-04-11 21:00:00,15098.0
2005-04-11 22:00:00,13497.0
2005-04-11 23:00:00,12062.0
2005-04-12 00:00:00,11162.0
2005-04-12 01:00:00,10738.0
2005-04-12 02:00:00,10566.0
2005-04-12 03:00:00,10567.0
2005-04-12 04:00:00,10902.0
2005-04-12 05:00:00,12063.0
2005-04-12 06:00:00,14112.0
2005-04-12 07:00:00,15486.0
2005-04-12 08:00:00,15786.0
2005-04-12 09:00:00,15842.0
2005-04-12 10:00:00,15885.0
2005-04-12 11:00:00,15806.0
2005-04-12 12:00:00,15602.0
2005-04-12 13:00:00,15510.0
2005-04-12 14:00:00,15317.0
2005-04-12 15:00:00,15157.0
2005-04-12 16:00:00,15274.0
2005-04-12 17:00:00,15559.0
2005-04-12 18:00:00,15748.0
2005-04-12 19:00:00,16321.0
2005-04-12 20:00:00,16364.0
2005-04-12 21:00:00,15295.0
2005-04-12 22:00:00,13678.0
2005-04-12 23:00:00,12223.0
2005-04-13 00:00:00,11320.0
2005-04-13 01:00:00,10878.0
2005-04-13 02:00:00,10667.0
2005-04-13 03:00:00,10647.0
2005-04-13 04:00:00,10945.0
2005-04-13 05:00:00,12119.0
2005-04-13 06:00:00,14150.0
2005-04-13 07:00:00,15481.0
2005-04-13 08:00:00,15731.0
2005-04-13 09:00:00,15790.0
2005-04-13 10:00:00,15840.0
2005-04-13 11:00:00,15744.0
2005-04-13 12:00:00,15546.0
2005-04-13 13:00:00,15395.0
2005-04-13 14:00:00,15146.0
2005-04-13 15:00:00,14931.0
2005-04-13 16:00:00,14893.0
2005-04-13 17:00:00,14908.0
2005-04-13 18:00:00,14975.0
2005-04-13 19:00:00,15679.0
2005-04-13 20:00:00,16101.0
2005-04-13 21:00:00,15144.0
2005-04-13 22:00:00,13590.0
2005-04-13 23:00:00,12105.0
2005-04-14 00:00:00,11176.0
2005-04-14 01:00:00,10705.0
2005-04-14 02:00:00,10518.0
2005-04-14 03:00:00,10491.0
2005-04-14 04:00:00,10776.0
2005-04-14 05:00:00,11939.0
2005-04-14 06:00:00,13885.0
2005-04-14 07:00:00,15237.0
2005-04-14 08:00:00,15473.0
2005-04-14 09:00:00,15572.0
2005-04-14 10:00:00,15591.0
2005-04-14 11:00:00,15529.0
2005-04-14 12:00:00,15377.0
2005-04-14 13:00:00,15304.0
2005-04-14 14:00:00,15072.0
2005-04-14 15:00:00,14890.0
2005-04-14 16:00:00,14819.0
2005-04-14 17:00:00,14808.0
2005-04-14 18:00:00,14834.0
2005-04-14 19:00:00,15488.0
2005-04-14 20:00:00,15958.0
2005-04-14 21:00:00,15053.0
2005-04-14 22:00:00,13546.0
2005-04-14 23:00:00,12084.0
2005-04-15 00:00:00,11153.0
2005-04-15 01:00:00,10714.0
2005-04-15 02:00:00,10537.0
2005-04-15 03:00:00,10527.0
2005-04-15 04:00:00,10855.0
2005-04-15 05:00:00,11984.0
2005-04-15 06:00:00,13924.0
2005-04-15 07:00:00,15285.0
2005-04-15 08:00:00,15599.0
2005-04-15 09:00:00,15684.0
2005-04-15 10:00:00,15707.0
2005-04-15 11:00:00,15581.0
2005-04-15 12:00:00,15350.0
2005-04-15 13:00:00,15226.0
2005-04-15 14:00:00,14942.0
2005-04-15 15:00:00,14608.0
2005-04-15 16:00:00,14435.0
2005-04-15 17:00:00,14262.0
2005-04-15 18:00:00,14179.0
2005-04-15 19:00:00,14723.0
2005-04-15 20:00:00,15214.0
2005-04-15 21:00:00,14509.0
2005-04-15 22:00:00,13367.0
2005-04-15 23:00:00,12096.0
2005-04-16 00:00:00,11195.0
2005-04-16 01:00:00,10714.0
2005-04-16 02:00:00,10483.0
2005-04-16 03:00:00,10428.0
2005-04-16 04:00:00,10528.0
2005-04-16 05:00:00,10965.0
2005-04-16 06:00:00,11530.0
2005-04-16 07:00:00,12533.0
2005-04-16 08:00:00,13463.0
2005-04-16 09:00:00,13968.0
2005-04-16 10:00:00,14030.0
2005-04-16 11:00:00,13842.0
2005-04-16 12:00:00,13518.0
2005-04-16 13:00:00,13160.0
2005-04-16 14:00:00,12831.0
2005-04-16 15:00:00,12621.0
2005-04-16 16:00:00,12601.0
2005-04-16 17:00:00,12763.0
2005-04-16 18:00:00,12843.0
2005-04-16 19:00:00,13447.0
2005-04-16 20:00:00,13991.0
2005-04-16 21:00:00,13432.0
2005-04-16 22:00:00,12413.0
2005-04-16 23:00:00,11427.0
2005-04-17 00:00:00,10645.0
2005-04-17 01:00:00,10168.0
2005-04-17 02:00:00,9970.0
2005-04-17 03:00:00,9862.0
2005-04-17 04:00:00,9934.0
2005-04-17 05:00:00,10231.0
2005-04-17 06:00:00,10545.0
2005-04-17 07:00:00,11294.0
2005-04-17 08:00:00,12165.0
2005-04-17 09:00:00,12792.0
2005-04-17 10:00:00,12999.0
2005-04-17 11:00:00,13051.0
2005-04-17 12:00:00,12958.0
2005-04-17 13:00:00,12733.0
2005-04-17 14:00:00,12495.0
2005-04-17 15:00:00,12388.0
2005-04-17 16:00:00,12487.0
2005-04-17 17:00:00,12702.0
2005-04-17 18:00:00,12838.0
2005-04-17 19:00:00,13474.0
2005-04-17 20:00:00,14098.0
2005-04-17 21:00:00,13263.0
2005-04-17 22:00:00,12063.0
2005-04-17 23:00:00,10962.0
2005-04-18 00:00:00,10215.0
2005-04-18 01:00:00,9798.0
2005-04-18 02:00:00,9614.0
2005-04-18 03:00:00,9617.0
2005-04-18 04:00:00,9874.0
2005-04-18 05:00:00,10758.0
2005-04-18 06:00:00,12071.0
2005-04-18 07:00:00,13518.0
2005-04-18 08:00:00,14409.0
2005-04-18 09:00:00,14935.0
2005-04-18 10:00:00,15212.0
2005-04-18 11:00:00,15272.0
2005-04-18 12:00:00,15181.0
2005-04-18 13:00:00,15149.0
2005-04-18 14:00:00,14959.0
2005-04-18 15:00:00,14798.0
2005-04-18 16:00:00,14736.0
2005-04-18 17:00:00,14681.0
2005-04-18 18:00:00,14487.0
2005-04-18 19:00:00,14905.0
2005-04-18 20:00:00,15392.0
2005-04-18 21:00:00,14400.0
2005-04-18 22:00:00,12880.0
2005-04-18 23:00:00,11524.0
2005-04-19 00:00:00,10612.0
2005-04-19 01:00:00,10144.0
2005-04-19 02:00:00,9925.0
2005-04-19 03:00:00,9905.0
2005-04-19 04:00:00,10175.0
2005-04-19 05:00:00,11132.0
2005-04-19 06:00:00,12632.0
2005-04-19 07:00:00,14099.0
2005-04-19 08:00:00,14815.0
2005-04-19 09:00:00,15239.0
2005-04-19 10:00:00,15434.0
2005-04-19 11:00:00,15527.0
2005-04-19 12:00:00,15458.0
2005-04-19 13:00:00,15512.0
2005-04-19 14:00:00,15403.0
2005-04-19 15:00:00,15250.0
2005-04-19 16:00:00,15155.0
2005-04-19 17:00:00,15017.0
2005-04-19 18:00:00,14802.0
2005-04-19 19:00:00,15138.0
2005-04-19 20:00:00,15579.0
2005-04-19 21:00:00,14593.0
2005-04-19 22:00:00,13077.0
2005-04-19 23:00:00,11656.0
2005-04-20 00:00:00,10683.0
2005-04-20 01:00:00,10159.0
2005-04-20 02:00:00,9915.0
2005-04-20 03:00:00,9807.0
2005-04-20 04:00:00,10037.0
2005-04-20 05:00:00,10936.0
2005-04-20 06:00:00,12398.0
2005-04-20 07:00:00,13967.0
2005-04-20 08:00:00,14859.0
2005-04-20 09:00:00,15438.0
2005-04-20 10:00:00,15916.0
2005-04-20 11:00:00,16201.0
2005-04-20 12:00:00,16304.0
2005-04-20 13:00:00,16413.0
2005-04-20 14:00:00,16339.0
2005-04-20 15:00:00,16159.0
2005-04-20 16:00:00,16032.0
2005-04-20 17:00:00,15804.0
2005-04-20 18:00:00,15596.0
2005-04-20 19:00:00,15969.0
2005-04-20 20:00:00,16119.0
2005-04-20 21:00:00,14997.0
2005-04-20 22:00:00,13373.0
2005-04-20 23:00:00,11896.0
2005-04-21 00:00:00,10915.0
2005-04-21 01:00:00,10356.0
2005-04-21 02:00:00,10075.0
2005-04-21 03:00:00,10005.0
2005-04-21 04:00:00,10193.0
2005-04-21 05:00:00,11044.0
2005-04-21 06:00:00,12483.0
2005-04-21 07:00:00,13936.0
2005-04-21 08:00:00,14717.0
2005-04-21 09:00:00,15063.0
2005-04-21 10:00:00,15297.0
2005-04-21 11:00:00,15291.0
2005-04-21 12:00:00,15217.0
2005-04-21 13:00:00,15183.0
2005-04-21 14:00:00,15027.0
2005-04-21 15:00:00,14807.0
2005-04-21 16:00:00,14675.0
2005-04-21 17:00:00,14535.0
2005-04-21 18:00:00,14405.0
2005-04-21 19:00:00,14754.0
2005-04-21 20:00:00,15273.0
2005-04-21 21:00:00,14426.0
2005-04-21 22:00:00,13040.0
2005-04-21 23:00:00,11682.0
2005-04-22 00:00:00,10770.0
2005-04-22 01:00:00,10266.0
2005-04-22 02:00:00,10049.0
2005-04-22 03:00:00,10001.0
2005-04-22 04:00:00,10263.0
2005-04-22 05:00:00,11179.0
2005-04-22 06:00:00,12585.0
2005-04-22 07:00:00,14035.0
2005-04-22 08:00:00,14742.0
2005-04-22 09:00:00,15089.0
2005-04-22 10:00:00,15245.0
2005-04-22 11:00:00,15193.0
2005-04-22 12:00:00,15049.0
2005-04-22 13:00:00,14994.0
2005-04-22 14:00:00,14741.0
2005-04-22 15:00:00,14431.0
2005-04-22 16:00:00,14272.0
2005-04-22 17:00:00,14160.0
2005-04-22 18:00:00,14213.0
2005-04-22 19:00:00,14658.0
2005-04-22 20:00:00,14798.0
2005-04-22 21:00:00,14037.0
2005-04-22 22:00:00,12821.0
2005-04-22 23:00:00,11592.0
2005-04-23 00:00:00,10660.0
2005-04-23 01:00:00,10140.0
2005-04-23 02:00:00,9859.0
2005-04-23 03:00:00,9735.0
2005-04-23 04:00:00,9790.0
2005-04-23 05:00:00,10138.0
2005-04-23 06:00:00,10711.0
2005-04-23 07:00:00,11755.0
2005-04-23 08:00:00,13019.0
2005-04-23 09:00:00,13950.0
2005-04-23 10:00:00,14405.0
2005-04-23 11:00:00,14555.0
2005-04-23 12:00:00,14488.0
2005-04-23 13:00:00,14302.0
2005-04-23 14:00:00,14068.0
2005-04-23 15:00:00,13940.0
2005-04-23 16:00:00,14051.0
2005-04-23 17:00:00,14214.0
2005-04-23 18:00:00,14203.0
2005-04-23 19:00:00,14354.0
2005-04-23 20:00:00,14260.0
2005-04-23 21:00:00,13584.0
2005-04-23 22:00:00,12509.0
2005-04-23 23:00:00,11455.0
2005-04-24 00:00:00,10528.0
2005-04-24 01:00:00,9955.0
2005-04-24 02:00:00,9639.0
2005-04-24 03:00:00,9492.0
2005-04-24 04:00:00,9490.0
2005-04-24 05:00:00,9676.0
2005-04-24 06:00:00,9980.0
2005-04-24 07:00:00,10763.0
2005-04-24 08:00:00,11914.0
2005-04-24 09:00:00,12878.0
2005-04-24 10:00:00,13434.0
2005-04-24 11:00:00,13703.0
2005-04-24 12:00:00,13674.0
2005-04-24 13:00:00,13384.0
2005-04-24 14:00:00,13086.0
2005-04-24 15:00:00,12919.0
2005-04-24 16:00:00,12979.0
2005-04-24 17:00:00,13221.0
2005-04-24 18:00:00,13331.0
2005-04-24 19:00:00,13760.0
2005-04-24 20:00:00,14439.0
2005-04-24 21:00:00,13662.0
2005-04-24 22:00:00,12374.0
2005-04-24 23:00:00,11171.0
2005-04-25 00:00:00,10334.0
2005-04-25 01:00:00,9918.0
2005-04-25 02:00:00,9737.0
2005-04-25 03:00:00,9729.0
2005-04-25 04:00:00,10052.0
2005-04-25 05:00:00,11152.0
2005-04-25 06:00:00,13128.0
2005-04-25 07:00:00,14645.0
2005-04-25 08:00:00,15177.0
2005-04-25 09:00:00,15489.0
2005-04-25 10:00:00,15702.0
2005-04-25 11:00:00,15747.0
2005-04-25 12:00:00,15645.0
2005-04-25 13:00:00,15514.0
2005-04-25 14:00:00,15307.0
2005-04-25 15:00:00,15168.0
2005-04-25 16:00:00,15245.0
2005-04-25 17:00:00,15330.0
2005-04-25 18:00:00,15250.0
2005-04-25 19:00:00,15576.0
2005-04-25 20:00:00,16057.0
2005-04-25 21:00:00,15032.0
2005-04-25 22:00:00,13437.0
2005-04-25 23:00:00,11943.0
2005-04-26 00:00:00,11002.0
2005-04-26 01:00:00,10543.0
2005-04-26 02:00:00,10337.0
2005-04-26 03:00:00,10299.0
2005-04-26 04:00:00,10576.0
2005-04-26 05:00:00,11624.0
2005-04-26 06:00:00,13458.0
2005-04-26 07:00:00,14827.0
2005-04-26 08:00:00,15185.0
2005-04-26 09:00:00,15348.0
2005-04-26 10:00:00,15478.0
2005-04-26 11:00:00,15515.0
2005-04-26 12:00:00,15441.0
2005-04-26 13:00:00,15381.0
2005-04-26 14:00:00,15206.0
2005-04-26 15:00:00,15050.0
2005-04-26 16:00:00,14980.0
2005-04-26 17:00:00,14865.0
2005-04-26 18:00:00,14701.0
2005-04-26 19:00:00,15049.0
2005-04-26 20:00:00,15677.0
2005-04-26 21:00:00,14755.0
2005-04-26 22:00:00,13131.0
2005-04-26 23:00:00,11641.0
2005-04-27 00:00:00,10681.0
2005-04-27 01:00:00,10197.0
2005-04-27 02:00:00,9981.0
2005-04-27 03:00:00,9927.0
2005-04-27 04:00:00,10170.0
2005-04-27 05:00:00,11189.0
2005-04-27 06:00:00,13175.0
2005-04-27 07:00:00,14812.0
2005-04-27 08:00:00,15434.0
2005-04-27 09:00:00,15775.0
2005-04-27 10:00:00,15996.0
2005-04-27 11:00:00,16072.0
2005-04-27 12:00:00,16004.0
2005-04-27 13:00:00,15981.0
2005-04-27 14:00:00,15858.0
2005-04-27 15:00:00,15802.0
2005-04-27 16:00:00,15962.0
2005-04-27 17:00:00,16118.0
2005-04-27 18:00:00,16062.0
2005-04-27 19:00:00,16134.0
2005-04-27 20:00:00,16036.0
2005-04-27 21:00:00,14958.0
2005-04-27 22:00:00,13339.0
2005-04-27 23:00:00,11868.0
2005-04-28 00:00:00,10925.0
2005-04-28 01:00:00,10400.0
2005-04-28 02:00:00,10157.0
2005-04-28 03:00:00,10103.0
2005-04-28 04:00:00,10335.0
2005-04-28 05:00:00,11420.0
2005-04-28 06:00:00,13344.0
2005-04-28 07:00:00,14878.0
2005-04-28 08:00:00,15356.0
2005-04-28 09:00:00,15575.0
2005-04-28 10:00:00,15726.0
2005-04-28 11:00:00,15750.0
2005-04-28 12:00:00,15647.0
2005-04-28 13:00:00,15582.0
2005-04-28 14:00:00,15389.0
2005-04-28 15:00:00,15252.0
2005-04-28 16:00:00,15160.0
2005-04-28 17:00:00,15083.0
2005-04-28 18:00:00,14997.0
2005-04-28 19:00:00,15357.0
2005-04-28 20:00:00,15860.0
2005-04-28 21:00:00,14992.0
2005-04-28 22:00:00,13499.0
2005-04-28 23:00:00,12042.0
2005-04-29 00:00:00,11077.0
2005-04-29 01:00:00,10592.0
2005-04-29 02:00:00,10374.0
2005-04-29 03:00:00,10345.0
2005-04-29 04:00:00,10612.0
2005-04-29 05:00:00,11605.0
2005-04-29 06:00:00,13401.0
2005-04-29 07:00:00,14827.0
2005-04-29 08:00:00,15295.0
2005-04-29 09:00:00,15485.0
2005-04-29 10:00:00,15582.0
2005-04-29 11:00:00,15512.0
2005-04-29 12:00:00,15345.0
2005-04-29 13:00:00,15271.0
2005-04-29 14:00:00,15038.0
2005-04-29 15:00:00,14792.0
2005-04-29 16:00:00,14618.0
2005-04-29 17:00:00,14414.0
2005-04-29 18:00:00,14204.0
2005-04-29 19:00:00,14367.0
2005-04-29 20:00:00,15019.0
2005-04-29 21:00:00,14346.0
2005-04-29 22:00:00,13139.0
2005-04-29 23:00:00,11816.0
2005-04-30 00:00:00,10818.0
2005-04-30 01:00:00,10235.0
2005-04-30 02:00:00,9919.0
2005-04-30 03:00:00,9757.0
2005-04-30 04:00:00,9806.0
2005-04-30 05:00:00,10130.0
2005-04-30 06:00:00,10711.0
2005-04-30 07:00:00,11861.0
2005-04-30 08:00:00,13094.0
2005-04-30 09:00:00,13879.0
2005-04-30 10:00:00,14224.0
2005-04-30 11:00:00,14328.0
2005-04-30 12:00:00,14320.0
2005-04-30 13:00:00,14178.0
2005-04-30 14:00:00,14045.0
2005-04-30 15:00:00,13995.0
2005-04-30 16:00:00,14139.0
2005-04-30 17:00:00,14388.0
2005-04-30 18:00:00,14436.0
2005-04-30 19:00:00,14469.0
2005-04-30 20:00:00,14404.0
2005-04-30 21:00:00,13723.0
2005-04-30 22:00:00,12663.0
2005-04-30 23:00:00,11528.0
2005-05-01 00:00:00,10575.0
2005-05-01 01:00:00,9981.0
2005-05-01 02:00:00,9687.0
2005-05-01 03:00:00,9508.0
2005-05-01 04:00:00,9494.0
2005-05-01 05:00:00,9666.0
2005-05-01 06:00:00,9974.0
2005-05-01 07:00:00,10833.0
2005-05-01 08:00:00,11974.0
2005-05-01 09:00:00,12983.0
2005-05-01 10:00:00,13579.0
2005-05-01 11:00:00,13825.0
2005-05-01 12:00:00,13846.0
2005-05-01 13:00:00,13536.0
2005-05-01 14:00:00,13274.0
2005-05-01 15:00:00,13062.0
2005-05-01 16:00:00,13101.0
2005-05-01 17:00:00,13253.0
2005-05-01 18:00:00,13378.0
2005-05-01 19:00:00,13788.0
2005-05-01 20:00:00,14535.0
2005-05-01 21:00:00,13771.0
2005-05-01 22:00:00,12456.0
2005-05-01 23:00:00,11216.0
2005-05-02 00:00:00,10350.0
2005-05-02 01:00:00,9928.0
2005-05-02 02:00:00,9777.0
2005-05-02 03:00:00,9775.0
2005-05-02 04:00:00,10130.0
2005-05-02 05:00:00,11211.0
2005-05-02 06:00:00,13189.0
2005-05-02 07:00:00,14599.0
2005-05-02 08:00:00,15041.0
2005-05-02 09:00:00,15211.0
2005-05-02 10:00:00,15410.0
2005-05-02 11:00:00,15448.0
2005-05-02 12:00:00,15356.0
2005-05-02 13:00:00,15305.0
2005-05-02 14:00:00,15102.0
2005-05-02 15:00:00,15012.0
2005-05-02 16:00:00,15119.0
2005-05-02 17:00:00,15278.0
2005-05-02 18:00:00,15311.0
2005-05-02 19:00:00,15639.0
2005-05-02 20:00:00,15894.0
2005-05-02 21:00:00,14835.0
2005-05-02 22:00:00,13165.0
2005-05-02 23:00:00,11704.0
2005-05-03 00:00:00,10767.0
2005-05-03 01:00:00,10315.0
2005-05-03 02:00:00,10115.0
2005-05-03 03:00:00,10078.0
2005-05-03 04:00:00,10371.0
2005-05-03 05:00:00,11382.0
2005-05-03 06:00:00,13333.0
2005-05-03 07:00:00,14755.0
2005-05-03 08:00:00,15130.0
2005-05-03 09:00:00,15295.0
2005-05-03 10:00:00,15431.0
2005-05-03 11:00:00,15448.0
2005-05-03 12:00:00,15291.0
2005-05-03 13:00:00,15245.0
2005-05-03 14:00:00,15081.0
2005-05-03 15:00:00,14941.0
2005-05-03 16:00:00,14907.0
2005-05-03 17:00:00,14917.0
2005-05-03 18:00:00,14880.0
2005-05-03 19:00:00,15130.0
2005-05-03 20:00:00,15714.0
2005-05-03 21:00:00,14837.0
2005-05-03 22:00:00,13247.0
2005-05-03 23:00:00,11751.0
2005-05-04 00:00:00,10816.0
2005-05-04 01:00:00,10366.0
2005-05-04 02:00:00,10157.0
2005-05-04 03:00:00,10124.0
2005-05-04 04:00:00,10435.0
2005-05-04 05:00:00,11453.0
2005-05-04 06:00:00,13419.0
2005-05-04 07:00:00,14826.0
2005-05-04 08:00:00,15169.0
2005-05-04 09:00:00,15307.0
2005-05-04 10:00:00,15293.0
2005-05-04 11:00:00,15414.0
2005-05-04 12:00:00,15295.0
2005-05-04 13:00:00,15290.0
2005-05-04 14:00:00,15111.0
2005-05-04 15:00:00,14981.0
2005-05-04 16:00:00,15007.0
2005-05-04 17:00:00,15058.0
2005-05-04 18:00:00,14975.0
2005-05-04 19:00:00,15220.0
2005-05-04 20:00:00,15771.0
2005-05-04 21:00:00,14863.0
2005-05-04 22:00:00,13251.0
2005-05-04 23:00:00,11774.0
2005-05-05 00:00:00,10825.0
2005-05-05 01:00:00,10411.0
2005-05-05 02:00:00,10221.0
2005-05-05 03:00:00,10201.0
2005-05-05 04:00:00,10527.0
2005-05-05 05:00:00,11542.0
2005-05-05 06:00:00,13510.0
2005-05-05 07:00:00,14919.0
2005-05-05 08:00:00,15271.0
2005-05-05 09:00:00,15367.0
2005-05-05 10:00:00,15467.0
2005-05-05 11:00:00,15483.0
2005-05-05 12:00:00,15369.0
2005-05-05 13:00:00,15330.0
2005-05-05 14:00:00,15142.0
2005-05-05 15:00:00,14966.0
2005-05-05 16:00:00,14846.0
2005-05-05 17:00:00,14726.0
2005-05-05 18:00:00,14597.0
2005-05-05 19:00:00,14852.0
2005-05-05 20:00:00,15586.0
2005-05-05 21:00:00,14825.0
2005-05-05 22:00:00,13294.0
2005-05-05 23:00:00,11825.0
2005-05-06 00:00:00,10866.0
2005-05-06 01:00:00,10393.0
2005-05-06 02:00:00,10165.0
2005-05-06 03:00:00,10122.0
2005-05-06 04:00:00,10408.0
2005-05-06 05:00:00,11421.0
2005-05-06 06:00:00,13288.0
2005-05-06 07:00:00,14794.0
2005-05-06 08:00:00,15246.0
2005-05-06 09:00:00,15396.0
2005-05-06 10:00:00,15427.0
2005-05-06 11:00:00,15370.0
2005-05-06 12:00:00,15201.0
2005-05-06 13:00:00,15109.0
2005-05-06 14:00:00,14879.0
2005-05-06 15:00:00,14707.0
2005-05-06 16:00:00,14607.0
2005-05-06 17:00:00,14574.0
2005-05-06 18:00:00,14629.0
2005-05-06 19:00:00,14813.0
2005-05-06 20:00:00,15058.0
2005-05-06 21:00:00,14366.0
2005-05-06 22:00:00,13139.0
2005-05-06 23:00:00,11778.0
2005-05-07 00:00:00,10823.0
2005-05-07 01:00:00,10269.0
2005-05-07 02:00:00,9979.0
2005-05-07 03:00:00,9887.0
2005-05-07 04:00:00,9924.0
2005-05-07 05:00:00,10297.0
2005-05-07 06:00:00,10961.0
2005-05-07 07:00:00,12171.0
2005-05-07 08:00:00,13463.0
2005-05-07 09:00:00,14309.0
2005-05-07 10:00:00,14702.0
2005-05-07 11:00:00,14758.0
2005-05-07 12:00:00,14554.0
2005-05-07 13:00:00,14249.0
2005-05-07 14:00:00,13972.0
2005-05-07 15:00:00,13834.0
2005-05-07 16:00:00,13860.0
2005-05-07 17:00:00,13994.0
2005-05-07 18:00:00,14075.0
2005-05-07 19:00:00,14319.0
2005-05-07 20:00:00,14529.0
2005-05-07 21:00:00,13972.0
2005-05-07 22:00:00,12942.0
2005-05-07 23:00:00,11817.0
2005-05-08 00:00:00,10890.0
2005-05-08 01:00:00,10315.0
2005-05-08 02:00:00,10003.0
2005-05-08 03:00:00,9851.0
2005-05-08 04:00:00,9833.0
2005-05-08 05:00:00,9980.0
2005-05-08 06:00:00,10328.0
2005-05-08 07:00:00,11227.0
2005-05-08 08:00:00,12344.0
2005-05-08 09:00:00,13131.0
2005-05-08 10:00:00,13520.0
2005-05-08 11:00:00,13583.0
2005-05-08 12:00:00,13444.0
2005-05-08 13:00:00,13152.0
2005-05-08 14:00:00,12929.0
2005-05-08 15:00:00,12844.0
2005-05-08 16:00:00,12968.0
2005-05-08 17:00:00,13169.0
2005-05-08 18:00:00,13391.0
2005-05-08 19:00:00,13833.0
2005-05-08 20:00:00,14457.0
2005-05-08 21:00:00,13735.0
2005-05-08 22:00:00,12419.0
2005-05-08 23:00:00,11195.0
2005-05-09 00:00:00,10340.0
2005-05-09 01:00:00,9942.0
2005-05-09 02:00:00,9764.0
2005-05-09 03:00:00,9764.0
2005-05-09 04:00:00,10095.0
2005-05-09 05:00:00,11131.0
2005-05-09 06:00:00,13138.0
2005-05-09 07:00:00,14784.0
2005-05-09 08:00:00,15367.0
2005-05-09 09:00:00,15601.0
2005-05-09 10:00:00,15806.0
2005-05-09 11:00:00,15820.0
2005-05-09 12:00:00,15706.0
2005-05-09 13:00:00,15611.0
2005-05-09 14:00:00,15385.0
2005-05-09 15:00:00,15205.0
2005-05-09 16:00:00,15147.0
2005-05-09 17:00:00,15092.0
2005-05-09 18:00:00,14973.0
2005-05-09 19:00:00,15143.0
2005-05-09 20:00:00,15815.0
2005-05-09 21:00:00,14912.0
2005-05-09 22:00:00,13224.0
2005-05-09 23:00:00,11670.0
2005-05-10 00:00:00,10670.0
2005-05-10 01:00:00,10178.0
2005-05-10 02:00:00,9938.0
2005-05-10 03:00:00,9889.0
2005-05-10 04:00:00,10159.0
2005-05-10 05:00:00,11115.0
2005-05-10 06:00:00,13082.0
2005-05-10 07:00:00,14600.0
2005-05-10 08:00:00,15082.0
2005-05-10 09:00:00,15312.0
2005-05-10 10:00:00,15534.0
2005-05-10 11:00:00,15631.0
2005-05-10 12:00:00,15594.0
2005-05-10 13:00:00,15635.0
2005-05-10 14:00:00,15568.0
2005-05-10 15:00:00,15445.0
2005-05-10 16:00:00,15375.0
2005-05-10 17:00:00,15213.0
2005-05-10 18:00:00,14938.0
2005-05-10 19:00:00,15004.0
2005-05-10 20:00:00,15693.0
2005-05-10 21:00:00,14921.0
2005-05-10 22:00:00,13242.0
2005-05-10 23:00:00,11684.0
2005-05-11 00:00:00,10634.0
2005-05-11 01:00:00,10136.0
2005-05-11 02:00:00,9869.0
2005-05-11 03:00:00,9810.0
2005-05-11 04:00:00,10053.0
2005-05-11 05:00:00,10967.0
2005-05-11 06:00:00,12890.0
2005-05-11 07:00:00,14470.0
2005-05-11 08:00:00,15017.0
2005-05-11 09:00:00,15370.0
2005-05-11 10:00:00,15642.0
2005-05-11 11:00:00,15819.0
2005-05-11 12:00:00,15873.0
2005-05-11 13:00:00,15969.0
2005-05-11 14:00:00,15927.0
2005-05-11 15:00:00,15856.0
2005-05-11 16:00:00,15778.0
2005-05-11 17:00:00,15587.0
2005-05-11 18:00:00,15290.0
2005-05-11 19:00:00,15336.0
2005-05-11 20:00:00,15958.0
2005-05-11 21:00:00,15121.0
2005-05-11 22:00:00,13393.0
2005-05-11 23:00:00,11766.0
2005-05-12 00:00:00,10728.0
2005-05-12 01:00:00,10218.0
2005-05-12 02:00:00,9962.0
2005-05-12 03:00:00,9886.0
2005-05-12 04:00:00,10135.0
2005-05-12 05:00:00,11064.0
2005-05-12 06:00:00,13013.0
2005-05-12 07:00:00,14589.0
2005-05-12 08:00:00,15100.0
2005-05-12 09:00:00,15370.0
2005-05-12 10:00:00,15525.0
2005-05-12 11:00:00,15540.0
2005-05-12 12:00:00,15430.0
2005-05-12 13:00:00,15388.0
2005-05-12 14:00:00,15213.0
2005-05-12 15:00:00,15047.0
2005-05-12 16:00:00,14958.0
2005-05-12 17:00:00,14849.0
2005-05-12 18:00:00,14641.0
2005-05-12 19:00:00,14738.0
2005-05-12 20:00:00,15402.0
2005-05-12 21:00:00,14800.0
2005-05-12 22:00:00,13196.0
2005-05-12 23:00:00,11692.0
2005-05-13 00:00:00,10730.0
2005-05-13 01:00:00,10243.0
2005-05-13 02:00:00,10041.0
2005-05-13 03:00:00,10007.0
2005-05-13 04:00:00,10301.0
2005-05-13 05:00:00,11219.0
2005-05-13 06:00:00,13160.0
2005-05-13 07:00:00,14634.0
2005-05-13 08:00:00,15088.0
2005-05-13 09:00:00,15256.0
2005-05-13 10:00:00,15382.0
2005-05-13 11:00:00,15318.0
2005-05-13 12:00:00,15158.0
2005-05-13 13:00:00,15061.0
2005-05-13 14:00:00,14881.0
2005-05-13 15:00:00,14688.0
2005-05-13 16:00:00,14544.0
2005-05-13 17:00:00,14312.0
2005-05-13 18:00:00,14058.0
2005-05-13 19:00:00,14062.0
2005-05-13 20:00:00,14692.0
2005-05-13 21:00:00,14227.0
2005-05-13 22:00:00,12986.0
2005-05-13 23:00:00,11648.0
2005-05-14 00:00:00,10645.0
2005-05-14 01:00:00,10078.0
2005-05-14 02:00:00,9771.0
2005-05-14 03:00:00,9630.0
2005-05-14 04:00:00,9688.0
2005-05-14 05:00:00,9937.0
2005-05-14 06:00:00,10562.0
2005-05-14 07:00:00,11700.0
2005-05-14 08:00:00,12884.0
2005-05-14 09:00:00,13594.0
2005-05-14 10:00:00,13834.0
2005-05-14 11:00:00,13819.0
2005-05-14 12:00:00,13617.0
2005-05-14 13:00:00,13405.0
2005-05-14 14:00:00,13167.0
2005-05-14 15:00:00,13025.0
2005-05-14 16:00:00,13022.0
2005-05-14 17:00:00,13111.0
2005-05-14 18:00:00,13091.0
2005-05-14 19:00:00,13180.0
2005-05-14 20:00:00,13818.0
2005-05-14 21:00:00,13439.0
2005-05-14 22:00:00,12395.0
2005-05-14 23:00:00,11258.0
2005-05-15 00:00:00,10342.0
2005-05-15 01:00:00,9767.0
2005-05-15 02:00:00,9446.0
2005-05-15 03:00:00,9305.0
2005-05-15 04:00:00,9286.0
2005-05-15 05:00:00,9335.0
2005-05-15 06:00:00,9679.0
2005-05-15 07:00:00,10555.0
2005-05-15 08:00:00,11688.0
2005-05-15 09:00:00,12621.0
2005-05-15 10:00:00,13162.0
2005-05-15 11:00:00,13461.0
2005-05-15 12:00:00,13538.0
2005-05-15 13:00:00,13392.0
2005-05-15 14:00:00,13214.0
2005-05-15 15:00:00,13196.0
2005-05-15 16:00:00,13397.0
2005-05-15 17:00:00,13692.0
2005-05-15 18:00:00,13834.0
2005-05-15 19:00:00,14113.0
2005-05-15 20:00:00,14463.0
2005-05-15 21:00:00,13694.0
2005-05-15 22:00:00,12366.0
2005-05-15 23:00:00,11091.0
2005-05-16 00:00:00,10205.0
2005-05-16 01:00:00,9773.0
2005-05-16 02:00:00,9583.0
2005-05-16 03:00:00,9564.0
2005-05-16 04:00:00,9851.0
2005-05-16 05:00:00,10901.0
2005-05-16 06:00:00,12890.0
2005-05-16 07:00:00,14604.0
2005-05-16 08:00:00,15232.0
2005-05-16 09:00:00,15585.0
2005-05-16 10:00:00,15827.0
2005-05-16 11:00:00,15848.0
2005-05-16 12:00:00,15768.0
2005-05-16 13:00:00,15697.0
2005-05-16 14:00:00,15506.0
2005-05-16 15:00:00,15369.0
2005-05-16 16:00:00,15322.0
2005-05-16 17:00:00,15254.0
2005-05-16 18:00:00,15063.0
2005-05-16 19:00:00,15132.0
2005-05-16 20:00:00,15656.0
2005-05-16 21:00:00,14832.0
2005-05-16 22:00:00,13239.0
2005-05-16 23:00:00,11711.0
2005-05-17 00:00:00,10663.0
2005-05-17 01:00:00,10156.0
2005-05-17 02:00:00,9914.0
2005-05-17 03:00:00,9835.0
2005-05-17 04:00:00,10069.0
2005-05-17 05:00:00,11011.0
2005-05-17 06:00:00,12962.0
2005-05-17 07:00:00,14534.0
2005-05-17 08:00:00,15075.0
2005-05-17 09:00:00,15329.0
2005-05-17 10:00:00,15548.0
2005-05-17 11:00:00,15646.0
2005-05-17 12:00:00,15615.0
2005-05-17 13:00:00,15627.0
2005-05-17 14:00:00,15420.0
2005-05-17 15:00:00,15273.0
2005-05-17 16:00:00,15216.0
2005-05-17 17:00:00,15104.0
2005-05-17 18:00:00,14937.0
2005-05-17 19:00:00,14998.0
2005-05-17 20:00:00,15528.0
2005-05-17 21:00:00,14797.0
2005-05-17 22:00:00,13154.0
2005-05-17 23:00:00,11595.0
2005-05-18 00:00:00,10621.0
2005-05-18 01:00:00,10126.0
2005-05-18 02:00:00,9893.0
2005-05-18 03:00:00,9826.0
2005-05-18 04:00:00,10094.0
2005-05-18 05:00:00,11005.0
2005-05-18 06:00:00,12997.0
2005-05-18 07:00:00,14576.0
2005-05-18 08:00:00,15128.0
2005-05-18 09:00:00,15365.0
2005-05-18 10:00:00,15541.0
2005-05-18 11:00:00,15603.0
2005-05-18 12:00:00,15549.0
2005-05-18 13:00:00,15532.0
2005-05-18 14:00:00,15377.0
2005-05-18 15:00:00,15222.0
2005-05-18 16:00:00,15221.0
2005-05-18 17:00:00,15147.0
2005-05-18 18:00:00,14981.0
2005-05-18 19:00:00,15058.0
2005-05-18 20:00:00,15517.0
2005-05-18 21:00:00,14766.0
2005-05-18 22:00:00,13111.0
2005-05-18 23:00:00,11624.0
2005-05-19 00:00:00,10619.0
2005-05-19 01:00:00,10131.0
2005-05-19 02:00:00,9892.0
2005-05-19 03:00:00,9828.0
2005-05-19 04:00:00,10081.0
2005-05-19 05:00:00,10955.0
2005-05-19 06:00:00,12966.0
2005-05-19 07:00:00,14511.0
2005-05-19 08:00:00,15016.0
2005-05-19 09:00:00,15315.0
2005-05-19 10:00:00,15539.0
2005-05-19 11:00:00,15582.0
2005-05-19 12:00:00,15492.0
2005-05-19 13:00:00,15495.0
2005-05-19 14:00:00,15359.0
2005-05-19 15:00:00,15212.0
2005-05-19 16:00:00,15137.0
2005-05-19 17:00:00,14973.0
2005-05-19 18:00:00,14740.0
2005-05-19 19:00:00,14736.0
2005-05-19 20:00:00,15308.0
2005-05-19 21:00:00,14693.0
2005-05-19 22:00:00,13181.0
2005-05-19 23:00:00,11631.0
2005-05-20 00:00:00,10614.0
2005-05-20 01:00:00,10099.0
2005-05-20 02:00:00,9846.0
2005-05-20 03:00:00,9784.0
2005-05-20 04:00:00,10033.0
2005-05-20 05:00:00,10886.0
2005-05-20 06:00:00,12822.0
2005-05-20 07:00:00,14387.0
2005-05-20 08:00:00,14981.0
2005-05-20 09:00:00,15261.0
2005-05-20 10:00:00,15493.0
2005-05-20 11:00:00,15546.0
2005-05-20 12:00:00,15437.0
2005-05-20 13:00:00,15377.0
2005-05-20 14:00:00,15197.0
2005-05-20 15:00:00,14953.0
2005-05-20 16:00:00,14759.0
2005-05-20 17:00:00,14504.0
2005-05-20 18:00:00,14214.0
2005-05-20 19:00:00,14104.0
2005-05-20 20:00:00,14589.0
2005-05-20 21:00:00,14218.0
2005-05-20 22:00:00,12997.0
2005-05-20 23:00:00,11664.0
2005-05-21 00:00:00,10660.0
2005-05-21 01:00:00,10075.0
2005-05-21 02:00:00,9753.0
2005-05-21 03:00:00,9636.0
2005-05-21 04:00:00,9693.0
2005-05-21 05:00:00,9882.0
2005-05-21 06:00:00,10564.0
2005-05-21 07:00:00,11757.0
2005-05-21 08:00:00,12928.0
2005-05-21 09:00:00,13628.0
2005-05-21 10:00:00,13855.0
2005-05-21 11:00:00,13819.0
2005-05-21 12:00:00,13625.0
2005-05-21 13:00:00,13408.0
2005-05-21 14:00:00,13199.0
2005-05-21 15:00:00,13139.0
2005-05-21 16:00:00,13221.0
2005-05-21 17:00:00,13401.0
2005-05-21 18:00:00,13433.0
2005-05-21 19:00:00,13556.0
2005-05-21 20:00:00,13870.0
2005-05-21 21:00:00,13428.0
2005-05-21 22:00:00,12397.0
2005-05-21 23:00:00,11306.0
2005-05-22 00:00:00,10391.0
2005-05-22 01:00:00,9857.0
2005-05-22 02:00:00,9533.0
2005-05-22 03:00:00,9393.0
2005-05-22 04:00:00,9388.0
2005-05-22 05:00:00,9456.0
2005-05-22 06:00:00,9812.0
2005-05-22 07:00:00,10713.0
2005-05-22 08:00:00,11865.0
2005-05-22 09:00:00,12785.0
2005-05-22 10:00:00,13279.0
2005-05-22 11:00:00,13507.0
2005-05-22 12:00:00,13504.0
2005-05-22 13:00:00,13296.0
2005-05-22 14:00:00,13084.0
2005-05-22 15:00:00,13004.0
2005-05-22 16:00:00,13171.0
2005-05-22 17:00:00,13472.0
2005-05-22 18:00:00,13595.0
2005-05-22 19:00:00,13772.0
2005-05-22 20:00:00,14200.0
2005-05-22 21:00:00,13599.0
2005-05-22 22:00:00,12327.0
2005-05-22 23:00:00,11057.0
2005-05-23 00:00:00,10204.0
2005-05-23 01:00:00,9760.0
2005-05-23 02:00:00,9570.0
2005-05-23 03:00:00,9565.0
2005-05-23 04:00:00,9871.0
2005-05-23 05:00:00,10880.0
2005-05-23 06:00:00,12916.0
2005-05-23 07:00:00,14619.0
2005-05-23 08:00:00,15214.0
2005-05-23 09:00:00,15550.0
2005-05-23 10:00:00,15803.0
2005-05-23 11:00:00,15845.0
2005-05-23 12:00:00,15772.0
2005-05-23 13:00:00,15718.0
2005-05-23 14:00:00,15545.0
2005-05-23 15:00:00,15442.0
2005-05-23 16:00:00,15542.0
2005-05-23 17:00:00,15710.0
2005-05-23 18:00:00,15712.0
2005-05-23 19:00:00,15771.0
2005-05-23 20:00:00,15843.0
2005-05-23 21:00:00,14816.0
2005-05-23 22:00:00,13197.0
2005-05-23 23:00:00,11753.0
2005-05-24 00:00:00,10762.0
2005-05-24 01:00:00,10251.0
2005-05-24 02:00:00,10016.0
2005-05-24 03:00:00,9949.0
2005-05-24 04:00:00,10202.0
2005-05-24 05:00:00,11193.0
2005-05-24 06:00:00,13208.0
2005-05-24 07:00:00,14933.0
2005-05-24 08:00:00,15543.0
2005-05-24 09:00:00,15860.0
2005-05-24 10:00:00,16109.0
2005-05-24 11:00:00,16189.0
2005-05-24 12:00:00,16181.0
2005-05-24 13:00:00,16152.0
2005-05-24 14:00:00,15979.0
2005-05-24 15:00:00,15927.0
2005-05-24 16:00:00,16060.0
2005-05-24 17:00:00,16249.0
2005-05-24 18:00:00,16179.0
2005-05-24 19:00:00,16148.0
2005-05-24 20:00:00,16065.0
2005-05-24 21:00:00,15110.0
2005-05-24 22:00:00,13519.0
2005-05-24 23:00:00,12059.0
2005-05-25 00:00:00,11082.0
2005-05-25 01:00:00,10601.0
2005-05-25 02:00:00,10342.0
2005-05-25 03:00:00,10267.0
2005-05-25 04:00:00,10510.0
2005-05-25 05:00:00,11533.0
2005-05-25 06:00:00,13574.0
2005-05-25 07:00:00,15229.0
2005-05-25 08:00:00,15816.0
2005-05-25 09:00:00,16125.0
2005-05-25 10:00:00,16304.0
2005-05-25 11:00:00,16352.0
2005-05-25 12:00:00,16303.0
2005-05-25 13:00:00,16260.0
2005-05-25 14:00:00,16103.0
2005-05-25 15:00:00,16042.0
2005-05-25 16:00:00,16203.0
2005-05-25 17:00:00,16381.0
2005-05-25 18:00:00,16322.0
2005-05-25 19:00:00,16284.0
2005-05-25 20:00:00,16211.0
2005-05-25 21:00:00,15175.0
2005-05-25 22:00:00,13674.0
2005-05-25 23:00:00,12101.0
2005-05-26 00:00:00,11153.0
2005-05-26 01:00:00,10605.0
2005-05-26 02:00:00,10356.0
2005-05-26 03:00:00,10276.0
2005-05-26 04:00:00,10484.0
2005-05-26 05:00:00,11429.0
2005-05-26 06:00:00,13415.0
2005-05-26 07:00:00,15040.0
2005-05-26 08:00:00,15666.0
2005-05-26 09:00:00,15925.0
2005-05-26 10:00:00,16078.0
2005-05-26 11:00:00,16084.0
2005-05-26 12:00:00,15960.0
2005-05-26 13:00:00,15887.0
2005-05-26 14:00:00,15710.0
2005-05-26 15:00:00,15637.0
2005-05-26 16:00:00,15693.0
2005-05-26 17:00:00,15811.0
2005-05-26 18:00:00,15745.0
2005-05-26 19:00:00,15706.0
2005-05-26 20:00:00,15895.0
2005-05-26 21:00:00,15115.0
2005-05-26 22:00:00,13522.0
2005-05-26 23:00:00,11950.0
2005-05-27 00:00:00,10975.0
2005-05-27 01:00:00,10455.0
2005-05-27 02:00:00,10165.0
2005-05-27 03:00:00,10067.0
2005-05-27 04:00:00,10280.0
2005-05-27 05:00:00,11146.0
2005-05-27 06:00:00,13021.0
2005-05-27 07:00:00,14659.0
2005-05-27 08:00:00,15251.0
2005-05-27 09:00:00,15548.0
2005-05-27 10:00:00,15760.0
2005-05-27 11:00:00,15733.0
2005-05-27 12:00:00,15638.0
2005-05-27 13:00:00,15554.0
2005-05-27 14:00:00,15357.0
2005-05-27 15:00:00,15132.0
2005-05-27 16:00:00,15006.0
2005-05-27 17:00:00,14848.0
2005-05-27 18:00:00,14685.0
2005-05-27 19:00:00,14731.0
2005-05-27 20:00:00,14952.0
2005-05-27 21:00:00,14437.0
2005-05-27 22:00:00,13161.0
2005-05-27 23:00:00,11759.0
2005-05-28 00:00:00,10730.0
2005-05-28 01:00:00,10146.0
2005-05-28 02:00:00,9808.0
2005-05-28 03:00:00,9643.0
2005-05-28 04:00:00,9642.0
2005-05-28 05:00:00,9721.0
2005-05-28 06:00:00,10342.0
2005-05-28 07:00:00,11456.0
2005-05-28 08:00:00,12709.0
2005-05-28 09:00:00,13525.0
2005-05-28 10:00:00,13834.0
2005-05-28 11:00:00,13883.0
2005-05-28 12:00:00,13756.0
2005-05-28 13:00:00,13509.0
2005-05-28 14:00:00,13340.0
2005-05-28 15:00:00,13242.0
2005-05-28 16:00:00,13274.0
2005-05-28 17:00:00,13333.0
2005-05-28 18:00:00,13328.0
2005-05-28 19:00:00,13410.0
2005-05-28 20:00:00,13854.0
2005-05-28 21:00:00,13539.0
2005-05-28 22:00:00,12485.0
2005-05-28 23:00:00,11338.0
2005-05-29 00:00:00,10346.0
2005-05-29 01:00:00,9802.0
2005-05-29 02:00:00,9457.0
2005-05-29 03:00:00,9288.0
2005-05-29 04:00:00,9255.0
2005-05-29 05:00:00,9266.0
2005-05-29 06:00:00,9597.0
2005-05-29 07:00:00,10443.0
2005-05-29 08:00:00,11600.0
2005-05-29 09:00:00,12507.0
2005-05-29 10:00:00,12971.0
2005-05-29 11:00:00,13172.0
2005-05-29 12:00:00,13173.0
2005-05-29 13:00:00,13001.0
2005-05-29 14:00:00,12831.0
2005-05-29 15:00:00,12763.0
2005-05-29 16:00:00,12861.0
2005-05-29 17:00:00,13053.0
2005-05-29 18:00:00,13113.0
2005-05-29 19:00:00,13095.0
2005-05-29 20:00:00,13435.0
2005-05-29 21:00:00,13119.0
2005-05-29 22:00:00,12168.0
2005-05-29 23:00:00,11090.0
2005-05-30 00:00:00,10168.0
2005-05-30 01:00:00,9600.0
2005-05-30 02:00:00,9307.0
2005-05-30 03:00:00,9159.0
2005-05-30 04:00:00,9196.0
2005-05-30 05:00:00,9243.0
2005-05-30 06:00:00,9765.0
2005-05-30 07:00:00,10813.0
2005-05-30 08:00:00,12078.0
2005-05-30 09:00:00,13022.0
2005-05-30 10:00:00,13461.0
2005-05-30 11:00:00,13657.0
2005-05-30 12:00:00,13653.0
2005-05-30 13:00:00,13435.0
2005-05-30 14:00:00,13251.0
2005-05-30 15:00:00,13223.0
2005-05-30 16:00:00,13431.0
2005-05-30 17:00:00,13682.0
2005-05-30 18:00:00,13699.0
2005-05-30 19:00:00,13836.0
2005-05-30 20:00:00,14346.0
2005-05-30 21:00:00,13874.0
2005-05-30 22:00:00,12397.0
2005-05-30 23:00:00,11031.0
2005-05-31 00:00:00,10119.0
2005-05-31 01:00:00,9655.0
2005-05-31 02:00:00,9442.0
2005-05-31 03:00:00,9398.0
2005-05-31 04:00:00,9659.0
2005-05-31 05:00:00,10551.0
2005-05-31 06:00:00,12631.0
2005-05-31 07:00:00,14439.0
2005-05-31 08:00:00,15237.0
2005-05-31 09:00:00,15693.0
2005-05-31 10:00:00,15984.0
2005-05-31 11:00:00,16112.0
2005-05-31 12:00:00,16083.0
2005-05-31 13:00:00,16067.0
2005-05-31 14:00:00,15917.0
2005-05-31 15:00:00,15783.0
2005-05-31 16:00:00,15765.0
2005-05-31 17:00:00,15679.0
2005-05-31 18:00:00,15480.0
2005-05-31 19:00:00,15450.0
2005-05-31 20:00:00,15767.0
2005-05-31 21:00:00,15070.0
2005-05-31 22:00:00,13344.0
2005-05-31 23:00:00,11738.0
2005-06-01 00:00:00,10760.0
2005-06-01 01:00:00,10217.0
2005-06-01 02:00:00,9948.0
2005-06-01 03:00:00,9861.0
2005-06-01 04:00:00,10083.0
2005-06-01 05:00:00,10938.0
2005-06-01 06:00:00,12964.0
2005-06-01 07:00:00,14622.0
2005-06-01 08:00:00,15245.0
2005-06-01 09:00:00,15557.0
2005-06-01 10:00:00,15819.0
2005-06-01 11:00:00,15906.0
2005-06-01 12:00:00,15886.0
2005-06-01 13:00:00,15991.0
2005-06-01 14:00:00,15922.0
2005-06-01 15:00:00,15843.0
2005-06-01 16:00:00,15779.0
2005-06-01 17:00:00,15577.0
2005-06-01 18:00:00,15261.0
2005-06-01 19:00:00,15201.0
2005-06-01 20:00:00,15634.0
2005-06-01 21:00:00,15209.0
2005-06-01 22:00:00,13515.0
2005-06-01 23:00:00,11904.0
2005-06-02 00:00:00,10833.0
2005-06-02 01:00:00,10278.0
2005-06-02 02:00:00,9978.0
2005-06-02 03:00:00,9906.0
2005-06-02 04:00:00,10118.0
2005-06-02 05:00:00,10979.0
2005-06-02 06:00:00,12970.0
2005-06-02 07:00:00,14771.0
2005-06-02 08:00:00,15325.0
2005-06-02 09:00:00,15656.0
2005-06-02 10:00:00,15986.0
2005-06-02 11:00:00,16211.0
2005-06-02 12:00:00,16258.0
2005-06-02 13:00:00,16392.0
2005-06-02 14:00:00,16363.0
2005-06-02 15:00:00,16332.0
2005-06-02 16:00:00,16247.0
2005-06-02 17:00:00,16030.0
2005-06-02 18:00:00,15651.0
2005-06-02 19:00:00,15454.0
2005-06-02 20:00:00,15891.0
2005-06-02 21:00:00,15547.0
2005-06-02 22:00:00,13802.0
2005-06-02 23:00:00,12091.0
2005-06-03 00:00:00,10993.0
2005-06-03 01:00:00,10412.0
2005-06-03 02:00:00,10114.0
2005-06-03 03:00:00,9992.0
2005-06-03 04:00:00,10186.0
2005-06-03 05:00:00,10961.0
2005-06-03 06:00:00,12878.0
2005-06-03 07:00:00,14567.0
2005-06-03 08:00:00,15379.0
2005-06-03 09:00:00,15898.0
2005-06-03 10:00:00,16302.0
2005-06-03 11:00:00,16516.0
2005-06-03 12:00:00,16569.0
2005-06-03 13:00:00,16699.0
2005-06-03 14:00:00,16595.0
2005-06-03 15:00:00,16442.0
2005-06-03 16:00:00,16224.0
2005-06-03 17:00:00,15799.0
2005-06-03 18:00:00,15373.0
2005-06-03 19:00:00,15191.0
2005-06-03 20:00:00,15563.0
2005-06-03 21:00:00,15175.0
2005-06-03 22:00:00,13885.0
2005-06-03 23:00:00,12394.0
2005-06-04 00:00:00,11244.0
2005-06-04 01:00:00,10575.0
2005-06-04 02:00:00,10206.0
2005-06-04 03:00:00,10021.0
2005-06-04 04:00:00,10007.0
2005-06-04 05:00:00,10118.0
2005-06-04 06:00:00,10876.0
2005-06-04 07:00:00,12195.0
2005-06-04 08:00:00,13594.0
2005-06-04 09:00:00,14548.0
2005-06-04 10:00:00,15035.0
2005-06-04 11:00:00,15267.0
2005-06-04 12:00:00,15339.0
2005-06-04 13:00:00,15302.0
2005-06-04 14:00:00,15271.0
2005-06-04 15:00:00,15311.0
2005-06-04 16:00:00,15446.0
2005-06-04 17:00:00,15499.0
2005-06-04 18:00:00,15375.0
2005-06-04 19:00:00,15237.0
2005-06-04 20:00:00,15569.0
2005-06-04 21:00:00,15420.0
2005-06-04 22:00:00,14238.0
2005-06-04 23:00:00,12859.0
2005-06-05 00:00:00,11694.0
2005-06-05 01:00:00,10931.0
2005-06-05 02:00:00,10489.0
2005-06-05 03:00:00,10212.0
2005-06-05 04:00:00,10097.0
2005-06-05 05:00:00,9947.0
2005-06-05 06:00:00,10427.0
2005-06-05 07:00:00,11586.0
2005-06-05 08:00:00,13071.0
2005-06-05 09:00:00,14341.0
2005-06-05 10:00:00,15249.0
2005-06-05 11:00:00,15889.0
2005-06-05 12:00:00,16238.0
2005-06-05 13:00:00,16322.0
2005-06-05 14:00:00,16364.0
2005-06-05 15:00:00,16472.0
2005-06-05 16:00:00,16716.0
2005-06-05 17:00:00,16888.0
2005-06-05 18:00:00,16856.0
2005-06-05 19:00:00,16805.0
2005-06-05 20:00:00,17222.0
2005-06-05 21:00:00,16779.0
2005-06-05 22:00:00,15041.0
2005-06-05 23:00:00,13330.0
2005-06-06 00:00:00,12126.0
2005-06-06 01:00:00,11445.0
2005-06-06 02:00:00,11042.0
2005-06-06 03:00:00,10865.0
2005-06-06 04:00:00,11003.0
2005-06-06 05:00:00,11789.0
2005-06-06 06:00:00,13692.0
2005-06-06 07:00:00,15477.0
2005-06-06 08:00:00,16309.0
2005-06-06 09:00:00,16841.0
2005-06-06 10:00:00,17302.0
2005-06-06 11:00:00,17573.0
2005-06-06 12:00:00,17774.0
2005-06-06 13:00:00,18014.0
2005-06-06 14:00:00,18100.0
2005-06-06 15:00:00,18203.0
2005-06-06 16:00:00,18168.0
2005-06-06 17:00:00,17897.0
2005-06-06 18:00:00,17542.0
2005-06-06 19:00:00,17266.0
2005-06-06 20:00:00,17287.0
2005-06-06 21:00:00,16482.0
2005-06-06 22:00:00,14699.0
2005-06-06 23:00:00,13074.0
2005-06-07 00:00:00,11958.0
2005-06-07 01:00:00,11381.0
2005-06-07 02:00:00,11070.0
2005-06-07 03:00:00,10944.0
2005-06-07 04:00:00,11149.0
2005-06-07 05:00:00,12005.0
2005-06-07 06:00:00,14109.0
2005-06-07 07:00:00,16076.0
2005-06-07 08:00:00,17143.0
2005-06-07 09:00:00,18007.0
2005-06-07 10:00:00,18814.0
2005-06-07 11:00:00,19413.0
2005-06-07 12:00:00,19756.0
2005-06-07 13:00:00,20100.0
2005-06-07 14:00:00,20301.0
2005-06-07 15:00:00,20514.0
2005-06-07 16:00:00,20596.0
2005-06-07 17:00:00,20385.0
2005-06-07 18:00:00,19875.0
2005-06-07 19:00:00,19380.0
2005-06-07 20:00:00,19388.0
2005-06-07 21:00:00,18800.0
2005-06-07 22:00:00,16662.0
2005-06-07 23:00:00,14579.0
2005-06-08 00:00:00,13139.0
2005-06-08 01:00:00,12293.0
2005-06-08 02:00:00,11763.0
2005-06-08 03:00:00,11524.0
2005-06-08 04:00:00,11630.0
2005-06-08 05:00:00,12336.0
2005-06-08 06:00:00,14401.0
2005-06-08 07:00:00,16467.0
2005-06-08 08:00:00,17629.0
2005-06-08 09:00:00,18509.0
2005-06-08 10:00:00,19233.0
2005-06-08 11:00:00,19785.0
2005-06-08 12:00:00,20209.0
2005-06-08 13:00:00,20753.0
2005-06-08 14:00:00,21138.0
2005-06-08 15:00:00,21492.0
2005-06-08 16:00:00,21655.0
2005-06-08 17:00:00,21397.0
2005-06-08 18:00:00,20772.0
2005-06-08 19:00:00,20245.0
2005-06-08 20:00:00,20222.0
2005-06-08 21:00:00,19342.0
2005-06-08 22:00:00,17226.0
2005-06-08 23:00:00,15194.0
2005-06-09 00:00:00,13837.0
2005-06-09 01:00:00,13017.0
2005-06-09 02:00:00,12486.0
2005-06-09 03:00:00,12306.0
2005-06-09 04:00:00,12408.0
2005-06-09 05:00:00,13165.0
2005-06-09 06:00:00,15288.0
2005-06-09 07:00:00,17330.0
2005-06-09 08:00:00,18418.0
2005-06-09 09:00:00,19339.0
2005-06-09 10:00:00,20079.0
2005-06-09 11:00:00,20585.0
2005-06-09 12:00:00,20803.0
2005-06-09 13:00:00,21106.0
2005-06-09 14:00:00,21337.0
2005-06-09 15:00:00,21544.0
2005-06-09 16:00:00,21612.0
2005-06-09 17:00:00,21314.0
2005-06-09 18:00:00,20658.0
2005-06-09 19:00:00,20032.0
2005-06-09 20:00:00,19985.0
2005-06-09 21:00:00,19328.0
2005-06-09 22:00:00,17271.0
2005-06-09 23:00:00,15189.0
2005-06-10 00:00:00,13816.0
2005-06-10 01:00:00,13019.0
2005-06-10 02:00:00,12574.0
2005-06-10 03:00:00,12393.0
2005-06-10 04:00:00,12594.0
2005-06-10 05:00:00,13411.0
2005-06-10 06:00:00,15498.0
2005-06-10 07:00:00,17434.0
2005-06-10 08:00:00,18453.0
2005-06-10 09:00:00,19203.0
2005-06-10 10:00:00,19816.0
2005-06-10 11:00:00,20240.0
2005-06-10 12:00:00,20502.0
2005-06-10 13:00:00,20868.0
2005-06-10 14:00:00,21074.0
2005-06-10 15:00:00,21259.0
2005-06-10 16:00:00,21250.0
2005-06-10 17:00:00,20728.0
2005-06-10 18:00:00,19977.0
2005-06-10 19:00:00,19353.0
2005-06-10 20:00:00,19289.0
2005-06-10 21:00:00,18777.0
2005-06-10 22:00:00,17151.0
2005-06-10 23:00:00,15380.0
2005-06-11 00:00:00,13937.0
2005-06-11 01:00:00,13116.0
2005-06-11 02:00:00,12609.0
2005-06-11 03:00:00,12262.0
2005-06-11 04:00:00,12186.0
2005-06-11 05:00:00,12277.0
2005-06-11 06:00:00,13111.0
2005-06-11 07:00:00,14651.0
2005-06-11 08:00:00,16411.0
2005-06-11 09:00:00,17896.0
2005-06-11 10:00:00,19060.0
2005-06-11 11:00:00,19800.0
2005-06-11 12:00:00,20284.0
2005-06-11 13:00:00,20509.0
2005-06-11 14:00:00,20565.0
2005-06-11 15:00:00,20473.0
2005-06-11 16:00:00,20353.0
2005-06-11 17:00:00,20178.0
2005-06-11 18:00:00,19755.0
2005-06-11 19:00:00,19283.0
2005-06-11 20:00:00,19324.0
2005-06-11 21:00:00,19017.0
2005-06-11 22:00:00,17622.0
2005-06-11 23:00:00,15921.0
2005-06-12 00:00:00,14548.0
2005-06-12 01:00:00,13600.0
2005-06-12 02:00:00,13003.0
2005-06-12 03:00:00,12614.0
2005-06-12 04:00:00,12422.0
2005-06-12 05:00:00,12264.0
2005-06-12 06:00:00,12734.0
2005-06-12 07:00:00,13882.0
2005-06-12 08:00:00,15551.0
2005-06-12 09:00:00,17125.0
2005-06-12 10:00:00,18444.0
2005-06-12 11:00:00,19330.0
2005-06-12 12:00:00,19896.0
2005-06-12 13:00:00,20157.0
2005-06-12 14:00:00,20257.0
2005-06-12 15:00:00,20367.0
2005-06-12 16:00:00,20406.0
2005-06-12 17:00:00,20293.0
2005-06-12 18:00:00,20090.0
2005-06-12 19:00:00,19971.0
2005-06-12 20:00:00,20234.0
2005-06-12 21:00:00,19606.0
2005-06-12 22:00:00,17813.0
2005-06-12 23:00:00,15970.0
2005-06-13 00:00:00,14732.0
2005-06-13 01:00:00,14038.0
2005-06-13 02:00:00,13640.0
2005-06-13 03:00:00,13447.0
2005-06-13 04:00:00,13650.0
2005-06-13 05:00:00,14510.0
2005-06-13 06:00:00,16705.0
2005-06-13 07:00:00,18883.0
2005-06-13 08:00:00,20272.0
2005-06-13 09:00:00,21299.0
2005-06-13 10:00:00,22277.0
2005-06-13 11:00:00,23106.0
2005-06-13 12:00:00,23626.0
2005-06-13 13:00:00,24079.0
2005-06-13 14:00:00,24370.0
2005-06-13 15:00:00,24617.0
2005-06-13 16:00:00,24678.0
2005-06-13 17:00:00,24264.0
2005-06-13 18:00:00,23828.0
2005-06-13 19:00:00,23327.0
2005-06-13 20:00:00,23238.0
2005-06-13 21:00:00,22414.0
2005-06-13 22:00:00,20022.0
2005-06-13 23:00:00,17779.0
2005-06-14 00:00:00,16232.0
2005-06-14 01:00:00,15349.0
2005-06-14 02:00:00,14806.0
2005-06-14 03:00:00,14521.0
2005-06-14 04:00:00,14606.0
2005-06-14 05:00:00,15351.0
2005-06-14 06:00:00,17430.0
2005-06-14 07:00:00,19453.0
2005-06-14 08:00:00,20668.0
2005-06-14 09:00:00,21510.0
2005-06-14 10:00:00,22089.0
2005-06-14 11:00:00,22400.0
2005-06-14 12:00:00,22296.0
2005-06-14 13:00:00,22212.0
2005-06-14 14:00:00,21820.0
2005-06-14 15:00:00,21389.0
2005-06-14 16:00:00,21038.0
2005-06-14 17:00:00,20517.0
2005-06-14 18:00:00,19834.0
2005-06-14 19:00:00,19264.0
2005-06-14 20:00:00,19030.0
2005-06-14 21:00:00,18212.0
2005-06-14 22:00:00,16204.0
2005-06-14 23:00:00,14301.0
2005-06-15 00:00:00,12980.0
2005-06-15 01:00:00,12217.0
2005-06-15 02:00:00,11765.0
2005-06-15 03:00:00,11529.0
2005-06-15 04:00:00,11614.0
2005-06-15 05:00:00,12319.0
2005-06-15 06:00:00,14076.0
2005-06-15 07:00:00,15601.0
2005-06-15 08:00:00,16210.0
2005-06-15 09:00:00,16511.0
2005-06-15 10:00:00,16715.0
2005-06-15 11:00:00,16749.0
2005-06-15 12:00:00,16626.0
2005-06-15 13:00:00,16584.0
2005-06-15 14:00:00,16393.0
2005-06-15 15:00:00,16252.0
2005-06-15 16:00:00,16281.0
2005-06-15 17:00:00,16234.0
2005-06-15 18:00:00,16066.0
2005-06-15 19:00:00,15953.0
2005-06-15 20:00:00,16022.0
2005-06-15 21:00:00,15329.0
2005-06-15 22:00:00,13748.0
2005-06-15 23:00:00,12243.0
2005-06-16 00:00:00,11183.0
2005-06-16 01:00:00,10687.0
2005-06-16 02:00:00,10400.0
2005-06-16 03:00:00,10316.0
2005-06-16 04:00:00,10550.0
2005-06-16 05:00:00,11381.0
2005-06-16 06:00:00,13275.0
2005-06-16 07:00:00,14990.0
2005-06-16 08:00:00,15694.0
2005-06-16 09:00:00,16092.0
2005-06-16 10:00:00,16356.0
2005-06-16 11:00:00,16478.0
2005-06-16 12:00:00,16394.0
2005-06-16 13:00:00,16428.0
2005-06-16 14:00:00,16325.0
2005-06-16 15:00:00,16225.0
2005-06-16 16:00:00,16183.0
2005-06-16 17:00:00,16103.0
2005-06-16 18:00:00,15963.0
2005-06-16 19:00:00,15935.0
2005-06-16 20:00:00,16036.0
2005-06-16 21:00:00,15332.0
2005-06-16 22:00:00,13742.0
2005-06-16 23:00:00,12291.0
2005-06-17 00:00:00,11257.0
2005-06-17 01:00:00,10685.0
2005-06-17 02:00:00,10388.0
2005-06-17 03:00:00,10269.0
2005-06-17 04:00:00,10506.0
2005-06-17 05:00:00,11247.0
2005-06-17 06:00:00,13064.0
2005-06-17 07:00:00,14772.0
2005-06-17 08:00:00,15651.0
2005-06-17 09:00:00,16190.0
2005-06-17 10:00:00,16571.0
2005-06-17 11:00:00,16745.0
2005-06-17 12:00:00,16748.0
2005-06-17 13:00:00,16857.0
2005-06-17 14:00:00,16744.0
2005-06-17 15:00:00,16566.0
2005-06-17 16:00:00,16388.0
2005-06-17 17:00:00,16050.0
2005-06-17 18:00:00,15610.0
2005-06-17 19:00:00,15353.0
2005-06-17 20:00:00,15493.0
2005-06-17 21:00:00,15138.0
2005-06-17 22:00:00,13864.0
2005-06-17 23:00:00,12405.0
2005-06-18 00:00:00,11254.0
2005-06-18 01:00:00,10691.0
2005-06-18 02:00:00,10305.0
2005-06-18 03:00:00,10139.0
2005-06-18 04:00:00,10130.0
2005-06-18 05:00:00,10313.0
2005-06-18 06:00:00,10946.0
2005-06-18 07:00:00,12125.0
2005-06-18 08:00:00,13491.0
2005-06-18 09:00:00,14403.0
2005-06-18 10:00:00,14809.0
2005-06-18 11:00:00,14875.0
2005-06-18 12:00:00,14721.0
2005-06-18 13:00:00,14531.0
2005-06-18 14:00:00,14335.0
2005-06-18 15:00:00,14232.0
2005-06-18 16:00:00,14199.0
2005-06-18 17:00:00,14234.0
2005-06-18 18:00:00,14128.0
2005-06-18 19:00:00,14076.0
2005-06-18 20:00:00,14325.0
2005-06-18 21:00:00,14201.0
2005-06-18 22:00:00,13217.0
2005-06-18 23:00:00,12016.0
2005-06-19 00:00:00,10944.0
2005-06-19 01:00:00,10337.0
2005-06-19 02:00:00,9981.0
2005-06-19 03:00:00,9781.0
2005-06-19 04:00:00,9723.0
2005-06-19 05:00:00,9648.0
2005-06-19 06:00:00,10086.0
2005-06-19 07:00:00,11059.0
2005-06-19 08:00:00,12239.0
2005-06-19 09:00:00,13120.0
2005-06-19 10:00:00,13611.0
2005-06-19 11:00:00,13828.0
2005-06-19 12:00:00,13807.0
2005-06-19 13:00:00,13653.0
2005-06-19 14:00:00,13470.0
2005-06-19 15:00:00,13391.0
2005-06-19 16:00:00,13497.0
2005-06-19 17:00:00,13627.0
2005-06-19 18:00:00,13643.0
2005-06-19 19:00:00,13740.0
2005-06-19 20:00:00,14220.0
2005-06-19 21:00:00,14220.0
2005-06-19 22:00:00,12990.0
2005-06-19 23:00:00,11602.0
2005-06-20 00:00:00,10616.0
2005-06-20 01:00:00,10143.0
2005-06-20 02:00:00,9895.0
2005-06-20 03:00:00,9834.0
2005-06-20 04:00:00,10104.0
2005-06-20 05:00:00,10864.0
2005-06-20 06:00:00,12752.0
2005-06-20 07:00:00,14607.0
2005-06-20 08:00:00,15683.0
2005-06-20 09:00:00,16394.0
2005-06-20 10:00:00,16952.0
2005-06-20 11:00:00,17252.0
2005-06-20 12:00:00,17367.0
2005-06-20 13:00:00,17527.0
2005-06-20 14:00:00,17572.0
2005-06-20 15:00:00,17600.0
2005-06-20 16:00:00,17630.0
2005-06-20 17:00:00,17440.0
2005-06-20 18:00:00,17017.0
2005-06-20 19:00:00,16590.0
2005-06-20 20:00:00,16555.0
2005-06-20 21:00:00,16187.0
2005-06-20 22:00:00,14439.0
2005-06-20 23:00:00,12737.0
2005-06-21 00:00:00,11553.0
2005-06-21 01:00:00,10930.0
2005-06-21 02:00:00,10582.0
2005-06-21 03:00:00,10454.0
2005-06-21 04:00:00,10634.0
2005-06-21 05:00:00,11314.0
2005-06-21 06:00:00,13224.0
2005-06-21 07:00:00,15110.0
2005-06-21 08:00:00,16244.0
2005-06-21 09:00:00,17065.0
2005-06-21 10:00:00,17733.0
2005-06-21 11:00:00,18184.0
2005-06-21 12:00:00,18456.0
2005-06-21 13:00:00,18817.0
2005-06-21 14:00:00,19026.0
2005-06-21 15:00:00,19198.0
2005-06-21 16:00:00,19327.0
2005-06-21 17:00:00,19146.0
2005-06-21 18:00:00,18650.0
2005-06-21 19:00:00,18137.0
2005-06-21 20:00:00,18127.0
2005-06-21 21:00:00,17737.0
2005-06-21 22:00:00,15892.0
2005-06-21 23:00:00,14031.0
2005-06-22 00:00:00,12711.0
2005-06-22 01:00:00,11961.0
2005-06-22 02:00:00,11520.0
2005-06-22 03:00:00,11325.0
2005-06-22 04:00:00,11477.0
2005-06-22 05:00:00,12173.0
2005-06-22 06:00:00,13993.0
2005-06-22 07:00:00,15885.0
2005-06-22 08:00:00,16970.0
2005-06-22 09:00:00,17512.0
2005-06-22 10:00:00,17854.0
2005-06-22 11:00:00,17986.0
2005-06-22 12:00:00,18007.0
2005-06-22 13:00:00,18141.0
2005-06-22 14:00:00,18137.0
2005-06-22 15:00:00,18021.0
2005-06-22 16:00:00,17963.0
2005-06-22 17:00:00,17697.0
2005-06-22 18:00:00,17233.0
2005-06-22 19:00:00,16844.0
2005-06-22 20:00:00,16816.0
2005-06-22 21:00:00,16438.0
2005-06-22 22:00:00,14774.0
2005-06-22 23:00:00,13006.0
2005-06-23 00:00:00,11746.0
2005-06-23 01:00:00,11056.0
2005-06-23 02:00:00,10634.0
2005-06-23 03:00:00,10489.0
2005-06-23 04:00:00,10635.0
2005-06-23 05:00:00,11285.0
2005-06-23 06:00:00,12993.0
2005-06-23 07:00:00,14762.0
2005-06-23 08:00:00,15846.0
2005-06-23 09:00:00,16523.0
2005-06-23 10:00:00,17017.0
2005-06-23 11:00:00,17286.0
2005-06-23 12:00:00,17378.0
2005-06-23 13:00:00,17575.0
2005-06-23 14:00:00,17691.0
2005-06-23 15:00:00,17733.0
2005-06-23 16:00:00,17709.0
2005-06-23 17:00:00,17465.0
2005-06-23 18:00:00,17001.0
2005-06-23 19:00:00,16581.0
2005-06-23 20:00:00,16650.0
2005-06-23 21:00:00,16374.0
2005-06-23 22:00:00,14757.0
2005-06-23 23:00:00,13134.0
2005-06-24 00:00:00,11937.0
2005-06-24 01:00:00,11229.0
2005-06-24 02:00:00,10829.0
2005-06-24 03:00:00,10694.0
2005-06-24 04:00:00,10874.0
2005-06-24 05:00:00,11471.0
2005-06-24 06:00:00,13206.0
2005-06-24 07:00:00,15121.0
2005-06-24 08:00:00,16540.0
2005-06-24 09:00:00,17508.0
2005-06-24 10:00:00,18267.0
2005-06-24 11:00:00,18809.0
2005-06-24 12:00:00,19127.0
2005-06-24 13:00:00,19548.0
2005-06-24 14:00:00,19798.0
2005-06-24 15:00:00,19882.0
2005-06-24 16:00:00,19899.0
2005-06-24 17:00:00,19655.0
2005-06-24 18:00:00,19115.0
2005-06-24 19:00:00,18498.0
2005-06-24 20:00:00,18343.0
2005-06-24 21:00:00,18072.0
2005-06-24 22:00:00,16572.0
2005-06-24 23:00:00,14794.0
2005-06-25 00:00:00,13415.0
2005-06-25 01:00:00,12561.0
2005-06-25 02:00:00,12014.0
2005-06-25 03:00:00,11713.0
2005-06-25 04:00:00,11621.0
2005-06-25 05:00:00,11679.0
2005-06-25 06:00:00,12534.0
2005-06-25 07:00:00,14143.0
2005-06-25 08:00:00,16006.0
2005-06-25 09:00:00,17644.0
2005-06-25 10:00:00,18891.0
2005-06-25 11:00:00,19787.0
2005-06-25 12:00:00,20403.0
2005-06-25 13:00:00,20841.0
2005-06-25 14:00:00,21154.0
2005-06-25 15:00:00,21367.0
2005-06-25 16:00:00,21493.0
2005-06-25 17:00:00,21392.0
2005-06-25 18:00:00,20937.0
2005-06-25 19:00:00,20279.0
2005-06-25 20:00:00,20033.0
2005-06-25 21:00:00,19707.0
2005-06-25 22:00:00,18205.0
2005-06-25 23:00:00,16436.0
2005-06-26 00:00:00,15005.0
2005-06-26 01:00:00,13985.0
2005-06-26 02:00:00,13361.0
2005-06-26 03:00:00,12925.0
2005-06-26 04:00:00,12692.0
2005-06-26 05:00:00,12481.0
2005-06-26 06:00:00,13021.0
2005-06-26 07:00:00,14367.0
2005-06-26 08:00:00,16193.0
2005-06-26 09:00:00,18004.0
2005-06-26 10:00:00,19545.0
2005-06-26 11:00:00,20771.0
2005-06-26 12:00:00,21506.0
2005-06-26 13:00:00,21833.0
2005-06-26 14:00:00,21938.0
2005-06-26 15:00:00,21940.0
2005-06-26 16:00:00,21930.0
2005-06-26 17:00:00,21779.0
2005-06-26 18:00:00,21207.0
2005-06-26 19:00:00,20693.0
2005-06-26 20:00:00,20628.0
2005-06-26 21:00:00,20219.0
2005-06-26 22:00:00,18443.0
2005-06-26 23:00:00,16541.0
2005-06-27 00:00:00,15139.0
2005-06-27 01:00:00,14282.0
2005-06-27 02:00:00,13779.0
2005-06-27 03:00:00,13500.0
2005-06-27 04:00:00,13597.0
2005-06-27 05:00:00,14293.0
2005-06-27 06:00:00,16100.0
2005-06-27 07:00:00,18158.0
2005-06-27 08:00:00,19693.0
2005-06-27 09:00:00,20980.0
2005-06-27 10:00:00,22151.0
2005-06-27 11:00:00,22971.0
2005-06-27 12:00:00,23459.0
2005-06-27 13:00:00,23845.0
2005-06-27 14:00:00,23935.0
2005-06-27 15:00:00,23843.0
2005-06-27 16:00:00,23656.0
2005-06-27 17:00:00,23203.0
2005-06-27 18:00:00,22551.0
2005-06-27 19:00:00,21894.0
2005-06-27 20:00:00,21661.0
2005-06-27 21:00:00,21000.0
2005-06-27 22:00:00,18970.0
2005-06-27 23:00:00,16895.0
2005-06-28 00:00:00,15495.0
2005-06-28 01:00:00,14666.0
2005-06-28 02:00:00,14204.0
2005-06-28 03:00:00,13972.0
2005-06-28 04:00:00,14107.0
2005-06-28 05:00:00,14810.0
2005-06-28 06:00:00,16569.0
2005-06-28 07:00:00,18428.0
2005-06-28 08:00:00,19579.0
2005-06-28 09:00:00,20381.0
2005-06-28 10:00:00,21031.0
2005-06-28 11:00:00,21365.0
2005-06-28 12:00:00,21538.0
2005-06-28 13:00:00,21695.0
2005-06-28 14:00:00,21635.0
2005-06-28 15:00:00,21483.0
2005-06-28 16:00:00,21382.0
2005-06-28 17:00:00,21194.0
2005-06-28 18:00:00,20844.0
2005-06-28 19:00:00,20502.0
2005-06-28 20:00:00,20425.0
2005-06-28 21:00:00,19867.0
2005-06-28 22:00:00,18108.0
2005-06-28 23:00:00,16253.0
2005-06-29 00:00:00,14918.0
2005-06-29 01:00:00,14118.0
2005-06-29 02:00:00,13696.0
2005-06-29 03:00:00,13479.0
2005-06-29 04:00:00,13634.0
2005-06-29 05:00:00,14406.0
2005-06-29 06:00:00,16227.0
2005-06-29 07:00:00,18294.0
2005-06-29 08:00:00,19899.0
2005-06-29 09:00:00,21159.0
2005-06-29 10:00:00,22052.0
2005-06-29 11:00:00,22515.0
2005-06-29 12:00:00,22919.0
2005-06-29 13:00:00,23078.0
2005-06-29 14:00:00,22586.0
2005-06-29 15:00:00,21805.0
2005-06-29 16:00:00,21185.0
2005-06-29 17:00:00,20755.0
2005-06-29 18:00:00,20254.0
2005-06-29 19:00:00,19879.0
2005-06-29 20:00:00,19836.0
2005-06-29 21:00:00,19254.0
2005-06-29 22:00:00,17550.0
2005-06-29 23:00:00,15767.0
2005-06-30 00:00:00,14490.0
2005-06-30 01:00:00,13721.0
2005-06-30 02:00:00,13274.0
2005-06-30 03:00:00,13076.0
2005-06-30 04:00:00,13221.0
2005-06-30 05:00:00,14037.0
2005-06-30 06:00:00,15700.0
2005-06-30 07:00:00,17539.0
2005-06-30 08:00:00,18732.0
2005-06-30 09:00:00,19539.0
2005-06-30 10:00:00,20204.0
2005-06-30 11:00:00,20590.0
2005-06-30 12:00:00,20844.0
2005-06-30 13:00:00,21182.0
2005-06-30 14:00:00,21326.0
2005-06-30 15:00:00,21259.0
2005-06-30 16:00:00,21126.0
2005-06-30 17:00:00,20716.0
2005-06-30 18:00:00,20128.0
2005-06-30 19:00:00,19667.0
2005-06-30 20:00:00,19515.0
2005-06-30 21:00:00,18821.0
2005-06-30 22:00:00,17024.0
2005-06-30 23:00:00,15123.0
2005-07-01 00:00:00,13749.0
2005-07-01 01:00:00,12959.0
2005-07-01 02:00:00,12475.0
2005-07-01 03:00:00,12248.0
2005-07-01 04:00:00,12375.0
2005-07-01 05:00:00,12992.0
2005-07-01 06:00:00,14490.0
2005-07-01 07:00:00,16226.0
2005-07-01 08:00:00,17400.0
2005-07-01 09:00:00,18211.0
2005-07-01 10:00:00,18824.0
2005-07-01 11:00:00,19175.0
2005-07-01 12:00:00,19337.0
2005-07-01 13:00:00,19523.0
2005-07-01 14:00:00,19582.0
2005-07-01 15:00:00,19588.0
2005-07-01 16:00:00,19573.0
2005-07-01 17:00:00,19377.0
2005-07-01 18:00:00,18926.0
2005-07-01 19:00:00,18443.0
2005-07-01 20:00:00,18306.0
2005-07-01 21:00:00,17782.0
2005-07-01 22:00:00,16417.0
2005-07-01 23:00:00,14827.0
2005-07-02 00:00:00,13598.0
2005-07-02 01:00:00,12826.0
2005-07-02 02:00:00,12309.0
2005-07-02 03:00:00,12033.0
2005-07-02 04:00:00,11913.0
2005-07-02 05:00:00,11915.0
2005-07-02 06:00:00,12512.0
2005-07-02 07:00:00,13802.0
2005-07-02 08:00:00,15231.0
2005-07-02 09:00:00,16258.0
2005-07-02 10:00:00,16855.0
2005-07-02 11:00:00,17084.0
2005-07-02 12:00:00,17107.0
2005-07-02 13:00:00,17031.0
2005-07-02 14:00:00,16994.0
2005-07-02 15:00:00,16984.0
2005-07-02 16:00:00,17068.0
2005-07-02 17:00:00,17099.0
2005-07-02 18:00:00,16825.0
2005-07-02 19:00:00,16297.0
2005-07-02 20:00:00,16045.0
2005-07-02 21:00:00,15824.0
2005-07-02 22:00:00,14647.0
2005-07-02 23:00:00,13282.0
2005-07-03 00:00:00,12043.0
2005-07-03 01:00:00,11211.0
2005-07-03 02:00:00,10705.0
2005-07-03 03:00:00,10390.0
2005-07-03 04:00:00,10258.0
2005-07-03 05:00:00,10074.0
2005-07-03 06:00:00,10506.0
2005-07-03 07:00:00,11503.0
2005-07-03 08:00:00,12812.0
2005-07-03 09:00:00,13906.0
2005-07-03 10:00:00,14621.0
2005-07-03 11:00:00,15044.0
2005-07-03 12:00:00,15220.0
2005-07-03 13:00:00,15239.0
2005-07-03 14:00:00,15218.0
2005-07-03 15:00:00,15285.0
2005-07-03 16:00:00,15388.0
2005-07-03 17:00:00,15373.0
2005-07-03 18:00:00,15082.0
2005-07-03 19:00:00,14593.0
2005-07-03 20:00:00,14556.0
2005-07-03 21:00:00,14401.0
2005-07-03 22:00:00,13599.0
2005-07-03 23:00:00,12539.0
2005-07-04 00:00:00,11435.0
2005-07-04 01:00:00,10748.0
2005-07-04 02:00:00,10360.0
2005-07-04 03:00:00,10117.0
2005-07-04 04:00:00,10087.0
2005-07-04 05:00:00,10076.0
2005-07-04 06:00:00,10506.0
2005-07-04 07:00:00,11383.0
2005-07-04 08:00:00,12666.0
2005-07-04 09:00:00,13853.0
2005-07-04 10:00:00,14670.0
2005-07-04 11:00:00,15196.0
2005-07-04 12:00:00,15433.0
2005-07-04 13:00:00,15456.0
2005-07-04 14:00:00,15513.0
2005-07-04 15:00:00,15661.0
2005-07-04 16:00:00,15890.0
2005-07-04 17:00:00,16038.0
2005-07-04 18:00:00,15782.0
2005-07-04 19:00:00,15351.0
2005-07-04 20:00:00,15291.0
2005-07-04 21:00:00,15050.0
2005-07-04 22:00:00,14096.0
2005-07-04 23:00:00,12901.0
2005-07-05 00:00:00,11723.0
2005-07-05 01:00:00,11054.0
2005-07-05 02:00:00,10681.0
2005-07-05 03:00:00,10539.0
2005-07-05 04:00:00,10688.0
2005-07-05 05:00:00,11247.0
2005-07-05 06:00:00,12762.0
2005-07-05 07:00:00,14677.0
2005-07-05 08:00:00,16158.0
2005-07-05 09:00:00,17341.0
2005-07-05 10:00:00,18333.0
2005-07-05 11:00:00,19188.0
2005-07-05 12:00:00,19816.0
2005-07-05 13:00:00,20424.0
2005-07-05 14:00:00,20762.0
2005-07-05 15:00:00,20981.0
2005-07-05 16:00:00,21100.0
2005-07-05 17:00:00,20937.0
2005-07-05 18:00:00,20427.0
2005-07-05 19:00:00,19894.0
2005-07-05 20:00:00,19841.0
2005-07-05 21:00:00,19193.0
2005-07-05 22:00:00,17379.0
2005-07-05 23:00:00,15523.0
2005-07-06 00:00:00,14162.0
2005-07-06 01:00:00,13399.0
2005-07-06 02:00:00,12930.0
2005-07-06 03:00:00,12727.0
2005-07-06 04:00:00,12877.0
2005-07-06 05:00:00,13626.0
2005-07-06 06:00:00,15100.0
2005-07-06 07:00:00,16801.0
2005-07-06 08:00:00,17939.0
2005-07-06 09:00:00,18741.0
2005-07-06 10:00:00,19347.0
2005-07-06 11:00:00,19652.0
2005-07-06 12:00:00,19701.0
2005-07-06 13:00:00,19762.0
2005-07-06 14:00:00,19521.0
2005-07-06 15:00:00,19165.0
2005-07-06 16:00:00,18975.0
2005-07-06 17:00:00,18795.0
2005-07-06 18:00:00,18435.0
2005-07-06 19:00:00,17975.0
2005-07-06 20:00:00,17764.0
2005-07-06 21:00:00,16962.0
2005-07-06 22:00:00,15339.0
2005-07-06 23:00:00,13585.0
2005-07-07 00:00:00,12401.0
2005-07-07 01:00:00,11683.0
2005-07-07 02:00:00,11277.0
2005-07-07 03:00:00,11117.0
2005-07-07 04:00:00,11245.0
2005-07-07 05:00:00,11934.0
2005-07-07 06:00:00,13342.0
2005-07-07 07:00:00,14886.0
2005-07-07 08:00:00,15843.0
2005-07-07 09:00:00,16494.0
2005-07-07 10:00:00,16906.0
2005-07-07 11:00:00,17075.0
2005-07-07 12:00:00,17043.0
2005-07-07 13:00:00,17067.0
2005-07-07 14:00:00,16999.0
2005-07-07 15:00:00,16842.0
2005-07-07 16:00:00,16754.0
2005-07-07 17:00:00,16587.0
2005-07-07 18:00:00,16341.0
2005-07-07 19:00:00,16122.0
2005-07-07 20:00:00,16247.0
2005-07-07 21:00:00,15841.0
2005-07-07 22:00:00,14398.0
2005-07-07 23:00:00,12870.0
2005-07-08 00:00:00,11761.0
2005-07-08 01:00:00,11131.0
2005-07-08 02:00:00,10792.0
2005-07-08 03:00:00,10657.0
2005-07-08 04:00:00,10833.0
2005-07-08 05:00:00,11488.0
2005-07-08 06:00:00,12933.0
2005-07-08 07:00:00,14551.0
2005-07-08 08:00:00,15645.0
2005-07-08 09:00:00,16349.0
2005-07-08 10:00:00,16792.0
2005-07-08 11:00:00,16966.0
2005-07-08 12:00:00,16873.0
2005-07-08 13:00:00,16738.0
2005-07-08 14:00:00,16503.0
2005-07-08 15:00:00,16211.0
2005-07-08 16:00:00,16107.0
2005-07-08 17:00:00,16005.0
2005-07-08 18:00:00,15781.0
2005-07-08 19:00:00,15506.0
2005-07-08 20:00:00,15374.0
2005-07-08 21:00:00,14752.0
2005-07-08 22:00:00,13557.0
2005-07-08 23:00:00,12227.0
2005-07-09 00:00:00,11212.0
2005-07-09 01:00:00,10611.0
2005-07-09 02:00:00,10263.0
2005-07-09 03:00:00,10070.0
2005-07-09 04:00:00,10093.0
2005-07-09 05:00:00,10291.0
2005-07-09 06:00:00,10828.0
2005-07-09 07:00:00,11871.0
2005-07-09 08:00:00,13145.0
2005-07-09 09:00:00,14230.0
2005-07-09 10:00:00,14915.0
2005-07-09 11:00:00,15223.0
2005-07-09 12:00:00,15281.0
2005-07-09 13:00:00,15224.0
2005-07-09 14:00:00,15187.0
2005-07-09 15:00:00,15234.0
2005-07-09 16:00:00,15372.0
2005-07-09 17:00:00,15483.0
2005-07-09 18:00:00,15357.0
2005-07-09 19:00:00,15095.0
2005-07-09 20:00:00,15182.0
2005-07-09 21:00:00,14989.0
2005-07-09 22:00:00,13953.0
2005-07-09 23:00:00,12677.0
2005-07-10 00:00:00,11690.0
2005-07-10 01:00:00,10991.0
2005-07-10 02:00:00,10595.0
2005-07-10 03:00:00,10347.0
2005-07-10 04:00:00,10273.0
2005-07-10 05:00:00,10216.0
2005-07-10 06:00:00,10639.0
2005-07-10 07:00:00,11666.0
2005-07-10 08:00:00,12956.0
2005-07-10 09:00:00,14136.0
2005-07-10 10:00:00,15094.0
2005-07-10 11:00:00,15855.0
2005-07-10 12:00:00,16373.0
2005-07-10 13:00:00,16773.0
2005-07-10 14:00:00,17083.0
2005-07-10 15:00:00,17528.0
2005-07-10 16:00:00,18045.0
2005-07-10 17:00:00,18418.0
2005-07-10 18:00:00,18342.0
2005-07-10 19:00:00,18059.0
2005-07-10 20:00:00,18194.0
2005-07-10 21:00:00,18066.0
2005-07-10 22:00:00,16620.0
2005-07-10 23:00:00,14961.0
2005-07-11 00:00:00,13707.0
2005-07-11 01:00:00,12934.0
2005-07-11 02:00:00,12506.0
2005-07-11 03:00:00,12268.0
2005-07-11 04:00:00,12428.0
2005-07-11 05:00:00,13138.0
2005-07-11 06:00:00,14804.0
2005-07-11 07:00:00,16917.0
2005-07-11 08:00:00,18561.0
2005-07-11 09:00:00,19922.0
2005-07-11 10:00:00,21130.0
2005-07-11 11:00:00,22024.0
2005-07-11 12:00:00,22609.0
2005-07-11 13:00:00,23177.0
2005-07-11 14:00:00,23463.0
2005-07-11 15:00:00,23620.0
2005-07-11 16:00:00,23739.0
2005-07-11 17:00:00,23579.0
2005-07-11 18:00:00,23028.0
2005-07-11 19:00:00,22301.0
2005-07-11 20:00:00,21970.0
2005-07-11 21:00:00,21229.0
2005-07-11 22:00:00,18997.0
2005-07-11 23:00:00,16714.0
2005-07-12 00:00:00,15032.0
2005-07-12 01:00:00,14027.0
2005-07-12 02:00:00,13343.0
2005-07-12 03:00:00,13006.0
2005-07-12 04:00:00,13001.0
2005-07-12 05:00:00,13469.0
2005-07-12 06:00:00,14988.0
2005-07-12 07:00:00,16891.0
2005-07-12 08:00:00,18135.0
2005-07-12 09:00:00,19069.0
2005-07-12 10:00:00,19877.0
2005-07-12 11:00:00,20409.0
2005-07-12 12:00:00,20725.0
2005-07-12 13:00:00,21079.0
2005-07-12 14:00:00,21224.0
2005-07-12 15:00:00,21236.0
2005-07-12 16:00:00,21184.0
2005-07-12 17:00:00,20717.0
2005-07-12 18:00:00,19885.0
2005-07-12 19:00:00,19112.0
2005-07-12 20:00:00,18883.0
2005-07-12 21:00:00,18210.0
2005-07-12 22:00:00,16399.0
2005-07-12 23:00:00,14605.0
2005-07-13 00:00:00,13257.0
2005-07-13 01:00:00,12513.0
2005-07-13 02:00:00,12076.0
2005-07-13 03:00:00,11884.0
2005-07-13 04:00:00,12021.0
2005-07-13 05:00:00,12676.0
2005-07-13 06:00:00,14188.0
2005-07-13 07:00:00,15972.0
2005-07-13 08:00:00,17140.0
2005-07-13 09:00:00,17976.0
2005-07-13 10:00:00,18684.0
2005-07-13 11:00:00,19044.0
2005-07-13 12:00:00,19180.0
2005-07-13 13:00:00,19375.0
2005-07-13 14:00:00,19427.0
2005-07-13 15:00:00,19410.0
2005-07-13 16:00:00,19437.0
2005-07-13 17:00:00,19243.0
2005-07-13 18:00:00,18761.0
2005-07-13 19:00:00,18355.0
2005-07-13 20:00:00,18456.0
2005-07-13 21:00:00,18038.0
2005-07-13 22:00:00,16430.0
2005-07-13 23:00:00,14754.0
2005-07-14 00:00:00,13480.0
2005-07-14 01:00:00,12786.0
2005-07-14 02:00:00,12396.0
2005-07-14 03:00:00,12208.0
2005-07-14 04:00:00,12390.0
2005-07-14 05:00:00,13213.0
2005-07-14 06:00:00,14848.0
2005-07-14 07:00:00,16776.0
2005-07-14 08:00:00,18087.0
2005-07-14 09:00:00,19075.0
2005-07-14 10:00:00,19989.0
2005-07-14 11:00:00,20665.0
2005-07-14 12:00:00,21123.0
2005-07-14 13:00:00,21621.0
2005-07-14 14:00:00,21998.0
2005-07-14 15:00:00,22156.0
2005-07-14 16:00:00,22189.0
2005-07-14 17:00:00,22048.0
2005-07-14 18:00:00,21629.0
2005-07-14 19:00:00,21056.0
2005-07-14 20:00:00,20986.0
2005-07-14 21:00:00,20429.0
2005-07-14 22:00:00,18572.0
2005-07-14 23:00:00,16645.0
2005-07-15 00:00:00,15164.0
2005-07-15 01:00:00,14287.0
2005-07-15 02:00:00,13762.0
2005-07-15 03:00:00,13450.0
2005-07-15 04:00:00,13590.0
2005-07-15 05:00:00,14237.0
2005-07-15 06:00:00,15829.0
2005-07-15 07:00:00,17778.0
2005-07-15 08:00:00,19277.0
2005-07-15 09:00:00,20465.0
2005-07-15 10:00:00,21465.0
2005-07-15 11:00:00,22227.0
2005-07-15 12:00:00,22608.0
2005-07-15 13:00:00,23006.0
2005-07-15 14:00:00,23111.0
2005-07-15 15:00:00,23067.0
2005-07-15 16:00:00,22904.0
2005-07-15 17:00:00,22403.0
2005-07-15 18:00:00,21517.0
2005-07-15 19:00:00,20688.0
2005-07-15 20:00:00,20411.0
2005-07-15 21:00:00,19871.0
2005-07-15 22:00:00,18212.0
2005-07-15 23:00:00,16356.0
2005-07-16 00:00:00,14931.0
2005-07-16 01:00:00,14031.0
2005-07-16 02:00:00,13428.0
2005-07-16 03:00:00,13062.0
2005-07-16 04:00:00,12966.0
2005-07-16 05:00:00,13050.0
2005-07-16 06:00:00,13707.0
2005-07-16 07:00:00,14958.0
2005-07-16 08:00:00,16508.0
2005-07-16 09:00:00,17888.0
2005-07-16 10:00:00,18874.0
2005-07-16 11:00:00,19563.0
2005-07-16 12:00:00,19944.0
2005-07-16 13:00:00,20129.0
2005-07-16 14:00:00,20191.0
2005-07-16 15:00:00,20247.0
2005-07-16 16:00:00,20304.0
2005-07-16 17:00:00,20150.0
2005-07-16 18:00:00,19686.0
2005-07-16 19:00:00,19134.0
2005-07-16 20:00:00,19134.0
2005-07-16 21:00:00,18843.0
2005-07-16 22:00:00,17487.0
2005-07-16 23:00:00,15982.0
2005-07-17 00:00:00,14730.0
2005-07-17 01:00:00,13879.0
2005-07-17 02:00:00,13369.0
2005-07-17 03:00:00,13033.0
2005-07-17 04:00:00,12850.0
2005-07-17 05:00:00,12847.0
2005-07-17 06:00:00,13162.0
2005-07-17 07:00:00,14040.0
2005-07-17 08:00:00,15280.0
2005-07-17 09:00:00,16468.0
2005-07-17 10:00:00,17452.0
2005-07-17 11:00:00,18183.0
2005-07-17 12:00:00,18650.0
2005-07-17 13:00:00,18854.0
2005-07-17 14:00:00,18972.0
2005-07-17 15:00:00,19089.0
2005-07-17 16:00:00,19272.0
2005-07-17 17:00:00,19445.0
2005-07-17 18:00:00,19397.0
2005-07-17 19:00:00,19254.0
2005-07-17 20:00:00,19509.0
2005-07-17 21:00:00,19275.0
2005-07-17 22:00:00,17808.0
2005-07-17 23:00:00,16258.0
2005-07-18 00:00:00,15066.0
2005-07-18 01:00:00,14427.0
2005-07-18 02:00:00,14031.0
2005-07-18 03:00:00,13906.0
2005-07-18 04:00:00,14145.0
2005-07-18 05:00:00,15010.0
2005-07-18 06:00:00,16690.0
2005-07-18 07:00:00,18743.0
2005-07-18 08:00:00,20119.0
2005-07-18 09:00:00,21028.0
2005-07-18 10:00:00,21790.0
2005-07-18 11:00:00,22402.0
2005-07-18 12:00:00,22866.0
2005-07-18 13:00:00,23459.0
2005-07-18 14:00:00,23773.0
2005-07-18 15:00:00,23729.0
2005-07-18 16:00:00,23650.0
2005-07-18 17:00:00,23376.0
2005-07-18 18:00:00,22928.0
2005-07-18 19:00:00,22595.0
2005-07-18 20:00:00,22534.0
2005-07-18 21:00:00,21647.0
2005-07-18 22:00:00,19661.0
2005-07-18 23:00:00,17661.0
2005-07-19 00:00:00,16249.0
2005-07-19 01:00:00,15404.0
2005-07-19 02:00:00,14885.0
2005-07-19 03:00:00,14647.0
2005-07-19 04:00:00,14798.0
2005-07-19 05:00:00,15560.0
2005-07-19 06:00:00,17275.0
2005-07-19 07:00:00,19315.0
2005-07-19 08:00:00,20843.0
2005-07-19 09:00:00,22206.0
2005-07-19 10:00:00,23575.0
2005-07-19 11:00:00,24693.0
2005-07-19 12:00:00,25429.0
2005-07-19 13:00:00,26032.0
2005-07-19 14:00:00,26229.0
2005-07-19 15:00:00,26141.0
2005-07-19 16:00:00,25782.0
2005-07-19 17:00:00,25038.0
2005-07-19 18:00:00,23965.0
2005-07-19 19:00:00,23336.0
2005-07-19 20:00:00,23252.0
2005-07-19 21:00:00,22606.0
2005-07-19 22:00:00,20540.0
2005-07-19 23:00:00,18437.0
2005-07-20 00:00:00,16839.0
2005-07-20 01:00:00,15872.0
2005-07-20 02:00:00,15195.0
2005-07-20 03:00:00,14779.0
2005-07-20 04:00:00,14716.0
2005-07-20 05:00:00,15228.0
2005-07-20 06:00:00,16785.0
2005-07-20 07:00:00,18916.0
2005-07-20 08:00:00,20522.0
2005-07-20 09:00:00,21831.0
2005-07-20 10:00:00,22940.0
2005-07-20 11:00:00,23652.0
2005-07-20 12:00:00,23952.0
2005-07-20 13:00:00,24286.0
2005-07-20 14:00:00,24426.0
2005-07-20 15:00:00,24502.0
2005-07-20 16:00:00,24539.0
2005-07-20 17:00:00,24287.0
2005-07-20 18:00:00,23629.0
2005-07-20 19:00:00,22801.0
2005-07-20 20:00:00,22453.0
2005-07-20 21:00:00,21721.0
2005-07-20 22:00:00,19599.0
2005-07-20 23:00:00,17339.0
2005-07-21 00:00:00,15703.0
2005-07-21 01:00:00,14689.0
2005-07-21 02:00:00,14060.0
2005-07-21 03:00:00,13666.0
2005-07-21 04:00:00,13654.0
2005-07-21 05:00:00,14198.0
2005-07-21 06:00:00,15714.0
2005-07-21 07:00:00,17735.0
2005-07-21 08:00:00,19243.0
2005-07-21 09:00:00,20470.0
2005-07-21 10:00:00,21531.0
2005-07-21 11:00:00,22254.0
2005-07-21 12:00:00,22716.0
2005-07-21 13:00:00,23167.0
2005-07-21 14:00:00,23423.0
2005-07-21 15:00:00,23603.0
2005-07-21 16:00:00,23681.0
2005-07-21 17:00:00,23355.0
2005-07-21 18:00:00,22636.0
2005-07-21 19:00:00,21942.0
2005-07-21 20:00:00,21729.0
2005-07-21 21:00:00,21085.0
2005-07-21 22:00:00,19116.0
2005-07-21 23:00:00,17029.0
2005-07-22 00:00:00,15415.0
2005-07-22 01:00:00,14461.0
2005-07-22 02:00:00,13817.0
2005-07-22 03:00:00,13474.0
2005-07-22 04:00:00,13493.0
2005-07-22 05:00:00,14036.0
2005-07-22 06:00:00,15572.0
2005-07-22 07:00:00,17720.0
2005-07-22 08:00:00,19506.0
2005-07-22 09:00:00,20960.0
2005-07-22 10:00:00,22211.0
2005-07-22 11:00:00,23119.0
2005-07-22 12:00:00,23673.0
2005-07-22 13:00:00,24133.0
2005-07-22 14:00:00,24402.0
2005-07-22 15:00:00,24436.0
2005-07-22 16:00:00,24352.0
2005-07-22 17:00:00,23959.0
2005-07-22 18:00:00,23156.0
2005-07-22 19:00:00,22346.0
2005-07-22 20:00:00,22007.0
2005-07-22 21:00:00,20912.0
2005-07-22 22:00:00,18931.0
2005-07-22 23:00:00,16945.0
2005-07-23 00:00:00,15372.0
2005-07-23 01:00:00,14416.0
2005-07-23 02:00:00,13726.0
2005-07-23 03:00:00,13278.0
2005-07-23 04:00:00,13062.0
2005-07-23 05:00:00,13012.0
2005-07-23 06:00:00,13620.0
2005-07-23 07:00:00,14954.0
2005-07-23 08:00:00,16499.0
2005-07-23 09:00:00,17699.0
2005-07-23 10:00:00,18350.0
2005-07-23 11:00:00,18601.0
2005-07-23 12:00:00,18608.0
2005-07-23 13:00:00,18525.0
2005-07-23 14:00:00,18479.0
2005-07-23 15:00:00,18512.0
2005-07-23 16:00:00,18546.0
2005-07-23 17:00:00,18451.0
2005-07-23 18:00:00,18034.0
2005-07-23 19:00:00,17417.0
2005-07-23 20:00:00,17317.0
2005-07-23 21:00:00,16968.0
2005-07-23 22:00:00,15645.0
2005-07-23 23:00:00,14152.0
2005-07-24 00:00:00,12885.0
2005-07-24 01:00:00,12076.0
2005-07-24 02:00:00,11526.0
2005-07-24 03:00:00,11191.0
2005-07-24 04:00:00,11043.0
2005-07-24 05:00:00,10938.0
2005-07-24 06:00:00,11227.0
2005-07-24 07:00:00,12247.0
2005-07-24 08:00:00,13639.0
2005-07-24 09:00:00,14770.0
2005-07-24 10:00:00,15578.0
2005-07-24 11:00:00,16160.0
2005-07-24 12:00:00,16532.0
2005-07-24 13:00:00,16726.0
2005-07-24 14:00:00,16929.0
2005-07-24 15:00:00,17204.0
2005-07-24 16:00:00,17585.0
2005-07-24 17:00:00,17853.0
2005-07-24 18:00:00,17752.0
2005-07-24 19:00:00,17364.0
2005-07-24 20:00:00,17627.0
2005-07-24 21:00:00,17397.0
2005-07-24 22:00:00,15975.0
2005-07-24 23:00:00,14483.0
2005-07-25 00:00:00,13411.0
2005-07-25 01:00:00,12744.0
2005-07-25 02:00:00,12402.0
2005-07-25 03:00:00,12331.0
2005-07-25 04:00:00,12581.0
2005-07-25 05:00:00,13415.0
2005-07-25 06:00:00,15011.0
2005-07-25 07:00:00,16990.0
2005-07-25 08:00:00,18434.0
2005-07-25 09:00:00,19482.0
2005-07-25 10:00:00,20240.0
2005-07-25 11:00:00,20567.0
2005-07-25 12:00:00,20681.0
2005-07-25 13:00:00,21067.0
2005-07-25 14:00:00,21408.0
2005-07-25 15:00:00,21767.0
2005-07-25 16:00:00,22242.0
2005-07-25 17:00:00,22525.0
2005-07-25 18:00:00,22311.0
2005-07-25 19:00:00,21817.0
2005-07-25 20:00:00,21819.0
2005-07-25 21:00:00,21127.0
2005-07-25 22:00:00,19085.0
2005-07-25 23:00:00,16977.0
2005-07-26 00:00:00,15395.0
2005-07-26 01:00:00,14437.0
2005-07-26 02:00:00,13864.0
2005-07-26 03:00:00,13538.0
2005-07-26 04:00:00,13545.0
2005-07-26 05:00:00,14129.0
2005-07-26 06:00:00,15667.0
2005-07-26 07:00:00,17862.0
2005-07-26 08:00:00,19579.0
2005-07-26 09:00:00,21056.0
2005-07-26 10:00:00,22392.0
2005-07-26 11:00:00,23374.0
2005-07-26 12:00:00,23926.0
2005-07-26 13:00:00,24474.0
2005-07-26 14:00:00,24796.0
2005-07-26 15:00:00,24954.0
2005-07-26 16:00:00,25022.0
2005-07-26 17:00:00,24833.0
2005-07-26 18:00:00,24241.0
2005-07-26 19:00:00,23552.0
2005-07-26 20:00:00,23522.0
2005-07-26 21:00:00,22725.0
2005-07-26 22:00:00,20722.0
2005-07-26 23:00:00,18669.0
2005-07-27 00:00:00,17155.0
2005-07-27 01:00:00,16236.0
2005-07-27 02:00:00,15688.0
2005-07-27 03:00:00,15360.0
2005-07-27 04:00:00,15433.0
2005-07-27 05:00:00,16129.0
2005-07-27 06:00:00,17718.0
2005-07-27 07:00:00,19934.0
2005-07-27 08:00:00,21683.0
2005-07-27 09:00:00,23095.0
2005-07-27 10:00:00,24339.0
2005-07-27 11:00:00,25259.0
2005-07-27 12:00:00,25869.0
2005-07-27 13:00:00,26244.0
2005-07-27 14:00:00,26416.0
2005-07-27 15:00:00,26396.0
2005-07-27 16:00:00,26168.0
2005-07-27 17:00:00,25332.0
2005-07-27 18:00:00,24054.0
2005-07-27 19:00:00,22966.0
2005-07-27 20:00:00,22506.0
2005-07-27 21:00:00,21386.0
2005-07-27 22:00:00,19265.0
2005-07-27 23:00:00,17164.0
2005-07-28 00:00:00,15558.0
2005-07-28 01:00:00,14567.0
2005-07-28 02:00:00,13937.0
2005-07-28 03:00:00,13542.0
2005-07-28 04:00:00,13510.0
2005-07-28 05:00:00,14072.0
2005-07-28 06:00:00,15305.0
2005-07-28 07:00:00,16769.0
2005-07-28 08:00:00,17716.0
2005-07-28 09:00:00,18331.0
2005-07-28 10:00:00,18803.0
2005-07-28 11:00:00,19128.0
2005-07-28 12:00:00,19264.0
2005-07-28 13:00:00,19474.0
2005-07-28 14:00:00,19502.0
2005-07-28 15:00:00,19469.0
2005-07-28 16:00:00,19450.0
2005-07-28 17:00:00,19149.0
2005-07-28 18:00:00,18597.0
2005-07-28 19:00:00,17994.0
2005-07-28 20:00:00,18028.0
2005-07-28 21:00:00,17498.0
2005-07-28 22:00:00,15811.0
2005-07-28 23:00:00,14134.0
2005-07-29 00:00:00,12905.0
2005-07-29 01:00:00,12117.0
2005-07-29 02:00:00,11710.0
2005-07-29 03:00:00,11508.0
2005-07-29 04:00:00,11638.0
2005-07-29 05:00:00,12250.0
2005-07-29 06:00:00,13666.0
2005-07-29 07:00:00,15541.0
2005-07-29 08:00:00,16981.0
2005-07-29 09:00:00,18050.0
2005-07-29 10:00:00,18876.0
2005-07-29 11:00:00,19383.0
2005-07-29 12:00:00,19617.0
2005-07-29 13:00:00,19864.0
2005-07-29 14:00:00,19963.0
2005-07-29 15:00:00,19981.0
2005-07-29 16:00:00,19964.0
2005-07-29 17:00:00,19725.0
2005-07-29 18:00:00,19194.0
2005-07-29 19:00:00,18659.0
2005-07-29 20:00:00,18753.0
2005-07-29 21:00:00,18267.0
2005-07-29 22:00:00,16825.0
2005-07-29 23:00:00,15234.0
2005-07-30 00:00:00,13953.0
2005-07-30 01:00:00,13175.0
2005-07-30 02:00:00,12640.0
2005-07-30 03:00:00,12290.0
2005-07-30 04:00:00,12142.0
2005-07-30 05:00:00,12269.0
2005-07-30 06:00:00,12692.0
2005-07-30 07:00:00,13796.0
2005-07-30 08:00:00,15091.0
2005-07-30 09:00:00,16118.0
2005-07-30 10:00:00,16805.0
2005-07-30 11:00:00,17241.0
2005-07-30 12:00:00,17470.0
2005-07-30 13:00:00,17612.0
2005-07-30 14:00:00,17675.0
2005-07-30 15:00:00,17790.0
2005-07-30 16:00:00,17909.0
2005-07-30 17:00:00,17895.0
2005-07-30 18:00:00,17596.0
2005-07-30 19:00:00,17160.0
2005-07-30 20:00:00,17333.0
2005-07-30 21:00:00,16946.0
2005-07-30 22:00:00,15700.0
2005-07-30 23:00:00,14286.0
2005-07-31 00:00:00,13086.0
2005-07-31 01:00:00,12309.0
2005-07-31 02:00:00,11817.0
2005-07-31 03:00:00,11497.0
2005-07-31 04:00:00,11376.0
2005-07-31 05:00:00,11371.0
2005-07-31 06:00:00,11580.0
2005-07-31 07:00:00,12455.0
2005-07-31 08:00:00,13699.0
2005-07-31 09:00:00,14720.0
2005-07-31 10:00:00,15441.0
2005-07-31 11:00:00,15923.0
2005-07-31 12:00:00,16156.0
2005-07-31 13:00:00,16201.0
2005-07-31 14:00:00,16166.0
2005-07-31 15:00:00,16148.0
2005-07-31 16:00:00,16270.0
2005-07-31 17:00:00,16424.0
2005-07-31 18:00:00,16307.0
2005-07-31 19:00:00,16124.0
2005-07-31 20:00:00,16590.0
2005-07-31 21:00:00,16164.0
2005-07-31 22:00:00,14850.0
2005-07-31 23:00:00,13542.0
2005-08-01 00:00:00,12542.0
2005-08-01 01:00:00,11951.0
2005-08-01 02:00:00,11664.0
2005-08-01 03:00:00,11562.0
2005-08-01 04:00:00,11797.0
2005-08-01 05:00:00,12684.0
2005-08-01 06:00:00,14148.0
2005-08-01 07:00:00,15917.0
2005-08-01 08:00:00,17127.0
2005-08-01 09:00:00,18005.0
2005-08-01 10:00:00,18705.0
2005-08-01 11:00:00,19232.0
2005-08-01 12:00:00,19637.0
2005-08-01 13:00:00,20174.0
2005-08-01 14:00:00,20498.0
2005-08-01 15:00:00,20750.0
2005-08-01 16:00:00,20973.0
2005-08-01 17:00:00,20922.0
2005-08-01 18:00:00,20437.0
2005-08-01 19:00:00,19965.0
2005-08-01 20:00:00,20076.0
2005-08-01 21:00:00,19164.0
2005-08-01 22:00:00,17289.0
2005-08-01 23:00:00,15415.0
2005-08-02 00:00:00,14040.0
2005-08-02 01:00:00,13226.0
2005-08-02 02:00:00,12729.0
2005-08-02 03:00:00,12573.0
2005-08-02 04:00:00,12690.0
2005-08-02 05:00:00,13424.0
2005-08-02 06:00:00,14979.0
2005-08-02 07:00:00,17017.0
2005-08-02 08:00:00,18713.0
2005-08-02 09:00:00,20136.0
2005-08-02 10:00:00,21332.0
2005-08-02 11:00:00,22086.0
2005-08-02 12:00:00,22571.0
2005-08-02 13:00:00,23056.0
2005-08-02 14:00:00,23342.0
2005-08-02 15:00:00,23542.0
2005-08-02 16:00:00,23673.0
2005-08-02 17:00:00,23535.0
2005-08-02 18:00:00,22978.0
2005-08-02 19:00:00,22256.0
2005-08-02 20:00:00,22184.0
2005-08-02 21:00:00,21166.0
2005-08-02 22:00:00,19039.0
2005-08-02 23:00:00,16928.0
2005-08-03 00:00:00,15422.0
2005-08-03 01:00:00,14474.0
2005-08-03 02:00:00,13883.0
2005-08-03 03:00:00,13523.0
2005-08-03 04:00:00,13567.0
2005-08-03 05:00:00,14201.0
2005-08-03 06:00:00,15645.0
2005-08-03 07:00:00,17711.0
2005-08-03 08:00:00,19431.0
2005-08-03 09:00:00,20787.0
2005-08-03 10:00:00,21891.0
2005-08-03 11:00:00,22675.0
2005-08-03 12:00:00,23219.0
2005-08-03 13:00:00,23782.0
2005-08-03 14:00:00,24044.0
2005-08-03 15:00:00,24037.0
2005-08-03 16:00:00,24007.0
2005-08-03 17:00:00,23653.0
2005-08-03 18:00:00,22907.0
2005-08-03 19:00:00,22159.0
2005-08-03 20:00:00,22138.0
2005-08-03 21:00:00,21177.0
2005-08-03 22:00:00,19079.0
2005-08-03 23:00:00,17031.0
2005-08-04 00:00:00,15483.0
2005-08-04 01:00:00,14569.0
2005-08-04 02:00:00,13982.0
2005-08-04 03:00:00,13628.0
2005-08-04 04:00:00,13647.0
2005-08-04 05:00:00,14294.0
2005-08-04 06:00:00,15727.0
2005-08-04 07:00:00,17702.0
2005-08-04 08:00:00,19252.0
2005-08-04 09:00:00,20426.0
2005-08-04 10:00:00,21525.0
2005-08-04 11:00:00,22360.0
2005-08-04 12:00:00,22915.0
2005-08-04 13:00:00,23469.0
2005-08-04 14:00:00,23791.0
2005-08-04 15:00:00,23901.0
2005-08-04 16:00:00,23873.0
2005-08-04 17:00:00,23501.0
2005-08-04 18:00:00,22731.0
2005-08-04 19:00:00,21944.0
2005-08-04 20:00:00,21993.0
2005-08-04 21:00:00,21120.0
2005-08-04 22:00:00,19123.0
2005-08-04 23:00:00,17217.0
2005-08-05 00:00:00,15759.0
2005-08-05 01:00:00,14902.0
2005-08-05 02:00:00,14405.0
2005-08-05 03:00:00,14171.0
2005-08-05 04:00:00,14309.0
2005-08-05 05:00:00,15076.0
2005-08-05 06:00:00,16575.0
2005-08-05 07:00:00,18523.0
2005-08-05 08:00:00,20226.0
2005-08-05 09:00:00,21773.0
2005-08-05 10:00:00,23149.0
2005-08-05 11:00:00,24100.0
2005-08-05 12:00:00,24678.0
2005-08-05 13:00:00,25216.0
2005-08-05 14:00:00,25402.0
2005-08-05 15:00:00,25131.0
2005-08-05 16:00:00,24108.0
2005-08-05 17:00:00,23070.0
2005-08-05 18:00:00,21940.0
2005-08-05 19:00:00,21250.0
2005-08-05 20:00:00,21078.0
2005-08-05 21:00:00,20132.0
2005-08-05 22:00:00,18373.0
2005-08-05 23:00:00,16549.0
2005-08-06 00:00:00,15049.0
2005-08-06 01:00:00,14086.0
2005-08-06 02:00:00,13422.0
2005-08-06 03:00:00,12967.0
2005-08-06 04:00:00,12759.0
2005-08-06 05:00:00,12834.0
2005-08-06 06:00:00,13247.0
2005-08-06 07:00:00,14428.0
2005-08-06 08:00:00,15802.0
2005-08-06 09:00:00,16894.0
2005-08-06 10:00:00,17659.0
2005-08-06 11:00:00,18095.0
2005-08-06 12:00:00,18298.0
2005-08-06 13:00:00,18374.0
2005-08-06 14:00:00,18428.0
2005-08-06 15:00:00,18543.0
2005-08-06 16:00:00,18691.0
2005-08-06 17:00:00,18657.0
2005-08-06 18:00:00,18247.0
2005-08-06 19:00:00,17708.0
2005-08-06 20:00:00,17843.0
2005-08-06 21:00:00,17285.0
2005-08-06 22:00:00,15956.0
2005-08-06 23:00:00,14504.0
2005-08-07 00:00:00,13337.0
2005-08-07 01:00:00,12472.0
2005-08-07 02:00:00,11964.0
2005-08-07 03:00:00,11631.0
2005-08-07 04:00:00,11487.0
2005-08-07 05:00:00,11493.0
2005-08-07 06:00:00,11715.0
2005-08-07 07:00:00,12638.0
2005-08-07 08:00:00,14007.0
2005-08-07 09:00:00,15295.0
2005-08-07 10:00:00,16343.0
2005-08-07 11:00:00,17192.0
2005-08-07 12:00:00,17800.0
2005-08-07 13:00:00,18133.0
2005-08-07 14:00:00,18304.0
2005-08-07 15:00:00,18488.0
2005-08-07 16:00:00,18818.0
2005-08-07 17:00:00,19064.0
2005-08-07 18:00:00,18844.0
2005-08-07 19:00:00,18475.0
2005-08-07 20:00:00,18848.0
2005-08-07 21:00:00,18311.0
2005-08-07 22:00:00,16786.0
2005-08-07 23:00:00,15240.0
2005-08-08 00:00:00,14064.0
2005-08-08 01:00:00,13344.0
2005-08-08 02:00:00,12928.0
2005-08-08 03:00:00,12746.0
2005-08-08 04:00:00,12933.0
2005-08-08 05:00:00,13686.0
2005-08-08 06:00:00,15098.0
2005-08-08 07:00:00,17133.0
2005-08-08 08:00:00,18823.0
2005-08-08 09:00:00,20232.0
2005-08-08 10:00:00,21504.0
2005-08-08 11:00:00,22582.0
2005-08-08 12:00:00,23249.0
2005-08-08 13:00:00,23841.0
2005-08-08 14:00:00,23953.0
2005-08-08 15:00:00,23848.0
2005-08-08 16:00:00,23681.0
2005-08-08 17:00:00,23344.0
2005-08-08 18:00:00,22777.0
2005-08-08 19:00:00,22410.0
2005-08-08 20:00:00,22544.0
2005-08-08 21:00:00,21441.0
2005-08-08 22:00:00,19395.0
2005-08-08 23:00:00,17431.0
2005-08-09 00:00:00,15996.0
2005-08-09 01:00:00,15158.0
2005-08-09 02:00:00,14630.0
2005-08-09 03:00:00,14334.0
2005-08-09 04:00:00,14408.0
2005-08-09 05:00:00,15166.0
2005-08-09 06:00:00,16635.0
2005-08-09 07:00:00,18370.0
2005-08-09 08:00:00,19568.0
2005-08-09 09:00:00,20573.0
2005-08-09 10:00:00,21405.0
2005-08-09 11:00:00,21988.0
2005-08-09 12:00:00,22368.0
2005-08-09 13:00:00,22706.0
2005-08-09 14:00:00,22831.0
2005-08-09 15:00:00,22821.0
2005-08-09 16:00:00,22815.0
2005-08-09 17:00:00,22456.0
2005-08-09 18:00:00,21867.0
2005-08-09 19:00:00,21330.0
2005-08-09 20:00:00,21503.0
2005-08-09 21:00:00,20513.0
2005-08-09 22:00:00,18593.0
2005-08-09 23:00:00,16665.0
2005-08-10 00:00:00,15217.0
2005-08-10 01:00:00,14355.0
2005-08-10 02:00:00,13790.0
2005-08-10 03:00:00,13517.0
2005-08-10 04:00:00,13630.0
2005-08-10 05:00:00,14391.0
2005-08-10 06:00:00,15827.0
2005-08-10 07:00:00,17748.0
2005-08-10 08:00:00,19332.0
2005-08-10 09:00:00,20632.0
2005-08-10 10:00:00,21816.0
2005-08-10 11:00:00,22725.0
2005-08-10 12:00:00,23336.0
2005-08-10 13:00:00,23896.0
2005-08-10 14:00:00,24131.0
2005-08-10 15:00:00,24238.0
2005-08-10 16:00:00,24219.0
2005-08-10 17:00:00,23945.0
2005-08-10 18:00:00,23264.0
2005-08-10 19:00:00,22555.0
2005-08-10 20:00:00,22619.0
2005-08-10 21:00:00,21544.0
2005-08-10 22:00:00,19494.0
2005-08-10 23:00:00,17447.0
2005-08-11 00:00:00,15967.0
2005-08-11 01:00:00,15042.0
2005-08-11 02:00:00,14457.0
2005-08-11 03:00:00,14140.0
2005-08-11 04:00:00,14235.0
2005-08-11 05:00:00,14973.0
2005-08-11 06:00:00,16373.0
2005-08-11 07:00:00,18315.0
2005-08-11 08:00:00,19889.0
2005-08-11 09:00:00,21181.0
2005-08-11 10:00:00,22380.0
2005-08-11 11:00:00,23379.0
2005-08-11 12:00:00,24026.0
2005-08-11 13:00:00,24589.0
2005-08-11 14:00:00,24759.0
2005-08-11 15:00:00,24746.0
2005-08-11 16:00:00,24679.0
2005-08-11 17:00:00,24212.0
2005-08-11 18:00:00,23420.0
2005-08-11 19:00:00,22769.0
2005-08-11 20:00:00,22741.0
2005-08-11 21:00:00,21562.0
2005-08-11 22:00:00,19468.0
2005-08-11 23:00:00,17399.0
2005-08-12 00:00:00,15882.0
2005-08-12 01:00:00,14904.0
2005-08-12 02:00:00,14291.0
2005-08-12 03:00:00,13954.0
2005-08-12 04:00:00,14011.0
2005-08-12 05:00:00,14813.0
2005-08-12 06:00:00,16139.0
2005-08-12 07:00:00,17702.0
2005-08-12 08:00:00,19060.0
2005-08-12 09:00:00,20377.0
2005-08-12 10:00:00,21563.0
2005-08-12 11:00:00,22456.0
2005-08-12 12:00:00,22975.0
2005-08-12 13:00:00,23477.0
2005-08-12 14:00:00,23652.0
2005-08-12 15:00:00,23540.0
2005-08-12 16:00:00,23270.0
2005-08-12 17:00:00,22657.0
2005-08-12 18:00:00,22004.0
2005-08-12 19:00:00,21635.0
2005-08-12 20:00:00,21656.0
2005-08-12 21:00:00,20556.0
2005-08-12 22:00:00,18986.0
2005-08-12 23:00:00,17343.0
2005-08-13 00:00:00,16057.0
2005-08-13 01:00:00,15169.0
2005-08-13 02:00:00,14658.0
2005-08-13 03:00:00,14345.0
2005-08-13 04:00:00,14277.0
2005-08-13 05:00:00,14546.0
2005-08-13 06:00:00,15100.0
2005-08-13 07:00:00,16539.0
2005-08-13 08:00:00,18424.0
2005-08-13 09:00:00,20331.0
2005-08-13 10:00:00,21727.0
2005-08-13 11:00:00,22670.0
2005-08-13 12:00:00,23164.0
2005-08-13 13:00:00,23399.0
2005-08-13 14:00:00,23507.0
2005-08-13 15:00:00,23550.0
2005-08-13 16:00:00,23565.0
2005-08-13 17:00:00,23370.0
2005-08-13 18:00:00,22824.0
2005-08-13 19:00:00,22382.0
2005-08-13 20:00:00,22431.0
2005-08-13 21:00:00,21516.0
2005-08-13 22:00:00,19985.0
2005-08-13 23:00:00,18346.0
2005-08-14 00:00:00,16978.0
2005-08-14 01:00:00,16000.0
2005-08-14 02:00:00,15333.0
2005-08-14 03:00:00,14853.0
2005-08-14 04:00:00,14590.0
2005-08-14 05:00:00,14556.0
2005-08-14 06:00:00,14682.0
2005-08-14 07:00:00,15627.0
2005-08-14 08:00:00,17102.0
2005-08-14 09:00:00,18655.0
2005-08-14 10:00:00,20060.0
2005-08-14 11:00:00,21130.0
2005-08-14 12:00:00,21870.0
2005-08-14 13:00:00,22198.0
2005-08-14 14:00:00,21762.0
2005-08-14 15:00:00,20866.0
2005-08-14 16:00:00,20308.0
2005-08-14 17:00:00,20119.0
2005-08-14 18:00:00,19874.0
2005-08-14 19:00:00,19725.0
2005-08-14 20:00:00,19704.0
2005-08-14 21:00:00,18692.0
2005-08-14 22:00:00,17156.0
2005-08-14 23:00:00,15608.0
2005-08-15 00:00:00,14437.0
2005-08-15 01:00:00,13736.0
2005-08-15 02:00:00,13321.0
2005-08-15 03:00:00,13149.0
2005-08-15 04:00:00,13317.0
2005-08-15 05:00:00,14155.0
2005-08-15 06:00:00,15566.0
2005-08-15 07:00:00,17067.0
2005-08-15 08:00:00,18077.0
2005-08-15 09:00:00,18704.0
2005-08-15 10:00:00,19148.0
2005-08-15 11:00:00,19292.0
2005-08-15 12:00:00,19162.0
2005-08-15 13:00:00,19073.0
2005-08-15 14:00:00,18848.0
2005-08-15 15:00:00,18603.0
2005-08-15 16:00:00,18461.0
2005-08-15 17:00:00,18299.0
2005-08-15 18:00:00,17991.0
2005-08-15 19:00:00,17795.0
2005-08-15 20:00:00,18018.0
2005-08-15 21:00:00,17074.0
2005-08-15 22:00:00,15408.0
2005-08-15 23:00:00,13790.0
2005-08-16 00:00:00,12651.0
2005-08-16 01:00:00,11990.0
2005-08-16 02:00:00,11605.0
2005-08-16 03:00:00,11440.0
2005-08-16 04:00:00,11633.0
2005-08-16 05:00:00,12450.0
2005-08-16 06:00:00,13789.0
2005-08-16 07:00:00,15461.0
2005-08-16 08:00:00,16653.0
2005-08-16 09:00:00,17509.0
2005-08-16 10:00:00,18248.0
2005-08-16 11:00:00,18681.0
2005-08-16 12:00:00,18912.0
2005-08-16 13:00:00,19136.0
2005-08-16 14:00:00,19017.0
2005-08-16 15:00:00,18812.0
2005-08-16 16:00:00,18813.0
2005-08-16 17:00:00,18655.0
2005-08-16 18:00:00,18167.0
2005-08-16 19:00:00,17862.0
2005-08-16 20:00:00,18233.0
2005-08-16 21:00:00,17329.0
2005-08-16 22:00:00,15717.0
2005-08-16 23:00:00,14157.0
2005-08-17 00:00:00,13042.0
2005-08-17 01:00:00,12387.0
2005-08-17 02:00:00,12011.0
2005-08-17 03:00:00,11814.0
2005-08-17 04:00:00,11976.0
2005-08-17 05:00:00,12778.0
2005-08-17 06:00:00,14083.0
2005-08-17 07:00:00,15894.0
2005-08-17 08:00:00,17298.0
2005-08-17 09:00:00,18344.0
2005-08-17 10:00:00,19222.0
2005-08-17 11:00:00,19770.0
2005-08-17 12:00:00,20080.0
2005-08-17 13:00:00,20474.0
2005-08-17 14:00:00,20619.0
2005-08-17 15:00:00,20598.0
2005-08-17 16:00:00,20573.0
2005-08-17 17:00:00,20262.0
2005-08-17 18:00:00,19603.0
2005-08-17 19:00:00,19042.0
2005-08-17 20:00:00,19213.0
2005-08-17 21:00:00,18141.0
2005-08-17 22:00:00,16333.0
2005-08-17 23:00:00,14497.0
2005-08-18 00:00:00,13156.0
2005-08-18 01:00:00,12348.0
2005-08-18 02:00:00,11842.0
2005-08-18 03:00:00,11606.0
2005-08-18 04:00:00,11653.0
2005-08-18 05:00:00,12351.0
2005-08-18 06:00:00,13566.0
2005-08-18 07:00:00,15209.0
2005-08-18 08:00:00,16382.0
2005-08-18 09:00:00,17246.0
2005-08-18 10:00:00,17916.0
2005-08-18 11:00:00,18291.0
2005-08-18 12:00:00,18407.0
2005-08-18 13:00:00,18637.0
2005-08-18 14:00:00,18718.0
2005-08-18 15:00:00,18681.0
2005-08-18 16:00:00,18598.0
2005-08-18 17:00:00,18288.0
2005-08-18 18:00:00,17761.0
2005-08-18 19:00:00,17589.0
2005-08-18 20:00:00,17867.0
2005-08-18 21:00:00,16945.0
2005-08-18 22:00:00,15363.0
2005-08-18 23:00:00,13664.0
2005-08-19 00:00:00,12525.0
2005-08-19 01:00:00,11787.0
2005-08-19 02:00:00,11399.0
2005-08-19 03:00:00,11230.0
2005-08-19 04:00:00,11391.0
2005-08-19 05:00:00,12149.0
2005-08-19 06:00:00,13402.0
2005-08-19 07:00:00,15089.0
2005-08-19 08:00:00,16430.0
2005-08-19 09:00:00,17380.0
2005-08-19 10:00:00,18070.0
2005-08-19 11:00:00,18444.0
2005-08-19 12:00:00,18561.0
2005-08-19 13:00:00,18659.0
2005-08-19 14:00:00,18428.0
2005-08-19 15:00:00,18061.0
2005-08-19 16:00:00,17727.0
2005-08-19 17:00:00,17302.0
2005-08-19 18:00:00,16845.0
2005-08-19 19:00:00,16747.0
2005-08-19 20:00:00,16978.0
2005-08-19 21:00:00,16205.0
2005-08-19 22:00:00,14989.0
2005-08-19 23:00:00,13619.0
2005-08-20 00:00:00,12576.0
2005-08-20 01:00:00,11911.0
2005-08-20 02:00:00,11525.0
2005-08-20 03:00:00,11304.0
2005-08-20 04:00:00,11315.0
2005-08-20 05:00:00,11677.0
2005-08-20 06:00:00,12273.0
2005-08-20 07:00:00,13293.0
2005-08-20 08:00:00,14656.0
2005-08-20 09:00:00,15787.0
2005-08-20 10:00:00,16550.0
2005-08-20 11:00:00,16981.0
2005-08-20 12:00:00,17086.0
2005-08-20 13:00:00,17095.0
2005-08-20 14:00:00,17114.0
2005-08-20 15:00:00,17180.0
2005-08-20 16:00:00,17314.0
2005-08-20 17:00:00,17393.0
2005-08-20 18:00:00,17212.0
2005-08-20 19:00:00,17248.0
2005-08-20 20:00:00,17519.0
2005-08-20 21:00:00,16891.0
2005-08-20 22:00:00,15722.0
2005-08-20 23:00:00,14448.0
2005-08-21 00:00:00,13417.0
2005-08-21 01:00:00,12694.0
2005-08-21 02:00:00,12290.0
2005-08-21 03:00:00,12059.0
2005-08-21 04:00:00,12030.0
2005-08-21 05:00:00,12186.0
2005-08-21 06:00:00,12525.0
2005-08-21 07:00:00,13401.0
2005-08-21 08:00:00,14751.0
2005-08-21 09:00:00,16053.0
2005-08-21 10:00:00,17218.0
2005-08-21 11:00:00,18220.0
2005-08-21 12:00:00,19036.0
2005-08-21 13:00:00,19574.0
2005-08-21 14:00:00,20069.0
2005-08-21 15:00:00,20334.0
2005-08-21 16:00:00,20508.0
2005-08-21 17:00:00,20509.0
2005-08-21 18:00:00,20176.0
2005-08-21 19:00:00,19985.0
2005-08-21 20:00:00,20184.0
2005-08-21 21:00:00,19034.0
2005-08-21 22:00:00,17282.0
2005-08-21 23:00:00,15554.0
2005-08-22 00:00:00,14266.0
2005-08-22 01:00:00,13412.0
2005-08-22 02:00:00,12877.0
2005-08-22 03:00:00,12601.0
2005-08-22 04:00:00,12699.0
2005-08-22 05:00:00,13472.0
2005-08-22 06:00:00,14721.0
2005-08-22 07:00:00,16445.0
2005-08-22 08:00:00,18002.0
2005-08-22 09:00:00,19266.0
2005-08-22 10:00:00,20264.0
2005-08-22 11:00:00,20895.0
2005-08-22 12:00:00,21155.0
2005-08-22 13:00:00,21460.0
2005-08-22 14:00:00,21548.0
2005-08-22 15:00:00,21554.0
2005-08-22 16:00:00,21487.0
2005-08-22 17:00:00,21071.0
2005-08-22 18:00:00,20294.0
2005-08-22 19:00:00,19718.0
2005-08-22 20:00:00,19717.0
2005-08-22 21:00:00,18398.0
2005-08-22 22:00:00,16390.0
2005-08-22 23:00:00,14539.0
2005-08-23 00:00:00,13201.0
2005-08-23 01:00:00,12408.0
2005-08-23 02:00:00,11896.0
2005-08-23 03:00:00,11661.0
2005-08-23 04:00:00,11745.0
2005-08-23 05:00:00,12510.0
2005-08-23 06:00:00,13766.0
2005-08-23 07:00:00,15489.0
2005-08-23 08:00:00,16766.0
2005-08-23 09:00:00,17719.0
2005-08-23 10:00:00,18420.0
2005-08-23 11:00:00,18878.0
2005-08-23 12:00:00,19090.0
2005-08-23 13:00:00,19356.0
2005-08-23 14:00:00,19333.0
2005-08-23 15:00:00,19121.0
2005-08-23 16:00:00,18893.0
2005-08-23 17:00:00,18525.0
2005-08-23 18:00:00,18064.0
2005-08-23 19:00:00,17933.0
2005-08-23 20:00:00,18123.0
2005-08-23 21:00:00,17076.0
2005-08-23 22:00:00,15369.0
2005-08-23 23:00:00,13730.0
2005-08-24 00:00:00,12590.0
2005-08-24 01:00:00,11958.0
2005-08-24 02:00:00,11553.0
2005-08-24 03:00:00,11419.0
2005-08-24 04:00:00,11560.0
2005-08-24 05:00:00,12396.0
2005-08-24 06:00:00,13720.0
2005-08-24 07:00:00,15306.0
2005-08-24 08:00:00,16495.0
2005-08-24 09:00:00,17373.0
2005-08-24 10:00:00,18028.0
2005-08-24 11:00:00,18383.0
2005-08-24 12:00:00,18417.0
2005-08-24 13:00:00,18436.0
2005-08-24 14:00:00,18238.0
2005-08-24 15:00:00,18044.0
2005-08-24 16:00:00,17944.0
2005-08-24 17:00:00,17693.0
2005-08-24 18:00:00,17260.0
2005-08-24 19:00:00,17133.0
2005-08-24 20:00:00,17340.0
2005-08-24 21:00:00,16346.0
2005-08-24 22:00:00,14755.0
2005-08-24 23:00:00,13159.0
2005-08-25 00:00:00,12051.0
2005-08-25 01:00:00,11386.0
2005-08-25 02:00:00,11021.0
2005-08-25 03:00:00,10888.0
2005-08-25 04:00:00,11075.0
2005-08-25 05:00:00,11890.0
2005-08-25 06:00:00,13210.0
2005-08-25 07:00:00,14867.0
2005-08-25 08:00:00,16100.0
2005-08-25 09:00:00,16999.0
2005-08-25 10:00:00,17637.0
2005-08-25 11:00:00,18042.0
2005-08-25 12:00:00,18190.0
2005-08-25 13:00:00,18437.0
2005-08-25 14:00:00,18526.0
2005-08-25 15:00:00,18570.0
2005-08-25 16:00:00,18506.0
2005-08-25 17:00:00,18273.0
2005-08-25 18:00:00,17787.0
2005-08-25 19:00:00,17650.0
2005-08-25 20:00:00,17858.0
2005-08-25 21:00:00,16818.0
2005-08-25 22:00:00,15197.0
2005-08-25 23:00:00,13517.0
2005-08-26 00:00:00,12317.0
2005-08-26 01:00:00,11653.0
2005-08-26 02:00:00,11263.0
2005-08-26 03:00:00,11083.0
2005-08-26 04:00:00,11206.0
2005-08-26 05:00:00,11985.0
2005-08-26 06:00:00,13194.0
2005-08-26 07:00:00,14888.0
2005-08-26 08:00:00,16248.0
2005-08-26 09:00:00,17269.0
2005-08-26 10:00:00,18029.0
2005-08-26 11:00:00,18531.0
2005-08-26 12:00:00,18761.0
2005-08-26 13:00:00,19086.0
2005-08-26 14:00:00,19240.0
2005-08-26 15:00:00,19243.0
2005-08-26 16:00:00,19202.0
2005-08-26 17:00:00,18848.0
2005-08-26 18:00:00,18172.0
2005-08-26 19:00:00,17879.0
2005-08-26 20:00:00,17970.0
2005-08-26 21:00:00,16983.0
2005-08-26 22:00:00,15522.0
2005-08-26 23:00:00,13989.0
2005-08-27 00:00:00,12767.0
2005-08-27 01:00:00,11998.0
2005-08-27 02:00:00,11510.0
2005-08-27 03:00:00,11224.0
2005-08-27 04:00:00,11160.0
2005-08-27 05:00:00,11400.0
2005-08-27 06:00:00,11840.0
2005-08-27 07:00:00,13017.0
2005-08-27 08:00:00,14598.0
2005-08-27 09:00:00,15889.0
2005-08-27 10:00:00,16740.0
2005-08-27 11:00:00,17187.0
2005-08-27 12:00:00,17332.0
2005-08-27 13:00:00,17390.0
2005-08-27 14:00:00,17401.0
2005-08-27 15:00:00,17434.0
2005-08-27 16:00:00,17453.0
2005-08-27 17:00:00,17358.0
2005-08-27 18:00:00,16902.0
2005-08-27 19:00:00,16763.0
2005-08-27 20:00:00,17028.0
2005-08-27 21:00:00,16298.0
2005-08-27 22:00:00,15152.0
2005-08-27 23:00:00,13878.0
2005-08-28 00:00:00,12806.0
2005-08-28 01:00:00,12136.0
2005-08-28 02:00:00,11710.0
2005-08-28 03:00:00,11459.0
2005-08-28 04:00:00,11373.0
2005-08-28 05:00:00,11539.0
2005-08-28 06:00:00,11758.0
2005-08-28 07:00:00,12728.0
2005-08-28 08:00:00,14206.0
2005-08-28 09:00:00,15477.0
2005-08-28 10:00:00,16392.0
2005-08-28 11:00:00,17062.0
2005-08-28 12:00:00,17408.0
2005-08-28 13:00:00,17471.0
2005-08-28 14:00:00,17413.0
2005-08-28 15:00:00,17363.0
2005-08-28 16:00:00,17515.0
2005-08-28 17:00:00,17718.0
2005-08-28 18:00:00,17766.0
2005-08-28 19:00:00,18190.0
2005-08-28 20:00:00,18416.0
2005-08-28 21:00:00,17551.0
2005-08-28 22:00:00,16209.0
2005-08-28 23:00:00,14860.0
2005-08-29 00:00:00,13818.0
2005-08-29 01:00:00,13238.0
2005-08-29 02:00:00,12898.0
2005-08-29 03:00:00,12787.0
2005-08-29 04:00:00,13035.0
2005-08-29 05:00:00,14055.0
2005-08-29 06:00:00,15735.0
2005-08-29 07:00:00,17528.0
2005-08-29 08:00:00,18897.0
2005-08-29 09:00:00,20081.0
2005-08-29 10:00:00,21090.0
2005-08-29 11:00:00,21825.0
2005-08-29 12:00:00,22279.0
2005-08-29 13:00:00,22559.0
2005-08-29 14:00:00,22510.0
2005-08-29 15:00:00,22361.0
2005-08-29 16:00:00,22147.0
2005-08-29 17:00:00,21723.0
2005-08-29 18:00:00,21318.0
2005-08-29 19:00:00,21486.0
2005-08-29 20:00:00,21290.0
2005-08-29 21:00:00,19970.0
2005-08-29 22:00:00,18084.0
2005-08-29 23:00:00,16279.0
2005-08-30 00:00:00,14999.0
2005-08-30 01:00:00,14231.0
2005-08-30 02:00:00,13796.0
2005-08-30 03:00:00,13630.0
2005-08-30 04:00:00,13786.0
2005-08-30 05:00:00,14746.0
2005-08-30 06:00:00,16587.0
2005-08-30 07:00:00,18145.0
2005-08-30 08:00:00,19199.0
2005-08-30 09:00:00,19897.0
2005-08-30 10:00:00,20461.0
2005-08-30 11:00:00,20708.0
2005-08-30 12:00:00,20676.0
2005-08-30 13:00:00,20728.0
2005-08-30 14:00:00,20634.0
2005-08-30 15:00:00,20452.0
2005-08-30 16:00:00,20399.0
2005-08-30 17:00:00,20370.0
2005-08-30 18:00:00,20219.0
2005-08-30 19:00:00,20547.0
2005-08-30 20:00:00,20443.0
2005-08-30 21:00:00,19228.0
2005-08-30 22:00:00,17447.0
2005-08-30 23:00:00,15755.0
2005-08-31 00:00:00,14605.0
2005-08-31 01:00:00,13959.0
2005-08-31 02:00:00,13619.0
2005-08-31 03:00:00,13501.0
2005-08-31 04:00:00,13753.0
2005-08-31 05:00:00,14826.0
2005-08-31 06:00:00,16867.0
2005-08-31 07:00:00,18520.0
2005-08-31 08:00:00,19687.0
2005-08-31 09:00:00,20581.0
2005-08-31 10:00:00,21291.0
2005-08-31 11:00:00,21698.0
2005-08-31 12:00:00,21963.0
2005-08-31 13:00:00,22183.0
2005-08-31 14:00:00,22152.0
2005-08-31 15:00:00,22108.0
2005-08-31 16:00:00,22188.0
2005-08-31 17:00:00,22151.0
2005-08-31 18:00:00,21946.0
2005-08-31 19:00:00,22193.0
2005-08-31 20:00:00,22096.0
2005-08-31 21:00:00,20817.0
2005-08-31 22:00:00,18794.0
2005-08-31 23:00:00,16827.0
2005-09-01 00:00:00,15400.0
2005-09-01 01:00:00,14320.0
2005-09-01 02:00:00,13647.0
2005-09-01 03:00:00,13265.0
2005-09-01 04:00:00,13293.0
2005-09-01 05:00:00,14133.0
2005-09-01 06:00:00,15743.0
2005-09-01 07:00:00,17279.0
2005-09-01 08:00:00,18484.0
2005-09-01 09:00:00,19461.0
2005-09-01 10:00:00,20236.0
2005-09-01 11:00:00,20720.0
2005-09-01 12:00:00,20939.0
2005-09-01 13:00:00,21227.0
2005-09-01 14:00:00,21353.0
2005-09-01 15:00:00,21355.0
2005-09-01 16:00:00,21246.0
2005-09-01 17:00:00,20834.0
2005-09-01 18:00:00,20122.0
2005-09-01 19:00:00,19995.0
2005-09-01 20:00:00,19917.0
2005-09-01 21:00:00,18523.0
2005-09-01 22:00:00,16585.0
2005-09-01 23:00:00,14733.0
2005-09-02 00:00:00,13402.0
2005-09-02 01:00:00,12584.0
2005-09-02 02:00:00,12127.0
2005-09-02 03:00:00,11864.0
2005-09-02 04:00:00,11966.0
2005-09-02 05:00:00,12780.0
2005-09-02 06:00:00,14290.0
2005-09-02 07:00:00,15877.0
2005-09-02 08:00:00,17169.0
2005-09-02 09:00:00,18260.0
2005-09-02 10:00:00,19103.0
2005-09-02 11:00:00,19697.0
2005-09-02 12:00:00,20062.0
2005-09-02 13:00:00,20437.0
2005-09-02 14:00:00,20604.0
2005-09-02 15:00:00,20651.0
2005-09-02 16:00:00,20576.0
2005-09-02 17:00:00,20199.0
2005-09-02 18:00:00,19464.0
2005-09-02 19:00:00,19274.0
2005-09-02 20:00:00,19158.0
2005-09-02 21:00:00,17991.0
2005-09-02 22:00:00,16350.0
2005-09-02 23:00:00,14676.0
2005-09-03 00:00:00,13424.0
2005-09-03 01:00:00,12598.0
2005-09-03 02:00:00,12011.0
2005-09-03 03:00:00,11608.0
2005-09-03 04:00:00,11499.0
2005-09-03 05:00:00,11639.0
2005-09-03 06:00:00,11965.0
2005-09-03 07:00:00,13006.0
2005-09-03 08:00:00,14451.0
2005-09-03 09:00:00,15534.0
2005-09-03 10:00:00,16175.0
2005-09-03 11:00:00,16522.0
2005-09-03 12:00:00,16637.0
2005-09-03 13:00:00,16644.0
2005-09-03 14:00:00,16602.0
2005-09-03 15:00:00,16609.0
2005-09-03 16:00:00,16652.0
2005-09-03 17:00:00,16637.0
2005-09-03 18:00:00,16326.0
2005-09-03 19:00:00,16413.0
2005-09-03 20:00:00,16466.0
2005-09-03 21:00:00,15632.0
2005-09-03 22:00:00,14420.0
2005-09-03 23:00:00,13102.0
2005-09-04 00:00:00,12075.0
2005-09-04 01:00:00,11359.0
2005-09-04 02:00:00,10929.0
2005-09-04 03:00:00,10663.0
2005-09-04 04:00:00,10577.0
2005-09-04 05:00:00,10656.0
2005-09-04 06:00:00,10819.0
2005-09-04 07:00:00,11643.0
2005-09-04 08:00:00,12931.0
2005-09-04 09:00:00,14032.0
2005-09-04 10:00:00,14749.0
2005-09-04 11:00:00,15208.0
2005-09-04 12:00:00,15431.0
2005-09-04 13:00:00,15458.0
2005-09-04 14:00:00,15440.0
2005-09-04 15:00:00,15399.0
2005-09-04 16:00:00,15482.0
2005-09-04 17:00:00,15460.0
2005-09-04 18:00:00,15240.0
2005-09-04 19:00:00,15457.0
2005-09-04 20:00:00,15547.0
2005-09-04 21:00:00,14745.0
2005-09-04 22:00:00,13661.0
2005-09-04 23:00:00,12475.0
2005-09-05 00:00:00,11519.0
2005-09-05 01:00:00,10878.0
2005-09-05 02:00:00,10499.0
2005-09-05 03:00:00,10306.0
2005-09-05 04:00:00,10273.0
2005-09-05 05:00:00,10482.0
2005-09-05 06:00:00,10717.0
2005-09-05 07:00:00,11518.0
2005-09-05 08:00:00,12800.0
2005-09-05 09:00:00,13982.0
2005-09-05 10:00:00,14733.0
2005-09-05 11:00:00,15096.0
2005-09-05 12:00:00,15241.0
2005-09-05 13:00:00,15233.0
2005-09-05 14:00:00,15227.0
2005-09-05 15:00:00,15314.0
2005-09-05 16:00:00,15567.0
2005-09-05 17:00:00,15779.0
2005-09-05 18:00:00,15682.0
2005-09-05 19:00:00,16173.0
2005-09-05 20:00:00,16219.0
2005-09-05 21:00:00,15044.0
2005-09-05 22:00:00,13396.0
2005-09-05 23:00:00,12000.0
2005-09-06 00:00:00,11100.0
2005-09-06 01:00:00,10587.0
2005-09-06 02:00:00,10314.0
2005-09-06 03:00:00,10218.0
2005-09-06 04:00:00,10456.0
2005-09-06 05:00:00,11499.0
2005-09-06 06:00:00,13356.0
2005-09-06 07:00:00,14849.0
2005-09-06 08:00:00,15821.0
2005-09-06 09:00:00,16658.0
2005-09-06 10:00:00,17323.0
2005-09-06 11:00:00,17742.0
2005-09-06 12:00:00,17965.0
2005-09-06 13:00:00,18243.0
2005-09-06 14:00:00,18313.0
2005-09-06 15:00:00,18325.0
2005-09-06 16:00:00,18288.0
2005-09-06 17:00:00,18078.0
2005-09-06 18:00:00,17618.0
2005-09-06 19:00:00,17888.0
2005-09-06 20:00:00,17718.0
2005-09-06 21:00:00,16335.0
2005-09-06 22:00:00,14443.0
2005-09-06 23:00:00,12809.0
2005-09-07 00:00:00,11750.0
2005-09-07 01:00:00,11113.0
2005-09-07 02:00:00,10792.0
2005-09-07 03:00:00,10663.0
2005-09-07 04:00:00,10884.0
2005-09-07 05:00:00,11891.0
2005-09-07 06:00:00,13726.0
2005-09-07 07:00:00,15141.0
2005-09-07 08:00:00,16030.0
2005-09-07 09:00:00,16813.0
2005-09-07 10:00:00,17518.0
2005-09-07 11:00:00,17996.0
2005-09-07 12:00:00,18299.0
2005-09-07 13:00:00,18680.0
2005-09-07 14:00:00,18873.0
2005-09-07 15:00:00,18980.0
2005-09-07 16:00:00,19039.0
2005-09-07 17:00:00,18780.0
2005-09-07 18:00:00,18273.0
2005-09-07 19:00:00,18544.0
2005-09-07 20:00:00,18313.0
2005-09-07 21:00:00,16896.0
2005-09-07 22:00:00,15034.0
2005-09-07 23:00:00,13372.0
2005-09-08 00:00:00,12195.0
2005-09-08 01:00:00,11548.0
2005-09-08 02:00:00,11178.0
2005-09-08 03:00:00,11036.0
2005-09-08 04:00:00,11216.0
2005-09-08 05:00:00,12213.0
2005-09-08 06:00:00,14114.0
2005-09-08 07:00:00,15526.0
2005-09-08 08:00:00,16478.0
2005-09-08 09:00:00,17354.0
2005-09-08 10:00:00,18113.0
2005-09-08 11:00:00,18662.0
2005-09-08 12:00:00,19040.0
2005-09-08 13:00:00,19453.0
2005-09-08 14:00:00,19654.0
2005-09-08 15:00:00,19754.0
2005-09-08 16:00:00,19708.0
2005-09-08 17:00:00,19356.0
2005-09-08 18:00:00,18873.0
2005-09-08 19:00:00,19258.0
2005-09-08 20:00:00,18976.0
2005-09-08 21:00:00,17657.0
2005-09-08 22:00:00,15814.0
2005-09-08 23:00:00,14191.0
2005-09-09 00:00:00,12958.0
2005-09-09 01:00:00,12240.0
2005-09-09 02:00:00,11847.0
2005-09-09 03:00:00,11649.0
2005-09-09 04:00:00,11798.0
2005-09-09 05:00:00,12765.0
2005-09-09 06:00:00,14575.0
2005-09-09 07:00:00,15975.0
2005-09-09 08:00:00,16765.0
2005-09-09 09:00:00,17328.0
2005-09-09 10:00:00,17788.0
2005-09-09 11:00:00,17910.0
2005-09-09 12:00:00,17872.0
2005-09-09 13:00:00,17925.0
2005-09-09 14:00:00,17821.0
2005-09-09 15:00:00,17761.0
2005-09-09 16:00:00,17672.0
2005-09-09 17:00:00,17285.0
2005-09-09 18:00:00,16773.0
2005-09-09 19:00:00,17014.0
2005-09-09 20:00:00,16759.0
2005-09-09 21:00:00,15697.0
2005-09-09 22:00:00,14281.0
2005-09-09 23:00:00,12838.0
2005-09-10 00:00:00,11726.0
2005-09-10 01:00:00,11064.0
2005-09-10 02:00:00,10705.0
2005-09-10 03:00:00,10491.0
2005-09-10 04:00:00,10434.0
2005-09-10 05:00:00,10733.0
2005-09-10 06:00:00,11242.0
2005-09-10 07:00:00,12290.0
2005-09-10 08:00:00,13625.0
2005-09-10 09:00:00,14476.0
2005-09-10 10:00:00,14921.0
2005-09-10 11:00:00,15053.0
2005-09-10 12:00:00,14999.0
2005-09-10 13:00:00,14904.0
2005-09-10 14:00:00,14783.0
2005-09-10 15:00:00,14761.0
2005-09-10 16:00:00,14794.0
2005-09-10 17:00:00,14840.0
2005-09-10 18:00:00,14696.0
2005-09-10 19:00:00,15130.0
2005-09-10 20:00:00,14955.0
2005-09-10 21:00:00,14131.0
2005-09-10 22:00:00,12979.0
2005-09-10 23:00:00,11790.0
2005-09-11 00:00:00,10855.0
2005-09-11 01:00:00,10264.0
2005-09-11 02:00:00,9912.0
2005-09-11 03:00:00,9753.0
2005-09-11 04:00:00,9699.0
2005-09-11 05:00:00,9854.0
2005-09-11 06:00:00,10102.0
2005-09-11 07:00:00,10862.0
2005-09-11 08:00:00,12028.0
2005-09-11 09:00:00,12958.0
2005-09-11 10:00:00,13538.0
2005-09-11 11:00:00,13938.0
2005-09-11 12:00:00,14126.0
2005-09-11 13:00:00,14161.0
2005-09-11 14:00:00,14167.0
2005-09-11 15:00:00,14233.0
2005-09-11 16:00:00,14524.0
2005-09-11 17:00:00,14816.0
2005-09-11 18:00:00,14908.0
2005-09-11 19:00:00,15673.0
2005-09-11 20:00:00,15633.0
2005-09-11 21:00:00,14529.0
2005-09-11 22:00:00,13101.0
2005-09-11 23:00:00,11939.0
2005-09-12 00:00:00,11090.0
2005-09-12 01:00:00,10676.0
2005-09-12 02:00:00,10475.0
2005-09-12 03:00:00,10442.0
2005-09-12 04:00:00,10743.0
2005-09-12 05:00:00,11823.0
2005-09-12 06:00:00,13827.0
2005-09-12 07:00:00,15381.0
2005-09-12 08:00:00,16342.0
2005-09-12 09:00:00,17204.0
2005-09-12 10:00:00,18011.0
2005-09-12 11:00:00,18667.0
2005-09-12 12:00:00,19169.0
2005-09-12 13:00:00,19845.0
2005-09-12 14:00:00,20305.0
2005-09-12 15:00:00,20711.0
2005-09-12 16:00:00,20998.0
2005-09-12 17:00:00,20939.0
2005-09-12 18:00:00,20612.0
2005-09-12 19:00:00,21061.0
2005-09-12 20:00:00,20586.0
2005-09-12 21:00:00,19003.0
2005-09-12 22:00:00,16900.0
2005-09-12 23:00:00,15052.0
2005-09-13 00:00:00,13743.0
2005-09-13 01:00:00,12978.0
2005-09-13 02:00:00,12485.0
2005-09-13 03:00:00,12257.0
2005-09-13 04:00:00,12360.0
2005-09-13 05:00:00,13342.0
2005-09-13 06:00:00,15288.0
2005-09-13 07:00:00,16671.0
2005-09-13 08:00:00,17676.0
2005-09-13 09:00:00,18620.0
2005-09-13 10:00:00,19531.0
2005-09-13 11:00:00,20261.0
2005-09-13 12:00:00,20786.0
2005-09-13 13:00:00,21314.0
2005-09-13 14:00:00,21609.0
2005-09-13 15:00:00,21777.0
2005-09-13 16:00:00,21769.0
2005-09-13 17:00:00,21349.0
2005-09-13 18:00:00,20796.0
2005-09-13 19:00:00,21213.0
2005-09-13 20:00:00,20642.0
2005-09-13 21:00:00,18988.0
2005-09-13 22:00:00,16876.0
2005-09-13 23:00:00,15008.0
2005-09-14 00:00:00,13722.0
2005-09-14 01:00:00,13018.0
2005-09-14 02:00:00,12603.0
2005-09-14 03:00:00,12384.0
2005-09-14 04:00:00,12527.0
2005-09-14 05:00:00,13613.0
2005-09-14 06:00:00,15706.0
2005-09-14 07:00:00,17185.0
2005-09-14 08:00:00,17928.0
2005-09-14 09:00:00,18737.0
2005-09-14 10:00:00,19634.0
2005-09-14 11:00:00,20375.0
2005-09-14 12:00:00,20967.0
2005-09-14 13:00:00,21546.0
2005-09-14 14:00:00,21840.0
2005-09-14 15:00:00,22043.0
2005-09-14 16:00:00,22072.0
2005-09-14 17:00:00,21730.0
2005-09-14 18:00:00,21291.0
2005-09-14 19:00:00,21800.0
2005-09-14 20:00:00,21398.0
2005-09-14 21:00:00,19959.0
2005-09-14 22:00:00,17926.0
2005-09-14 23:00:00,16089.0
2005-09-15 00:00:00,14854.0
2005-09-15 01:00:00,14140.0
2005-09-15 02:00:00,13693.0
2005-09-15 03:00:00,13449.0
2005-09-15 04:00:00,13609.0
2005-09-15 05:00:00,14655.0
2005-09-15 06:00:00,16820.0
2005-09-15 07:00:00,18373.0
2005-09-15 08:00:00,19172.0
2005-09-15 09:00:00,19791.0
2005-09-15 10:00:00,20227.0
2005-09-15 11:00:00,20317.0
2005-09-15 12:00:00,20342.0
2005-09-15 13:00:00,20455.0
2005-09-15 14:00:00,20387.0
2005-09-15 15:00:00,20283.0
2005-09-15 16:00:00,20317.0
2005-09-15 17:00:00,20181.0
2005-09-15 18:00:00,20053.0
2005-09-15 19:00:00,20452.0
2005-09-15 20:00:00,19971.0
2005-09-15 21:00:00,18714.0
2005-09-15 22:00:00,16808.0
2005-09-15 23:00:00,15067.0
2005-09-16 00:00:00,13854.0
2005-09-16 01:00:00,13180.0
2005-09-16 02:00:00,12790.0
2005-09-16 03:00:00,12615.0
2005-09-16 04:00:00,12802.0
2005-09-16 05:00:00,13824.0
2005-09-16 06:00:00,15972.0
2005-09-16 07:00:00,17447.0
2005-09-16 08:00:00,18157.0
2005-09-16 09:00:00,18620.0
2005-09-16 10:00:00,18929.0
2005-09-16 11:00:00,18983.0
2005-09-16 12:00:00,18854.0
2005-09-16 13:00:00,18789.0
2005-09-16 14:00:00,18608.0
2005-09-16 15:00:00,18404.0
2005-09-16 16:00:00,18264.0
2005-09-16 17:00:00,18073.0
2005-09-16 18:00:00,17966.0
2005-09-16 19:00:00,18131.0
2005-09-16 20:00:00,17598.0
2005-09-16 21:00:00,16576.0
2005-09-16 22:00:00,15214.0
2005-09-16 23:00:00,13842.0
2005-09-17 00:00:00,12687.0
2005-09-17 01:00:00,12025.0
2005-09-17 02:00:00,11631.0
2005-09-17 03:00:00,11403.0
2005-09-17 04:00:00,11363.0
2005-09-17 05:00:00,11691.0
2005-09-17 06:00:00,12377.0
2005-09-17 07:00:00,13353.0
2005-09-17 08:00:00,14746.0
2005-09-17 09:00:00,15751.0
2005-09-17 10:00:00,16382.0
2005-09-17 11:00:00,16633.0
2005-09-17 12:00:00,16704.0
2005-09-17 13:00:00,16663.0
2005-09-17 14:00:00,16625.0
2005-09-17 15:00:00,16649.0
2005-09-17 16:00:00,16656.0
2005-09-17 17:00:00,16604.0
2005-09-17 18:00:00,16644.0
2005-09-17 19:00:00,16924.0
2005-09-17 20:00:00,16507.0
2005-09-17 21:00:00,15667.0
2005-09-17 22:00:00,14490.0
2005-09-17 23:00:00,13245.0
2005-09-18 00:00:00,12178.0
2005-09-18 01:00:00,11494.0
2005-09-18 02:00:00,11065.0
2005-09-18 03:00:00,10817.0
2005-09-18 04:00:00,10726.0
2005-09-18 05:00:00,10848.0
2005-09-18 06:00:00,11155.0
2005-09-18 07:00:00,11893.0
2005-09-18 08:00:00,13168.0
2005-09-18 09:00:00,14287.0
2005-09-18 10:00:00,14988.0
2005-09-18 11:00:00,15439.0
2005-09-18 12:00:00,15655.0
2005-09-18 13:00:00,15685.0
2005-09-18 14:00:00,15638.0
2005-09-18 15:00:00,15600.0
2005-09-18 16:00:00,15747.0
2005-09-18 17:00:00,15996.0
2005-09-18 18:00:00,16266.0
2005-09-18 19:00:00,16910.0
2005-09-18 20:00:00,16467.0
2005-09-18 21:00:00,15270.0
2005-09-18 22:00:00,13754.0
2005-09-18 23:00:00,12401.0
2005-09-19 00:00:00,11431.0
2005-09-19 01:00:00,10868.0
2005-09-19 02:00:00,10572.0
2005-09-19 03:00:00,10492.0
2005-09-19 04:00:00,10734.0
2005-09-19 05:00:00,11841.0
2005-09-19 06:00:00,13854.0
2005-09-19 07:00:00,15197.0
2005-09-19 08:00:00,16079.0
2005-09-19 09:00:00,16893.0
2005-09-19 10:00:00,17626.0
2005-09-19 11:00:00,18077.0
2005-09-19 12:00:00,18349.0
2005-09-19 13:00:00,18692.0
2005-09-19 14:00:00,18839.0
2005-09-19 15:00:00,18915.0
2005-09-19 16:00:00,18911.0
2005-09-19 17:00:00,18684.0
2005-09-19 18:00:00,18485.0
2005-09-19 19:00:00,18994.0
2005-09-19 20:00:00,18318.0
2005-09-19 21:00:00,16845.0
2005-09-19 22:00:00,14969.0
2005-09-19 23:00:00,13283.0
2005-09-20 00:00:00,12209.0
2005-09-20 01:00:00,11586.0
2005-09-20 02:00:00,11268.0
2005-09-20 03:00:00,11159.0
2005-09-20 04:00:00,11431.0
2005-09-20 05:00:00,12561.0
2005-09-20 06:00:00,14830.0
2005-09-20 07:00:00,16308.0
2005-09-20 08:00:00,17120.0
2005-09-20 09:00:00,17751.0
2005-09-20 10:00:00,18240.0
2005-09-20 11:00:00,18482.0
2005-09-20 12:00:00,18597.0
2005-09-20 13:00:00,18705.0
2005-09-20 14:00:00,18619.0
2005-09-20 15:00:00,18595.0
2005-09-20 16:00:00,18724.0
2005-09-20 17:00:00,18721.0
2005-09-20 18:00:00,18762.0
2005-09-20 19:00:00,19324.0
2005-09-20 20:00:00,18736.0
2005-09-20 21:00:00,17312.0
2005-09-20 22:00:00,15418.0
2005-09-20 23:00:00,13680.0
2005-09-21 00:00:00,12442.0
2005-09-21 01:00:00,11725.0
2005-09-21 02:00:00,11356.0
2005-09-21 03:00:00,11135.0
2005-09-21 04:00:00,11271.0
2005-09-21 05:00:00,12286.0
2005-09-21 06:00:00,14271.0
2005-09-21 07:00:00,15582.0
2005-09-21 08:00:00,16360.0
2005-09-21 09:00:00,16960.0
2005-09-21 10:00:00,17434.0
2005-09-21 11:00:00,17745.0
2005-09-21 12:00:00,17934.0
2005-09-21 13:00:00,18268.0
2005-09-21 14:00:00,18400.0
2005-09-21 15:00:00,18489.0
2005-09-21 16:00:00,18535.0
2005-09-21 17:00:00,18310.0
2005-09-21 18:00:00,18068.0
2005-09-21 19:00:00,18621.0
2005-09-21 20:00:00,18074.0
2005-09-21 21:00:00,16634.0
2005-09-21 22:00:00,14787.0
2005-09-21 23:00:00,13169.0
2005-09-22 00:00:00,11999.0
2005-09-22 01:00:00,11329.0
2005-09-22 02:00:00,10975.0
2005-09-22 03:00:00,10836.0
2005-09-22 04:00:00,11040.0
2005-09-22 05:00:00,12058.0
2005-09-22 06:00:00,14039.0
2005-09-22 07:00:00,15368.0
2005-09-22 08:00:00,16190.0
2005-09-22 09:00:00,17037.0
2005-09-22 10:00:00,17821.0
2005-09-22 11:00:00,18366.0
2005-09-22 12:00:00,18631.0
2005-09-22 13:00:00,18924.0
2005-09-22 14:00:00,19013.0
2005-09-22 15:00:00,19006.0
2005-09-22 16:00:00,18923.0
2005-09-22 17:00:00,18539.0
2005-09-22 18:00:00,18278.0
2005-09-22 19:00:00,18783.0
2005-09-22 20:00:00,18090.0
2005-09-22 21:00:00,16728.0
2005-09-22 22:00:00,14960.0
2005-09-22 23:00:00,13391.0
2005-09-23 00:00:00,12347.0
2005-09-23 01:00:00,11781.0
2005-09-23 02:00:00,11475.0
2005-09-23 03:00:00,11378.0
2005-09-23 04:00:00,11624.0
2005-09-23 05:00:00,12724.0
2005-09-23 06:00:00,14833.0
2005-09-23 07:00:00,16296.0
2005-09-23 08:00:00,17135.0
2005-09-23 09:00:00,17754.0
2005-09-23 10:00:00,18190.0
2005-09-23 11:00:00,18432.0
2005-09-23 12:00:00,18594.0
2005-09-23 13:00:00,18804.0
2005-09-23 14:00:00,18818.0
2005-09-23 15:00:00,18679.0
2005-09-23 16:00:00,18467.0
2005-09-23 17:00:00,17956.0
2005-09-23 18:00:00,17595.0
2005-09-23 19:00:00,17824.0
2005-09-23 20:00:00,17070.0
2005-09-23 21:00:00,15831.0
2005-09-23 22:00:00,14304.0
2005-09-23 23:00:00,12756.0
2005-09-24 00:00:00,11561.0
2005-09-24 01:00:00,10873.0
2005-09-24 02:00:00,10461.0
2005-09-24 03:00:00,10237.0
2005-09-24 04:00:00,10199.0
2005-09-24 05:00:00,10495.0
2005-09-24 06:00:00,11112.0
2005-09-24 07:00:00,12047.0
2005-09-24 08:00:00,13306.0
2005-09-24 09:00:00,14099.0
2005-09-24 10:00:00,14430.0
2005-09-24 11:00:00,14496.0
2005-09-24 12:00:00,14362.0
2005-09-24 13:00:00,14161.0
2005-09-24 14:00:00,14001.0
2005-09-24 15:00:00,13932.0
2005-09-24 16:00:00,14008.0
2005-09-24 17:00:00,14142.0
2005-09-24 18:00:00,14326.0
2005-09-24 19:00:00,14868.0
2005-09-24 20:00:00,14444.0
2005-09-24 21:00:00,13638.0
2005-09-24 22:00:00,12537.0
2005-09-24 23:00:00,11393.0
2005-09-25 00:00:00,10482.0
2005-09-25 01:00:00,9971.0
2005-09-25 02:00:00,9664.0
2005-09-25 03:00:00,9500.0
2005-09-25 04:00:00,9471.0
2005-09-25 05:00:00,9657.0
2005-09-25 06:00:00,10012.0
2005-09-25 07:00:00,10751.0
2005-09-25 08:00:00,11924.0
2005-09-25 09:00:00,12853.0
2005-09-25 10:00:00,13377.0
2005-09-25 11:00:00,13659.0
2005-09-25 12:00:00,13797.0
2005-09-25 13:00:00,13729.0
2005-09-25 14:00:00,13651.0
2005-09-25 15:00:00,13694.0
2005-09-25 16:00:00,13938.0
2005-09-25 17:00:00,14351.0
2005-09-25 18:00:00,14978.0
2005-09-25 19:00:00,15463.0
2005-09-25 20:00:00,15058.0
2005-09-25 21:00:00,13947.0
2005-09-25 22:00:00,12652.0
2005-09-25 23:00:00,11483.0
2005-09-26 00:00:00,10696.0
2005-09-26 01:00:00,10300.0
2005-09-26 02:00:00,10134.0
2005-09-26 03:00:00,10135.0
2005-09-26 04:00:00,10498.0
2005-09-26 05:00:00,11694.0
2005-09-26 06:00:00,13982.0
2005-09-26 07:00:00,15493.0
2005-09-26 08:00:00,16234.0
2005-09-26 09:00:00,16769.0
2005-09-26 10:00:00,17216.0
2005-09-26 11:00:00,17442.0
2005-09-26 12:00:00,17441.0
2005-09-26 13:00:00,17516.0
2005-09-26 14:00:00,17417.0
2005-09-26 15:00:00,17346.0
2005-09-26 16:00:00,17456.0
2005-09-26 17:00:00,17743.0
2005-09-26 18:00:00,18156.0
2005-09-26 19:00:00,18257.0
2005-09-26 20:00:00,17482.0
2005-09-26 21:00:00,16219.0
2005-09-26 22:00:00,14526.0
2005-09-26 23:00:00,13106.0
2005-09-27 00:00:00,12136.0
2005-09-27 01:00:00,11563.0
2005-09-27 02:00:00,11254.0
2005-09-27 03:00:00,11118.0
2005-09-27 04:00:00,11300.0
2005-09-27 05:00:00,12384.0
2005-09-27 06:00:00,14420.0
2005-09-27 07:00:00,15609.0
2005-09-27 08:00:00,16162.0
2005-09-27 09:00:00,16560.0
2005-09-27 10:00:00,16885.0
2005-09-27 11:00:00,17007.0
2005-09-27 12:00:00,16981.0
2005-09-27 13:00:00,17052.0
2005-09-27 14:00:00,16993.0
2005-09-27 15:00:00,16873.0
2005-09-27 16:00:00,16744.0
2005-09-27 17:00:00,16590.0
2005-09-27 18:00:00,16682.0
2005-09-27 19:00:00,17230.0
2005-09-27 20:00:00,16507.0
2005-09-27 21:00:00,15183.0
2005-09-27 22:00:00,13460.0
2005-09-27 23:00:00,11969.0
2005-09-28 00:00:00,10933.0
2005-09-28 01:00:00,10407.0
2005-09-28 02:00:00,10126.0
2005-09-28 03:00:00,10041.0
2005-09-28 04:00:00,10267.0
2005-09-28 05:00:00,11330.0
2005-09-28 06:00:00,13406.0
2005-09-28 07:00:00,14685.0
2005-09-28 08:00:00,15222.0
2005-09-28 09:00:00,15648.0
2005-09-28 10:00:00,16070.0
2005-09-28 11:00:00,16311.0
2005-09-28 12:00:00,16355.0
2005-09-28 13:00:00,16467.0
2005-09-28 14:00:00,16405.0
2005-09-28 15:00:00,16322.0
2005-09-28 16:00:00,16287.0
2005-09-28 17:00:00,16210.0
2005-09-28 18:00:00,16497.0
2005-09-28 19:00:00,17084.0
2005-09-28 20:00:00,16415.0
2005-09-28 21:00:00,15154.0
2005-09-28 22:00:00,13464.0
2005-09-28 23:00:00,11942.0
2005-09-29 00:00:00,11035.0
2005-09-29 01:00:00,10546.0
2005-09-29 02:00:00,10308.0
2005-09-29 03:00:00,10246.0
2005-09-29 04:00:00,10517.0
2005-09-29 05:00:00,11626.0
2005-09-29 06:00:00,13800.0
2005-09-29 07:00:00,15173.0
2005-09-29 08:00:00,15830.0
2005-09-29 09:00:00,16402.0
2005-09-29 10:00:00,16885.0
2005-09-29 11:00:00,17099.0
2005-09-29 12:00:00,17054.0
2005-09-29 13:00:00,16979.0
2005-09-29 14:00:00,16764.0
2005-09-29 15:00:00,16546.0
2005-09-29 16:00:00,16413.0
2005-09-29 17:00:00,16415.0
2005-09-29 18:00:00,16543.0
2005-09-29 19:00:00,16836.0
2005-09-29 20:00:00,16117.0
2005-09-29 21:00:00,14889.0
2005-09-29 22:00:00,13222.0
2005-09-29 23:00:00,11759.0
2005-09-30 00:00:00,10787.0
2005-09-30 01:00:00,10272.0
2005-09-30 02:00:00,10020.0
2005-09-30 03:00:00,9938.0
2005-09-30 04:00:00,10171.0
2005-09-30 05:00:00,11214.0
2005-09-30 06:00:00,13356.0
2005-09-30 07:00:00,14624.0
2005-09-30 08:00:00,15090.0
2005-09-30 09:00:00,15376.0
2005-09-30 10:00:00,15585.0
2005-09-30 11:00:00,15657.0
2005-09-30 12:00:00,15535.0
2005-09-30 13:00:00,15510.0
2005-09-30 14:00:00,15337.0
2005-09-30 15:00:00,15151.0
2005-09-30 16:00:00,15053.0
2005-09-30 17:00:00,14982.0
2005-09-30 18:00:00,15397.0
2005-09-30 19:00:00,15788.0
2005-09-30 20:00:00,15231.0
2005-09-30 21:00:00,14309.0
2005-09-30 22:00:00,13067.0
2005-09-30 23:00:00,11742.0
2005-10-01 00:00:00,10763.0
2005-10-01 01:00:00,10203.0
2005-10-01 02:00:00,9861.0
2005-10-01 03:00:00,9747.0
2005-10-01 04:00:00,9806.0
2005-10-01 05:00:00,10189.0
2005-10-01 06:00:00,10972.0
2005-10-01 07:00:00,11972.0
2005-10-01 08:00:00,13160.0
2005-10-01 09:00:00,13891.0
2005-10-01 10:00:00,14167.0
2005-10-01 11:00:00,14177.0
2005-10-01 12:00:00,14043.0
2005-10-01 13:00:00,13862.0
2005-10-01 14:00:00,13683.0
2005-10-01 15:00:00,13625.0
2005-10-01 16:00:00,13688.0
2005-10-01 17:00:00,13914.0
2005-10-01 18:00:00,14423.0
2005-10-01 19:00:00,14891.0
2005-10-01 20:00:00,14380.0
2005-10-01 21:00:00,13615.0
2005-10-01 22:00:00,12489.0
2005-10-01 23:00:00,11319.0
2005-10-02 00:00:00,10451.0
2005-10-02 01:00:00,9902.0
2005-10-02 02:00:00,9607.0
2005-10-02 03:00:00,9442.0
2005-10-02 04:00:00,9428.0
2005-10-02 05:00:00,9632.0
2005-10-02 06:00:00,10061.0
2005-10-02 07:00:00,10777.0
2005-10-02 08:00:00,11951.0
2005-10-02 09:00:00,12844.0
2005-10-02 10:00:00,13357.0
2005-10-02 11:00:00,13664.0
2005-10-02 12:00:00,13811.0
2005-10-02 13:00:00,13825.0
2005-10-02 14:00:00,13807.0
2005-10-02 15:00:00,13839.0
2005-10-02 16:00:00,14066.0
2005-10-02 17:00:00,14371.0
2005-10-02 18:00:00,15083.0
2005-10-02 19:00:00,15723.0
2005-10-02 20:00:00,15093.0
2005-10-02 21:00:00,13911.0
2005-10-02 22:00:00,12497.0
2005-10-02 23:00:00,11256.0
2005-10-03 00:00:00,10424.0
2005-10-03 01:00:00,9980.0
2005-10-03 02:00:00,9782.0
2005-10-03 03:00:00,9736.0
2005-10-03 04:00:00,10000.0
2005-10-03 05:00:00,11114.0
2005-10-03 06:00:00,13285.0
2005-10-03 07:00:00,14648.0
2005-10-03 08:00:00,15251.0
2005-10-03 09:00:00,15752.0
2005-10-03 10:00:00,16238.0
2005-10-03 11:00:00,16524.0
2005-10-03 12:00:00,16647.0
2005-10-03 13:00:00,16810.0
2005-10-03 14:00:00,16811.0
2005-10-03 15:00:00,16779.0
2005-10-03 16:00:00,16784.0
2005-10-03 17:00:00,16777.0
2005-10-03 18:00:00,17220.0
2005-10-03 19:00:00,17530.0
2005-10-03 20:00:00,16720.0
2005-10-03 21:00:00,15372.0
2005-10-03 22:00:00,13662.0
2005-10-03 23:00:00,12178.0
2005-10-04 00:00:00,11168.0
2005-10-04 01:00:00,10645.0
2005-10-04 02:00:00,10383.0
2005-10-04 03:00:00,10301.0
2005-10-04 04:00:00,10541.0
2005-10-04 05:00:00,11595.0
2005-10-04 06:00:00,13717.0
2005-10-04 07:00:00,15079.0
2005-10-04 08:00:00,15739.0
2005-10-04 09:00:00,16186.0
2005-10-04 10:00:00,16566.0
2005-10-04 11:00:00,16817.0
2005-10-04 12:00:00,16959.0
2005-10-04 13:00:00,17148.0
2005-10-04 14:00:00,17182.0
2005-10-04 15:00:00,17164.0
2005-10-04 16:00:00,17160.0
2005-10-04 17:00:00,17053.0
2005-10-04 18:00:00,17397.0
2005-10-04 19:00:00,17746.0
2005-10-04 20:00:00,16932.0
2005-10-04 21:00:00,15560.0
2005-10-04 22:00:00,13800.0
2005-10-04 23:00:00,12288.0
2005-10-05 00:00:00,11309.0
2005-10-05 01:00:00,10750.0
2005-10-05 02:00:00,10454.0
2005-10-05 03:00:00,10371.0
2005-10-05 04:00:00,10617.0
2005-10-05 05:00:00,11683.0
2005-10-05 06:00:00,13837.0
2005-10-05 07:00:00,15196.0
2005-10-05 08:00:00,15731.0
2005-10-05 09:00:00,16132.0
2005-10-05 10:00:00,16490.0
2005-10-05 11:00:00,16839.0
2005-10-05 12:00:00,17074.0
2005-10-05 13:00:00,17382.0
2005-10-05 14:00:00,17408.0
2005-10-05 15:00:00,17403.0
2005-10-05 16:00:00,17399.0
2005-10-05 17:00:00,17350.0
2005-10-05 18:00:00,17840.0
2005-10-05 19:00:00,18195.0
2005-10-05 20:00:00,17455.0
2005-10-05 21:00:00,16119.0
2005-10-05 22:00:00,14346.0
2005-10-05 23:00:00,12744.0
2005-10-06 00:00:00,11705.0
2005-10-06 01:00:00,11155.0
2005-10-06 02:00:00,10871.0
2005-10-06 03:00:00,10778.0
2005-10-06 04:00:00,11038.0
2005-10-06 05:00:00,12160.0
2005-10-06 06:00:00,14462.0
2005-10-06 07:00:00,15867.0
2005-10-06 08:00:00,16420.0
2005-10-06 09:00:00,16863.0
2005-10-06 10:00:00,17301.0
2005-10-06 11:00:00,17583.0
2005-10-06 12:00:00,17689.0
2005-10-06 13:00:00,17871.0
2005-10-06 14:00:00,17861.0
2005-10-06 15:00:00,17822.0
2005-10-06 16:00:00,17743.0
2005-10-06 17:00:00,17605.0
2005-10-06 18:00:00,18078.0
2005-10-06 19:00:00,18402.0
2005-10-06 20:00:00,17672.0
2005-10-06 21:00:00,16431.0
2005-10-06 22:00:00,14725.0
2005-10-06 23:00:00,13160.0
2005-10-07 00:00:00,12105.0
2005-10-07 01:00:00,11547.0
2005-10-07 02:00:00,11263.0
2005-10-07 03:00:00,11179.0
2005-10-07 04:00:00,11437.0
2005-10-07 05:00:00,12565.0
2005-10-07 06:00:00,14801.0
2005-10-07 07:00:00,16292.0
2005-10-07 08:00:00,17092.0
2005-10-07 09:00:00,17751.0
2005-10-07 10:00:00,18287.0
2005-10-07 11:00:00,18580.0
2005-10-07 12:00:00,18602.0
2005-10-07 13:00:00,18589.0
2005-10-07 14:00:00,18308.0
2005-10-07 15:00:00,18005.0
2005-10-07 16:00:00,17876.0
2005-10-07 17:00:00,17899.0
2005-10-07 18:00:00,18301.0
2005-10-07 19:00:00,18151.0
2005-10-07 20:00:00,17558.0
2005-10-07 21:00:00,16539.0
2005-10-07 22:00:00,15161.0
2005-10-07 23:00:00,13718.0
2005-10-08 00:00:00,12599.0
2005-10-08 01:00:00,11961.0
2005-10-08 02:00:00,11562.0
2005-10-08 03:00:00,11361.0
2005-10-08 04:00:00,11400.0
2005-10-08 05:00:00,11809.0
2005-10-08 06:00:00,12667.0
2005-10-08 07:00:00,13790.0
2005-10-08 08:00:00,15190.0
2005-10-08 09:00:00,16330.0
2005-10-08 10:00:00,17040.0
2005-10-08 11:00:00,17230.0
2005-10-08 12:00:00,17084.0
2005-10-08 13:00:00,16797.0
2005-10-08 14:00:00,16463.0
2005-10-08 15:00:00,16259.0
2005-10-08 16:00:00,16330.0
2005-10-08 17:00:00,16650.0
2005-10-08 18:00:00,17045.0
2005-10-08 19:00:00,16658.0
2005-10-08 20:00:00,15873.0
2005-10-08 21:00:00,14950.0
2005-10-08 22:00:00,13678.0
2005-10-08 23:00:00,12414.0
2005-10-09 00:00:00,11322.0
2005-10-09 01:00:00,10659.0
2005-10-09 02:00:00,10237.0
2005-10-09 03:00:00,10033.0
2005-10-09 04:00:00,9967.0
2005-10-09 05:00:00,10095.0
2005-10-09 06:00:00,10500.0
2005-10-09 07:00:00,11117.0
2005-10-09 08:00:00,12177.0
2005-10-09 09:00:00,13112.0
2005-10-09 10:00:00,13643.0
2005-10-09 11:00:00,13954.0
2005-10-09 12:00:00,14016.0
2005-10-09 13:00:00,13891.0
2005-10-09 14:00:00,13740.0
2005-10-09 15:00:00,13704.0
2005-10-09 16:00:00,13921.0
2005-10-09 17:00:00,14407.0
2005-10-09 18:00:00,15064.0
2005-10-09 19:00:00,15077.0
2005-10-09 20:00:00,14511.0
2005-10-09 21:00:00,13603.0
2005-10-09 22:00:00,12527.0
2005-10-09 23:00:00,11461.0
2005-10-10 00:00:00,10570.0
2005-10-10 01:00:00,10083.0
2005-10-10 02:00:00,9824.0
2005-10-10 03:00:00,9753.0
2005-10-10 04:00:00,9933.0
2005-10-10 05:00:00,10654.0
2005-10-10 06:00:00,11936.0
2005-10-10 07:00:00,13107.0
2005-10-10 08:00:00,14188.0
2005-10-10 09:00:00,15107.0
2005-10-10 10:00:00,15659.0
2005-10-10 11:00:00,15838.0
2005-10-10 12:00:00,15782.0
2005-10-10 13:00:00,15657.0
2005-10-10 14:00:00,15459.0
2005-10-10 15:00:00,15407.0
2005-10-10 16:00:00,15663.0
2005-10-10 17:00:00,16163.0
2005-10-10 18:00:00,16806.0
2005-10-10 19:00:00,16698.0
2005-10-10 20:00:00,15966.0
2005-10-10 21:00:00,14793.0
2005-10-10 22:00:00,13243.0
2005-10-10 23:00:00,11866.0
2005-10-11 00:00:00,10929.0
2005-10-11 01:00:00,10394.0
2005-10-11 02:00:00,10111.0
2005-10-11 03:00:00,10029.0
2005-10-11 04:00:00,10292.0
2005-10-11 05:00:00,11374.0
2005-10-11 06:00:00,13587.0
2005-10-11 07:00:00,15126.0
2005-10-11 08:00:00,15643.0
2005-10-11 09:00:00,15967.0
2005-10-11 10:00:00,16236.0
2005-10-11 11:00:00,16311.0
2005-10-11 12:00:00,16280.0
2005-10-11 13:00:00,16256.0
2005-10-11 14:00:00,16075.0
2005-10-11 15:00:00,16018.0
2005-10-11 16:00:00,16210.0
2005-10-11 17:00:00,16666.0
2005-10-11 18:00:00,17300.0
2005-10-11 19:00:00,17192.0
2005-10-11 20:00:00,16428.0
2005-10-11 21:00:00,15184.0
2005-10-11 22:00:00,13520.0
2005-10-11 23:00:00,12053.0
2005-10-12 00:00:00,11071.0
2005-10-12 01:00:00,10560.0
2005-10-12 02:00:00,10283.0
2005-10-12 03:00:00,10217.0
2005-10-12 04:00:00,10450.0
2005-10-12 05:00:00,11490.0
2005-10-12 06:00:00,13706.0
2005-10-12 07:00:00,15254.0
2005-10-12 08:00:00,15742.0
2005-10-12 09:00:00,16026.0
2005-10-12 10:00:00,16241.0
2005-10-12 11:00:00,16279.0
2005-10-12 12:00:00,16200.0
2005-10-12 13:00:00,16154.0
2005-10-12 14:00:00,16002.0
2005-10-12 15:00:00,16010.0
2005-10-12 16:00:00,16259.0
2005-10-12 17:00:00,16710.0
2005-10-12 18:00:00,17353.0
2005-10-12 19:00:00,17183.0
2005-10-12 20:00:00,16475.0
2005-10-12 21:00:00,15215.0
2005-10-12 22:00:00,13606.0
2005-10-12 23:00:00,12119.0
2005-10-13 00:00:00,11152.0
2005-10-13 01:00:00,10623.0
2005-10-13 02:00:00,10345.0
2005-10-13 03:00:00,10277.0
2005-10-13 04:00:00,10525.0
2005-10-13 05:00:00,11573.0
2005-10-13 06:00:00,13651.0
2005-10-13 07:00:00,15146.0
2005-10-13 08:00:00,15747.0
2005-10-13 09:00:00,16119.0
2005-10-13 10:00:00,16398.0
2005-10-13 11:00:00,16433.0
2005-10-13 12:00:00,16355.0
2005-10-13 13:00:00,16314.0
2005-10-13 14:00:00,16130.0
2005-10-13 15:00:00,16083.0
2005-10-13 16:00:00,16252.0
2005-10-13 17:00:00,16607.0
2005-10-13 18:00:00,17276.0
2005-10-13 19:00:00,17152.0
2005-10-13 20:00:00,16441.0
2005-10-13 21:00:00,15252.0
2005-10-13 22:00:00,13618.0
2005-10-13 23:00:00,12148.0
2005-10-14 00:00:00,11138.0
2005-10-14 01:00:00,10631.0
2005-10-14 02:00:00,10355.0
2005-10-14 03:00:00,10271.0
2005-10-14 04:00:00,10503.0
2005-10-14 05:00:00,11519.0
2005-10-14 06:00:00,13703.0
2005-10-14 07:00:00,15324.0
2005-10-14 08:00:00,15889.0
2005-10-14 09:00:00,16217.0
2005-10-14 10:00:00,16481.0
2005-10-14 11:00:00,16536.0
2005-10-14 12:00:00,16409.0
2005-10-14 13:00:00,16328.0
2005-10-14 14:00:00,16144.0
2005-10-14 15:00:00,16055.0
2005-10-14 16:00:00,16161.0
2005-10-14 17:00:00,16470.0
2005-10-14 18:00:00,16854.0
2005-10-14 19:00:00,16474.0
2005-10-14 20:00:00,15800.0
2005-10-14 21:00:00,14879.0
2005-10-14 22:00:00,13679.0
2005-10-14 23:00:00,12412.0
2005-10-15 00:00:00,11372.0
2005-10-15 01:00:00,10755.0
2005-10-15 02:00:00,10420.0
2005-10-15 03:00:00,10278.0
2005-10-15 04:00:00,10294.0
2005-10-15 05:00:00,10638.0
2005-10-15 06:00:00,11420.0
2005-10-15 07:00:00,12470.0
2005-10-15 08:00:00,13670.0
2005-10-15 09:00:00,14659.0
2005-10-15 10:00:00,15181.0
2005-10-15 11:00:00,15307.0
2005-10-15 12:00:00,15229.0
2005-10-15 13:00:00,14987.0
2005-10-15 14:00:00,14749.0
2005-10-15 15:00:00,14615.0
2005-10-15 16:00:00,14698.0
2005-10-15 17:00:00,14962.0
2005-10-15 18:00:00,15540.0
2005-10-15 19:00:00,15416.0
2005-10-15 20:00:00,14915.0
2005-10-15 21:00:00,14104.0
2005-10-15 22:00:00,13056.0
2005-10-15 23:00:00,11958.0
2005-10-16 00:00:00,10990.0
2005-10-16 01:00:00,10355.0
2005-10-16 02:00:00,10043.0
2005-10-16 03:00:00,9864.0
2005-10-16 04:00:00,9844.0
2005-10-16 05:00:00,10039.0
2005-10-16 06:00:00,10526.0
2005-10-16 07:00:00,11112.0
2005-10-16 08:00:00,12220.0
2005-10-16 09:00:00,13107.0
2005-10-16 10:00:00,13598.0
2005-10-16 11:00:00,13876.0
2005-10-16 12:00:00,13932.0
2005-10-16 13:00:00,13805.0
2005-10-16 14:00:00,13681.0
2005-10-16 15:00:00,13675.0
2005-10-16 16:00:00,13988.0
2005-10-16 17:00:00,14600.0
2005-10-16 18:00:00,15693.0
2005-10-16 19:00:00,15678.0
2005-10-16 20:00:00,15122.0
2005-10-16 21:00:00,14025.0
2005-10-16 22:00:00,12703.0
2005-10-16 23:00:00,11504.0
2005-10-17 00:00:00,10612.0
2005-10-17 01:00:00,10172.0
2005-10-17 02:00:00,9976.0
2005-10-17 03:00:00,9956.0
2005-10-17 04:00:00,10250.0
2005-10-17 05:00:00,11394.0
2005-10-17 06:00:00,13655.0
2005-10-17 07:00:00,15015.0
2005-10-17 08:00:00,15418.0
2005-10-17 09:00:00,15670.0
2005-10-17 10:00:00,15920.0
2005-10-17 11:00:00,15963.0
2005-10-17 12:00:00,15885.0
2005-10-17 13:00:00,15851.0
2005-10-17 14:00:00,15716.0
2005-10-17 15:00:00,15587.0
2005-10-17 16:00:00,15665.0
2005-10-17 17:00:00,16014.0
2005-10-17 18:00:00,17071.0
2005-10-17 19:00:00,17105.0
2005-10-17 20:00:00,16371.0
2005-10-17 21:00:00,15162.0
2005-10-17 22:00:00,13490.0
2005-10-17 23:00:00,12025.0
2005-10-18 00:00:00,11022.0
2005-10-18 01:00:00,10508.0
2005-10-18 02:00:00,10280.0
2005-10-18 03:00:00,10221.0
2005-10-18 04:00:00,10493.0
2005-10-18 05:00:00,11560.0
2005-10-18 06:00:00,13832.0
2005-10-18 07:00:00,15368.0
2005-10-18 08:00:00,15685.0
2005-10-18 09:00:00,15904.0
2005-10-18 10:00:00,16083.0
2005-10-18 11:00:00,16062.0
2005-10-18 12:00:00,16011.0
2005-10-18 13:00:00,16000.0
2005-10-18 14:00:00,15836.0
2005-10-18 15:00:00,15749.0
2005-10-18 16:00:00,15823.0
2005-10-18 17:00:00,16184.0
2005-10-18 18:00:00,17135.0
2005-10-18 19:00:00,17074.0
2005-10-18 20:00:00,16333.0
2005-10-18 21:00:00,15103.0
2005-10-18 22:00:00,13416.0
2005-10-18 23:00:00,11927.0
2005-10-19 00:00:00,10968.0
2005-10-19 01:00:00,10461.0
2005-10-19 02:00:00,10223.0
2005-10-19 03:00:00,10165.0
2005-10-19 04:00:00,10379.0
2005-10-19 05:00:00,11501.0
2005-10-19 06:00:00,13731.0
2005-10-19 07:00:00,15031.0
2005-10-19 08:00:00,15356.0
2005-10-19 09:00:00,15585.0
2005-10-19 10:00:00,15782.0
2005-10-19 11:00:00,15823.0
2005-10-19 12:00:00,15757.0
2005-10-19 13:00:00,15765.0
2005-10-19 14:00:00,15641.0
2005-10-19 15:00:00,15551.0
2005-10-19 16:00:00,15655.0
2005-10-19 17:00:00,16099.0
2005-10-19 18:00:00,17053.0
2005-10-19 19:00:00,16967.0
2005-10-19 20:00:00,16300.0
2005-10-19 21:00:00,15065.0
2005-10-19 22:00:00,13440.0
2005-10-19 23:00:00,11976.0
2005-10-20 00:00:00,10940.0
2005-10-20 01:00:00,10411.0
2005-10-20 02:00:00,10136.0
2005-10-20 03:00:00,10063.0
2005-10-20 04:00:00,10328.0
2005-10-20 05:00:00,11423.0
2005-10-20 06:00:00,13685.0
2005-10-20 07:00:00,15003.0
2005-10-20 08:00:00,15346.0
2005-10-20 09:00:00,15530.0
2005-10-20 10:00:00,15673.0
2005-10-20 11:00:00,15647.0
2005-10-20 12:00:00,15526.0
2005-10-20 13:00:00,15475.0
2005-10-20 14:00:00,15322.0
2005-10-20 15:00:00,15200.0
2005-10-20 16:00:00,15288.0
2005-10-20 17:00:00,15703.0
2005-10-20 18:00:00,16830.0
2005-10-20 19:00:00,16861.0
2005-10-20 20:00:00,16224.0
2005-10-20 21:00:00,15074.0
2005-10-20 22:00:00,13516.0
2005-10-20 23:00:00,12090.0
2005-10-21 00:00:00,11079.0
2005-10-21 01:00:00,10581.0
2005-10-21 02:00:00,10358.0
2005-10-21 03:00:00,10292.0
2005-10-21 04:00:00,10543.0
2005-10-21 05:00:00,11643.0
2005-10-21 06:00:00,13926.0
2005-10-21 07:00:00,15301.0
2005-10-21 08:00:00,15609.0
2005-10-21 09:00:00,15766.0
2005-10-21 10:00:00,15863.0
2005-10-21 11:00:00,15788.0
2005-10-21 12:00:00,15623.0
2005-10-21 13:00:00,15521.0
2005-10-21 14:00:00,15292.0
2005-10-21 15:00:00,15059.0
2005-10-21 16:00:00,15030.0
2005-10-21 17:00:00,15314.0
2005-10-21 18:00:00,16309.0
2005-10-21 19:00:00,16136.0
2005-10-21 20:00:00,15549.0
2005-10-21 21:00:00,14702.0
2005-10-21 22:00:00,13479.0
2005-10-21 23:00:00,12183.0
2005-10-22 00:00:00,11241.0
2005-10-22 01:00:00,10685.0
2005-10-22 02:00:00,10389.0
2005-10-22 03:00:00,10258.0
2005-10-22 04:00:00,10343.0
2005-10-22 05:00:00,10785.0
2005-10-22 06:00:00,11643.0
2005-10-22 07:00:00,12652.0
2005-10-22 08:00:00,13851.0
2005-10-22 09:00:00,14660.0
2005-10-22 10:00:00,14982.0
2005-10-22 11:00:00,14969.0
2005-10-22 12:00:00,14803.0
2005-10-22 13:00:00,14599.0
2005-10-22 14:00:00,14403.0
2005-10-22 15:00:00,14388.0
2005-10-22 16:00:00,14676.0
2005-10-22 17:00:00,15330.0
2005-10-22 18:00:00,15790.0
2005-10-22 19:00:00,15462.0
2005-10-22 20:00:00,14892.0
2005-10-22 21:00:00,14144.0
2005-10-22 22:00:00,13087.0
2005-10-22 23:00:00,12000.0
2005-10-23 00:00:00,11055.0
2005-10-23 01:00:00,10437.0
2005-10-23 02:00:00,10155.0
2005-10-23 03:00:00,9975.0
2005-10-23 04:00:00,9978.0
2005-10-23 05:00:00,10203.0
2005-10-23 06:00:00,10711.0
2005-10-23 07:00:00,11472.0
2005-10-23 08:00:00,12582.0
2005-10-23 09:00:00,13559.0
2005-10-23 10:00:00,14105.0
2005-10-23 11:00:00,14420.0
2005-10-23 12:00:00,14464.0
2005-10-23 13:00:00,14316.0
2005-10-23 14:00:00,14157.0
2005-10-23 15:00:00,14166.0
2005-10-23 16:00:00,14477.0
2005-10-23 17:00:00,15229.0
2005-10-23 18:00:00,16067.0
2005-10-23 19:00:00,15910.0
2005-10-23 20:00:00,15323.0
2005-10-23 21:00:00,14230.0
2005-10-23 22:00:00,12889.0
2005-10-23 23:00:00,11672.0
2005-10-24 00:00:00,10808.0
2005-10-24 01:00:00,10351.0
2005-10-24 02:00:00,10182.0
2005-10-24 03:00:00,10186.0
2005-10-24 04:00:00,10515.0
2005-10-24 05:00:00,11689.0
2005-10-24 06:00:00,14105.0
2005-10-24 07:00:00,15585.0
2005-10-24 08:00:00,15953.0
2005-10-24 09:00:00,16156.0
2005-10-24 10:00:00,16322.0
2005-10-24 11:00:00,16321.0
2005-10-24 12:00:00,16244.0
2005-10-24 13:00:00,16208.0
2005-10-24 14:00:00,16071.0
2005-10-24 15:00:00,16097.0
2005-10-24 16:00:00,16441.0
2005-10-24 17:00:00,17243.0
2005-10-24 18:00:00,17896.0
2005-10-24 19:00:00,17550.0
2005-10-24 20:00:00,16731.0
2005-10-24 21:00:00,15464.0
2005-10-24 22:00:00,13830.0
2005-10-24 23:00:00,12329.0
2005-10-25 00:00:00,11355.0
2005-10-25 01:00:00,10839.0
2005-10-25 02:00:00,10589.0
2005-10-25 03:00:00,10517.0
2005-10-25 04:00:00,10785.0
2005-10-25 05:00:00,11868.0
2005-10-25 06:00:00,14181.0
2005-10-25 07:00:00,15870.0
2005-10-25 08:00:00,16265.0
2005-10-25 09:00:00,16518.0
2005-10-25 10:00:00,16707.0
2005-10-25 11:00:00,16720.0
2005-10-25 12:00:00,16675.0
2005-10-25 13:00:00,16708.0
2005-10-25 14:00:00,16533.0
2005-10-25 15:00:00,16552.0
2005-10-25 16:00:00,16957.0
2005-10-25 17:00:00,17712.0
2005-10-25 18:00:00,18157.0
2005-10-25 19:00:00,17738.0
2005-10-25 20:00:00,16911.0
2005-10-25 21:00:00,15663.0
2005-10-25 22:00:00,14061.0
2005-10-25 23:00:00,12617.0
2005-10-26 00:00:00,11627.0
2005-10-26 01:00:00,11130.0
2005-10-26 02:00:00,10867.0
2005-10-26 03:00:00,10816.0
2005-10-26 04:00:00,11072.0
2005-10-26 05:00:00,12222.0
2005-10-26 06:00:00,14532.0
2005-10-26 07:00:00,15966.0
2005-10-26 08:00:00,16181.0
2005-10-26 09:00:00,16261.0
2005-10-26 10:00:00,16354.0
2005-10-26 11:00:00,16294.0
2005-10-26 12:00:00,16136.0
2005-10-26 13:00:00,16062.0
2005-10-26 14:00:00,15888.0
2005-10-26 15:00:00,15807.0
2005-10-26 16:00:00,15974.0
2005-10-26 17:00:00,16583.0
2005-10-26 18:00:00,17695.0
2005-10-26 19:00:00,17514.0
2005-10-26 20:00:00,16879.0
2005-10-26 21:00:00,15713.0
2005-10-26 22:00:00,14100.0
2005-10-26 23:00:00,12675.0
2005-10-27 00:00:00,11711.0
2005-10-27 01:00:00,11179.0
2005-10-27 02:00:00,10938.0
2005-10-27 03:00:00,10917.0
2005-10-27 04:00:00,11202.0
2005-10-27 05:00:00,12366.0
2005-10-27 06:00:00,14753.0
2005-10-27 07:00:00,16118.0
2005-10-27 08:00:00,16265.0
2005-10-27 09:00:00,16303.0
2005-10-27 10:00:00,16335.0
2005-10-27 11:00:00,16240.0
2005-10-27 12:00:00,16108.0
2005-10-27 13:00:00,16066.0
2005-10-27 14:00:00,15964.0
2005-10-27 15:00:00,15966.0
2005-10-27 16:00:00,16268.0
2005-10-27 17:00:00,16949.0
2005-10-27 18:00:00,17731.0
2005-10-27 19:00:00,17534.0
2005-10-27 20:00:00,16834.0
2005-10-27 21:00:00,15696.0
2005-10-27 22:00:00,14083.0
2005-10-27 23:00:00,12642.0
2005-10-28 00:00:00,11619.0
2005-10-28 01:00:00,11112.0
2005-10-28 02:00:00,10881.0
2005-10-28 03:00:00,10844.0
2005-10-28 04:00:00,11098.0
2005-10-28 05:00:00,12314.0
2005-10-28 06:00:00,14640.0
2005-10-28 07:00:00,16151.0
2005-10-28 08:00:00,16423.0
2005-10-28 09:00:00,16517.0
2005-10-28 10:00:00,16557.0
2005-10-28 11:00:00,16400.0
2005-10-28 12:00:00,16133.0
2005-10-28 13:00:00,16013.0
2005-10-28 14:00:00,15777.0
2005-10-28 15:00:00,15641.0
2005-10-28 16:00:00,15797.0
2005-10-28 17:00:00,16373.0
2005-10-28 18:00:00,17089.0
2005-10-28 19:00:00,16690.0
2005-10-28 20:00:00,16065.0
2005-10-28 21:00:00,15242.0
2005-10-28 22:00:00,13998.0
2005-10-28 23:00:00,12696.0
2005-10-29 00:00:00,11740.0
2005-10-29 01:00:00,11186.0
2005-10-29 02:00:00,10910.0
2005-10-29 03:00:00,10795.0
2005-10-29 04:00:00,10870.0
2005-10-29 05:00:00,11298.0
2005-10-29 06:00:00,12157.0
2005-10-29 07:00:00,13237.0
2005-10-29 08:00:00,14368.0
2005-10-29 09:00:00,15126.0
2005-10-29 10:00:00,15362.0
2005-10-29 11:00:00,15318.0
2005-10-29 12:00:00,15092.0
2005-10-29 13:00:00,14816.0
2005-10-29 14:00:00,14605.0
2005-10-29 15:00:00,14556.0
2005-10-29 16:00:00,14928.0
2005-10-29 17:00:00,15666.0
2005-10-29 18:00:00,16261.0
2005-10-29 19:00:00,15886.0
2005-10-29 20:00:00,15281.0
2005-10-29 21:00:00,14536.0
2005-10-29 22:00:00,13551.0
2005-10-29 23:00:00,12490.0
2005-10-30 00:00:00,11553.0
2005-10-30 01:00:00,21607.0
2005-10-30 02:00:00,10454.0
2005-10-30 03:00:00,10412.0
2005-10-30 04:00:00,10533.0
2005-10-30 05:00:00,10917.0
2005-10-30 06:00:00,11518.0
2005-10-30 07:00:00,12491.0
2005-10-30 08:00:00,13397.0
2005-10-30 09:00:00,13761.0
2005-10-30 10:00:00,13818.0
2005-10-30 11:00:00,13758.0
2005-10-30 12:00:00,13604.0
2005-10-30 13:00:00,13390.0
2005-10-30 14:00:00,13199.0
2005-10-30 15:00:00,13336.0
2005-10-30 16:00:00,14240.0
2005-10-30 17:00:00,15879.0
2005-10-30 18:00:00,15867.0
2005-10-30 19:00:00,15415.0
2005-10-30 20:00:00,14714.0
2005-10-30 21:00:00,13584.0
2005-10-30 22:00:00,12365.0
2005-10-30 23:00:00,11319.0
2005-10-31 00:00:00,10548.0
2005-10-31 01:00:00,10201.0
2005-10-31 02:00:00,10076.0
2005-10-31 03:00:00,10121.0
2005-10-31 04:00:00,10541.0
2005-10-31 05:00:00,11872.0
2005-10-31 06:00:00,14045.0
2005-10-31 07:00:00,15267.0
2005-10-31 08:00:00,15583.0
2005-10-31 09:00:00,15733.0
2005-10-31 10:00:00,15889.0
2005-10-31 11:00:00,15903.0
2005-10-31 12:00:00,15793.0
2005-10-31 13:00:00,15748.0
2005-10-31 14:00:00,15596.0
2005-10-31 15:00:00,15568.0
2005-10-31 16:00:00,16188.0
2005-10-31 17:00:00,17138.0
2005-10-31 18:00:00,16562.0
2005-10-31 19:00:00,16017.0
2005-10-31 20:00:00,15510.0
2005-10-31 21:00:00,14436.0
2005-10-31 22:00:00,12853.0
2005-10-31 23:00:00,11620.0
2005-11-01 00:00:00,10811.0
2005-11-01 01:00:00,10379.0
2005-11-01 02:00:00,10192.0
2005-11-01 03:00:00,10197.0
2005-11-01 04:00:00,10525.0
2005-11-01 05:00:00,11757.0
2005-11-01 06:00:00,13813.0
2005-11-01 07:00:00,15059.0
2005-11-01 08:00:00,15382.0
2005-11-01 09:00:00,15554.0
2005-11-01 10:00:00,15767.0
2005-11-01 11:00:00,15811.0
2005-11-01 12:00:00,15729.0
2005-11-01 13:00:00,15633.0
2005-11-01 14:00:00,15484.0
2005-11-01 15:00:00,15434.0
2005-11-01 16:00:00,16224.0
2005-11-01 17:00:00,17600.0
2005-11-01 18:00:00,17474.0
2005-11-01 19:00:00,16914.0
2005-11-01 20:00:00,16031.0
2005-11-01 21:00:00,14735.0
2005-11-01 22:00:00,13082.0
2005-11-01 23:00:00,11708.0
2005-11-02 00:00:00,10853.0
2005-11-02 01:00:00,10389.0
2005-11-02 02:00:00,10174.0
2005-11-02 03:00:00,10124.0
2005-11-02 04:00:00,10416.0
2005-11-02 05:00:00,11622.0
2005-11-02 06:00:00,13772.0
2005-11-02 07:00:00,15011.0
2005-11-02 08:00:00,15327.0
2005-11-02 09:00:00,15515.0
2005-11-02 10:00:00,15685.0
2005-11-02 11:00:00,15680.0
2005-11-02 12:00:00,15533.0
2005-11-02 13:00:00,15503.0
2005-11-02 14:00:00,15364.0
2005-11-02 15:00:00,15376.0
2005-11-02 16:00:00,16123.0
2005-11-02 17:00:00,17525.0
2005-11-02 18:00:00,17504.0
2005-11-02 19:00:00,17005.0
2005-11-02 20:00:00,16229.0
2005-11-02 21:00:00,14991.0
2005-11-02 22:00:00,13387.0
2005-11-02 23:00:00,12013.0
2005-11-03 00:00:00,11188.0
2005-11-03 01:00:00,10791.0
2005-11-03 02:00:00,10602.0
2005-11-03 03:00:00,10599.0
2005-11-03 04:00:00,10979.0
2005-11-03 05:00:00,12249.0
2005-11-03 06:00:00,14375.0
2005-11-03 07:00:00,15604.0
2005-11-03 08:00:00,15796.0
2005-11-03 09:00:00,15868.0
2005-11-03 10:00:00,15949.0
2005-11-03 11:00:00,15899.0
2005-11-03 12:00:00,15714.0
2005-11-03 13:00:00,15640.0
2005-11-03 14:00:00,15459.0
2005-11-03 15:00:00,15446.0
2005-11-03 16:00:00,16201.0
2005-11-03 17:00:00,17541.0
2005-11-03 18:00:00,17448.0
2005-11-03 19:00:00,16950.0
2005-11-03 20:00:00,16126.0
2005-11-03 21:00:00,14879.0
2005-11-03 22:00:00,13250.0
2005-11-03 23:00:00,11843.0
2005-11-04 00:00:00,10942.0
2005-11-04 01:00:00,10473.0
2005-11-04 02:00:00,10239.0
2005-11-04 03:00:00,10186.0
2005-11-04 04:00:00,10498.0
2005-11-04 05:00:00,11684.0
2005-11-04 06:00:00,13716.0
2005-11-04 07:00:00,14949.0
2005-11-04 08:00:00,15337.0
2005-11-04 09:00:00,15557.0
2005-11-04 10:00:00,15689.0
2005-11-04 11:00:00,15662.0
2005-11-04 12:00:00,15556.0
2005-11-04 13:00:00,15494.0
2005-11-04 14:00:00,15321.0
2005-11-04 15:00:00,15213.0
2005-11-04 16:00:00,15892.0
2005-11-04 17:00:00,16912.0
2005-11-04 18:00:00,16604.0
2005-11-04 19:00:00,15956.0
2005-11-04 20:00:00,15225.0
2005-11-04 21:00:00,14269.0
2005-11-04 22:00:00,12991.0
2005-11-04 23:00:00,11731.0
2005-11-05 00:00:00,10798.0
2005-11-05 01:00:00,10274.0
2005-11-05 02:00:00,9981.0
2005-11-05 03:00:00,9865.0
2005-11-05 04:00:00,9954.0
2005-11-05 05:00:00,10401.0
2005-11-05 06:00:00,11192.0
2005-11-05 07:00:00,12249.0
2005-11-05 08:00:00,13356.0
2005-11-05 09:00:00,13962.0
2005-11-05 10:00:00,14159.0
2005-11-05 11:00:00,14084.0
2005-11-05 12:00:00,13880.0
2005-11-05 13:00:00,13632.0
2005-11-05 14:00:00,13419.0
2005-11-05 15:00:00,13419.0
2005-11-05 16:00:00,14257.0
2005-11-05 17:00:00,15596.0
2005-11-05 18:00:00,15302.0
2005-11-05 19:00:00,14762.0
2005-11-05 20:00:00,14144.0
2005-11-05 21:00:00,13363.0
2005-11-05 22:00:00,12353.0
2005-11-05 23:00:00,11276.0
2005-11-06 00:00:00,10427.0
2005-11-06 01:00:00,9901.0
2005-11-06 02:00:00,9626.0
2005-11-06 03:00:00,9500.0
2005-11-06 04:00:00,9522.0
2005-11-06 05:00:00,9783.0
2005-11-06 06:00:00,10285.0
2005-11-06 07:00:00,11138.0
2005-11-06 08:00:00,12283.0
2005-11-06 09:00:00,13134.0
2005-11-06 10:00:00,13606.0
2005-11-06 11:00:00,13911.0
2005-11-06 12:00:00,13998.0
2005-11-06 13:00:00,13888.0
2005-11-06 14:00:00,13770.0
2005-11-06 15:00:00,13931.0
2005-11-06 16:00:00,14919.0
2005-11-06 17:00:00,16185.0
2005-11-06 18:00:00,15986.0
2005-11-06 19:00:00,15464.0
2005-11-06 20:00:00,14702.0
2005-11-06 21:00:00,13591.0
2005-11-06 22:00:00,12268.0
2005-11-06 23:00:00,11157.0
2005-11-07 00:00:00,10360.0
2005-11-07 01:00:00,9952.0
2005-11-07 02:00:00,9793.0
2005-11-07 03:00:00,9782.0
2005-11-07 04:00:00,10109.0
2005-11-07 05:00:00,11295.0
2005-11-07 06:00:00,13424.0
2005-11-07 07:00:00,14707.0
2005-11-07 08:00:00,15195.0
2005-11-07 09:00:00,15470.0
2005-11-07 10:00:00,15664.0
2005-11-07 11:00:00,15684.0
2005-11-07 12:00:00,15575.0
2005-11-07 13:00:00,15483.0
2005-11-07 14:00:00,15300.0
2005-11-07 15:00:00,15289.0
2005-11-07 16:00:00,16128.0
2005-11-07 17:00:00,17611.0
2005-11-07 18:00:00,17443.0
2005-11-07 19:00:00,16876.0
2005-11-07 20:00:00,16093.0
2005-11-07 21:00:00,14880.0
2005-11-07 22:00:00,13370.0
2005-11-07 23:00:00,11993.0
2005-11-08 00:00:00,11060.0
2005-11-08 01:00:00,10552.0
2005-11-08 02:00:00,10312.0
2005-11-08 03:00:00,10288.0
2005-11-08 04:00:00,10614.0
2005-11-08 05:00:00,11784.0
2005-11-08 06:00:00,13792.0
2005-11-08 07:00:00,14964.0
2005-11-08 08:00:00,15307.0
2005-11-08 09:00:00,15498.0
2005-11-08 10:00:00,15658.0
2005-11-08 11:00:00,15689.0
2005-11-08 12:00:00,15528.0
2005-11-08 13:00:00,15488.0
2005-11-08 14:00:00,15300.0
2005-11-08 15:00:00,15293.0
2005-11-08 16:00:00,16244.0
2005-11-08 17:00:00,17591.0
2005-11-08 18:00:00,17497.0
2005-11-08 19:00:00,16997.0
2005-11-08 20:00:00,16180.0
2005-11-08 21:00:00,14936.0
2005-11-08 22:00:00,13303.0
2005-11-08 23:00:00,11941.0
2005-11-09 00:00:00,11055.0
2005-11-09 01:00:00,10617.0
2005-11-09 02:00:00,10438.0
2005-11-09 03:00:00,10461.0
2005-11-09 04:00:00,10841.0
2005-11-09 05:00:00,12104.0
2005-11-09 06:00:00,14231.0
2005-11-09 07:00:00,15422.0
2005-11-09 08:00:00,15717.0
2005-11-09 09:00:00,15799.0
2005-11-09 10:00:00,15852.0
2005-11-09 11:00:00,15895.0
2005-11-09 12:00:00,15808.0
2005-11-09 13:00:00,15850.0
2005-11-09 14:00:00,15907.0
2005-11-09 15:00:00,16307.0
2005-11-09 16:00:00,17433.0
2005-11-09 17:00:00,18197.0
2005-11-09 18:00:00,17924.0
2005-11-09 19:00:00,17374.0
2005-11-09 20:00:00,16535.0
2005-11-09 21:00:00,15238.0
2005-11-09 22:00:00,13568.0
2005-11-09 23:00:00,12147.0
2005-11-10 00:00:00,11211.0
2005-11-10 01:00:00,10723.0
2005-11-10 02:00:00,10447.0
2005-11-10 03:00:00,10383.0
2005-11-10 04:00:00,10651.0
2005-11-10 05:00:00,11748.0
2005-11-10 06:00:00,13903.0
2005-11-10 07:00:00,15291.0
2005-11-10 08:00:00,15767.0
2005-11-10 09:00:00,15942.0
2005-11-10 10:00:00,16047.0
2005-11-10 11:00:00,15979.0
2005-11-10 12:00:00,15833.0
2005-11-10 13:00:00,15743.0
2005-11-10 14:00:00,15576.0
2005-11-10 15:00:00,15647.0
2005-11-10 16:00:00,16618.0
2005-11-10 17:00:00,17755.0
2005-11-10 18:00:00,17625.0
2005-11-10 19:00:00,17168.0
2005-11-10 20:00:00,16439.0
2005-11-10 21:00:00,15419.0
2005-11-10 22:00:00,13988.0
2005-11-10 23:00:00,12627.0
2005-11-11 00:00:00,11727.0
2005-11-11 01:00:00,11251.0
2005-11-11 02:00:00,11036.0
2005-11-11 03:00:00,11018.0
2005-11-11 04:00:00,11312.0
2005-11-11 05:00:00,12244.0
2005-11-11 06:00:00,13686.0
2005-11-11 07:00:00,14882.0
2005-11-11 08:00:00,15605.0
2005-11-11 09:00:00,15991.0
2005-11-11 10:00:00,16062.0
2005-11-11 11:00:00,15981.0
2005-11-11 12:00:00,15734.0
2005-11-11 13:00:00,15577.0
2005-11-11 14:00:00,15380.0
2005-11-11 15:00:00,15393.0
2005-11-11 16:00:00,16327.0
2005-11-11 17:00:00,17539.0
2005-11-11 18:00:00,17270.0
2005-11-11 19:00:00,16737.0
2005-11-11 20:00:00,16107.0
2005-11-11 21:00:00,15264.0
2005-11-11 22:00:00,14083.0
2005-11-11 23:00:00,12904.0
2005-11-12 00:00:00,12009.0
2005-11-12 01:00:00,11525.0
2005-11-12 02:00:00,11278.0
2005-11-12 03:00:00,11209.0
2005-11-12 04:00:00,11327.0
2005-11-12 05:00:00,11791.0
2005-11-12 06:00:00,12527.0
2005-11-12 07:00:00,13484.0
2005-11-12 08:00:00,14402.0
2005-11-12 09:00:00,14809.0
2005-11-12 10:00:00,14820.0
2005-11-12 11:00:00,14553.0
2005-11-12 12:00:00,14145.0
2005-11-12 13:00:00,13797.0
2005-11-12 14:00:00,13536.0
2005-11-12 15:00:00,13589.0
2005-11-12 16:00:00,14680.0
2005-11-12 17:00:00,16059.0
2005-11-12 18:00:00,15862.0
2005-11-12 19:00:00,15368.0
2005-11-12 20:00:00,14840.0
2005-11-12 21:00:00,14141.0
2005-11-12 22:00:00,13134.0
2005-11-12 23:00:00,12069.0
2005-11-13 00:00:00,11251.0
2005-11-13 01:00:00,10767.0
2005-11-13 02:00:00,10512.0
2005-11-13 03:00:00,10409.0
2005-11-13 04:00:00,10446.0
2005-11-13 05:00:00,10727.0
2005-11-13 06:00:00,11167.0
2005-11-13 07:00:00,11865.0
2005-11-13 08:00:00,12764.0
2005-11-13 09:00:00,13321.0
2005-11-13 10:00:00,13537.0
2005-11-13 11:00:00,13608.0
2005-11-13 12:00:00,13515.0
2005-11-13 13:00:00,13374.0
2005-11-13 14:00:00,13235.0
2005-11-13 15:00:00,13375.0
2005-11-13 16:00:00,14669.0
2005-11-13 17:00:00,16168.0
2005-11-13 18:00:00,15989.0
2005-11-13 19:00:00,15522.0
2005-11-13 20:00:00,14804.0
2005-11-13 21:00:00,13697.0
2005-11-13 22:00:00,12388.0
2005-11-13 23:00:00,11260.0
2005-11-14 00:00:00,10481.0
2005-11-14 01:00:00,10077.0
2005-11-14 02:00:00,9891.0
2005-11-14 03:00:00,9894.0
2005-11-14 04:00:00,10266.0
2005-11-14 05:00:00,11469.0
2005-11-14 06:00:00,13568.0
2005-11-14 07:00:00,14848.0
2005-11-14 08:00:00,15274.0
2005-11-14 09:00:00,15507.0
2005-11-14 10:00:00,15736.0
2005-11-14 11:00:00,15739.0
2005-11-14 12:00:00,15596.0
2005-11-14 13:00:00,15528.0
2005-11-14 14:00:00,15290.0
2005-11-14 15:00:00,15263.0
2005-11-14 16:00:00,16302.0
2005-11-14 17:00:00,17611.0
2005-11-14 18:00:00,17449.0
2005-11-14 19:00:00,16955.0
2005-11-14 20:00:00,16110.0
2005-11-14 21:00:00,14950.0
2005-11-14 22:00:00,13310.0
2005-11-14 23:00:00,11999.0
2005-11-15 00:00:00,11072.0
2005-11-15 01:00:00,10628.0
2005-11-15 02:00:00,10415.0
2005-11-15 03:00:00,10417.0
2005-11-15 04:00:00,10747.0
2005-11-15 05:00:00,11977.0
2005-11-15 06:00:00,14207.0
2005-11-15 07:00:00,15605.0
2005-11-15 08:00:00,16024.0
2005-11-15 09:00:00,16242.0
2005-11-15 10:00:00,16318.0
2005-11-15 11:00:00,16493.0
2005-11-15 12:00:00,16383.0
2005-11-15 13:00:00,16379.0
2005-11-15 14:00:00,16258.0
2005-11-15 15:00:00,16468.0
2005-11-15 16:00:00,17447.0
2005-11-15 17:00:00,18184.0
2005-11-15 18:00:00,17935.0
2005-11-15 19:00:00,17364.0
2005-11-15 20:00:00,16496.0
2005-11-15 21:00:00,15255.0
2005-11-15 22:00:00,13614.0
2005-11-15 23:00:00,12132.0
2005-11-16 00:00:00,11179.0
2005-11-16 01:00:00,10696.0
2005-11-16 02:00:00,10454.0
2005-11-16 03:00:00,10413.0
2005-11-16 04:00:00,10685.0
2005-11-16 05:00:00,11851.0
2005-11-16 06:00:00,14072.0
2005-11-16 07:00:00,15438.0
2005-11-16 08:00:00,15836.0
2005-11-16 09:00:00,16036.0
2005-11-16 10:00:00,16212.0
2005-11-16 11:00:00,16266.0
2005-11-16 12:00:00,16166.0
2005-11-16 13:00:00,16204.0
2005-11-16 14:00:00,16070.0
2005-11-16 15:00:00,16174.0
2005-11-16 16:00:00,17182.0
2005-11-16 17:00:00,18076.0
2005-11-16 18:00:00,17768.0
2005-11-16 19:00:00,17176.0
2005-11-16 20:00:00,16324.0
2005-11-16 21:00:00,15028.0
2005-11-16 22:00:00,13388.0
2005-11-16 23:00:00,11923.0
2005-11-17 00:00:00,10967.0
2005-11-17 01:00:00,10476.0
2005-11-17 02:00:00,10276.0
2005-11-17 03:00:00,10256.0
2005-11-17 04:00:00,10583.0
2005-11-17 05:00:00,11771.0
2005-11-17 06:00:00,14035.0
2005-11-17 07:00:00,15302.0
2005-11-17 08:00:00,15600.0
2005-11-17 09:00:00,15737.0
2005-11-17 10:00:00,15851.0
2005-11-17 11:00:00,15797.0
2005-11-17 12:00:00,15645.0
2005-11-17 13:00:00,15596.0
2005-11-17 14:00:00,15485.0
2005-11-17 15:00:00,15613.0
2005-11-17 16:00:00,16770.0
2005-11-17 17:00:00,18074.0
2005-11-17 18:00:00,18037.0
2005-11-17 19:00:00,17627.0
2005-11-17 20:00:00,16967.0
2005-11-17 21:00:00,15862.0
2005-11-17 22:00:00,14281.0
2005-11-17 23:00:00,12875.0
2005-11-18 00:00:00,11969.0
2005-11-18 01:00:00,11545.0
2005-11-18 02:00:00,11342.0
2005-11-18 03:00:00,11323.0
2005-11-18 04:00:00,11655.0
2005-11-18 05:00:00,12878.0
2005-11-18 06:00:00,15041.0
2005-11-18 07:00:00,16249.0
2005-11-18 08:00:00,16525.0
2005-11-18 09:00:00,16558.0
2005-11-18 10:00:00,16559.0
2005-11-18 11:00:00,16440.0
2005-11-18 12:00:00,16158.0
2005-11-18 13:00:00,16051.0
2005-11-18 14:00:00,15854.0
2005-11-18 15:00:00,15937.0
2005-11-18 16:00:00,17039.0
2005-11-18 17:00:00,18144.0
2005-11-18 18:00:00,17934.0
2005-11-18 19:00:00,17379.0
2005-11-18 20:00:00,16733.0
2005-11-18 21:00:00,15843.0
2005-11-18 22:00:00,14572.0
2005-11-18 23:00:00,13328.0
2005-11-19 00:00:00,12405.0
2005-11-19 01:00:00,11902.0
2005-11-19 02:00:00,11662.0
2005-11-19 03:00:00,11586.0
2005-11-19 04:00:00,11739.0
2005-11-19 05:00:00,12281.0
2005-11-19 06:00:00,13131.0
2005-11-19 07:00:00,14112.0
2005-11-19 08:00:00,15063.0
2005-11-19 09:00:00,15458.0
2005-11-19 10:00:00,15454.0
2005-11-19 11:00:00,15221.0
2005-11-19 12:00:00,14826.0
2005-11-19 13:00:00,14481.0
2005-11-19 14:00:00,14262.0
2005-11-19 15:00:00,14389.0
2005-11-19 16:00:00,15684.0
2005-11-19 17:00:00,16852.0
2005-11-19 18:00:00,16591.0
2005-11-19 19:00:00,16115.0
2005-11-19 20:00:00,15571.0
2005-11-19 21:00:00,14865.0
2005-11-19 22:00:00,13829.0
2005-11-19 23:00:00,12779.0
2005-11-20 00:00:00,11894.0
2005-11-20 01:00:00,11359.0
2005-11-20 02:00:00,11075.0
2005-11-20 03:00:00,10960.0
2005-11-20 04:00:00,11001.0
2005-11-20 05:00:00,11301.0
2005-11-20 06:00:00,11827.0
2005-11-20 07:00:00,12529.0
2005-11-20 08:00:00,13426.0
2005-11-20 09:00:00,13959.0
2005-11-20 10:00:00,14096.0
2005-11-20 11:00:00,14076.0
2005-11-20 12:00:00,13954.0
2005-11-20 13:00:00,13753.0
2005-11-20 14:00:00,13603.0
2005-11-20 15:00:00,13784.0
2005-11-20 16:00:00,15168.0
2005-11-20 17:00:00,16576.0
2005-11-20 18:00:00,16482.0
2005-11-20 19:00:00,16061.0
2005-11-20 20:00:00,15443.0
2005-11-20 21:00:00,14366.0
2005-11-20 22:00:00,13050.0
2005-11-20 23:00:00,11903.0
2005-11-21 00:00:00,11105.0
2005-11-21 01:00:00,10734.0
2005-11-21 02:00:00,10594.0
2005-11-21 03:00:00,10642.0
2005-11-21 04:00:00,11025.0
2005-11-21 05:00:00,12301.0
2005-11-21 06:00:00,14548.0
2005-11-21 07:00:00,15743.0
2005-11-21 08:00:00,15998.0
2005-11-21 09:00:00,16075.0
2005-11-21 10:00:00,16053.0
2005-11-21 11:00:00,15973.0
2005-11-21 12:00:00,15808.0
2005-11-21 13:00:00,15756.0
2005-11-21 14:00:00,15639.0
2005-11-21 15:00:00,15788.0
2005-11-21 16:00:00,17105.0
2005-11-21 17:00:00,18119.0
2005-11-21 18:00:00,17916.0
2005-11-21 19:00:00,17395.0
2005-11-21 20:00:00,16577.0
2005-11-21 21:00:00,15351.0
2005-11-21 22:00:00,13713.0
2005-11-21 23:00:00,12223.0
2005-11-22 00:00:00,11250.0
2005-11-22 01:00:00,10740.0
2005-11-22 02:00:00,10476.0
2005-11-22 03:00:00,10462.0
2005-11-22 04:00:00,10812.0
2005-11-22 05:00:00,11966.0
2005-11-22 06:00:00,14217.0
2005-11-22 07:00:00,15776.0
2005-11-22 08:00:00,16294.0
2005-11-22 09:00:00,16585.0
2005-11-22 10:00:00,16848.0
2005-11-22 11:00:00,16915.0
2005-11-22 12:00:00,16839.0
2005-11-22 13:00:00,16848.0
2005-11-22 14:00:00,16772.0
2005-11-22 15:00:00,17002.0
2005-11-22 16:00:00,17934.0
2005-11-22 17:00:00,18551.0
2005-11-22 18:00:00,18403.0
2005-11-22 19:00:00,17941.0
2005-11-22 20:00:00,17215.0
2005-11-22 21:00:00,16130.0
2005-11-22 22:00:00,14598.0
2005-11-22 23:00:00,13117.0
2005-11-23 00:00:00,12154.0
2005-11-23 01:00:00,11649.0
2005-11-23 02:00:00,11414.0
2005-11-23 03:00:00,11406.0
2005-11-23 04:00:00,11727.0
2005-11-23 05:00:00,12921.0
2005-11-23 06:00:00,15008.0
2005-11-23 07:00:00,16366.0
2005-11-23 08:00:00,16916.0
2005-11-23 09:00:00,17181.0
2005-11-23 10:00:00,17322.0
2005-11-23 11:00:00,17329.0
2005-11-23 12:00:00,17148.0
2005-11-23 13:00:00,17051.0
2005-11-23 14:00:00,16884.0
2005-11-23 15:00:00,16859.0
2005-11-23 16:00:00,17962.0
2005-11-23 17:00:00,18981.0
2005-11-23 18:00:00,18745.0
2005-11-23 19:00:00,18234.0
2005-11-23 20:00:00,17571.0
2005-11-23 21:00:00,16564.0
2005-11-23 22:00:00,15176.0
2005-11-23 23:00:00,13670.0
2005-11-24 00:00:00,12573.0
2005-11-24 01:00:00,11955.0
2005-11-24 02:00:00,11596.0
2005-11-24 03:00:00,11449.0
2005-11-24 04:00:00,11522.0
2005-11-24 05:00:00,11951.0
2005-11-24 06:00:00,12691.0
2005-11-24 07:00:00,13672.0
2005-11-24 08:00:00,14992.0
2005-11-24 09:00:00,15957.0
2005-11-24 10:00:00,16394.0
2005-11-24 11:00:00,16374.0
2005-11-24 12:00:00,15717.0
2005-11-24 13:00:00,14624.0
2005-11-24 14:00:00,13722.0
2005-11-24 15:00:00,13389.0
2005-11-24 16:00:00,13987.0
2005-11-24 17:00:00,14523.0
2005-11-24 18:00:00,14507.0
2005-11-24 19:00:00,14464.0
2005-11-24 20:00:00,14360.0
2005-11-24 21:00:00,13986.0
2005-11-24 22:00:00,13284.0
2005-11-24 23:00:00,12456.0
2005-11-25 00:00:00,11789.0
2005-11-25 01:00:00,11466.0
2005-11-25 02:00:00,11374.0
2005-11-25 03:00:00,11479.0
2005-11-25 04:00:00,11787.0
2005-11-25 05:00:00,12478.0
2005-11-25 06:00:00,13488.0
2005-11-25 07:00:00,14282.0
2005-11-25 08:00:00,15094.0
2005-11-25 09:00:00,15615.0
2005-11-25 10:00:00,15770.0
2005-11-25 11:00:00,15722.0
2005-11-25 12:00:00,15528.0
2005-11-25 13:00:00,15250.0
2005-11-25 14:00:00,15078.0
2005-11-25 15:00:00,15248.0
2005-11-25 16:00:00,16573.0
2005-11-25 17:00:00,17701.0
2005-11-25 18:00:00,17451.0
2005-11-25 19:00:00,16958.0
2005-11-25 20:00:00,16415.0
2005-11-25 21:00:00,15656.0
2005-11-25 22:00:00,14592.0
2005-11-25 23:00:00,13490.0
2005-11-26 00:00:00,12635.0
2005-11-26 01:00:00,12148.0
2005-11-26 02:00:00,11936.0
2005-11-26 03:00:00,11877.0
2005-11-26 04:00:00,11987.0
2005-11-26 05:00:00,12384.0
2005-11-26 06:00:00,13081.0
2005-11-26 07:00:00,13893.0
2005-11-26 08:00:00,14956.0
2005-11-26 09:00:00,15648.0
2005-11-26 10:00:00,15798.0
2005-11-26 11:00:00,15761.0
2005-11-26 12:00:00,15586.0
2005-11-26 13:00:00,15417.0
2005-11-26 14:00:00,15325.0
2005-11-26 15:00:00,15535.0
2005-11-26 16:00:00,16595.0
2005-11-26 17:00:00,17337.0
2005-11-26 18:00:00,17079.0
2005-11-26 19:00:00,16598.0
2005-11-26 20:00:00,16041.0
2005-11-26 21:00:00,15283.0
2005-11-26 22:00:00,14196.0
2005-11-26 23:00:00,13080.0
2005-11-27 00:00:00,12110.0
2005-11-27 01:00:00,11536.0
2005-11-27 02:00:00,11206.0
2005-11-27 03:00:00,11069.0
2005-11-27 04:00:00,11106.0
2005-11-27 05:00:00,11396.0
2005-11-27 06:00:00,11890.0
2005-11-27 07:00:00,12540.0
2005-11-27 08:00:00,13477.0
2005-11-27 09:00:00,14200.0
2005-11-27 10:00:00,14524.0
2005-11-27 11:00:00,14666.0
2005-11-27 12:00:00,14775.0
2005-11-27 13:00:00,14712.0
2005-11-27 14:00:00,14658.0
2005-11-27 15:00:00,14838.0
2005-11-27 16:00:00,16331.0
2005-11-27 17:00:00,17362.0
2005-11-27 18:00:00,17251.0
2005-11-27 19:00:00,16812.0
2005-11-27 20:00:00,16071.0
2005-11-27 21:00:00,14886.0
2005-11-27 22:00:00,13477.0
2005-11-27 23:00:00,12249.0
2005-11-28 00:00:00,11377.0
2005-11-28 01:00:00,10966.0
2005-11-28 02:00:00,10824.0
2005-11-28 03:00:00,10797.0
2005-11-28 04:00:00,11156.0
2005-11-28 05:00:00,12358.0
2005-11-28 06:00:00,14632.0
2005-11-28 07:00:00,16069.0
2005-11-28 08:00:00,16493.0
2005-11-28 09:00:00,16678.0
2005-11-28 10:00:00,16793.0
2005-11-28 11:00:00,16783.0
2005-11-28 12:00:00,16636.0
2005-11-28 13:00:00,16565.0
2005-11-28 14:00:00,16405.0
2005-11-28 15:00:00,16563.0
2005-11-28 16:00:00,17756.0
2005-11-28 17:00:00,18738.0
2005-11-28 18:00:00,18556.0
2005-11-28 19:00:00,17993.0
2005-11-28 20:00:00,17127.0
2005-11-28 21:00:00,15842.0
2005-11-28 22:00:00,14110.0
2005-11-28 23:00:00,12558.0
2005-11-29 00:00:00,11514.0
2005-11-29 01:00:00,10986.0
2005-11-29 02:00:00,10706.0
2005-11-29 03:00:00,10652.0
2005-11-29 04:00:00,10961.0
2005-11-29 05:00:00,12124.0
2005-11-29 06:00:00,14350.0
2005-11-29 07:00:00,15683.0
2005-11-29 08:00:00,16032.0
2005-11-29 09:00:00,16187.0
2005-11-29 10:00:00,16299.0
2005-11-29 11:00:00,16271.0
2005-11-29 12:00:00,16143.0
2005-11-29 13:00:00,16057.0
2005-11-29 14:00:00,15903.0
2005-11-29 15:00:00,16027.0
2005-11-29 16:00:00,17301.0
2005-11-29 17:00:00,18293.0
2005-11-29 18:00:00,18096.0
2005-11-29 19:00:00,17551.0
2005-11-29 20:00:00,16751.0
2005-11-29 21:00:00,15463.0
2005-11-29 22:00:00,13827.0
2005-11-29 23:00:00,12239.0
2005-11-30 00:00:00,11179.0
2005-11-30 01:00:00,10670.0
2005-11-30 02:00:00,10400.0
2005-11-30 03:00:00,10338.0
2005-11-30 04:00:00,10597.0
2005-11-30 05:00:00,11733.0
2005-11-30 06:00:00,13991.0
2005-11-30 07:00:00,15584.0
2005-11-30 08:00:00,16028.0
2005-11-30 09:00:00,16215.0
2005-11-30 10:00:00,16431.0
2005-11-30 11:00:00,16493.0
2005-11-30 12:00:00,16429.0
2005-11-30 13:00:00,16445.0
2005-11-30 14:00:00,16338.0
2005-11-30 15:00:00,16448.0
2005-11-30 16:00:00,17373.0
2005-11-30 17:00:00,18256.0
2005-11-30 18:00:00,18019.0
2005-11-30 19:00:00,17498.0
2005-11-30 20:00:00,16737.0
2005-11-30 21:00:00,15564.0
2005-11-30 22:00:00,13977.0
2005-11-30 23:00:00,12371.0
2005-12-01 00:00:00,11374.0
2005-12-01 01:00:00,10906.0
2005-12-01 02:00:00,10707.0
2005-12-01 03:00:00,10720.0
2005-12-01 04:00:00,11047.0
2005-12-01 05:00:00,12289.0
2005-12-01 06:00:00,14631.0
2005-12-01 07:00:00,15943.0
2005-12-01 08:00:00,16134.0
2005-12-01 09:00:00,16160.0
2005-12-01 10:00:00,16154.0
2005-12-01 11:00:00,16084.0
2005-12-01 12:00:00,15962.0
2005-12-01 13:00:00,15979.0
2005-12-01 14:00:00,15910.0
2005-12-01 15:00:00,16208.0
2005-12-01 16:00:00,17563.0
2005-12-01 17:00:00,18532.0
2005-12-01 18:00:00,18422.0
2005-12-01 19:00:00,17960.0
2005-12-01 20:00:00,17233.0
2005-12-01 21:00:00,16093.0
2005-12-01 22:00:00,14425.0
2005-12-01 23:00:00,12856.0
2005-12-02 00:00:00,11780.0
2005-12-02 01:00:00,11253.0
2005-12-02 02:00:00,11012.0
2005-12-02 03:00:00,10977.0
2005-12-02 04:00:00,11334.0
2005-12-02 05:00:00,12499.0
2005-12-02 06:00:00,14789.0
2005-12-02 07:00:00,16189.0
2005-12-02 08:00:00,16454.0
2005-12-02 09:00:00,16533.0
2005-12-02 10:00:00,16587.0
2005-12-02 11:00:00,16551.0
2005-12-02 12:00:00,16444.0
2005-12-02 13:00:00,16367.0
2005-12-02 14:00:00,16258.0
2005-12-02 15:00:00,16478.0
2005-12-02 16:00:00,17760.0
2005-12-02 17:00:00,18590.0
2005-12-02 18:00:00,18340.0
2005-12-02 19:00:00,17803.0
2005-12-02 20:00:00,17196.0
2005-12-02 21:00:00,16376.0
2005-12-02 22:00:00,15119.0
2005-12-02 23:00:00,13758.0
2005-12-03 00:00:00,12725.0
2005-12-03 01:00:00,12170.0
2005-12-03 02:00:00,11870.0
2005-12-03 03:00:00,11793.0
2005-12-03 04:00:00,11922.0
2005-12-03 05:00:00,12417.0
2005-12-03 06:00:00,13351.0
2005-12-03 07:00:00,14338.0
2005-12-03 08:00:00,15342.0
2005-12-03 09:00:00,15911.0
2005-12-03 10:00:00,16050.0
2005-12-03 11:00:00,15909.0
2005-12-03 12:00:00,15661.0
2005-12-03 13:00:00,15367.0
2005-12-03 14:00:00,15199.0
2005-12-03 15:00:00,15417.0
2005-12-03 16:00:00,16886.0
2005-12-03 17:00:00,18032.0
2005-12-03 18:00:00,17848.0
2005-12-03 19:00:00,17345.0
2005-12-03 20:00:00,16825.0
2005-12-03 21:00:00,16080.0
2005-12-03 22:00:00,15034.0
2005-12-03 23:00:00,13771.0
2005-12-04 00:00:00,12766.0
2005-12-04 01:00:00,12151.0
2005-12-04 02:00:00,11816.0
2005-12-04 03:00:00,11670.0
2005-12-04 04:00:00,11678.0
2005-12-04 05:00:00,11931.0
2005-12-04 06:00:00,12509.0
2005-12-04 07:00:00,13352.0
2005-12-04 08:00:00,14558.0
2005-12-04 09:00:00,15475.0
2005-12-04 10:00:00,15930.0
2005-12-04 11:00:00,16218.0
2005-12-04 12:00:00,16346.0
2005-12-04 13:00:00,16269.0
2005-12-04 14:00:00,16196.0
2005-12-04 15:00:00,16551.0
2005-12-04 16:00:00,17884.0
2005-12-04 17:00:00,18781.0
2005-12-04 18:00:00,18629.0
2005-12-04 19:00:00,18190.0
2005-12-04 20:00:00,17524.0
2005-12-04 21:00:00,16338.0
2005-12-04 22:00:00,14865.0
2005-12-04 23:00:00,13483.0
2005-12-05 00:00:00,12591.0
2005-12-05 01:00:00,12185.0
2005-12-05 02:00:00,12035.0
2005-12-05 03:00:00,12083.0
2005-12-05 04:00:00,12475.0
2005-12-05 05:00:00,13777.0
2005-12-05 06:00:00,16129.0
2005-12-05 07:00:00,17425.0
2005-12-05 08:00:00,17714.0
2005-12-05 09:00:00,17796.0
2005-12-05 10:00:00,17717.0
2005-12-05 11:00:00,17549.0
2005-12-05 12:00:00,17323.0
2005-12-05 13:00:00,17257.0
2005-12-05 14:00:00,17181.0
2005-12-05 15:00:00,17534.0
2005-12-05 16:00:00,19121.0
2005-12-05 17:00:00,20195.0
2005-12-05 18:00:00,20155.0
2005-12-05 19:00:00,19586.0
2005-12-05 20:00:00,18780.0
2005-12-05 21:00:00,17445.0
2005-12-05 22:00:00,15603.0
2005-12-05 23:00:00,13957.0
2005-12-06 00:00:00,12920.0
2005-12-06 01:00:00,12382.0
2005-12-06 02:00:00,12166.0
2005-12-06 03:00:00,12149.0
2005-12-06 04:00:00,12500.0
2005-12-06 05:00:00,13686.0
2005-12-06 06:00:00,15992.0
2005-12-06 07:00:00,17373.0
2005-12-06 08:00:00,17624.0
2005-12-06 09:00:00,17683.0
2005-12-06 10:00:00,17668.0
2005-12-06 11:00:00,17512.0
2005-12-06 12:00:00,17305.0
2005-12-06 13:00:00,17233.0
2005-12-06 14:00:00,17120.0
2005-12-06 15:00:00,17416.0
2005-12-06 16:00:00,18950.0
2005-12-06 17:00:00,20200.0
2005-12-06 18:00:00,20075.0
2005-12-06 19:00:00,19597.0
2005-12-06 20:00:00,18942.0
2005-12-06 21:00:00,17667.0
2005-12-06 22:00:00,15852.0
2005-12-06 23:00:00,14256.0
2005-12-07 00:00:00,13201.0
2005-12-07 01:00:00,12749.0
2005-12-07 02:00:00,12596.0
2005-12-07 03:00:00,12589.0
2005-12-07 04:00:00,12956.0
2005-12-07 05:00:00,14192.0
2005-12-07 06:00:00,16454.0
2005-12-07 07:00:00,17644.0
2005-12-07 08:00:00,17842.0
2005-12-07 09:00:00,17854.0
2005-12-07 10:00:00,17799.0
2005-12-07 11:00:00,17716.0
2005-12-07 12:00:00,17583.0
2005-12-07 13:00:00,17622.0
2005-12-07 14:00:00,17456.0
2005-12-07 15:00:00,17832.0
2005-12-07 16:00:00,19370.0
2005-12-07 17:00:00,20741.0
2005-12-07 18:00:00,20668.0
2005-12-07 19:00:00,20377.0
2005-12-07 20:00:00,19744.0
2005-12-07 21:00:00,18500.0
2005-12-07 22:00:00,16872.0
2005-12-07 23:00:00,15002.0
2005-12-08 00:00:00,13970.0
2005-12-08 01:00:00,13505.0
2005-12-08 02:00:00,13316.0
2005-12-08 03:00:00,13289.0
2005-12-08 04:00:00,13618.0
2005-12-08 05:00:00,14754.0
2005-12-08 06:00:00,17153.0
2005-12-08 07:00:00,18356.0
2005-12-08 08:00:00,18392.0
2005-12-08 09:00:00,18292.0
2005-12-08 10:00:00,18150.0
2005-12-08 11:00:00,17852.0
2005-12-08 12:00:00,17510.0
2005-12-08 13:00:00,17309.0
2005-12-08 14:00:00,17152.0
2005-12-08 15:00:00,17352.0
2005-12-08 16:00:00,18788.0
2005-12-08 17:00:00,20135.0
2005-12-08 18:00:00,20111.0
2005-12-08 19:00:00,19848.0
2005-12-08 20:00:00,19183.0
2005-12-08 21:00:00,18097.0
2005-12-08 22:00:00,16426.0
2005-12-08 23:00:00,14877.0
2005-12-09 00:00:00,13648.0
2005-12-09 01:00:00,13044.0
2005-12-09 02:00:00,12801.0
2005-12-09 03:00:00,12776.0
2005-12-09 04:00:00,13050.0
2005-12-09 05:00:00,14169.0
2005-12-09 06:00:00,16007.0
2005-12-09 07:00:00,17448.0
2005-12-09 08:00:00,18083.0
2005-12-09 09:00:00,18642.0
2005-12-09 10:00:00,18995.0
2005-12-09 11:00:00,19138.0
2005-12-09 12:00:00,19040.0
2005-12-09 13:00:00,18783.0
2005-12-09 14:00:00,18470.0
2005-12-09 15:00:00,18142.0
2005-12-09 16:00:00,18934.0
2005-12-09 17:00:00,20065.0
2005-12-09 18:00:00,19753.0
2005-12-09 19:00:00,19049.0
2005-12-09 20:00:00,18281.0
2005-12-09 21:00:00,17200.0
2005-12-09 22:00:00,15857.0
2005-12-09 23:00:00,14278.0
2005-12-10 00:00:00,13223.0
2005-12-10 01:00:00,12667.0
2005-12-10 02:00:00,12387.0
2005-12-10 03:00:00,12304.0
2005-12-10 04:00:00,12435.0
2005-12-10 05:00:00,12973.0
2005-12-10 06:00:00,13810.0
2005-12-10 07:00:00,14735.0
2005-12-10 08:00:00,15723.0
2005-12-10 09:00:00,16161.0
2005-12-10 10:00:00,16111.0
2005-12-10 11:00:00,15815.0
2005-12-10 12:00:00,15482.0
2005-12-10 13:00:00,15232.0
2005-12-10 14:00:00,15171.0
2005-12-10 15:00:00,15581.0
2005-12-10 16:00:00,17106.0
2005-12-10 17:00:00,18136.0
2005-12-10 18:00:00,17898.0
2005-12-10 19:00:00,17430.0
2005-12-10 20:00:00,16887.0
2005-12-10 21:00:00,16161.0
2005-12-10 22:00:00,15107.0
2005-12-10 23:00:00,13862.0
2005-12-11 00:00:00,12792.0
2005-12-11 01:00:00,12148.0
2005-12-11 02:00:00,11855.0
2005-12-11 03:00:00,11702.0
2005-12-11 04:00:00,11778.0
2005-12-11 05:00:00,12111.0
2005-12-11 06:00:00,12720.0
2005-12-11 07:00:00,13476.0
2005-12-11 08:00:00,14416.0
2005-12-11 09:00:00,14977.0
2005-12-11 10:00:00,15121.0
2005-12-11 11:00:00,15107.0
2005-12-11 12:00:00,15000.0
2005-12-11 13:00:00,14797.0
2005-12-11 14:00:00,14712.0
2005-12-11 15:00:00,15147.0
2005-12-11 16:00:00,17022.0
2005-12-11 17:00:00,18308.0
2005-12-11 18:00:00,18332.0
2005-12-11 19:00:00,18058.0
2005-12-11 20:00:00,17509.0
2005-12-11 21:00:00,16360.0
2005-12-11 22:00:00,14837.0
2005-12-11 23:00:00,13423.0
2005-12-12 00:00:00,12447.0
2005-12-12 01:00:00,11990.0
2005-12-12 02:00:00,11830.0
2005-12-12 03:00:00,11856.0
2005-12-12 04:00:00,12235.0
2005-12-12 05:00:00,13497.0
2005-12-12 06:00:00,15873.0
2005-12-12 07:00:00,17179.0
2005-12-12 08:00:00,17335.0
2005-12-12 09:00:00,17254.0
2005-12-12 10:00:00,17316.0
2005-12-12 11:00:00,17213.0
2005-12-12 12:00:00,17008.0
2005-12-12 13:00:00,16920.0
2005-12-12 14:00:00,16865.0
2005-12-12 15:00:00,17190.0
2005-12-12 16:00:00,18783.0
2005-12-12 17:00:00,20122.0
2005-12-12 18:00:00,20137.0
2005-12-12 19:00:00,19782.0
2005-12-12 20:00:00,19097.0
2005-12-12 21:00:00,17918.0
2005-12-12 22:00:00,16112.0
2005-12-12 23:00:00,14443.0
2005-12-13 00:00:00,13560.0
2005-12-13 01:00:00,12984.0
2005-12-13 02:00:00,12851.0
2005-12-13 03:00:00,12945.0
2005-12-13 04:00:00,13340.0
2005-12-13 05:00:00,14621.0
2005-12-13 06:00:00,16976.0
2005-12-13 07:00:00,18465.0
2005-12-13 08:00:00,18625.0
2005-12-13 09:00:00,18604.0
2005-12-13 10:00:00,18501.0
2005-12-13 11:00:00,18342.0
2005-12-13 12:00:00,17975.0
2005-12-13 13:00:00,17927.0
2005-12-13 14:00:00,17829.0
2005-12-13 15:00:00,18118.0
2005-12-13 16:00:00,19806.0
2005-12-13 17:00:00,21259.0
2005-12-13 18:00:00,21288.0
2005-12-13 19:00:00,20902.0
2005-12-13 20:00:00,20313.0
2005-12-13 21:00:00,19147.0
2005-12-13 22:00:00,17355.0
2005-12-13 23:00:00,15761.0
2005-12-14 00:00:00,14587.0
2005-12-14 01:00:00,14062.0
2005-12-14 02:00:00,13900.0
2005-12-14 03:00:00,13936.0
2005-12-14 04:00:00,14313.0
2005-12-14 05:00:00,15498.0
2005-12-14 06:00:00,17913.0
2005-12-14 07:00:00,19220.0
2005-12-14 08:00:00,19251.0
2005-12-14 09:00:00,19262.0
2005-12-14 10:00:00,19039.0
2005-12-14 11:00:00,18814.0
2005-12-14 12:00:00,18533.0
2005-12-14 13:00:00,18369.0
2005-12-14 14:00:00,18182.0
2005-12-14 15:00:00,18441.0
2005-12-14 16:00:00,19959.0
2005-12-14 17:00:00,21381.0
2005-12-14 18:00:00,21371.0
2005-12-14 19:00:00,21005.0
2005-12-14 20:00:00,20430.0
2005-12-14 21:00:00,19412.0
2005-12-14 22:00:00,17609.0
2005-12-14 23:00:00,15833.0
2005-12-15 00:00:00,14717.0
2005-12-15 01:00:00,14217.0
2005-12-15 02:00:00,14025.0
2005-12-15 03:00:00,14063.0
2005-12-15 04:00:00,14445.0
2005-12-15 05:00:00,15710.0
2005-12-15 06:00:00,18125.0
2005-12-15 07:00:00,19349.0
2005-12-15 08:00:00,19417.0
2005-12-15 09:00:00,19224.0
2005-12-15 10:00:00,18918.0
2005-12-15 11:00:00,18561.0
2005-12-15 12:00:00,18178.0
2005-12-15 13:00:00,18014.0
2005-12-15 14:00:00,17861.0
2005-12-15 15:00:00,18098.0
2005-12-15 16:00:00,19668.0
2005-12-15 17:00:00,20769.0
2005-12-15 18:00:00,20652.0
2005-12-15 19:00:00,20195.0
2005-12-15 20:00:00,19577.0
2005-12-15 21:00:00,18442.0
2005-12-15 22:00:00,16677.0
2005-12-15 23:00:00,14984.0
2005-12-16 00:00:00,13768.0
2005-12-16 01:00:00,13188.0
2005-12-16 02:00:00,12901.0
2005-12-16 03:00:00,12844.0
2005-12-16 04:00:00,13109.0
2005-12-16 05:00:00,14140.0
2005-12-16 06:00:00,15967.0
2005-12-16 07:00:00,17526.0
2005-12-16 08:00:00,18266.0
2005-12-16 09:00:00,18601.0
2005-12-16 10:00:00,18783.0
2005-12-16 11:00:00,18690.0
2005-12-16 12:00:00,18378.0
2005-12-16 13:00:00,18111.0
2005-12-16 14:00:00,17811.0
2005-12-16 15:00:00,17780.0
2005-12-16 16:00:00,18918.0
2005-12-16 17:00:00,19756.0
2005-12-16 18:00:00,19436.0
2005-12-16 19:00:00,18791.0
2005-12-16 20:00:00,18111.0
2005-12-16 21:00:00,17181.0
2005-12-16 22:00:00,15811.0
2005-12-16 23:00:00,14327.0
2005-12-17 00:00:00,13153.0
2005-12-17 01:00:00,12536.0
2005-12-17 02:00:00,12211.0
2005-12-17 03:00:00,12113.0
2005-12-17 04:00:00,12228.0
2005-12-17 05:00:00,12718.0
2005-12-17 06:00:00,13612.0
2005-12-17 07:00:00,14647.0
2005-12-17 08:00:00,15764.0
2005-12-17 09:00:00,16223.0
2005-12-17 10:00:00,16236.0
2005-12-17 11:00:00,16015.0
2005-12-17 12:00:00,15675.0
2005-12-17 13:00:00,15389.0
2005-12-17 14:00:00,15213.0
2005-12-17 15:00:00,15452.0
2005-12-17 16:00:00,16999.0
2005-12-17 17:00:00,18286.0
2005-12-17 18:00:00,18135.0
2005-12-17 19:00:00,17692.0
2005-12-17 20:00:00,17256.0
2005-12-17 21:00:00,16588.0
2005-12-17 22:00:00,15599.0
2005-12-17 23:00:00,14377.0
2005-12-18 00:00:00,13284.0
2005-12-18 01:00:00,12600.0
2005-12-18 02:00:00,12291.0
2005-12-18 03:00:00,12158.0
2005-12-18 04:00:00,12216.0
2005-12-18 05:00:00,12516.0
2005-12-18 06:00:00,13134.0
2005-12-18 07:00:00,13905.0
2005-12-18 08:00:00,15001.0
2005-12-18 09:00:00,15714.0
2005-12-18 10:00:00,15959.0
2005-12-18 11:00:00,15965.0
2005-12-18 12:00:00,15773.0
2005-12-18 13:00:00,15490.0
2005-12-18 14:00:00,15289.0
2005-12-18 15:00:00,15500.0
2005-12-18 16:00:00,17178.0
2005-12-18 17:00:00,18670.0
2005-12-18 18:00:00,18781.0
2005-12-18 19:00:00,18574.0
2005-12-18 20:00:00,18114.0
2005-12-18 21:00:00,17093.0
2005-12-18 22:00:00,15551.0
2005-12-18 23:00:00,14108.0
2005-12-19 00:00:00,13043.0
2005-12-19 01:00:00,12556.0
2005-12-19 02:00:00,12349.0
2005-12-19 03:00:00,12389.0
2005-12-19 04:00:00,12780.0
2005-12-19 05:00:00,14037.0
2005-12-19 06:00:00,16386.0
2005-12-19 07:00:00,17770.0
2005-12-19 08:00:00,18063.0
2005-12-19 09:00:00,18077.0
2005-12-19 10:00:00,18004.0
2005-12-19 11:00:00,17908.0
2005-12-19 12:00:00,17712.0
2005-12-19 13:00:00,17647.0
2005-12-19 14:00:00,17532.0
2005-12-19 15:00:00,17726.0
2005-12-19 16:00:00,19304.0
2005-12-19 17:00:00,20818.0
2005-12-19 18:00:00,20793.0
2005-12-19 19:00:00,20420.0
2005-12-19 20:00:00,19775.0
2005-12-19 21:00:00,18592.0
2005-12-19 22:00:00,16799.0
2005-12-19 23:00:00,15038.0
2005-12-20 00:00:00,13879.0
2005-12-20 01:00:00,13342.0
2005-12-20 02:00:00,13130.0
2005-12-20 03:00:00,13122.0
2005-12-20 04:00:00,13494.0
2005-12-20 05:00:00,14734.0
2005-12-20 06:00:00,17074.0
2005-12-20 07:00:00,18336.0
2005-12-20 08:00:00,18473.0
2005-12-20 09:00:00,18370.0
2005-12-20 10:00:00,18212.0
2005-12-20 11:00:00,17985.0
2005-12-20 12:00:00,17674.0
2005-12-20 13:00:00,17558.0
2005-12-20 14:00:00,17421.0
2005-12-20 15:00:00,17650.0
2005-12-20 16:00:00,19231.0
2005-12-20 17:00:00,20642.0
2005-12-20 18:00:00,20648.0
2005-12-20 19:00:00,20268.0
2005-12-20 20:00:00,19652.0
2005-12-20 21:00:00,18540.0
2005-12-20 22:00:00,16790.0
2005-12-20 23:00:00,15059.0
2005-12-21 00:00:00,13916.0
2005-12-21 01:00:00,13351.0
2005-12-21 02:00:00,13137.0
2005-12-21 03:00:00,13165.0
2005-12-21 04:00:00,13524.0
2005-12-21 05:00:00,14807.0
2005-12-21 06:00:00,17160.0
2005-12-21 07:00:00,18497.0
2005-12-21 08:00:00,18627.0
2005-12-21 09:00:00,18472.0
2005-12-21 10:00:00,18314.0
2005-12-21 11:00:00,18096.0
2005-12-21 12:00:00,17756.0
2005-12-21 13:00:00,17583.0
2005-12-21 14:00:00,17440.0
2005-12-21 15:00:00,17701.0
2005-12-21 16:00:00,19266.0
2005-12-21 17:00:00,20671.0
2005-12-21 18:00:00,20647.0
2005-12-21 19:00:00,20309.0
2005-12-21 20:00:00,19668.0
2005-12-21 21:00:00,18603.0
2005-12-21 22:00:00,16858.0
2005-12-21 23:00:00,15140.0
2005-12-22 00:00:00,13954.0
2005-12-22 01:00:00,13365.0
2005-12-22 02:00:00,13111.0
2005-12-22 03:00:00,13090.0
2005-12-22 04:00:00,13427.0
2005-12-22 05:00:00,14613.0
2005-12-22 06:00:00,16842.0
2005-12-22 07:00:00,18177.0
2005-12-22 08:00:00,18389.0
2005-12-22 09:00:00,18331.0
2005-12-22 10:00:00,18286.0
2005-12-22 11:00:00,18008.0
2005-12-22 12:00:00,17589.0
2005-12-22 13:00:00,17401.0
2005-12-22 14:00:00,17221.0
2005-12-22 15:00:00,17385.0
2005-12-22 16:00:00,18868.0
2005-12-22 17:00:00,20154.0
2005-12-22 18:00:00,20068.0
2005-12-22 19:00:00,19655.0
2005-12-22 20:00:00,19011.0
2005-12-22 21:00:00,17972.0
2005-12-22 22:00:00,16319.0
2005-12-22 23:00:00,14606.0
2005-12-23 00:00:00,13338.0
2005-12-23 01:00:00,12661.0
2005-12-23 02:00:00,12332.0
2005-12-23 03:00:00,12202.0
2005-12-23 04:00:00,12431.0
2005-12-23 05:00:00,13327.0
2005-12-23 06:00:00,15101.0
2005-12-23 07:00:00,16380.0
2005-12-23 08:00:00,16834.0
2005-12-23 09:00:00,16939.0
2005-12-23 10:00:00,16855.0
2005-12-23 11:00:00,16582.0
2005-12-23 12:00:00,16097.0
2005-12-23 13:00:00,15822.0
2005-12-23 14:00:00,15617.0
2005-12-23 15:00:00,15746.0
2005-12-23 16:00:00,17300.0
2005-12-23 17:00:00,18562.0
2005-12-23 18:00:00,18351.0
2005-12-23 19:00:00,17844.0
2005-12-23 20:00:00,17255.0
2005-12-23 21:00:00,16397.0
2005-12-23 22:00:00,15094.0
2005-12-23 23:00:00,13605.0
2005-12-24 00:00:00,12358.0
2005-12-24 01:00:00,11646.0
2005-12-24 02:00:00,11256.0
2005-12-24 03:00:00,11087.0
2005-12-24 04:00:00,11142.0
2005-12-24 05:00:00,11522.0
2005-12-24 06:00:00,12313.0
2005-12-24 07:00:00,13242.0
2005-12-24 08:00:00,14378.0
2005-12-24 09:00:00,15030.0
2005-12-24 10:00:00,15218.0
2005-12-24 11:00:00,15132.0
2005-12-24 12:00:00,14875.0
2005-12-24 13:00:00,14598.0
2005-12-24 14:00:00,14419.0
2005-12-24 15:00:00,14513.0
2005-12-24 16:00:00,15724.0
2005-12-24 17:00:00,16617.0
2005-12-24 18:00:00,16070.0
2005-12-24 19:00:00,15440.0
2005-12-24 20:00:00,15109.0
2005-12-24 21:00:00,14790.0
2005-12-24 22:00:00,14164.0
2005-12-24 23:00:00,13192.0
2005-12-25 00:00:00,12170.0
2005-12-25 01:00:00,11431.0
2005-12-25 02:00:00,11036.0
2005-12-25 03:00:00,10868.0
2005-12-25 04:00:00,10875.0
2005-12-25 05:00:00,11138.0
2005-12-25 06:00:00,11748.0
2005-12-25 07:00:00,12595.0
2005-12-25 08:00:00,13465.0
2005-12-25 09:00:00,13970.0
2005-12-25 10:00:00,14111.0
2005-12-25 11:00:00,14136.0
2005-12-25 12:00:00,14005.0
2005-12-25 13:00:00,13624.0
2005-12-25 14:00:00,13339.0
2005-12-25 15:00:00,13425.0
2005-12-25 16:00:00,14378.0
2005-12-25 17:00:00,14896.0
2005-12-25 18:00:00,14907.0
2005-12-25 19:00:00,14798.0
2005-12-25 20:00:00,14598.0
2005-12-25 21:00:00,14067.0
2005-12-25 22:00:00,13137.0
2005-12-25 23:00:00,12046.0
2005-12-26 00:00:00,11137.0
2005-12-26 01:00:00,10571.0
2005-12-26 02:00:00,10289.0
2005-12-26 03:00:00,10195.0
2005-12-26 04:00:00,10330.0
2005-12-26 05:00:00,10750.0
2005-12-26 06:00:00,11467.0
2005-12-26 07:00:00,12248.0
2005-12-26 08:00:00,13264.0
2005-12-26 09:00:00,14373.0
2005-12-26 10:00:00,15125.0
2005-12-26 11:00:00,15486.0
2005-12-26 12:00:00,15497.0
2005-12-26 13:00:00,15322.0
2005-12-26 14:00:00,15205.0
2005-12-26 15:00:00,15472.0
2005-12-26 16:00:00,16700.0
2005-12-26 17:00:00,17534.0
2005-12-26 18:00:00,17410.0
2005-12-26 19:00:00,17038.0
2005-12-26 20:00:00,16520.0
2005-12-26 21:00:00,15659.0
2005-12-26 22:00:00,14401.0
2005-12-26 23:00:00,13175.0
2005-12-27 00:00:00,12189.0
2005-12-27 01:00:00,11667.0
2005-12-27 02:00:00,11483.0
2005-12-27 03:00:00,11494.0
2005-12-27 04:00:00,11812.0
2005-12-27 05:00:00,12711.0
2005-12-27 06:00:00,14238.0
2005-12-27 07:00:00,15494.0
2005-12-27 08:00:00,16312.0
2005-12-27 09:00:00,16810.0
2005-12-27 10:00:00,17027.0
2005-12-27 11:00:00,17005.0
2005-12-27 12:00:00,16768.0
2005-12-27 13:00:00,16516.0
2005-12-27 14:00:00,16293.0
2005-12-27 15:00:00,16348.0
2005-12-27 16:00:00,17719.0
2005-12-27 17:00:00,19122.0
2005-12-27 18:00:00,19040.0
2005-12-27 19:00:00,18540.0
2005-12-27 20:00:00,17868.0
2005-12-27 21:00:00,16804.0
2005-12-27 22:00:00,15302.0
2005-12-27 23:00:00,13842.0
2005-12-28 00:00:00,12790.0
2005-12-28 01:00:00,12279.0
2005-12-28 02:00:00,12058.0
2005-12-28 03:00:00,12081.0
2005-12-28 04:00:00,12343.0
2005-12-28 05:00:00,13270.0
2005-12-28 06:00:00,14782.0
2005-12-28 07:00:00,15963.0
2005-12-28 08:00:00,16653.0
2005-12-28 09:00:00,16965.0
2005-12-28 10:00:00,17059.0
2005-12-28 11:00:00,16970.0
2005-12-28 12:00:00,16722.0
2005-12-28 13:00:00,16556.0
2005-12-28 14:00:00,16380.0
2005-12-28 15:00:00,16486.0
2005-12-28 16:00:00,17774.0
2005-12-28 17:00:00,18897.0
2005-12-28 18:00:00,18662.0
2005-12-28 19:00:00,18096.0
2005-12-28 20:00:00,17396.0
2005-12-28 21:00:00,16268.0
2005-12-28 22:00:00,14737.0
2005-12-28 23:00:00,13237.0
2005-12-29 00:00:00,12131.0
2005-12-29 01:00:00,11521.0
2005-12-29 02:00:00,11214.0
2005-12-29 03:00:00,11099.0
2005-12-29 04:00:00,11298.0
2005-12-29 05:00:00,12111.0
2005-12-29 06:00:00,13560.0
2005-12-29 07:00:00,14907.0
2005-12-29 08:00:00,15763.0
2005-12-29 09:00:00,16414.0
2005-12-29 10:00:00,16772.0
2005-12-29 11:00:00,16951.0
2005-12-29 12:00:00,16882.0
2005-12-29 13:00:00,16791.0
2005-12-29 14:00:00,16655.0
2005-12-29 15:00:00,16734.0
2005-12-29 16:00:00,17703.0
2005-12-29 17:00:00,18382.0
2005-12-29 18:00:00,18073.0
2005-12-29 19:00:00,17489.0
2005-12-29 20:00:00,16709.0
2005-12-29 21:00:00,15643.0
2005-12-29 22:00:00,14177.0
2005-12-29 23:00:00,12746.0
2005-12-30 00:00:00,11689.0
2005-12-30 01:00:00,11097.0
2005-12-30 02:00:00,10829.0
2005-12-30 03:00:00,10742.0
2005-12-30 04:00:00,10952.0
2005-12-30 05:00:00,11808.0
2005-12-30 06:00:00,13256.0
2005-12-30 07:00:00,14533.0
2005-12-30 08:00:00,15461.0
2005-12-30 09:00:00,16092.0
2005-12-30 10:00:00,16358.0
2005-12-30 11:00:00,16324.0
2005-12-30 12:00:00,16080.0
2005-12-30 13:00:00,15841.0
2005-12-30 14:00:00,15638.0
2005-12-30 15:00:00,15675.0
2005-12-30 16:00:00,16893.0
2005-12-30 17:00:00,18180.0
2005-12-30 18:00:00,18012.0
2005-12-30 19:00:00,17527.0
2005-12-30 20:00:00,16963.0
2005-12-30 21:00:00,16190.0
2005-12-30 22:00:00,15051.0
2005-12-30 23:00:00,13745.0
2005-12-31 00:00:00,12721.0
2005-12-31 01:00:00,12133.0
2005-12-31 02:00:00,11877.0
2005-12-31 03:00:00,11776.0
2005-12-31 04:00:00,11829.0
2005-12-31 05:00:00,12194.0
2005-12-31 06:00:00,12887.0
2005-12-31 07:00:00,13648.0
2005-12-31 08:00:00,14728.0
2005-12-31 09:00:00,15694.0
2005-12-31 10:00:00,16187.0
2005-12-31 11:00:00,16269.0
2005-12-31 12:00:00,16109.0
2005-12-31 13:00:00,15866.0
2005-12-31 14:00:00,15830.0
2005-12-31 15:00:00,16195.0
2005-12-31 16:00:00,17435.0
2005-12-31 17:00:00,18227.0
2005-12-31 18:00:00,17845.0
2005-12-31 19:00:00,17052.0
2005-12-31 20:00:00,16334.0
2005-12-31 21:00:00,15564.0
2005-12-31 22:00:00,14804.0
2005-12-31 23:00:00,14000.0
2006-01-01 00:00:00,13091.0
2006-01-01 01:00:00,12348.0
2006-01-01 02:00:00,11842.0
2006-01-01 03:00:00,11586.0
2006-01-01 04:00:00,11549.0
2006-01-01 05:00:00,11710.0
2006-01-01 06:00:00,12077.0
2006-01-01 07:00:00,12478.0
2006-01-01 08:00:00,13206.0
2006-01-01 09:00:00,14049.0
2006-01-01 10:00:00,14666.0
2006-01-01 11:00:00,15031.0
2006-01-01 12:00:00,15235.0
2006-01-01 13:00:00,15139.0
2006-01-01 14:00:00,14979.0
2006-01-01 15:00:00,15089.0
2006-01-01 16:00:00,16278.0
2006-01-01 17:00:00,17401.0
2006-01-01 18:00:00,17242.0
2006-01-01 19:00:00,16807.0
2006-01-01 20:00:00,16262.0
2006-01-01 21:00:00,15363.0
2006-01-01 22:00:00,14264.0
2006-01-01 23:00:00,13095.0
2006-01-02 00:00:00,12175.0
2006-01-02 01:00:00,11640.0
2006-01-02 02:00:00,11375.0
2006-01-02 03:00:00,11311.0
2006-01-02 04:00:00,11480.0
2006-01-02 05:00:00,11991.0
2006-01-02 06:00:00,12839.0
2006-01-02 07:00:00,13533.0
2006-01-02 08:00:00,14381.0
2006-01-02 09:00:00,15203.0
2006-01-02 10:00:00,15689.0
2006-01-02 11:00:00,15803.0
2006-01-02 12:00:00,15695.0
2006-01-02 13:00:00,15486.0
2006-01-02 14:00:00,15348.0
2006-01-02 15:00:00,15641.0
2006-01-02 16:00:00,17112.0
2006-01-02 17:00:00,18385.0
2006-01-02 18:00:00,18223.0
2006-01-02 19:00:00,17764.0
2006-01-02 20:00:00,17020.0
2006-01-02 21:00:00,15890.0
2006-01-02 22:00:00,14364.0
2006-01-02 23:00:00,13022.0
2006-01-03 00:00:00,12117.0
2006-01-03 01:00:00,11683.0
2006-01-03 02:00:00,11505.0
2006-01-03 03:00:00,11516.0
2006-01-03 04:00:00,11870.0
2006-01-03 05:00:00,12986.0
2006-01-03 06:00:00,14897.0
2006-01-03 07:00:00,16241.0
2006-01-03 08:00:00,16801.0
2006-01-03 09:00:00,17306.0
2006-01-03 10:00:00,17716.0
2006-01-03 11:00:00,17902.0
2006-01-03 12:00:00,17939.0
2006-01-03 13:00:00,17868.0
2006-01-03 14:00:00,17705.0
2006-01-03 15:00:00,17769.0
2006-01-03 16:00:00,18799.0
2006-01-03 17:00:00,19920.0
2006-01-03 18:00:00,19673.0
2006-01-03 19:00:00,19108.0
2006-01-03 20:00:00,18276.0
2006-01-03 21:00:00,16982.0
2006-01-03 22:00:00,15314.0
2006-01-03 23:00:00,13894.0
2006-01-04 00:00:00,13003.0
2006-01-04 01:00:00,12516.0
2006-01-04 02:00:00,12300.0
2006-01-04 03:00:00,12308.0
2006-01-04 04:00:00,12659.0
2006-01-04 05:00:00,13860.0
2006-01-04 06:00:00,16103.0
2006-01-04 07:00:00,17373.0
2006-01-04 08:00:00,17542.0
2006-01-04 09:00:00,17544.0
2006-01-04 10:00:00,17544.0
2006-01-04 11:00:00,17462.0
2006-01-04 12:00:00,17237.0
2006-01-04 13:00:00,17141.0
2006-01-04 14:00:00,17067.0
2006-01-04 15:00:00,17310.0
2006-01-04 16:00:00,18476.0
2006-01-04 17:00:00,19569.0
2006-01-04 18:00:00,19440.0
2006-01-04 19:00:00,18947.0
2006-01-04 20:00:00,18179.0
2006-01-04 21:00:00,16975.0
2006-01-04 22:00:00,15331.0
2006-01-04 23:00:00,13826.0
2006-01-05 00:00:00,12838.0
2006-01-05 01:00:00,12273.0
2006-01-05 02:00:00,12025.0
2006-01-05 03:00:00,11993.0
2006-01-05 04:00:00,12305.0
2006-01-05 05:00:00,13404.0
2006-01-05 06:00:00,15602.0
2006-01-05 07:00:00,17073.0
2006-01-05 08:00:00,17330.0
2006-01-05 09:00:00,17498.0
2006-01-05 10:00:00,17671.0
2006-01-05 11:00:00,17675.0
2006-01-05 12:00:00,17465.0
2006-01-05 13:00:00,17246.0
2006-01-05 14:00:00,16969.0
2006-01-05 15:00:00,16950.0
2006-01-05 16:00:00,17938.0
2006-01-05 17:00:00,19179.0
2006-01-05 18:00:00,19094.0
2006-01-05 19:00:00,18631.0
2006-01-05 20:00:00,17854.0
2006-01-05 21:00:00,16638.0
2006-01-05 22:00:00,15009.0
2006-01-05 23:00:00,13535.0
2006-01-06 00:00:00,12534.0
2006-01-06 01:00:00,12021.0
2006-01-06 02:00:00,11776.0
2006-01-06 03:00:00,11741.0
2006-01-06 04:00:00,12026.0
2006-01-06 05:00:00,13127.0
2006-01-06 06:00:00,15298.0
2006-01-06 07:00:00,16696.0
2006-01-06 08:00:00,16932.0
2006-01-06 09:00:00,17117.0
2006-01-06 10:00:00,17252.0
2006-01-06 11:00:00,17246.0
2006-01-06 12:00:00,17052.0
2006-01-06 13:00:00,16995.0
2006-01-06 14:00:00,16901.0
2006-01-06 15:00:00,17028.0
2006-01-06 16:00:00,17965.0
2006-01-06 17:00:00,18821.0
2006-01-06 18:00:00,18553.0
2006-01-06 19:00:00,17961.0
2006-01-06 20:00:00,17314.0
2006-01-06 21:00:00,16443.0
2006-01-06 22:00:00,15220.0
2006-01-06 23:00:00,13940.0
2006-01-07 00:00:00,12977.0
2006-01-07 01:00:00,12439.0
2006-01-07 02:00:00,12191.0
2006-01-07 03:00:00,12118.0
2006-01-07 04:00:00,12244.0
2006-01-07 05:00:00,12707.0
2006-01-07 06:00:00,13551.0
2006-01-07 07:00:00,14438.0
2006-01-07 08:00:00,15409.0
2006-01-07 09:00:00,16043.0
2006-01-07 10:00:00,16287.0
2006-01-07 11:00:00,16179.0
2006-01-07 12:00:00,15874.0
2006-01-07 13:00:00,15517.0
2006-01-07 14:00:00,15268.0
2006-01-07 15:00:00,15340.0
2006-01-07 16:00:00,16450.0
2006-01-07 17:00:00,17899.0
2006-01-07 18:00:00,17836.0
2006-01-07 19:00:00,17381.0
2006-01-07 20:00:00,16802.0
2006-01-07 21:00:00,16052.0
2006-01-07 22:00:00,15017.0
2006-01-07 23:00:00,13947.0
2006-01-08 00:00:00,12970.0
2006-01-08 01:00:00,12378.0
2006-01-08 02:00:00,12053.0
2006-01-08 03:00:00,11918.0
2006-01-08 04:00:00,11924.0
2006-01-08 05:00:00,12142.0
2006-01-08 06:00:00,12645.0
2006-01-08 07:00:00,13332.0
2006-01-08 08:00:00,14239.0
2006-01-08 09:00:00,15083.0
2006-01-08 10:00:00,15499.0
2006-01-08 11:00:00,15728.0
2006-01-08 12:00:00,15684.0
2006-01-08 13:00:00,15397.0
2006-01-08 14:00:00,15082.0
2006-01-08 15:00:00,15117.0
2006-01-08 16:00:00,16357.0
2006-01-08 17:00:00,17866.0
2006-01-08 18:00:00,17894.0
2006-01-08 19:00:00,17490.0
2006-01-08 20:00:00,16842.0
2006-01-08 21:00:00,15684.0
2006-01-08 22:00:00,14368.0
2006-01-08 23:00:00,13145.0
2006-01-09 00:00:00,12303.0
2006-01-09 01:00:00,11895.0
2006-01-09 02:00:00,11731.0
2006-01-09 03:00:00,11753.0
2006-01-09 04:00:00,12085.0
2006-01-09 05:00:00,13286.0
2006-01-09 06:00:00,15563.0
2006-01-09 07:00:00,17019.0
2006-01-09 08:00:00,17211.0
2006-01-09 09:00:00,17244.0
2006-01-09 10:00:00,17277.0
2006-01-09 11:00:00,17172.0
2006-01-09 12:00:00,16935.0
2006-01-09 13:00:00,16841.0
2006-01-09 14:00:00,16600.0
2006-01-09 15:00:00,16569.0
2006-01-09 16:00:00,17503.0
2006-01-09 17:00:00,18894.0
2006-01-09 18:00:00,18722.0
2006-01-09 19:00:00,18205.0
2006-01-09 20:00:00,17384.0
2006-01-09 21:00:00,16175.0
2006-01-09 22:00:00,14526.0
2006-01-09 23:00:00,13088.0
2006-01-10 00:00:00,12172.0
2006-01-10 01:00:00,11682.0
2006-01-10 02:00:00,11492.0
2006-01-10 03:00:00,11509.0
2006-01-10 04:00:00,11853.0
2006-01-10 05:00:00,13079.0
2006-01-10 06:00:00,15418.0
2006-01-10 07:00:00,16698.0
2006-01-10 08:00:00,16765.0
2006-01-10 09:00:00,16680.0
2006-01-10 10:00:00,16636.0
2006-01-10 11:00:00,16534.0
2006-01-10 12:00:00,16356.0
2006-01-10 13:00:00,16221.0
2006-01-10 14:00:00,16020.0
2006-01-10 15:00:00,16090.0
2006-01-10 16:00:00,17145.0
2006-01-10 17:00:00,18706.0
2006-01-10 18:00:00,18689.0
2006-01-10 19:00:00,18267.0
2006-01-10 20:00:00,17577.0
2006-01-10 21:00:00,16423.0
2006-01-10 22:00:00,14802.0
2006-01-10 23:00:00,13373.0
2006-01-11 00:00:00,12440.0
2006-01-11 01:00:00,11945.0
2006-01-11 02:00:00,11706.0
2006-01-11 03:00:00,11673.0
2006-01-11 04:00:00,11975.0
2006-01-11 05:00:00,13095.0
2006-01-11 06:00:00,15338.0
2006-01-11 07:00:00,16710.0
2006-01-11 08:00:00,16793.0
2006-01-11 09:00:00,16868.0
2006-01-11 10:00:00,16982.0
2006-01-11 11:00:00,17006.0
2006-01-11 12:00:00,16870.0
2006-01-11 13:00:00,16819.0
2006-01-11 14:00:00,16675.0
2006-01-11 15:00:00,16804.0
2006-01-11 16:00:00,17690.0
2006-01-11 17:00:00,18671.0
2006-01-11 18:00:00,18453.0
2006-01-11 19:00:00,17918.0
2006-01-11 20:00:00,17104.0
2006-01-11 21:00:00,15797.0
2006-01-11 22:00:00,14173.0
2006-01-11 23:00:00,12702.0
2006-01-12 00:00:00,11696.0
2006-01-12 01:00:00,11174.0
2006-01-12 02:00:00,10940.0
2006-01-12 03:00:00,10911.0
2006-01-12 04:00:00,11211.0
2006-01-12 05:00:00,12349.0
2006-01-12 06:00:00,14667.0
2006-01-12 07:00:00,15966.0
2006-01-12 08:00:00,16075.0
2006-01-12 09:00:00,16104.0
2006-01-12 10:00:00,16158.0
2006-01-12 11:00:00,16064.0
2006-01-12 12:00:00,15866.0
2006-01-12 13:00:00,15741.0
2006-01-12 14:00:00,15570.0
2006-01-12 15:00:00,15574.0
2006-01-12 16:00:00,16424.0
2006-01-12 17:00:00,17927.0
2006-01-12 18:00:00,17970.0
2006-01-12 19:00:00,17555.0
2006-01-12 20:00:00,16863.0
2006-01-12 21:00:00,15763.0
2006-01-12 22:00:00,14196.0
2006-01-12 23:00:00,12738.0
2006-01-13 00:00:00,11838.0
2006-01-13 01:00:00,11401.0
2006-01-13 02:00:00,11219.0
2006-01-13 03:00:00,11240.0
2006-01-13 04:00:00,11556.0
2006-01-13 05:00:00,12772.0
2006-01-13 06:00:00,15041.0
2006-01-13 07:00:00,16360.0
2006-01-13 08:00:00,16512.0
2006-01-13 09:00:00,16491.0
2006-01-13 10:00:00,16487.0
2006-01-13 11:00:00,16390.0
2006-01-13 12:00:00,16160.0
2006-01-13 13:00:00,16048.0
2006-01-13 14:00:00,15885.0
2006-01-13 15:00:00,15939.0
2006-01-13 16:00:00,16759.0
2006-01-13 17:00:00,17647.0
2006-01-13 18:00:00,17364.0
2006-01-13 19:00:00,16722.0
2006-01-13 20:00:00,16020.0
2006-01-13 21:00:00,15097.0
2006-01-13 22:00:00,13822.0
2006-01-13 23:00:00,12533.0
2006-01-14 00:00:00,11543.0
2006-01-14 01:00:00,10954.0
2006-01-14 02:00:00,10624.0
2006-01-14 03:00:00,10459.0
2006-01-14 04:00:00,10488.0
2006-01-14 05:00:00,10848.0
2006-01-14 06:00:00,11616.0
2006-01-14 07:00:00,12612.0
2006-01-14 08:00:00,13824.0
2006-01-14 09:00:00,14883.0
2006-01-14 10:00:00,15390.0
2006-01-14 11:00:00,15518.0
2006-01-14 12:00:00,15372.0
2006-01-14 13:00:00,15057.0
2006-01-14 14:00:00,14730.0
2006-01-14 15:00:00,14725.0
2006-01-14 16:00:00,15496.0
2006-01-14 17:00:00,16341.0
2006-01-14 18:00:00,16155.0
2006-01-14 19:00:00,15627.0
2006-01-14 20:00:00,15003.0
2006-01-14 21:00:00,14280.0
2006-01-14 22:00:00,13445.0
2006-01-14 23:00:00,12523.0
2006-01-15 00:00:00,11653.0
2006-01-15 01:00:00,11120.0
2006-01-15 02:00:00,10909.0
2006-01-15 03:00:00,10877.0
2006-01-15 04:00:00,10973.0
2006-01-15 05:00:00,11300.0
2006-01-15 06:00:00,11893.0
2006-01-15 07:00:00,12686.0
2006-01-15 08:00:00,13840.0
2006-01-15 09:00:00,14916.0
2006-01-15 10:00:00,15729.0
2006-01-15 11:00:00,16289.0
2006-01-15 12:00:00,16541.0
2006-01-15 13:00:00,16604.0
2006-01-15 14:00:00,16533.0
2006-01-15 15:00:00,16651.0
2006-01-15 16:00:00,17573.0
2006-01-15 17:00:00,18953.0
2006-01-15 18:00:00,18963.0
2006-01-15 19:00:00,18480.0
2006-01-15 20:00:00,17843.0
2006-01-15 21:00:00,16935.0
2006-01-15 22:00:00,15907.0
2006-01-15 23:00:00,14843.0
2006-01-16 00:00:00,14030.0
2006-01-16 01:00:00,13666.0
2006-01-16 02:00:00,13518.0
2006-01-16 03:00:00,13502.0
2006-01-16 04:00:00,13814.0
2006-01-16 05:00:00,14705.0
2006-01-16 06:00:00,16169.0
2006-01-16 07:00:00,17286.0
2006-01-16 08:00:00,18120.0
2006-01-16 09:00:00,18664.0
2006-01-16 10:00:00,18885.0
2006-01-16 11:00:00,18821.0
2006-01-16 12:00:00,18495.0
2006-01-16 13:00:00,18210.0
2006-01-16 14:00:00,17890.0
2006-01-16 15:00:00,17807.0
2006-01-16 16:00:00,18652.0
2006-01-16 17:00:00,20209.0
2006-01-16 18:00:00,20163.0
2006-01-16 19:00:00,19653.0
2006-01-16 20:00:00,18839.0
2006-01-16 21:00:00,17625.0
2006-01-16 22:00:00,16063.0
2006-01-16 23:00:00,14650.0
2006-01-17 00:00:00,13717.0
2006-01-17 01:00:00,13284.0
2006-01-17 02:00:00,13115.0
2006-01-17 03:00:00,13115.0
2006-01-17 04:00:00,13479.0
2006-01-17 05:00:00,14655.0
2006-01-17 06:00:00,16927.0
2006-01-17 07:00:00,18121.0
2006-01-17 08:00:00,18145.0
2006-01-17 09:00:00,17981.0
2006-01-17 10:00:00,17821.0
2006-01-17 11:00:00,17557.0
2006-01-17 12:00:00,17273.0
2006-01-17 13:00:00,17091.0
2006-01-17 14:00:00,16932.0
2006-01-17 15:00:00,17001.0
2006-01-17 16:00:00,17980.0
2006-01-17 17:00:00,19348.0
2006-01-17 18:00:00,19261.0
2006-01-17 19:00:00,18735.0
2006-01-17 20:00:00,17890.0
2006-01-17 21:00:00,16623.0
2006-01-17 22:00:00,14999.0
2006-01-17 23:00:00,13536.0
2006-01-18 00:00:00,12594.0
2006-01-18 01:00:00,12097.0
2006-01-18 02:00:00,11845.0
2006-01-18 03:00:00,11811.0
2006-01-18 04:00:00,12045.0
2006-01-18 05:00:00,13109.0
2006-01-18 06:00:00,15220.0
2006-01-18 07:00:00,16644.0
2006-01-18 08:00:00,16837.0
2006-01-18 09:00:00,16827.0
2006-01-18 10:00:00,16824.0
2006-01-18 11:00:00,16776.0
2006-01-18 12:00:00,16642.0
2006-01-18 13:00:00,16537.0
2006-01-18 14:00:00,16417.0
2006-01-18 15:00:00,16498.0
2006-01-18 16:00:00,17062.0
2006-01-18 17:00:00,18197.0
2006-01-18 18:00:00,18190.0
2006-01-18 19:00:00,17783.0
2006-01-18 20:00:00,17089.0
2006-01-18 21:00:00,15967.0
2006-01-18 22:00:00,14493.0
2006-01-18 23:00:00,13095.0
2006-01-19 00:00:00,12190.0
2006-01-19 01:00:00,11766.0
2006-01-19 02:00:00,11614.0
2006-01-19 03:00:00,11656.0
2006-01-19 04:00:00,12015.0
2006-01-19 05:00:00,13236.0
2006-01-19 06:00:00,15566.0
2006-01-19 07:00:00,16812.0
2006-01-19 08:00:00,16900.0
2006-01-19 09:00:00,16905.0
2006-01-19 10:00:00,16923.0
2006-01-19 11:00:00,16812.0
2006-01-19 12:00:00,16578.0
2006-01-19 13:00:00,16455.0
2006-01-19 14:00:00,16260.0
2006-01-19 15:00:00,16122.0
2006-01-19 16:00:00,16775.0
2006-01-19 17:00:00,18321.0
2006-01-19 18:00:00,18510.0
2006-01-19 19:00:00,18098.0
2006-01-19 20:00:00,17434.0
2006-01-19 21:00:00,16264.0
2006-01-19 22:00:00,14700.0
2006-01-19 23:00:00,13262.0
2006-01-20 00:00:00,12340.0
2006-01-20 01:00:00,11843.0
2006-01-20 02:00:00,11605.0
2006-01-20 03:00:00,11554.0
2006-01-20 04:00:00,11835.0
2006-01-20 05:00:00,12937.0
2006-01-20 06:00:00,15172.0
2006-01-20 07:00:00,16371.0
2006-01-20 08:00:00,16465.0
2006-01-20 09:00:00,16450.0
2006-01-20 10:00:00,16397.0
2006-01-20 11:00:00,16238.0
2006-01-20 12:00:00,15969.0
2006-01-20 13:00:00,15819.0
2006-01-20 14:00:00,15584.0
2006-01-20 15:00:00,15484.0
2006-01-20 16:00:00,16043.0
2006-01-20 17:00:00,17255.0
2006-01-20 18:00:00,17113.0
2006-01-20 19:00:00,16530.0
2006-01-20 20:00:00,15887.0
2006-01-20 21:00:00,14999.0
2006-01-20 22:00:00,13803.0
2006-01-20 23:00:00,12576.0
2006-01-21 00:00:00,11647.0
2006-01-21 01:00:00,11121.0
2006-01-21 02:00:00,10831.0
2006-01-21 03:00:00,10712.0
2006-01-21 04:00:00,10793.0
2006-01-21 05:00:00,11226.0
2006-01-21 06:00:00,12070.0
2006-01-21 07:00:00,12929.0
2006-01-21 08:00:00,14001.0
2006-01-21 09:00:00,14653.0
2006-01-21 10:00:00,14926.0
2006-01-21 11:00:00,14907.0
2006-01-21 12:00:00,14621.0
2006-01-21 13:00:00,14328.0
2006-01-21 14:00:00,14068.0
2006-01-21 15:00:00,14047.0
2006-01-21 16:00:00,14847.0
2006-01-21 17:00:00,16159.0
2006-01-21 18:00:00,16165.0
2006-01-21 19:00:00,15733.0
2006-01-21 20:00:00,15284.0
2006-01-21 21:00:00,14617.0
2006-01-21 22:00:00,13727.0
2006-01-21 23:00:00,12740.0
2006-01-22 00:00:00,11911.0
2006-01-22 01:00:00,11435.0
2006-01-22 02:00:00,11231.0
2006-01-22 03:00:00,11161.0
2006-01-22 04:00:00,11251.0
2006-01-22 05:00:00,11563.0
2006-01-22 06:00:00,12152.0
2006-01-22 07:00:00,12803.0
2006-01-22 08:00:00,13799.0
2006-01-22 09:00:00,14540.0
2006-01-22 10:00:00,14911.0
2006-01-22 11:00:00,14995.0
2006-01-22 12:00:00,14893.0
2006-01-22 13:00:00,14629.0
2006-01-22 14:00:00,14432.0
2006-01-22 15:00:00,14594.0
2006-01-22 16:00:00,15602.0
2006-01-22 17:00:00,17289.0
2006-01-22 18:00:00,17492.0
2006-01-22 19:00:00,17123.0
2006-01-22 20:00:00,16523.0
2006-01-22 21:00:00,15420.0
2006-01-22 22:00:00,14092.0
2006-01-22 23:00:00,12874.0
2006-01-23 00:00:00,12045.0
2006-01-23 01:00:00,11590.0
2006-01-23 02:00:00,11445.0
2006-01-23 03:00:00,11457.0
2006-01-23 04:00:00,11829.0
2006-01-23 05:00:00,13044.0
2006-01-23 06:00:00,15214.0
2006-01-23 07:00:00,16648.0
2006-01-23 08:00:00,17152.0
2006-01-23 09:00:00,17537.0
2006-01-23 10:00:00,17866.0
2006-01-23 11:00:00,17956.0
2006-01-23 12:00:00,17784.0
2006-01-23 13:00:00,17637.0
2006-01-23 14:00:00,17413.0
2006-01-23 15:00:00,17271.0
2006-01-23 16:00:00,17877.0
2006-01-23 17:00:00,19206.0
2006-01-23 18:00:00,19172.0
2006-01-23 19:00:00,18565.0
2006-01-23 20:00:00,17660.0
2006-01-23 21:00:00,16313.0
2006-01-23 22:00:00,14678.0
2006-01-23 23:00:00,13265.0
2006-01-24 00:00:00,12378.0
2006-01-24 01:00:00,11951.0
2006-01-24 02:00:00,11789.0
2006-01-24 03:00:00,11815.0
2006-01-24 04:00:00,12178.0
2006-01-24 05:00:00,13395.0
2006-01-24 06:00:00,15696.0
2006-01-24 07:00:00,16888.0
2006-01-24 08:00:00,16928.0
2006-01-24 09:00:00,16841.0
2006-01-24 10:00:00,16778.0
2006-01-24 11:00:00,16607.0
2006-01-24 12:00:00,16357.0
2006-01-24 13:00:00,16223.0
2006-01-24 14:00:00,16028.0
2006-01-24 15:00:00,16046.0
2006-01-24 16:00:00,16803.0
2006-01-24 17:00:00,18450.0
2006-01-24 18:00:00,18597.0
2006-01-24 19:00:00,18176.0
2006-01-24 20:00:00,17422.0
2006-01-24 21:00:00,16220.0
2006-01-24 22:00:00,14685.0
2006-01-24 23:00:00,13204.0
2006-01-25 00:00:00,12272.0
2006-01-25 01:00:00,11811.0
2006-01-25 02:00:00,11601.0
2006-01-25 03:00:00,11582.0
2006-01-25 04:00:00,11890.0
2006-01-25 05:00:00,13078.0
2006-01-25 06:00:00,15370.0
2006-01-25 07:00:00,16658.0
2006-01-25 08:00:00,16795.0
2006-01-25 09:00:00,16783.0
2006-01-25 10:00:00,16780.0
2006-01-25 11:00:00,16686.0
2006-01-25 12:00:00,16505.0
2006-01-25 13:00:00,16451.0
2006-01-25 14:00:00,16360.0
2006-01-25 15:00:00,16417.0
2006-01-25 16:00:00,17092.0
2006-01-25 17:00:00,18540.0
2006-01-25 18:00:00,18613.0
2006-01-25 19:00:00,18157.0
2006-01-25 20:00:00,17429.0
2006-01-25 21:00:00,16237.0
2006-01-25 22:00:00,14675.0
2006-01-25 23:00:00,13245.0
2006-01-26 00:00:00,12352.0
2006-01-26 01:00:00,11910.0
2006-01-26 02:00:00,11739.0
2006-01-26 03:00:00,11755.0
2006-01-26 04:00:00,12108.0
2006-01-26 05:00:00,13329.0
2006-01-26 06:00:00,15675.0
2006-01-26 07:00:00,16992.0
2006-01-26 08:00:00,17172.0
2006-01-26 09:00:00,17143.0
2006-01-26 10:00:00,17137.0
2006-01-26 11:00:00,17015.0
2006-01-26 12:00:00,16790.0
2006-01-26 13:00:00,16699.0
2006-01-26 14:00:00,16536.0
2006-01-26 15:00:00,16581.0
2006-01-26 16:00:00,17292.0
2006-01-26 17:00:00,18943.0
2006-01-26 18:00:00,19201.0
2006-01-26 19:00:00,18868.0
2006-01-26 20:00:00,18217.0
2006-01-26 21:00:00,17119.0
2006-01-26 22:00:00,15546.0
2006-01-26 23:00:00,14184.0
2006-01-27 00:00:00,13329.0
2006-01-27 01:00:00,12910.0
2006-01-27 02:00:00,12740.0
2006-01-27 03:00:00,12772.0
2006-01-27 04:00:00,13120.0
2006-01-27 05:00:00,14291.0
2006-01-27 06:00:00,16583.0
2006-01-27 07:00:00,17785.0
2006-01-27 08:00:00,17880.0
2006-01-27 09:00:00,17786.0
2006-01-27 10:00:00,17641.0
2006-01-27 11:00:00,17363.0
2006-01-27 12:00:00,17006.0
2006-01-27 13:00:00,16771.0
2006-01-27 14:00:00,16458.0
2006-01-27 15:00:00,16331.0
2006-01-27 16:00:00,16796.0
2006-01-27 17:00:00,18166.0
2006-01-27 18:00:00,18253.0
2006-01-27 19:00:00,17743.0
2006-01-27 20:00:00,17090.0
2006-01-27 21:00:00,16209.0
2006-01-27 22:00:00,14892.0
2006-01-27 23:00:00,13608.0
2006-01-28 00:00:00,12625.0
2006-01-28 01:00:00,12104.0
2006-01-28 02:00:00,11825.0
2006-01-28 03:00:00,11686.0
2006-01-28 04:00:00,11752.0
2006-01-28 05:00:00,12161.0
2006-01-28 06:00:00,12982.0
2006-01-28 07:00:00,13846.0
2006-01-28 08:00:00,14926.0
2006-01-28 09:00:00,15569.0
2006-01-28 10:00:00,15734.0
2006-01-28 11:00:00,15507.0
2006-01-28 12:00:00,14984.0
2006-01-28 13:00:00,14487.0
2006-01-28 14:00:00,14118.0
2006-01-28 15:00:00,14020.0
2006-01-28 16:00:00,14537.0
2006-01-28 17:00:00,16078.0
2006-01-28 18:00:00,16293.0
2006-01-28 19:00:00,15825.0
2006-01-28 20:00:00,15313.0
2006-01-28 21:00:00,14619.0
2006-01-28 22:00:00,13641.0
2006-01-28 23:00:00,12603.0
2006-01-29 00:00:00,11731.0
2006-01-29 01:00:00,11223.0
2006-01-29 02:00:00,10963.0
2006-01-29 03:00:00,10884.0
2006-01-29 04:00:00,10946.0
2006-01-29 05:00:00,11212.0
2006-01-29 06:00:00,11754.0
2006-01-29 07:00:00,12422.0
2006-01-29 08:00:00,13430.0
2006-01-29 09:00:00,14140.0
2006-01-29 10:00:00,14500.0
2006-01-29 11:00:00,14690.0
2006-01-29 12:00:00,14705.0
2006-01-29 13:00:00,14628.0
2006-01-29 14:00:00,14657.0
2006-01-29 15:00:00,14896.0
2006-01-29 16:00:00,15758.0
2006-01-29 17:00:00,16936.0
2006-01-29 18:00:00,16914.0
2006-01-29 19:00:00,16442.0
2006-01-29 20:00:00,15699.0
2006-01-29 21:00:00,14552.0
2006-01-29 22:00:00,13208.0
2006-01-29 23:00:00,12048.0
2006-01-30 00:00:00,11252.0
2006-01-30 01:00:00,10854.0
2006-01-30 02:00:00,10716.0
2006-01-30 03:00:00,10735.0
2006-01-30 04:00:00,11131.0
2006-01-30 05:00:00,12398.0
2006-01-30 06:00:00,14711.0
2006-01-30 07:00:00,16169.0
2006-01-30 08:00:00,16536.0
2006-01-30 09:00:00,16693.0
2006-01-30 10:00:00,16864.0
2006-01-30 11:00:00,16881.0
2006-01-30 12:00:00,16760.0
2006-01-30 13:00:00,16709.0
2006-01-30 14:00:00,16669.0
2006-01-30 15:00:00,16850.0
2006-01-30 16:00:00,17624.0
2006-01-30 17:00:00,18695.0
2006-01-30 18:00:00,18633.0
2006-01-30 19:00:00,18157.0
2006-01-30 20:00:00,17349.0
2006-01-30 21:00:00,16091.0
2006-01-30 22:00:00,14470.0
2006-01-30 23:00:00,13061.0
2006-01-31 00:00:00,12148.0
2006-01-31 01:00:00,11663.0
2006-01-31 02:00:00,11448.0
2006-01-31 03:00:00,11430.0
2006-01-31 04:00:00,11756.0
2006-01-31 05:00:00,12924.0
2006-01-31 06:00:00,15213.0
2006-01-31 07:00:00,16683.0
2006-01-31 08:00:00,17005.0
2006-01-31 09:00:00,17194.0
2006-01-31 10:00:00,17408.0
2006-01-31 11:00:00,17492.0
2006-01-31 12:00:00,17467.0
2006-01-31 13:00:00,17444.0
2006-01-31 14:00:00,17329.0
2006-01-31 15:00:00,17441.0
2006-01-31 16:00:00,18072.0
2006-01-31 17:00:00,19138.0
2006-01-31 18:00:00,19101.0
2006-01-31 19:00:00,18614.0
2006-01-31 20:00:00,17769.0
2006-01-31 21:00:00,16555.0
2006-01-31 22:00:00,14921.0
2006-01-31 23:00:00,13448.0
2006-02-01 00:00:00,12485.0
2006-02-01 01:00:00,12030.0
2006-02-01 02:00:00,11818.0
2006-02-01 03:00:00,11805.0
2006-02-01 04:00:00,12105.0
2006-02-01 05:00:00,13261.0
2006-02-01 06:00:00,15529.0
2006-02-01 07:00:00,16722.0
2006-02-01 08:00:00,16827.0
2006-02-01 09:00:00,16764.0
2006-02-01 10:00:00,16712.0
2006-02-01 11:00:00,16594.0
2006-02-01 12:00:00,16427.0
2006-02-01 13:00:00,16356.0
2006-02-01 14:00:00,16224.0
2006-02-01 15:00:00,16324.0
2006-02-01 16:00:00,17071.0
2006-02-01 17:00:00,18415.0
2006-02-01 18:00:00,18511.0
2006-02-01 19:00:00,18076.0
2006-02-01 20:00:00,17361.0
2006-02-01 21:00:00,16222.0
2006-02-01 22:00:00,14617.0
2006-02-01 23:00:00,13154.0
2006-02-02 00:00:00,12256.0
2006-02-02 01:00:00,11809.0
2006-02-02 02:00:00,11600.0
2006-02-02 03:00:00,11613.0
2006-02-02 04:00:00,11976.0
2006-02-02 05:00:00,13184.0
2006-02-02 06:00:00,15481.0
2006-02-02 07:00:00,16722.0
2006-02-02 08:00:00,16851.0
2006-02-02 09:00:00,16772.0
2006-02-02 10:00:00,16729.0
2006-02-02 11:00:00,16489.0
2006-02-02 12:00:00,16198.0
2006-02-02 13:00:00,16074.0
2006-02-02 14:00:00,15840.0
2006-02-02 15:00:00,15765.0
2006-02-02 16:00:00,16319.0
2006-02-02 17:00:00,17845.0
2006-02-02 18:00:00,18159.0
2006-02-02 19:00:00,17768.0
2006-02-02 20:00:00,17032.0
2006-02-02 21:00:00,15893.0
2006-02-02 22:00:00,14269.0
2006-02-02 23:00:00,12837.0
2006-02-03 00:00:00,11891.0
2006-02-03 01:00:00,11412.0
2006-02-03 02:00:00,11174.0
2006-02-03 03:00:00,11132.0
2006-02-03 04:00:00,11417.0
2006-02-03 05:00:00,12532.0
2006-02-03 06:00:00,14741.0
2006-02-03 07:00:00,16263.0
2006-02-03 08:00:00,16683.0
2006-02-03 09:00:00,16898.0
2006-02-03 10:00:00,17043.0
2006-02-03 11:00:00,17003.0
2006-02-03 12:00:00,16825.0
2006-02-03 13:00:00,16653.0
2006-02-03 14:00:00,16339.0
2006-02-03 15:00:00,16101.0
2006-02-03 16:00:00,16202.0
2006-02-03 17:00:00,17044.0
2006-02-03 18:00:00,17118.0
2006-02-03 19:00:00,16550.0
2006-02-03 20:00:00,15871.0
2006-02-03 21:00:00,15001.0
2006-02-03 22:00:00,13789.0
2006-02-03 23:00:00,12560.0
2006-02-04 00:00:00,11598.0
2006-02-04 01:00:00,11069.0
2006-02-04 02:00:00,10800.0
2006-02-04 03:00:00,10697.0
2006-02-04 04:00:00,10802.0
2006-02-04 05:00:00,11265.0
2006-02-04 06:00:00,12103.0
2006-02-04 07:00:00,12990.0
2006-02-04 08:00:00,14081.0
2006-02-04 09:00:00,14731.0
2006-02-04 10:00:00,14945.0
2006-02-04 11:00:00,14846.0
2006-02-04 12:00:00,14597.0
2006-02-04 13:00:00,14395.0
2006-02-04 14:00:00,14236.0
2006-02-04 15:00:00,14347.0
2006-02-04 16:00:00,15080.0
2006-02-04 17:00:00,16205.0
2006-02-04 18:00:00,16189.0
2006-02-04 19:00:00,15719.0
2006-02-04 20:00:00,15141.0
2006-02-04 21:00:00,14402.0
2006-02-04 22:00:00,13330.0
2006-02-04 23:00:00,12232.0
2006-02-05 00:00:00,11349.0
2006-02-05 01:00:00,10784.0
2006-02-05 02:00:00,10470.0
2006-02-05 03:00:00,10295.0
2006-02-05 04:00:00,10256.0
2006-02-05 05:00:00,10480.0
2006-02-05 06:00:00,10987.0
2006-02-05 07:00:00,11728.0
2006-02-05 08:00:00,12807.0
2006-02-05 09:00:00,13752.0
2006-02-05 10:00:00,14285.0
2006-02-05 11:00:00,14563.0
2006-02-05 12:00:00,14569.0
2006-02-05 13:00:00,14323.0
2006-02-05 14:00:00,14102.0
2006-02-05 15:00:00,14127.0
2006-02-05 16:00:00,14767.0
2006-02-05 17:00:00,16232.0
2006-02-05 18:00:00,16307.0
2006-02-05 19:00:00,15689.0
2006-02-05 20:00:00,15202.0
2006-02-05 21:00:00,14423.0
2006-02-05 22:00:00,13481.0
2006-02-05 23:00:00,12318.0
2006-02-06 00:00:00,11456.0
2006-02-06 01:00:00,11063.0
2006-02-06 02:00:00,10960.0
2006-02-06 03:00:00,11023.0
2006-02-06 04:00:00,11431.0
2006-02-06 05:00:00,12669.0
2006-02-06 06:00:00,14968.0
2006-02-06 07:00:00,16226.0
2006-02-06 08:00:00,16536.0
2006-02-06 09:00:00,16715.0
2006-02-06 10:00:00,16918.0
2006-02-06 11:00:00,16903.0
2006-02-06 12:00:00,16759.0
2006-02-06 13:00:00,16650.0
2006-02-06 14:00:00,16440.0
2006-02-06 15:00:00,16447.0
2006-02-06 16:00:00,17017.0
2006-02-06 17:00:00,18554.0
2006-02-06 18:00:00,18916.0
2006-02-06 19:00:00,18484.0
2006-02-06 20:00:00,17717.0
2006-02-06 21:00:00,16452.0
2006-02-06 22:00:00,14810.0
2006-02-06 23:00:00,13413.0
2006-02-07 00:00:00,12502.0
2006-02-07 01:00:00,12044.0
2006-02-07 02:00:00,11872.0
2006-02-07 03:00:00,11893.0
2006-02-07 04:00:00,12235.0
2006-02-07 05:00:00,13413.0
2006-02-07 06:00:00,15689.0
2006-02-07 07:00:00,16816.0
2006-02-07 08:00:00,16931.0
2006-02-07 09:00:00,16929.0
2006-02-07 10:00:00,17006.0
2006-02-07 11:00:00,16962.0
2006-02-07 12:00:00,16796.0
2006-02-07 13:00:00,16633.0
2006-02-07 14:00:00,16407.0
2006-02-07 15:00:00,16382.0
2006-02-07 16:00:00,16902.0
2006-02-07 17:00:00,18414.0
2006-02-07 18:00:00,18955.0
2006-02-07 19:00:00,18579.0
2006-02-07 20:00:00,17866.0
2006-02-07 21:00:00,16761.0
2006-02-07 22:00:00,15164.0
2006-02-07 23:00:00,13764.0
2006-02-08 00:00:00,12911.0
2006-02-08 01:00:00,12499.0
2006-02-08 02:00:00,12355.0
2006-02-08 03:00:00,12386.0
2006-02-08 04:00:00,12746.0
2006-02-08 05:00:00,13980.0
2006-02-08 06:00:00,16269.0
2006-02-08 07:00:00,17397.0
2006-02-08 08:00:00,17459.0
2006-02-08 09:00:00,17386.0
2006-02-08 10:00:00,17321.0
2006-02-08 11:00:00,17170.0
2006-02-08 12:00:00,16923.0
2006-02-08 13:00:00,16811.0
2006-02-08 14:00:00,16667.0
2006-02-08 15:00:00,16721.0
2006-02-08 16:00:00,17270.0
2006-02-08 17:00:00,18704.0
2006-02-08 18:00:00,19096.0
2006-02-08 19:00:00,18747.0
2006-02-08 20:00:00,17991.0
2006-02-08 21:00:00,16881.0
2006-02-08 22:00:00,15269.0
2006-02-08 23:00:00,13886.0
2006-02-09 00:00:00,12992.0
2006-02-09 01:00:00,12582.0
2006-02-09 02:00:00,12408.0
2006-02-09 03:00:00,12454.0
2006-02-09 04:00:00,12821.0
2006-02-09 05:00:00,14056.0
2006-02-09 06:00:00,16358.0
2006-02-09 07:00:00,17561.0
2006-02-09 08:00:00,17671.0
2006-02-09 09:00:00,17560.0
2006-02-09 10:00:00,17491.0
2006-02-09 11:00:00,17300.0
2006-02-09 12:00:00,16975.0
2006-02-09 13:00:00,16783.0
2006-02-09 14:00:00,16535.0
2006-02-09 15:00:00,16499.0
2006-02-09 16:00:00,17014.0
2006-02-09 17:00:00,18471.0
2006-02-09 18:00:00,18998.0
2006-02-09 19:00:00,18719.0
2006-02-09 20:00:00,18066.0
2006-02-09 21:00:00,17002.0
2006-02-09 22:00:00,15432.0
2006-02-09 23:00:00,14077.0
2006-02-10 00:00:00,13199.0
2006-02-10 01:00:00,12801.0
2006-02-10 02:00:00,12644.0
2006-02-10 03:00:00,12680.0
2006-02-10 04:00:00,13060.0
2006-02-10 05:00:00,14263.0
2006-02-10 06:00:00,16525.0
2006-02-10 07:00:00,17678.0
2006-02-10 08:00:00,17859.0
2006-02-10 09:00:00,17895.0
2006-02-10 10:00:00,17902.0
2006-02-10 11:00:00,17786.0
2006-02-10 12:00:00,17447.0
2006-02-10 13:00:00,17223.0
2006-02-10 14:00:00,16924.0
2006-02-10 15:00:00,16800.0
2006-02-10 16:00:00,17133.0
2006-02-10 17:00:00,18337.0
2006-02-10 18:00:00,18696.0
2006-02-10 19:00:00,18225.0
2006-02-10 20:00:00,17612.0
2006-02-10 21:00:00,16753.0
2006-02-10 22:00:00,15522.0
2006-02-10 23:00:00,14256.0
2006-02-11 00:00:00,13320.0
2006-02-11 01:00:00,12760.0
2006-02-11 02:00:00,12504.0
2006-02-11 03:00:00,12398.0
2006-02-11 04:00:00,12521.0
2006-02-11 05:00:00,13000.0
2006-02-11 06:00:00,13869.0
2006-02-11 07:00:00,14818.0
2006-02-11 08:00:00,15825.0
2006-02-11 09:00:00,16347.0
2006-02-11 10:00:00,16399.0
2006-02-11 11:00:00,16180.0
2006-02-11 12:00:00,15837.0
2006-02-11 13:00:00,15440.0
2006-02-11 14:00:00,15160.0
2006-02-11 15:00:00,15225.0
2006-02-11 16:00:00,15790.0
2006-02-11 17:00:00,17158.0
2006-02-11 18:00:00,17554.0
2006-02-11 19:00:00,17167.0
2006-02-11 20:00:00,16625.0
2006-02-11 21:00:00,15881.0
2006-02-11 22:00:00,14831.0
2006-02-11 23:00:00,13798.0
2006-02-12 00:00:00,12922.0
2006-02-12 01:00:00,12397.0
2006-02-12 02:00:00,12154.0
2006-02-12 03:00:00,12059.0
2006-02-12 04:00:00,12132.0
2006-02-12 05:00:00,12404.0
2006-02-12 06:00:00,12899.0
2006-02-12 07:00:00,13523.0
2006-02-12 08:00:00,14666.0
2006-02-12 09:00:00,15737.0
2006-02-12 10:00:00,16526.0
2006-02-12 11:00:00,17047.0
2006-02-12 12:00:00,17231.0
2006-02-12 13:00:00,17087.0
2006-02-12 14:00:00,16897.0
2006-02-12 15:00:00,16863.0
2006-02-12 16:00:00,17274.0
2006-02-12 17:00:00,18599.0
2006-02-12 18:00:00,19031.0
2006-02-12 19:00:00,18427.0
2006-02-12 20:00:00,17546.0
2006-02-12 21:00:00,16386.0
2006-02-12 22:00:00,15025.0
2006-02-12 23:00:00,13884.0
2006-02-13 00:00:00,13086.0
2006-02-13 01:00:00,12739.0
2006-02-13 02:00:00,12610.0
2006-02-13 03:00:00,12679.0
2006-02-13 04:00:00,13094.0
2006-02-13 05:00:00,14293.0
2006-02-13 06:00:00,16285.0
2006-02-13 07:00:00,17422.0
2006-02-13 08:00:00,17801.0
2006-02-13 09:00:00,17850.0
2006-02-13 10:00:00,17828.0
2006-02-13 11:00:00,17668.0
2006-02-13 12:00:00,17363.0
2006-02-13 13:00:00,17137.0
2006-02-13 14:00:00,16969.0
2006-02-13 15:00:00,16954.0
2006-02-13 16:00:00,17329.0
2006-02-13 17:00:00,18651.0
2006-02-13 18:00:00,19233.0
2006-02-13 19:00:00,18851.0
2006-02-13 20:00:00,18161.0
2006-02-13 21:00:00,16981.0
2006-02-13 22:00:00,15386.0
2006-02-13 23:00:00,13965.0
2006-02-14 00:00:00,13005.0
2006-02-14 01:00:00,12520.0
2006-02-14 02:00:00,12334.0
2006-02-14 03:00:00,12325.0
2006-02-14 04:00:00,12683.0
2006-02-14 05:00:00,13860.0
2006-02-14 06:00:00,16088.0
2006-02-14 07:00:00,17114.0
2006-02-14 08:00:00,17153.0
2006-02-14 09:00:00,17063.0
2006-02-14 10:00:00,16988.0
2006-02-14 11:00:00,16803.0
2006-02-14 12:00:00,16505.0
2006-02-14 13:00:00,16337.0
2006-02-14 14:00:00,16103.0
2006-02-14 15:00:00,16023.0
2006-02-14 16:00:00,16400.0
2006-02-14 17:00:00,17723.0
2006-02-14 18:00:00,18384.0
2006-02-14 19:00:00,18015.0
2006-02-14 20:00:00,17314.0
2006-02-14 21:00:00,16233.0
2006-02-14 22:00:00,14697.0
2006-02-14 23:00:00,13324.0
2006-02-15 00:00:00,12418.0
2006-02-15 01:00:00,11974.0
2006-02-15 02:00:00,11783.0
2006-02-15 03:00:00,11767.0
2006-02-15 04:00:00,12136.0
2006-02-15 05:00:00,13334.0
2006-02-15 06:00:00,15497.0
2006-02-15 07:00:00,16551.0
2006-02-15 08:00:00,16618.0
2006-02-15 09:00:00,16516.0
2006-02-15 10:00:00,16430.0
2006-02-15 11:00:00,16248.0
2006-02-15 12:00:00,15987.0
2006-02-15 13:00:00,15845.0
2006-02-15 14:00:00,15621.0
2006-02-15 15:00:00,15526.0
2006-02-15 16:00:00,15883.0
2006-02-15 17:00:00,17200.0
2006-02-15 18:00:00,17869.0
2006-02-15 19:00:00,17520.0
2006-02-15 20:00:00,16826.0
2006-02-15 21:00:00,15711.0
2006-02-15 22:00:00,14140.0
2006-02-15 23:00:00,12731.0
2006-02-16 00:00:00,11819.0
2006-02-16 01:00:00,11380.0
2006-02-16 02:00:00,11208.0
2006-02-16 03:00:00,11228.0
2006-02-16 04:00:00,11603.0
2006-02-16 05:00:00,12824.0
2006-02-16 06:00:00,15089.0
2006-02-16 07:00:00,16235.0
2006-02-16 08:00:00,16327.0
2006-02-16 09:00:00,16230.0
2006-02-16 10:00:00,16181.0
2006-02-16 11:00:00,16013.0
2006-02-16 12:00:00,15762.0
2006-02-16 13:00:00,15614.0
2006-02-16 14:00:00,15405.0
2006-02-16 15:00:00,15296.0
2006-02-16 16:00:00,15609.0
2006-02-16 17:00:00,16827.0
2006-02-16 18:00:00,17496.0
2006-02-16 19:00:00,17155.0
2006-02-16 20:00:00,16487.0
2006-02-16 21:00:00,15419.0
2006-02-16 22:00:00,13893.0
2006-02-16 23:00:00,12502.0
2006-02-17 00:00:00,11575.0
2006-02-17 01:00:00,11102.0
2006-02-17 02:00:00,10851.0
2006-02-17 03:00:00,10807.0
2006-02-17 04:00:00,11089.0
2006-02-17 05:00:00,12193.0
2006-02-17 06:00:00,14313.0
2006-02-17 07:00:00,15502.0
2006-02-17 08:00:00,15937.0
2006-02-17 09:00:00,16178.0
2006-02-17 10:00:00,16362.0
2006-02-17 11:00:00,16336.0
2006-02-17 12:00:00,16059.0
2006-02-17 13:00:00,15780.0
2006-02-17 14:00:00,15441.0
2006-02-17 15:00:00,15232.0
2006-02-17 16:00:00,15501.0
2006-02-17 17:00:00,16609.0
2006-02-17 18:00:00,17285.0
2006-02-17 19:00:00,16977.0
2006-02-17 20:00:00,16454.0
2006-02-17 21:00:00,15688.0
2006-02-17 22:00:00,14593.0
2006-02-17 23:00:00,13424.0
2006-02-18 00:00:00,12527.0
2006-02-18 01:00:00,12076.0
2006-02-18 02:00:00,11838.0
2006-02-18 03:00:00,11757.0
2006-02-18 04:00:00,11865.0
2006-02-18 05:00:00,12295.0
2006-02-18 06:00:00,13065.0
2006-02-18 07:00:00,14027.0
2006-02-18 08:00:00,15216.0
2006-02-18 09:00:00,15996.0
2006-02-18 10:00:00,16283.0
2006-02-18 11:00:00,16273.0
2006-02-18 12:00:00,16101.0
2006-02-18 13:00:00,15815.0
2006-02-18 14:00:00,15545.0
2006-02-18 15:00:00,15494.0
2006-02-18 16:00:00,15897.0
2006-02-18 17:00:00,17216.0
2006-02-18 18:00:00,18054.0
2006-02-18 19:00:00,17746.0
2006-02-18 20:00:00,17332.0
2006-02-18 21:00:00,16691.0
2006-02-18 22:00:00,15730.0
2006-02-18 23:00:00,14735.0
2006-02-19 00:00:00,13936.0
2006-02-19 01:00:00,13444.0
2006-02-19 02:00:00,13211.0
2006-02-19 03:00:00,13123.0
2006-02-19 04:00:00,13148.0
2006-02-19 05:00:00,13413.0
2006-02-19 06:00:00,13855.0
2006-02-19 07:00:00,14478.0
2006-02-19 08:00:00,15305.0
2006-02-19 09:00:00,15932.0
2006-02-19 10:00:00,16161.0
2006-02-19 11:00:00,16202.0
2006-02-19 12:00:00,16010.0
2006-02-19 13:00:00,15642.0
2006-02-19 14:00:00,15306.0
2006-02-19 15:00:00,15216.0
2006-02-19 16:00:00,15621.0
2006-02-19 17:00:00,16882.0
2006-02-19 18:00:00,17708.0
2006-02-19 19:00:00,17461.0
2006-02-19 20:00:00,16905.0
2006-02-19 21:00:00,16048.0
2006-02-19 22:00:00,14958.0
2006-02-19 23:00:00,13952.0
2006-02-20 00:00:00,13190.0
2006-02-20 01:00:00,12810.0
2006-02-20 02:00:00,12670.0
2006-02-20 03:00:00,12672.0
2006-02-20 04:00:00,12943.0
2006-02-20 05:00:00,13744.0
2006-02-20 06:00:00,14971.0
2006-02-20 07:00:00,15938.0
2006-02-20 08:00:00,16664.0
2006-02-20 09:00:00,17092.0
2006-02-20 10:00:00,17227.0
2006-02-20 11:00:00,17111.0
2006-02-20 12:00:00,16756.0
2006-02-20 13:00:00,16387.0
2006-02-20 14:00:00,16057.0
2006-02-20 15:00:00,15961.0
2006-02-20 16:00:00,16378.0
2006-02-20 17:00:00,17666.0
2006-02-20 18:00:00,18444.0
2006-02-20 19:00:00,18048.0
2006-02-20 20:00:00,17386.0
2006-02-20 21:00:00,16364.0
2006-02-20 22:00:00,15003.0
2006-02-20 23:00:00,13800.0
2006-02-21 00:00:00,12955.0
2006-02-21 01:00:00,12540.0
2006-02-21 02:00:00,12396.0
2006-02-21 03:00:00,12434.0
2006-02-21 04:00:00,12774.0
2006-02-21 05:00:00,13877.0
2006-02-21 06:00:00,15586.0
2006-02-21 07:00:00,16740.0
2006-02-21 08:00:00,17290.0
2006-02-21 09:00:00,17390.0
2006-02-21 10:00:00,17356.0
2006-02-21 11:00:00,17215.0
2006-02-21 12:00:00,16959.0
2006-02-21 13:00:00,16788.0
2006-02-21 14:00:00,16505.0
2006-02-21 15:00:00,16366.0
2006-02-21 16:00:00,16741.0
2006-02-21 17:00:00,17829.0
2006-02-21 18:00:00,18558.0
2006-02-21 19:00:00,18156.0
2006-02-21 20:00:00,17440.0
2006-02-21 21:00:00,16402.0
2006-02-21 22:00:00,14999.0
2006-02-21 23:00:00,13739.0
2006-02-22 00:00:00,12814.0
2006-02-22 01:00:00,12313.0
2006-02-22 02:00:00,12093.0
2006-02-22 03:00:00,12124.0
2006-02-22 04:00:00,12501.0
2006-02-22 05:00:00,13605.0
2006-02-22 06:00:00,15329.0
2006-02-22 07:00:00,16425.0
2006-02-22 08:00:00,16815.0
2006-02-22 09:00:00,16860.0
2006-02-22 10:00:00,16823.0
2006-02-22 11:00:00,16694.0
2006-02-22 12:00:00,16414.0
2006-02-22 13:00:00,16162.0
2006-02-22 14:00:00,15879.0
2006-02-22 15:00:00,15757.0
2006-02-22 16:00:00,16071.0
2006-02-22 17:00:00,17225.0
2006-02-22 18:00:00,17951.0
2006-02-22 19:00:00,17580.0
2006-02-22 20:00:00,16891.0
2006-02-22 21:00:00,15880.0
2006-02-22 22:00:00,14508.0
2006-02-22 23:00:00,13170.0
2006-02-23 00:00:00,12353.0
2006-02-23 01:00:00,11999.0
2006-02-23 02:00:00,11794.0
2006-02-23 03:00:00,11774.0
2006-02-23 04:00:00,12080.0
2006-02-23 05:00:00,13116.0
2006-02-23 06:00:00,14829.0
2006-02-23 07:00:00,16079.0
2006-02-23 08:00:00,16664.0
2006-02-23 09:00:00,16876.0
2006-02-23 10:00:00,16992.0
2006-02-23 11:00:00,16940.0
2006-02-23 12:00:00,16784.0
2006-02-23 13:00:00,16688.0
2006-02-23 14:00:00,16553.0
2006-02-23 15:00:00,16488.0
2006-02-23 16:00:00,16831.0
2006-02-23 17:00:00,17700.0
2006-02-23 18:00:00,18153.0
2006-02-23 19:00:00,17754.0
2006-02-23 20:00:00,17011.0
2006-02-23 21:00:00,16002.0
2006-02-23 22:00:00,14667.0
2006-02-23 23:00:00,13426.0
2006-02-24 00:00:00,12508.0
2006-02-24 01:00:00,12005.0
2006-02-24 02:00:00,11740.0
2006-02-24 03:00:00,11696.0
2006-02-24 04:00:00,11998.0
2006-02-24 05:00:00,13032.0
2006-02-24 06:00:00,14719.0
2006-02-24 07:00:00,15947.0
2006-02-24 08:00:00,16568.0
2006-02-24 09:00:00,16854.0
2006-02-24 10:00:00,17023.0
2006-02-24 11:00:00,17039.0
2006-02-24 12:00:00,16865.0
2006-02-24 13:00:00,16751.0
2006-02-24 14:00:00,16525.0
2006-02-24 15:00:00,16332.0
2006-02-24 16:00:00,16556.0
2006-02-24 17:00:00,17505.0
2006-02-24 18:00:00,18290.0
2006-02-24 19:00:00,17898.0
2006-02-24 20:00:00,17327.0
2006-02-24 21:00:00,16480.0
2006-02-24 22:00:00,15295.0
2006-02-24 23:00:00,14132.0
2006-02-25 00:00:00,13229.0
2006-02-25 01:00:00,12761.0
2006-02-25 02:00:00,12525.0
2006-02-25 03:00:00,12481.0
2006-02-25 04:00:00,12616.0
2006-02-25 05:00:00,13059.0
2006-02-25 06:00:00,13753.0
2006-02-25 07:00:00,14633.0
2006-02-25 08:00:00,15653.0
2006-02-25 09:00:00,16301.0
2006-02-25 10:00:00,16652.0
2006-02-25 11:00:00,16723.0
2006-02-25 12:00:00,16564.0
2006-02-25 13:00:00,16301.0
2006-02-25 14:00:00,16021.0
2006-02-25 15:00:00,15879.0
2006-02-25 16:00:00,16054.0
2006-02-25 17:00:00,16956.0
2006-02-25 18:00:00,17563.0
2006-02-25 19:00:00,17116.0
2006-02-25 20:00:00,16532.0
2006-02-25 21:00:00,15746.0
2006-02-25 22:00:00,14717.0
2006-02-25 23:00:00,13752.0
2006-02-26 00:00:00,12993.0
2006-02-26 01:00:00,12586.0
2006-02-26 02:00:00,12352.0
2006-02-26 03:00:00,12347.0
2006-02-26 04:00:00,12436.0
2006-02-26 05:00:00,12763.0
2006-02-26 06:00:00,13178.0
2006-02-26 07:00:00,13838.0
2006-02-26 08:00:00,14720.0
2006-02-26 09:00:00,15351.0
2006-02-26 10:00:00,15709.0
2006-02-26 11:00:00,15873.0
2006-02-26 12:00:00,15846.0
2006-02-26 13:00:00,15641.0
2006-02-26 14:00:00,15505.0
2006-02-26 15:00:00,15593.0
2006-02-26 16:00:00,16138.0
2006-02-26 17:00:00,17490.0
2006-02-26 18:00:00,18616.0
2006-02-26 19:00:00,18406.0
2006-02-26 20:00:00,17822.0
2006-02-26 21:00:00,16820.0
2006-02-26 22:00:00,15511.0
2006-02-26 23:00:00,14387.0
2006-02-27 00:00:00,13637.0
2006-02-27 01:00:00,13347.0
2006-02-27 02:00:00,13261.0
2006-02-27 03:00:00,13346.0
2006-02-27 04:00:00,13766.0
2006-02-27 05:00:00,15014.0
2006-02-27 06:00:00,17103.0
2006-02-27 07:00:00,18328.0
2006-02-27 08:00:00,18628.0
2006-02-27 09:00:00,18737.0
2006-02-27 10:00:00,18574.0
2006-02-27 11:00:00,18409.0
2006-02-27 12:00:00,18210.0
2006-02-27 13:00:00,18120.0
2006-02-27 14:00:00,17840.0
2006-02-27 15:00:00,17749.0
2006-02-27 16:00:00,18073.0
2006-02-27 17:00:00,19209.0
2006-02-27 18:00:00,20182.0
2006-02-27 19:00:00,19791.0
2006-02-27 20:00:00,19062.0
2006-02-27 21:00:00,17870.0
2006-02-27 22:00:00,16267.0
2006-02-27 23:00:00,14923.0
2006-02-28 00:00:00,14026.0
2006-02-28 01:00:00,13628.0
2006-02-28 02:00:00,13467.0
2006-02-28 03:00:00,13490.0
2006-02-28 04:00:00,13842.0
2006-02-28 05:00:00,14998.0
2006-02-28 06:00:00,17013.0
2006-02-28 07:00:00,18045.0
2006-02-28 08:00:00,18170.0
2006-02-28 09:00:00,18138.0
2006-02-28 10:00:00,18110.0
2006-02-28 11:00:00,17942.0
2006-02-28 12:00:00,17681.0
2006-02-28 13:00:00,17504.0
2006-02-28 14:00:00,17247.0
2006-02-28 15:00:00,17187.0
2006-02-28 16:00:00,17539.0
2006-02-28 17:00:00,18626.0
2006-02-28 18:00:00,19646.0
2006-02-28 19:00:00,19332.0
2006-02-28 20:00:00,18618.0
2006-02-28 21:00:00,17459.0
2006-02-28 22:00:00,15845.0
2006-02-28 23:00:00,14461.0
2006-03-01 00:00:00,13553.0
2006-03-01 01:00:00,13112.0
2006-03-01 02:00:00,12952.0
2006-03-01 03:00:00,12981.0
2006-03-01 04:00:00,13346.0
2006-03-01 05:00:00,14543.0
2006-03-01 06:00:00,16570.0
2006-03-01 07:00:00,17666.0
2006-03-01 08:00:00,17801.0
2006-03-01 09:00:00,17765.0
2006-03-01 10:00:00,17729.0
2006-03-01 11:00:00,17574.0
2006-03-01 12:00:00,17257.0
2006-03-01 13:00:00,17034.0
2006-03-01 14:00:00,16747.0
2006-03-01 15:00:00,16619.0
2006-03-01 16:00:00,16878.0
2006-03-01 17:00:00,17870.0
2006-03-01 18:00:00,18917.0
2006-03-01 19:00:00,18657.0
2006-03-01 20:00:00,18007.0
2006-03-01 21:00:00,16894.0
2006-03-01 22:00:00,15354.0
2006-03-01 23:00:00,13991.0
2006-03-02 00:00:00,13121.0
2006-03-02 01:00:00,12732.0
2006-03-02 02:00:00,12567.0
2006-03-02 03:00:00,12592.0
2006-03-02 04:00:00,12920.0
2006-03-02 05:00:00,14122.0
2006-03-02 06:00:00,16095.0
2006-03-02 07:00:00,17222.0
2006-03-02 08:00:00,17566.0
2006-03-02 09:00:00,17721.0
2006-03-02 10:00:00,17800.0
2006-03-02 11:00:00,17667.0
2006-03-02 12:00:00,17524.0
2006-03-02 13:00:00,17465.0
2006-03-02 14:00:00,17381.0
2006-03-02 15:00:00,17410.0
2006-03-02 16:00:00,17837.0
2006-03-02 17:00:00,18637.0
2006-03-02 18:00:00,19163.0
2006-03-02 19:00:00,18746.0
2006-03-02 20:00:00,17866.0
2006-03-02 21:00:00,16676.0
2006-03-02 22:00:00,15086.0
2006-03-02 23:00:00,13764.0
2006-03-03 00:00:00,13025.0
2006-03-03 01:00:00,12638.0
2006-03-03 02:00:00,12519.0
2006-03-03 03:00:00,12592.0
2006-03-03 04:00:00,12966.0
2006-03-03 05:00:00,14146.0
2006-03-03 06:00:00,16020.0
2006-03-03 07:00:00,17184.0
2006-03-03 08:00:00,17521.0
2006-03-03 09:00:00,17621.0
2006-03-03 10:00:00,17637.0
2006-03-03 11:00:00,17489.0
2006-03-03 12:00:00,17235.0
2006-03-03 13:00:00,17094.0
2006-03-03 14:00:00,16884.0
2006-03-03 15:00:00,16769.0
2006-03-03 16:00:00,17054.0
2006-03-03 17:00:00,17913.0
2006-03-03 18:00:00,18904.0
2006-03-03 19:00:00,18567.0
2006-03-03 20:00:00,17981.0
2006-03-03 21:00:00,17142.0
2006-03-03 22:00:00,15871.0
2006-03-03 23:00:00,14624.0
2006-03-04 00:00:00,13683.0
2006-03-04 01:00:00,13161.0
2006-03-04 02:00:00,12890.0
2006-03-04 03:00:00,12755.0
2006-03-04 04:00:00,12840.0
2006-03-04 05:00:00,13273.0
2006-03-04 06:00:00,13874.0
2006-03-04 07:00:00,14759.0
2006-03-04 08:00:00,15682.0
2006-03-04 09:00:00,16159.0
2006-03-04 10:00:00,16213.0
2006-03-04 11:00:00,16044.0
2006-03-04 12:00:00,15666.0
2006-03-04 13:00:00,15289.0
2006-03-04 14:00:00,14963.0
2006-03-04 15:00:00,14831.0
2006-03-04 16:00:00,15075.0
2006-03-04 17:00:00,15991.0
2006-03-04 18:00:00,17047.0
2006-03-04 19:00:00,16743.0
2006-03-04 20:00:00,16224.0
2006-03-04 21:00:00,15525.0
2006-03-04 22:00:00,14470.0
2006-03-04 23:00:00,13422.0
2006-03-05 00:00:00,12580.0
2006-03-05 01:00:00,12098.0
2006-03-05 02:00:00,11863.0
2006-03-05 03:00:00,11774.0
2006-03-05 04:00:00,11836.0
2006-03-05 05:00:00,12136.0
2006-03-05 06:00:00,12509.0
2006-03-05 07:00:00,13153.0
2006-03-05 08:00:00,14015.0
2006-03-05 09:00:00,14595.0
2006-03-05 10:00:00,14795.0
2006-03-05 11:00:00,14849.0
2006-03-05 12:00:00,14690.0
2006-03-05 13:00:00,14367.0
2006-03-05 14:00:00,14080.0
2006-03-05 15:00:00,14013.0
2006-03-05 16:00:00,14396.0
2006-03-05 17:00:00,15489.0
2006-03-05 18:00:00,16922.0
2006-03-05 19:00:00,16747.0
2006-03-05 20:00:00,16117.0
2006-03-05 21:00:00,15133.0
2006-03-05 22:00:00,13864.0
2006-03-05 23:00:00,12824.0
2006-03-06 00:00:00,12093.0
2006-03-06 01:00:00,11752.0
2006-03-06 02:00:00,11663.0
2006-03-06 03:00:00,11735.0
2006-03-06 04:00:00,12149.0
2006-03-06 05:00:00,13435.0
2006-03-06 06:00:00,15434.0
2006-03-06 07:00:00,16597.0
2006-03-06 08:00:00,16826.0
2006-03-06 09:00:00,16852.0
2006-03-06 10:00:00,16848.0
2006-03-06 11:00:00,16710.0
2006-03-06 12:00:00,16450.0
2006-03-06 13:00:00,16244.0
2006-03-06 14:00:00,15962.0
2006-03-06 15:00:00,15831.0
2006-03-06 16:00:00,16126.0
2006-03-06 17:00:00,17157.0
2006-03-06 18:00:00,18338.0
2006-03-06 19:00:00,18096.0
2006-03-06 20:00:00,17363.0
2006-03-06 21:00:00,16171.0
2006-03-06 22:00:00,14648.0
2006-03-06 23:00:00,13340.0
2006-03-07 00:00:00,12509.0
2006-03-07 01:00:00,12126.0
2006-03-07 02:00:00,11990.0
2006-03-07 03:00:00,12017.0
2006-03-07 04:00:00,12421.0
2006-03-07 05:00:00,13649.0
2006-03-07 06:00:00,15635.0
2006-03-07 07:00:00,16761.0
2006-03-07 08:00:00,16862.0
2006-03-07 09:00:00,16788.0
2006-03-07 10:00:00,16741.0
2006-03-07 11:00:00,16530.0
2006-03-07 12:00:00,16255.0
2006-03-07 13:00:00,16095.0
2006-03-07 14:00:00,15868.0
2006-03-07 15:00:00,15795.0
2006-03-07 16:00:00,16069.0
2006-03-07 17:00:00,16926.0
2006-03-07 18:00:00,18128.0
2006-03-07 19:00:00,17931.0
2006-03-07 20:00:00,17240.0
2006-03-07 21:00:00,16104.0
2006-03-07 22:00:00,14563.0
2006-03-07 23:00:00,13233.0
2006-03-08 00:00:00,12423.0
2006-03-08 01:00:00,12060.0
2006-03-08 02:00:00,11928.0
2006-03-08 03:00:00,11975.0
2006-03-08 04:00:00,12359.0
2006-03-08 05:00:00,13589.0
2006-03-08 06:00:00,15553.0
2006-03-08 07:00:00,16656.0
2006-03-08 08:00:00,16761.0
2006-03-08 09:00:00,16704.0
2006-03-08 10:00:00,16622.0
2006-03-08 11:00:00,16447.0
2006-03-08 12:00:00,16136.0
2006-03-08 13:00:00,15965.0
2006-03-08 14:00:00,15702.0
2006-03-08 15:00:00,15582.0
2006-03-08 16:00:00,15829.0
2006-03-08 17:00:00,16739.0
2006-03-08 18:00:00,17914.0
2006-03-08 19:00:00,17697.0
2006-03-08 20:00:00,16970.0
2006-03-08 21:00:00,15834.0
2006-03-08 22:00:00,14204.0
2006-03-08 23:00:00,12857.0
2006-03-09 00:00:00,11966.0
2006-03-09 01:00:00,11556.0
2006-03-09 02:00:00,11358.0
2006-03-09 03:00:00,11348.0
2006-03-09 04:00:00,11663.0
2006-03-09 05:00:00,12843.0
2006-03-09 06:00:00,14863.0
2006-03-09 07:00:00,16163.0
2006-03-09 08:00:00,16504.0
2006-03-09 09:00:00,16630.0
2006-03-09 10:00:00,16808.0
2006-03-09 11:00:00,16772.0
2006-03-09 12:00:00,16640.0
2006-03-09 13:00:00,16581.0
2006-03-09 14:00:00,16428.0
2006-03-09 15:00:00,16404.0
2006-03-09 16:00:00,16749.0
2006-03-09 17:00:00,17536.0
2006-03-09 18:00:00,18117.0
2006-03-09 19:00:00,17708.0
2006-03-09 20:00:00,16888.0
2006-03-09 21:00:00,15723.0
2006-03-09 22:00:00,14108.0
2006-03-09 23:00:00,12689.0
2006-03-10 00:00:00,11792.0
2006-03-10 01:00:00,11332.0
2006-03-10 02:00:00,11102.0
2006-03-10 03:00:00,11047.0
2006-03-10 04:00:00,11310.0
2006-03-10 05:00:00,12423.0
2006-03-10 06:00:00,14376.0
2006-03-10 07:00:00,15709.0
2006-03-10 08:00:00,16102.0
2006-03-10 09:00:00,16312.0
2006-03-10 10:00:00,16376.0
2006-03-10 11:00:00,16219.0
2006-03-10 12:00:00,15899.0
2006-03-10 13:00:00,15739.0
2006-03-10 14:00:00,15515.0
2006-03-10 15:00:00,15319.0
2006-03-10 16:00:00,15385.0
2006-03-10 17:00:00,15788.0
2006-03-10 18:00:00,16522.0
2006-03-10 19:00:00,16102.0
2006-03-10 20:00:00,15429.0
2006-03-10 21:00:00,14530.0
2006-03-10 22:00:00,13278.0
2006-03-10 23:00:00,12059.0
2006-03-11 00:00:00,11099.0
2006-03-11 01:00:00,10604.0
2006-03-11 02:00:00,10339.0
2006-03-11 03:00:00,10256.0
2006-03-11 04:00:00,10358.0
2006-03-11 05:00:00,10817.0
2006-03-11 06:00:00,11458.0
2006-03-11 07:00:00,12547.0
2006-03-11 08:00:00,13623.0
2006-03-11 09:00:00,14230.0
2006-03-11 10:00:00,14390.0
2006-03-11 11:00:00,14264.0
2006-03-11 12:00:00,13889.0
2006-03-11 13:00:00,13501.0
2006-03-11 14:00:00,13184.0
2006-03-11 15:00:00,13071.0
2006-03-11 16:00:00,13234.0
2006-03-11 17:00:00,13968.0
2006-03-11 18:00:00,15102.0
2006-03-11 19:00:00,14914.0
2006-03-11 20:00:00,14417.0
2006-03-11 21:00:00,13718.0
2006-03-11 22:00:00,12737.0
2006-03-11 23:00:00,11799.0
2006-03-12 00:00:00,10990.0
2006-03-12 01:00:00,10528.0
2006-03-12 02:00:00,10315.0
2006-03-12 03:00:00,10221.0
2006-03-12 04:00:00,10281.0
2006-03-12 05:00:00,10551.0
2006-03-12 06:00:00,10862.0
2006-03-12 07:00:00,11693.0
2006-03-12 08:00:00,12718.0
2006-03-12 09:00:00,13431.0
2006-03-12 10:00:00,13848.0
2006-03-12 11:00:00,14119.0
2006-03-12 12:00:00,14202.0
2006-03-12 13:00:00,14138.0
2006-03-12 14:00:00,14136.0
2006-03-12 15:00:00,14218.0
2006-03-12 16:00:00,14650.0
2006-03-12 17:00:00,15264.0
2006-03-12 18:00:00,15989.0
2006-03-12 19:00:00,15538.0
2006-03-12 20:00:00,14884.0
2006-03-12 21:00:00,13758.0
2006-03-12 22:00:00,12502.0
2006-03-12 23:00:00,11410.0
2006-03-13 00:00:00,10839.0
2006-03-13 01:00:00,10414.0
2006-03-13 02:00:00,10255.0
2006-03-13 03:00:00,10265.0
2006-03-13 04:00:00,10639.0
2006-03-13 05:00:00,11836.0
2006-03-13 06:00:00,13795.0
2006-03-13 07:00:00,15193.0
2006-03-13 08:00:00,15683.0
2006-03-13 09:00:00,15954.0
2006-03-13 10:00:00,16150.0
2006-03-13 11:00:00,16153.0
2006-03-13 12:00:00,16029.0
2006-03-13 13:00:00,15972.0
2006-03-13 14:00:00,15791.0
2006-03-13 15:00:00,15750.0
2006-03-13 16:00:00,15991.0
2006-03-13 17:00:00,16687.0
2006-03-13 18:00:00,17419.0
2006-03-13 19:00:00,17028.0
2006-03-13 20:00:00,16200.0
2006-03-13 21:00:00,14928.0
2006-03-13 22:00:00,13329.0
2006-03-13 23:00:00,11945.0
2006-03-14 00:00:00,11064.0
2006-03-14 01:00:00,10611.0
2006-03-14 02:00:00,10380.0
2006-03-14 03:00:00,10337.0
2006-03-14 04:00:00,10644.0
2006-03-14 05:00:00,11793.0
2006-03-14 06:00:00,13832.0
2006-03-14 07:00:00,15324.0
2006-03-14 08:00:00,15777.0
2006-03-14 09:00:00,15881.0
2006-03-14 10:00:00,16030.0
2006-03-14 11:00:00,16003.0
2006-03-14 12:00:00,15742.0
2006-03-14 13:00:00,15600.0
2006-03-14 14:00:00,15338.0
2006-03-14 15:00:00,15204.0
2006-03-14 16:00:00,15371.0
2006-03-14 17:00:00,16024.0
2006-03-14 18:00:00,17144.0
2006-03-14 19:00:00,17039.0
2006-03-14 20:00:00,16353.0
2006-03-14 21:00:00,15265.0
2006-03-14 22:00:00,13818.0
2006-03-14 23:00:00,12446.0
2006-03-15 00:00:00,11610.0
2006-03-15 01:00:00,11179.0
2006-03-15 02:00:00,11016.0
2006-03-15 03:00:00,11015.0
2006-03-15 04:00:00,11367.0
2006-03-15 05:00:00,12574.0
2006-03-15 06:00:00,14484.0
2006-03-15 07:00:00,15759.0
2006-03-15 08:00:00,16119.0
2006-03-15 09:00:00,16272.0
2006-03-15 10:00:00,16370.0
2006-03-15 11:00:00,16375.0
2006-03-15 12:00:00,16225.0
2006-03-15 13:00:00,16168.0
2006-03-15 14:00:00,16028.0
2006-03-15 15:00:00,15987.0
2006-03-15 16:00:00,16358.0
2006-03-15 17:00:00,17153.0
2006-03-15 18:00:00,18175.0
2006-03-15 19:00:00,17941.0
2006-03-15 20:00:00,17309.0
2006-03-15 21:00:00,16116.0
2006-03-15 22:00:00,14508.0
2006-03-15 23:00:00,13111.0
2006-03-16 00:00:00,12235.0
2006-03-16 01:00:00,11821.0
2006-03-16 02:00:00,11624.0
2006-03-16 03:00:00,11616.0
2006-03-16 04:00:00,11958.0
2006-03-16 05:00:00,13111.0
2006-03-16 06:00:00,14968.0
2006-03-16 07:00:00,16155.0
2006-03-16 08:00:00,16417.0
2006-03-16 09:00:00,16476.0
2006-03-16 10:00:00,16493.0
2006-03-16 11:00:00,16371.0
2006-03-16 12:00:00,16108.0
2006-03-16 13:00:00,15959.0
2006-03-16 14:00:00,15746.0
2006-03-16 15:00:00,15667.0
2006-03-16 16:00:00,15911.0
2006-03-16 17:00:00,16517.0
2006-03-16 18:00:00,17694.0
2006-03-16 19:00:00,17627.0
2006-03-16 20:00:00,17039.0
2006-03-16 21:00:00,15973.0
2006-03-16 22:00:00,14450.0
2006-03-16 23:00:00,13103.0
2006-03-17 00:00:00,12249.0
2006-03-17 01:00:00,11841.0
2006-03-17 02:00:00,11678.0
2006-03-17 03:00:00,11697.0
2006-03-17 04:00:00,12060.0
2006-03-17 05:00:00,13166.0
2006-03-17 06:00:00,14942.0
2006-03-17 07:00:00,16122.0
2006-03-17 08:00:00,16482.0
2006-03-17 09:00:00,16576.0
2006-03-17 10:00:00,16586.0
2006-03-17 11:00:00,16417.0
2006-03-17 12:00:00,16115.0
2006-03-17 13:00:00,15938.0
2006-03-17 14:00:00,15657.0
2006-03-17 15:00:00,15451.0
2006-03-17 16:00:00,15530.0
2006-03-17 17:00:00,15978.0
2006-03-17 18:00:00,17056.0
2006-03-17 19:00:00,16952.0
2006-03-17 20:00:00,16424.0
2006-03-17 21:00:00,15686.0
2006-03-17 22:00:00,14557.0
2006-03-17 23:00:00,13396.0
2006-03-18 00:00:00,12546.0
2006-03-18 01:00:00,12066.0
2006-03-18 02:00:00,11854.0
2006-03-18 03:00:00,11790.0
2006-03-18 04:00:00,11903.0
2006-03-18 05:00:00,12327.0
2006-03-18 06:00:00,12911.0
2006-03-18 07:00:00,13882.0
2006-03-18 08:00:00,14859.0
2006-03-18 09:00:00,15408.0
2006-03-18 10:00:00,15573.0
2006-03-18 11:00:00,15400.0
2006-03-18 12:00:00,15019.0
2006-03-18 13:00:00,14607.0
2006-03-18 14:00:00,14293.0
2006-03-18 15:00:00,14215.0
2006-03-18 16:00:00,14409.0
2006-03-18 17:00:00,15088.0
2006-03-18 18:00:00,16197.0
2006-03-18 19:00:00,16119.0
2006-03-18 20:00:00,15682.0
2006-03-18 21:00:00,14962.0
2006-03-18 22:00:00,13968.0
2006-03-18 23:00:00,12936.0
2006-03-19 00:00:00,12140.0
2006-03-19 01:00:00,11662.0
2006-03-19 02:00:00,11440.0
2006-03-19 03:00:00,11345.0
2006-03-19 04:00:00,11426.0
2006-03-19 05:00:00,11666.0
2006-03-19 06:00:00,11985.0
2006-03-19 07:00:00,12769.0
2006-03-19 08:00:00,13722.0
2006-03-19 09:00:00,14360.0
2006-03-19 10:00:00,14673.0
2006-03-19 11:00:00,14791.0
2006-03-19 12:00:00,14782.0
2006-03-19 13:00:00,14616.0
2006-03-19 14:00:00,14468.0
2006-03-19 15:00:00,14484.0
2006-03-19 16:00:00,14797.0
2006-03-19 17:00:00,15567.0
2006-03-19 18:00:00,16797.0
2006-03-19 19:00:00,16775.0
2006-03-19 20:00:00,16199.0
2006-03-19 21:00:00,15076.0
2006-03-19 22:00:00,13815.0
2006-03-19 23:00:00,12714.0
2006-03-20 00:00:00,12001.0
2006-03-20 01:00:00,11681.0
2006-03-20 02:00:00,11595.0
2006-03-20 03:00:00,11664.0
2006-03-20 04:00:00,12082.0
2006-03-20 05:00:00,13287.0
2006-03-20 06:00:00,15229.0
2006-03-20 07:00:00,16506.0
2006-03-20 08:00:00,16901.0
2006-03-20 09:00:00,17006.0
2006-03-20 10:00:00,17078.0
2006-03-20 11:00:00,17002.0
2006-03-20 12:00:00,16768.0
2006-03-20 13:00:00,16588.0
2006-03-20 14:00:00,16300.0
2006-03-20 15:00:00,16168.0
2006-03-20 16:00:00,16396.0
2006-03-20 17:00:00,17139.0
2006-03-20 18:00:00,18461.0
2006-03-20 19:00:00,18415.0
2006-03-20 20:00:00,17662.0
2006-03-20 21:00:00,16467.0
2006-03-20 22:00:00,14884.0
2006-03-20 23:00:00,13518.0
2006-03-21 00:00:00,12712.0
2006-03-21 01:00:00,12343.0
2006-03-21 02:00:00,12179.0
2006-03-21 03:00:00,12202.0
2006-03-21 04:00:00,12572.0
2006-03-21 05:00:00,13714.0
2006-03-21 06:00:00,15592.0
2006-03-21 07:00:00,16706.0
2006-03-21 08:00:00,16872.0
2006-03-21 09:00:00,16809.0
2006-03-21 10:00:00,16804.0
2006-03-21 11:00:00,16583.0
2006-03-21 12:00:00,16206.0
2006-03-21 13:00:00,15970.0
2006-03-21 14:00:00,15679.0
2006-03-21 15:00:00,15564.0
2006-03-21 16:00:00,15800.0
2006-03-21 17:00:00,16501.0
2006-03-21 18:00:00,17664.0
2006-03-21 19:00:00,17568.0
2006-03-21 20:00:00,16833.0
2006-03-21 21:00:00,15647.0
2006-03-21 22:00:00,14090.0
2006-03-21 23:00:00,12746.0
2006-03-22 00:00:00,11908.0
2006-03-22 01:00:00,11529.0
2006-03-22 02:00:00,11376.0
2006-03-22 03:00:00,11404.0
2006-03-22 04:00:00,11777.0
2006-03-22 05:00:00,12913.0
2006-03-22 06:00:00,14838.0
2006-03-22 07:00:00,16161.0
2006-03-22 08:00:00,16441.0
2006-03-22 09:00:00,16417.0
2006-03-22 10:00:00,16391.0
2006-03-22 11:00:00,16324.0
2006-03-22 12:00:00,16181.0
2006-03-22 13:00:00,16086.0
2006-03-22 14:00:00,15972.0
2006-03-22 15:00:00,15944.0
2006-03-22 16:00:00,16240.0
2006-03-22 17:00:00,16886.0
2006-03-22 18:00:00,17804.0
2006-03-22 19:00:00,17663.0
2006-03-22 20:00:00,16990.0
2006-03-22 21:00:00,15746.0
2006-03-22 22:00:00,14157.0
2006-03-22 23:00:00,12782.0
2006-03-23 00:00:00,11943.0
2006-03-23 01:00:00,11561.0
2006-03-23 02:00:00,11411.0
2006-03-23 03:00:00,11408.0
2006-03-23 04:00:00,11797.0
2006-03-23 05:00:00,12920.0
2006-03-23 06:00:00,14804.0
2006-03-23 07:00:00,16003.0
2006-03-23 08:00:00,16202.0
2006-03-23 09:00:00,16159.0
2006-03-23 10:00:00,16115.0
2006-03-23 11:00:00,15980.0
2006-03-23 12:00:00,15715.0
2006-03-23 13:00:00,15566.0
2006-03-23 14:00:00,15327.0
2006-03-23 15:00:00,15138.0
2006-03-23 16:00:00,15270.0
2006-03-23 17:00:00,15794.0
2006-03-23 18:00:00,16891.0
2006-03-23 19:00:00,16849.0
2006-03-23 20:00:00,16226.0
2006-03-23 21:00:00,15074.0
2006-03-23 22:00:00,13538.0
2006-03-23 23:00:00,12171.0
2006-03-24 00:00:00,11304.0
2006-03-24 01:00:00,10901.0
2006-03-24 02:00:00,10705.0
2006-03-24 03:00:00,10686.0
2006-03-24 04:00:00,11020.0
2006-03-24 05:00:00,12094.0
2006-03-24 06:00:00,13993.0
2006-03-24 07:00:00,15439.0
2006-03-24 08:00:00,15873.0
2006-03-24 09:00:00,15999.0
2006-03-24 10:00:00,16033.0
2006-03-24 11:00:00,15913.0
2006-03-24 12:00:00,15704.0
2006-03-24 13:00:00,15562.0
2006-03-24 14:00:00,15332.0
2006-03-24 15:00:00,15236.0
2006-03-24 16:00:00,15366.0
2006-03-24 17:00:00,15720.0
2006-03-24 18:00:00,16509.0
2006-03-24 19:00:00,16329.0
2006-03-24 20:00:00,15681.0
2006-03-24 21:00:00,14799.0
2006-03-24 22:00:00,13608.0
2006-03-24 23:00:00,12405.0
2006-03-25 00:00:00,11606.0
2006-03-25 01:00:00,11099.0
2006-03-25 02:00:00,10835.0
2006-03-25 03:00:00,10749.0
2006-03-25 04:00:00,10869.0
2006-03-25 05:00:00,11258.0
2006-03-25 06:00:00,11909.0
2006-03-25 07:00:00,13050.0
2006-03-25 08:00:00,14210.0
2006-03-25 09:00:00,14886.0
2006-03-25 10:00:00,15074.0
2006-03-25 11:00:00,14936.0
2006-03-25 12:00:00,14670.0
2006-03-25 13:00:00,14366.0
2006-03-25 14:00:00,14104.0
2006-03-25 15:00:00,14002.0
2006-03-25 16:00:00,14254.0
2006-03-25 17:00:00,14790.0
2006-03-25 18:00:00,15637.0
2006-03-25 19:00:00,15513.0
2006-03-25 20:00:00,14979.0
2006-03-25 21:00:00,14217.0
2006-03-25 22:00:00,13204.0
2006-03-25 23:00:00,12160.0
2006-03-26 00:00:00,11329.0
2006-03-26 01:00:00,10834.0
2006-03-26 02:00:00,10576.0
2006-03-26 03:00:00,10461.0
2006-03-26 04:00:00,10514.0
2006-03-26 05:00:00,10710.0
2006-03-26 06:00:00,11063.0
2006-03-26 07:00:00,11905.0
2006-03-26 08:00:00,12803.0
2006-03-26 09:00:00,13410.0
2006-03-26 10:00:00,13707.0
2006-03-26 11:00:00,13875.0
2006-03-26 12:00:00,13967.0
2006-03-26 13:00:00,13880.0
2006-03-26 14:00:00,13751.0
2006-03-26 15:00:00,13814.0
2006-03-26 16:00:00,14160.0
2006-03-26 17:00:00,14876.0
2006-03-26 18:00:00,15893.0
2006-03-26 19:00:00,15895.0
2006-03-26 20:00:00,15276.0
2006-03-26 21:00:00,14125.0
2006-03-26 22:00:00,12883.0
2006-03-26 23:00:00,11782.0
2006-03-27 00:00:00,11047.0
2006-03-27 01:00:00,10709.0
2006-03-27 02:00:00,10612.0
2006-03-27 03:00:00,10683.0
2006-03-27 04:00:00,11102.0
2006-03-27 05:00:00,12261.0
2006-03-27 06:00:00,14149.0
2006-03-27 07:00:00,15409.0
2006-03-27 08:00:00,15695.0
2006-03-27 09:00:00,15769.0
2006-03-27 10:00:00,15811.0
2006-03-27 11:00:00,15780.0
2006-03-27 12:00:00,15615.0
2006-03-27 13:00:00,15435.0
2006-03-27 14:00:00,15198.0
2006-03-27 15:00:00,15007.0
2006-03-27 16:00:00,15075.0
2006-03-27 17:00:00,15526.0
2006-03-27 18:00:00,16772.0
2006-03-27 19:00:00,16898.0
2006-03-27 20:00:00,16191.0
2006-03-27 21:00:00,14974.0
2006-03-27 22:00:00,13419.0
2006-03-27 23:00:00,12114.0
2006-03-28 00:00:00,11259.0
2006-03-28 01:00:00,10874.0
2006-03-28 02:00:00,10732.0
2006-03-28 03:00:00,10777.0
2006-03-28 04:00:00,11161.0
2006-03-28 05:00:00,12272.0
2006-03-28 06:00:00,14208.0
2006-03-28 07:00:00,15418.0
2006-03-28 08:00:00,15642.0
2006-03-28 09:00:00,15628.0
2006-03-28 10:00:00,15587.0
2006-03-28 11:00:00,15487.0
2006-03-28 12:00:00,15306.0
2006-03-28 13:00:00,15191.0
2006-03-28 14:00:00,14964.0
2006-03-28 15:00:00,14822.0
2006-03-28 16:00:00,14911.0
2006-03-28 17:00:00,15348.0
2006-03-28 18:00:00,16602.0
2006-03-28 19:00:00,16835.0
2006-03-28 20:00:00,16129.0
2006-03-28 21:00:00,14959.0
2006-03-28 22:00:00,13417.0
2006-03-28 23:00:00,12119.0
2006-03-29 00:00:00,11220.0
2006-03-29 01:00:00,10908.0
2006-03-29 02:00:00,10750.0
2006-03-29 03:00:00,10806.0
2006-03-29 04:00:00,11201.0
2006-03-29 05:00:00,12312.0
2006-03-29 06:00:00,14213.0
2006-03-29 07:00:00,15369.0
2006-03-29 08:00:00,15532.0
2006-03-29 09:00:00,15565.0
2006-03-29 10:00:00,15568.0
2006-03-29 11:00:00,15503.0
2006-03-29 12:00:00,15314.0
2006-03-29 13:00:00,15225.0
2006-03-29 14:00:00,15009.0
2006-03-29 15:00:00,14859.0
2006-03-29 16:00:00,14868.0
2006-03-29 17:00:00,15170.0
2006-03-29 18:00:00,16300.0
2006-03-29 19:00:00,16492.0
2006-03-29 20:00:00,15862.0
2006-03-29 21:00:00,14661.0
2006-03-29 22:00:00,13116.0
2006-03-29 23:00:00,11778.0
2006-03-30 00:00:00,10918.0
2006-03-30 01:00:00,10540.0
2006-03-30 02:00:00,10385.0
2006-03-30 03:00:00,10390.0
2006-03-30 04:00:00,10762.0
2006-03-30 05:00:00,11822.0
2006-03-30 06:00:00,13751.0
2006-03-30 07:00:00,14967.0
2006-03-30 08:00:00,15239.0
2006-03-30 09:00:00,15351.0
2006-03-30 10:00:00,15500.0
2006-03-30 11:00:00,15396.0
2006-03-30 12:00:00,15230.0
2006-03-30 13:00:00,15158.0
2006-03-30 14:00:00,14989.0
2006-03-30 15:00:00,14817.0
2006-03-30 16:00:00,14803.0
2006-03-30 17:00:00,15030.0
2006-03-30 18:00:00,16083.0
2006-03-30 19:00:00,16352.0
2006-03-30 20:00:00,15670.0
2006-03-30 21:00:00,14514.0
2006-03-30 22:00:00,12924.0
2006-03-30 23:00:00,11601.0
2006-03-31 00:00:00,10765.0
2006-03-31 01:00:00,10355.0
2006-03-31 02:00:00,10182.0
2006-03-31 03:00:00,10185.0
2006-03-31 04:00:00,10514.0
2006-03-31 05:00:00,11514.0
2006-03-31 06:00:00,13392.0
2006-03-31 07:00:00,14688.0
2006-03-31 08:00:00,15055.0
2006-03-31 09:00:00,15237.0
2006-03-31 10:00:00,15359.0
2006-03-31 11:00:00,15313.0
2006-03-31 12:00:00,15158.0
2006-03-31 13:00:00,15070.0
2006-03-31 14:00:00,14871.0
2006-03-31 15:00:00,14624.0
2006-03-31 16:00:00,14513.0
2006-03-31 17:00:00,14554.0
2006-03-31 18:00:00,15434.0
2006-03-31 19:00:00,15479.0
2006-03-31 20:00:00,14832.0
2006-03-31 21:00:00,13905.0
2006-03-31 22:00:00,12651.0
2006-03-31 23:00:00,11416.0
2006-04-01 00:00:00,10528.0
2006-04-01 01:00:00,10005.0
2006-04-01 02:00:00,9729.0
2006-04-01 03:00:00,9601.0
2006-04-01 04:00:00,9664.0
2006-04-01 05:00:00,9950.0
2006-04-01 06:00:00,10604.0
2006-04-01 07:00:00,11831.0
2006-04-01 08:00:00,13045.0
2006-04-01 09:00:00,13725.0
2006-04-01 10:00:00,13966.0
2006-04-01 11:00:00,13914.0
2006-04-01 12:00:00,13722.0
2006-04-01 13:00:00,13502.0
2006-04-01 14:00:00,13398.0
2006-04-01 15:00:00,13455.0
2006-04-01 16:00:00,13788.0
2006-04-01 17:00:00,14082.0
2006-04-01 18:00:00,14597.0
2006-04-01 19:00:00,14561.0
2006-04-01 20:00:00,13993.0
2006-04-01 21:00:00,13188.0
2006-04-01 22:00:00,12146.0
2006-04-01 23:00:00,11086.0
2006-04-02 00:00:00,10268.0
2006-04-02 01:00:00,10023.0
2006-04-02 02:00:00,9778.0
2006-04-02 03:00:00,9548.0
2006-04-02 04:00:00,9463.0
2006-04-02 05:00:00,9617.0
2006-04-02 06:00:00,9858.0
2006-04-02 07:00:00,10435.0
2006-04-02 08:00:00,11410.0
2006-04-02 09:00:00,12281.0
2006-04-02 10:00:00,12835.0
2006-04-02 11:00:00,13075.0
2006-04-02 12:00:00,13095.0
2006-04-02 13:00:00,12876.0
2006-04-02 14:00:00,12627.0
2006-04-02 15:00:00,12490.0
2006-04-02 16:00:00,12594.0
2006-04-02 17:00:00,12862.0
2006-04-02 18:00:00,13239.0
2006-04-02 19:00:00,14370.0
2006-04-02 20:00:00,14693.0
2006-04-02 21:00:00,13731.0
2006-04-02 22:00:00,12471.0
2006-04-02 23:00:00,11232.0
2006-04-03 00:00:00,10396.0
2006-04-03 01:00:00,9969.0
2006-04-03 02:00:00,9815.0
2006-04-03 03:00:00,9837.0
2006-04-03 04:00:00,10166.0
2006-04-03 05:00:00,11313.0
2006-04-03 06:00:00,13376.0
2006-04-03 07:00:00,14808.0
2006-04-03 08:00:00,15208.0
2006-04-03 09:00:00,15309.0
2006-04-03 10:00:00,15452.0
2006-04-03 11:00:00,15486.0
2006-04-03 12:00:00,15416.0
2006-04-03 13:00:00,15392.0
2006-04-03 14:00:00,15249.0
2006-04-03 15:00:00,15231.0
2006-04-03 16:00:00,15463.0
2006-04-03 17:00:00,15893.0
2006-04-03 18:00:00,16234.0
2006-04-03 19:00:00,16646.0
2006-04-03 20:00:00,16235.0
2006-04-03 21:00:00,15074.0
2006-04-03 22:00:00,13496.0
2006-04-03 23:00:00,12021.0
2006-04-04 00:00:00,11019.0
2006-04-04 01:00:00,10541.0
2006-04-04 02:00:00,10319.0
2006-04-04 03:00:00,10255.0
2006-04-04 04:00:00,10509.0
2006-04-04 05:00:00,11600.0
2006-04-04 06:00:00,13771.0
2006-04-04 07:00:00,15349.0
2006-04-04 08:00:00,15819.0
2006-04-04 09:00:00,16075.0
2006-04-04 10:00:00,16266.0
2006-04-04 11:00:00,16248.0
2006-04-04 12:00:00,16115.0
2006-04-04 13:00:00,16049.0
2006-04-04 14:00:00,15875.0
2006-04-04 15:00:00,15797.0
2006-04-04 16:00:00,15890.0
2006-04-04 17:00:00,16061.0
2006-04-04 18:00:00,16127.0
2006-04-04 19:00:00,16729.0
2006-04-04 20:00:00,16623.0
2006-04-04 21:00:00,15576.0
2006-04-04 22:00:00,13985.0
2006-04-04 23:00:00,12527.0
2006-04-05 00:00:00,11588.0
2006-04-05 01:00:00,11132.0
2006-04-05 02:00:00,10914.0
2006-04-05 03:00:00,10891.0
2006-04-05 04:00:00,11177.0
2006-04-05 05:00:00,12316.0
2006-04-05 06:00:00,14396.0
2006-04-05 07:00:00,15761.0
2006-04-05 08:00:00,16163.0
2006-04-05 09:00:00,16299.0
2006-04-05 10:00:00,16413.0
2006-04-05 11:00:00,16418.0
2006-04-05 12:00:00,16284.0
2006-04-05 13:00:00,16189.0
2006-04-05 14:00:00,15930.0
2006-04-05 15:00:00,15751.0
2006-04-05 16:00:00,15819.0
2006-04-05 17:00:00,16039.0
2006-04-05 18:00:00,16198.0
2006-04-05 19:00:00,16765.0
2006-04-05 20:00:00,16785.0
2006-04-05 21:00:00,15738.0
2006-04-05 22:00:00,14169.0
2006-04-05 23:00:00,12710.0
2006-04-06 00:00:00,11770.0
2006-04-06 01:00:00,11293.0
2006-04-06 02:00:00,11079.0
2006-04-06 03:00:00,11059.0
2006-04-06 04:00:00,11345.0
2006-04-06 05:00:00,12514.0
2006-04-06 06:00:00,14526.0
2006-04-06 07:00:00,15774.0
2006-04-06 08:00:00,16006.0
2006-04-06 09:00:00,16013.0
2006-04-06 10:00:00,16014.0
2006-04-06 11:00:00,15928.0
2006-04-06 12:00:00,15730.0
2006-04-06 13:00:00,15621.0
2006-04-06 14:00:00,15370.0
2006-04-06 15:00:00,15214.0
2006-04-06 16:00:00,15210.0
2006-04-06 17:00:00,15286.0
2006-04-06 18:00:00,15380.0
2006-04-06 19:00:00,16159.0
2006-04-06 20:00:00,16312.0
2006-04-06 21:00:00,15332.0
2006-04-06 22:00:00,13787.0
2006-04-06 23:00:00,12369.0
2006-04-07 00:00:00,11478.0
2006-04-07 01:00:00,11012.0
2006-04-07 02:00:00,10781.0
2006-04-07 03:00:00,10761.0
2006-04-07 04:00:00,11055.0
2006-04-07 05:00:00,12209.0
2006-04-07 06:00:00,14144.0
2006-04-07 07:00:00,15442.0
2006-04-07 08:00:00,15737.0
2006-04-07 09:00:00,15776.0
2006-04-07 10:00:00,15776.0
2006-04-07 11:00:00,15662.0
2006-04-07 12:00:00,15467.0
2006-04-07 13:00:00,15416.0
2006-04-07 14:00:00,15327.0
2006-04-07 15:00:00,15314.0
2006-04-07 16:00:00,15436.0
2006-04-07 17:00:00,15582.0
2006-04-07 18:00:00,15490.0
2006-04-07 19:00:00,15626.0
2006-04-07 20:00:00,15411.0
2006-04-07 21:00:00,14593.0
2006-04-07 22:00:00,13374.0
2006-04-07 23:00:00,12083.0
2006-04-08 00:00:00,11077.0
2006-04-08 01:00:00,10501.0
2006-04-08 02:00:00,10195.0
2006-04-08 03:00:00,10062.0
2006-04-08 04:00:00,10086.0
2006-04-08 05:00:00,10461.0
2006-04-08 06:00:00,11215.0
2006-04-08 07:00:00,12307.0
2006-04-08 08:00:00,13579.0
2006-04-08 09:00:00,14476.0
2006-04-08 10:00:00,14861.0
2006-04-08 11:00:00,14988.0
2006-04-08 12:00:00,14839.0
2006-04-08 13:00:00,14581.0
2006-04-08 14:00:00,14315.0
2006-04-08 15:00:00,14183.0
2006-04-08 16:00:00,14182.0
2006-04-08 17:00:00,14280.0
2006-04-08 18:00:00,14448.0
2006-04-08 19:00:00,14883.0
2006-04-08 20:00:00,14995.0
2006-04-08 21:00:00,14354.0
2006-04-08 22:00:00,13345.0
2006-04-08 23:00:00,12274.0
2006-04-09 00:00:00,11387.0
2006-04-09 01:00:00,10858.0
2006-04-09 02:00:00,10567.0
2006-04-09 03:00:00,10437.0
2006-04-09 04:00:00,10466.0
2006-04-09 05:00:00,10714.0
2006-04-09 06:00:00,11126.0
2006-04-09 07:00:00,11911.0
2006-04-09 08:00:00,12881.0
2006-04-09 09:00:00,13541.0
2006-04-09 10:00:00,13745.0
2006-04-09 11:00:00,13733.0
2006-04-09 12:00:00,13583.0
2006-04-09 13:00:00,13274.0
2006-04-09 14:00:00,12947.0
2006-04-09 15:00:00,12764.0
2006-04-09 16:00:00,12861.0
2006-04-09 17:00:00,13185.0
2006-04-09 18:00:00,13512.0
2006-04-09 19:00:00,14492.0
2006-04-09 20:00:00,15072.0
2006-04-09 21:00:00,14120.0
2006-04-09 22:00:00,12827.0
2006-04-09 23:00:00,11588.0
2006-04-10 00:00:00,10794.0
2006-04-10 01:00:00,10426.0
2006-04-10 02:00:00,10287.0
2006-04-10 03:00:00,10321.0
2006-04-10 04:00:00,10717.0
2006-04-10 05:00:00,11958.0
2006-04-10 06:00:00,13987.0
2006-04-10 07:00:00,15330.0
2006-04-10 08:00:00,15588.0
2006-04-10 09:00:00,15611.0
2006-04-10 10:00:00,15641.0
2006-04-10 11:00:00,15561.0
2006-04-10 12:00:00,15377.0
2006-04-10 13:00:00,15281.0
2006-04-10 14:00:00,15068.0
2006-04-10 15:00:00,14875.0
2006-04-10 16:00:00,14796.0
2006-04-10 17:00:00,14830.0
2006-04-10 18:00:00,14864.0
2006-04-10 19:00:00,15609.0
2006-04-10 20:00:00,15920.0
2006-04-10 21:00:00,14853.0
2006-04-10 22:00:00,13237.0
2006-04-10 23:00:00,11806.0
2006-04-11 00:00:00,10889.0
2006-04-11 01:00:00,10468.0
2006-04-11 02:00:00,10272.0
2006-04-11 03:00:00,10264.0
2006-04-11 04:00:00,10614.0
2006-04-11 05:00:00,11822.0
2006-04-11 06:00:00,13805.0
2006-04-11 07:00:00,15130.0
2006-04-11 08:00:00,15326.0
2006-04-11 09:00:00,15364.0
2006-04-11 10:00:00,15462.0
2006-04-11 11:00:00,15424.0
2006-04-11 12:00:00,15289.0
2006-04-11 13:00:00,15222.0
2006-04-11 14:00:00,15051.0
2006-04-11 15:00:00,14889.0
2006-04-11 16:00:00,14787.0
2006-04-11 17:00:00,14765.0
2006-04-11 18:00:00,14743.0
2006-04-11 19:00:00,15434.0
2006-04-11 20:00:00,15736.0
2006-04-11 21:00:00,14723.0
2006-04-11 22:00:00,13127.0
2006-04-11 23:00:00,11660.0
2006-04-12 00:00:00,10713.0
2006-04-12 01:00:00,10278.0
2006-04-12 02:00:00,10084.0
2006-04-12 03:00:00,10078.0
2006-04-12 04:00:00,10394.0
2006-04-12 05:00:00,11553.0
2006-04-12 06:00:00,13522.0
2006-04-12 07:00:00,14864.0
2006-04-12 08:00:00,15204.0
2006-04-12 09:00:00,15334.0
2006-04-12 10:00:00,15460.0
2006-04-12 11:00:00,15478.0
2006-04-12 12:00:00,15355.0
2006-04-12 13:00:00,15339.0
2006-04-12 14:00:00,15184.0
2006-04-12 15:00:00,14999.0
2006-04-12 16:00:00,14910.0
2006-04-12 17:00:00,14909.0
2006-04-12 18:00:00,14984.0
2006-04-12 19:00:00,15639.0
2006-04-12 20:00:00,15721.0
2006-04-12 21:00:00,14641.0
2006-04-12 22:00:00,13070.0
2006-04-12 23:00:00,11581.0
2006-04-13 00:00:00,10683.0
2006-04-13 01:00:00,10174.0
2006-04-13 02:00:00,9897.0
2006-04-13 03:00:00,9838.0
2006-04-13 04:00:00,10087.0
2006-04-13 05:00:00,11174.0
2006-04-13 06:00:00,13172.0
2006-04-13 07:00:00,14665.0
2006-04-13 08:00:00,15169.0
2006-04-13 09:00:00,15402.0
2006-04-13 10:00:00,15591.0
2006-04-13 11:00:00,15610.0
2006-04-13 12:00:00,15470.0
2006-04-13 13:00:00,15434.0
2006-04-13 14:00:00,15316.0
2006-04-13 15:00:00,15109.0
2006-04-13 16:00:00,15014.0
2006-04-13 17:00:00,14923.0
2006-04-13 18:00:00,14766.0
2006-04-13 19:00:00,15185.0
2006-04-13 20:00:00,15433.0
2006-04-13 21:00:00,14523.0
2006-04-13 22:00:00,13002.0
2006-04-13 23:00:00,11540.0
2006-04-14 00:00:00,10542.0
2006-04-14 01:00:00,9995.0
2006-04-14 02:00:00,9720.0
2006-04-14 03:00:00,9616.0
2006-04-14 04:00:00,9810.0
2006-04-14 05:00:00,10637.0
2006-04-14 06:00:00,11934.0
2006-04-14 07:00:00,13238.0
2006-04-14 08:00:00,14042.0
2006-04-14 09:00:00,14529.0
2006-04-14 10:00:00,14795.0
2006-04-14 11:00:00,14818.0
2006-04-14 12:00:00,14706.0
2006-04-14 13:00:00,14594.0
2006-04-14 14:00:00,14405.0
2006-04-14 15:00:00,14170.0
2006-04-14 16:00:00,14110.0
2006-04-14 17:00:00,14175.0
2006-04-14 18:00:00,14155.0
2006-04-14 19:00:00,14516.0
2006-04-14 20:00:00,14488.0
2006-04-14 21:00:00,13722.0
2006-04-14 22:00:00,12514.0
2006-04-14 23:00:00,11250.0
2006-04-15 00:00:00,10315.0
2006-04-15 01:00:00,9759.0
2006-04-15 02:00:00,9461.0
2006-04-15 03:00:00,9308.0
2006-04-15 04:00:00,9350.0
2006-04-15 05:00:00,9673.0
2006-04-15 06:00:00,10270.0
2006-04-15 07:00:00,11327.0
2006-04-15 08:00:00,12586.0
2006-04-15 09:00:00,13456.0
2006-04-15 10:00:00,13817.0
2006-04-15 11:00:00,13836.0
2006-04-15 12:00:00,13654.0
2006-04-15 13:00:00,13423.0
2006-04-15 14:00:00,13211.0
2006-04-15 15:00:00,13059.0
2006-04-15 16:00:00,13052.0
2006-04-15 17:00:00,13117.0
2006-04-15 18:00:00,13115.0
2006-04-15 19:00:00,13608.0
2006-04-15 20:00:00,14079.0
2006-04-15 21:00:00,13442.0
2006-04-15 22:00:00,12338.0
2006-04-15 23:00:00,11157.0
2006-04-16 00:00:00,10155.0
2006-04-16 01:00:00,9537.0
2006-04-16 02:00:00,9200.0
2006-04-16 03:00:00,9025.0
2006-04-16 04:00:00,9018.0
2006-04-16 05:00:00,9225.0
2006-04-16 06:00:00,9505.0
2006-04-16 07:00:00,10446.0
2006-04-16 08:00:00,11526.0
2006-04-16 09:00:00,12267.0
2006-04-16 10:00:00,12554.0
2006-04-16 11:00:00,12651.0
2006-04-16 12:00:00,12521.0
2006-04-16 13:00:00,12101.0
2006-04-16 14:00:00,11646.0
2006-04-16 15:00:00,11417.0
2006-04-16 16:00:00,11331.0
2006-04-16 17:00:00,11440.0
2006-04-16 18:00:00,11693.0
2006-04-16 19:00:00,12563.0
2006-04-16 20:00:00,13285.0
2006-04-16 21:00:00,12634.0
2006-04-16 22:00:00,11617.0
2006-04-16 23:00:00,10567.0
2006-04-17 00:00:00,9816.0
2006-04-17 01:00:00,9443.0
2006-04-17 02:00:00,9279.0
2006-04-17 03:00:00,9288.0
2006-04-17 04:00:00,9582.0
2006-04-17 05:00:00,10505.0
2006-04-17 06:00:00,11890.0
2006-04-17 07:00:00,13323.0
2006-04-17 08:00:00,14191.0
2006-04-17 09:00:00,14730.0
2006-04-17 10:00:00,15029.0
2006-04-17 11:00:00,15095.0
2006-04-17 12:00:00,14954.0
2006-04-17 13:00:00,14816.0
2006-04-17 14:00:00,14611.0
2006-04-17 15:00:00,14395.0
2006-04-17 16:00:00,14361.0
2006-04-17 17:00:00,14465.0
2006-04-17 18:00:00,14660.0
2006-04-17 19:00:00,15165.0
2006-04-17 20:00:00,15192.0
2006-04-17 21:00:00,14180.0
2006-04-17 22:00:00,12729.0
2006-04-17 23:00:00,11398.0
2006-04-18 00:00:00,10504.0
2006-04-18 01:00:00,10030.0
2006-04-18 02:00:00,9803.0
2006-04-18 03:00:00,9754.0
2006-04-18 04:00:00,10009.0
2006-04-18 05:00:00,10995.0
2006-04-18 06:00:00,12529.0
2006-04-18 07:00:00,13937.0
2006-04-18 08:00:00,14611.0
2006-04-18 09:00:00,14971.0
2006-04-18 10:00:00,15211.0
2006-04-18 11:00:00,15262.0
2006-04-18 12:00:00,15195.0
2006-04-18 13:00:00,15165.0
2006-04-18 14:00:00,14997.0
2006-04-18 15:00:00,14778.0
2006-04-18 16:00:00,14692.0
2006-04-18 17:00:00,14691.0
2006-04-18 18:00:00,14665.0
2006-04-18 19:00:00,15093.0
2006-04-18 20:00:00,15207.0
2006-04-18 21:00:00,14266.0
2006-04-18 22:00:00,12808.0
2006-04-18 23:00:00,11413.0
2006-04-19 00:00:00,10487.0
2006-04-19 01:00:00,10000.0
2006-04-19 02:00:00,9762.0
2006-04-19 03:00:00,9694.0
2006-04-19 04:00:00,9943.0
2006-04-19 05:00:00,10892.0
2006-04-19 06:00:00,12422.0
2006-04-19 07:00:00,13852.0
2006-04-19 08:00:00,14625.0
2006-04-19 09:00:00,14972.0
2006-04-19 10:00:00,15190.0
2006-04-19 11:00:00,15261.0
2006-04-19 12:00:00,15219.0
2006-04-19 13:00:00,15220.0
2006-04-19 14:00:00,15087.0
2006-04-19 15:00:00,14902.0
2006-04-19 16:00:00,14784.0
2006-04-19 17:00:00,14664.0
2006-04-19 18:00:00,14485.0
2006-04-19 19:00:00,14830.0
2006-04-19 20:00:00,15343.0
2006-04-19 21:00:00,14435.0
2006-04-19 22:00:00,12953.0
2006-04-19 23:00:00,11512.0
2006-04-20 00:00:00,10556.0
2006-04-20 01:00:00,10028.0
2006-04-20 02:00:00,9754.0
2006-04-20 03:00:00,9676.0
2006-04-20 04:00:00,9912.0
2006-04-20 05:00:00,10822.0
2006-04-20 06:00:00,12221.0
2006-04-20 07:00:00,13731.0
2006-04-20 08:00:00,14552.0
2006-04-20 09:00:00,15015.0
2006-04-20 10:00:00,15281.0
2006-04-20 11:00:00,15354.0
2006-04-20 12:00:00,15291.0
2006-04-20 13:00:00,15324.0
2006-04-20 14:00:00,15208.0
2006-04-20 15:00:00,14995.0
2006-04-20 16:00:00,14830.0
2006-04-20 17:00:00,14619.0
2006-04-20 18:00:00,14384.0
2006-04-20 19:00:00,14720.0
2006-04-20 20:00:00,15148.0
2006-04-20 21:00:00,14263.0
2006-04-20 22:00:00,12778.0
2006-04-20 23:00:00,11398.0
2006-04-21 00:00:00,10456.0
2006-04-21 01:00:00,9950.0
2006-04-21 02:00:00,9672.0
2006-04-21 03:00:00,9614.0
2006-04-21 04:00:00,9856.0
2006-04-21 05:00:00,10729.0
2006-04-21 06:00:00,12125.0
2006-04-21 07:00:00,13591.0
2006-04-21 08:00:00,14394.0
2006-04-21 09:00:00,14819.0
2006-04-21 10:00:00,15013.0
2006-04-21 11:00:00,15012.0
2006-04-21 12:00:00,14858.0
2006-04-21 13:00:00,14779.0
2006-04-21 14:00:00,14585.0
2006-04-21 15:00:00,14292.0
2006-04-21 16:00:00,14114.0
2006-04-21 17:00:00,13916.0
2006-04-21 18:00:00,13755.0
2006-04-21 19:00:00,14116.0
2006-04-21 20:00:00,14553.0
2006-04-21 21:00:00,13856.0
2006-04-21 22:00:00,12697.0
2006-04-21 23:00:00,11512.0
2006-04-22 00:00:00,10593.0
2006-04-22 01:00:00,10069.0
2006-04-22 02:00:00,9817.0
2006-04-22 03:00:00,9716.0
2006-04-22 04:00:00,9791.0
2006-04-22 05:00:00,10151.0
2006-04-22 06:00:00,10706.0
2006-04-22 07:00:00,11781.0
2006-04-22 08:00:00,12825.0
2006-04-22 09:00:00,13504.0
2006-04-22 10:00:00,13789.0
2006-04-22 11:00:00,13825.0
2006-04-22 12:00:00,13700.0
2006-04-22 13:00:00,13493.0
2006-04-22 14:00:00,13289.0
2006-04-22 15:00:00,13204.0
2006-04-22 16:00:00,13344.0
2006-04-22 17:00:00,13673.0
2006-04-22 18:00:00,13871.0
2006-04-22 19:00:00,14185.0
2006-04-22 20:00:00,14198.0
2006-04-22 21:00:00,13509.0
2006-04-22 22:00:00,12456.0
2006-04-22 23:00:00,11423.0
2006-04-23 00:00:00,10557.0
2006-04-23 01:00:00,10054.0
2006-04-23 02:00:00,9778.0
2006-04-23 03:00:00,9631.0
2006-04-23 04:00:00,9639.0
2006-04-23 05:00:00,9843.0
2006-04-23 06:00:00,10192.0
2006-04-23 07:00:00,10981.0
2006-04-23 08:00:00,12082.0
2006-04-23 09:00:00,13072.0
2006-04-23 10:00:00,13682.0
2006-04-23 11:00:00,14016.0
2006-04-23 12:00:00,14075.0
2006-04-23 13:00:00,13970.0
2006-04-23 14:00:00,13798.0
2006-04-23 15:00:00,13756.0
2006-04-23 16:00:00,13970.0
2006-04-23 17:00:00,14298.0
2006-04-23 18:00:00,14463.0
2006-04-23 19:00:00,14810.0
2006-04-23 20:00:00,14744.0
2006-04-23 21:00:00,13713.0
2006-04-23 22:00:00,12448.0
2006-04-23 23:00:00,11257.0
2006-04-24 00:00:00,10437.0
2006-04-24 01:00:00,10039.0
2006-04-24 02:00:00,9835.0
2006-04-24 03:00:00,9800.0
2006-04-24 04:00:00,10122.0
2006-04-24 05:00:00,11246.0
2006-04-24 06:00:00,13230.0
2006-04-24 07:00:00,14820.0
2006-04-24 08:00:00,15426.0
2006-04-24 09:00:00,15716.0
2006-04-24 10:00:00,15916.0
2006-04-24 11:00:00,15947.0
2006-04-24 12:00:00,15824.0
2006-04-24 13:00:00,15732.0
2006-04-24 14:00:00,15512.0
2006-04-24 15:00:00,15357.0
2006-04-24 16:00:00,15400.0
2006-04-24 17:00:00,15504.0
2006-04-24 18:00:00,15544.0
2006-04-24 19:00:00,15929.0
2006-04-24 20:00:00,15902.0
2006-04-24 21:00:00,14784.0
2006-04-24 22:00:00,13181.0
2006-04-24 23:00:00,11726.0
2006-04-25 00:00:00,10799.0
2006-04-25 01:00:00,10315.0
2006-04-25 02:00:00,10087.0
2006-04-25 03:00:00,10039.0
2006-04-25 04:00:00,10338.0
2006-04-25 05:00:00,11384.0
2006-04-25 06:00:00,13192.0
2006-04-25 07:00:00,14580.0
2006-04-25 08:00:00,14982.0
2006-04-25 09:00:00,15181.0
2006-04-25 10:00:00,15334.0
2006-04-25 11:00:00,15356.0
2006-04-25 12:00:00,15271.0
2006-04-25 13:00:00,15293.0
2006-04-25 14:00:00,15166.0
2006-04-25 15:00:00,15028.0
2006-04-25 16:00:00,15027.0
2006-04-25 17:00:00,15130.0
2006-04-25 18:00:00,15371.0
2006-04-25 19:00:00,15731.0
2006-04-25 20:00:00,15561.0
2006-04-25 21:00:00,14501.0
2006-04-25 22:00:00,12909.0
2006-04-25 23:00:00,11509.0
2006-04-26 00:00:00,10639.0
2006-04-26 01:00:00,10209.0
2006-04-26 02:00:00,10006.0
2006-04-26 03:00:00,9981.0
2006-04-26 04:00:00,10291.0
2006-04-26 05:00:00,11396.0
2006-04-26 06:00:00,13273.0
2006-04-26 07:00:00,14650.0
2006-04-26 08:00:00,15034.0
2006-04-26 09:00:00,15166.0
2006-04-26 10:00:00,15260.0
2006-04-26 11:00:00,15209.0
2006-04-26 12:00:00,15099.0
2006-04-26 13:00:00,15051.0
2006-04-26 14:00:00,14874.0
2006-04-26 15:00:00,14694.0
2006-04-26 16:00:00,14615.0
2006-04-26 17:00:00,14548.0
2006-04-26 18:00:00,14468.0
2006-04-26 19:00:00,14845.0
2006-04-26 20:00:00,15558.0
2006-04-26 21:00:00,14697.0
2006-04-26 22:00:00,13133.0
2006-04-26 23:00:00,11663.0
2006-04-27 00:00:00,10728.0
2006-04-27 01:00:00,10262.0
2006-04-27 02:00:00,10040.0
2006-04-27 03:00:00,10014.0
2006-04-27 04:00:00,10303.0
2006-04-27 05:00:00,11357.0
2006-04-27 06:00:00,13186.0
2006-04-27 07:00:00,14552.0
2006-04-27 08:00:00,14937.0
2006-04-27 09:00:00,15119.0
2006-04-27 10:00:00,15265.0
2006-04-27 11:00:00,15294.0
2006-04-27 12:00:00,15197.0
2006-04-27 13:00:00,15165.0
2006-04-27 14:00:00,14998.0
2006-04-27 15:00:00,14807.0
2006-04-27 16:00:00,14704.0
2006-04-27 17:00:00,14560.0
2006-04-27 18:00:00,14446.0
2006-04-27 19:00:00,14759.0
2006-04-27 20:00:00,15400.0
2006-04-27 21:00:00,14558.0
2006-04-27 22:00:00,12975.0
2006-04-27 23:00:00,11565.0
2006-04-28 00:00:00,10594.0
2006-04-28 01:00:00,10109.0
2006-04-28 02:00:00,9867.0
2006-04-28 03:00:00,9837.0
2006-04-28 04:00:00,10115.0
2006-04-28 05:00:00,11157.0
2006-04-28 06:00:00,12933.0
2006-04-28 07:00:00,14375.0
2006-04-28 08:00:00,14851.0
2006-04-28 09:00:00,15037.0
2006-04-28 10:00:00,15154.0
2006-04-28 11:00:00,15112.0
2006-04-28 12:00:00,14979.0
2006-04-28 13:00:00,14907.0
2006-04-28 14:00:00,14697.0
2006-04-28 15:00:00,14452.0
2006-04-28 16:00:00,14286.0
2006-04-28 17:00:00,14059.0
2006-04-28 18:00:00,13873.0
2006-04-28 19:00:00,14074.0
2006-04-28 20:00:00,14714.0
2006-04-28 21:00:00,14129.0
2006-04-28 22:00:00,12939.0
2006-04-28 23:00:00,11670.0
2006-04-29 00:00:00,10721.0
2006-04-29 01:00:00,10226.0
2006-04-29 02:00:00,9994.0
2006-04-29 03:00:00,9898.0
2006-04-29 04:00:00,9976.0
2006-04-29 05:00:00,10295.0
2006-04-29 06:00:00,10876.0
2006-04-29 07:00:00,11966.0
2006-04-29 08:00:00,12959.0
2006-04-29 09:00:00,13486.0
2006-04-29 10:00:00,13620.0
2006-04-29 11:00:00,13533.0
2006-04-29 12:00:00,13308.0
2006-04-29 13:00:00,12999.0
2006-04-29 14:00:00,12728.0
2006-04-29 15:00:00,12572.0
2006-04-29 16:00:00,12589.0
2006-04-29 17:00:00,12706.0
2006-04-29 18:00:00,12767.0
2006-04-29 19:00:00,13040.0
2006-04-29 20:00:00,13735.0
2006-04-29 21:00:00,13271.0
2006-04-29 22:00:00,12289.0
2006-04-29 23:00:00,11243.0
2006-04-30 00:00:00,10385.0
2006-04-30 01:00:00,9912.0
2006-04-30 02:00:00,9665.0
2006-04-30 03:00:00,9566.0
2006-04-30 04:00:00,9623.0
2006-04-30 05:00:00,9774.0
2006-04-30 06:00:00,10076.0
2006-04-30 07:00:00,10892.0
2006-04-30 08:00:00,11855.0
2006-04-30 09:00:00,12538.0
2006-04-30 10:00:00,12834.0
2006-04-30 11:00:00,12949.0
2006-04-30 12:00:00,12894.0
2006-04-30 13:00:00,12711.0
2006-04-30 14:00:00,12512.0
2006-04-30 15:00:00,12406.0
2006-04-30 16:00:00,12536.0
2006-04-30 17:00:00,12790.0
2006-04-30 18:00:00,12945.0
2006-04-30 19:00:00,13412.0
2006-04-30 20:00:00,14247.0
2006-04-30 21:00:00,13401.0
2006-04-30 22:00:00,12078.0
2006-04-30 23:00:00,10876.0
2006-05-01 00:00:00,10042.0
2006-05-01 01:00:00,9647.0
2006-05-01 02:00:00,9497.0
2006-05-01 03:00:00,9515.0
2006-05-01 04:00:00,9834.0
2006-05-01 05:00:00,10919.0
2006-05-01 06:00:00,12841.0
2006-05-01 07:00:00,14396.0
2006-05-01 08:00:00,14941.0
2006-05-01 09:00:00,15207.0
2006-05-01 10:00:00,15350.0
2006-05-01 11:00:00,15378.0
2006-05-01 12:00:00,15300.0
2006-05-01 13:00:00,15279.0
2006-05-01 14:00:00,15098.0
2006-05-01 15:00:00,14948.0
2006-05-01 16:00:00,14914.0
2006-05-01 17:00:00,14988.0
2006-05-01 18:00:00,15036.0
2006-05-01 19:00:00,15252.0
2006-05-01 20:00:00,15654.0
2006-05-01 21:00:00,14627.0
2006-05-01 22:00:00,13030.0
2006-05-01 23:00:00,11567.0
2006-05-02 00:00:00,10647.0
2006-05-02 01:00:00,10174.0
2006-05-02 02:00:00,9950.0
2006-05-02 03:00:00,9917.0
2006-05-02 04:00:00,10189.0
2006-05-02 05:00:00,11251.0
2006-05-02 06:00:00,13197.0
2006-05-02 07:00:00,14808.0
2006-05-02 08:00:00,15354.0
2006-05-02 09:00:00,15618.0
2006-05-02 10:00:00,15812.0
2006-05-02 11:00:00,15838.0
2006-05-02 12:00:00,15746.0
2006-05-02 13:00:00,15677.0
2006-05-02 14:00:00,15515.0
2006-05-02 15:00:00,15443.0
2006-05-02 16:00:00,15620.0
2006-05-02 17:00:00,15840.0
2006-05-02 18:00:00,15827.0
2006-05-02 19:00:00,15994.0
2006-05-02 20:00:00,15888.0
2006-05-02 21:00:00,14837.0
2006-05-02 22:00:00,13212.0
2006-05-02 23:00:00,11770.0
2006-05-03 00:00:00,10848.0
2006-05-03 01:00:00,10382.0
2006-05-03 02:00:00,10132.0
2006-05-03 03:00:00,10061.0
2006-05-03 04:00:00,10326.0
2006-05-03 05:00:00,11398.0
2006-05-03 06:00:00,13360.0
2006-05-03 07:00:00,14916.0
2006-05-03 08:00:00,15408.0
2006-05-03 09:00:00,15633.0
2006-05-03 10:00:00,15804.0
2006-05-03 11:00:00,15823.0
2006-05-03 12:00:00,15731.0
2006-05-03 13:00:00,15669.0
2006-05-03 14:00:00,15517.0
2006-05-03 15:00:00,15444.0
2006-05-03 16:00:00,15570.0
2006-05-03 17:00:00,15762.0
2006-05-03 18:00:00,15771.0
2006-05-03 19:00:00,15920.0
2006-05-03 20:00:00,15911.0
2006-05-03 21:00:00,14844.0
2006-05-03 22:00:00,13262.0
2006-05-03 23:00:00,11762.0
2006-05-04 00:00:00,10782.0
2006-05-04 01:00:00,10293.0
2006-05-04 02:00:00,10039.0
2006-05-04 03:00:00,9984.0
2006-05-04 04:00:00,10225.0
2006-05-04 05:00:00,11210.0
2006-05-04 06:00:00,13083.0
2006-05-04 07:00:00,14550.0
2006-05-04 08:00:00,15037.0
2006-05-04 09:00:00,15375.0
2006-05-04 10:00:00,15590.0
2006-05-04 11:00:00,15790.0
2006-05-04 12:00:00,15757.0
2006-05-04 13:00:00,15808.0
2006-05-04 14:00:00,15752.0
2006-05-04 15:00:00,15588.0
2006-05-04 16:00:00,15462.0
2006-05-04 17:00:00,15246.0
2006-05-04 18:00:00,14988.0
2006-05-04 19:00:00,15095.0
2006-05-04 20:00:00,15797.0
2006-05-04 21:00:00,15015.0
2006-05-04 22:00:00,13324.0
2006-05-04 23:00:00,11748.0
2006-05-05 00:00:00,10732.0
2006-05-05 01:00:00,10188.0
2006-05-05 02:00:00,9910.0
2006-05-05 03:00:00,9792.0
2006-05-05 04:00:00,10008.0
2006-05-05 05:00:00,10925.0
2006-05-05 06:00:00,12780.0
2006-05-05 07:00:00,14377.0
2006-05-05 08:00:00,15106.0
2006-05-05 09:00:00,15563.0
2006-05-05 10:00:00,15891.0
2006-05-05 11:00:00,16023.0
2006-05-05 12:00:00,16014.0
2006-05-05 13:00:00,16069.0
2006-05-05 14:00:00,15961.0
2006-05-05 15:00:00,15772.0
2006-05-05 16:00:00,15575.0
2006-05-05 17:00:00,15235.0
2006-05-05 18:00:00,14779.0
2006-05-05 19:00:00,14677.0
2006-05-05 20:00:00,15220.0
2006-05-05 21:00:00,14609.0
2006-05-05 22:00:00,13255.0
2006-05-05 23:00:00,11834.0
2006-05-06 00:00:00,10758.0
2006-05-06 01:00:00,10121.0
2006-05-06 02:00:00,9762.0
2006-05-06 03:00:00,9584.0
2006-05-06 04:00:00,9595.0
2006-05-06 05:00:00,9833.0
2006-05-06 06:00:00,10383.0
2006-05-06 07:00:00,11588.0
2006-05-06 08:00:00,12827.0
2006-05-06 09:00:00,13603.0
2006-05-06 10:00:00,13954.0
2006-05-06 11:00:00,13989.0
2006-05-06 12:00:00,13867.0
2006-05-06 13:00:00,13589.0
2006-05-06 14:00:00,13345.0
2006-05-06 15:00:00,13225.0
2006-05-06 16:00:00,13261.0
2006-05-06 17:00:00,13325.0
2006-05-06 18:00:00,13254.0
2006-05-06 19:00:00,13375.0
2006-05-06 20:00:00,13886.0
2006-05-06 21:00:00,13373.0
2006-05-06 22:00:00,12267.0
2006-05-06 23:00:00,11108.0
2006-05-07 00:00:00,10180.0
2006-05-07 01:00:00,9640.0
2006-05-07 02:00:00,9338.0
2006-05-07 03:00:00,9190.0
2006-05-07 04:00:00,9191.0
2006-05-07 05:00:00,9235.0
2006-05-07 06:00:00,9600.0
2006-05-07 07:00:00,10512.0
2006-05-07 08:00:00,11579.0
2006-05-07 09:00:00,12320.0
2006-05-07 10:00:00,12680.0
2006-05-07 11:00:00,12836.0
2006-05-07 12:00:00,12842.0
2006-05-07 13:00:00,12666.0
2006-05-07 14:00:00,12496.0
2006-05-07 15:00:00,12455.0
2006-05-07 16:00:00,12601.0
2006-05-07 17:00:00,12834.0
2006-05-07 18:00:00,13003.0
2006-05-07 19:00:00,13376.0
2006-05-07 20:00:00,14199.0
2006-05-07 21:00:00,13407.0
2006-05-07 22:00:00,12048.0
2006-05-07 23:00:00,10830.0
2006-05-08 00:00:00,9975.0
2006-05-08 01:00:00,9585.0
2006-05-08 02:00:00,9408.0
2006-05-08 03:00:00,9400.0
2006-05-08 04:00:00,9720.0
2006-05-08 05:00:00,10707.0
2006-05-08 06:00:00,12614.0
2006-05-08 07:00:00,14185.0
2006-05-08 08:00:00,14769.0
2006-05-08 09:00:00,15106.0
2006-05-08 10:00:00,15394.0
2006-05-08 11:00:00,15499.0
2006-05-08 12:00:00,15458.0
2006-05-08 13:00:00,15444.0
2006-05-08 14:00:00,15281.0
2006-05-08 15:00:00,15067.0
2006-05-08 16:00:00,14978.0
2006-05-08 17:00:00,14949.0
2006-05-08 18:00:00,14832.0
2006-05-08 19:00:00,15047.0
2006-05-08 20:00:00,15504.0
2006-05-08 21:00:00,14536.0
2006-05-08 22:00:00,12865.0
2006-05-08 23:00:00,11374.0
2006-05-09 00:00:00,10437.0
2006-05-09 01:00:00,9949.0
2006-05-09 02:00:00,9731.0
2006-05-09 03:00:00,9666.0
2006-05-09 04:00:00,9933.0
2006-05-09 05:00:00,10922.0
2006-05-09 06:00:00,12835.0
2006-05-09 07:00:00,14370.0
2006-05-09 08:00:00,14928.0
2006-05-09 09:00:00,15180.0
2006-05-09 10:00:00,15409.0
2006-05-09 11:00:00,15492.0
2006-05-09 12:00:00,15479.0
2006-05-09 13:00:00,15476.0
2006-05-09 14:00:00,15351.0
2006-05-09 15:00:00,15325.0
2006-05-09 16:00:00,15497.0
2006-05-09 17:00:00,15712.0
2006-05-09 18:00:00,15733.0
2006-05-09 19:00:00,15870.0
2006-05-09 20:00:00,15793.0
2006-05-09 21:00:00,14728.0
2006-05-09 22:00:00,13109.0
2006-05-09 23:00:00,11632.0
2006-05-10 00:00:00,10718.0
2006-05-10 01:00:00,10228.0
2006-05-10 02:00:00,9985.0
2006-05-10 03:00:00,9945.0
2006-05-10 04:00:00,10197.0
2006-05-10 05:00:00,11213.0
2006-05-10 06:00:00,13169.0
2006-05-10 07:00:00,14758.0
2006-05-10 08:00:00,15307.0
2006-05-10 09:00:00,15538.0
2006-05-10 10:00:00,15735.0
2006-05-10 11:00:00,15736.0
2006-05-10 12:00:00,15644.0
2006-05-10 13:00:00,15613.0
2006-05-10 14:00:00,15474.0
2006-05-10 15:00:00,15385.0
2006-05-10 16:00:00,15464.0
2006-05-10 17:00:00,15568.0
2006-05-10 18:00:00,15539.0
2006-05-10 19:00:00,15659.0
2006-05-10 20:00:00,15828.0
2006-05-10 21:00:00,14811.0
2006-05-10 22:00:00,13199.0
2006-05-10 23:00:00,11684.0
2006-05-11 00:00:00,10747.0
2006-05-11 01:00:00,10249.0
2006-05-11 02:00:00,9991.0
2006-05-11 03:00:00,9926.0
2006-05-11 04:00:00,10151.0
2006-05-11 05:00:00,11142.0
2006-05-11 06:00:00,13088.0
2006-05-11 07:00:00,14649.0
2006-05-11 08:00:00,15187.0
2006-05-11 09:00:00,15436.0
2006-05-11 10:00:00,15649.0
2006-05-11 11:00:00,15665.0
2006-05-11 12:00:00,15543.0
2006-05-11 13:00:00,15505.0
2006-05-11 14:00:00,15359.0
2006-05-11 15:00:00,15245.0
2006-05-11 16:00:00,15296.0
2006-05-11 17:00:00,15338.0
2006-05-11 18:00:00,15346.0
2006-05-11 19:00:00,15517.0
2006-05-11 20:00:00,15672.0
2006-05-11 21:00:00,14790.0
2006-05-11 22:00:00,13195.0
2006-05-11 23:00:00,11788.0
2006-05-12 00:00:00,10774.0
2006-05-12 01:00:00,10244.0
2006-05-12 02:00:00,9978.0
2006-05-12 03:00:00,9881.0
2006-05-12 04:00:00,10105.0
2006-05-12 05:00:00,11060.0
2006-05-12 06:00:00,13016.0
2006-05-12 07:00:00,14700.0
2006-05-12 08:00:00,15388.0
2006-05-12 09:00:00,15664.0
2006-05-12 10:00:00,15927.0
2006-05-12 11:00:00,15952.0
2006-05-12 12:00:00,15819.0
2006-05-12 13:00:00,15731.0
2006-05-12 14:00:00,15547.0
2006-05-12 15:00:00,15392.0
2006-05-12 16:00:00,15376.0
2006-05-12 17:00:00,15340.0
2006-05-12 18:00:00,15191.0
2006-05-12 19:00:00,15090.0
2006-05-12 20:00:00,15078.0
2006-05-12 21:00:00,14323.0
2006-05-12 22:00:00,13144.0
2006-05-12 23:00:00,11886.0
2006-05-13 00:00:00,10839.0
2006-05-13 01:00:00,10246.0
2006-05-13 02:00:00,9903.0
2006-05-13 03:00:00,9741.0
2006-05-13 04:00:00,9767.0
2006-05-13 05:00:00,10074.0
2006-05-13 06:00:00,10684.0
2006-05-13 07:00:00,11834.0
2006-05-13 08:00:00,13145.0
2006-05-13 09:00:00,14082.0
2006-05-13 10:00:00,14563.0
2006-05-13 11:00:00,14625.0
2006-05-13 12:00:00,14482.0
2006-05-13 13:00:00,14235.0
2006-05-13 14:00:00,13976.0
2006-05-13 15:00:00,13847.0
2006-05-13 16:00:00,13944.0
2006-05-13 17:00:00,14081.0
2006-05-13 18:00:00,14061.0
2006-05-13 19:00:00,14074.0
2006-05-13 20:00:00,14236.0
2006-05-13 21:00:00,13691.0
2006-05-13 22:00:00,12648.0
2006-05-13 23:00:00,11594.0
2006-05-14 00:00:00,10653.0
2006-05-14 01:00:00,10064.0
2006-05-14 02:00:00,9733.0
2006-05-14 03:00:00,9582.0
2006-05-14 04:00:00,9562.0
2006-05-14 05:00:00,9703.0
2006-05-14 06:00:00,10092.0
2006-05-14 07:00:00,10968.0
2006-05-14 08:00:00,12153.0
2006-05-14 09:00:00,13131.0
2006-05-14 10:00:00,13634.0
2006-05-14 11:00:00,13823.0
2006-05-14 12:00:00,13802.0
2006-05-14 13:00:00,13579.0
2006-05-14 14:00:00,13406.0
2006-05-14 15:00:00,13347.0
2006-05-14 16:00:00,13449.0
2006-05-14 17:00:00,13657.0
2006-05-14 18:00:00,13847.0
2006-05-14 19:00:00,14163.0
2006-05-14 20:00:00,14512.0
2006-05-14 21:00:00,13760.0
2006-05-14 22:00:00,12569.0
2006-05-14 23:00:00,11374.0
2006-05-15 00:00:00,10518.0
2006-05-15 01:00:00,10112.0
2006-05-15 02:00:00,9915.0
2006-05-15 03:00:00,9865.0
2006-05-15 04:00:00,10111.0
2006-05-15 05:00:00,11134.0
2006-05-15 06:00:00,13040.0
2006-05-15 07:00:00,14707.0
2006-05-15 08:00:00,15399.0
2006-05-15 09:00:00,15726.0
2006-05-15 10:00:00,16051.0
2006-05-15 11:00:00,16164.0
2006-05-15 12:00:00,16097.0
2006-05-15 13:00:00,16063.0
2006-05-15 14:00:00,15903.0
2006-05-15 15:00:00,15836.0
2006-05-15 16:00:00,15936.0
2006-05-15 17:00:00,16087.0
2006-05-15 18:00:00,16052.0
2006-05-15 19:00:00,16048.0
2006-05-15 20:00:00,16057.0
2006-05-15 21:00:00,14920.0
2006-05-15 22:00:00,13327.0
2006-05-15 23:00:00,11885.0
2006-05-16 00:00:00,10864.0
2006-05-16 01:00:00,10374.0
2006-05-16 02:00:00,10119.0
2006-05-16 03:00:00,10033.0
2006-05-16 04:00:00,10275.0
2006-05-16 05:00:00,11288.0
2006-05-16 06:00:00,13174.0
2006-05-16 07:00:00,14793.0
2006-05-16 08:00:00,15386.0
2006-05-16 09:00:00,15756.0
2006-05-16 10:00:00,16044.0
2006-05-16 11:00:00,16126.0
2006-05-16 12:00:00,16081.0
2006-05-16 13:00:00,15994.0
2006-05-16 14:00:00,15797.0
2006-05-16 15:00:00,15682.0
2006-05-16 16:00:00,15781.0
2006-05-16 17:00:00,15817.0
2006-05-16 18:00:00,15577.0
2006-05-16 19:00:00,15501.0
2006-05-16 20:00:00,15772.0
2006-05-16 21:00:00,14944.0
2006-05-16 22:00:00,13339.0
2006-05-16 23:00:00,11831.0
2006-05-17 00:00:00,10830.0
2006-05-17 01:00:00,10310.0
2006-05-17 02:00:00,10086.0
2006-05-17 03:00:00,10013.0
2006-05-17 04:00:00,10275.0
2006-05-17 05:00:00,11159.0
2006-05-17 06:00:00,13033.0
2006-05-17 07:00:00,14548.0
2006-05-17 08:00:00,15086.0
2006-05-17 09:00:00,15385.0
2006-05-17 10:00:00,15627.0
2006-05-17 11:00:00,15712.0
2006-05-17 12:00:00,15666.0
2006-05-17 13:00:00,15670.0
2006-05-17 14:00:00,15555.0
2006-05-17 15:00:00,15396.0
2006-05-17 16:00:00,15361.0
2006-05-17 17:00:00,15259.0
2006-05-17 18:00:00,15085.0
2006-05-17 19:00:00,15118.0
2006-05-17 20:00:00,15689.0
2006-05-17 21:00:00,14913.0
2006-05-17 22:00:00,13330.0
2006-05-17 23:00:00,11791.0
2006-05-18 00:00:00,10771.0
2006-05-18 01:00:00,10230.0
2006-05-18 02:00:00,9979.0
2006-05-18 03:00:00,9882.0
2006-05-18 04:00:00,10122.0
2006-05-18 05:00:00,10984.0
2006-05-18 06:00:00,12889.0
2006-05-18 07:00:00,14521.0
2006-05-18 08:00:00,15170.0
2006-05-18 09:00:00,15577.0
2006-05-18 10:00:00,15931.0
2006-05-18 11:00:00,16099.0
2006-05-18 12:00:00,16061.0
2006-05-18 13:00:00,16138.0
2006-05-18 14:00:00,16023.0
2006-05-18 15:00:00,15897.0
2006-05-18 16:00:00,15763.0
2006-05-18 17:00:00,15482.0
2006-05-18 18:00:00,15202.0
2006-05-18 19:00:00,15220.0
2006-05-18 20:00:00,15768.0
2006-05-18 21:00:00,15024.0
2006-05-18 22:00:00,13424.0
2006-05-18 23:00:00,11912.0
2006-05-19 00:00:00,10841.0
2006-05-19 01:00:00,10261.0
2006-05-19 02:00:00,9966.0
2006-05-19 03:00:00,9859.0
2006-05-19 04:00:00,10062.0
2006-05-19 05:00:00,10968.0
2006-05-19 06:00:00,12871.0
2006-05-19 07:00:00,14603.0
2006-05-19 08:00:00,15317.0
2006-05-19 09:00:00,15693.0
2006-05-19 10:00:00,15990.0
2006-05-19 11:00:00,16058.0
2006-05-19 12:00:00,15939.0
2006-05-19 13:00:00,15857.0
2006-05-19 14:00:00,15583.0
2006-05-19 15:00:00,15328.0
2006-05-19 16:00:00,15181.0
2006-05-19 17:00:00,14953.0
2006-05-19 18:00:00,14644.0
2006-05-19 19:00:00,14626.0
2006-05-19 20:00:00,14890.0
2006-05-19 21:00:00,14299.0
2006-05-19 22:00:00,13072.0
2006-05-19 23:00:00,11783.0
2006-05-20 00:00:00,10758.0
2006-05-20 01:00:00,10161.0
2006-05-20 02:00:00,9847.0
2006-05-20 03:00:00,9678.0
2006-05-20 04:00:00,9725.0
2006-05-20 05:00:00,9884.0
2006-05-20 06:00:00,10567.0
2006-05-20 07:00:00,11761.0
2006-05-20 08:00:00,12946.0
2006-05-20 09:00:00,13638.0
2006-05-20 10:00:00,13930.0
2006-05-20 11:00:00,13908.0
2006-05-20 12:00:00,13750.0
2006-05-20 13:00:00,13513.0
2006-05-20 14:00:00,13283.0
2006-05-20 15:00:00,13139.0
2006-05-20 16:00:00,13180.0
2006-05-20 17:00:00,13289.0
2006-05-20 18:00:00,13260.0
2006-05-20 19:00:00,13320.0
2006-05-20 20:00:00,13777.0
2006-05-20 21:00:00,13450.0
2006-05-20 22:00:00,12417.0
2006-05-20 23:00:00,11285.0
2006-05-21 00:00:00,10412.0
2006-05-21 01:00:00,9829.0
2006-05-21 02:00:00,9521.0
2006-05-21 03:00:00,9367.0
2006-05-21 04:00:00,9360.0
2006-05-21 05:00:00,9345.0
2006-05-21 06:00:00,9736.0
2006-05-21 07:00:00,10620.0
2006-05-21 08:00:00,11701.0
2006-05-21 09:00:00,12478.0
2006-05-21 10:00:00,12896.0
2006-05-21 11:00:00,13116.0
2006-05-21 12:00:00,13194.0
2006-05-21 13:00:00,13131.0
2006-05-21 14:00:00,13106.0
2006-05-21 15:00:00,13233.0
2006-05-21 16:00:00,13467.0
2006-05-21 17:00:00,13630.0
2006-05-21 18:00:00,13699.0
2006-05-21 19:00:00,13757.0
2006-05-21 20:00:00,14164.0
2006-05-21 21:00:00,13563.0
2006-05-21 22:00:00,12296.0
2006-05-21 23:00:00,11125.0
2006-05-22 00:00:00,10242.0
2006-05-22 01:00:00,9817.0
2006-05-22 02:00:00,9638.0
2006-05-22 03:00:00,9633.0
2006-05-22 04:00:00,9959.0
2006-05-22 05:00:00,10874.0
2006-05-22 06:00:00,12891.0
2006-05-22 07:00:00,14479.0
2006-05-22 08:00:00,15051.0
2006-05-22 09:00:00,15352.0
2006-05-22 10:00:00,15585.0
2006-05-22 11:00:00,15641.0
2006-05-22 12:00:00,15596.0
2006-05-22 13:00:00,15538.0
2006-05-22 14:00:00,15370.0
2006-05-22 15:00:00,15197.0
2006-05-22 16:00:00,15170.0
2006-05-22 17:00:00,15108.0
2006-05-22 18:00:00,14979.0
2006-05-22 19:00:00,15018.0
2006-05-22 20:00:00,15460.0
2006-05-22 21:00:00,14716.0
2006-05-22 22:00:00,13090.0
2006-05-22 23:00:00,11625.0
2006-05-23 00:00:00,10692.0
2006-05-23 01:00:00,10219.0
2006-05-23 02:00:00,9981.0
2006-05-23 03:00:00,9938.0
2006-05-23 04:00:00,10219.0
2006-05-23 05:00:00,11138.0
2006-05-23 06:00:00,13109.0
2006-05-23 07:00:00,14654.0
2006-05-23 08:00:00,15102.0
2006-05-23 09:00:00,15342.0
2006-05-23 10:00:00,15522.0
2006-05-23 11:00:00,15596.0
2006-05-23 12:00:00,15519.0
2006-05-23 13:00:00,15487.0
2006-05-23 14:00:00,15347.0
2006-05-23 15:00:00,15198.0
2006-05-23 16:00:00,15191.0
2006-05-23 17:00:00,15101.0
2006-05-23 18:00:00,14972.0
2006-05-23 19:00:00,15002.0
2006-05-23 20:00:00,15420.0
2006-05-23 21:00:00,14816.0
2006-05-23 22:00:00,13205.0
2006-05-23 23:00:00,11701.0
2006-05-24 00:00:00,10722.0
2006-05-24 01:00:00,10257.0
2006-05-24 02:00:00,10004.0
2006-05-24 03:00:00,9927.0
2006-05-24 04:00:00,10206.0
2006-05-24 05:00:00,11083.0
2006-05-24 06:00:00,12989.0
2006-05-24 07:00:00,14533.0
2006-05-24 08:00:00,15056.0
2006-05-24 09:00:00,15333.0
2006-05-24 10:00:00,15592.0
2006-05-24 11:00:00,15689.0
2006-05-24 12:00:00,15660.0
2006-05-24 13:00:00,15695.0
2006-05-24 14:00:00,15523.0
2006-05-24 15:00:00,15376.0
2006-05-24 16:00:00,15311.0
2006-05-24 17:00:00,15193.0
2006-05-24 18:00:00,14962.0
2006-05-24 19:00:00,14928.0
2006-05-24 20:00:00,15366.0
2006-05-24 21:00:00,14757.0
2006-05-24 22:00:00,13282.0
2006-05-24 23:00:00,11740.0
2006-05-25 00:00:00,10673.0
2006-05-25 01:00:00,10128.0
2006-05-25 02:00:00,9885.0
2006-05-25 03:00:00,9792.0
2006-05-25 04:00:00,10065.0
2006-05-25 05:00:00,10872.0
2006-05-25 06:00:00,12801.0
2006-05-25 07:00:00,14410.0
2006-05-25 08:00:00,15056.0
2006-05-25 09:00:00,15429.0
2006-05-25 10:00:00,15769.0
2006-05-25 11:00:00,15935.0
2006-05-25 12:00:00,15965.0
2006-05-25 13:00:00,16051.0
2006-05-25 14:00:00,16075.0
2006-05-25 15:00:00,15987.0
2006-05-25 16:00:00,15914.0
2006-05-25 17:00:00,15689.0
2006-05-25 18:00:00,15341.0
2006-05-25 19:00:00,15220.0
2006-05-25 20:00:00,15760.0
2006-05-25 21:00:00,15264.0
2006-05-25 22:00:00,13645.0
2006-05-25 23:00:00,12024.0
2006-05-26 00:00:00,10949.0
2006-05-26 01:00:00,10396.0
2006-05-26 02:00:00,10094.0
2006-05-26 03:00:00,9992.0
2006-05-26 04:00:00,10206.0
2006-05-26 05:00:00,11015.0
2006-05-26 06:00:00,12887.0
2006-05-26 07:00:00,14627.0
2006-05-26 08:00:00,15424.0
2006-05-26 09:00:00,15936.0
2006-05-26 10:00:00,16376.0
2006-05-26 11:00:00,16605.0
2006-05-26 12:00:00,16649.0
2006-05-26 13:00:00,16717.0
2006-05-26 14:00:00,16583.0
2006-05-26 15:00:00,16368.0
2006-05-26 16:00:00,16266.0
2006-05-26 17:00:00,16109.0
2006-05-26 18:00:00,15745.0
2006-05-26 19:00:00,15524.0
2006-05-26 20:00:00,15612.0
2006-05-26 21:00:00,14999.0
2006-05-26 22:00:00,13696.0
2006-05-26 23:00:00,12362.0
2006-05-27 00:00:00,11251.0
2006-05-27 01:00:00,10616.0
2006-05-27 02:00:00,10259.0
2006-05-27 03:00:00,10064.0
2006-05-27 04:00:00,10056.0
2006-05-27 05:00:00,10162.0
2006-05-27 06:00:00,10789.0
2006-05-27 07:00:00,11976.0
2006-05-27 08:00:00,13301.0
2006-05-27 09:00:00,14281.0
2006-05-27 10:00:00,14866.0
2006-05-27 11:00:00,15125.0
2006-05-27 12:00:00,15158.0
2006-05-27 13:00:00,15006.0
2006-05-27 14:00:00,14836.0
2006-05-27 15:00:00,14796.0
2006-05-27 16:00:00,14901.0
2006-05-27 17:00:00,14990.0
2006-05-27 18:00:00,14885.0
2006-05-27 19:00:00,14746.0
2006-05-27 20:00:00,15093.0
2006-05-27 21:00:00,14892.0
2006-05-27 22:00:00,13716.0
2006-05-27 23:00:00,12400.0
2006-05-28 00:00:00,11330.0
2006-05-28 01:00:00,10626.0
2006-05-28 02:00:00,10158.0
2006-05-28 03:00:00,9896.0
2006-05-28 04:00:00,9806.0
2006-05-28 05:00:00,9669.0
2006-05-28 06:00:00,10088.0
2006-05-28 07:00:00,11136.0
2006-05-28 08:00:00,12398.0
2006-05-28 09:00:00,13376.0
2006-05-28 10:00:00,13963.0
2006-05-28 11:00:00,14322.0
2006-05-28 12:00:00,14484.0
2006-05-28 13:00:00,14455.0
2006-05-28 14:00:00,14410.0
2006-05-28 15:00:00,14454.0
2006-05-28 16:00:00,14592.0
2006-05-28 17:00:00,14678.0
2006-05-28 18:00:00,14443.0
2006-05-28 19:00:00,14219.0
2006-05-28 20:00:00,14644.0
2006-05-28 21:00:00,14438.0
2006-05-28 22:00:00,13343.0
2006-05-28 23:00:00,12100.0
2006-05-29 00:00:00,11091.0
2006-05-29 01:00:00,10440.0
2006-05-29 02:00:00,10088.0
2006-05-29 03:00:00,9901.0
2006-05-29 04:00:00,9884.0
2006-05-29 05:00:00,9920.0
2006-05-29 06:00:00,10472.0
2006-05-29 07:00:00,11530.0
2006-05-29 08:00:00,12843.0
2006-05-29 09:00:00,13955.0
2006-05-29 10:00:00,14647.0
2006-05-29 11:00:00,15180.0
2006-05-29 12:00:00,15455.0
2006-05-29 13:00:00,15540.0
2006-05-29 14:00:00,15619.0
2006-05-29 15:00:00,15768.0
2006-05-29 16:00:00,15990.0
2006-05-29 17:00:00,16219.0
2006-05-29 18:00:00,16188.0
2006-05-29 19:00:00,16268.0
2006-05-29 20:00:00,16791.0
2006-05-29 21:00:00,16351.0
2006-05-29 22:00:00,14588.0
2006-05-29 23:00:00,12892.0
2006-05-30 00:00:00,11841.0
2006-05-30 01:00:00,11203.0
2006-05-30 02:00:00,10888.0
2006-05-30 03:00:00,10733.0
2006-05-30 04:00:00,10940.0
2006-05-30 05:00:00,11702.0
2006-05-30 06:00:00,13739.0
2006-05-30 07:00:00,15694.0
2006-05-30 08:00:00,16810.0
2006-05-30 09:00:00,17599.0
2006-05-30 10:00:00,18244.0
2006-05-30 11:00:00,18645.0
2006-05-30 12:00:00,18840.0
2006-05-30 13:00:00,19055.0
2006-05-30 14:00:00,19102.0
2006-05-30 15:00:00,19033.0
2006-05-30 16:00:00,18917.0
2006-05-30 17:00:00,18507.0
2006-05-30 18:00:00,17867.0
2006-05-30 19:00:00,17468.0
2006-05-30 20:00:00,17630.0
2006-05-30 21:00:00,16709.0
2006-05-30 22:00:00,14751.0
2006-05-30 23:00:00,12937.0
2006-05-31 00:00:00,11761.0
2006-05-31 01:00:00,11122.0
2006-05-31 02:00:00,10790.0
2006-05-31 03:00:00,10645.0
2006-05-31 04:00:00,10807.0
2006-05-31 05:00:00,11650.0
2006-05-31 06:00:00,13585.0
2006-05-31 07:00:00,15241.0
2006-05-31 08:00:00,15941.0
2006-05-31 09:00:00,16386.0
2006-05-31 10:00:00,16938.0
2006-05-31 11:00:00,17378.0
2006-05-31 12:00:00,17681.0
2006-05-31 13:00:00,18114.0
2006-05-31 14:00:00,18330.0
2006-05-31 15:00:00,18544.0
2006-05-31 16:00:00,18649.0
2006-05-31 17:00:00,18443.0
2006-05-31 18:00:00,17969.0
2006-05-31 19:00:00,17613.0
2006-05-31 20:00:00,17946.0
2006-05-31 21:00:00,17262.0
2006-05-31 22:00:00,15380.0
2006-05-31 23:00:00,13494.0
2006-06-01 00:00:00,12272.0
2006-06-01 01:00:00,11612.0
2006-06-01 02:00:00,11210.0
2006-06-01 03:00:00,11075.0
2006-06-01 04:00:00,11263.0
2006-06-01 05:00:00,12111.0
2006-06-01 06:00:00,14137.0
2006-06-01 07:00:00,15980.0
2006-06-01 08:00:00,16992.0
2006-06-01 09:00:00,17903.0
2006-06-01 10:00:00,18825.0
2006-06-01 11:00:00,19454.0
2006-06-01 12:00:00,19880.0
2006-06-01 13:00:00,20318.0
2006-06-01 14:00:00,20469.0
2006-06-01 15:00:00,20503.0
2006-06-01 16:00:00,20352.0
2006-06-01 17:00:00,19889.0
2006-06-01 18:00:00,19284.0
2006-06-01 19:00:00,18917.0
2006-06-01 20:00:00,18778.0
2006-06-01 21:00:00,17800.0
2006-06-01 22:00:00,15939.0
2006-06-01 23:00:00,14192.0
2006-06-02 00:00:00,12982.0
2006-06-02 01:00:00,12298.0
2006-06-02 02:00:00,11911.0
2006-06-02 03:00:00,11733.0
2006-06-02 04:00:00,11897.0
2006-06-02 05:00:00,12786.0
2006-06-02 06:00:00,14738.0
2006-06-02 07:00:00,16502.0
2006-06-02 08:00:00,17305.0
2006-06-02 09:00:00,17775.0
2006-06-02 10:00:00,18075.0
2006-06-02 11:00:00,18154.0
2006-06-02 12:00:00,18016.0
2006-06-02 13:00:00,17966.0
2006-06-02 14:00:00,17756.0
2006-06-02 15:00:00,17499.0
2006-06-02 16:00:00,17293.0
2006-06-02 17:00:00,16970.0
2006-06-02 18:00:00,16551.0
2006-06-02 19:00:00,16279.0
2006-06-02 20:00:00,16252.0
2006-06-02 21:00:00,15538.0
2006-06-02 22:00:00,14157.0
2006-06-02 23:00:00,12671.0
2006-06-03 00:00:00,11563.0
2006-06-03 01:00:00,10898.0
2006-06-03 02:00:00,10498.0
2006-06-03 03:00:00,10276.0
2006-06-03 04:00:00,10274.0
2006-06-03 05:00:00,10502.0
2006-06-03 06:00:00,11125.0
2006-06-03 07:00:00,12231.0
2006-06-03 08:00:00,13493.0
2006-06-03 09:00:00,14486.0
2006-06-03 10:00:00,15062.0
2006-06-03 11:00:00,15191.0
2006-06-03 12:00:00,15039.0
2006-06-03 13:00:00,14766.0
2006-06-03 14:00:00,14496.0
2006-06-03 15:00:00,14326.0
2006-06-03 16:00:00,14353.0
2006-06-03 17:00:00,14464.0
2006-06-03 18:00:00,14415.0
2006-06-03 19:00:00,14339.0
2006-06-03 20:00:00,14356.0
2006-06-03 21:00:00,13819.0
2006-06-03 22:00:00,12742.0
2006-06-03 23:00:00,11605.0
2006-06-04 00:00:00,10664.0
2006-06-04 01:00:00,10070.0
2006-06-04 02:00:00,9742.0
2006-06-04 03:00:00,9564.0
2006-06-04 04:00:00,9533.0
2006-06-04 05:00:00,9617.0
2006-06-04 06:00:00,9928.0
2006-06-04 07:00:00,10759.0
2006-06-04 08:00:00,11896.0
2006-06-04 09:00:00,12844.0
2006-06-04 10:00:00,13476.0
2006-06-04 11:00:00,13790.0
2006-06-04 12:00:00,13875.0
2006-06-04 13:00:00,13737.0
2006-06-04 14:00:00,13564.0
2006-06-04 15:00:00,13477.0
2006-06-04 16:00:00,13626.0
2006-06-04 17:00:00,13871.0
2006-06-04 18:00:00,13945.0
2006-06-04 19:00:00,14016.0
2006-06-04 20:00:00,14380.0
2006-06-04 21:00:00,13889.0
2006-06-04 22:00:00,12647.0
2006-06-04 23:00:00,11367.0
2006-06-05 00:00:00,10461.0
2006-06-05 01:00:00,9988.0
2006-06-05 02:00:00,9777.0
2006-06-05 03:00:00,9738.0
2006-06-05 04:00:00,10021.0
2006-06-05 05:00:00,10872.0
2006-06-05 06:00:00,12817.0
2006-06-05 07:00:00,14525.0
2006-06-05 08:00:00,15294.0
2006-06-05 09:00:00,15742.0
2006-06-05 10:00:00,16161.0
2006-06-05 11:00:00,16356.0
2006-06-05 12:00:00,16373.0
2006-06-05 13:00:00,16412.0
2006-06-05 14:00:00,16296.0
2006-06-05 15:00:00,16176.0
2006-06-05 16:00:00,16129.0
2006-06-05 17:00:00,16033.0
2006-06-05 18:00:00,15777.0
2006-06-05 19:00:00,15738.0
2006-06-05 20:00:00,16003.0
2006-06-05 21:00:00,15406.0
2006-06-05 22:00:00,13739.0
2006-06-05 23:00:00,12113.0
2006-06-06 00:00:00,11076.0
2006-06-06 01:00:00,10465.0
2006-06-06 02:00:00,10196.0
2006-06-06 03:00:00,10061.0
2006-06-06 04:00:00,10297.0
2006-06-06 05:00:00,11090.0
2006-06-06 06:00:00,13028.0
2006-06-06 07:00:00,14758.0
2006-06-06 08:00:00,15546.0
2006-06-06 09:00:00,16025.0
2006-06-06 10:00:00,16467.0
2006-06-06 11:00:00,16709.0
2006-06-06 12:00:00,16779.0
2006-06-06 13:00:00,16882.0
2006-06-06 14:00:00,16830.0
2006-06-06 15:00:00,16758.0
2006-06-06 16:00:00,16763.0
2006-06-06 17:00:00,16562.0
2006-06-06 18:00:00,16127.0
2006-06-06 19:00:00,15900.0
2006-06-06 20:00:00,16258.0
2006-06-06 21:00:00,15793.0
2006-06-06 22:00:00,14059.0
2006-06-06 23:00:00,12426.0
2006-06-07 00:00:00,11337.0
2006-06-07 01:00:00,10737.0
2006-06-07 02:00:00,10421.0
2006-06-07 03:00:00,10307.0
2006-06-07 04:00:00,10522.0
2006-06-07 05:00:00,11404.0
2006-06-07 06:00:00,13304.0
2006-06-07 07:00:00,14977.0
2006-06-07 08:00:00,15688.0
2006-06-07 09:00:00,16081.0
2006-06-07 10:00:00,16391.0
2006-06-07 11:00:00,16517.0
2006-06-07 12:00:00,16487.0
2006-06-07 13:00:00,16442.0
2006-06-07 14:00:00,16282.0
2006-06-07 15:00:00,16197.0
2006-06-07 16:00:00,16264.0
2006-06-07 17:00:00,16280.0
2006-06-07 18:00:00,16108.0
2006-06-07 19:00:00,15876.0
2006-06-07 20:00:00,15852.0
2006-06-07 21:00:00,15047.0
2006-06-07 22:00:00,13451.0
2006-06-07 23:00:00,11990.0
2006-06-08 00:00:00,10981.0
2006-06-08 01:00:00,10431.0
2006-06-08 02:00:00,10175.0
2006-06-08 03:00:00,10071.0
2006-06-08 04:00:00,10292.0
2006-06-08 05:00:00,11138.0
2006-06-08 06:00:00,13081.0
2006-06-08 07:00:00,14726.0
2006-06-08 08:00:00,15449.0
2006-06-08 09:00:00,15808.0
2006-06-08 10:00:00,16109.0
2006-06-08 11:00:00,16198.0
2006-06-08 12:00:00,16155.0
2006-06-08 13:00:00,16158.0
2006-06-08 14:00:00,16038.0
2006-06-08 15:00:00,15956.0
2006-06-08 16:00:00,15969.0
2006-06-08 17:00:00,15936.0
2006-06-08 18:00:00,15751.0
2006-06-08 19:00:00,15691.0
2006-06-08 20:00:00,15876.0
2006-06-08 21:00:00,15235.0
2006-06-08 22:00:00,13668.0
2006-06-08 23:00:00,12169.0
2006-06-09 00:00:00,11145.0
2006-06-09 01:00:00,10577.0
2006-06-09 02:00:00,10287.0
2006-06-09 03:00:00,10171.0
2006-06-09 04:00:00,10384.0
2006-06-09 05:00:00,11273.0
2006-06-09 06:00:00,13128.0
2006-06-09 07:00:00,14855.0
2006-06-09 08:00:00,15625.0
2006-06-09 09:00:00,16072.0
2006-06-09 10:00:00,16404.0
2006-06-09 11:00:00,16521.0
2006-06-09 12:00:00,16405.0
2006-06-09 13:00:00,16379.0
2006-06-09 14:00:00,16226.0
2006-06-09 15:00:00,16078.0
2006-06-09 16:00:00,16016.0
2006-06-09 17:00:00,15794.0
2006-06-09 18:00:00,15520.0
2006-06-09 19:00:00,15294.0
2006-06-09 20:00:00,15397.0
2006-06-09 21:00:00,14902.0
2006-06-09 22:00:00,13660.0
2006-06-09 23:00:00,12296.0
2006-06-10 00:00:00,11217.0
2006-06-10 01:00:00,10576.0
2006-06-10 02:00:00,10223.0
2006-06-10 03:00:00,10011.0
2006-06-10 04:00:00,10019.0
2006-06-10 05:00:00,10236.0
2006-06-10 06:00:00,10850.0
2006-06-10 07:00:00,12000.0
2006-06-10 08:00:00,13312.0
2006-06-10 09:00:00,14291.0
2006-06-10 10:00:00,14814.0
2006-06-10 11:00:00,14963.0
2006-06-10 12:00:00,14807.0
2006-06-10 13:00:00,14480.0
2006-06-10 14:00:00,14182.0
2006-06-10 15:00:00,13955.0
2006-06-10 16:00:00,13914.0
2006-06-10 17:00:00,13913.0
2006-06-10 18:00:00,13787.0
2006-06-10 19:00:00,13732.0
2006-06-10 20:00:00,14025.0
2006-06-10 21:00:00,13801.0
2006-06-10 22:00:00,12804.0
2006-06-10 23:00:00,11665.0
2006-06-11 00:00:00,10695.0
2006-06-11 01:00:00,10091.0
2006-06-11 02:00:00,9755.0
2006-06-11 03:00:00,9590.0
2006-06-11 04:00:00,9562.0
2006-06-11 05:00:00,9471.0
2006-06-11 06:00:00,9892.0
2006-06-11 07:00:00,10832.0
2006-06-11 08:00:00,12000.0
2006-06-11 09:00:00,12896.0
2006-06-11 10:00:00,13420.0
2006-06-11 11:00:00,13704.0
2006-06-11 12:00:00,13735.0
2006-06-11 13:00:00,13616.0
2006-06-11 14:00:00,13479.0
2006-06-11 15:00:00,13436.0
2006-06-11 16:00:00,13611.0
2006-06-11 17:00:00,13830.0
2006-06-11 18:00:00,13889.0
2006-06-11 19:00:00,13934.0
2006-06-11 20:00:00,14381.0
2006-06-11 21:00:00,14222.0
2006-06-11 22:00:00,12896.0
2006-06-11 23:00:00,11540.0
2006-06-12 00:00:00,10600.0
2006-06-12 01:00:00,10084.0
2006-06-12 02:00:00,9847.0
2006-06-12 03:00:00,9809.0
2006-06-12 04:00:00,10082.0
2006-06-12 05:00:00,10893.0
2006-06-12 06:00:00,12877.0
2006-06-12 07:00:00,14648.0
2006-06-12 08:00:00,15581.0
2006-06-12 09:00:00,16174.0
2006-06-12 10:00:00,16696.0
2006-06-12 11:00:00,17012.0
2006-06-12 12:00:00,17179.0
2006-06-12 13:00:00,17352.0
2006-06-12 14:00:00,17345.0
2006-06-12 15:00:00,17370.0
2006-06-12 16:00:00,17419.0
2006-06-12 17:00:00,17260.0
2006-06-12 18:00:00,16905.0
2006-06-12 19:00:00,16653.0
2006-06-12 20:00:00,16929.0
2006-06-12 21:00:00,16454.0
2006-06-12 22:00:00,14685.0
2006-06-12 23:00:00,12951.0
2006-06-13 00:00:00,11798.0
2006-06-13 01:00:00,11157.0
2006-06-13 02:00:00,10809.0
2006-06-13 03:00:00,10662.0
2006-06-13 04:00:00,10853.0
2006-06-13 05:00:00,11627.0
2006-06-13 06:00:00,13576.0
2006-06-13 07:00:00,15377.0
2006-06-13 08:00:00,16365.0
2006-06-13 09:00:00,17092.0
2006-06-13 10:00:00,17717.0
2006-06-13 11:00:00,18102.0
2006-06-13 12:00:00,18300.0
2006-06-13 13:00:00,18581.0
2006-06-13 14:00:00,18714.0
2006-06-13 15:00:00,18727.0
2006-06-13 16:00:00,18776.0
2006-06-13 17:00:00,18583.0
2006-06-13 18:00:00,18145.0
2006-06-13 19:00:00,17771.0
2006-06-13 20:00:00,17892.0
2006-06-13 21:00:00,17463.0
2006-06-13 22:00:00,15597.0
2006-06-13 23:00:00,13746.0
2006-06-14 00:00:00,12415.0
2006-06-14 01:00:00,11686.0
2006-06-14 02:00:00,11264.0
2006-06-14 03:00:00,11078.0
2006-06-14 04:00:00,11197.0
2006-06-14 05:00:00,11864.0
2006-06-14 06:00:00,13901.0
2006-06-14 07:00:00,15833.0
2006-06-14 08:00:00,16879.0
2006-06-14 09:00:00,17628.0
2006-06-14 10:00:00,18224.0
2006-06-14 11:00:00,18562.0
2006-06-14 12:00:00,18707.0
2006-06-14 13:00:00,18826.0
2006-06-14 14:00:00,18683.0
2006-06-14 15:00:00,18458.0
2006-06-14 16:00:00,18229.0
2006-06-14 17:00:00,17867.0
2006-06-14 18:00:00,17416.0
2006-06-14 19:00:00,17167.0
2006-06-14 20:00:00,17224.0
2006-06-14 21:00:00,16514.0
2006-06-14 22:00:00,14769.0
2006-06-14 23:00:00,13085.0
2006-06-15 00:00:00,11953.0
2006-06-15 01:00:00,11295.0
2006-06-15 02:00:00,10958.0
2006-06-15 03:00:00,10817.0
2006-06-15 04:00:00,11014.0
2006-06-15 05:00:00,11872.0
2006-06-15 06:00:00,13691.0
2006-06-15 07:00:00,15441.0
2006-06-15 08:00:00,16246.0
2006-06-15 09:00:00,16767.0
2006-06-15 10:00:00,17240.0
2006-06-15 11:00:00,17535.0
2006-06-15 12:00:00,17626.0
2006-06-15 13:00:00,17743.0
2006-06-15 14:00:00,17631.0
2006-06-15 15:00:00,17646.0
2006-06-15 16:00:00,17712.0
2006-06-15 17:00:00,17505.0
2006-06-15 18:00:00,17019.0
2006-06-15 19:00:00,16634.0
2006-06-15 20:00:00,16810.0
2006-06-15 21:00:00,16456.0
2006-06-15 22:00:00,14780.0
2006-06-15 23:00:00,13066.0
2006-06-16 00:00:00,11830.0
2006-06-16 01:00:00,11137.0
2006-06-16 02:00:00,10748.0
2006-06-16 03:00:00,10567.0
2006-06-16 04:00:00,10717.0
2006-06-16 05:00:00,11376.0
2006-06-16 06:00:00,13294.0
2006-06-16 07:00:00,15216.0
2006-06-16 08:00:00,16376.0
2006-06-16 09:00:00,17182.0
2006-06-16 10:00:00,17821.0
2006-06-16 11:00:00,18264.0
2006-06-16 12:00:00,18547.0
2006-06-16 13:00:00,18827.0
2006-06-16 14:00:00,18957.0
2006-06-16 15:00:00,18944.0
2006-06-16 16:00:00,18840.0
2006-06-16 17:00:00,18458.0
2006-06-16 18:00:00,17890.0
2006-06-16 19:00:00,17326.0
2006-06-16 20:00:00,17286.0
2006-06-16 21:00:00,16972.0
2006-06-16 22:00:00,15490.0
2006-06-16 23:00:00,13797.0
2006-06-17 00:00:00,12489.0
2006-06-17 01:00:00,11652.0
2006-06-17 02:00:00,11139.0
2006-06-17 03:00:00,10853.0
2006-06-17 04:00:00,10758.0
2006-06-17 05:00:00,10774.0
2006-06-17 06:00:00,11560.0
2006-06-17 07:00:00,13011.0
2006-06-17 08:00:00,14452.0
2006-06-17 09:00:00,15563.0
2006-06-17 10:00:00,16278.0
2006-06-17 11:00:00,16602.0
2006-06-17 12:00:00,16651.0
2006-06-17 13:00:00,16585.0
2006-06-17 14:00:00,16550.0
2006-06-17 15:00:00,16494.0
2006-06-17 16:00:00,16491.0
2006-06-17 17:00:00,16417.0
2006-06-17 18:00:00,16116.0
2006-06-17 19:00:00,15817.0
2006-06-17 20:00:00,15892.0
2006-06-17 21:00:00,15771.0
2006-06-17 22:00:00,14660.0
2006-06-17 23:00:00,13309.0
2006-06-18 00:00:00,12204.0
2006-06-18 01:00:00,11513.0
2006-06-18 02:00:00,11073.0
2006-06-18 03:00:00,10820.0
2006-06-18 04:00:00,10744.0
2006-06-18 05:00:00,10671.0
2006-06-18 06:00:00,11127.0
2006-06-18 07:00:00,12261.0
2006-06-18 08:00:00,13864.0
2006-06-18 09:00:00,15354.0
2006-06-18 10:00:00,16596.0
2006-06-18 11:00:00,17617.0
2006-06-18 12:00:00,18331.0
2006-06-18 13:00:00,18776.0
2006-06-18 14:00:00,19127.0
2006-06-18 15:00:00,19423.0
2006-06-18 16:00:00,19690.0
2006-06-18 17:00:00,19806.0
2006-06-18 18:00:00,19621.0
2006-06-18 19:00:00,19386.0
2006-06-18 20:00:00,19633.0
2006-06-18 21:00:00,19437.0
2006-06-18 22:00:00,17667.0
2006-06-18 23:00:00,15740.0
2006-06-19 00:00:00,14413.0
2006-06-19 01:00:00,13566.0
2006-06-19 02:00:00,13088.0
2006-06-19 03:00:00,12801.0
2006-06-19 04:00:00,12940.0
2006-06-19 05:00:00,13760.0
2006-06-19 06:00:00,15598.0
2006-06-19 07:00:00,17801.0
2006-06-19 08:00:00,19447.0
2006-06-19 09:00:00,20799.0
2006-06-19 10:00:00,22031.0
2006-06-19 11:00:00,22905.0
2006-06-19 12:00:00,23307.0
2006-06-19 13:00:00,23663.0
2006-06-19 14:00:00,23707.0
2006-06-19 15:00:00,23584.0
2006-06-19 16:00:00,23414.0
2006-06-19 17:00:00,22815.0
2006-06-19 18:00:00,22057.0
2006-06-19 19:00:00,21286.0
2006-06-19 20:00:00,21018.0
2006-06-19 21:00:00,20058.0
2006-06-19 22:00:00,17940.0
2006-06-19 23:00:00,15828.0
2006-06-20 00:00:00,14443.0
2006-06-20 01:00:00,13621.0
2006-06-20 02:00:00,13127.0
2006-06-20 03:00:00,12853.0
2006-06-20 04:00:00,12948.0
2006-06-20 05:00:00,13634.0
2006-06-20 06:00:00,15461.0
2006-06-20 07:00:00,17452.0
2006-06-20 08:00:00,18743.0
2006-06-20 09:00:00,19884.0
2006-06-20 10:00:00,20861.0
2006-06-20 11:00:00,21530.0
2006-06-20 12:00:00,21821.0
2006-06-20 13:00:00,22002.0
2006-06-20 14:00:00,21943.0
2006-06-20 15:00:00,21680.0
2006-06-20 16:00:00,21588.0
2006-06-20 17:00:00,21186.0
2006-06-20 18:00:00,20522.0
2006-06-20 19:00:00,20002.0
2006-06-20 20:00:00,19721.0
2006-06-20 21:00:00,18801.0
2006-06-20 22:00:00,16772.0
2006-06-20 23:00:00,14800.0
2006-06-21 00:00:00,13410.0
2006-06-21 01:00:00,12580.0
2006-06-21 02:00:00,12057.0
2006-06-21 03:00:00,11791.0
2006-06-21 04:00:00,11868.0
2006-06-21 05:00:00,12460.0
2006-06-21 06:00:00,14278.0
2006-06-21 07:00:00,16199.0
2006-06-21 08:00:00,17314.0
2006-06-21 09:00:00,18093.0
2006-06-21 10:00:00,18679.0
2006-06-21 11:00:00,19085.0
2006-06-21 12:00:00,19305.0
2006-06-21 13:00:00,19646.0
2006-06-21 14:00:00,19809.0
2006-06-21 15:00:00,19911.0
2006-06-21 16:00:00,19939.0
2006-06-21 17:00:00,19665.0
2006-06-21 18:00:00,19080.0
2006-06-21 19:00:00,18471.0
2006-06-21 20:00:00,18333.0
2006-06-21 21:00:00,17927.0
2006-06-21 22:00:00,16148.0
2006-06-21 23:00:00,14241.0
2006-06-22 00:00:00,12962.0
2006-06-22 01:00:00,12168.0
2006-06-22 02:00:00,11678.0
2006-06-22 03:00:00,11462.0
2006-06-22 04:00:00,11610.0
2006-06-22 05:00:00,12300.0
2006-06-22 06:00:00,14082.0
2006-06-22 07:00:00,16074.0
2006-06-22 08:00:00,17383.0
2006-06-22 09:00:00,18451.0
2006-06-22 10:00:00,19282.0
2006-06-22 11:00:00,19774.0
2006-06-22 12:00:00,20068.0
2006-06-22 13:00:00,20329.0
2006-06-22 14:00:00,20488.0
2006-06-22 15:00:00,20546.0
2006-06-22 16:00:00,20779.0
2006-06-22 17:00:00,20634.0
2006-06-22 18:00:00,20153.0
2006-06-22 19:00:00,19684.0
2006-06-22 20:00:00,19727.0
2006-06-22 21:00:00,19351.0
2006-06-22 22:00:00,17536.0
2006-06-22 23:00:00,15602.0
2006-06-23 00:00:00,14196.0
2006-06-23 01:00:00,13360.0
2006-06-23 02:00:00,12853.0
2006-06-23 03:00:00,12611.0
2006-06-23 04:00:00,12720.0
2006-06-23 05:00:00,13408.0
2006-06-23 06:00:00,15108.0
2006-06-23 07:00:00,16992.0
2006-06-23 08:00:00,18321.0
2006-06-23 09:00:00,19407.0
2006-06-23 10:00:00,20367.0
2006-06-23 11:00:00,21082.0
2006-06-23 12:00:00,21457.0
2006-06-23 13:00:00,21787.0
2006-06-23 14:00:00,21708.0
2006-06-23 15:00:00,21328.0
2006-06-23 16:00:00,20773.0
2006-06-23 17:00:00,20079.0
2006-06-23 18:00:00,19374.0
2006-06-23 19:00:00,18854.0
2006-06-23 20:00:00,18741.0
2006-06-23 21:00:00,18210.0
2006-06-23 22:00:00,16793.0
2006-06-23 23:00:00,15118.0
2006-06-24 00:00:00,13885.0
2006-06-24 01:00:00,13058.0
2006-06-24 02:00:00,12521.0
2006-06-24 03:00:00,12227.0
2006-06-24 04:00:00,12151.0
2006-06-24 05:00:00,12339.0
2006-06-24 06:00:00,12935.0
2006-06-24 07:00:00,14002.0
2006-06-24 08:00:00,15313.0
2006-06-24 09:00:00,16469.0
2006-06-24 10:00:00,17125.0
2006-06-24 11:00:00,17327.0
2006-06-24 12:00:00,17184.0
2006-06-24 13:00:00,16890.0
2006-06-24 14:00:00,16552.0
2006-06-24 15:00:00,16338.0
2006-06-24 16:00:00,16258.0
2006-06-24 17:00:00,16250.0
2006-06-24 18:00:00,16126.0
2006-06-24 19:00:00,15940.0
2006-06-24 20:00:00,16088.0
2006-06-24 21:00:00,15876.0
2006-06-24 22:00:00,14794.0
2006-06-24 23:00:00,13600.0
2006-06-25 00:00:00,12540.0
2006-06-25 01:00:00,11839.0
2006-06-25 02:00:00,11393.0
2006-06-25 03:00:00,11156.0
2006-06-25 04:00:00,11065.0
2006-06-25 05:00:00,11092.0
2006-06-25 06:00:00,11396.0
2006-06-25 07:00:00,12285.0
2006-06-25 08:00:00,13449.0
2006-06-25 09:00:00,14570.0
2006-06-25 10:00:00,15333.0
2006-06-25 11:00:00,15764.0
2006-06-25 12:00:00,15917.0
2006-06-25 13:00:00,15836.0
2006-06-25 14:00:00,15657.0
2006-06-25 15:00:00,15565.0
2006-06-25 16:00:00,15646.0
2006-06-25 17:00:00,15849.0
2006-06-25 18:00:00,15896.0
2006-06-25 19:00:00,15908.0
2006-06-25 20:00:00,16098.0
2006-06-25 21:00:00,15716.0
2006-06-25 22:00:00,14514.0
2006-06-25 23:00:00,13201.0
2006-06-26 00:00:00,12257.0
2006-06-26 01:00:00,11682.0
2006-06-26 02:00:00,11407.0
2006-06-26 03:00:00,11346.0
2006-06-26 04:00:00,11660.0
2006-06-26 05:00:00,12527.0
2006-06-26 06:00:00,14254.0
2006-06-26 07:00:00,16138.0
2006-06-26 08:00:00,17423.0
2006-06-26 09:00:00,18441.0
2006-06-26 10:00:00,19308.0
2006-06-26 11:00:00,19813.0
2006-06-26 12:00:00,20024.0
2006-06-26 13:00:00,20235.0
2006-06-26 14:00:00,20252.0
2006-06-26 15:00:00,20180.0
2006-06-26 16:00:00,20120.0
2006-06-26 17:00:00,19880.0
2006-06-26 18:00:00,19437.0
2006-06-26 19:00:00,18981.0
2006-06-26 20:00:00,18914.0
2006-06-26 21:00:00,18460.0
2006-06-26 22:00:00,16798.0
2006-06-26 23:00:00,15040.0
2006-06-27 00:00:00,13823.0
2006-06-27 01:00:00,13095.0
2006-06-27 02:00:00,12692.0
2006-06-27 03:00:00,12527.0
2006-06-27 04:00:00,12723.0
2006-06-27 05:00:00,13500.0
2006-06-27 06:00:00,15250.0
2006-06-27 07:00:00,17248.0
2006-06-27 08:00:00,18643.0
2006-06-27 09:00:00,19739.0
2006-06-27 10:00:00,20631.0
2006-06-27 11:00:00,21161.0
2006-06-27 12:00:00,21433.0
2006-06-27 13:00:00,21738.0
2006-06-27 14:00:00,21827.0
2006-06-27 15:00:00,21784.0
2006-06-27 16:00:00,21667.0
2006-06-27 17:00:00,21221.0
2006-06-27 18:00:00,20502.0
2006-06-27 19:00:00,19822.0
2006-06-27 20:00:00,19690.0
2006-06-27 21:00:00,19326.0
2006-06-27 22:00:00,17524.0
2006-06-27 23:00:00,15649.0
2006-06-28 00:00:00,14251.0
2006-06-28 01:00:00,13449.0
2006-06-28 02:00:00,13001.0
2006-06-28 03:00:00,12794.0
2006-06-28 04:00:00,12933.0
2006-06-28 05:00:00,13605.0
2006-06-28 06:00:00,15340.0
2006-06-28 07:00:00,17256.0
2006-06-28 08:00:00,18457.0
2006-06-28 09:00:00,19126.0
2006-06-28 10:00:00,19640.0
2006-06-28 11:00:00,19756.0
2006-06-28 12:00:00,19686.0
2006-06-28 13:00:00,19716.0
2006-06-28 14:00:00,19707.0
2006-06-28 15:00:00,19744.0
2006-06-28 16:00:00,19905.0
2006-06-28 17:00:00,19859.0
2006-06-28 18:00:00,19487.0
2006-06-28 19:00:00,19159.0
2006-06-28 20:00:00,19140.0
2006-06-28 21:00:00,18697.0
2006-06-28 22:00:00,17035.0
2006-06-28 23:00:00,15258.0
2006-06-29 00:00:00,13933.0
2006-06-29 01:00:00,13166.0
2006-06-29 02:00:00,12737.0
2006-06-29 03:00:00,12542.0
2006-06-29 04:00:00,12720.0
2006-06-29 05:00:00,13512.0
2006-06-29 06:00:00,15158.0
2006-06-29 07:00:00,16960.0
2006-06-29 08:00:00,18177.0
2006-06-29 09:00:00,18993.0
2006-06-29 10:00:00,19726.0
2006-06-29 11:00:00,20197.0
2006-06-29 12:00:00,20429.0
2006-06-29 13:00:00,20670.0
2006-06-29 14:00:00,20726.0
2006-06-29 15:00:00,20623.0
2006-06-29 16:00:00,20417.0
2006-06-29 17:00:00,20120.0
2006-06-29 18:00:00,19607.0
2006-06-29 19:00:00,19205.0
2006-06-29 20:00:00,19210.0
2006-06-29 21:00:00,18663.0
2006-06-29 22:00:00,16980.0
2006-06-29 23:00:00,15165.0
2006-06-30 00:00:00,13806.0
2006-06-30 01:00:00,12977.0
2006-06-30 02:00:00,12447.0
2006-06-30 03:00:00,12168.0
2006-06-30 04:00:00,12224.0
2006-06-30 05:00:00,12909.0
2006-06-30 06:00:00,14362.0
2006-06-30 07:00:00,16084.0
2006-06-30 08:00:00,17355.0
2006-06-30 09:00:00,18352.0
2006-06-30 10:00:00,19096.0
2006-06-30 11:00:00,19496.0
2006-06-30 12:00:00,19584.0
2006-06-30 13:00:00,19722.0
2006-06-30 14:00:00,19710.0
2006-06-30 15:00:00,19607.0
2006-06-30 16:00:00,19474.0
2006-06-30 17:00:00,19139.0
2006-06-30 18:00:00,18427.0
2006-06-30 19:00:00,17710.0
2006-06-30 20:00:00,17440.0
2006-06-30 21:00:00,17090.0
2006-06-30 22:00:00,15719.0
2006-06-30 23:00:00,14056.0
2006-07-01 00:00:00,12742.0
2006-07-01 01:00:00,11878.0
2006-07-01 02:00:00,11321.0
2006-07-01 03:00:00,10985.0
2006-07-01 04:00:00,10859.0
2006-07-01 05:00:00,10814.0
2006-07-01 06:00:00,11428.0
2006-07-01 07:00:00,12708.0
2006-07-01 08:00:00,14222.0
2006-07-01 09:00:00,15433.0
2006-07-01 10:00:00,16246.0
2006-07-01 11:00:00,16705.0
2006-07-01 12:00:00,16946.0
2006-07-01 13:00:00,17038.0
2006-07-01 14:00:00,17168.0
2006-07-01 15:00:00,17280.0
2006-07-01 16:00:00,17339.0
2006-07-01 17:00:00,17296.0
2006-07-01 18:00:00,16992.0
2006-07-01 19:00:00,16591.0
2006-07-01 20:00:00,16619.0
2006-07-01 21:00:00,16470.0
2006-07-01 22:00:00,15384.0
2006-07-01 23:00:00,14117.0
2006-07-02 00:00:00,12990.0
2006-07-02 01:00:00,12205.0
2006-07-02 02:00:00,11727.0
2006-07-02 03:00:00,11415.0
2006-07-02 04:00:00,11290.0
2006-07-02 05:00:00,11182.0
2006-07-02 06:00:00,11530.0
2006-07-02 07:00:00,12561.0
2006-07-02 08:00:00,13940.0
2006-07-02 09:00:00,15193.0
2006-07-02 10:00:00,16165.0
2006-07-02 11:00:00,16923.0
2006-07-02 12:00:00,17512.0
2006-07-02 13:00:00,17786.0
2006-07-02 14:00:00,18024.0
2006-07-02 15:00:00,18140.0
2006-07-02 16:00:00,18376.0
2006-07-02 17:00:00,18638.0
2006-07-02 18:00:00,18481.0
2006-07-02 19:00:00,18264.0
2006-07-02 20:00:00,18452.0
2006-07-02 21:00:00,18263.0
2006-07-02 22:00:00,17096.0
2006-07-02 23:00:00,15591.0
2006-07-03 00:00:00,14372.0
2006-07-03 01:00:00,13547.0
2006-07-03 02:00:00,13025.0
2006-07-03 03:00:00,12729.0
2006-07-03 04:00:00,12705.0
2006-07-03 05:00:00,12968.0
2006-07-03 06:00:00,13920.0
2006-07-03 07:00:00,15392.0
2006-07-03 08:00:00,16864.0
2006-07-03 09:00:00,18167.0
2006-07-03 10:00:00,19129.0
2006-07-03 11:00:00,19698.0
2006-07-03 12:00:00,20106.0
2006-07-03 13:00:00,20366.0
2006-07-03 14:00:00,20536.0
2006-07-03 15:00:00,20594.0
2006-07-03 16:00:00,20610.0
2006-07-03 17:00:00,20392.0
2006-07-03 18:00:00,19672.0
2006-07-03 19:00:00,18862.0
2006-07-03 20:00:00,18562.0
2006-07-03 21:00:00,18005.0
2006-07-03 22:00:00,16679.0
2006-07-03 23:00:00,15205.0
2006-07-04 00:00:00,13855.0
2006-07-04 01:00:00,13012.0
2006-07-04 02:00:00,12465.0
2006-07-04 03:00:00,12159.0
2006-07-04 04:00:00,12058.0
2006-07-04 05:00:00,12086.0
2006-07-04 06:00:00,12572.0
2006-07-04 07:00:00,13596.0
2006-07-04 08:00:00,15163.0
2006-07-04 09:00:00,16779.0
2006-07-04 10:00:00,18029.0
2006-07-04 11:00:00,18880.0
2006-07-04 12:00:00,19169.0
2006-07-04 13:00:00,19138.0
2006-07-04 14:00:00,18762.0
2006-07-04 15:00:00,18523.0
2006-07-04 16:00:00,18478.0
2006-07-04 17:00:00,18414.0
2006-07-04 18:00:00,18118.0
2006-07-04 19:00:00,17838.0
2006-07-04 20:00:00,17881.0
2006-07-04 21:00:00,17508.0
2006-07-04 22:00:00,16433.0
2006-07-04 23:00:00,15108.0
2006-07-05 00:00:00,13931.0
2006-07-05 01:00:00,13161.0
2006-07-05 02:00:00,12728.0
2006-07-05 03:00:00,12530.0
2006-07-05 04:00:00,12664.0
2006-07-05 05:00:00,13313.0
2006-07-05 06:00:00,14898.0
2006-07-05 07:00:00,16796.0
2006-07-05 08:00:00,18127.0
2006-07-05 09:00:00,19029.0
2006-07-05 10:00:00,19615.0
2006-07-05 11:00:00,19820.0
2006-07-05 12:00:00,19793.0
2006-07-05 13:00:00,19747.0
2006-07-05 14:00:00,19779.0
2006-07-05 15:00:00,19804.0
2006-07-05 16:00:00,19828.0
2006-07-05 17:00:00,19632.0
2006-07-05 18:00:00,19069.0
2006-07-05 19:00:00,18571.0
2006-07-05 20:00:00,18519.0
2006-07-05 21:00:00,18091.0
2006-07-05 22:00:00,16418.0
2006-07-05 23:00:00,14640.0
2006-07-06 00:00:00,13400.0
2006-07-06 01:00:00,12649.0
2006-07-06 02:00:00,12208.0
2006-07-06 03:00:00,11962.0
2006-07-06 04:00:00,12012.0
2006-07-06 05:00:00,12644.0
2006-07-06 06:00:00,14010.0
2006-07-06 07:00:00,15561.0
2006-07-06 08:00:00,16584.0
2006-07-06 09:00:00,17282.0
2006-07-06 10:00:00,17853.0
2006-07-06 11:00:00,18224.0
2006-07-06 12:00:00,18478.0
2006-07-06 13:00:00,18736.0
2006-07-06 14:00:00,18798.0
2006-07-06 15:00:00,18726.0
2006-07-06 16:00:00,18664.0
2006-07-06 17:00:00,18375.0
2006-07-06 18:00:00,17941.0
2006-07-06 19:00:00,17449.0
2006-07-06 20:00:00,17376.0
2006-07-06 21:00:00,17068.0
2006-07-06 22:00:00,15470.0
2006-07-06 23:00:00,13735.0
2006-07-07 00:00:00,12387.0
2006-07-07 01:00:00,11642.0
2006-07-07 02:00:00,11208.0
2006-07-07 03:00:00,10965.0
2006-07-07 04:00:00,11067.0
2006-07-07 05:00:00,11581.0
2006-07-07 06:00:00,13027.0
2006-07-07 07:00:00,14865.0
2006-07-07 08:00:00,16251.0
2006-07-07 09:00:00,17199.0
2006-07-07 10:00:00,17925.0
2006-07-07 11:00:00,18363.0
2006-07-07 12:00:00,18628.0
2006-07-07 13:00:00,18927.0
2006-07-07 14:00:00,19085.0
2006-07-07 15:00:00,19102.0
2006-07-07 16:00:00,19093.0
2006-07-07 17:00:00,18899.0
2006-07-07 18:00:00,18365.0
2006-07-07 19:00:00,17778.0
2006-07-07 20:00:00,17721.0
2006-07-07 21:00:00,17382.0
2006-07-07 22:00:00,16005.0
2006-07-07 23:00:00,14426.0
2006-07-08 00:00:00,13065.0
2006-07-08 01:00:00,12242.0
2006-07-08 02:00:00,11690.0
2006-07-08 03:00:00,11368.0
2006-07-08 04:00:00,11257.0
2006-07-08 05:00:00,11325.0
2006-07-08 06:00:00,11871.0
2006-07-08 07:00:00,13038.0
2006-07-08 08:00:00,14521.0
2006-07-08 09:00:00,15821.0
2006-07-08 10:00:00,16765.0
2006-07-08 11:00:00,17302.0
2006-07-08 12:00:00,17550.0
2006-07-08 13:00:00,17626.0
2006-07-08 14:00:00,17630.0
2006-07-08 15:00:00,17706.0
2006-07-08 16:00:00,17783.0
2006-07-08 17:00:00,17774.0
2006-07-08 18:00:00,17379.0
2006-07-08 19:00:00,16890.0
2006-07-08 20:00:00,16845.0
2006-07-08 21:00:00,16571.0
2006-07-08 22:00:00,15362.0
2006-07-08 23:00:00,13963.0
2006-07-09 00:00:00,12817.0
2006-07-09 01:00:00,12003.0
2006-07-09 02:00:00,11514.0
2006-07-09 03:00:00,11226.0
2006-07-09 04:00:00,11122.0
2006-07-09 05:00:00,11044.0
2006-07-09 06:00:00,11381.0
2006-07-09 07:00:00,12422.0
2006-07-09 08:00:00,13863.0
2006-07-09 09:00:00,15259.0
2006-07-09 10:00:00,16460.0
2006-07-09 11:00:00,17382.0
2006-07-09 12:00:00,18002.0
2006-07-09 13:00:00,18333.0
2006-07-09 14:00:00,18440.0
2006-07-09 15:00:00,18581.0
2006-07-09 16:00:00,18726.0
2006-07-09 17:00:00,18884.0
2006-07-09 18:00:00,18607.0
2006-07-09 19:00:00,18120.0
2006-07-09 20:00:00,18123.0
2006-07-09 21:00:00,17836.0
2006-07-09 22:00:00,16278.0
2006-07-09 23:00:00,14640.0
2006-07-10 00:00:00,13377.0
2006-07-10 01:00:00,12647.0
2006-07-10 02:00:00,12237.0
2006-07-10 03:00:00,12003.0
2006-07-10 04:00:00,12189.0
2006-07-10 05:00:00,12852.0
2006-07-10 06:00:00,14483.0
2006-07-10 07:00:00,16443.0
2006-07-10 08:00:00,17825.0
2006-07-10 09:00:00,18868.0
2006-07-10 10:00:00,19800.0
2006-07-10 11:00:00,20520.0
2006-07-10 12:00:00,20983.0
2006-07-10 13:00:00,21442.0
2006-07-10 14:00:00,21672.0
2006-07-10 15:00:00,21726.0
2006-07-10 16:00:00,21776.0
2006-07-10 17:00:00,21558.0
2006-07-10 18:00:00,20978.0
2006-07-10 19:00:00,20276.0
2006-07-10 20:00:00,20169.0
2006-07-10 21:00:00,19601.0
2006-07-10 22:00:00,17752.0
2006-07-10 23:00:00,15765.0
2006-07-11 00:00:00,14333.0
2006-07-11 01:00:00,13520.0
2006-07-11 02:00:00,13023.0
2006-07-11 03:00:00,12763.0
2006-07-11 04:00:00,12889.0
2006-07-11 05:00:00,13572.0
2006-07-11 06:00:00,15241.0
2006-07-11 07:00:00,17192.0
2006-07-11 08:00:00,18557.0
2006-07-11 09:00:00,19631.0
2006-07-11 10:00:00,20518.0
2006-07-11 11:00:00,21166.0
2006-07-11 12:00:00,21662.0
2006-07-11 13:00:00,22038.0
2006-07-11 14:00:00,21709.0
2006-07-11 15:00:00,21225.0
2006-07-11 16:00:00,21073.0
2006-07-11 17:00:00,21009.0
2006-07-11 18:00:00,20622.0
2006-07-11 19:00:00,20149.0
2006-07-11 20:00:00,20123.0
2006-07-11 21:00:00,19594.0
2006-07-11 22:00:00,17782.0
2006-07-11 23:00:00,15888.0
2006-07-12 00:00:00,14476.0
2006-07-12 01:00:00,13615.0
2006-07-12 02:00:00,13155.0
2006-07-12 03:00:00,12909.0
2006-07-12 04:00:00,13012.0
2006-07-12 05:00:00,13759.0
2006-07-12 06:00:00,15445.0
2006-07-12 07:00:00,17281.0
2006-07-12 08:00:00,18586.0
2006-07-12 09:00:00,19584.0
2006-07-12 10:00:00,20385.0
2006-07-12 11:00:00,20933.0
2006-07-12 12:00:00,21068.0
2006-07-12 13:00:00,21041.0
2006-07-12 14:00:00,20843.0
2006-07-12 15:00:00,20570.0
2006-07-12 16:00:00,20339.0
2006-07-12 17:00:00,20169.0
2006-07-12 18:00:00,19881.0
2006-07-12 19:00:00,19604.0
2006-07-12 20:00:00,19559.0
2006-07-12 21:00:00,18790.0
2006-07-12 22:00:00,17208.0
2006-07-12 23:00:00,15597.0
2006-07-13 00:00:00,14346.0
2006-07-13 01:00:00,13658.0
2006-07-13 02:00:00,13254.0
2006-07-13 03:00:00,13079.0
2006-07-13 04:00:00,13233.0
2006-07-13 05:00:00,14066.0
2006-07-13 06:00:00,15739.0
2006-07-13 07:00:00,17535.0
2006-07-13 08:00:00,18678.0
2006-07-13 09:00:00,19375.0
2006-07-13 10:00:00,19918.0
2006-07-13 11:00:00,20173.0
2006-07-13 12:00:00,20171.0
2006-07-13 13:00:00,20190.0
2006-07-13 14:00:00,20039.0
2006-07-13 15:00:00,19763.0
2006-07-13 16:00:00,19607.0
2006-07-13 17:00:00,19416.0
2006-07-13 18:00:00,19019.0
2006-07-13 19:00:00,18579.0
2006-07-13 20:00:00,18549.0
2006-07-13 21:00:00,18250.0
2006-07-13 22:00:00,16656.0
2006-07-13 23:00:00,14844.0
2006-07-14 00:00:00,13475.0
2006-07-14 01:00:00,12657.0
2006-07-14 02:00:00,12221.0
2006-07-14 03:00:00,11982.0
2006-07-14 04:00:00,12084.0
2006-07-14 05:00:00,12729.0
2006-07-14 06:00:00,14409.0
2006-07-14 07:00:00,16491.0
2006-07-14 08:00:00,18232.0
2006-07-14 09:00:00,19659.0
2006-07-14 10:00:00,20897.0
2006-07-14 11:00:00,21785.0
2006-07-14 12:00:00,22335.0
2006-07-14 13:00:00,22926.0
2006-07-14 14:00:00,23267.0
2006-07-14 15:00:00,23438.0
2006-07-14 16:00:00,23507.0
2006-07-14 17:00:00,23228.0
2006-07-14 18:00:00,22525.0
2006-07-14 19:00:00,21653.0
2006-07-14 20:00:00,21325.0
2006-07-14 21:00:00,20793.0
2006-07-14 22:00:00,19040.0
2006-07-14 23:00:00,17082.0
2006-07-15 00:00:00,15481.0
2006-07-15 01:00:00,14478.0
2006-07-15 02:00:00,13757.0
2006-07-15 03:00:00,13281.0
2006-07-15 04:00:00,13055.0
2006-07-15 05:00:00,13033.0
2006-07-15 06:00:00,13730.0
2006-07-15 07:00:00,15186.0
2006-07-15 08:00:00,16928.0
2006-07-15 09:00:00,18427.0
2006-07-15 10:00:00,19545.0
2006-07-15 11:00:00,20276.0
2006-07-15 12:00:00,20600.0
2006-07-15 13:00:00,20662.0
2006-07-15 14:00:00,20389.0
2006-07-15 15:00:00,20143.0
2006-07-15 16:00:00,19887.0
2006-07-15 17:00:00,19593.0
2006-07-15 18:00:00,19235.0
2006-07-15 19:00:00,18808.0
2006-07-15 20:00:00,18778.0
2006-07-15 21:00:00,18531.0
2006-07-15 22:00:00,17226.0
2006-07-15 23:00:00,15734.0
2006-07-16 00:00:00,14486.0
2006-07-16 01:00:00,13694.0
2006-07-16 02:00:00,13142.0
2006-07-16 03:00:00,12771.0
2006-07-16 04:00:00,12624.0
2006-07-16 05:00:00,12513.0
2006-07-16 06:00:00,12924.0
2006-07-16 07:00:00,14220.0
2006-07-16 08:00:00,16026.0
2006-07-16 09:00:00,17759.0
2006-07-16 10:00:00,19144.0
2006-07-16 11:00:00,20095.0
2006-07-16 12:00:00,20717.0
2006-07-16 13:00:00,21039.0
2006-07-16 14:00:00,21295.0
2006-07-16 15:00:00,21558.0
2006-07-16 16:00:00,21847.0
2006-07-16 17:00:00,21983.0
2006-07-16 18:00:00,21729.0
2006-07-16 19:00:00,21186.0
2006-07-16 20:00:00,21156.0
2006-07-16 21:00:00,20763.0
2006-07-16 22:00:00,19009.0
2006-07-16 23:00:00,17116.0
2006-07-17 00:00:00,15673.0
2006-07-17 01:00:00,14826.0
2006-07-17 02:00:00,14264.0
2006-07-17 03:00:00,13927.0
2006-07-17 04:00:00,14020.0
2006-07-17 05:00:00,14614.0
2006-07-17 06:00:00,16308.0
2006-07-17 07:00:00,18647.0
2006-07-17 08:00:00,20576.0
2006-07-17 09:00:00,22202.0
2006-07-17 10:00:00,23651.0
2006-07-17 11:00:00,24600.0
2006-07-17 12:00:00,25154.0
2006-07-17 13:00:00,25730.0
2006-07-17 14:00:00,25989.0
2006-07-17 15:00:00,26134.0
2006-07-17 16:00:00,26210.0
2006-07-17 17:00:00,26015.0
2006-07-17 18:00:00,25508.0
2006-07-17 19:00:00,24812.0
2006-07-17 20:00:00,24598.0
2006-07-17 21:00:00,23802.0
2006-07-17 22:00:00,21514.0
2006-07-17 23:00:00,19181.0
2006-07-18 00:00:00,17529.0
2006-07-18 01:00:00,16476.0
2006-07-18 02:00:00,15802.0
2006-07-18 03:00:00,15417.0
2006-07-18 04:00:00,15395.0
2006-07-18 05:00:00,16013.0
2006-07-18 06:00:00,17690.0
2006-07-18 07:00:00,19961.0
2006-07-18 08:00:00,21813.0
2006-07-18 09:00:00,23359.0
2006-07-18 10:00:00,24735.0
2006-07-18 11:00:00,25649.0
2006-07-18 12:00:00,26175.0
2006-07-18 13:00:00,26642.0
2006-07-18 14:00:00,26765.0
2006-07-18 15:00:00,26675.0
2006-07-18 16:00:00,26575.0
2006-07-18 17:00:00,26196.0
2006-07-18 18:00:00,25500.0
2006-07-18 19:00:00,24655.0
2006-07-18 20:00:00,24092.0
2006-07-18 21:00:00,22929.0
2006-07-18 22:00:00,20335.0
2006-07-18 23:00:00,17989.0
2006-07-19 00:00:00,16300.0
2006-07-19 01:00:00,15367.0
2006-07-19 02:00:00,14840.0
2006-07-19 03:00:00,14507.0
2006-07-19 04:00:00,14519.0
2006-07-19 05:00:00,15129.0
2006-07-19 06:00:00,16592.0
2006-07-19 07:00:00,18333.0
2006-07-19 08:00:00,19506.0
2006-07-19 09:00:00,20359.0
2006-07-19 10:00:00,21090.0
2006-07-19 11:00:00,21639.0
2006-07-19 12:00:00,21951.0
2006-07-19 13:00:00,22290.0
2006-07-19 14:00:00,22440.0
2006-07-19 15:00:00,22473.0
2006-07-19 16:00:00,22423.0
2006-07-19 17:00:00,22003.0
2006-07-19 18:00:00,21195.0
2006-07-19 19:00:00,20330.0
2006-07-19 20:00:00,20090.0
2006-07-19 21:00:00,19525.0
2006-07-19 22:00:00,17592.0
2006-07-19 23:00:00,15637.0
2006-07-20 00:00:00,14233.0
2006-07-20 01:00:00,13394.0
2006-07-20 02:00:00,12888.0
2006-07-20 03:00:00,12634.0
2006-07-20 04:00:00,12698.0
2006-07-20 05:00:00,13375.0
2006-07-20 06:00:00,14874.0
2006-07-20 07:00:00,16611.0
2006-07-20 08:00:00,17829.0
2006-07-20 09:00:00,18598.0
2006-07-20 10:00:00,19196.0
2006-07-20 11:00:00,19687.0
2006-07-20 12:00:00,19967.0
2006-07-20 13:00:00,20430.0
2006-07-20 14:00:00,20637.0
2006-07-20 15:00:00,20663.0
2006-07-20 16:00:00,20584.0
2006-07-20 17:00:00,20305.0
2006-07-20 18:00:00,19825.0
2006-07-20 19:00:00,19475.0
2006-07-20 20:00:00,19644.0
2006-07-20 21:00:00,19112.0
2006-07-20 22:00:00,17500.0
2006-07-20 23:00:00,15797.0
2006-07-21 00:00:00,14477.0
2006-07-21 01:00:00,13694.0
2006-07-21 02:00:00,13286.0
2006-07-21 03:00:00,13107.0
2006-07-21 04:00:00,13255.0
2006-07-21 05:00:00,13999.0
2006-07-21 06:00:00,15513.0
2006-07-21 07:00:00,17361.0
2006-07-21 08:00:00,18742.0
2006-07-21 09:00:00,19771.0
2006-07-21 10:00:00,20791.0
2006-07-21 11:00:00,21607.0
2006-07-21 12:00:00,22161.0
2006-07-21 13:00:00,22651.0
2006-07-21 14:00:00,22910.0
2006-07-21 15:00:00,22921.0
2006-07-21 16:00:00,22812.0
2006-07-21 17:00:00,22324.0
2006-07-21 18:00:00,21297.0
2006-07-21 19:00:00,20578.0
2006-07-21 20:00:00,20371.0
2006-07-21 21:00:00,19685.0
2006-07-21 22:00:00,18113.0
2006-07-21 23:00:00,16433.0
2006-07-22 00:00:00,15100.0
2006-07-22 01:00:00,14238.0
2006-07-22 02:00:00,13676.0
2006-07-22 03:00:00,13375.0
2006-07-22 04:00:00,13277.0
2006-07-22 05:00:00,13456.0
2006-07-22 06:00:00,14065.0
2006-07-22 07:00:00,15171.0
2006-07-22 08:00:00,16561.0
2006-07-22 09:00:00,17675.0
2006-07-22 10:00:00,18397.0
2006-07-22 11:00:00,18739.0
2006-07-22 12:00:00,18803.0
2006-07-22 13:00:00,18617.0
2006-07-22 14:00:00,18329.0
2006-07-22 15:00:00,18132.0
2006-07-22 16:00:00,18122.0
2006-07-22 17:00:00,18160.0
2006-07-22 18:00:00,18082.0
2006-07-22 19:00:00,18003.0
2006-07-22 20:00:00,18132.0
2006-07-22 21:00:00,17726.0
2006-07-22 22:00:00,16657.0
2006-07-22 23:00:00,15423.0
2006-07-23 00:00:00,14322.0
2006-07-23 01:00:00,13594.0
2006-07-23 02:00:00,13133.0
2006-07-23 03:00:00,12810.0
2006-07-23 04:00:00,12625.0
2006-07-23 05:00:00,12588.0
2006-07-23 06:00:00,12753.0
2006-07-23 07:00:00,13485.0
2006-07-23 08:00:00,14620.0
2006-07-23 09:00:00,15682.0
2006-07-23 10:00:00,16505.0
2006-07-23 11:00:00,16999.0
2006-07-23 12:00:00,17168.0
2006-07-23 13:00:00,17075.0
2006-07-23 14:00:00,16897.0
2006-07-23 15:00:00,16824.0
2006-07-23 16:00:00,16904.0
2006-07-23 17:00:00,17043.0
2006-07-23 18:00:00,16929.0
2006-07-23 19:00:00,16675.0
2006-07-23 20:00:00,16895.0
2006-07-23 21:00:00,16631.0
2006-07-23 22:00:00,15283.0
2006-07-23 23:00:00,13795.0
2006-07-24 00:00:00,12618.0
2006-07-24 01:00:00,11943.0
2006-07-24 02:00:00,11554.0
2006-07-24 03:00:00,11359.0
2006-07-24 04:00:00,11547.0
2006-07-24 05:00:00,12198.0
2006-07-24 06:00:00,13628.0
2006-07-24 07:00:00,15617.0
2006-07-24 08:00:00,17078.0
2006-07-24 09:00:00,18131.0
2006-07-24 10:00:00,19003.0
2006-07-24 11:00:00,19547.0
2006-07-24 12:00:00,19879.0
2006-07-24 13:00:00,20300.0
2006-07-24 14:00:00,20510.0
2006-07-24 15:00:00,20660.0
2006-07-24 16:00:00,20752.0
2006-07-24 17:00:00,20618.0
2006-07-24 18:00:00,20104.0
2006-07-24 19:00:00,19451.0
2006-07-24 20:00:00,19419.0
2006-07-24 21:00:00,18860.0
2006-07-24 22:00:00,17043.0
2006-07-24 23:00:00,15142.0
2006-07-25 00:00:00,13811.0
2006-07-25 01:00:00,12990.0
2006-07-25 02:00:00,12511.0
2006-07-25 03:00:00,12297.0
2006-07-25 04:00:00,12455.0
2006-07-25 05:00:00,13150.0
2006-07-25 06:00:00,14715.0
2006-07-25 07:00:00,16743.0
2006-07-25 08:00:00,18238.0
2006-07-25 09:00:00,19482.0
2006-07-25 10:00:00,20620.0
2006-07-25 11:00:00,21378.0
2006-07-25 12:00:00,21821.0
2006-07-25 13:00:00,22276.0
2006-07-25 14:00:00,22501.0
2006-07-25 15:00:00,22589.0
2006-07-25 16:00:00,22501.0
2006-07-25 17:00:00,22048.0
2006-07-25 18:00:00,21306.0
2006-07-25 19:00:00,20586.0
2006-07-25 20:00:00,20539.0
2006-07-25 21:00:00,19799.0
2006-07-25 22:00:00,17905.0
2006-07-25 23:00:00,15972.0
2006-07-26 00:00:00,14623.0
2006-07-26 01:00:00,13727.0
2006-07-26 02:00:00,13252.0
2006-07-26 03:00:00,13025.0
2006-07-26 04:00:00,13139.0
2006-07-26 05:00:00,13840.0
2006-07-26 06:00:00,15383.0
2006-07-26 07:00:00,17375.0
2006-07-26 08:00:00,18929.0
2006-07-26 09:00:00,20245.0
2006-07-26 10:00:00,21472.0
2006-07-26 11:00:00,22396.0
2006-07-26 12:00:00,23038.0
2006-07-26 13:00:00,23563.0
2006-07-26 14:00:00,23764.0
2006-07-26 15:00:00,23862.0
2006-07-26 16:00:00,23841.0
2006-07-26 17:00:00,23537.0
2006-07-26 18:00:00,22825.0
2006-07-26 19:00:00,21989.0
2006-07-26 20:00:00,21870.0
2006-07-26 21:00:00,21042.0
2006-07-26 22:00:00,18972.0
2006-07-26 23:00:00,16933.0
2006-07-27 00:00:00,15439.0
2006-07-27 01:00:00,14567.0
2006-07-27 02:00:00,14051.0
2006-07-27 03:00:00,13768.0
2006-07-27 04:00:00,13833.0
2006-07-27 05:00:00,14571.0
2006-07-27 06:00:00,16212.0
2006-07-27 07:00:00,18197.0
2006-07-27 08:00:00,19805.0
2006-07-27 09:00:00,21222.0
2006-07-27 10:00:00,22529.0
2006-07-27 11:00:00,23478.0
2006-07-27 12:00:00,24059.0
2006-07-27 13:00:00,24565.0
2006-07-27 14:00:00,24806.0
2006-07-27 15:00:00,24837.0
2006-07-27 16:00:00,24795.0
2006-07-27 17:00:00,24377.0
2006-07-27 18:00:00,23619.0
2006-07-27 19:00:00,22972.0
2006-07-27 20:00:00,22895.0
2006-07-27 21:00:00,22066.0
2006-07-27 22:00:00,20097.0
2006-07-27 23:00:00,18105.0
2006-07-28 00:00:00,16673.0
2006-07-28 01:00:00,15806.0
2006-07-28 02:00:00,15238.0
2006-07-28 03:00:00,14936.0
2006-07-28 04:00:00,15017.0
2006-07-28 05:00:00,15750.0
2006-07-28 06:00:00,17221.0
2006-07-28 07:00:00,19104.0
2006-07-28 08:00:00,20611.0
2006-07-28 09:00:00,21762.0
2006-07-28 10:00:00,22944.0
2006-07-28 11:00:00,23785.0
2006-07-28 12:00:00,24259.0
2006-07-28 13:00:00,24719.0
2006-07-28 14:00:00,24903.0
2006-07-28 15:00:00,24824.0
2006-07-28 16:00:00,24322.0
2006-07-28 17:00:00,23157.0
2006-07-28 18:00:00,21928.0
2006-07-28 19:00:00,21049.0
2006-07-28 20:00:00,20783.0
2006-07-28 21:00:00,20044.0
2006-07-28 22:00:00,18384.0
2006-07-28 23:00:00,16640.0
2006-07-29 00:00:00,15193.0
2006-07-29 01:00:00,14221.0
2006-07-29 02:00:00,13572.0
2006-07-29 03:00:00,13174.0
2006-07-29 04:00:00,13017.0
2006-07-29 05:00:00,13137.0
2006-07-29 06:00:00,13734.0
2006-07-29 07:00:00,15279.0
2006-07-29 08:00:00,17107.0
2006-07-29 09:00:00,18708.0
2006-07-29 10:00:00,19937.0
2006-07-29 11:00:00,20734.0
2006-07-29 12:00:00,21199.0
2006-07-29 13:00:00,21550.0
2006-07-29 14:00:00,21836.0
2006-07-29 15:00:00,22042.0
2006-07-29 16:00:00,22102.0
2006-07-29 17:00:00,21867.0
2006-07-29 18:00:00,21314.0
2006-07-29 19:00:00,20769.0
2006-07-29 20:00:00,20779.0
2006-07-29 21:00:00,20147.0
2006-07-29 22:00:00,18645.0
2006-07-29 23:00:00,17029.0
2006-07-30 00:00:00,15711.0
2006-07-30 01:00:00,14780.0
2006-07-30 02:00:00,14160.0
2006-07-30 03:00:00,13763.0
2006-07-30 04:00:00,13542.0
2006-07-30 05:00:00,13431.0
2006-07-30 06:00:00,13698.0
2006-07-30 07:00:00,14821.0
2006-07-30 08:00:00,16359.0
2006-07-30 09:00:00,17799.0
2006-07-30 10:00:00,18880.0
2006-07-30 11:00:00,19585.0
2006-07-30 12:00:00,19976.0
2006-07-30 13:00:00,20135.0
2006-07-30 14:00:00,20207.0
2006-07-30 15:00:00,20291.0
2006-07-30 16:00:00,20408.0
2006-07-30 17:00:00,20381.0
2006-07-30 18:00:00,19933.0
2006-07-30 19:00:00,19347.0
2006-07-30 20:00:00,19419.0
2006-07-30 21:00:00,18825.0
2006-07-30 22:00:00,17175.0
2006-07-30 23:00:00,15421.0
2006-07-31 00:00:00,14090.0
2006-07-31 01:00:00,13272.0
2006-07-31 02:00:00,12771.0
2006-07-31 03:00:00,12523.0
2006-07-31 04:00:00,12647.0
2006-07-31 05:00:00,13317.0
2006-07-31 06:00:00,14812.0
2006-07-31 07:00:00,16702.0
2006-07-31 08:00:00,18214.0
2006-07-31 09:00:00,19341.0
2006-07-31 10:00:00,20370.0
2006-07-31 11:00:00,21167.0
2006-07-31 12:00:00,21703.0
2006-07-31 13:00:00,22301.0
2006-07-31 14:00:00,22677.0
2006-07-31 15:00:00,22988.0
2006-07-31 16:00:00,23208.0
2006-07-31 17:00:00,23147.0
2006-07-31 18:00:00,22708.0
2006-07-31 19:00:00,22090.0
2006-07-31 20:00:00,22170.0
2006-07-31 21:00:00,21296.0
2006-07-31 22:00:00,19314.0
2006-07-31 23:00:00,17344.0
2006-08-01 00:00:00,15933.0
2006-08-01 01:00:00,15100.0
2006-08-01 02:00:00,14625.0
2006-08-01 03:00:00,14371.0
2006-08-01 04:00:00,14510.0
2006-08-01 05:00:00,15279.0
2006-08-01 06:00:00,17015.0
2006-08-01 07:00:00,19122.0
2006-08-01 08:00:00,20664.0
2006-08-01 09:00:00,21961.0
2006-08-01 10:00:00,23199.0
2006-08-01 11:00:00,24155.0
2006-08-01 12:00:00,24980.0
2006-08-01 13:00:00,25871.0
2006-08-01 14:00:00,26414.0
2006-08-01 15:00:00,26755.0
2006-08-01 16:00:00,26882.0
2006-08-01 17:00:00,26590.0
2006-08-01 18:00:00,25953.0
2006-08-01 19:00:00,25377.0
2006-08-01 20:00:00,25418.0
2006-08-01 21:00:00,24512.0
2006-08-01 22:00:00,22375.0
2006-08-01 23:00:00,20262.0
2006-08-02 00:00:00,18684.0
2006-08-02 01:00:00,17697.0
2006-08-02 02:00:00,17052.0
2006-08-02 03:00:00,16669.0
2006-08-02 04:00:00,16657.0
2006-08-02 05:00:00,17300.0
2006-08-02 06:00:00,18823.0
2006-08-02 07:00:00,20947.0
2006-08-02 08:00:00,22874.0
2006-08-02 09:00:00,24482.0
2006-08-02 10:00:00,25915.0
2006-08-02 11:00:00,26901.0
2006-08-02 12:00:00,27429.0
2006-08-02 13:00:00,27622.0
2006-08-02 14:00:00,27607.0
2006-08-02 15:00:00,27580.0
2006-08-02 16:00:00,27407.0
2006-08-02 17:00:00,26855.0
2006-08-02 18:00:00,25670.0
2006-08-02 19:00:00,24689.0
2006-08-02 20:00:00,24674.0
2006-08-02 21:00:00,23729.0
2006-08-02 22:00:00,21763.0
2006-08-02 23:00:00,19763.0
2006-08-03 00:00:00,18244.0
2006-08-03 01:00:00,17335.0
2006-08-03 02:00:00,16779.0
2006-08-03 03:00:00,16475.0
2006-08-03 04:00:00,16552.0
2006-08-03 05:00:00,17225.0
2006-08-03 06:00:00,18748.0
2006-08-03 07:00:00,20847.0
2006-08-03 08:00:00,22608.0
2006-08-03 09:00:00,24077.0
2006-08-03 10:00:00,25194.0
2006-08-03 11:00:00,25960.0
2006-08-03 12:00:00,26235.0
2006-08-03 13:00:00,26497.0
2006-08-03 14:00:00,26417.0
2006-08-03 15:00:00,25976.0
2006-08-03 16:00:00,25522.0
2006-08-03 17:00:00,24754.0
2006-08-03 18:00:00,23626.0
2006-08-03 19:00:00,22518.0
2006-08-03 20:00:00,22223.0
2006-08-03 21:00:00,21189.0
2006-08-03 22:00:00,19265.0
2006-08-03 23:00:00,17347.0
2006-08-04 00:00:00,15871.0
2006-08-04 01:00:00,14995.0
2006-08-04 02:00:00,14463.0
2006-08-04 03:00:00,14219.0
2006-08-04 04:00:00,14258.0
2006-08-04 05:00:00,14969.0
2006-08-04 06:00:00,16304.0
2006-08-04 07:00:00,17935.0
2006-08-04 08:00:00,19040.0
2006-08-04 09:00:00,19912.0
2006-08-04 10:00:00,20587.0
2006-08-04 11:00:00,20939.0
2006-08-04 12:00:00,20983.0
2006-08-04 13:00:00,21149.0
2006-08-04 14:00:00,21178.0
2006-08-04 15:00:00,21187.0
2006-08-04 16:00:00,21216.0
2006-08-04 17:00:00,21023.0
2006-08-04 18:00:00,20425.0
2006-08-04 19:00:00,19756.0
2006-08-04 20:00:00,19788.0
2006-08-04 21:00:00,19134.0
2006-08-04 22:00:00,17612.0
2006-08-04 23:00:00,15932.0
2006-08-05 00:00:00,14556.0
2006-08-05 01:00:00,13673.0
2006-08-05 02:00:00,13089.0
2006-08-05 03:00:00,12726.0
2006-08-05 04:00:00,12591.0
2006-08-05 05:00:00,12697.0
2006-08-05 06:00:00,13201.0
2006-08-05 07:00:00,14575.0
2006-08-05 08:00:00,16189.0
2006-08-05 09:00:00,17495.0
2006-08-05 10:00:00,18389.0
2006-08-05 11:00:00,18896.0
2006-08-05 12:00:00,19150.0
2006-08-05 13:00:00,19208.0
2006-08-05 14:00:00,19236.0
2006-08-05 15:00:00,19246.0
2006-08-05 16:00:00,19260.0
2006-08-05 17:00:00,19109.0
2006-08-05 18:00:00,18572.0
2006-08-05 19:00:00,17996.0
2006-08-05 20:00:00,18000.0
2006-08-05 21:00:00,17415.0
2006-08-05 22:00:00,16072.0
2006-08-05 23:00:00,14568.0
2006-08-06 00:00:00,13346.0
2006-08-06 01:00:00,12467.0
2006-08-06 02:00:00,11909.0
2006-08-06 03:00:00,11530.0
2006-08-06 04:00:00,11334.0
2006-08-06 05:00:00,11249.0
2006-08-06 06:00:00,11378.0
2006-08-06 07:00:00,12324.0
2006-08-06 08:00:00,13641.0
2006-08-06 09:00:00,14844.0
2006-08-06 10:00:00,15711.0
2006-08-06 11:00:00,16329.0
2006-08-06 12:00:00,16741.0
2006-08-06 13:00:00,16985.0
2006-08-06 14:00:00,17166.0
2006-08-06 15:00:00,17359.0
2006-08-06 16:00:00,17594.0
2006-08-06 17:00:00,17736.0
2006-08-06 18:00:00,17479.0
2006-08-06 19:00:00,17095.0
2006-08-06 20:00:00,17439.0
2006-08-06 21:00:00,16874.0
2006-08-06 22:00:00,15528.0
2006-08-06 23:00:00,14149.0
2006-08-07 00:00:00,13179.0
2006-08-07 01:00:00,12637.0
2006-08-07 02:00:00,12394.0
2006-08-07 03:00:00,12375.0
2006-08-07 04:00:00,12689.0
2006-08-07 05:00:00,13643.0
2006-08-07 06:00:00,15233.0
2006-08-07 07:00:00,17160.0
2006-08-07 08:00:00,18449.0
2006-08-07 09:00:00,19246.0
2006-08-07 10:00:00,20106.0
2006-08-07 11:00:00,20812.0
2006-08-07 12:00:00,21266.0
2006-08-07 13:00:00,21816.0
2006-08-07 14:00:00,22190.0
2006-08-07 15:00:00,22445.0
2006-08-07 16:00:00,22618.0
2006-08-07 17:00:00,22503.0
2006-08-07 18:00:00,22041.0
2006-08-07 19:00:00,21644.0
2006-08-07 20:00:00,21925.0
2006-08-07 21:00:00,21012.0
2006-08-07 22:00:00,19192.0
2006-08-07 23:00:00,17277.0
2006-08-08 00:00:00,15951.0
2006-08-08 01:00:00,15037.0
2006-08-08 02:00:00,14457.0
2006-08-08 03:00:00,14083.0
2006-08-08 04:00:00,14102.0
2006-08-08 05:00:00,14702.0
2006-08-08 06:00:00,15944.0
2006-08-08 07:00:00,17695.0
2006-08-08 08:00:00,19008.0
2006-08-08 09:00:00,19971.0
2006-08-08 10:00:00,20684.0
2006-08-08 11:00:00,21096.0
2006-08-08 12:00:00,21260.0
2006-08-08 13:00:00,21446.0
2006-08-08 14:00:00,21457.0
2006-08-08 15:00:00,21326.0
2006-08-08 16:00:00,21152.0
2006-08-08 17:00:00,20708.0
2006-08-08 18:00:00,19875.0
2006-08-08 19:00:00,19081.0
2006-08-08 20:00:00,19062.0
2006-08-08 21:00:00,18131.0
2006-08-08 22:00:00,16264.0
2006-08-08 23:00:00,14521.0
2006-08-09 00:00:00,13230.0
2006-08-09 01:00:00,12396.0
2006-08-09 02:00:00,11908.0
2006-08-09 03:00:00,11672.0
2006-08-09 04:00:00,11761.0
2006-08-09 05:00:00,12414.0
2006-08-09 06:00:00,13670.0
2006-08-09 07:00:00,15453.0
2006-08-09 08:00:00,16739.0
2006-08-09 09:00:00,17685.0
2006-08-09 10:00:00,18398.0
2006-08-09 11:00:00,18825.0
2006-08-09 12:00:00,19091.0
2006-08-09 13:00:00,19470.0
2006-08-09 14:00:00,19670.0
2006-08-09 15:00:00,19806.0
2006-08-09 16:00:00,19893.0
2006-08-09 17:00:00,19694.0
2006-08-09 18:00:00,19088.0
2006-08-09 19:00:00,18459.0
2006-08-09 20:00:00,18583.0
2006-08-09 21:00:00,17745.0
2006-08-09 22:00:00,16031.0
2006-08-09 23:00:00,14337.0
2006-08-10 00:00:00,13118.0
2006-08-10 01:00:00,12377.0
2006-08-10 02:00:00,11950.0
2006-08-10 03:00:00,11770.0
2006-08-10 04:00:00,11919.0
2006-08-10 05:00:00,12690.0
2006-08-10 06:00:00,14011.0
2006-08-10 07:00:00,15787.0
2006-08-10 08:00:00,17025.0
2006-08-10 09:00:00,17988.0
2006-08-10 10:00:00,18849.0
2006-08-10 11:00:00,19528.0
2006-08-10 12:00:00,19959.0
2006-08-10 13:00:00,20440.0
2006-08-10 14:00:00,20626.0
2006-08-10 15:00:00,20618.0
2006-08-10 16:00:00,20539.0
2006-08-10 17:00:00,20163.0
2006-08-10 18:00:00,19567.0
2006-08-10 19:00:00,19133.0
2006-08-10 20:00:00,19256.0
2006-08-10 21:00:00,18311.0
2006-08-10 22:00:00,16507.0
2006-08-10 23:00:00,14731.0
2006-08-11 00:00:00,13414.0
2006-08-11 01:00:00,12590.0
2006-08-11 02:00:00,12079.0
2006-08-11 03:00:00,11787.0
2006-08-11 04:00:00,11804.0
2006-08-11 05:00:00,12417.0
2006-08-11 06:00:00,13603.0
2006-08-11 07:00:00,15227.0
2006-08-11 08:00:00,16468.0
2006-08-11 09:00:00,17257.0
2006-08-11 10:00:00,17771.0
2006-08-11 11:00:00,17962.0
2006-08-11 12:00:00,17998.0
2006-08-11 13:00:00,18105.0
2006-08-11 14:00:00,18049.0
2006-08-11 15:00:00,17891.0
2006-08-11 16:00:00,17725.0
2006-08-11 17:00:00,17400.0
2006-08-11 18:00:00,16779.0
2006-08-11 19:00:00,16238.0
2006-08-11 20:00:00,16440.0
2006-08-11 21:00:00,15684.0
2006-08-11 22:00:00,14329.0
2006-08-11 23:00:00,12909.0
2006-08-12 00:00:00,11808.0
2006-08-12 01:00:00,11133.0
2006-08-12 02:00:00,10714.0
2006-08-12 03:00:00,10488.0
2006-08-12 04:00:00,10460.0
2006-08-12 05:00:00,10626.0
2006-08-12 06:00:00,11049.0
2006-08-12 07:00:00,12202.0
2006-08-12 08:00:00,13491.0
2006-08-12 09:00:00,14454.0
2006-08-12 10:00:00,14939.0
2006-08-12 11:00:00,15047.0
2006-08-12 12:00:00,14946.0
2006-08-12 13:00:00,14799.0
2006-08-12 14:00:00,14688.0
2006-08-12 15:00:00,14677.0
2006-08-12 16:00:00,14762.0
2006-08-12 17:00:00,14812.0
2006-08-12 18:00:00,14591.0
2006-08-12 19:00:00,14416.0
2006-08-12 20:00:00,14838.0
2006-08-12 21:00:00,14315.0
2006-08-12 22:00:00,13235.0
2006-08-12 23:00:00,12081.0
2006-08-13 00:00:00,11135.0
2006-08-13 01:00:00,10525.0
2006-08-13 02:00:00,10150.0
2006-08-13 03:00:00,9938.0
2006-08-13 04:00:00,9862.0
2006-08-13 05:00:00,9936.0
2006-08-13 06:00:00,10080.0
2006-08-13 07:00:00,10954.0
2006-08-13 08:00:00,12132.0
2006-08-13 09:00:00,13136.0
2006-08-13 10:00:00,13748.0
2006-08-13 11:00:00,14108.0
2006-08-13 12:00:00,14266.0
2006-08-13 13:00:00,14274.0
2006-08-13 14:00:00,14318.0
2006-08-13 15:00:00,14428.0
2006-08-13 16:00:00,14640.0
2006-08-13 17:00:00,14783.0
2006-08-13 18:00:00,14717.0
2006-08-13 19:00:00,14698.0
2006-08-13 20:00:00,15264.0
2006-08-13 21:00:00,14641.0
2006-08-13 22:00:00,13417.0
2006-08-13 23:00:00,12146.0
2006-08-14 00:00:00,11247.0
2006-08-14 01:00:00,10705.0
2006-08-14 02:00:00,10424.0
2006-08-14 03:00:00,10340.0
2006-08-14 04:00:00,10573.0
2006-08-14 05:00:00,11339.0
2006-08-14 06:00:00,12585.0
2006-08-14 07:00:00,14289.0
2006-08-14 08:00:00,15647.0
2006-08-14 09:00:00,16686.0
2006-08-14 10:00:00,17475.0
2006-08-14 11:00:00,18002.0
2006-08-14 12:00:00,18326.0
2006-08-14 13:00:00,18754.0
2006-08-14 14:00:00,18993.0
2006-08-14 15:00:00,19137.0
2006-08-14 16:00:00,19232.0
2006-08-14 17:00:00,19047.0
2006-08-14 18:00:00,18631.0
2006-08-14 19:00:00,18531.0
2006-08-14 20:00:00,18861.0
2006-08-14 21:00:00,17965.0
2006-08-14 22:00:00,16336.0
2006-08-14 23:00:00,14766.0
2006-08-15 00:00:00,13696.0
2006-08-15 01:00:00,13057.0
2006-08-15 02:00:00,12701.0
2006-08-15 03:00:00,12557.0
2006-08-15 04:00:00,12743.0
2006-08-15 05:00:00,13662.0
2006-08-15 06:00:00,15201.0
2006-08-15 07:00:00,16866.0
2006-08-15 08:00:00,18001.0
2006-08-15 09:00:00,18644.0
2006-08-15 10:00:00,19028.0
2006-08-15 11:00:00,19196.0
2006-08-15 12:00:00,19294.0
2006-08-15 13:00:00,19492.0
2006-08-15 14:00:00,19549.0
2006-08-15 15:00:00,19499.0
2006-08-15 16:00:00,19510.0
2006-08-15 17:00:00,19405.0
2006-08-15 18:00:00,18945.0
2006-08-15 19:00:00,18528.0
2006-08-15 20:00:00,18769.0
2006-08-15 21:00:00,17815.0
2006-08-15 22:00:00,16085.0
2006-08-15 23:00:00,14377.0
2006-08-16 00:00:00,13136.0
2006-08-16 01:00:00,12390.0
2006-08-16 02:00:00,11920.0
2006-08-16 03:00:00,11696.0
2006-08-16 04:00:00,11810.0
2006-08-16 05:00:00,12525.0
2006-08-16 06:00:00,13823.0
2006-08-16 07:00:00,15582.0
2006-08-16 08:00:00,16937.0
2006-08-16 09:00:00,17957.0
2006-08-16 10:00:00,18793.0
2006-08-16 11:00:00,19313.0
2006-08-16 12:00:00,19624.0
2006-08-16 13:00:00,19978.0
2006-08-16 14:00:00,20103.0
2006-08-16 15:00:00,20123.0
2006-08-16 16:00:00,20138.0
2006-08-16 17:00:00,19894.0
2006-08-16 18:00:00,19312.0
2006-08-16 19:00:00,18819.0
2006-08-16 20:00:00,19013.0
2006-08-16 21:00:00,17983.0
2006-08-16 22:00:00,16257.0
2006-08-16 23:00:00,14463.0
2006-08-17 00:00:00,13220.0
2006-08-17 01:00:00,12433.0
2006-08-17 02:00:00,11961.0
2006-08-17 03:00:00,11722.0
2006-08-17 04:00:00,11842.0
2006-08-17 05:00:00,12587.0
2006-08-17 06:00:00,13871.0
2006-08-17 07:00:00,15614.0
2006-08-17 08:00:00,16998.0
2006-08-17 09:00:00,18027.0
2006-08-17 10:00:00,18898.0
2006-08-17 11:00:00,19409.0
2006-08-17 12:00:00,19674.0
2006-08-17 13:00:00,19972.0
2006-08-17 14:00:00,20077.0
2006-08-17 15:00:00,20081.0
2006-08-17 16:00:00,20062.0
2006-08-17 17:00:00,19758.0
2006-08-17 18:00:00,19131.0
2006-08-17 19:00:00,18694.0
2006-08-17 20:00:00,18912.0
2006-08-17 21:00:00,17920.0
2006-08-17 22:00:00,16225.0
2006-08-17 23:00:00,14545.0
2006-08-18 00:00:00,13303.0
2006-08-18 01:00:00,12539.0
2006-08-18 02:00:00,12080.0
2006-08-18 03:00:00,11872.0
2006-08-18 04:00:00,12016.0
2006-08-18 05:00:00,12759.0
2006-08-18 06:00:00,14057.0
2006-08-18 07:00:00,15672.0
2006-08-18 08:00:00,16918.0
2006-08-18 09:00:00,17855.0
2006-08-18 10:00:00,18532.0
2006-08-18 11:00:00,19068.0
2006-08-18 12:00:00,19386.0
2006-08-18 13:00:00,19769.0
2006-08-18 14:00:00,19949.0
2006-08-18 15:00:00,19926.0
2006-08-18 16:00:00,19837.0
2006-08-18 17:00:00,19445.0
2006-08-18 18:00:00,18717.0
2006-08-18 19:00:00,18184.0
2006-08-18 20:00:00,18349.0
2006-08-18 21:00:00,17465.0
2006-08-18 22:00:00,16043.0
2006-08-18 23:00:00,14482.0
2006-08-19 00:00:00,13253.0
2006-08-19 01:00:00,12405.0
2006-08-19 02:00:00,11890.0
2006-08-19 03:00:00,11570.0
2006-08-19 04:00:00,11476.0
2006-08-19 05:00:00,11664.0
2006-08-19 06:00:00,12106.0
2006-08-19 07:00:00,13318.0
2006-08-19 08:00:00,14772.0
2006-08-19 09:00:00,15943.0
2006-08-19 10:00:00,16723.0
2006-08-19 11:00:00,17222.0
2006-08-19 12:00:00,17506.0
2006-08-19 13:00:00,17609.0
2006-08-19 14:00:00,17657.0
2006-08-19 15:00:00,17667.0
2006-08-19 16:00:00,17574.0
2006-08-19 17:00:00,17398.0
2006-08-19 18:00:00,17193.0
2006-08-19 19:00:00,17320.0
2006-08-19 20:00:00,17416.0
2006-08-19 21:00:00,16714.0
2006-08-19 22:00:00,15545.0
2006-08-19 23:00:00,14339.0
2006-08-20 00:00:00,13264.0
2006-08-20 01:00:00,12587.0
2006-08-20 02:00:00,12160.0
2006-08-20 03:00:00,11881.0
2006-08-20 04:00:00,11812.0
2006-08-20 05:00:00,11938.0
2006-08-20 06:00:00,12275.0
2006-08-20 07:00:00,12961.0
2006-08-20 08:00:00,14163.0
2006-08-20 09:00:00,15377.0
2006-08-20 10:00:00,16412.0
2006-08-20 11:00:00,17286.0
2006-08-20 12:00:00,17844.0
2006-08-20 13:00:00,18133.0
2006-08-20 14:00:00,18210.0
2006-08-20 15:00:00,18281.0
2006-08-20 16:00:00,18505.0
2006-08-20 17:00:00,18600.0
2006-08-20 18:00:00,18358.0
2006-08-20 19:00:00,18192.0
2006-08-20 20:00:00,18315.0
2006-08-20 21:00:00,17218.0
2006-08-20 22:00:00,15722.0
2006-08-20 23:00:00,14251.0
2006-08-21 00:00:00,13172.0
2006-08-21 01:00:00,12443.0
2006-08-21 02:00:00,12011.0
2006-08-21 03:00:00,11816.0
2006-08-21 04:00:00,12005.0
2006-08-21 05:00:00,12831.0
2006-08-21 06:00:00,14184.0
2006-08-21 07:00:00,15790.0
2006-08-21 08:00:00,17019.0
2006-08-21 09:00:00,17877.0
2006-08-21 10:00:00,18502.0
2006-08-21 11:00:00,18707.0
2006-08-21 12:00:00,18721.0
2006-08-21 13:00:00,18777.0
2006-08-21 14:00:00,18762.0
2006-08-21 15:00:00,18681.0
2006-08-21 16:00:00,18661.0
2006-08-21 17:00:00,18481.0
2006-08-21 18:00:00,18072.0
2006-08-21 19:00:00,17831.0
2006-08-21 20:00:00,18050.0
2006-08-21 21:00:00,16986.0
2006-08-21 22:00:00,15293.0
2006-08-21 23:00:00,13647.0
2006-08-22 00:00:00,12466.0
2006-08-22 01:00:00,11787.0
2006-08-22 02:00:00,11382.0
2006-08-22 03:00:00,11212.0
2006-08-22 04:00:00,11343.0
2006-08-22 05:00:00,12147.0
2006-08-22 06:00:00,13432.0
2006-08-22 07:00:00,15090.0
2006-08-22 08:00:00,16374.0
2006-08-22 09:00:00,17328.0
2006-08-22 10:00:00,18132.0
2006-08-22 11:00:00,18652.0
2006-08-22 12:00:00,18993.0
2006-08-22 13:00:00,19393.0
2006-08-22 14:00:00,19615.0
2006-08-22 15:00:00,19691.0
2006-08-22 16:00:00,19721.0
2006-08-22 17:00:00,19496.0
2006-08-22 18:00:00,18951.0
2006-08-22 19:00:00,18615.0
2006-08-22 20:00:00,18832.0
2006-08-22 21:00:00,17713.0
2006-08-22 22:00:00,15967.0
2006-08-22 23:00:00,14292.0
2006-08-23 00:00:00,13059.0
2006-08-23 01:00:00,12345.0
2006-08-23 02:00:00,11895.0
2006-08-23 03:00:00,11695.0
2006-08-23 04:00:00,11834.0
2006-08-23 05:00:00,12681.0
2006-08-23 06:00:00,14006.0
2006-08-23 07:00:00,15633.0
2006-08-23 08:00:00,16939.0
2006-08-23 09:00:00,17903.0
2006-08-23 10:00:00,18675.0
2006-08-23 11:00:00,19175.0
2006-08-23 12:00:00,19372.0
2006-08-23 13:00:00,19591.0
2006-08-23 14:00:00,19573.0
2006-08-23 15:00:00,19459.0
2006-08-23 16:00:00,19303.0
2006-08-23 17:00:00,18907.0
2006-08-23 18:00:00,18245.0
2006-08-23 19:00:00,17963.0
2006-08-23 20:00:00,18093.0
2006-08-23 21:00:00,17021.0
2006-08-23 22:00:00,15335.0
2006-08-23 23:00:00,13694.0
2006-08-24 00:00:00,12552.0
2006-08-24 01:00:00,11874.0
2006-08-24 02:00:00,11499.0
2006-08-24 03:00:00,11331.0
2006-08-24 04:00:00,11495.0
2006-08-24 05:00:00,12319.0
2006-08-24 06:00:00,13652.0
2006-08-24 07:00:00,15177.0
2006-08-24 08:00:00,16274.0
2006-08-24 09:00:00,17045.0
2006-08-24 10:00:00,17651.0
2006-08-24 11:00:00,17994.0
2006-08-24 12:00:00,18150.0
2006-08-24 13:00:00,18377.0
2006-08-24 14:00:00,18362.0
2006-08-24 15:00:00,18206.0
2006-08-24 16:00:00,18043.0
2006-08-24 17:00:00,17734.0
2006-08-24 18:00:00,17251.0
2006-08-24 19:00:00,17176.0
2006-08-24 20:00:00,17430.0
2006-08-24 21:00:00,16448.0
2006-08-24 22:00:00,14886.0
2006-08-24 23:00:00,13379.0
2006-08-25 00:00:00,12277.0
2006-08-25 01:00:00,11640.0
2006-08-25 02:00:00,11275.0
2006-08-25 03:00:00,11121.0
2006-08-25 04:00:00,11281.0
2006-08-25 05:00:00,12121.0
2006-08-25 06:00:00,13519.0
2006-08-25 07:00:00,15062.0
2006-08-25 08:00:00,16137.0
2006-08-25 09:00:00,16870.0
2006-08-25 10:00:00,17336.0
2006-08-25 11:00:00,17467.0
2006-08-25 12:00:00,17326.0
2006-08-25 13:00:00,17254.0
2006-08-25 14:00:00,17012.0
2006-08-25 15:00:00,16686.0
2006-08-25 16:00:00,16522.0
2006-08-25 17:00:00,16304.0
2006-08-25 18:00:00,16053.0
2006-08-25 19:00:00,16062.0
2006-08-25 20:00:00,16010.0
2006-08-25 21:00:00,15144.0
2006-08-25 22:00:00,13947.0
2006-08-25 23:00:00,12651.0
2006-08-26 00:00:00,11602.0
2006-08-26 01:00:00,10986.0
2006-08-26 02:00:00,10620.0
2006-08-26 03:00:00,10417.0
2006-08-26 04:00:00,10437.0
2006-08-26 05:00:00,10762.0
2006-08-26 06:00:00,11273.0
2006-08-26 07:00:00,12275.0
2006-08-26 08:00:00,13582.0
2006-08-26 09:00:00,14561.0
2006-08-26 10:00:00,15065.0
2006-08-26 11:00:00,15201.0
2006-08-26 12:00:00,15107.0
2006-08-26 13:00:00,14906.0
2006-08-26 14:00:00,14683.0
2006-08-26 15:00:00,14525.0
2006-08-26 16:00:00,14507.0
2006-08-26 17:00:00,14507.0
2006-08-26 18:00:00,14405.0
2006-08-26 19:00:00,14678.0
2006-08-26 20:00:00,14908.0
2006-08-26 21:00:00,14268.0
2006-08-26 22:00:00,13202.0
2006-08-26 23:00:00,12095.0
2006-08-27 00:00:00,11154.0
2006-08-27 01:00:00,10532.0
2006-08-27 02:00:00,10178.0
2006-08-27 03:00:00,9973.0
2006-08-27 04:00:00,9947.0
2006-08-27 05:00:00,10084.0
2006-08-27 06:00:00,10316.0
2006-08-27 07:00:00,11039.0
2006-08-27 08:00:00,12130.0
2006-08-27 09:00:00,13111.0
2006-08-27 10:00:00,13745.0
2006-08-27 11:00:00,14111.0
2006-08-27 12:00:00,14255.0
2006-08-27 13:00:00,14184.0
2006-08-27 14:00:00,14013.0
2006-08-27 15:00:00,13972.0
2006-08-27 16:00:00,14187.0
2006-08-27 17:00:00,14529.0
2006-08-27 18:00:00,14685.0
2006-08-27 19:00:00,14938.0
2006-08-27 20:00:00,14718.0
2006-08-27 21:00:00,13861.0
2006-08-27 22:00:00,12781.0
2006-08-27 23:00:00,11694.0
2006-08-28 00:00:00,10908.0
2006-08-28 01:00:00,10479.0
2006-08-28 02:00:00,10251.0
2006-08-28 03:00:00,10225.0
2006-08-28 04:00:00,10529.0
2006-08-28 05:00:00,11446.0
2006-08-28 06:00:00,13081.0
2006-08-28 07:00:00,14629.0
2006-08-28 08:00:00,15681.0
2006-08-28 09:00:00,16403.0
2006-08-28 10:00:00,16942.0
2006-08-28 11:00:00,17266.0
2006-08-28 12:00:00,17363.0
2006-08-28 13:00:00,17441.0
2006-08-28 14:00:00,17463.0
2006-08-28 15:00:00,17332.0
2006-08-28 16:00:00,17267.0
2006-08-28 17:00:00,17258.0
2006-08-28 18:00:00,17208.0
2006-08-28 19:00:00,17386.0
2006-08-28 20:00:00,17184.0
2006-08-28 21:00:00,16041.0
2006-08-28 22:00:00,14467.0
2006-08-28 23:00:00,12911.0
2006-08-29 00:00:00,11858.0
2006-08-29 01:00:00,11260.0
2006-08-29 02:00:00,10911.0
2006-08-29 03:00:00,10804.0
2006-08-29 04:00:00,10972.0
2006-08-29 05:00:00,11936.0
2006-08-29 06:00:00,13606.0
2006-08-29 07:00:00,15108.0
2006-08-29 08:00:00,16021.0
2006-08-29 09:00:00,16609.0
2006-08-29 10:00:00,17018.0
2006-08-29 11:00:00,17174.0
2006-08-29 12:00:00,17144.0
2006-08-29 13:00:00,17112.0
2006-08-29 14:00:00,16949.0
2006-08-29 15:00:00,16761.0
2006-08-29 16:00:00,16783.0
2006-08-29 17:00:00,16820.0
2006-08-29 18:00:00,16746.0
2006-08-29 19:00:00,16893.0
2006-08-29 20:00:00,16626.0
2006-08-29 21:00:00,15497.0
2006-08-29 22:00:00,13949.0
2006-08-29 23:00:00,12495.0
2006-08-30 00:00:00,11485.0
2006-08-30 01:00:00,10941.0
2006-08-30 02:00:00,10653.0
2006-08-30 03:00:00,10568.0
2006-08-30 04:00:00,10760.0
2006-08-30 05:00:00,11730.0
2006-08-30 06:00:00,13478.0
2006-08-30 07:00:00,14931.0
2006-08-30 08:00:00,15817.0
2006-08-30 09:00:00,16474.0
2006-08-30 10:00:00,16979.0
2006-08-30 11:00:00,17312.0
2006-08-30 12:00:00,17517.0
2006-08-30 13:00:00,17793.0
2006-08-30 14:00:00,17852.0
2006-08-30 15:00:00,17795.0
2006-08-30 16:00:00,17742.0
2006-08-30 17:00:00,17517.0
2006-08-30 18:00:00,17136.0
2006-08-30 19:00:00,17379.0
2006-08-30 20:00:00,17477.0
2006-08-30 21:00:00,16279.0
2006-08-30 22:00:00,14474.0
2006-08-30 23:00:00,12806.0
2006-08-31 00:00:00,11662.0
2006-08-31 01:00:00,10974.0
2006-08-31 02:00:00,10608.0
2006-08-31 03:00:00,10410.0
2006-08-31 04:00:00,10564.0
2006-08-31 05:00:00,11490.0
2006-08-31 06:00:00,13080.0
2006-08-31 07:00:00,14454.0
2006-08-31 08:00:00,15289.0
2006-08-31 09:00:00,15871.0
2006-08-31 10:00:00,16357.0
2006-08-31 11:00:00,16568.0
2006-08-31 12:00:00,16651.0
2006-08-31 13:00:00,16849.0
2006-08-31 14:00:00,16895.0
2006-08-31 15:00:00,16845.0
2006-08-31 16:00:00,16747.0
2006-08-31 17:00:00,16495.0
2006-08-31 18:00:00,16199.0
2006-08-31 19:00:00,16601.0
2006-08-31 20:00:00,16708.0
2006-08-31 21:00:00,15641.0
2006-08-31 22:00:00,14029.0
2006-08-31 23:00:00,12511.0
2006-09-01 00:00:00,11471.0
2006-09-01 01:00:00,10874.0
2006-09-01 02:00:00,10519.0
2006-09-01 03:00:00,10362.0
2006-09-01 04:00:00,10549.0
2006-09-01 05:00:00,11458.0
2006-09-01 06:00:00,12962.0
2006-09-01 07:00:00,14404.0
2006-09-01 08:00:00,15358.0
2006-09-01 09:00:00,16032.0
2006-09-01 10:00:00,16498.0
2006-09-01 11:00:00,16743.0
2006-09-01 12:00:00,16687.0
2006-09-01 13:00:00,16671.0
2006-09-01 14:00:00,16480.0
2006-09-01 15:00:00,16171.0
2006-09-01 16:00:00,15913.0
2006-09-01 17:00:00,15671.0
2006-09-01 18:00:00,15464.0
2006-09-01 19:00:00,15817.0
2006-09-01 20:00:00,15719.0
2006-09-01 21:00:00,14828.0
2006-09-01 22:00:00,13578.0
2006-09-01 23:00:00,12292.0
2006-09-02 00:00:00,11242.0
2006-09-02 01:00:00,10658.0
2006-09-02 02:00:00,10321.0
2006-09-02 03:00:00,10139.0
2006-09-02 04:00:00,10140.0
2006-09-02 05:00:00,10435.0
2006-09-02 06:00:00,10979.0
2006-09-02 07:00:00,11860.0
2006-09-02 08:00:00,13041.0
2006-09-02 09:00:00,13977.0
2006-09-02 10:00:00,14462.0
2006-09-02 11:00:00,14564.0
2006-09-02 12:00:00,14441.0
2006-09-02 13:00:00,14215.0
2006-09-02 14:00:00,13964.0
2006-09-02 15:00:00,13772.0
2006-09-02 16:00:00,13781.0
2006-09-02 17:00:00,13942.0
2006-09-02 18:00:00,14029.0
2006-09-02 19:00:00,14385.0
2006-09-02 20:00:00,14354.0
2006-09-02 21:00:00,13676.0
2006-09-02 22:00:00,12651.0
2006-09-02 23:00:00,11594.0
2006-09-03 00:00:00,10713.0
2006-09-03 01:00:00,10185.0
2006-09-03 02:00:00,9875.0
2006-09-03 03:00:00,9715.0
2006-09-03 04:00:00,9699.0
2006-09-03 05:00:00,9882.0
2006-09-03 06:00:00,10230.0
2006-09-03 07:00:00,10922.0
2006-09-03 08:00:00,12040.0
2006-09-03 09:00:00,13087.0
2006-09-03 10:00:00,13782.0
2006-09-03 11:00:00,14217.0
2006-09-03 12:00:00,14375.0
2006-09-03 13:00:00,14275.0
2006-09-03 14:00:00,14141.0
2006-09-03 15:00:00,14098.0
2006-09-03 16:00:00,14195.0
2006-09-03 17:00:00,14382.0
2006-09-03 18:00:00,14454.0
2006-09-03 19:00:00,14797.0
2006-09-03 20:00:00,14728.0
2006-09-03 21:00:00,13962.0
2006-09-03 22:00:00,12940.0
2006-09-03 23:00:00,11877.0
2006-09-04 00:00:00,10945.0
2006-09-04 01:00:00,10365.0
2006-09-04 02:00:00,9974.0
2006-09-04 03:00:00,9794.0
2006-09-04 04:00:00,9768.0
2006-09-04 05:00:00,10032.0
2006-09-04 06:00:00,10372.0
2006-09-04 07:00:00,11123.0
2006-09-04 08:00:00,12385.0
2006-09-04 09:00:00,13589.0
2006-09-04 10:00:00,14289.0
2006-09-04 11:00:00,14609.0
2006-09-04 12:00:00,14620.0
2006-09-04 13:00:00,14437.0
2006-09-04 14:00:00,14286.0
2006-09-04 15:00:00,14255.0
2006-09-04 16:00:00,14432.0
2006-09-04 17:00:00,14689.0
2006-09-04 18:00:00,14828.0
2006-09-04 19:00:00,15474.0
2006-09-04 20:00:00,15525.0
2006-09-04 21:00:00,14480.0
2006-09-04 22:00:00,12971.0
2006-09-04 23:00:00,11644.0
2006-09-05 00:00:00,10733.0
2006-09-05 01:00:00,10246.0
2006-09-05 02:00:00,9997.0
2006-09-05 03:00:00,9954.0
2006-09-05 04:00:00,10186.0
2006-09-05 05:00:00,11250.0
2006-09-05 06:00:00,13126.0
2006-09-05 07:00:00,14607.0
2006-09-05 08:00:00,15524.0
2006-09-05 09:00:00,16187.0
2006-09-05 10:00:00,16694.0
2006-09-05 11:00:00,16960.0
2006-09-05 12:00:00,17014.0
2006-09-05 13:00:00,17046.0
2006-09-05 14:00:00,16936.0
2006-09-05 15:00:00,16785.0
2006-09-05 16:00:00,16764.0
2006-09-05 17:00:00,16804.0
2006-09-05 18:00:00,16862.0
2006-09-05 19:00:00,17268.0
2006-09-05 20:00:00,16848.0
2006-09-05 21:00:00,15634.0
2006-09-05 22:00:00,13886.0
2006-09-05 23:00:00,12414.0
2006-09-06 00:00:00,11459.0
2006-09-06 01:00:00,10860.0
2006-09-06 02:00:00,10587.0
2006-09-06 03:00:00,10525.0
2006-09-06 04:00:00,10757.0
2006-09-06 05:00:00,11803.0
2006-09-06 06:00:00,13802.0
2006-09-06 07:00:00,15200.0
2006-09-06 08:00:00,15906.0
2006-09-06 09:00:00,16411.0
2006-09-06 10:00:00,16865.0
2006-09-06 11:00:00,17098.0
2006-09-06 12:00:00,17196.0
2006-09-06 13:00:00,17352.0
2006-09-06 14:00:00,17326.0
2006-09-06 15:00:00,17241.0
2006-09-06 16:00:00,17213.0
2006-09-06 17:00:00,17096.0
2006-09-06 18:00:00,16864.0
2006-09-06 19:00:00,17373.0
2006-09-06 20:00:00,17215.0
2006-09-06 21:00:00,15984.0
2006-09-06 22:00:00,14190.0
2006-09-06 23:00:00,12618.0
2006-09-07 00:00:00,11553.0
2006-09-07 01:00:00,10948.0
2006-09-07 02:00:00,10640.0
2006-09-07 03:00:00,10528.0
2006-09-07 04:00:00,10682.0
2006-09-07 05:00:00,11728.0
2006-09-07 06:00:00,13665.0
2006-09-07 07:00:00,15047.0
2006-09-07 08:00:00,15859.0
2006-09-07 09:00:00,16519.0
2006-09-07 10:00:00,17065.0
2006-09-07 11:00:00,17374.0
2006-09-07 12:00:00,17503.0
2006-09-07 13:00:00,17699.0
2006-09-07 14:00:00,17767.0
2006-09-07 15:00:00,17758.0
2006-09-07 16:00:00,17767.0
2006-09-07 17:00:00,17521.0
2006-09-07 18:00:00,17169.0
2006-09-07 19:00:00,17650.0
2006-09-07 20:00:00,17496.0
2006-09-07 21:00:00,16231.0
2006-09-07 22:00:00,14437.0
2006-09-07 23:00:00,12858.0
2006-09-08 00:00:00,11747.0
2006-09-08 01:00:00,11114.0
2006-09-08 02:00:00,10768.0
2006-09-08 03:00:00,10627.0
2006-09-08 04:00:00,10816.0
2006-09-08 05:00:00,11802.0
2006-09-08 06:00:00,13661.0
2006-09-08 07:00:00,15041.0
2006-09-08 08:00:00,15893.0
2006-09-08 09:00:00,16600.0
2006-09-08 10:00:00,17242.0
2006-09-08 11:00:00,17621.0
2006-09-08 12:00:00,17759.0
2006-09-08 13:00:00,17921.0
2006-09-08 14:00:00,17901.0
2006-09-08 15:00:00,17801.0
2006-09-08 16:00:00,17615.0
2006-09-08 17:00:00,17263.0
2006-09-08 18:00:00,16824.0
2006-09-08 19:00:00,17158.0
2006-09-08 20:00:00,16930.0
2006-09-08 21:00:00,15895.0
2006-09-08 22:00:00,14465.0
2006-09-08 23:00:00,12997.0
2006-09-09 00:00:00,11879.0
2006-09-09 01:00:00,11191.0
2006-09-09 02:00:00,10792.0
2006-09-09 03:00:00,10566.0
2006-09-09 04:00:00,10555.0
2006-09-09 05:00:00,10865.0
2006-09-09 06:00:00,11430.0
2006-09-09 07:00:00,12453.0
2006-09-09 08:00:00,13865.0
2006-09-09 09:00:00,14970.0
2006-09-09 10:00:00,15723.0
2006-09-09 11:00:00,16164.0
2006-09-09 12:00:00,16367.0
2006-09-09 13:00:00,16400.0
2006-09-09 14:00:00,16393.0
2006-09-09 15:00:00,16405.0
2006-09-09 16:00:00,16369.0
2006-09-09 17:00:00,16323.0
2006-09-09 18:00:00,16180.0
2006-09-09 19:00:00,16422.0
2006-09-09 20:00:00,16115.0
2006-09-09 21:00:00,15232.0
2006-09-09 22:00:00,13989.0
2006-09-09 23:00:00,12719.0
2006-09-10 00:00:00,11640.0
2006-09-10 01:00:00,10968.0
2006-09-10 02:00:00,10534.0
2006-09-10 03:00:00,10297.0
2006-09-10 04:00:00,10176.0
2006-09-10 05:00:00,10275.0
2006-09-10 06:00:00,10483.0
2006-09-10 07:00:00,11221.0
2006-09-10 08:00:00,12340.0
2006-09-10 09:00:00,13246.0
2006-09-10 10:00:00,13776.0
2006-09-10 11:00:00,14025.0
2006-09-10 12:00:00,14097.0
2006-09-10 13:00:00,14027.0
2006-09-10 14:00:00,13908.0
2006-09-10 15:00:00,13823.0
2006-09-10 16:00:00,13983.0
2006-09-10 17:00:00,14212.0
2006-09-10 18:00:00,14402.0
2006-09-10 19:00:00,15138.0
2006-09-10 20:00:00,14961.0
2006-09-10 21:00:00,13844.0
2006-09-10 22:00:00,12513.0
2006-09-10 23:00:00,11309.0
2006-09-11 00:00:00,10455.0
2006-09-11 01:00:00,9990.0
2006-09-11 02:00:00,9795.0
2006-09-11 03:00:00,9735.0
2006-09-11 04:00:00,10033.0
2006-09-11 05:00:00,11106.0
2006-09-11 06:00:00,13042.0
2006-09-11 07:00:00,14415.0
2006-09-11 08:00:00,15084.0
2006-09-11 09:00:00,15568.0
2006-09-11 10:00:00,15988.0
2006-09-11 11:00:00,16161.0
2006-09-11 12:00:00,16108.0
2006-09-11 13:00:00,16108.0
2006-09-11 14:00:00,15960.0
2006-09-11 15:00:00,15828.0
2006-09-11 16:00:00,15800.0
2006-09-11 17:00:00,15798.0
2006-09-11 18:00:00,15739.0
2006-09-11 19:00:00,16286.0
2006-09-11 20:00:00,15970.0
2006-09-11 21:00:00,14717.0
2006-09-11 22:00:00,13046.0
2006-09-11 23:00:00,11563.0
2006-09-12 00:00:00,10658.0
2006-09-12 01:00:00,10160.0
2006-09-12 02:00:00,9927.0
2006-09-12 03:00:00,9861.0
2006-09-12 04:00:00,10117.0
2006-09-12 05:00:00,11199.0
2006-09-12 06:00:00,13140.0
2006-09-12 07:00:00,14430.0
2006-09-12 08:00:00,14985.0
2006-09-12 09:00:00,15377.0
2006-09-12 10:00:00,15709.0
2006-09-12 11:00:00,15832.0
2006-09-12 12:00:00,15950.0
2006-09-12 13:00:00,16019.0
2006-09-12 14:00:00,15903.0
2006-09-12 15:00:00,15817.0
2006-09-12 16:00:00,15804.0
2006-09-12 17:00:00,15815.0
2006-09-12 18:00:00,15743.0
2006-09-12 19:00:00,16346.0
2006-09-12 20:00:00,16017.0
2006-09-12 21:00:00,14791.0
2006-09-12 22:00:00,13128.0
2006-09-12 23:00:00,11650.0
2006-09-13 00:00:00,10722.0
2006-09-13 01:00:00,10227.0
2006-09-13 02:00:00,9985.0
2006-09-13 03:00:00,9938.0
2006-09-13 04:00:00,10199.0
2006-09-13 05:00:00,11270.0
2006-09-13 06:00:00,13271.0
2006-09-13 07:00:00,14605.0
2006-09-13 08:00:00,15133.0
2006-09-13 09:00:00,15520.0
2006-09-13 10:00:00,15858.0
2006-09-13 11:00:00,15945.0
2006-09-13 12:00:00,15957.0
2006-09-13 13:00:00,16036.0
2006-09-13 14:00:00,15933.0
2006-09-13 15:00:00,15815.0
2006-09-13 16:00:00,15870.0
2006-09-13 17:00:00,15891.0
2006-09-13 18:00:00,16067.0
2006-09-13 19:00:00,16670.0
2006-09-13 20:00:00,16231.0
2006-09-13 21:00:00,15071.0
2006-09-13 22:00:00,13368.0
2006-09-13 23:00:00,11885.0
2006-09-14 00:00:00,10920.0
2006-09-14 01:00:00,10438.0
2006-09-14 02:00:00,10218.0
2006-09-14 03:00:00,10161.0
2006-09-14 04:00:00,10426.0
2006-09-14 05:00:00,11507.0
2006-09-14 06:00:00,13607.0
2006-09-14 07:00:00,15037.0
2006-09-14 08:00:00,15649.0
2006-09-14 09:00:00,16083.0
2006-09-14 10:00:00,16461.0
2006-09-14 11:00:00,16637.0
2006-09-14 12:00:00,16646.0
2006-09-14 13:00:00,16688.0
2006-09-14 14:00:00,16586.0
2006-09-14 15:00:00,16530.0
2006-09-14 16:00:00,16652.0
2006-09-14 17:00:00,16729.0
2006-09-14 18:00:00,16791.0
2006-09-14 19:00:00,17086.0
2006-09-14 20:00:00,16535.0
2006-09-14 21:00:00,15341.0
2006-09-14 22:00:00,13728.0
2006-09-14 23:00:00,12243.0
2006-09-15 00:00:00,11263.0
2006-09-15 01:00:00,10763.0
2006-09-15 02:00:00,10488.0
2006-09-15 03:00:00,10400.0
2006-09-15 04:00:00,10649.0
2006-09-15 05:00:00,11685.0
2006-09-15 06:00:00,13770.0
2006-09-15 07:00:00,15222.0
2006-09-15 08:00:00,15957.0
2006-09-15 09:00:00,16456.0
2006-09-15 10:00:00,16834.0
2006-09-15 11:00:00,16985.0
2006-09-15 12:00:00,16933.0
2006-09-15 13:00:00,16888.0
2006-09-15 14:00:00,16689.0
2006-09-15 15:00:00,16460.0
2006-09-15 16:00:00,16366.0
2006-09-15 17:00:00,16204.0
2006-09-15 18:00:00,16116.0
2006-09-15 19:00:00,16417.0
2006-09-15 20:00:00,15967.0
2006-09-15 21:00:00,14983.0
2006-09-15 22:00:00,13630.0
2006-09-15 23:00:00,12292.0
2006-09-16 00:00:00,11291.0
2006-09-16 01:00:00,10668.0
2006-09-16 02:00:00,10294.0
2006-09-16 03:00:00,10106.0
2006-09-16 04:00:00,10128.0
2006-09-16 05:00:00,10472.0
2006-09-16 06:00:00,11104.0
2006-09-16 07:00:00,12156.0
2006-09-16 08:00:00,13546.0
2006-09-16 09:00:00,14530.0
2006-09-16 10:00:00,15083.0
2006-09-16 11:00:00,15328.0
2006-09-16 12:00:00,15341.0
2006-09-16 13:00:00,15241.0
2006-09-16 14:00:00,15117.0
2006-09-16 15:00:00,15102.0
2006-09-16 16:00:00,15153.0
2006-09-16 17:00:00,15158.0
2006-09-16 18:00:00,15181.0
2006-09-16 19:00:00,15815.0
2006-09-16 20:00:00,15513.0
2006-09-16 21:00:00,14678.0
2006-09-16 22:00:00,13472.0
2006-09-16 23:00:00,12250.0
2006-09-17 00:00:00,11247.0
2006-09-17 01:00:00,10581.0
2006-09-17 02:00:00,10214.0
2006-09-17 03:00:00,9990.0
2006-09-17 04:00:00,9926.0
2006-09-17 05:00:00,10077.0
2006-09-17 06:00:00,10360.0
2006-09-17 07:00:00,11112.0
2006-09-17 08:00:00,12313.0
2006-09-17 09:00:00,13339.0
2006-09-17 10:00:00,14025.0
2006-09-17 11:00:00,14517.0
2006-09-17 12:00:00,14836.0
2006-09-17 13:00:00,14967.0
2006-09-17 14:00:00,15061.0
2006-09-17 15:00:00,15221.0
2006-09-17 16:00:00,15403.0
2006-09-17 17:00:00,15632.0
2006-09-17 18:00:00,15773.0
2006-09-17 19:00:00,16607.0
2006-09-17 20:00:00,16248.0
2006-09-17 21:00:00,15026.0
2006-09-17 22:00:00,13511.0
2006-09-17 23:00:00,12192.0
2006-09-18 00:00:00,11258.0
2006-09-18 01:00:00,10726.0
2006-09-18 02:00:00,10452.0
2006-09-18 03:00:00,10354.0
2006-09-18 04:00:00,10639.0
2006-09-18 05:00:00,11732.0
2006-09-18 06:00:00,13739.0
2006-09-18 07:00:00,15141.0
2006-09-18 08:00:00,15966.0
2006-09-18 09:00:00,16725.0
2006-09-18 10:00:00,17436.0
2006-09-18 11:00:00,17959.0
2006-09-18 12:00:00,18271.0
2006-09-18 13:00:00,18565.0
2006-09-18 14:00:00,18691.0
2006-09-18 15:00:00,18743.0
2006-09-18 16:00:00,18689.0
2006-09-18 17:00:00,18466.0
2006-09-18 18:00:00,18252.0
2006-09-18 19:00:00,18835.0
2006-09-18 20:00:00,18151.0
2006-09-18 21:00:00,16671.0
2006-09-18 22:00:00,14777.0
2006-09-18 23:00:00,13133.0
2006-09-19 00:00:00,12028.0
2006-09-19 01:00:00,11411.0
2006-09-19 02:00:00,11071.0
2006-09-19 03:00:00,10953.0
2006-09-19 04:00:00,11200.0
2006-09-19 05:00:00,12308.0
2006-09-19 06:00:00,14432.0
2006-09-19 07:00:00,15835.0
2006-09-19 08:00:00,16526.0
2006-09-19 09:00:00,17054.0
2006-09-19 10:00:00,17667.0
2006-09-19 11:00:00,18134.0
2006-09-19 12:00:00,18432.0
2006-09-19 13:00:00,18700.0
2006-09-19 14:00:00,18651.0
2006-09-19 15:00:00,18551.0
2006-09-19 16:00:00,18527.0
2006-09-19 17:00:00,18434.0
2006-09-19 18:00:00,18568.0
2006-09-19 19:00:00,18911.0
2006-09-19 20:00:00,18180.0
2006-09-19 21:00:00,16849.0
2006-09-19 22:00:00,14997.0
2006-09-19 23:00:00,13364.0
2006-09-20 00:00:00,12233.0
2006-09-20 01:00:00,11574.0
2006-09-20 02:00:00,11134.0
2006-09-20 03:00:00,10913.0
2006-09-20 04:00:00,11041.0
2006-09-20 05:00:00,12008.0
2006-09-20 06:00:00,14023.0
2006-09-20 07:00:00,15218.0
2006-09-20 08:00:00,15780.0
2006-09-20 09:00:00,16270.0
2006-09-20 10:00:00,16704.0
2006-09-20 11:00:00,16900.0
2006-09-20 12:00:00,16919.0
2006-09-20 13:00:00,17028.0
2006-09-20 14:00:00,16921.0
2006-09-20 15:00:00,16810.0
2006-09-20 16:00:00,16759.0
2006-09-20 17:00:00,16572.0
2006-09-20 18:00:00,16421.0
2006-09-20 19:00:00,17029.0
2006-09-20 20:00:00,16483.0
2006-09-20 21:00:00,15211.0
2006-09-20 22:00:00,13489.0
2006-09-20 23:00:00,11985.0
2006-09-21 00:00:00,11014.0
2006-09-21 01:00:00,10453.0
2006-09-21 02:00:00,10161.0
2006-09-21 03:00:00,10055.0
2006-09-21 04:00:00,10276.0
2006-09-21 05:00:00,11296.0
2006-09-21 06:00:00,13283.0
2006-09-21 07:00:00,14528.0
2006-09-21 08:00:00,15088.0
2006-09-21 09:00:00,15422.0
2006-09-21 10:00:00,15716.0
2006-09-21 11:00:00,15805.0
2006-09-21 12:00:00,15811.0
2006-09-21 13:00:00,15869.0
2006-09-21 14:00:00,15812.0
2006-09-21 15:00:00,15713.0
2006-09-21 16:00:00,15696.0
2006-09-21 17:00:00,15620.0
2006-09-21 18:00:00,15743.0
2006-09-21 19:00:00,16466.0
2006-09-21 20:00:00,15950.0
2006-09-21 21:00:00,14680.0
2006-09-21 22:00:00,13058.0
2006-09-21 23:00:00,11643.0
2006-09-22 00:00:00,10698.0
2006-09-22 01:00:00,10189.0
2006-09-22 02:00:00,9924.0
2006-09-22 03:00:00,9854.0
2006-09-22 04:00:00,10111.0
2006-09-22 05:00:00,11146.0
2006-09-22 06:00:00,13118.0
2006-09-22 07:00:00,14401.0
2006-09-22 08:00:00,14977.0
2006-09-22 09:00:00,15363.0
2006-09-22 10:00:00,15695.0
2006-09-22 11:00:00,15786.0
2006-09-22 12:00:00,15767.0
2006-09-22 13:00:00,15801.0
2006-09-22 14:00:00,15690.0
2006-09-22 15:00:00,15514.0
2006-09-22 16:00:00,15388.0
2006-09-22 17:00:00,15184.0
2006-09-22 18:00:00,15336.0
2006-09-22 19:00:00,15810.0
2006-09-22 20:00:00,15346.0
2006-09-22 21:00:00,14447.0
2006-09-22 22:00:00,13140.0
2006-09-22 23:00:00,11864.0
2006-09-23 00:00:00,10864.0
2006-09-23 01:00:00,10326.0
2006-09-23 02:00:00,10021.0
2006-09-23 03:00:00,9875.0
2006-09-23 04:00:00,9907.0
2006-09-23 05:00:00,10285.0
2006-09-23 06:00:00,11041.0
2006-09-23 07:00:00,12110.0
2006-09-23 08:00:00,13482.0
2006-09-23 09:00:00,14470.0
2006-09-23 10:00:00,14993.0
2006-09-23 11:00:00,15158.0
2006-09-23 12:00:00,15066.0
2006-09-23 13:00:00,14854.0
2006-09-23 14:00:00,14650.0
2006-09-23 15:00:00,14512.0
2006-09-23 16:00:00,14535.0
2006-09-23 17:00:00,14641.0
2006-09-23 18:00:00,14981.0
2006-09-23 19:00:00,15439.0
2006-09-23 20:00:00,15010.0
2006-09-23 21:00:00,14247.0
2006-09-23 22:00:00,13168.0
2006-09-23 23:00:00,12042.0
2006-09-24 00:00:00,11131.0
2006-09-24 01:00:00,10522.0
2006-09-24 02:00:00,10169.0
2006-09-24 03:00:00,10016.0
2006-09-24 04:00:00,10024.0
2006-09-24 05:00:00,10256.0
2006-09-24 06:00:00,10719.0
2006-09-24 07:00:00,11475.0
2006-09-24 08:00:00,12771.0
2006-09-24 09:00:00,13869.0
2006-09-24 10:00:00,14628.0
2006-09-24 11:00:00,15132.0
2006-09-24 12:00:00,15387.0
2006-09-24 13:00:00,15380.0
2006-09-24 14:00:00,15287.0
2006-09-24 15:00:00,15242.0
2006-09-24 16:00:00,15339.0
2006-09-24 17:00:00,15470.0
2006-09-24 18:00:00,15784.0
2006-09-24 19:00:00,16370.0
2006-09-24 20:00:00,15769.0
2006-09-24 21:00:00,14579.0
2006-09-24 22:00:00,13179.0
2006-09-24 23:00:00,11840.0
2006-09-25 00:00:00,10853.0
2006-09-25 01:00:00,10322.0
2006-09-25 02:00:00,10062.0
2006-09-25 03:00:00,9978.0
2006-09-25 04:00:00,10250.0
2006-09-25 05:00:00,11306.0
2006-09-25 06:00:00,13335.0
2006-09-25 07:00:00,14672.0
2006-09-25 08:00:00,15360.0
2006-09-25 09:00:00,15800.0
2006-09-25 10:00:00,16191.0
2006-09-25 11:00:00,16324.0
2006-09-25 12:00:00,16248.0
2006-09-25 13:00:00,16242.0
2006-09-25 14:00:00,16088.0
2006-09-25 15:00:00,15974.0
2006-09-25 16:00:00,15945.0
2006-09-25 17:00:00,15956.0
2006-09-25 18:00:00,16232.0
2006-09-25 19:00:00,16802.0
2006-09-25 20:00:00,16101.0
2006-09-25 21:00:00,14804.0
2006-09-25 22:00:00,13132.0
2006-09-25 23:00:00,11653.0
2006-09-26 00:00:00,10704.0
2006-09-26 01:00:00,10203.0
2006-09-26 02:00:00,9936.0
2006-09-26 03:00:00,9866.0
2006-09-26 04:00:00,10138.0
2006-09-26 05:00:00,11238.0
2006-09-26 06:00:00,13286.0
2006-09-26 07:00:00,14548.0
2006-09-26 08:00:00,15114.0
2006-09-26 09:00:00,15517.0
2006-09-26 10:00:00,15842.0
2006-09-26 11:00:00,16002.0
2006-09-26 12:00:00,16012.0
2006-09-26 13:00:00,16060.0
2006-09-26 14:00:00,15982.0
2006-09-26 15:00:00,15886.0
2006-09-26 16:00:00,15878.0
2006-09-26 17:00:00,15857.0
2006-09-26 18:00:00,16093.0
2006-09-26 19:00:00,16678.0
2006-09-26 20:00:00,16001.0
2006-09-26 21:00:00,14727.0
2006-09-26 22:00:00,13048.0
2006-09-26 23:00:00,11588.0
2006-09-27 00:00:00,10631.0
2006-09-27 01:00:00,10140.0
2006-09-27 02:00:00,9904.0
2006-09-27 03:00:00,9825.0
2006-09-27 04:00:00,10105.0
2006-09-27 05:00:00,11192.0
2006-09-27 06:00:00,13299.0
2006-09-27 07:00:00,14556.0
2006-09-27 08:00:00,15004.0
2006-09-27 09:00:00,15401.0
2006-09-27 10:00:00,15731.0
2006-09-27 11:00:00,15944.0
2006-09-27 12:00:00,15996.0
2006-09-27 13:00:00,16035.0
2006-09-27 14:00:00,15965.0
2006-09-27 15:00:00,15876.0
2006-09-27 16:00:00,15888.0
2006-09-27 17:00:00,15827.0
2006-09-27 18:00:00,16169.0
2006-09-27 19:00:00,16782.0
2006-09-27 20:00:00,16116.0
2006-09-27 21:00:00,14854.0
2006-09-27 22:00:00,13184.0
2006-09-27 23:00:00,11725.0
2006-09-28 00:00:00,10751.0
2006-09-28 01:00:00,10255.0
2006-09-28 02:00:00,10001.0
2006-09-28 03:00:00,9931.0
2006-09-28 04:00:00,10186.0
2006-09-28 05:00:00,11242.0
2006-09-28 06:00:00,13338.0
2006-09-28 07:00:00,14592.0
2006-09-28 08:00:00,15148.0
2006-09-28 09:00:00,15640.0
2006-09-28 10:00:00,16048.0
2006-09-28 11:00:00,16205.0
2006-09-28 12:00:00,16212.0
2006-09-28 13:00:00,16239.0
2006-09-28 14:00:00,16133.0
2006-09-28 15:00:00,15954.0
2006-09-28 16:00:00,15858.0
2006-09-28 17:00:00,15853.0
2006-09-28 18:00:00,16277.0
2006-09-28 19:00:00,16847.0
2006-09-28 20:00:00,16246.0
2006-09-28 21:00:00,15048.0
2006-09-28 22:00:00,13483.0
2006-09-28 23:00:00,12030.0
2006-09-29 00:00:00,11061.0
2006-09-29 01:00:00,10550.0
2006-09-29 02:00:00,10307.0
2006-09-29 03:00:00,10224.0
2006-09-29 04:00:00,10489.0
2006-09-29 05:00:00,11545.0
2006-09-29 06:00:00,13652.0
2006-09-29 07:00:00,15105.0
2006-09-29 08:00:00,15768.0
2006-09-29 09:00:00,16217.0
2006-09-29 10:00:00,16523.0
2006-09-29 11:00:00,16526.0
2006-09-29 12:00:00,16306.0
2006-09-29 13:00:00,16179.0
2006-09-29 14:00:00,15843.0
2006-09-29 15:00:00,15530.0
2006-09-29 16:00:00,15334.0
2006-09-29 17:00:00,15123.0
2006-09-29 18:00:00,15314.0
2006-09-29 19:00:00,15649.0
2006-09-29 20:00:00,15082.0
2006-09-29 21:00:00,14144.0
2006-09-29 22:00:00,12519.0
2006-09-29 23:00:00,11244.0
2006-09-30 00:00:00,10610.0
2006-09-30 01:00:00,10058.0
2006-09-30 02:00:00,9758.0
2006-09-30 03:00:00,9621.0
2006-09-30 04:00:00,9687.0
2006-09-30 05:00:00,10054.0
2006-09-30 06:00:00,10807.0
2006-09-30 07:00:00,11780.0
2006-09-30 08:00:00,12923.0
2006-09-30 09:00:00,13611.0
2006-09-30 10:00:00,13835.0
2006-09-30 11:00:00,13786.0
2006-09-30 12:00:00,13589.0
2006-09-30 13:00:00,13331.0
2006-09-30 14:00:00,13105.0
2006-09-30 15:00:00,13014.0
2006-09-30 16:00:00,13112.0
2006-09-30 17:00:00,13452.0
2006-09-30 18:00:00,14141.0
2006-09-30 19:00:00,14532.0
2006-09-30 20:00:00,14070.0
2006-09-30 21:00:00,13350.0
2006-09-30 22:00:00,12298.0
2006-09-30 23:00:00,11215.0
2006-10-01 00:00:00,10447.0
2006-10-01 01:00:00,9913.0
2006-10-01 02:00:00,9611.0
2006-10-01 03:00:00,9463.0
2006-10-01 04:00:00,9460.0
2006-10-01 05:00:00,9666.0
2006-10-01 06:00:00,10149.0
2006-10-01 07:00:00,10856.0
2006-10-01 08:00:00,12010.0
2006-10-01 09:00:00,13003.0
2006-10-01 10:00:00,13639.0
2006-10-01 11:00:00,14045.0
2006-10-01 12:00:00,14284.0
2006-10-01 13:00:00,14242.0
2006-10-01 14:00:00,14122.0
2006-10-01 15:00:00,14093.0
2006-10-01 16:00:00,14313.0
2006-10-01 17:00:00,14639.0
2006-10-01 18:00:00,15141.0
2006-10-01 19:00:00,15321.0
2006-10-01 20:00:00,14714.0
2006-10-01 21:00:00,13606.0
2006-10-01 22:00:00,12275.0
2006-10-01 23:00:00,11113.0
2006-10-02 00:00:00,10285.0
2006-10-02 01:00:00,9835.0
2006-10-02 02:00:00,9637.0
2006-10-02 03:00:00,9617.0
2006-10-02 04:00:00,9920.0
2006-10-02 05:00:00,10999.0
2006-10-02 06:00:00,13026.0
2006-10-02 07:00:00,14337.0
2006-10-02 08:00:00,14971.0
2006-10-02 09:00:00,15422.0
2006-10-02 10:00:00,15804.0
2006-10-02 11:00:00,15963.0
2006-10-02 12:00:00,15913.0
2006-10-02 13:00:00,15871.0
2006-10-02 14:00:00,15723.0
2006-10-02 15:00:00,15591.0
2006-10-02 16:00:00,15632.0
2006-10-02 17:00:00,15782.0
2006-10-02 18:00:00,16315.0
2006-10-02 19:00:00,16734.0
2006-10-02 20:00:00,15980.0
2006-10-02 21:00:00,14703.0
2006-10-02 22:00:00,13026.0
2006-10-02 23:00:00,11608.0
2006-10-03 00:00:00,10647.0
2006-10-03 01:00:00,10145.0
2006-10-03 02:00:00,9886.0
2006-10-03 03:00:00,9838.0
2006-10-03 04:00:00,10107.0
2006-10-03 05:00:00,11192.0
2006-10-03 06:00:00,13348.0
2006-10-03 07:00:00,14588.0
2006-10-03 08:00:00,15028.0
2006-10-03 09:00:00,15384.0
2006-10-03 10:00:00,15723.0
2006-10-03 11:00:00,15910.0
2006-10-03 12:00:00,15992.0
2006-10-03 13:00:00,16167.0
2006-10-03 14:00:00,16215.0
2006-10-03 15:00:00,16169.0
2006-10-03 16:00:00,16209.0
2006-10-03 17:00:00,16318.0
2006-10-03 18:00:00,16999.0
2006-10-03 19:00:00,17287.0
2006-10-03 20:00:00,16540.0
2006-10-03 21:00:00,15284.0
2006-10-03 22:00:00,13563.0
2006-10-03 23:00:00,12109.0
2006-10-04 00:00:00,11099.0
2006-10-04 01:00:00,10527.0
2006-10-04 02:00:00,10244.0
2006-10-04 03:00:00,10131.0
2006-10-04 04:00:00,10364.0
2006-10-04 05:00:00,11443.0
2006-10-04 06:00:00,13609.0
2006-10-04 07:00:00,14902.0
2006-10-04 08:00:00,15482.0
2006-10-04 09:00:00,15975.0
2006-10-04 10:00:00,16464.0
2006-10-04 11:00:00,16695.0
2006-10-04 12:00:00,16793.0
2006-10-04 13:00:00,16884.0
2006-10-04 14:00:00,16879.0
2006-10-04 15:00:00,16859.0
2006-10-04 16:00:00,16814.0
2006-10-04 17:00:00,16793.0
2006-10-04 18:00:00,17435.0
2006-10-04 19:00:00,17716.0
2006-10-04 20:00:00,17014.0
2006-10-04 21:00:00,15724.0
2006-10-04 22:00:00,14031.0
2006-10-04 23:00:00,12545.0
2006-10-05 00:00:00,11529.0
2006-10-05 01:00:00,10945.0
2006-10-05 02:00:00,10589.0
2006-10-05 03:00:00,10329.0
2006-10-05 04:00:00,10442.0
2006-10-05 05:00:00,11419.0
2006-10-05 06:00:00,13495.0
2006-10-05 07:00:00,14723.0
2006-10-05 08:00:00,15103.0
2006-10-05 09:00:00,15420.0
2006-10-05 10:00:00,15670.0
2006-10-05 11:00:00,15734.0
2006-10-05 12:00:00,15693.0
2006-10-05 13:00:00,15691.0
2006-10-05 14:00:00,15586.0
2006-10-05 15:00:00,15448.0
2006-10-05 16:00:00,15411.0
2006-10-05 17:00:00,15411.0
2006-10-05 18:00:00,16110.0
2006-10-05 19:00:00,16567.0
2006-10-05 20:00:00,15927.0
2006-10-05 21:00:00,14757.0
2006-10-05 22:00:00,13198.0
2006-10-05 23:00:00,11766.0
2006-10-06 00:00:00,10778.0
2006-10-06 01:00:00,10270.0
2006-10-06 02:00:00,10018.0
2006-10-06 03:00:00,9933.0
2006-10-06 04:00:00,10179.0
2006-10-06 05:00:00,11227.0
2006-10-06 06:00:00,13286.0
2006-10-06 07:00:00,14588.0
2006-10-06 08:00:00,15102.0
2006-10-06 09:00:00,15374.0
2006-10-06 10:00:00,15525.0
2006-10-06 11:00:00,15509.0
2006-10-06 12:00:00,15359.0
2006-10-06 13:00:00,15275.0
2006-10-06 14:00:00,15064.0
2006-10-06 15:00:00,14848.0
2006-10-06 16:00:00,14770.0
2006-10-06 17:00:00,14874.0
2006-10-06 18:00:00,15560.0
2006-10-06 19:00:00,15770.0
2006-10-06 20:00:00,15209.0
2006-10-06 21:00:00,14347.0
2006-10-06 22:00:00,13090.0
2006-10-06 23:00:00,11838.0
2006-10-07 00:00:00,10863.0
2006-10-07 01:00:00,10311.0
2006-10-07 02:00:00,10011.0
2006-10-07 03:00:00,9876.0
2006-10-07 04:00:00,9937.0
2006-10-07 05:00:00,10300.0
2006-10-07 06:00:00,11075.0
2006-10-07 07:00:00,11977.0
2006-10-07 08:00:00,13098.0
2006-10-07 09:00:00,13753.0
2006-10-07 10:00:00,13952.0
2006-10-07 11:00:00,13874.0
2006-10-07 12:00:00,13660.0
2006-10-07 13:00:00,13384.0
2006-10-07 14:00:00,13144.0
2006-10-07 15:00:00,13035.0
2006-10-07 16:00:00,13138.0
2006-10-07 17:00:00,13445.0
2006-10-07 18:00:00,14222.0
2006-10-07 19:00:00,14584.0
2006-10-07 20:00:00,14136.0
2006-10-07 21:00:00,13440.0
2006-10-07 22:00:00,12404.0
2006-10-07 23:00:00,11336.0
2006-10-08 00:00:00,10466.0
2006-10-08 01:00:00,9945.0
2006-10-08 02:00:00,9659.0
2006-10-08 03:00:00,9546.0
2006-10-08 04:00:00,9571.0
2006-10-08 05:00:00,9811.0
2006-10-08 06:00:00,10313.0
2006-10-08 07:00:00,11009.0
2006-10-08 08:00:00,12059.0
2006-10-08 09:00:00,12802.0
2006-10-08 10:00:00,13094.0
2006-10-08 11:00:00,13198.0
2006-10-08 12:00:00,13191.0
2006-10-08 13:00:00,13046.0
2006-10-08 14:00:00,12925.0
2006-10-08 15:00:00,12892.0
2006-10-08 16:00:00,13097.0
2006-10-08 17:00:00,13458.0
2006-10-08 18:00:00,14360.0
2006-10-08 19:00:00,14725.0
2006-10-08 20:00:00,14169.0
2006-10-08 21:00:00,13236.0
2006-10-08 22:00:00,12099.0
2006-10-08 23:00:00,11061.0
2006-10-09 00:00:00,10233.0
2006-10-09 01:00:00,9808.0
2006-10-09 02:00:00,9586.0
2006-10-09 03:00:00,9525.0
2006-10-09 04:00:00,9748.0
2006-10-09 05:00:00,10498.0
2006-10-09 06:00:00,11760.0
2006-10-09 07:00:00,12898.0
2006-10-09 08:00:00,13944.0
2006-10-09 09:00:00,14771.0
2006-10-09 10:00:00,15267.0
2006-10-09 11:00:00,15478.0
2006-10-09 12:00:00,15505.0
2006-10-09 13:00:00,15541.0
2006-10-09 14:00:00,15500.0
2006-10-09 15:00:00,15438.0
2006-10-09 16:00:00,15599.0
2006-10-09 17:00:00,15839.0
2006-10-09 18:00:00,16566.0
2006-10-09 19:00:00,16832.0
2006-10-09 20:00:00,16045.0
2006-10-09 21:00:00,14721.0
2006-10-09 22:00:00,13068.0
2006-10-09 23:00:00,11653.0
2006-10-10 00:00:00,10709.0
2006-10-10 01:00:00,10161.0
2006-10-10 02:00:00,9904.0
2006-10-10 03:00:00,9860.0
2006-10-10 04:00:00,10092.0
2006-10-10 05:00:00,11137.0
2006-10-10 06:00:00,13287.0
2006-10-10 07:00:00,14542.0
2006-10-10 08:00:00,15041.0
2006-10-10 09:00:00,15425.0
2006-10-10 10:00:00,15792.0
2006-10-10 11:00:00,15949.0
2006-10-10 12:00:00,15966.0
2006-10-10 13:00:00,16014.0
2006-10-10 14:00:00,15879.0
2006-10-10 15:00:00,15715.0
2006-10-10 16:00:00,15683.0
2006-10-10 17:00:00,15852.0
2006-10-10 18:00:00,16692.0
2006-10-10 19:00:00,16850.0
2006-10-10 20:00:00,16074.0
2006-10-10 21:00:00,14805.0
2006-10-10 22:00:00,13140.0
2006-10-10 23:00:00,11718.0
2006-10-11 00:00:00,10764.0
2006-10-11 01:00:00,10274.0
2006-10-11 02:00:00,10007.0
2006-10-11 03:00:00,9934.0
2006-10-11 04:00:00,10171.0
2006-10-11 05:00:00,11234.0
2006-10-11 06:00:00,13433.0
2006-10-11 07:00:00,14745.0
2006-10-11 08:00:00,15154.0
2006-10-11 09:00:00,15442.0
2006-10-11 10:00:00,15673.0
2006-10-11 11:00:00,15745.0
2006-10-11 12:00:00,15709.0
2006-10-11 13:00:00,15706.0
2006-10-11 14:00:00,15612.0
2006-10-11 15:00:00,15584.0
2006-10-11 16:00:00,15823.0
2006-10-11 17:00:00,16318.0
2006-10-11 18:00:00,17023.0
2006-10-11 19:00:00,16880.0
2006-10-11 20:00:00,16122.0
2006-10-11 21:00:00,14868.0
2006-10-11 22:00:00,13271.0
2006-10-11 23:00:00,11880.0
2006-10-12 00:00:00,10959.0
2006-10-12 01:00:00,10472.0
2006-10-12 02:00:00,10255.0
2006-10-12 03:00:00,10199.0
2006-10-12 04:00:00,10421.0
2006-10-12 05:00:00,11446.0
2006-10-12 06:00:00,13689.0
2006-10-12 07:00:00,15143.0
2006-10-12 08:00:00,15622.0
2006-10-12 09:00:00,15932.0
2006-10-12 10:00:00,16257.0
2006-10-12 11:00:00,16422.0
2006-10-12 12:00:00,16456.0
2006-10-12 13:00:00,16466.0
2006-10-12 14:00:00,16300.0
2006-10-12 15:00:00,16150.0
2006-10-12 16:00:00,16128.0
2006-10-12 17:00:00,16199.0
2006-10-12 18:00:00,16944.0
2006-10-12 19:00:00,17046.0
2006-10-12 20:00:00,16313.0
2006-10-12 21:00:00,15057.0
2006-10-12 22:00:00,13446.0
2006-10-12 23:00:00,11962.0
2006-10-13 00:00:00,10905.0
2006-10-13 01:00:00,10357.0
2006-10-13 02:00:00,10045.0
2006-10-13 03:00:00,9946.0
2006-10-13 04:00:00,10177.0
2006-10-13 05:00:00,11203.0
2006-10-13 06:00:00,13390.0
2006-10-13 07:00:00,14668.0
2006-10-13 08:00:00,15051.0
2006-10-13 09:00:00,15269.0
2006-10-13 10:00:00,15405.0
2006-10-13 11:00:00,15354.0
2006-10-13 12:00:00,15216.0
2006-10-13 13:00:00,15116.0
2006-10-13 14:00:00,14922.0
2006-10-13 15:00:00,14709.0
2006-10-13 16:00:00,14652.0
2006-10-13 17:00:00,14812.0
2006-10-13 18:00:00,15688.0
2006-10-13 19:00:00,15751.0
2006-10-13 20:00:00,15204.0
2006-10-13 21:00:00,14345.0
2006-10-13 22:00:00,13133.0
2006-10-13 23:00:00,11885.0
2006-10-14 00:00:00,10922.0
2006-10-14 01:00:00,10386.0
2006-10-14 02:00:00,10114.0
2006-10-14 03:00:00,10013.0
2006-10-14 04:00:00,10080.0
2006-10-14 05:00:00,10500.0
2006-10-14 06:00:00,11369.0
2006-10-14 07:00:00,12334.0
2006-10-14 08:00:00,13419.0
2006-10-14 09:00:00,14010.0
2006-10-14 10:00:00,14147.0
2006-10-14 11:00:00,14011.0
2006-10-14 12:00:00,13721.0
2006-10-14 13:00:00,13412.0
2006-10-14 14:00:00,13153.0
2006-10-14 15:00:00,13018.0
2006-10-14 16:00:00,13189.0
2006-10-14 17:00:00,13682.0
2006-10-14 18:00:00,14691.0
2006-10-14 19:00:00,14708.0
2006-10-14 20:00:00,14237.0
2006-10-14 21:00:00,13547.0
2006-10-14 22:00:00,12512.0
2006-10-14 23:00:00,11486.0
2006-10-15 00:00:00,10633.0
2006-10-15 01:00:00,10098.0
2006-10-15 02:00:00,9860.0
2006-10-15 03:00:00,9753.0
2006-10-15 04:00:00,9781.0
2006-10-15 05:00:00,10048.0
2006-10-15 06:00:00,10586.0
2006-10-15 07:00:00,11289.0
2006-10-15 08:00:00,12341.0
2006-10-15 09:00:00,13057.0
2006-10-15 10:00:00,13348.0
2006-10-15 11:00:00,13458.0
2006-10-15 12:00:00,13424.0
2006-10-15 13:00:00,13260.0
2006-10-15 14:00:00,13124.0
2006-10-15 15:00:00,13148.0
2006-10-15 16:00:00,13463.0
2006-10-15 17:00:00,14111.0
2006-10-15 18:00:00,15267.0
2006-10-15 19:00:00,15428.0
2006-10-15 20:00:00,14822.0
2006-10-15 21:00:00,13772.0
2006-10-15 22:00:00,12432.0
2006-10-15 23:00:00,11266.0
2006-10-16 00:00:00,10469.0
2006-10-16 01:00:00,10085.0
2006-10-16 02:00:00,9970.0
2006-10-16 03:00:00,9992.0
2006-10-16 04:00:00,10390.0
2006-10-16 05:00:00,11599.0
2006-10-16 06:00:00,13976.0
2006-10-16 07:00:00,15359.0
2006-10-16 08:00:00,15657.0
2006-10-16 09:00:00,15787.0
2006-10-16 10:00:00,15883.0
2006-10-16 11:00:00,15833.0
2006-10-16 12:00:00,15689.0
2006-10-16 13:00:00,15594.0
2006-10-16 14:00:00,15417.0
2006-10-16 15:00:00,15266.0
2006-10-16 16:00:00,15341.0
2006-10-16 17:00:00,15768.0
2006-10-16 18:00:00,16914.0
2006-10-16 19:00:00,16955.0
2006-10-16 20:00:00,16214.0
2006-10-16 21:00:00,14971.0
2006-10-16 22:00:00,13334.0
2006-10-16 23:00:00,11934.0
2006-10-17 00:00:00,11059.0
2006-10-17 01:00:00,10587.0
2006-10-17 02:00:00,10384.0
2006-10-17 03:00:00,10347.0
2006-10-17 04:00:00,10637.0
2006-10-17 05:00:00,11800.0
2006-10-17 06:00:00,14120.0
2006-10-17 07:00:00,15439.0
2006-10-17 08:00:00,15730.0
2006-10-17 09:00:00,15875.0
2006-10-17 10:00:00,16031.0
2006-10-17 11:00:00,16034.0
2006-10-17 12:00:00,15996.0
2006-10-17 13:00:00,15982.0
2006-10-17 14:00:00,15856.0
2006-10-17 15:00:00,15878.0
2006-10-17 16:00:00,16151.0
2006-10-17 17:00:00,16861.0
2006-10-17 18:00:00,17509.0
2006-10-17 19:00:00,17256.0
2006-10-17 20:00:00,16423.0
2006-10-17 21:00:00,15173.0
2006-10-17 22:00:00,13506.0
2006-10-17 23:00:00,12076.0
2006-10-18 00:00:00,11140.0
2006-10-18 01:00:00,10665.0
2006-10-18 02:00:00,10428.0
2006-10-18 03:00:00,10374.0
2006-10-18 04:00:00,10623.0
2006-10-18 05:00:00,11752.0
2006-10-18 06:00:00,14052.0
2006-10-18 07:00:00,15548.0
2006-10-18 08:00:00,15902.0
2006-10-18 09:00:00,16140.0
2006-10-18 10:00:00,16356.0
2006-10-18 11:00:00,16336.0
2006-10-18 12:00:00,16248.0
2006-10-18 13:00:00,16210.0
2006-10-18 14:00:00,16007.0
2006-10-18 15:00:00,15875.0
2006-10-18 16:00:00,15915.0
2006-10-18 17:00:00,16185.0
2006-10-18 18:00:00,17077.0
2006-10-18 19:00:00,17005.0
2006-10-18 20:00:00,16213.0
2006-10-18 21:00:00,14959.0
2006-10-18 22:00:00,13308.0
2006-10-18 23:00:00,11850.0
2006-10-19 00:00:00,10869.0
2006-10-19 01:00:00,10348.0
2006-10-19 02:00:00,10095.0
2006-10-19 03:00:00,10024.0
2006-10-19 04:00:00,10270.0
2006-10-19 05:00:00,11343.0
2006-10-19 06:00:00,13613.0
2006-10-19 07:00:00,14989.0
2006-10-19 08:00:00,15344.0
2006-10-19 09:00:00,15574.0
2006-10-19 10:00:00,15777.0
2006-10-19 11:00:00,15803.0
2006-10-19 12:00:00,15713.0
2006-10-19 13:00:00,15694.0
2006-10-19 14:00:00,15565.0
2006-10-19 15:00:00,15447.0
2006-10-19 16:00:00,15495.0
2006-10-19 17:00:00,15828.0
2006-10-19 18:00:00,16846.0
2006-10-19 19:00:00,16806.0
2006-10-19 20:00:00,16131.0
2006-10-19 21:00:00,14900.0
2006-10-19 22:00:00,13356.0
2006-10-19 23:00:00,11938.0
2006-10-20 00:00:00,10961.0
2006-10-20 01:00:00,10454.0
2006-10-20 02:00:00,10201.0
2006-10-20 03:00:00,10126.0
2006-10-20 04:00:00,10352.0
2006-10-20 05:00:00,11416.0
2006-10-20 06:00:00,13604.0
2006-10-20 07:00:00,15228.0
2006-10-20 08:00:00,15803.0
2006-10-20 09:00:00,16174.0
2006-10-20 10:00:00,16422.0
2006-10-20 11:00:00,16488.0
2006-10-20 12:00:00,16347.0
2006-10-20 13:00:00,16270.0
2006-10-20 14:00:00,16158.0
2006-10-20 15:00:00,16095.0
2006-10-20 16:00:00,16140.0
2006-10-20 17:00:00,16239.0
2006-10-20 18:00:00,16389.0
2006-10-20 19:00:00,15864.0
2006-10-20 20:00:00,15170.0
2006-10-20 21:00:00,14280.0
2006-10-20 22:00:00,13101.0
2006-10-20 23:00:00,11862.0
2006-10-21 00:00:00,10927.0
2006-10-21 01:00:00,10356.0
2006-10-21 02:00:00,10080.0
2006-10-21 03:00:00,9970.0
2006-10-21 04:00:00,10072.0
2006-10-21 05:00:00,10485.0
2006-10-21 06:00:00,11348.0
2006-10-21 07:00:00,12306.0
2006-10-21 08:00:00,13402.0
2006-10-21 09:00:00,14038.0
2006-10-21 10:00:00,14247.0
2006-10-21 11:00:00,14139.0
2006-10-21 12:00:00,13860.0
2006-10-21 13:00:00,13566.0
2006-10-21 14:00:00,13305.0
2006-10-21 15:00:00,13172.0
2006-10-21 16:00:00,13282.0
2006-10-21 17:00:00,13813.0
2006-10-21 18:00:00,14914.0
2006-10-21 19:00:00,14871.0
2006-10-21 20:00:00,14434.0
2006-10-21 21:00:00,13762.0
2006-10-21 22:00:00,12814.0
2006-10-21 23:00:00,11751.0
2006-10-22 00:00:00,10895.0
2006-10-22 01:00:00,10364.0
2006-10-22 02:00:00,10113.0
2006-10-22 03:00:00,9994.0
2006-10-22 04:00:00,10035.0
2006-10-22 05:00:00,10288.0
2006-10-22 06:00:00,10848.0
2006-10-22 07:00:00,11533.0
2006-10-22 08:00:00,12555.0
2006-10-22 09:00:00,13220.0
2006-10-22 10:00:00,13526.0
2006-10-22 11:00:00,13638.0
2006-10-22 12:00:00,13597.0
2006-10-22 13:00:00,13451.0
2006-10-22 14:00:00,13327.0
2006-10-22 15:00:00,13383.0
2006-10-22 16:00:00,13798.0
2006-10-22 17:00:00,14636.0
2006-10-22 18:00:00,15673.0
2006-10-22 19:00:00,15490.0
2006-10-22 20:00:00,14840.0
2006-10-22 21:00:00,13754.0
2006-10-22 22:00:00,12435.0
2006-10-22 23:00:00,11263.0
2006-10-23 00:00:00,10443.0
2006-10-23 01:00:00,10024.0
2006-10-23 02:00:00,9858.0
2006-10-23 03:00:00,9841.0
2006-10-23 04:00:00,10196.0
2006-10-23 05:00:00,11328.0
2006-10-23 06:00:00,13632.0
2006-10-23 07:00:00,15148.0
2006-10-23 08:00:00,15510.0
2006-10-23 09:00:00,15736.0
2006-10-23 10:00:00,15925.0
2006-10-23 11:00:00,15938.0
2006-10-23 12:00:00,15833.0
2006-10-23 13:00:00,15773.0
2006-10-23 14:00:00,15579.0
2006-10-23 15:00:00,15454.0
2006-10-23 16:00:00,15624.0
2006-10-23 17:00:00,16225.0
2006-10-23 18:00:00,17234.0
2006-10-23 19:00:00,17051.0
2006-10-23 20:00:00,16276.0
2006-10-23 21:00:00,15057.0
2006-10-23 22:00:00,13464.0
2006-10-23 23:00:00,12022.0
2006-10-24 00:00:00,11069.0
2006-10-24 01:00:00,10636.0
2006-10-24 02:00:00,10398.0
2006-10-24 03:00:00,10346.0
2006-10-24 04:00:00,10632.0
2006-10-24 05:00:00,11779.0
2006-10-24 06:00:00,14079.0
2006-10-24 07:00:00,15561.0
2006-10-24 08:00:00,15775.0
2006-10-24 09:00:00,15890.0
2006-10-24 10:00:00,15983.0
2006-10-24 11:00:00,15903.0
2006-10-24 12:00:00,15734.0
2006-10-24 13:00:00,15654.0
2006-10-24 14:00:00,15501.0
2006-10-24 15:00:00,15425.0
2006-10-24 16:00:00,15672.0
2006-10-24 17:00:00,16357.0
2006-10-24 18:00:00,17362.0
2006-10-24 19:00:00,17121.0
2006-10-24 20:00:00,16387.0
2006-10-24 21:00:00,15218.0
2006-10-24 22:00:00,13564.0
2006-10-24 23:00:00,12144.0
2006-10-25 00:00:00,11190.0
2006-10-25 01:00:00,10744.0
2006-10-25 02:00:00,10522.0
2006-10-25 03:00:00,10481.0
2006-10-25 04:00:00,10793.0
2006-10-25 05:00:00,11976.0
2006-10-25 06:00:00,14329.0
2006-10-25 07:00:00,15648.0
2006-10-25 08:00:00,15784.0
2006-10-25 09:00:00,15817.0
2006-10-25 10:00:00,15898.0
2006-10-25 11:00:00,15837.0
2006-10-25 12:00:00,15672.0
2006-10-25 13:00:00,15638.0
2006-10-25 14:00:00,15432.0
2006-10-25 15:00:00,15331.0
2006-10-25 16:00:00,15512.0
2006-10-25 17:00:00,16185.0
2006-10-25 18:00:00,17263.0
2006-10-25 19:00:00,17097.0
2006-10-25 20:00:00,16469.0
2006-10-25 21:00:00,15283.0
2006-10-25 22:00:00,13657.0
2006-10-25 23:00:00,12156.0
2006-10-26 00:00:00,11228.0
2006-10-26 01:00:00,10820.0
2006-10-26 02:00:00,10597.0
2006-10-26 03:00:00,10539.0
2006-10-26 04:00:00,10889.0
2006-10-26 05:00:00,12099.0
2006-10-26 06:00:00,14422.0
2006-10-26 07:00:00,15728.0
2006-10-26 08:00:00,15843.0
2006-10-26 09:00:00,15889.0
2006-10-26 10:00:00,15939.0
2006-10-26 11:00:00,15821.0
2006-10-26 12:00:00,15649.0
2006-10-26 13:00:00,15610.0
2006-10-26 14:00:00,15490.0
2006-10-26 15:00:00,15408.0
2006-10-26 16:00:00,15623.0
2006-10-26 17:00:00,16255.0
2006-10-26 18:00:00,17304.0
2006-10-26 19:00:00,17123.0
2006-10-26 20:00:00,16496.0
2006-10-26 21:00:00,15383.0
2006-10-26 22:00:00,13783.0
2006-10-26 23:00:00,12355.0
2006-10-27 00:00:00,11461.0
2006-10-27 01:00:00,10996.0
2006-10-27 02:00:00,10778.0
2006-10-27 03:00:00,10761.0
2006-10-27 04:00:00,11065.0
2006-10-27 05:00:00,12232.0
2006-10-27 06:00:00,14576.0
2006-10-27 07:00:00,15929.0
2006-10-27 08:00:00,16082.0
2006-10-27 09:00:00,16063.0
2006-10-27 10:00:00,16011.0
2006-10-27 11:00:00,15825.0
2006-10-27 12:00:00,15551.0
2006-10-27 13:00:00,15364.0
2006-10-27 14:00:00,15108.0
2006-10-27 15:00:00,14884.0
2006-10-27 16:00:00,14915.0
2006-10-27 17:00:00,15451.0
2006-10-27 18:00:00,16432.0
2006-10-27 19:00:00,16095.0
2006-10-27 20:00:00,15508.0
2006-10-27 21:00:00,14660.0
2006-10-27 22:00:00,13483.0
2006-10-27 23:00:00,12235.0
2006-10-28 00:00:00,11249.0
2006-10-28 01:00:00,10710.0
2006-10-28 02:00:00,10395.0
2006-10-28 03:00:00,10239.0
2006-10-28 04:00:00,10281.0
2006-10-28 05:00:00,10637.0
2006-10-28 06:00:00,11456.0
2006-10-28 07:00:00,12557.0
2006-10-28 08:00:00,13828.0
2006-10-28 09:00:00,14936.0
2006-10-28 10:00:00,15526.0
2006-10-28 11:00:00,15739.0
2006-10-28 12:00:00,15625.0
2006-10-28 13:00:00,15296.0
2006-10-28 14:00:00,15010.0
2006-10-28 15:00:00,14853.0
2006-10-28 16:00:00,14890.0
2006-10-28 17:00:00,15321.0
2006-10-28 18:00:00,15629.0
2006-10-28 19:00:00,15154.0
2006-10-28 20:00:00,14505.0
2006-10-28 21:00:00,13745.0
2006-10-28 22:00:00,12733.0
2006-10-28 23:00:00,11724.0
2006-10-29 00:00:00,10901.0
2006-10-29 01:00:00,20352.0
2006-10-29 02:00:00,9911.0
2006-10-29 03:00:00,9914.0
2006-10-29 04:00:00,10036.0
2006-10-29 05:00:00,10427.0
2006-10-29 06:00:00,11023.0
2006-10-29 07:00:00,12023.0
2006-10-29 08:00:00,13069.0
2006-10-29 09:00:00,13601.0
2006-10-29 10:00:00,13790.0
2006-10-29 11:00:00,13844.0
2006-10-29 12:00:00,13778.0
2006-10-29 13:00:00,13604.0
2006-10-29 14:00:00,13484.0
2006-10-29 15:00:00,13695.0
2006-10-29 16:00:00,14669.0
2006-10-29 17:00:00,16116.0
2006-10-29 18:00:00,16032.0
2006-10-29 19:00:00,15628.0
2006-10-29 20:00:00,14914.0
2006-10-29 21:00:00,13796.0
2006-10-29 22:00:00,12465.0
2006-10-29 23:00:00,11486.0
2006-10-30 00:00:00,10732.0
2006-10-30 01:00:00,10423.0
2006-10-30 02:00:00,10270.0
2006-10-30 03:00:00,10309.0
2006-10-30 04:00:00,10719.0
2006-10-30 05:00:00,12044.0
2006-10-30 06:00:00,14089.0
2006-10-30 07:00:00,15255.0
2006-10-30 08:00:00,15570.0
2006-10-30 09:00:00,15698.0
2006-10-30 10:00:00,15791.0
2006-10-30 11:00:00,15788.0
2006-10-30 12:00:00,15579.0
2006-10-30 13:00:00,15505.0
2006-10-30 14:00:00,15341.0
2006-10-30 15:00:00,15292.0
2006-10-30 16:00:00,15995.0
2006-10-30 17:00:00,17489.0
2006-10-30 18:00:00,17457.0
2006-10-30 19:00:00,16965.0
2006-10-30 20:00:00,16153.0
2006-10-30 21:00:00,14939.0
2006-10-30 22:00:00,13389.0
2006-10-30 23:00:00,12049.0
2006-10-31 00:00:00,11125.0
2006-10-31 01:00:00,10685.0
2006-10-31 02:00:00,10488.0
2006-10-31 03:00:00,10502.0
2006-10-31 04:00:00,10862.0
2006-10-31 05:00:00,12145.0
2006-10-31 06:00:00,14189.0
2006-10-31 07:00:00,15310.0
2006-10-31 08:00:00,15517.0
2006-10-31 09:00:00,15633.0
2006-10-31 10:00:00,15719.0
2006-10-31 11:00:00,15712.0
2006-10-31 12:00:00,15626.0
2006-10-31 13:00:00,15582.0
2006-10-31 14:00:00,15448.0
2006-10-31 15:00:00,15457.0
2006-10-31 16:00:00,16107.0
2006-10-31 17:00:00,17060.0
2006-10-31 18:00:00,16457.0
2006-10-31 19:00:00,15914.0
2006-10-31 20:00:00,15365.0
2006-10-31 21:00:00,14352.0
2006-10-31 22:00:00,12817.0
2006-10-31 23:00:00,11557.0
2006-11-01 00:00:00,10761.0
2006-11-01 01:00:00,10348.0
2006-11-01 02:00:00,10123.0
2006-11-01 03:00:00,10085.0
2006-11-01 04:00:00,10386.0
2006-11-01 05:00:00,11560.0
2006-11-01 06:00:00,13596.0
2006-11-01 07:00:00,14795.0
2006-11-01 08:00:00,15135.0
2006-11-01 09:00:00,15377.0
2006-11-01 10:00:00,15596.0
2006-11-01 11:00:00,15643.0
2006-11-01 12:00:00,15540.0
2006-11-01 13:00:00,15569.0
2006-11-01 14:00:00,15415.0
2006-11-01 15:00:00,15309.0
2006-11-01 16:00:00,15948.0
2006-11-01 17:00:00,17351.0
2006-11-01 18:00:00,17245.0
2006-11-01 19:00:00,16663.0
2006-11-01 20:00:00,15860.0
2006-11-01 21:00:00,14574.0
2006-11-01 22:00:00,12977.0
2006-11-01 23:00:00,11631.0
2006-11-02 00:00:00,10745.0
2006-11-02 01:00:00,10321.0
2006-11-02 02:00:00,10106.0
2006-11-02 03:00:00,10071.0
2006-11-02 04:00:00,10391.0
2006-11-02 05:00:00,11580.0
2006-11-02 06:00:00,13787.0
2006-11-02 07:00:00,15244.0
2006-11-02 08:00:00,15720.0
2006-11-02 09:00:00,15927.0
2006-11-02 10:00:00,16136.0
2006-11-02 11:00:00,16071.0
2006-11-02 12:00:00,15861.0
2006-11-02 13:00:00,15712.0
2006-11-02 14:00:00,15501.0
2006-11-02 15:00:00,15438.0
2006-11-02 16:00:00,16154.0
2006-11-02 17:00:00,17628.0
2006-11-02 18:00:00,17611.0
2006-11-02 19:00:00,17163.0
2006-11-02 20:00:00,16417.0
2006-11-02 21:00:00,15210.0
2006-11-02 22:00:00,13703.0
2006-11-02 23:00:00,12371.0
2006-11-03 00:00:00,11506.0
2006-11-03 01:00:00,11052.0
2006-11-03 02:00:00,10859.0
2006-11-03 03:00:00,10867.0
2006-11-03 04:00:00,11228.0
2006-11-03 05:00:00,12456.0
2006-11-03 06:00:00,14500.0
2006-11-03 07:00:00,15634.0
2006-11-03 08:00:00,15919.0
2006-11-03 09:00:00,15999.0
2006-11-03 10:00:00,16009.0
2006-11-03 11:00:00,15885.0
2006-11-03 12:00:00,15700.0
2006-11-03 13:00:00,15605.0
2006-11-03 14:00:00,15420.0
2006-11-03 15:00:00,15387.0
2006-11-03 16:00:00,16129.0
2006-11-03 17:00:00,17432.0
2006-11-03 18:00:00,17259.0
2006-11-03 19:00:00,16687.0
2006-11-03 20:00:00,16060.0
2006-11-03 21:00:00,15164.0
2006-11-03 22:00:00,13932.0
2006-11-03 23:00:00,12711.0
2006-11-04 00:00:00,11824.0
2006-11-04 01:00:00,11301.0
2006-11-04 02:00:00,11065.0
2006-11-04 03:00:00,10976.0
2006-11-04 04:00:00,11106.0
2006-11-04 05:00:00,11624.0
2006-11-04 06:00:00,12391.0
2006-11-04 07:00:00,13426.0
2006-11-04 08:00:00,14347.0
2006-11-04 09:00:00,14766.0
2006-11-04 10:00:00,14806.0
2006-11-04 11:00:00,14651.0
2006-11-04 12:00:00,14384.0
2006-11-04 13:00:00,14154.0
2006-11-04 14:00:00,13947.0
2006-11-04 15:00:00,14004.0
2006-11-04 16:00:00,14937.0
2006-11-04 17:00:00,16313.0
2006-11-04 18:00:00,16147.0
2006-11-04 19:00:00,15659.0
2006-11-04 20:00:00,15130.0
2006-11-04 21:00:00,14419.0
2006-11-04 22:00:00,13436.0
2006-11-04 23:00:00,12405.0
2006-11-05 00:00:00,11623.0
2006-11-05 01:00:00,11136.0
2006-11-05 02:00:00,10883.0
2006-11-05 03:00:00,10789.0
2006-11-05 04:00:00,10861.0
2006-11-05 05:00:00,11188.0
2006-11-05 06:00:00,11670.0
2006-11-05 07:00:00,12442.0
2006-11-05 08:00:00,13373.0
2006-11-05 09:00:00,13928.0
2006-11-05 10:00:00,14089.0
2006-11-05 11:00:00,14059.0
2006-11-05 12:00:00,13929.0
2006-11-05 13:00:00,13729.0
2006-11-05 14:00:00,13572.0
2006-11-05 15:00:00,13724.0
2006-11-05 16:00:00,14904.0
2006-11-05 17:00:00,16526.0
2006-11-05 18:00:00,16468.0
2006-11-05 19:00:00,16092.0
2006-11-05 20:00:00,15463.0
2006-11-05 21:00:00,14418.0
2006-11-05 22:00:00,13227.0
2006-11-05 23:00:00,12115.0
2006-11-06 00:00:00,11249.0
2006-11-06 01:00:00,10839.0
2006-11-06 02:00:00,10676.0
2006-11-06 03:00:00,10693.0
2006-11-06 04:00:00,11069.0
2006-11-06 05:00:00,12318.0
2006-11-06 06:00:00,14455.0
2006-11-06 07:00:00,15725.0
2006-11-06 08:00:00,16013.0
2006-11-06 09:00:00,16085.0
2006-11-06 10:00:00,16118.0
2006-11-06 11:00:00,15985.0
2006-11-06 12:00:00,15746.0
2006-11-06 13:00:00,15627.0
2006-11-06 14:00:00,15415.0
2006-11-06 15:00:00,15395.0
2006-11-06 16:00:00,16322.0
2006-11-06 17:00:00,17808.0
2006-11-06 18:00:00,17684.0
2006-11-06 19:00:00,17147.0
2006-11-06 20:00:00,16336.0
2006-11-06 21:00:00,15152.0
2006-11-06 22:00:00,13567.0
2006-11-06 23:00:00,12249.0
2006-11-07 00:00:00,11325.0
2006-11-07 01:00:00,10918.0
2006-11-07 02:00:00,10738.0
2006-11-07 03:00:00,10747.0
2006-11-07 04:00:00,11078.0
2006-11-07 05:00:00,12307.0
2006-11-07 06:00:00,14319.0
2006-11-07 07:00:00,15493.0
2006-11-07 08:00:00,15788.0
2006-11-07 09:00:00,15867.0
2006-11-07 10:00:00,15927.0
2006-11-07 11:00:00,15887.0
2006-11-07 12:00:00,15766.0
2006-11-07 13:00:00,15688.0
2006-11-07 14:00:00,15554.0
2006-11-07 15:00:00,15628.0
2006-11-07 16:00:00,16676.0
2006-11-07 17:00:00,17733.0
2006-11-07 18:00:00,17543.0
2006-11-07 19:00:00,16981.0
2006-11-07 20:00:00,16188.0
2006-11-07 21:00:00,14927.0
2006-11-07 22:00:00,13369.0
2006-11-07 23:00:00,11962.0
2006-11-08 00:00:00,11027.0
2006-11-08 01:00:00,10536.0
2006-11-08 02:00:00,10315.0
2006-11-08 03:00:00,10268.0
2006-11-08 04:00:00,10560.0
2006-11-08 05:00:00,11665.0
2006-11-08 06:00:00,13845.0
2006-11-08 07:00:00,15188.0
2006-11-08 08:00:00,15676.0
2006-11-08 09:00:00,15884.0
2006-11-08 10:00:00,16094.0
2006-11-08 11:00:00,16165.0
2006-11-08 12:00:00,16134.0
2006-11-08 13:00:00,16154.0
2006-11-08 14:00:00,16079.0
2006-11-08 15:00:00,16289.0
2006-11-08 16:00:00,17226.0
2006-11-08 17:00:00,17904.0
2006-11-08 18:00:00,17604.0
2006-11-08 19:00:00,17015.0
2006-11-08 20:00:00,16170.0
2006-11-08 21:00:00,14920.0
2006-11-08 22:00:00,13363.0
2006-11-08 23:00:00,11937.0
2006-11-09 00:00:00,10993.0
2006-11-09 01:00:00,10498.0
2006-11-09 02:00:00,10236.0
2006-11-09 03:00:00,10166.0
2006-11-09 04:00:00,10455.0
2006-11-09 05:00:00,11566.0
2006-11-09 06:00:00,13678.0
2006-11-09 07:00:00,14929.0
2006-11-09 08:00:00,15353.0
2006-11-09 09:00:00,15555.0
2006-11-09 10:00:00,15777.0
2006-11-09 11:00:00,15801.0
2006-11-09 12:00:00,15717.0
2006-11-09 13:00:00,15683.0
2006-11-09 14:00:00,15564.0
2006-11-09 15:00:00,15491.0
2006-11-09 16:00:00,16162.0
2006-11-09 17:00:00,17346.0
2006-11-09 18:00:00,17101.0
2006-11-09 19:00:00,16558.0
2006-11-09 20:00:00,15786.0
2006-11-09 21:00:00,14643.0
2006-11-09 22:00:00,13180.0
2006-11-09 23:00:00,11850.0
2006-11-10 00:00:00,10875.0
2006-11-10 01:00:00,10356.0
2006-11-10 02:00:00,10113.0
2006-11-10 03:00:00,10028.0
2006-11-10 04:00:00,10313.0
2006-11-10 05:00:00,11213.0
2006-11-10 06:00:00,12693.0
2006-11-10 07:00:00,13965.0
2006-11-10 08:00:00,14735.0
2006-11-10 09:00:00,15142.0
2006-11-10 10:00:00,15348.0
2006-11-10 11:00:00,15314.0
2006-11-10 12:00:00,15160.0
2006-11-10 13:00:00,15054.0
2006-11-10 14:00:00,14869.0
2006-11-10 15:00:00,14758.0
2006-11-10 16:00:00,15502.0
2006-11-10 17:00:00,16652.0
2006-11-10 18:00:00,16319.0
2006-11-10 19:00:00,15693.0
2006-11-10 20:00:00,15027.0
2006-11-10 21:00:00,14144.0
2006-11-10 22:00:00,12985.0
2006-11-10 23:00:00,11794.0
2006-11-11 00:00:00,10881.0
2006-11-11 01:00:00,10409.0
2006-11-11 02:00:00,10133.0
2006-11-11 03:00:00,10034.0
2006-11-11 04:00:00,10153.0
2006-11-11 05:00:00,10589.0
2006-11-11 06:00:00,11298.0
2006-11-11 07:00:00,12247.0
2006-11-11 08:00:00,13241.0
2006-11-11 09:00:00,13835.0
2006-11-11 10:00:00,13994.0
2006-11-11 11:00:00,13912.0
2006-11-11 12:00:00,13692.0
2006-11-11 13:00:00,13407.0
2006-11-11 14:00:00,13199.0
2006-11-11 15:00:00,13252.0
2006-11-11 16:00:00,14345.0
2006-11-11 17:00:00,15591.0
2006-11-11 18:00:00,15322.0
2006-11-11 19:00:00,14771.0
2006-11-11 20:00:00,14171.0
2006-11-11 21:00:00,13408.0
2006-11-11 22:00:00,12403.0
2006-11-11 23:00:00,11351.0
2006-11-12 00:00:00,10540.0
2006-11-12 01:00:00,10008.0
2006-11-12 02:00:00,9689.0
2006-11-12 03:00:00,9534.0
2006-11-12 04:00:00,9554.0
2006-11-12 05:00:00,9796.0
2006-11-12 06:00:00,10260.0
2006-11-12 07:00:00,11056.0
2006-11-12 08:00:00,12215.0
2006-11-12 09:00:00,13171.0
2006-11-12 10:00:00,13755.0
2006-11-12 11:00:00,14166.0
2006-11-12 12:00:00,14438.0
2006-11-12 13:00:00,14452.0
2006-11-12 14:00:00,14397.0
2006-11-12 15:00:00,14550.0
2006-11-12 16:00:00,15505.0
2006-11-12 17:00:00,16170.0
2006-11-12 18:00:00,15909.0
2006-11-12 19:00:00,15391.0
2006-11-12 20:00:00,14676.0
2006-11-12 21:00:00,13550.0
2006-11-12 22:00:00,12299.0
2006-11-12 23:00:00,11162.0
2006-11-13 00:00:00,10356.0
2006-11-13 01:00:00,9963.0
2006-11-13 02:00:00,9796.0
2006-11-13 03:00:00,9790.0
2006-11-13 04:00:00,10122.0
2006-11-13 05:00:00,11318.0
2006-11-13 06:00:00,13493.0
2006-11-13 07:00:00,14951.0
2006-11-13 08:00:00,15466.0
2006-11-13 09:00:00,15739.0
2006-11-13 10:00:00,15992.0
2006-11-13 11:00:00,16066.0
2006-11-13 12:00:00,16019.0
2006-11-13 13:00:00,16007.0
2006-11-13 14:00:00,15962.0
2006-11-13 15:00:00,16199.0
2006-11-13 16:00:00,17200.0
2006-11-13 17:00:00,17884.0
2006-11-13 18:00:00,17579.0
2006-11-13 19:00:00,16992.0
2006-11-13 20:00:00,16156.0
2006-11-13 21:00:00,14905.0
2006-11-13 22:00:00,13269.0
2006-11-13 23:00:00,11844.0
2006-11-14 00:00:00,10938.0
2006-11-14 01:00:00,10443.0
2006-11-14 02:00:00,10207.0
2006-11-14 03:00:00,10157.0
2006-11-14 04:00:00,10463.0
2006-11-14 05:00:00,11598.0
2006-11-14 06:00:00,13756.0
2006-11-14 07:00:00,15091.0
2006-11-14 08:00:00,15492.0
2006-11-14 09:00:00,15651.0
2006-11-14 10:00:00,15807.0
2006-11-14 11:00:00,15857.0
2006-11-14 12:00:00,15778.0
2006-11-14 13:00:00,15739.0
2006-11-14 14:00:00,15659.0
2006-11-14 15:00:00,15778.0
2006-11-14 16:00:00,16754.0
2006-11-14 17:00:00,17660.0
2006-11-14 18:00:00,17377.0
2006-11-14 19:00:00,16814.0
2006-11-14 20:00:00,15988.0
2006-11-14 21:00:00,14790.0
2006-11-14 22:00:00,13239.0
2006-11-14 23:00:00,11758.0
2006-11-15 00:00:00,10828.0
2006-11-15 01:00:00,10350.0
2006-11-15 02:00:00,10113.0
2006-11-15 03:00:00,10064.0
2006-11-15 04:00:00,10368.0
2006-11-15 05:00:00,11484.0
2006-11-15 06:00:00,13646.0
2006-11-15 07:00:00,14959.0
2006-11-15 08:00:00,15374.0
2006-11-15 09:00:00,15563.0
2006-11-15 10:00:00,15707.0
2006-11-15 11:00:00,15735.0
2006-11-15 12:00:00,15671.0
2006-11-15 13:00:00,15714.0
2006-11-15 14:00:00,15610.0
2006-11-15 15:00:00,15743.0
2006-11-15 16:00:00,16792.0
2006-11-15 17:00:00,17644.0
2006-11-15 18:00:00,17366.0
2006-11-15 19:00:00,16833.0
2006-11-15 20:00:00,16050.0
2006-11-15 21:00:00,14896.0
2006-11-15 22:00:00,13277.0
2006-11-15 23:00:00,11855.0
2006-11-16 00:00:00,10895.0
2006-11-16 01:00:00,10392.0
2006-11-16 02:00:00,10161.0
2006-11-16 03:00:00,10116.0
2006-11-16 04:00:00,10409.0
2006-11-16 05:00:00,11526.0
2006-11-16 06:00:00,13676.0
2006-11-16 07:00:00,15006.0
2006-11-16 08:00:00,15538.0
2006-11-16 09:00:00,15850.0
2006-11-16 10:00:00,16137.0
2006-11-16 11:00:00,16190.0
2006-11-16 12:00:00,16152.0
2006-11-16 13:00:00,16166.0
2006-11-16 14:00:00,16121.0
2006-11-16 15:00:00,16195.0
2006-11-16 16:00:00,17230.0
2006-11-16 17:00:00,18008.0
2006-11-16 18:00:00,17666.0
2006-11-16 19:00:00,17167.0
2006-11-16 20:00:00,16404.0
2006-11-16 21:00:00,15188.0
2006-11-16 22:00:00,13635.0
2006-11-16 23:00:00,12172.0
2006-11-17 00:00:00,11228.0
2006-11-17 01:00:00,10703.0
2006-11-17 02:00:00,10424.0
2006-11-17 03:00:00,10348.0
2006-11-17 04:00:00,10612.0
2006-11-17 05:00:00,11694.0
2006-11-17 06:00:00,13767.0
2006-11-17 07:00:00,15136.0
2006-11-17 08:00:00,15583.0
2006-11-17 09:00:00,15873.0
2006-11-17 10:00:00,16067.0
2006-11-17 11:00:00,16032.0
2006-11-17 12:00:00,15857.0
2006-11-17 13:00:00,15723.0
2006-11-17 14:00:00,15471.0
2006-11-17 15:00:00,15345.0
2006-11-17 16:00:00,16082.0
2006-11-17 17:00:00,17006.0
2006-11-17 18:00:00,16602.0
2006-11-17 19:00:00,15952.0
2006-11-17 20:00:00,15273.0
2006-11-17 21:00:00,14355.0
2006-11-17 22:00:00,13136.0
2006-11-17 23:00:00,11832.0
2006-11-18 00:00:00,10895.0
2006-11-18 01:00:00,10354.0
2006-11-18 02:00:00,10064.0
2006-11-18 03:00:00,9973.0
2006-11-18 04:00:00,10092.0
2006-11-18 05:00:00,10573.0
2006-11-18 06:00:00,11345.0
2006-11-18 07:00:00,12310.0
2006-11-18 08:00:00,13362.0
2006-11-18 09:00:00,13977.0
2006-11-18 10:00:00,14203.0
2006-11-18 11:00:00,14134.0
2006-11-18 12:00:00,13913.0
2006-11-18 13:00:00,13715.0
2006-11-18 14:00:00,13561.0
2006-11-18 15:00:00,13721.0
2006-11-18 16:00:00,14863.0
2006-11-18 17:00:00,15999.0
2006-11-18 18:00:00,15690.0
2006-11-18 19:00:00,15249.0
2006-11-18 20:00:00,14696.0
2006-11-18 21:00:00,13970.0
2006-11-18 22:00:00,12927.0
2006-11-18 23:00:00,11857.0
2006-11-19 00:00:00,10980.0
2006-11-19 01:00:00,10493.0
2006-11-19 02:00:00,10184.0
2006-11-19 03:00:00,10058.0
2006-11-19 04:00:00,10099.0
2006-11-19 05:00:00,10382.0
2006-11-19 06:00:00,10904.0
2006-11-19 07:00:00,11631.0
2006-11-19 08:00:00,12642.0
2006-11-19 09:00:00,13485.0
2006-11-19 10:00:00,13859.0
2006-11-19 11:00:00,14089.0
2006-11-19 12:00:00,14150.0
2006-11-19 13:00:00,14077.0
2006-11-19 14:00:00,14058.0
2006-11-19 15:00:00,14345.0
2006-11-19 16:00:00,15626.0
2006-11-19 17:00:00,16577.0
2006-11-19 18:00:00,16424.0
2006-11-19 19:00:00,16022.0
2006-11-19 20:00:00,15331.0
2006-11-19 21:00:00,14269.0
2006-11-19 22:00:00,12950.0
2006-11-19 23:00:00,11776.0
2006-11-20 00:00:00,10972.0
2006-11-20 01:00:00,10552.0
2006-11-20 02:00:00,10397.0
2006-11-20 03:00:00,10430.0
2006-11-20 04:00:00,10804.0
2006-11-20 05:00:00,12031.0
2006-11-20 06:00:00,14250.0
2006-11-20 07:00:00,15606.0
2006-11-20 08:00:00,16051.0
2006-11-20 09:00:00,16229.0
2006-11-20 10:00:00,16320.0
2006-11-20 11:00:00,16235.0
2006-11-20 12:00:00,16053.0
2006-11-20 13:00:00,15980.0
2006-11-20 14:00:00,15825.0
2006-11-20 15:00:00,15948.0
2006-11-20 16:00:00,17172.0
2006-11-20 17:00:00,18422.0
2006-11-20 18:00:00,18301.0
2006-11-20 19:00:00,17844.0
2006-11-20 20:00:00,17096.0
2006-11-20 21:00:00,15920.0
2006-11-20 22:00:00,14319.0
2006-11-20 23:00:00,12848.0
2006-11-21 00:00:00,11936.0
2006-11-21 01:00:00,11496.0
2006-11-21 02:00:00,11318.0
2006-11-21 03:00:00,11352.0
2006-11-21 04:00:00,11720.0
2006-11-21 05:00:00,12948.0
2006-11-21 06:00:00,15150.0
2006-11-21 07:00:00,16286.0
2006-11-21 08:00:00,16475.0
2006-11-21 09:00:00,16457.0
2006-11-21 10:00:00,16444.0
2006-11-21 11:00:00,16289.0
2006-11-21 12:00:00,16053.0
2006-11-21 13:00:00,15941.0
2006-11-21 14:00:00,15759.0
2006-11-21 15:00:00,15839.0
2006-11-21 16:00:00,17041.0
2006-11-21 17:00:00,18312.0
2006-11-21 18:00:00,18226.0
2006-11-21 19:00:00,17841.0
2006-11-21 20:00:00,17217.0
2006-11-21 21:00:00,16136.0
2006-11-21 22:00:00,14606.0
2006-11-21 23:00:00,13150.0
2006-11-22 00:00:00,12168.0
2006-11-22 01:00:00,11681.0
2006-11-22 02:00:00,11453.0
2006-11-22 03:00:00,11426.0
2006-11-22 04:00:00,11756.0
2006-11-22 05:00:00,12838.0
2006-11-22 06:00:00,14819.0
2006-11-22 07:00:00,16186.0
2006-11-22 08:00:00,16763.0
2006-11-22 09:00:00,16983.0
2006-11-22 10:00:00,16955.0
2006-11-22 11:00:00,16765.0
2006-11-22 12:00:00,16502.0
2006-11-22 13:00:00,16426.0
2006-11-22 14:00:00,16286.0
2006-11-22 15:00:00,16241.0
2006-11-22 16:00:00,17328.0
2006-11-22 17:00:00,18103.0
2006-11-22 18:00:00,17770.0
2006-11-22 19:00:00,17193.0
2006-11-22 20:00:00,16491.0
2006-11-22 21:00:00,15469.0
2006-11-22 22:00:00,14051.0
2006-11-22 23:00:00,12637.0
2006-11-23 00:00:00,11580.0
2006-11-23 01:00:00,10943.0
2006-11-23 02:00:00,10599.0
2006-11-23 03:00:00,10463.0
2006-11-23 04:00:00,10540.0
2006-11-23 05:00:00,10926.0
2006-11-23 06:00:00,11645.0
2006-11-23 07:00:00,12576.0
2006-11-23 08:00:00,13895.0
2006-11-23 09:00:00,14977.0
2006-11-23 10:00:00,15662.0
2006-11-23 11:00:00,15941.0
2006-11-23 12:00:00,15570.0
2006-11-23 13:00:00,14654.0
2006-11-23 14:00:00,13830.0
2006-11-23 15:00:00,13467.0
2006-11-23 16:00:00,13848.0
2006-11-23 17:00:00,14065.0
2006-11-23 18:00:00,14000.0
2006-11-23 19:00:00,13939.0
2006-11-23 20:00:00,13778.0
2006-11-23 21:00:00,13277.0
2006-11-23 22:00:00,12505.0
2006-11-23 23:00:00,11522.0
2006-11-24 00:00:00,10778.0
2006-11-24 01:00:00,10320.0
2006-11-24 02:00:00,10114.0
2006-11-24 03:00:00,10098.0
2006-11-24 04:00:00,10336.0
2006-11-24 05:00:00,10990.0
2006-11-24 06:00:00,11910.0
2006-11-24 07:00:00,12680.0
2006-11-24 08:00:00,13430.0
2006-11-24 09:00:00,13916.0
2006-11-24 10:00:00,14145.0
2006-11-24 11:00:00,14137.0
2006-11-24 12:00:00,14003.0
2006-11-24 13:00:00,13768.0
2006-11-24 14:00:00,13612.0
2006-11-24 15:00:00,13695.0
2006-11-24 16:00:00,14913.0
2006-11-24 17:00:00,16063.0
2006-11-24 18:00:00,15823.0
2006-11-24 19:00:00,15400.0
2006-11-24 20:00:00,14828.0
2006-11-24 21:00:00,14104.0
2006-11-24 22:00:00,13078.0
2006-11-24 23:00:00,12040.0
2006-11-25 00:00:00,11195.0
2006-11-25 01:00:00,10716.0
2006-11-25 02:00:00,10480.0
2006-11-25 03:00:00,10423.0
2006-11-25 04:00:00,10544.0
2006-11-25 05:00:00,10996.0
2006-11-25 06:00:00,11719.0
2006-11-25 07:00:00,12518.0
2006-11-25 08:00:00,13509.0
2006-11-25 09:00:00,14134.0
2006-11-25 10:00:00,14315.0
2006-11-25 11:00:00,14194.0
2006-11-25 12:00:00,13913.0
2006-11-25 13:00:00,13578.0
2006-11-25 14:00:00,13365.0
2006-11-25 15:00:00,13507.0
2006-11-25 16:00:00,14846.0
2006-11-25 17:00:00,16041.0
2006-11-25 18:00:00,15861.0
2006-11-25 19:00:00,15468.0
2006-11-25 20:00:00,14988.0
2006-11-25 21:00:00,14345.0
2006-11-25 22:00:00,13296.0
2006-11-25 23:00:00,12223.0
2006-11-26 00:00:00,11353.0
2006-11-26 01:00:00,10803.0
2006-11-26 02:00:00,10531.0
2006-11-26 03:00:00,10430.0
2006-11-26 04:00:00,10480.0
2006-11-26 05:00:00,10765.0
2006-11-26 06:00:00,11239.0
2006-11-26 07:00:00,11860.0
2006-11-26 08:00:00,12799.0
2006-11-26 09:00:00,13479.0
2006-11-26 10:00:00,13747.0
2006-11-26 11:00:00,13819.0
2006-11-26 12:00:00,13791.0
2006-11-26 13:00:00,13611.0
2006-11-26 14:00:00,13501.0
2006-11-26 15:00:00,13799.0
2006-11-26 16:00:00,15338.0
2006-11-26 17:00:00,16546.0
2006-11-26 18:00:00,16460.0
2006-11-26 19:00:00,16018.0
2006-11-26 20:00:00,15359.0
2006-11-26 21:00:00,14180.0
2006-11-26 22:00:00,12789.0
2006-11-26 23:00:00,11554.0
2006-11-27 00:00:00,10732.0
2006-11-27 01:00:00,10350.0
2006-11-27 02:00:00,10202.0
2006-11-27 03:00:00,10262.0
2006-11-27 04:00:00,10644.0
2006-11-27 05:00:00,11892.0
2006-11-27 06:00:00,14135.0
2006-11-27 07:00:00,15435.0
2006-11-27 08:00:00,15772.0
2006-11-27 09:00:00,15872.0
2006-11-27 10:00:00,15937.0
2006-11-27 11:00:00,15905.0
2006-11-27 12:00:00,15759.0
2006-11-27 13:00:00,15672.0
2006-11-27 14:00:00,15582.0
2006-11-27 15:00:00,15706.0
2006-11-27 16:00:00,17103.0
2006-11-27 17:00:00,18221.0
2006-11-27 18:00:00,18028.0
2006-11-27 19:00:00,17506.0
2006-11-27 20:00:00,16650.0
2006-11-27 21:00:00,15379.0
2006-11-27 22:00:00,13628.0
2006-11-27 23:00:00,12160.0
2006-11-28 00:00:00,11190.0
2006-11-28 01:00:00,10684.0
2006-11-28 02:00:00,10452.0
2006-11-28 03:00:00,10429.0
2006-11-28 04:00:00,10746.0
2006-11-28 05:00:00,11925.0
2006-11-28 06:00:00,14208.0
2006-11-28 07:00:00,15621.0
2006-11-28 08:00:00,15971.0
2006-11-28 09:00:00,16161.0
2006-11-28 10:00:00,16333.0
2006-11-28 11:00:00,16381.0
2006-11-28 12:00:00,16352.0
2006-11-28 13:00:00,16397.0
2006-11-28 14:00:00,16392.0
2006-11-28 15:00:00,16722.0
2006-11-28 16:00:00,17918.0
2006-11-28 17:00:00,18631.0
2006-11-28 18:00:00,18376.0
2006-11-28 19:00:00,17853.0
2006-11-28 20:00:00,17006.0
2006-11-28 21:00:00,15702.0
2006-11-28 22:00:00,13994.0
2006-11-28 23:00:00,12478.0
2006-11-29 00:00:00,11487.0
2006-11-29 01:00:00,10962.0
2006-11-29 02:00:00,10722.0
2006-11-29 03:00:00,10676.0
2006-11-29 04:00:00,11007.0
2006-11-29 05:00:00,12172.0
2006-11-29 06:00:00,14440.0
2006-11-29 07:00:00,15810.0
2006-11-29 08:00:00,16102.0
2006-11-29 09:00:00,16215.0
2006-11-29 10:00:00,16275.0
2006-11-29 11:00:00,16244.0
2006-11-29 12:00:00,16124.0
2006-11-29 13:00:00,16075.0
2006-11-29 14:00:00,15974.0
2006-11-29 15:00:00,16170.0
2006-11-29 16:00:00,17486.0
2006-11-29 17:00:00,18318.0
2006-11-29 18:00:00,18105.0
2006-11-29 19:00:00,17593.0
2006-11-29 20:00:00,16818.0
2006-11-29 21:00:00,15552.0
2006-11-29 22:00:00,13849.0
2006-11-29 23:00:00,12185.0
2006-11-30 00:00:00,11197.0
2006-11-30 01:00:00,10651.0
2006-11-30 02:00:00,10382.0
2006-11-30 03:00:00,10294.0
2006-11-30 04:00:00,10591.0
2006-11-30 05:00:00,11763.0
2006-11-30 06:00:00,13992.0
2006-11-30 07:00:00,15298.0
2006-11-30 08:00:00,15642.0
2006-11-30 09:00:00,15844.0
2006-11-30 10:00:00,15982.0
2006-11-30 11:00:00,15962.0
2006-11-30 12:00:00,15829.0
2006-11-30 13:00:00,15794.0
2006-11-30 14:00:00,15666.0
2006-11-30 15:00:00,15716.0
2006-11-30 16:00:00,17018.0
2006-11-30 17:00:00,18056.0
2006-11-30 18:00:00,17837.0
2006-11-30 19:00:00,17358.0
2006-11-30 20:00:00,16594.0
2006-11-30 21:00:00,15385.0
2006-11-30 22:00:00,13672.0
2006-11-30 23:00:00,12113.0
2006-12-01 00:00:00,11054.0
2006-12-01 01:00:00,10515.0
2006-12-01 02:00:00,10226.0
2006-12-01 03:00:00,10151.0
2006-12-01 04:00:00,10410.0
2006-12-01 05:00:00,11515.0
2006-12-01 06:00:00,13743.0
2006-12-01 07:00:00,15226.0
2006-12-01 08:00:00,15702.0
2006-12-01 09:00:00,15981.0
2006-12-01 10:00:00,16220.0
2006-12-01 11:00:00,16314.0
2006-12-01 12:00:00,16222.0
2006-12-01 13:00:00,16162.0
2006-12-01 14:00:00,16171.0
2006-12-01 15:00:00,16498.0
2006-12-01 16:00:00,17465.0
2006-12-01 17:00:00,17844.0
2006-12-01 18:00:00,17359.0
2006-12-01 19:00:00,16652.0
2006-12-01 20:00:00,15873.0
2006-12-01 21:00:00,14900.0
2006-12-01 22:00:00,13576.0
2006-12-01 23:00:00,12208.0
2006-12-02 00:00:00,11070.0
2006-12-02 01:00:00,10442.0
2006-12-02 02:00:00,10137.0
2006-12-02 03:00:00,10028.0
2006-12-02 04:00:00,10146.0
2006-12-02 05:00:00,10609.0
2006-12-02 06:00:00,11476.0
2006-12-02 07:00:00,12401.0
2006-12-02 08:00:00,13499.0
2006-12-02 09:00:00,14204.0
2006-12-02 10:00:00,14444.0
2006-12-02 11:00:00,14412.0
2006-12-02 12:00:00,14252.0
2006-12-02 13:00:00,13989.0
2006-12-02 14:00:00,13846.0
2006-12-02 15:00:00,14027.0
2006-12-02 16:00:00,15499.0
2006-12-02 17:00:00,16777.0
2006-12-02 18:00:00,16665.0
2006-12-02 19:00:00,16192.0
2006-12-02 20:00:00,15712.0
2006-12-02 21:00:00,14997.0
2006-12-02 22:00:00,13966.0
2006-12-02 23:00:00,12756.0
2006-12-03 00:00:00,11790.0
2006-12-03 01:00:00,11199.0
2006-12-03 02:00:00,10894.0
2006-12-03 03:00:00,10760.0
2006-12-03 04:00:00,10829.0
2006-12-03 05:00:00,11159.0
2006-12-03 06:00:00,11738.0
2006-12-03 07:00:00,12402.0
2006-12-03 08:00:00,13331.0
2006-12-03 09:00:00,13977.0
2006-12-03 10:00:00,14185.0
2006-12-03 11:00:00,14223.0
2006-12-03 12:00:00,14150.0
2006-12-03 13:00:00,13983.0
2006-12-03 14:00:00,13908.0
2006-12-03 15:00:00,14219.0
2006-12-03 16:00:00,16017.0
2006-12-03 17:00:00,17421.0
2006-12-03 18:00:00,17396.0
2006-12-03 19:00:00,17068.0
2006-12-03 20:00:00,16480.0
2006-12-03 21:00:00,15293.0
2006-12-03 22:00:00,13689.0
2006-12-03 23:00:00,12328.0
2006-12-04 00:00:00,11448.0
2006-12-04 01:00:00,10982.0
2006-12-04 02:00:00,10809.0
2006-12-04 03:00:00,10800.0
2006-12-04 04:00:00,11177.0
2006-12-04 05:00:00,12414.0
2006-12-04 06:00:00,14798.0
2006-12-04 07:00:00,16427.0
2006-12-04 08:00:00,16770.0
2006-12-04 09:00:00,16924.0
2006-12-04 10:00:00,16988.0
2006-12-04 11:00:00,16895.0
2006-12-04 12:00:00,16739.0
2006-12-04 13:00:00,16666.0
2006-12-04 14:00:00,16572.0
2006-12-04 15:00:00,16767.0
2006-12-04 16:00:00,18354.0
2006-12-04 17:00:00,19746.0
2006-12-04 18:00:00,19688.0
2006-12-04 19:00:00,19246.0
2006-12-04 20:00:00,18517.0
2006-12-04 21:00:00,17225.0
2006-12-04 22:00:00,15344.0
2006-12-04 23:00:00,13716.0
2006-12-05 00:00:00,12735.0
2006-12-05 01:00:00,12238.0
2006-12-05 02:00:00,12056.0
2006-12-05 03:00:00,12047.0
2006-12-05 04:00:00,12393.0
2006-12-05 05:00:00,13656.0
2006-12-05 06:00:00,15938.0
2006-12-05 07:00:00,17220.0
2006-12-05 08:00:00,17383.0
2006-12-05 09:00:00,17383.0
2006-12-05 10:00:00,17272.0
2006-12-05 11:00:00,17252.0
2006-12-05 12:00:00,17049.0
2006-12-05 13:00:00,16911.0
2006-12-05 14:00:00,16793.0
2006-12-05 15:00:00,16998.0
2006-12-05 16:00:00,18638.0
2006-12-05 17:00:00,19951.0
2006-12-05 18:00:00,19898.0
2006-12-05 19:00:00,19517.0
2006-12-05 20:00:00,18817.0
2006-12-05 21:00:00,17569.0
2006-12-05 22:00:00,15711.0
2006-12-05 23:00:00,14105.0
2006-12-06 00:00:00,13114.0
2006-12-06 01:00:00,12638.0
2006-12-06 02:00:00,12456.0
2006-12-06 03:00:00,12474.0
2006-12-06 04:00:00,12806.0
2006-12-06 05:00:00,14071.0
2006-12-06 06:00:00,16370.0
2006-12-06 07:00:00,17497.0
2006-12-06 08:00:00,17532.0
2006-12-06 09:00:00,17483.0
2006-12-06 10:00:00,17436.0
2006-12-06 11:00:00,17271.0
2006-12-06 12:00:00,17106.0
2006-12-06 13:00:00,17047.0
2006-12-06 14:00:00,16933.0
2006-12-06 15:00:00,17134.0
2006-12-06 16:00:00,18560.0
2006-12-06 17:00:00,19581.0
2006-12-06 18:00:00,19387.0
2006-12-06 19:00:00,18882.0
2006-12-06 20:00:00,18096.0
2006-12-06 21:00:00,16786.0
2006-12-06 22:00:00,14836.0
2006-12-06 23:00:00,13189.0
2006-12-07 00:00:00,12105.0
2006-12-07 01:00:00,11533.0
2006-12-07 02:00:00,11244.0
2006-12-07 03:00:00,11198.0
2006-12-07 04:00:00,11486.0
2006-12-07 05:00:00,12634.0
2006-12-07 06:00:00,14862.0
2006-12-07 07:00:00,16135.0
2006-12-07 08:00:00,16231.0
2006-12-07 09:00:00,16151.0
2006-12-07 10:00:00,16120.0
2006-12-07 11:00:00,15988.0
2006-12-07 12:00:00,15816.0
2006-12-07 13:00:00,15747.0
2006-12-07 14:00:00,15674.0
2006-12-07 15:00:00,15942.0
2006-12-07 16:00:00,17505.0
2006-12-07 17:00:00,18647.0
2006-12-07 18:00:00,18562.0
2006-12-07 19:00:00,18187.0
2006-12-07 20:00:00,17586.0
2006-12-07 21:00:00,16477.0
2006-12-07 22:00:00,14846.0
2006-12-07 23:00:00,13326.0
2006-12-08 00:00:00,12402.0
2006-12-08 01:00:00,11980.0
2006-12-08 02:00:00,11873.0
2006-12-08 03:00:00,11947.0
2006-12-08 04:00:00,12395.0
2006-12-08 05:00:00,13697.0
2006-12-08 06:00:00,16086.0
2006-12-08 07:00:00,17500.0
2006-12-08 08:00:00,17930.0
2006-12-08 09:00:00,18123.0
2006-12-08 10:00:00,18223.0
2006-12-08 11:00:00,18153.0
2006-12-08 12:00:00,17964.0
2006-12-08 13:00:00,17849.0
2006-12-08 14:00:00,17631.0
2006-12-08 15:00:00,17747.0
2006-12-08 16:00:00,19223.0
2006-12-08 17:00:00,20309.0
2006-12-08 18:00:00,19998.0
2006-12-08 19:00:00,19425.0
2006-12-08 20:00:00,18729.0
2006-12-08 21:00:00,17748.0
2006-12-08 22:00:00,16305.0
2006-12-08 23:00:00,14778.0
2006-12-09 00:00:00,13650.0
2006-12-09 01:00:00,12962.0
2006-12-09 02:00:00,12636.0
2006-12-09 03:00:00,12499.0
2006-12-09 04:00:00,12577.0
2006-12-09 05:00:00,12990.0
2006-12-09 06:00:00,13847.0
2006-12-09 07:00:00,14786.0
2006-12-09 08:00:00,15791.0
2006-12-09 09:00:00,16331.0
2006-12-09 10:00:00,16400.0
2006-12-09 11:00:00,16193.0
2006-12-09 12:00:00,15809.0
2006-12-09 13:00:00,15459.0
2006-12-09 14:00:00,15175.0
2006-12-09 15:00:00,15363.0
2006-12-09 16:00:00,16915.0
2006-12-09 17:00:00,18178.0
2006-12-09 18:00:00,17937.0
2006-12-09 19:00:00,17436.0
2006-12-09 20:00:00,16899.0
2006-12-09 21:00:00,16131.0
2006-12-09 22:00:00,14976.0
2006-12-09 23:00:00,13640.0
2006-12-10 00:00:00,12565.0
2006-12-10 01:00:00,11947.0
2006-12-10 02:00:00,11587.0
2006-12-10 03:00:00,11414.0
2006-12-10 04:00:00,11447.0
2006-12-10 05:00:00,11714.0
2006-12-10 06:00:00,12266.0
2006-12-10 07:00:00,12935.0
2006-12-10 08:00:00,13883.0
2006-12-10 09:00:00,14454.0
2006-12-10 10:00:00,14638.0
2006-12-10 11:00:00,14633.0
2006-12-10 12:00:00,14505.0
2006-12-10 13:00:00,14301.0
2006-12-10 14:00:00,14144.0
2006-12-10 15:00:00,14361.0
2006-12-10 16:00:00,16181.0
2006-12-10 17:00:00,17648.0
2006-12-10 18:00:00,17687.0
2006-12-10 19:00:00,17386.0
2006-12-10 20:00:00,16803.0
2006-12-10 21:00:00,15679.0
2006-12-10 22:00:00,14111.0
2006-12-10 23:00:00,12651.0
2006-12-11 00:00:00,11705.0
2006-12-11 01:00:00,11263.0
2006-12-11 02:00:00,11101.0
2006-12-11 03:00:00,11110.0
2006-12-11 04:00:00,11475.0
2006-12-11 05:00:00,12756.0
2006-12-11 06:00:00,15101.0
2006-12-11 07:00:00,16506.0
2006-12-11 08:00:00,16754.0
2006-12-11 09:00:00,16859.0
2006-12-11 10:00:00,16869.0
2006-12-11 11:00:00,16770.0
2006-12-11 12:00:00,16626.0
2006-12-11 13:00:00,16532.0
2006-12-11 14:00:00,16351.0
2006-12-11 15:00:00,16441.0
2006-12-11 16:00:00,17959.0
2006-12-11 17:00:00,19347.0
2006-12-11 18:00:00,19295.0
2006-12-11 19:00:00,18870.0
2006-12-11 20:00:00,18109.0
2006-12-11 21:00:00,16852.0
2006-12-11 22:00:00,15005.0
2006-12-11 23:00:00,13281.0
2006-12-12 00:00:00,12157.0
2006-12-12 01:00:00,11679.0
2006-12-12 02:00:00,11468.0
2006-12-12 03:00:00,11463.0
2006-12-12 04:00:00,11810.0
2006-12-12 05:00:00,13025.0
2006-12-12 06:00:00,15395.0
2006-12-12 07:00:00,16642.0
2006-12-12 08:00:00,16790.0
2006-12-12 09:00:00,16737.0
2006-12-12 10:00:00,16665.0
2006-12-12 11:00:00,16506.0
2006-12-12 12:00:00,16324.0
2006-12-12 13:00:00,16274.0
2006-12-12 14:00:00,16212.0
2006-12-12 15:00:00,16467.0
2006-12-12 16:00:00,18129.0
2006-12-12 17:00:00,19400.0
2006-12-12 18:00:00,19308.0
2006-12-12 19:00:00,18850.0
2006-12-12 20:00:00,18111.0
2006-12-12 21:00:00,16842.0
2006-12-12 22:00:00,14978.0
2006-12-12 23:00:00,13212.0
2006-12-13 00:00:00,12057.0
2006-12-13 01:00:00,11536.0
2006-12-13 02:00:00,11271.0
2006-12-13 03:00:00,11209.0
2006-12-13 04:00:00,11506.0
2006-12-13 05:00:00,12682.0
2006-12-13 06:00:00,14915.0
2006-12-13 07:00:00,16343.0
2006-12-13 08:00:00,16555.0
2006-12-13 09:00:00,16647.0
2006-12-13 10:00:00,16709.0
2006-12-13 11:00:00,16732.0
2006-12-13 12:00:00,16653.0
2006-12-13 13:00:00,16651.0
2006-12-13 14:00:00,16607.0
2006-12-13 15:00:00,16864.0
2006-12-13 16:00:00,18096.0
2006-12-13 17:00:00,18966.0
2006-12-13 18:00:00,18776.0
2006-12-13 19:00:00,18236.0
2006-12-13 20:00:00,17488.0
2006-12-13 21:00:00,16260.0
2006-12-13 22:00:00,14485.0
2006-12-13 23:00:00,12727.0
2006-12-14 00:00:00,11604.0
2006-12-14 01:00:00,11042.0
2006-12-14 02:00:00,10773.0
2006-12-14 03:00:00,10738.0
2006-12-14 04:00:00,11076.0
2006-12-14 05:00:00,12264.0
2006-12-14 06:00:00,14546.0
2006-12-14 07:00:00,15886.0
2006-12-14 08:00:00,16039.0
2006-12-14 09:00:00,16053.0
2006-12-14 10:00:00,16015.0
2006-12-14 11:00:00,15912.0
2006-12-14 12:00:00,15689.0
2006-12-14 13:00:00,15614.0
2006-12-14 14:00:00,15495.0
2006-12-14 15:00:00,15628.0
2006-12-14 16:00:00,17180.0
2006-12-14 17:00:00,18473.0
2006-12-14 18:00:00,18347.0
2006-12-14 19:00:00,17987.0
2006-12-14 20:00:00,17352.0
2006-12-14 21:00:00,16237.0
2006-12-14 22:00:00,14471.0
2006-12-14 23:00:00,12715.0
2006-12-15 00:00:00,11607.0
2006-12-15 01:00:00,11031.0
2006-12-15 02:00:00,10770.0
2006-12-15 03:00:00,10720.0
2006-12-15 04:00:00,11014.0
2006-12-15 05:00:00,12146.0
2006-12-15 06:00:00,14374.0
2006-12-15 07:00:00,15815.0
2006-12-15 08:00:00,16196.0
2006-12-15 09:00:00,16323.0
2006-12-15 10:00:00,16436.0
2006-12-15 11:00:00,16343.0
2006-12-15 12:00:00,16105.0
2006-12-15 13:00:00,15958.0
2006-12-15 14:00:00,15847.0
2006-12-15 15:00:00,16067.0
2006-12-15 16:00:00,17342.0
2006-12-15 17:00:00,18190.0
2006-12-15 18:00:00,17911.0
2006-12-15 19:00:00,17358.0
2006-12-15 20:00:00,16708.0
2006-12-15 21:00:00,15846.0
2006-12-15 22:00:00,14510.0
2006-12-15 23:00:00,12986.0
2006-12-16 00:00:00,11785.0
2006-12-16 01:00:00,11122.0
2006-12-16 02:00:00,10767.0
2006-12-16 03:00:00,10641.0
2006-12-16 04:00:00,10750.0
2006-12-16 05:00:00,11241.0
2006-12-16 06:00:00,12161.0
2006-12-16 07:00:00,13100.0
2006-12-16 08:00:00,14168.0
2006-12-16 09:00:00,14758.0
2006-12-16 10:00:00,14962.0
2006-12-16 11:00:00,14861.0
2006-12-16 12:00:00,14606.0
2006-12-16 13:00:00,14311.0
2006-12-16 14:00:00,14111.0
2006-12-16 15:00:00,14284.0
2006-12-16 16:00:00,15869.0
2006-12-16 17:00:00,17119.0
2006-12-16 18:00:00,16948.0
2006-12-16 19:00:00,16495.0
2006-12-16 20:00:00,16033.0
2006-12-16 21:00:00,15366.0
2006-12-16 22:00:00,14318.0
2006-12-16 23:00:00,13044.0
2006-12-17 00:00:00,11914.0
2006-12-17 01:00:00,11278.0
2006-12-17 02:00:00,10938.0
2006-12-17 03:00:00,10793.0
2006-12-17 04:00:00,10845.0
2006-12-17 05:00:00,11132.0
2006-12-17 06:00:00,11752.0
2006-12-17 07:00:00,12513.0
2006-12-17 08:00:00,13491.0
2006-12-17 09:00:00,14233.0
2006-12-17 10:00:00,14529.0
2006-12-17 11:00:00,14590.0
2006-12-17 12:00:00,14564.0
2006-12-17 13:00:00,14400.0
2006-12-17 14:00:00,14209.0
2006-12-17 15:00:00,14380.0
2006-12-17 16:00:00,16107.0
2006-12-17 17:00:00,17300.0
2006-12-17 18:00:00,17267.0
2006-12-17 19:00:00,16962.0
2006-12-17 20:00:00,16411.0
2006-12-17 21:00:00,15285.0
2006-12-17 22:00:00,13738.0
2006-12-17 23:00:00,12174.0
2006-12-18 00:00:00,11120.0
2006-12-18 01:00:00,10614.0
2006-12-18 02:00:00,10388.0
2006-12-18 03:00:00,10379.0
2006-12-18 04:00:00,10709.0
2006-12-18 05:00:00,11942.0
2006-12-18 06:00:00,14260.0
2006-12-18 07:00:00,15699.0
2006-12-18 08:00:00,16018.0
2006-12-18 09:00:00,16208.0
2006-12-18 10:00:00,16437.0
2006-12-18 11:00:00,16440.0
2006-12-18 12:00:00,16351.0
2006-12-18 13:00:00,16341.0
2006-12-18 14:00:00,16258.0
2006-12-18 15:00:00,16386.0
2006-12-18 16:00:00,17844.0
2006-12-18 17:00:00,19070.0
2006-12-18 18:00:00,18973.0
2006-12-18 19:00:00,18594.0
2006-12-18 20:00:00,17941.0
2006-12-18 21:00:00,16743.0
2006-12-18 22:00:00,14945.0
2006-12-18 23:00:00,13205.0
2006-12-19 00:00:00,12041.0
2006-12-19 01:00:00,11477.0
2006-12-19 02:00:00,11247.0
2006-12-19 03:00:00,11241.0
2006-12-19 04:00:00,11618.0
2006-12-19 05:00:00,12858.0
2006-12-19 06:00:00,15221.0
2006-12-19 07:00:00,16565.0
2006-12-19 08:00:00,16712.0
2006-12-19 09:00:00,16667.0
2006-12-19 10:00:00,16634.0
2006-12-19 11:00:00,16516.0
2006-12-19 12:00:00,16298.0
2006-12-19 13:00:00,16242.0
2006-12-19 14:00:00,16177.0
2006-12-19 15:00:00,16417.0
2006-12-19 16:00:00,18037.0
2006-12-19 17:00:00,19461.0
2006-12-19 18:00:00,19444.0
2006-12-19 19:00:00,19096.0
2006-12-19 20:00:00,18531.0
2006-12-19 21:00:00,17347.0
2006-12-19 22:00:00,15573.0
2006-12-19 23:00:00,13823.0
2006-12-20 00:00:00,12722.0
2006-12-20 01:00:00,12191.0
2006-12-20 02:00:00,11984.0
2006-12-20 03:00:00,11992.0
2006-12-20 04:00:00,12362.0
2006-12-20 05:00:00,13601.0
2006-12-20 06:00:00,15942.0
2006-12-20 07:00:00,17229.0
2006-12-20 08:00:00,17344.0
2006-12-20 09:00:00,17196.0
2006-12-20 10:00:00,17054.0
2006-12-20 11:00:00,16782.0
2006-12-20 12:00:00,16470.0
2006-12-20 13:00:00,16338.0
2006-12-20 14:00:00,16197.0
2006-12-20 15:00:00,16386.0
2006-12-20 16:00:00,17996.0
2006-12-20 17:00:00,19416.0
2006-12-20 18:00:00,19401.0
2006-12-20 19:00:00,19034.0
2006-12-20 20:00:00,18458.0
2006-12-20 21:00:00,17345.0
2006-12-20 22:00:00,15510.0
2006-12-20 23:00:00,13744.0
2006-12-21 00:00:00,12538.0
2006-12-21 01:00:00,11953.0
2006-12-21 02:00:00,11652.0
2006-12-21 03:00:00,11566.0
2006-12-21 04:00:00,11888.0
2006-12-21 05:00:00,13031.0
2006-12-21 06:00:00,15232.0
2006-12-21 07:00:00,16678.0
2006-12-21 08:00:00,16936.0
2006-12-21 09:00:00,16945.0
2006-12-21 10:00:00,16861.0
2006-12-21 11:00:00,16582.0
2006-12-21 12:00:00,16267.0
2006-12-21 13:00:00,16069.0
2006-12-21 14:00:00,15888.0
2006-12-21 15:00:00,15981.0
2006-12-21 16:00:00,17510.0
2006-12-21 17:00:00,18908.0
2006-12-21 18:00:00,18896.0
2006-12-21 19:00:00,18556.0
2006-12-21 20:00:00,18013.0
2006-12-21 21:00:00,16977.0
2006-12-21 22:00:00,15341.0
2006-12-21 23:00:00,13578.0
2006-12-22 00:00:00,12433.0
2006-12-22 01:00:00,11859.0
2006-12-22 02:00:00,11603.0
2006-12-22 03:00:00,11593.0
2006-12-22 04:00:00,11959.0
2006-12-22 05:00:00,13058.0
2006-12-22 06:00:00,15184.0
2006-12-22 07:00:00,16487.0
2006-12-22 08:00:00,16808.0
2006-12-22 09:00:00,16849.0
2006-12-22 10:00:00,16735.0
2006-12-22 11:00:00,16479.0
2006-12-22 12:00:00,16123.0
2006-12-22 13:00:00,15938.0
2006-12-22 14:00:00,15828.0
2006-12-22 15:00:00,16100.0
2006-12-22 16:00:00,17669.0
2006-12-22 17:00:00,18515.0
2006-12-22 18:00:00,18221.0
2006-12-22 19:00:00,17636.0
2006-12-22 20:00:00,17009.0
2006-12-22 21:00:00,16088.0
2006-12-22 22:00:00,14688.0
2006-12-22 23:00:00,13164.0
2006-12-23 00:00:00,11948.0
2006-12-23 01:00:00,11239.0
2006-12-23 02:00:00,10841.0
2006-12-23 03:00:00,10660.0
2006-12-23 04:00:00,10684.0
2006-12-23 05:00:00,10982.0
2006-12-23 06:00:00,11786.0
2006-12-23 07:00:00,12796.0
2006-12-23 08:00:00,14004.0
2006-12-23 09:00:00,14988.0
2006-12-23 10:00:00,15450.0
2006-12-23 11:00:00,15463.0
2006-12-23 12:00:00,15267.0
2006-12-23 13:00:00,14951.0
2006-12-23 14:00:00,14696.0
2006-12-23 15:00:00,14665.0
2006-12-23 16:00:00,15772.0
2006-12-23 17:00:00,16874.0
2006-12-23 18:00:00,16781.0
2006-12-23 19:00:00,16406.0
2006-12-23 20:00:00,15957.0
2006-12-23 21:00:00,15266.0
2006-12-23 22:00:00,14084.0
2006-12-23 23:00:00,12741.0
2006-12-24 00:00:00,11553.0
2006-12-24 01:00:00,10772.0
2006-12-24 02:00:00,10407.0
2006-12-24 03:00:00,10203.0
2006-12-24 04:00:00,10211.0
2006-12-24 05:00:00,10489.0
2006-12-24 06:00:00,11140.0
2006-12-24 07:00:00,11924.0
2006-12-24 08:00:00,13044.0
2006-12-24 09:00:00,13873.0
2006-12-24 10:00:00,14329.0
2006-12-24 11:00:00,14600.0
2006-12-24 12:00:00,14626.0
2006-12-24 13:00:00,14378.0
2006-12-24 14:00:00,14100.0
2006-12-24 15:00:00,14048.0
2006-12-24 16:00:00,15197.0
2006-12-24 17:00:00,16205.0
2006-12-24 18:00:00,15699.0
2006-12-24 19:00:00,15122.0
2006-12-24 20:00:00,14814.0
2006-12-24 21:00:00,14478.0
2006-12-24 22:00:00,13832.0
2006-12-24 23:00:00,12843.0
2006-12-25 00:00:00,11789.0
2006-12-25 01:00:00,11089.0
2006-12-25 02:00:00,10667.0
2006-12-25 03:00:00,10516.0
2006-12-25 04:00:00,10610.0
2006-12-25 05:00:00,10967.0
2006-12-25 06:00:00,11647.0
2006-12-25 07:00:00,12366.0
2006-12-25 08:00:00,13200.0
2006-12-25 09:00:00,13727.0
2006-12-25 10:00:00,13944.0
2006-12-25 11:00:00,14155.0
2006-12-25 12:00:00,14088.0
2006-12-25 13:00:00,13719.0
2006-12-25 14:00:00,13381.0
2006-12-25 15:00:00,13434.0
2006-12-25 16:00:00,14452.0
2006-12-25 17:00:00,15062.0
2006-12-25 18:00:00,15010.0
2006-12-25 19:00:00,14916.0
2006-12-25 20:00:00,14698.0
2006-12-25 21:00:00,14144.0
2006-12-25 22:00:00,13099.0
2006-12-25 23:00:00,11924.0
2006-12-26 00:00:00,11007.0
2006-12-26 01:00:00,10497.0
2006-12-26 02:00:00,10288.0
2006-12-26 03:00:00,10215.0
2006-12-26 04:00:00,10436.0
2006-12-26 05:00:00,11187.0
2006-12-26 06:00:00,12412.0
2006-12-26 07:00:00,13645.0
2006-12-26 08:00:00,14555.0
2006-12-26 09:00:00,15381.0
2006-12-26 10:00:00,15907.0
2006-12-26 11:00:00,16113.0
2006-12-26 12:00:00,16089.0
2006-12-26 13:00:00,15942.0
2006-12-26 14:00:00,15760.0
2006-12-26 15:00:00,15800.0
2006-12-26 16:00:00,16962.0
2006-12-26 17:00:00,17952.0
2006-12-26 18:00:00,17721.0
2006-12-26 19:00:00,17195.0
2006-12-26 20:00:00,16492.0
2006-12-26 21:00:00,15449.0
2006-12-26 22:00:00,14001.0
2006-12-26 23:00:00,12556.0
2006-12-27 00:00:00,11479.0
2006-12-27 01:00:00,10980.0
2006-12-27 02:00:00,10732.0
2006-12-27 03:00:00,10688.0
2006-12-27 04:00:00,10951.0
2006-12-27 05:00:00,11837.0
2006-12-27 06:00:00,13334.0
2006-12-27 07:00:00,14660.0
2006-12-27 08:00:00,15533.0
2006-12-27 09:00:00,16040.0
2006-12-27 10:00:00,16347.0
2006-12-27 11:00:00,16424.0
2006-12-27 12:00:00,16361.0
2006-12-27 13:00:00,16261.0
2006-12-27 14:00:00,16170.0
2006-12-27 15:00:00,16267.0
2006-12-27 16:00:00,17525.0
2006-12-27 17:00:00,18790.0
2006-12-27 18:00:00,18656.0
2006-12-27 19:00:00,18176.0
2006-12-27 20:00:00,17474.0
2006-12-27 21:00:00,16437.0
2006-12-27 22:00:00,14885.0
2006-12-27 23:00:00,13383.0
2006-12-28 00:00:00,12326.0
2006-12-28 01:00:00,11807.0
2006-12-28 02:00:00,11548.0
2006-12-28 03:00:00,11489.0
2006-12-28 04:00:00,11749.0
2006-12-28 05:00:00,12655.0
2006-12-28 06:00:00,14105.0
2006-12-28 07:00:00,15253.0
2006-12-28 08:00:00,15919.0
2006-12-28 09:00:00,16331.0
2006-12-28 10:00:00,16457.0
2006-12-28 11:00:00,16418.0
2006-12-28 12:00:00,16194.0
2006-12-28 13:00:00,16007.0
2006-12-28 14:00:00,15812.0
2006-12-28 15:00:00,15836.0
2006-12-28 16:00:00,17211.0
2006-12-28 17:00:00,18489.0
2006-12-28 18:00:00,18382.0
2006-12-28 19:00:00,17887.0
2006-12-28 20:00:00,17204.0
2006-12-28 21:00:00,16195.0
2006-12-28 22:00:00,14699.0
2006-12-28 23:00:00,13254.0
2006-12-29 00:00:00,12245.0
2006-12-29 01:00:00,11676.0
2006-12-29 02:00:00,11418.0
2006-12-29 03:00:00,11354.0
2006-12-29 04:00:00,11629.0
2006-12-29 05:00:00,12460.0
2006-12-29 06:00:00,13874.0
2006-12-29 07:00:00,15104.0
2006-12-29 08:00:00,15911.0
2006-12-29 09:00:00,16337.0
2006-12-29 10:00:00,16486.0
2006-12-29 11:00:00,16370.0
2006-12-29 12:00:00,16114.0
2006-12-29 13:00:00,15887.0
2006-12-29 14:00:00,15692.0
2006-12-29 15:00:00,15747.0
2006-12-29 16:00:00,17156.0
2006-12-29 17:00:00,18521.0
2006-12-29 18:00:00,18315.0
2006-12-29 19:00:00,17840.0
2006-12-29 20:00:00,17300.0
2006-12-29 21:00:00,16471.0
2006-12-29 22:00:00,15233.0
2006-12-29 23:00:00,13847.0
2006-12-30 00:00:00,12796.0
2006-12-30 01:00:00,12209.0
2006-12-30 02:00:00,11862.0
2006-12-30 03:00:00,11709.0
2006-12-30 04:00:00,11753.0
2006-12-30 05:00:00,12095.0
2006-12-30 06:00:00,12743.0
2006-12-30 07:00:00,13509.0
2006-12-30 08:00:00,14567.0
2006-12-30 09:00:00,15507.0
2006-12-30 10:00:00,16065.0
2006-12-30 11:00:00,16263.0
2006-12-30 12:00:00,16170.0
2006-12-30 13:00:00,15918.0
2006-12-30 14:00:00,15674.0
2006-12-30 15:00:00,15742.0
2006-12-30 16:00:00,16781.0
2006-12-30 17:00:00,17670.0
2006-12-30 18:00:00,17499.0
2006-12-30 19:00:00,17044.0
2006-12-30 20:00:00,16578.0
2006-12-30 21:00:00,15841.0
2006-12-30 22:00:00,14651.0
2006-12-30 23:00:00,13492.0
2006-12-31 00:00:00,12498.0
2006-12-31 01:00:00,11879.0
2006-12-31 02:00:00,11582.0
2006-12-31 03:00:00,11439.0
2006-12-31 04:00:00,11488.0
2006-12-31 05:00:00,11723.0
2006-12-31 06:00:00,12271.0
2006-12-31 07:00:00,12762.0
2006-12-31 08:00:00,13637.0
2006-12-31 09:00:00,14315.0
2006-12-31 10:00:00,14688.0
2006-12-31 11:00:00,14824.0
2006-12-31 12:00:00,14727.0
2006-12-31 13:00:00,14517.0
2006-12-31 14:00:00,14306.0
2006-12-31 15:00:00,14444.0
2006-12-31 16:00:00,15937.0
2006-12-31 17:00:00,17437.0
2006-12-31 18:00:00,17182.0
2006-12-31 19:00:00,16400.0
2006-12-31 20:00:00,15742.0
2006-12-31 21:00:00,15020.0
2006-12-31 22:00:00,14233.0
2006-12-31 23:00:00,13442.0
2007-01-01 00:00:00,12623.0
2007-01-01 01:00:00,11854.0
2007-01-01 02:00:00,11293.0
2007-01-01 03:00:00,11014.0
2007-01-01 04:00:00,10994.0
2007-01-01 05:00:00,11181.0
2007-01-01 06:00:00,11572.0
2007-01-01 07:00:00,11975.0
2007-01-01 08:00:00,12639.0
2007-01-01 09:00:00,13639.0
2007-01-01 10:00:00,14578.0
2007-01-01 11:00:00,15192.0
2007-01-01 12:00:00,15382.0
2007-01-01 13:00:00,15286.0
2007-01-01 14:00:00,15112.0
2007-01-01 15:00:00,15276.0
2007-01-01 16:00:00,16354.0
2007-01-01 17:00:00,17101.0
2007-01-01 18:00:00,16834.0
2007-01-01 19:00:00,16319.0
2007-01-01 20:00:00,15600.0
2007-01-01 21:00:00,14482.0
2007-01-01 22:00:00,13043.0
2007-01-01 23:00:00,11839.0
2007-01-02 00:00:00,11014.0
2007-01-02 01:00:00,10541.0
2007-01-02 02:00:00,10350.0
2007-01-02 03:00:00,10375.0
2007-01-02 04:00:00,10746.0
2007-01-02 05:00:00,11885.0
2007-01-02 06:00:00,14159.0
2007-01-02 07:00:00,15462.0
2007-01-02 08:00:00,15799.0
2007-01-02 09:00:00,16026.0
2007-01-02 10:00:00,16237.0
2007-01-02 11:00:00,16255.0
2007-01-02 12:00:00,16153.0
2007-01-02 13:00:00,16060.0
2007-01-02 14:00:00,15942.0
2007-01-02 15:00:00,16018.0
2007-01-02 16:00:00,17248.0
2007-01-02 17:00:00,18789.0
2007-01-02 18:00:00,18730.0
2007-01-02 19:00:00,18245.0
2007-01-02 20:00:00,17526.0
2007-01-02 21:00:00,16327.0
2007-01-02 22:00:00,14624.0
2007-01-02 23:00:00,13148.0
2007-01-03 00:00:00,12267.0
2007-01-03 01:00:00,11805.0
2007-01-03 02:00:00,11652.0
2007-01-03 03:00:00,11657.0
2007-01-03 04:00:00,12020.0
2007-01-03 05:00:00,13190.0
2007-01-03 06:00:00,15370.0
2007-01-03 07:00:00,16596.0
2007-01-03 08:00:00,16715.0
2007-01-03 09:00:00,16721.0
2007-01-03 10:00:00,16702.0
2007-01-03 11:00:00,16528.0
2007-01-03 12:00:00,16265.0
2007-01-03 13:00:00,16094.0
2007-01-03 14:00:00,15874.0
2007-01-03 15:00:00,15968.0
2007-01-03 16:00:00,17188.0
2007-01-03 17:00:00,18559.0
2007-01-03 18:00:00,18495.0
2007-01-03 19:00:00,17995.0
2007-01-03 20:00:00,17243.0
2007-01-03 21:00:00,15982.0
2007-01-03 22:00:00,14321.0
2007-01-03 23:00:00,12821.0
2007-01-04 00:00:00,11816.0
2007-01-04 01:00:00,11326.0
2007-01-04 02:00:00,11098.0
2007-01-04 03:00:00,11085.0
2007-01-04 04:00:00,11420.0
2007-01-04 05:00:00,12608.0
2007-01-04 06:00:00,14835.0
2007-01-04 07:00:00,16060.0
2007-01-04 08:00:00,16241.0
2007-01-04 09:00:00,16310.0
2007-01-04 10:00:00,16348.0
2007-01-04 11:00:00,16244.0
2007-01-04 12:00:00,16052.0
2007-01-04 13:00:00,15889.0
2007-01-04 14:00:00,15650.0
2007-01-04 15:00:00,15626.0
2007-01-04 16:00:00,16773.0
2007-01-04 17:00:00,18189.0
2007-01-04 18:00:00,18132.0
2007-01-04 19:00:00,17679.0
2007-01-04 20:00:00,16924.0
2007-01-04 21:00:00,15702.0
2007-01-04 22:00:00,14050.0
2007-01-04 23:00:00,12575.0
2007-01-05 00:00:00,11565.0
2007-01-05 01:00:00,11063.0
2007-01-05 02:00:00,10802.0
2007-01-05 03:00:00,10730.0
2007-01-05 04:00:00,10997.0
2007-01-05 05:00:00,12038.0
2007-01-05 06:00:00,14095.0
2007-01-05 07:00:00,15526.0
2007-01-05 08:00:00,15801.0
2007-01-05 09:00:00,15994.0
2007-01-05 10:00:00,16126.0
2007-01-05 11:00:00,16106.0
2007-01-05 12:00:00,16013.0
2007-01-05 13:00:00,15927.0
2007-01-05 14:00:00,15754.0
2007-01-05 15:00:00,15829.0
2007-01-05 16:00:00,16771.0
2007-01-05 17:00:00,17444.0
2007-01-05 18:00:00,17080.0
2007-01-05 19:00:00,16447.0
2007-01-05 20:00:00,15741.0
2007-01-05 21:00:00,14797.0
2007-01-05 22:00:00,13489.0
2007-01-05 23:00:00,12218.0
2007-01-06 00:00:00,11164.0
2007-01-06 01:00:00,10567.0
2007-01-06 02:00:00,10246.0
2007-01-06 03:00:00,10088.0
2007-01-06 04:00:00,10112.0
2007-01-06 05:00:00,10471.0
2007-01-06 06:00:00,11256.0
2007-01-06 07:00:00,12175.0
2007-01-06 08:00:00,13235.0
2007-01-06 09:00:00,14222.0
2007-01-06 10:00:00,14722.0
2007-01-06 11:00:00,14795.0
2007-01-06 12:00:00,14595.0
2007-01-06 13:00:00,14264.0
2007-01-06 14:00:00,13952.0
2007-01-06 15:00:00,13848.0
2007-01-06 16:00:00,14700.0
2007-01-06 17:00:00,15917.0
2007-01-06 18:00:00,15718.0
2007-01-06 19:00:00,15179.0
2007-01-06 20:00:00,14600.0
2007-01-06 21:00:00,13814.0
2007-01-06 22:00:00,12791.0
2007-01-06 23:00:00,11766.0
2007-01-07 00:00:00,10814.0
2007-01-07 01:00:00,10240.0
2007-01-07 02:00:00,9930.0
2007-01-07 03:00:00,9807.0
2007-01-07 04:00:00,9844.0
2007-01-07 05:00:00,10129.0
2007-01-07 06:00:00,10698.0
2007-01-07 07:00:00,11335.0
2007-01-07 08:00:00,12290.0
2007-01-07 09:00:00,13123.0
2007-01-07 10:00:00,13595.0
2007-01-07 11:00:00,13818.0
2007-01-07 12:00:00,13890.0
2007-01-07 13:00:00,13694.0
2007-01-07 14:00:00,13509.0
2007-01-07 15:00:00,13619.0
2007-01-07 16:00:00,14930.0
2007-01-07 17:00:00,16477.0
2007-01-07 18:00:00,16441.0
2007-01-07 19:00:00,15982.0
2007-01-07 20:00:00,15325.0
2007-01-07 21:00:00,14230.0
2007-01-07 22:00:00,12976.0
2007-01-07 23:00:00,11744.0
2007-01-08 00:00:00,10987.0
2007-01-08 01:00:00,10567.0
2007-01-08 02:00:00,10397.0
2007-01-08 03:00:00,10415.0
2007-01-08 04:00:00,10776.0
2007-01-08 05:00:00,11961.0
2007-01-08 06:00:00,14153.0
2007-01-08 07:00:00,15764.0
2007-01-08 08:00:00,16179.0
2007-01-08 09:00:00,16380.0
2007-01-08 10:00:00,16583.0
2007-01-08 11:00:00,16711.0
2007-01-08 12:00:00,16665.0
2007-01-08 13:00:00,16596.0
2007-01-08 14:00:00,16469.0
2007-01-08 15:00:00,16419.0
2007-01-08 16:00:00,17156.0
2007-01-08 17:00:00,18230.0
2007-01-08 18:00:00,18075.0
2007-01-08 19:00:00,17569.0
2007-01-08 20:00:00,16830.0
2007-01-08 21:00:00,15706.0
2007-01-08 22:00:00,14137.0
2007-01-08 23:00:00,12760.0
2007-01-09 00:00:00,11864.0
2007-01-09 01:00:00,11414.0
2007-01-09 02:00:00,11244.0
2007-01-09 03:00:00,11236.0
2007-01-09 04:00:00,11618.0
2007-01-09 05:00:00,12801.0
2007-01-09 06:00:00,15108.0
2007-01-09 07:00:00,16370.0
2007-01-09 08:00:00,16471.0
2007-01-09 09:00:00,16458.0
2007-01-09 10:00:00,16484.0
2007-01-09 11:00:00,16432.0
2007-01-09 12:00:00,16288.0
2007-01-09 13:00:00,16229.0
2007-01-09 14:00:00,16112.0
2007-01-09 15:00:00,16189.0
2007-01-09 16:00:00,17255.0
2007-01-09 17:00:00,18655.0
2007-01-09 18:00:00,18565.0
2007-01-09 19:00:00,18063.0
2007-01-09 20:00:00,17345.0
2007-01-09 21:00:00,16180.0
2007-01-09 22:00:00,14569.0
2007-01-09 23:00:00,13241.0
2007-01-10 00:00:00,12306.0
2007-01-10 01:00:00,11908.0
2007-01-10 02:00:00,11721.0
2007-01-10 03:00:00,11702.0
2007-01-10 04:00:00,12111.0
2007-01-10 05:00:00,13296.0
2007-01-10 06:00:00,15586.0
2007-01-10 07:00:00,16873.0
2007-01-10 08:00:00,16933.0
2007-01-10 09:00:00,16934.0
2007-01-10 10:00:00,17028.0
2007-01-10 11:00:00,17001.0
2007-01-10 12:00:00,16891.0
2007-01-10 13:00:00,16824.0
2007-01-10 14:00:00,16770.0
2007-01-10 15:00:00,16918.0
2007-01-10 16:00:00,17996.0
2007-01-10 17:00:00,19441.0
2007-01-10 18:00:00,19386.0
2007-01-10 19:00:00,18960.0
2007-01-10 20:00:00,18249.0
2007-01-10 21:00:00,17090.0
2007-01-10 22:00:00,15436.0
2007-01-10 23:00:00,14015.0
2007-01-11 00:00:00,13161.0
2007-01-11 01:00:00,12716.0
2007-01-11 02:00:00,12523.0
2007-01-11 03:00:00,12545.0
2007-01-11 04:00:00,12899.0
2007-01-11 05:00:00,14080.0
2007-01-11 06:00:00,16452.0
2007-01-11 07:00:00,17678.0
2007-01-11 08:00:00,17715.0
2007-01-11 09:00:00,17697.0
2007-01-11 10:00:00,17699.0
2007-01-11 11:00:00,17558.0
2007-01-11 12:00:00,17268.0
2007-01-11 13:00:00,17055.0
2007-01-11 14:00:00,16866.0
2007-01-11 15:00:00,16904.0
2007-01-11 16:00:00,17953.0
2007-01-11 17:00:00,19306.0
2007-01-11 18:00:00,19259.0
2007-01-11 19:00:00,18791.0
2007-01-11 20:00:00,18056.0
2007-01-11 21:00:00,16812.0
2007-01-11 22:00:00,15143.0
2007-01-11 23:00:00,13680.0
2007-01-12 00:00:00,12712.0
2007-01-12 01:00:00,12203.0
2007-01-12 02:00:00,11943.0
2007-01-12 03:00:00,11872.0
2007-01-12 04:00:00,12136.0
2007-01-12 05:00:00,13196.0
2007-01-12 06:00:00,15321.0
2007-01-12 07:00:00,16619.0
2007-01-12 08:00:00,16708.0
2007-01-12 09:00:00,16817.0
2007-01-12 10:00:00,16924.0
2007-01-12 11:00:00,16810.0
2007-01-12 12:00:00,16576.0
2007-01-12 13:00:00,16350.0
2007-01-12 14:00:00,15951.0
2007-01-12 15:00:00,15806.0
2007-01-12 16:00:00,16583.0
2007-01-12 17:00:00,17682.0
2007-01-12 18:00:00,17453.0
2007-01-12 19:00:00,16920.0
2007-01-12 20:00:00,16251.0
2007-01-12 21:00:00,15341.0
2007-01-12 22:00:00,14075.0
2007-01-12 23:00:00,12815.0
2007-01-13 00:00:00,11890.0
2007-01-13 01:00:00,11280.0
2007-01-13 02:00:00,10960.0
2007-01-13 03:00:00,10808.0
2007-01-13 04:00:00,10850.0
2007-01-13 05:00:00,11219.0
2007-01-13 06:00:00,11999.0
2007-01-13 07:00:00,12922.0
2007-01-13 08:00:00,14040.0
2007-01-13 09:00:00,14899.0
2007-01-13 10:00:00,15279.0
2007-01-13 11:00:00,15366.0
2007-01-13 12:00:00,15193.0
2007-01-13 13:00:00,14902.0
2007-01-13 14:00:00,14749.0
2007-01-13 15:00:00,14868.0
2007-01-13 16:00:00,15716.0
2007-01-13 17:00:00,16531.0
2007-01-13 18:00:00,16338.0
2007-01-13 19:00:00,15832.0
2007-01-13 20:00:00,15297.0
2007-01-13 21:00:00,14558.0
2007-01-13 22:00:00,13550.0
2007-01-13 23:00:00,12548.0
2007-01-14 00:00:00,11638.0
2007-01-14 01:00:00,11077.0
2007-01-14 02:00:00,10814.0
2007-01-14 03:00:00,10687.0
2007-01-14 04:00:00,10711.0
2007-01-14 05:00:00,10970.0
2007-01-14 06:00:00,11492.0
2007-01-14 07:00:00,12275.0
2007-01-14 08:00:00,13321.0
2007-01-14 09:00:00,14341.0
2007-01-14 10:00:00,15045.0
2007-01-14 11:00:00,15442.0
2007-01-14 12:00:00,15622.0
2007-01-14 13:00:00,15560.0
2007-01-14 14:00:00,15456.0
2007-01-14 15:00:00,15601.0
2007-01-14 16:00:00,16462.0
2007-01-14 17:00:00,17079.0
2007-01-14 18:00:00,16842.0
2007-01-14 19:00:00,16177.0
2007-01-14 20:00:00,15517.0
2007-01-14 21:00:00,14802.0
2007-01-14 22:00:00,13676.0
2007-01-14 23:00:00,12523.0
2007-01-15 00:00:00,11733.0
2007-01-15 01:00:00,11266.0
2007-01-15 02:00:00,11041.0
2007-01-15 03:00:00,11026.0
2007-01-15 04:00:00,11348.0
2007-01-15 05:00:00,12210.0
2007-01-15 06:00:00,13618.0
2007-01-15 07:00:00,14971.0
2007-01-15 08:00:00,15965.0
2007-01-15 09:00:00,16819.0
2007-01-15 10:00:00,17451.0
2007-01-15 11:00:00,17709.0
2007-01-15 12:00:00,17671.0
2007-01-15 13:00:00,17502.0
2007-01-15 14:00:00,17295.0
2007-01-15 15:00:00,17287.0
2007-01-15 16:00:00,18094.0
2007-01-15 17:00:00,18868.0
2007-01-15 18:00:00,18522.0
2007-01-15 19:00:00,17909.0
2007-01-15 20:00:00,16986.0
2007-01-15 21:00:00,15740.0
2007-01-15 22:00:00,14195.0
2007-01-15 23:00:00,12887.0
2007-01-16 00:00:00,11976.0
2007-01-16 01:00:00,11474.0
2007-01-16 02:00:00,11248.0
2007-01-16 03:00:00,11213.0
2007-01-16 04:00:00,11544.0
2007-01-16 05:00:00,12672.0
2007-01-16 06:00:00,14911.0
2007-01-16 07:00:00,16329.0
2007-01-16 08:00:00,16634.0
2007-01-16 09:00:00,16897.0
2007-01-16 10:00:00,17158.0
2007-01-16 11:00:00,17295.0
2007-01-16 12:00:00,17271.0
2007-01-16 13:00:00,17262.0
2007-01-16 14:00:00,17157.0
2007-01-16 15:00:00,17276.0
2007-01-16 16:00:00,18191.0
2007-01-16 17:00:00,19588.0
2007-01-16 18:00:00,19615.0
2007-01-16 19:00:00,19188.0
2007-01-16 20:00:00,18506.0
2007-01-16 21:00:00,17389.0
2007-01-16 22:00:00,15929.0
2007-01-16 23:00:00,14595.0
2007-01-17 00:00:00,13738.0
2007-01-17 01:00:00,13370.0
2007-01-17 02:00:00,13260.0
2007-01-17 03:00:00,13311.0
2007-01-17 04:00:00,13721.0
2007-01-17 05:00:00,14916.0
2007-01-17 06:00:00,17292.0
2007-01-17 07:00:00,18525.0
2007-01-17 08:00:00,18645.0
2007-01-17 09:00:00,18673.0
2007-01-17 10:00:00,18686.0
2007-01-17 11:00:00,18531.0
2007-01-17 12:00:00,18315.0
2007-01-17 13:00:00,18172.0
2007-01-17 14:00:00,17931.0
2007-01-17 15:00:00,17954.0
2007-01-17 16:00:00,18837.0
2007-01-17 17:00:00,20379.0
2007-01-17 18:00:00,20434.0
2007-01-17 19:00:00,20060.0
2007-01-17 20:00:00,19325.0
2007-01-17 21:00:00,18133.0
2007-01-17 22:00:00,16554.0
2007-01-17 23:00:00,15093.0
2007-01-18 00:00:00,14245.0
2007-01-18 01:00:00,13785.0
2007-01-18 02:00:00,13599.0
2007-01-18 03:00:00,13605.0
2007-01-18 04:00:00,13944.0
2007-01-18 05:00:00,15072.0
2007-01-18 06:00:00,17311.0
2007-01-18 07:00:00,18544.0
2007-01-18 08:00:00,18599.0
2007-01-18 09:00:00,18497.0
2007-01-18 10:00:00,18395.0
2007-01-18 11:00:00,18172.0
2007-01-18 12:00:00,17909.0
2007-01-18 13:00:00,17681.0
2007-01-18 14:00:00,17530.0
2007-01-18 15:00:00,17614.0
2007-01-18 16:00:00,18470.0
2007-01-18 17:00:00,19529.0
2007-01-18 18:00:00,19400.0
2007-01-18 19:00:00,18902.0
2007-01-18 20:00:00,18128.0
2007-01-18 21:00:00,16869.0
2007-01-18 22:00:00,15212.0
2007-01-18 23:00:00,13754.0
2007-01-19 00:00:00,12795.0
2007-01-19 01:00:00,12302.0
2007-01-19 02:00:00,12051.0
2007-01-19 03:00:00,12039.0
2007-01-19 04:00:00,12298.0
2007-01-19 05:00:00,13337.0
2007-01-19 06:00:00,15456.0
2007-01-19 07:00:00,16825.0
2007-01-19 08:00:00,17067.0
2007-01-19 09:00:00,17199.0
2007-01-19 10:00:00,17254.0
2007-01-19 11:00:00,17097.0
2007-01-19 12:00:00,16879.0
2007-01-19 13:00:00,16779.0
2007-01-19 14:00:00,16571.0
2007-01-19 15:00:00,16526.0
2007-01-19 16:00:00,17203.0
2007-01-19 17:00:00,18420.0
2007-01-19 18:00:00,18267.0
2007-01-19 19:00:00,17703.0
2007-01-19 20:00:00,17066.0
2007-01-19 21:00:00,16181.0
2007-01-19 22:00:00,14979.0
2007-01-19 23:00:00,13725.0
2007-01-20 00:00:00,12794.0
2007-01-20 01:00:00,12282.0
2007-01-20 02:00:00,12030.0
2007-01-20 03:00:00,11945.0
2007-01-20 04:00:00,12068.0
2007-01-20 05:00:00,12496.0
2007-01-20 06:00:00,13348.0
2007-01-20 07:00:00,14245.0
2007-01-20 08:00:00,15276.0
2007-01-20 09:00:00,16108.0
2007-01-20 10:00:00,16482.0
2007-01-20 11:00:00,16513.0
2007-01-20 12:00:00,16332.0
2007-01-20 13:00:00,16073.0
2007-01-20 14:00:00,15911.0
2007-01-20 15:00:00,15994.0
2007-01-20 16:00:00,16835.0
2007-01-20 17:00:00,18407.0
2007-01-20 18:00:00,18432.0
2007-01-20 19:00:00,18023.0
2007-01-20 20:00:00,17502.0
2007-01-20 21:00:00,16790.0
2007-01-20 22:00:00,15759.0
2007-01-20 23:00:00,14683.0
2007-01-21 00:00:00,13854.0
2007-01-21 01:00:00,13370.0
2007-01-21 02:00:00,13103.0
2007-01-21 03:00:00,13013.0
2007-01-21 04:00:00,13089.0
2007-01-21 05:00:00,13366.0
2007-01-21 06:00:00,13952.0
2007-01-21 07:00:00,14590.0
2007-01-21 08:00:00,15485.0
2007-01-21 09:00:00,16171.0
2007-01-21 10:00:00,16463.0
2007-01-21 11:00:00,16547.0
2007-01-21 12:00:00,16467.0
2007-01-21 13:00:00,16269.0
2007-01-21 14:00:00,16204.0
2007-01-21 15:00:00,16444.0
2007-01-21 16:00:00,17237.0
2007-01-21 17:00:00,18787.0
2007-01-21 18:00:00,18720.0
2007-01-21 19:00:00,18016.0
2007-01-21 20:00:00,17442.0
2007-01-21 21:00:00,16413.0
2007-01-21 22:00:00,15247.0
2007-01-21 23:00:00,14019.0
2007-01-22 00:00:00,13096.0
2007-01-22 01:00:00,12688.0
2007-01-22 02:00:00,12515.0
2007-01-22 03:00:00,12511.0
2007-01-22 04:00:00,12869.0
2007-01-22 05:00:00,14026.0
2007-01-22 06:00:00,16354.0
2007-01-22 07:00:00,17824.0
2007-01-22 08:00:00,18126.0
2007-01-22 09:00:00,18239.0
2007-01-22 10:00:00,18397.0
2007-01-22 11:00:00,18317.0
2007-01-22 12:00:00,18167.0
2007-01-22 13:00:00,18088.0
2007-01-22 14:00:00,17966.0
2007-01-22 15:00:00,18062.0
2007-01-22 16:00:00,18915.0
2007-01-22 17:00:00,20014.0
2007-01-22 18:00:00,19900.0
2007-01-22 19:00:00,19399.0
2007-01-22 20:00:00,18579.0
2007-01-22 21:00:00,17277.0
2007-01-22 22:00:00,15627.0
2007-01-22 23:00:00,14204.0
2007-01-23 00:00:00,13296.0
2007-01-23 01:00:00,12881.0
2007-01-23 02:00:00,12697.0
2007-01-23 03:00:00,12707.0
2007-01-23 04:00:00,13030.0
2007-01-23 05:00:00,14236.0
2007-01-23 06:00:00,16478.0
2007-01-23 07:00:00,17679.0
2007-01-23 08:00:00,17775.0
2007-01-23 09:00:00,17733.0
2007-01-23 10:00:00,17711.0
2007-01-23 11:00:00,17595.0
2007-01-23 12:00:00,17382.0
2007-01-23 13:00:00,17238.0
2007-01-23 14:00:00,17046.0
2007-01-23 15:00:00,17090.0
2007-01-23 16:00:00,17873.0
2007-01-23 17:00:00,19368.0
2007-01-23 18:00:00,19450.0
2007-01-23 19:00:00,18955.0
2007-01-23 20:00:00,18161.0
2007-01-23 21:00:00,17009.0
2007-01-23 22:00:00,15390.0
2007-01-23 23:00:00,13938.0
2007-01-24 00:00:00,13071.0
2007-01-24 01:00:00,12657.0
2007-01-24 02:00:00,12529.0
2007-01-24 03:00:00,12567.0
2007-01-24 04:00:00,12943.0
2007-01-24 05:00:00,14159.0
2007-01-24 06:00:00,16475.0
2007-01-24 07:00:00,17693.0
2007-01-24 08:00:00,17692.0
2007-01-24 09:00:00,17513.0
2007-01-24 10:00:00,17376.0
2007-01-24 11:00:00,17174.0
2007-01-24 12:00:00,16936.0
2007-01-24 13:00:00,16846.0
2007-01-24 14:00:00,16698.0
2007-01-24 15:00:00,16747.0
2007-01-24 16:00:00,17506.0
2007-01-24 17:00:00,19029.0
2007-01-24 18:00:00,19125.0
2007-01-24 19:00:00,18723.0
2007-01-24 20:00:00,18001.0
2007-01-24 21:00:00,16844.0
2007-01-24 22:00:00,15335.0
2007-01-24 23:00:00,13876.0
2007-01-25 00:00:00,12983.0
2007-01-25 01:00:00,12620.0
2007-01-25 02:00:00,12458.0
2007-01-25 03:00:00,12519.0
2007-01-25 04:00:00,12924.0
2007-01-25 05:00:00,14120.0
2007-01-25 06:00:00,16449.0
2007-01-25 07:00:00,17725.0
2007-01-25 08:00:00,17858.0
2007-01-25 09:00:00,17797.0
2007-01-25 10:00:00,17727.0
2007-01-25 11:00:00,17620.0
2007-01-25 12:00:00,17505.0
2007-01-25 13:00:00,17400.0
2007-01-25 14:00:00,17284.0
2007-01-25 15:00:00,17416.0
2007-01-25 16:00:00,18187.0
2007-01-25 17:00:00,19797.0
2007-01-25 18:00:00,20095.0
2007-01-25 19:00:00,19840.0
2007-01-25 20:00:00,19275.0
2007-01-25 21:00:00,18179.0
2007-01-25 22:00:00,16669.0
2007-01-25 23:00:00,15385.0
2007-01-26 00:00:00,14630.0
2007-01-26 01:00:00,14322.0
2007-01-26 02:00:00,14207.0
2007-01-26 03:00:00,14321.0
2007-01-26 04:00:00,14680.0
2007-01-26 05:00:00,15831.0
2007-01-26 06:00:00,18036.0
2007-01-26 07:00:00,19251.0
2007-01-26 08:00:00,19466.0
2007-01-26 09:00:00,19548.0
2007-01-26 10:00:00,19616.0
2007-01-26 11:00:00,19512.0
2007-01-26 12:00:00,19266.0
2007-01-26 13:00:00,19055.0
2007-01-26 14:00:00,18818.0
2007-01-26 15:00:00,18793.0
2007-01-26 16:00:00,19391.0
2007-01-26 17:00:00,20754.0
2007-01-26 18:00:00,20768.0
2007-01-26 19:00:00,20241.0
2007-01-26 20:00:00,19639.0
2007-01-26 21:00:00,18745.0
2007-01-26 22:00:00,17500.0
2007-01-26 23:00:00,16171.0
2007-01-27 00:00:00,15230.0
2007-01-27 01:00:00,14707.0
2007-01-27 02:00:00,14394.0
2007-01-27 03:00:00,14280.0
2007-01-27 04:00:00,14317.0
2007-01-27 05:00:00,14605.0
2007-01-27 06:00:00,15329.0
2007-01-27 07:00:00,16218.0
2007-01-27 08:00:00,17328.0
2007-01-27 09:00:00,18090.0
2007-01-27 10:00:00,18371.0
2007-01-27 11:00:00,18262.0
2007-01-27 12:00:00,17898.0
2007-01-27 13:00:00,17479.0
2007-01-27 14:00:00,17110.0
2007-01-27 15:00:00,16953.0
2007-01-27 16:00:00,17443.0
2007-01-27 17:00:00,18583.0
2007-01-27 18:00:00,18463.0
2007-01-27 19:00:00,17874.0
2007-01-27 20:00:00,17249.0
2007-01-27 21:00:00,16427.0
2007-01-27 22:00:00,15341.0
2007-01-27 23:00:00,14230.0
2007-01-28 00:00:00,13298.0
2007-01-28 01:00:00,12760.0
2007-01-28 02:00:00,12453.0
2007-01-28 03:00:00,12313.0
2007-01-28 04:00:00,12295.0
2007-01-28 05:00:00,12575.0
2007-01-28 06:00:00,13102.0
2007-01-28 07:00:00,13739.0
2007-01-28 08:00:00,14669.0
2007-01-28 09:00:00,15267.0
2007-01-28 10:00:00,15562.0
2007-01-28 11:00:00,15645.0
2007-01-28 12:00:00,15533.0
2007-01-28 13:00:00,15213.0
2007-01-28 14:00:00,14951.0
2007-01-28 15:00:00,15033.0
2007-01-28 16:00:00,15917.0
2007-01-28 17:00:00,17649.0
2007-01-28 18:00:00,17886.0
2007-01-28 19:00:00,17503.0
2007-01-28 20:00:00,16867.0
2007-01-28 21:00:00,15801.0
2007-01-28 22:00:00,14487.0
2007-01-28 23:00:00,13384.0
2007-01-29 00:00:00,12647.0
2007-01-29 01:00:00,12348.0
2007-01-29 02:00:00,12287.0
2007-01-29 03:00:00,12341.0
2007-01-29 04:00:00,12753.0
2007-01-29 05:00:00,14012.0
2007-01-29 06:00:00,16408.0
2007-01-29 07:00:00,17726.0
2007-01-29 08:00:00,17924.0
2007-01-29 09:00:00,17948.0
2007-01-29 10:00:00,18020.0
2007-01-29 11:00:00,17970.0
2007-01-29 12:00:00,17776.0
2007-01-29 13:00:00,17617.0
2007-01-29 14:00:00,17425.0
2007-01-29 15:00:00,17487.0
2007-01-29 16:00:00,18271.0
2007-01-29 17:00:00,19959.0
2007-01-29 18:00:00,20203.0
2007-01-29 19:00:00,19777.0
2007-01-29 20:00:00,19030.0
2007-01-29 21:00:00,17768.0
2007-01-29 22:00:00,16143.0
2007-01-29 23:00:00,14791.0
2007-01-30 00:00:00,13937.0
2007-01-30 01:00:00,13556.0
2007-01-30 02:00:00,13404.0
2007-01-30 03:00:00,13432.0
2007-01-30 04:00:00,13743.0
2007-01-30 05:00:00,14976.0
2007-01-30 06:00:00,17285.0
2007-01-30 07:00:00,18413.0
2007-01-30 08:00:00,18434.0
2007-01-30 09:00:00,18313.0
2007-01-30 10:00:00,18207.0
2007-01-30 11:00:00,18031.0
2007-01-30 12:00:00,17742.0
2007-01-30 13:00:00,17558.0
2007-01-30 14:00:00,17369.0
2007-01-30 15:00:00,17390.0
2007-01-30 16:00:00,18103.0
2007-01-30 17:00:00,19609.0
2007-01-30 18:00:00,19806.0
2007-01-30 19:00:00,19367.0
2007-01-30 20:00:00,18553.0
2007-01-30 21:00:00,17375.0
2007-01-30 22:00:00,15768.0
2007-01-30 23:00:00,14355.0
2007-01-31 00:00:00,13503.0
2007-01-31 01:00:00,13075.0
2007-01-31 02:00:00,12916.0
2007-01-31 03:00:00,12965.0
2007-01-31 04:00:00,13336.0
2007-01-31 05:00:00,14553.0
2007-01-31 06:00:00,16850.0
2007-01-31 07:00:00,18065.0
2007-01-31 08:00:00,18115.0
2007-01-31 09:00:00,17954.0
2007-01-31 10:00:00,17893.0
2007-01-31 11:00:00,17756.0
2007-01-31 12:00:00,17523.0
2007-01-31 13:00:00,17353.0
2007-01-31 14:00:00,17146.0
2007-01-31 15:00:00,17165.0
2007-01-31 16:00:00,17829.0
2007-01-31 17:00:00,19417.0
2007-01-31 18:00:00,19639.0
2007-01-31 19:00:00,19239.0
2007-01-31 20:00:00,18561.0
2007-01-31 21:00:00,17393.0
2007-01-31 22:00:00,15805.0
2007-01-31 23:00:00,14367.0
2007-02-01 00:00:00,13536.0
2007-02-01 01:00:00,13136.0
2007-02-01 02:00:00,12964.0
2007-02-01 03:00:00,12987.0
2007-02-01 04:00:00,13285.0
2007-02-01 05:00:00,14374.0
2007-02-01 06:00:00,16672.0
2007-02-01 07:00:00,17896.0
2007-02-01 08:00:00,18027.0
2007-02-01 09:00:00,17998.0
2007-02-01 10:00:00,17992.0
2007-02-01 11:00:00,17789.0
2007-02-01 12:00:00,17488.0
2007-02-01 13:00:00,17249.0
2007-02-01 14:00:00,17034.0
2007-02-01 15:00:00,17008.0
2007-02-01 16:00:00,17598.0
2007-02-01 17:00:00,19028.0
2007-02-01 18:00:00,19219.0
2007-02-01 19:00:00,18826.0
2007-02-01 20:00:00,18156.0
2007-02-01 21:00:00,16982.0
2007-02-01 22:00:00,15461.0
2007-02-01 23:00:00,13996.0
2007-02-02 00:00:00,13153.0
2007-02-02 01:00:00,12676.0
2007-02-02 02:00:00,12443.0
2007-02-02 03:00:00,12411.0
2007-02-02 04:00:00,12729.0
2007-02-02 05:00:00,13835.0
2007-02-02 06:00:00,15996.0
2007-02-02 07:00:00,17251.0
2007-02-02 08:00:00,17483.0
2007-02-02 09:00:00,17553.0
2007-02-02 10:00:00,17592.0
2007-02-02 11:00:00,17500.0
2007-02-02 12:00:00,17304.0
2007-02-02 13:00:00,17187.0
2007-02-02 14:00:00,17001.0
2007-02-02 15:00:00,16981.0
2007-02-02 16:00:00,17534.0
2007-02-02 17:00:00,18415.0
2007-02-02 18:00:00,18274.0
2007-02-02 19:00:00,17739.0
2007-02-02 20:00:00,17066.0
2007-02-02 21:00:00,16137.0
2007-02-02 22:00:00,14875.0
2007-02-02 23:00:00,13532.0
2007-02-03 00:00:00,12636.0
2007-02-03 01:00:00,12106.0
2007-02-03 02:00:00,11868.0
2007-02-03 03:00:00,11810.0
2007-02-03 04:00:00,11971.0
2007-02-03 05:00:00,12424.0
2007-02-03 06:00:00,13291.0
2007-02-03 07:00:00,14207.0
2007-02-03 08:00:00,15222.0
2007-02-03 09:00:00,15904.0
2007-02-03 10:00:00,16142.0
2007-02-03 11:00:00,16082.0
2007-02-03 12:00:00,15821.0
2007-02-03 13:00:00,15474.0
2007-02-03 14:00:00,15232.0
2007-02-03 15:00:00,15239.0
2007-02-03 16:00:00,15826.0
2007-02-03 17:00:00,17397.0
2007-02-03 18:00:00,17774.0
2007-02-03 19:00:00,17393.0
2007-02-03 20:00:00,16875.0
2007-02-03 21:00:00,16186.0
2007-02-03 22:00:00,15147.0
2007-02-03 23:00:00,14110.0
2007-02-04 00:00:00,13275.0
2007-02-04 01:00:00,12800.0
2007-02-04 02:00:00,12584.0
2007-02-04 03:00:00,12496.0
2007-02-04 04:00:00,12593.0
2007-02-04 05:00:00,12884.0
2007-02-04 06:00:00,13427.0
2007-02-04 07:00:00,14116.0
2007-02-04 08:00:00,15100.0
2007-02-04 09:00:00,15825.0
2007-02-04 10:00:00,16166.0
2007-02-04 11:00:00,16295.0
2007-02-04 12:00:00,16227.0
2007-02-04 13:00:00,16059.0
2007-02-04 14:00:00,15873.0
2007-02-04 15:00:00,15977.0
2007-02-04 16:00:00,16715.0
2007-02-04 17:00:00,18430.0
2007-02-04 18:00:00,18614.0
2007-02-04 19:00:00,17990.0
2007-02-04 20:00:00,17485.0
2007-02-04 21:00:00,16656.0
2007-02-04 22:00:00,15585.0
2007-02-04 23:00:00,14374.0
2007-02-05 00:00:00,13682.0
2007-02-05 01:00:00,13403.0
2007-02-05 02:00:00,13365.0
2007-02-05 03:00:00,13478.0
2007-02-05 04:00:00,13890.0
2007-02-05 05:00:00,15133.0
2007-02-05 06:00:00,17438.0
2007-02-05 07:00:00,18688.0
2007-02-05 08:00:00,18969.0
2007-02-05 09:00:00,19096.0
2007-02-05 10:00:00,19171.0
2007-02-05 11:00:00,19103.0
2007-02-05 12:00:00,18945.0
2007-02-05 13:00:00,18800.0
2007-02-05 14:00:00,18648.0
2007-02-05 15:00:00,18736.0
2007-02-05 16:00:00,19372.0
2007-02-05 17:00:00,20910.0
2007-02-05 18:00:00,21321.0
2007-02-05 19:00:00,20872.0
2007-02-05 20:00:00,20098.0
2007-02-05 21:00:00,18759.0
2007-02-05 22:00:00,17095.0
2007-02-05 23:00:00,15631.0
2007-02-06 00:00:00,14818.0
2007-02-06 01:00:00,14373.0
2007-02-06 02:00:00,14185.0
2007-02-06 03:00:00,14198.0
2007-02-06 04:00:00,14515.0
2007-02-06 05:00:00,15668.0
2007-02-06 06:00:00,17884.0
2007-02-06 07:00:00,18906.0
2007-02-06 08:00:00,18964.0
2007-02-06 09:00:00,18896.0
2007-02-06 10:00:00,18828.0
2007-02-06 11:00:00,18661.0
2007-02-06 12:00:00,18389.0
2007-02-06 13:00:00,18180.0
2007-02-06 14:00:00,17939.0
2007-02-06 15:00:00,17897.0
2007-02-06 16:00:00,18447.0
2007-02-06 17:00:00,20023.0
2007-02-06 18:00:00,20485.0
2007-02-06 19:00:00,20076.0
2007-02-06 20:00:00,19318.0
2007-02-06 21:00:00,18212.0
2007-02-06 22:00:00,16573.0
2007-02-06 23:00:00,15181.0
2007-02-07 00:00:00,14383.0
2007-02-07 01:00:00,14018.0
2007-02-07 02:00:00,13889.0
2007-02-07 03:00:00,13921.0
2007-02-07 04:00:00,14250.0
2007-02-07 05:00:00,15435.0
2007-02-07 06:00:00,17708.0
2007-02-07 07:00:00,18903.0
2007-02-07 08:00:00,19012.0
2007-02-07 09:00:00,18857.0
2007-02-07 10:00:00,18734.0
2007-02-07 11:00:00,18546.0
2007-02-07 12:00:00,18301.0
2007-02-07 13:00:00,18188.0
2007-02-07 14:00:00,18008.0
2007-02-07 15:00:00,18019.0
2007-02-07 16:00:00,18591.0
2007-02-07 17:00:00,20090.0
2007-02-07 18:00:00,20520.0
2007-02-07 19:00:00,20134.0
2007-02-07 20:00:00,19438.0
2007-02-07 21:00:00,18199.0
2007-02-07 22:00:00,16626.0
2007-02-07 23:00:00,15163.0
2007-02-08 00:00:00,14358.0
2007-02-08 01:00:00,13954.0
2007-02-08 02:00:00,13807.0
2007-02-08 03:00:00,13860.0
2007-02-08 04:00:00,14184.0
2007-02-08 05:00:00,15389.0
2007-02-08 06:00:00,17604.0
2007-02-08 07:00:00,18690.0
2007-02-08 08:00:00,18774.0
2007-02-08 09:00:00,18699.0
2007-02-08 10:00:00,18627.0
2007-02-08 11:00:00,18494.0
2007-02-08 12:00:00,18310.0
2007-02-08 13:00:00,18227.0
2007-02-08 14:00:00,18070.0
2007-02-08 15:00:00,18099.0
2007-02-08 16:00:00,18589.0
2007-02-08 17:00:00,19952.0
2007-02-08 18:00:00,20358.0
2007-02-08 19:00:00,19950.0
2007-02-08 20:00:00,19222.0
2007-02-08 21:00:00,18054.0
2007-02-08 22:00:00,16450.0
2007-02-08 23:00:00,15077.0
2007-02-09 00:00:00,14169.0
2007-02-09 01:00:00,13748.0
2007-02-09 02:00:00,13564.0
2007-02-09 03:00:00,13591.0
2007-02-09 04:00:00,13913.0
2007-02-09 05:00:00,15015.0
2007-02-09 06:00:00,17236.0
2007-02-09 07:00:00,18322.0
2007-02-09 08:00:00,18463.0
2007-02-09 09:00:00,18451.0
2007-02-09 10:00:00,18459.0
2007-02-09 11:00:00,18298.0
2007-02-09 12:00:00,17999.0
2007-02-09 13:00:00,17808.0
2007-02-09 14:00:00,17533.0
2007-02-09 15:00:00,17421.0
2007-02-09 16:00:00,17858.0
2007-02-09 17:00:00,19108.0
2007-02-09 18:00:00,19450.0
2007-02-09 19:00:00,18956.0
2007-02-09 20:00:00,18340.0
2007-02-09 21:00:00,17466.0
2007-02-09 22:00:00,16197.0
2007-02-09 23:00:00,14953.0
2007-02-10 00:00:00,14039.0
2007-02-10 01:00:00,13586.0
2007-02-10 02:00:00,13346.0
2007-02-10 03:00:00,13292.0
2007-02-10 04:00:00,13393.0
2007-02-10 05:00:00,13814.0
2007-02-10 06:00:00,14586.0
2007-02-10 07:00:00,15459.0
2007-02-10 08:00:00,16541.0
2007-02-10 09:00:00,17209.0
2007-02-10 10:00:00,17269.0
2007-02-10 11:00:00,16930.0
2007-02-10 12:00:00,16505.0
2007-02-10 13:00:00,16098.0
2007-02-10 14:00:00,15801.0
2007-02-10 15:00:00,15785.0
2007-02-10 16:00:00,16276.0
2007-02-10 17:00:00,17595.0
2007-02-10 18:00:00,18004.0
2007-02-10 19:00:00,17583.0
2007-02-10 20:00:00,17054.0
2007-02-10 21:00:00,16331.0
2007-02-10 22:00:00,15357.0
2007-02-10 23:00:00,14334.0
2007-02-11 00:00:00,13505.0
2007-02-11 01:00:00,13057.0
2007-02-11 02:00:00,12862.0
2007-02-11 03:00:00,12806.0
2007-02-11 04:00:00,12892.0
2007-02-11 05:00:00,13175.0
2007-02-11 06:00:00,13729.0
2007-02-11 07:00:00,14382.0
2007-02-11 08:00:00,15222.0
2007-02-11 09:00:00,15788.0
2007-02-11 10:00:00,15983.0
2007-02-11 11:00:00,16002.0
2007-02-11 12:00:00,15867.0
2007-02-11 13:00:00,15595.0
2007-02-11 14:00:00,15357.0
2007-02-11 15:00:00,15391.0
2007-02-11 16:00:00,16015.0
2007-02-11 17:00:00,17650.0
2007-02-11 18:00:00,18261.0
2007-02-11 19:00:00,17959.0
2007-02-11 20:00:00,17307.0
2007-02-11 21:00:00,16246.0
2007-02-11 22:00:00,14939.0
2007-02-11 23:00:00,13742.0
2007-02-12 00:00:00,12986.0
2007-02-12 01:00:00,12651.0
2007-02-12 02:00:00,12545.0
2007-02-12 03:00:00,12626.0
2007-02-12 04:00:00,13009.0
2007-02-12 05:00:00,14230.0
2007-02-12 06:00:00,16442.0
2007-02-12 07:00:00,17589.0
2007-02-12 08:00:00,17736.0
2007-02-12 09:00:00,17652.0
2007-02-12 10:00:00,17686.0
2007-02-12 11:00:00,17556.0
2007-02-12 12:00:00,17322.0
2007-02-12 13:00:00,17092.0
2007-02-12 14:00:00,16829.0
2007-02-12 15:00:00,16810.0
2007-02-12 16:00:00,17343.0
2007-02-12 17:00:00,18854.0
2007-02-12 18:00:00,19452.0
2007-02-12 19:00:00,19082.0
2007-02-12 20:00:00,18356.0
2007-02-12 21:00:00,17182.0
2007-02-12 22:00:00,15643.0
2007-02-12 23:00:00,14301.0
2007-02-13 00:00:00,13508.0
2007-02-13 01:00:00,13178.0
2007-02-13 02:00:00,13118.0
2007-02-13 03:00:00,13215.0
2007-02-13 04:00:00,13645.0
2007-02-13 05:00:00,14914.0
2007-02-13 06:00:00,17240.0
2007-02-13 07:00:00,18460.0
2007-02-13 08:00:00,18718.0
2007-02-13 09:00:00,18735.0
2007-02-13 10:00:00,18682.0
2007-02-13 11:00:00,18512.0
2007-02-13 12:00:00,18218.0
2007-02-13 13:00:00,17998.0
2007-02-13 14:00:00,17768.0
2007-02-13 15:00:00,17803.0
2007-02-13 16:00:00,18372.0
2007-02-13 17:00:00,19669.0
2007-02-13 18:00:00,20101.0
2007-02-13 19:00:00,19716.0
2007-02-13 20:00:00,18988.0
2007-02-13 21:00:00,17883.0
2007-02-13 22:00:00,16308.0
2007-02-13 23:00:00,14929.0
2007-02-14 00:00:00,14062.0
2007-02-14 01:00:00,13648.0
2007-02-14 02:00:00,13488.0
2007-02-14 03:00:00,13540.0
2007-02-14 04:00:00,13823.0
2007-02-14 05:00:00,14765.0
2007-02-14 06:00:00,16394.0
2007-02-14 07:00:00,17551.0
2007-02-14 08:00:00,18415.0
2007-02-14 09:00:00,19056.0
2007-02-14 10:00:00,19512.0
2007-02-14 11:00:00,19723.0
2007-02-14 12:00:00,19634.0
2007-02-14 13:00:00,19396.0
2007-02-14 14:00:00,18997.0
2007-02-14 15:00:00,18699.0
2007-02-14 16:00:00,18970.0
2007-02-14 17:00:00,20117.0
2007-02-14 18:00:00,20233.0
2007-02-14 19:00:00,19512.0
2007-02-14 20:00:00,18622.0
2007-02-14 21:00:00,17345.0
2007-02-14 22:00:00,15914.0
2007-02-14 23:00:00,14692.0
2007-02-15 00:00:00,13994.0
2007-02-15 01:00:00,13674.0
2007-02-15 02:00:00,13595.0
2007-02-15 03:00:00,13666.0
2007-02-15 04:00:00,13988.0
2007-02-15 05:00:00,15092.0
2007-02-15 06:00:00,16996.0
2007-02-15 07:00:00,18060.0
2007-02-15 08:00:00,18453.0
2007-02-15 09:00:00,18533.0
2007-02-15 10:00:00,18571.0
2007-02-15 11:00:00,18486.0
2007-02-15 12:00:00,18270.0
2007-02-15 13:00:00,18089.0
2007-02-15 14:00:00,17860.0
2007-02-15 15:00:00,17850.0
2007-02-15 16:00:00,18321.0
2007-02-15 17:00:00,19804.0
2007-02-15 18:00:00,20640.0
2007-02-15 19:00:00,20346.0
2007-02-15 20:00:00,19661.0
2007-02-15 21:00:00,18440.0
2007-02-15 22:00:00,16919.0
2007-02-15 23:00:00,15485.0
2007-02-16 00:00:00,14675.0
2007-02-16 01:00:00,14267.0
2007-02-16 02:00:00,14089.0
2007-02-16 03:00:00,14091.0
2007-02-16 04:00:00,14406.0
2007-02-16 05:00:00,15453.0
2007-02-16 06:00:00,17493.0
2007-02-16 07:00:00,18507.0
2007-02-16 08:00:00,18676.0
2007-02-16 09:00:00,18679.0
2007-02-16 10:00:00,18595.0
2007-02-16 11:00:00,18409.0
2007-02-16 12:00:00,18107.0
2007-02-16 13:00:00,17862.0
2007-02-16 14:00:00,17593.0
2007-02-16 15:00:00,17459.0
2007-02-16 16:00:00,17731.0
2007-02-16 17:00:00,18801.0
2007-02-16 18:00:00,19348.0
2007-02-16 19:00:00,18868.0
2007-02-16 20:00:00,18249.0
2007-02-16 21:00:00,17342.0
2007-02-16 22:00:00,16046.0
2007-02-16 23:00:00,14849.0
2007-02-17 00:00:00,13941.0
2007-02-17 01:00:00,13447.0
2007-02-17 02:00:00,13202.0
2007-02-17 03:00:00,13128.0
2007-02-17 04:00:00,13188.0
2007-02-17 05:00:00,13591.0
2007-02-17 06:00:00,14334.0
2007-02-17 07:00:00,15146.0
2007-02-17 08:00:00,16033.0
2007-02-17 09:00:00,16538.0
2007-02-17 10:00:00,16613.0
2007-02-17 11:00:00,16378.0
2007-02-17 12:00:00,15972.0
2007-02-17 13:00:00,15497.0
2007-02-17 14:00:00,15160.0
2007-02-17 15:00:00,15043.0
2007-02-17 16:00:00,15406.0
2007-02-17 17:00:00,16706.0
2007-02-17 18:00:00,17416.0
2007-02-17 19:00:00,17011.0
2007-02-17 20:00:00,16488.0
2007-02-17 21:00:00,15738.0
2007-02-17 22:00:00,14732.0
2007-02-17 23:00:00,13660.0
2007-02-18 00:00:00,12830.0
2007-02-18 01:00:00,12301.0
2007-02-18 02:00:00,12047.0
2007-02-18 03:00:00,11950.0
2007-02-18 04:00:00,12019.0
2007-02-18 05:00:00,12335.0
2007-02-18 06:00:00,12811.0
2007-02-18 07:00:00,13460.0
2007-02-18 08:00:00,14390.0
2007-02-18 09:00:00,15007.0
2007-02-18 10:00:00,15260.0
2007-02-18 11:00:00,15396.0
2007-02-18 12:00:00,15337.0
2007-02-18 13:00:00,15099.0
2007-02-18 14:00:00,14918.0
2007-02-18 15:00:00,14902.0
2007-02-18 16:00:00,15383.0
2007-02-18 17:00:00,16767.0
2007-02-18 18:00:00,17532.0
2007-02-18 19:00:00,17262.0
2007-02-18 20:00:00,16820.0
2007-02-18 21:00:00,16056.0
2007-02-18 22:00:00,15015.0
2007-02-18 23:00:00,14113.0
2007-02-19 00:00:00,13410.0
2007-02-19 01:00:00,13141.0
2007-02-19 02:00:00,13085.0
2007-02-19 03:00:00,13195.0
2007-02-19 04:00:00,13586.0
2007-02-19 05:00:00,14456.0
2007-02-19 06:00:00,15749.0
2007-02-19 07:00:00,16810.0
2007-02-19 08:00:00,17678.0
2007-02-19 09:00:00,18227.0
2007-02-19 10:00:00,18465.0
2007-02-19 11:00:00,18398.0
2007-02-19 12:00:00,18091.0
2007-02-19 13:00:00,17761.0
2007-02-19 14:00:00,17448.0
2007-02-19 15:00:00,17310.0
2007-02-19 16:00:00,17729.0
2007-02-19 17:00:00,19057.0
2007-02-19 18:00:00,19793.0
2007-02-19 19:00:00,19361.0
2007-02-19 20:00:00,18593.0
2007-02-19 21:00:00,17470.0
2007-02-19 22:00:00,15932.0
2007-02-19 23:00:00,14675.0
2007-02-20 00:00:00,13780.0
2007-02-20 01:00:00,13342.0
2007-02-20 02:00:00,13156.0
2007-02-20 03:00:00,13077.0
2007-02-20 04:00:00,13306.0
2007-02-20 05:00:00,14265.0
2007-02-20 06:00:00,15944.0
2007-02-20 07:00:00,17065.0
2007-02-20 08:00:00,17528.0
2007-02-20 09:00:00,17653.0
2007-02-20 10:00:00,17572.0
2007-02-20 11:00:00,17366.0
2007-02-20 12:00:00,17060.0
2007-02-20 13:00:00,16829.0
2007-02-20 14:00:00,16551.0
2007-02-20 15:00:00,16415.0
2007-02-20 16:00:00,16721.0
2007-02-20 17:00:00,17861.0
2007-02-20 18:00:00,18423.0
2007-02-20 19:00:00,17956.0
2007-02-20 20:00:00,17167.0
2007-02-20 21:00:00,16079.0
2007-02-20 22:00:00,14655.0
2007-02-20 23:00:00,13331.0
2007-02-21 00:00:00,12410.0
2007-02-21 01:00:00,11933.0
2007-02-21 02:00:00,11731.0
2007-02-21 03:00:00,11717.0
2007-02-21 04:00:00,12037.0
2007-02-21 05:00:00,13103.0
2007-02-21 06:00:00,14813.0
2007-02-21 07:00:00,15926.0
2007-02-21 08:00:00,16357.0
2007-02-21 09:00:00,16474.0
2007-02-21 10:00:00,16534.0
2007-02-21 11:00:00,16439.0
2007-02-21 12:00:00,16218.0
2007-02-21 13:00:00,16083.0
2007-02-21 14:00:00,15835.0
2007-02-21 15:00:00,15690.0
2007-02-21 16:00:00,15986.0
2007-02-21 17:00:00,17141.0
2007-02-21 18:00:00,17994.0
2007-02-21 19:00:00,17674.0
2007-02-21 20:00:00,17059.0
2007-02-21 21:00:00,16075.0
2007-02-21 22:00:00,14742.0
2007-02-21 23:00:00,13479.0
2007-02-22 00:00:00,12646.0
2007-02-22 01:00:00,12240.0
2007-02-22 02:00:00,12094.0
2007-02-22 03:00:00,12132.0
2007-02-22 04:00:00,12467.0
2007-02-22 05:00:00,13542.0
2007-02-22 06:00:00,15242.0
2007-02-22 07:00:00,16422.0
2007-02-22 08:00:00,16975.0
2007-02-22 09:00:00,17119.0
2007-02-22 10:00:00,17166.0
2007-02-22 11:00:00,17029.0
2007-02-22 12:00:00,16792.0
2007-02-22 13:00:00,16704.0
2007-02-22 14:00:00,16615.0
2007-02-22 15:00:00,16617.0
2007-02-22 16:00:00,17031.0
2007-02-22 17:00:00,18052.0
2007-02-22 18:00:00,18452.0
2007-02-22 19:00:00,18011.0
2007-02-22 20:00:00,17233.0
2007-02-22 21:00:00,16134.0
2007-02-22 22:00:00,14767.0
2007-02-22 23:00:00,13447.0
2007-02-23 00:00:00,12511.0
2007-02-23 01:00:00,12075.0
2007-02-23 02:00:00,11879.0
2007-02-23 03:00:00,11893.0
2007-02-23 04:00:00,12187.0
2007-02-23 05:00:00,13179.0
2007-02-23 06:00:00,14842.0
2007-02-23 07:00:00,16069.0
2007-02-23 08:00:00,16782.0
2007-02-23 09:00:00,17043.0
2007-02-23 10:00:00,17125.0
2007-02-23 11:00:00,17087.0
2007-02-23 12:00:00,16858.0
2007-02-23 13:00:00,16689.0
2007-02-23 14:00:00,16492.0
2007-02-23 15:00:00,16384.0
2007-02-23 16:00:00,16708.0
2007-02-23 17:00:00,17740.0
2007-02-23 18:00:00,18519.0
2007-02-23 19:00:00,18210.0
2007-02-23 20:00:00,17711.0
2007-02-23 21:00:00,16889.0
2007-02-23 22:00:00,15747.0
2007-02-23 23:00:00,14636.0
2007-02-24 00:00:00,13776.0
2007-02-24 01:00:00,13338.0
2007-02-24 02:00:00,13131.0
2007-02-24 03:00:00,13079.0
2007-02-24 04:00:00,13221.0
2007-02-24 05:00:00,13645.0
2007-02-24 06:00:00,14335.0
2007-02-24 07:00:00,15203.0
2007-02-24 08:00:00,16148.0
2007-02-24 09:00:00,16739.0
2007-02-24 10:00:00,16858.0
2007-02-24 11:00:00,16655.0
2007-02-24 12:00:00,16228.0
2007-02-24 13:00:00,15726.0
2007-02-24 14:00:00,15300.0
2007-02-24 15:00:00,15119.0
2007-02-24 16:00:00,15349.0
2007-02-24 17:00:00,16420.0
2007-02-24 18:00:00,17323.0
2007-02-24 19:00:00,16974.0
2007-02-24 20:00:00,16444.0
2007-02-24 21:00:00,15781.0
2007-02-24 22:00:00,14741.0
2007-02-24 23:00:00,13751.0
2007-02-25 00:00:00,12943.0
2007-02-25 01:00:00,12485.0
2007-02-25 02:00:00,12256.0
2007-02-25 03:00:00,12161.0
2007-02-25 04:00:00,12223.0
2007-02-25 05:00:00,12526.0
2007-02-25 06:00:00,12959.0
2007-02-25 07:00:00,13558.0
2007-02-25 08:00:00,14364.0
2007-02-25 09:00:00,14862.0
2007-02-25 10:00:00,15101.0
2007-02-25 11:00:00,15104.0
2007-02-25 12:00:00,14945.0
2007-02-25 13:00:00,14633.0
2007-02-25 14:00:00,14376.0
2007-02-25 15:00:00,14366.0
2007-02-25 16:00:00,14900.0
2007-02-25 17:00:00,16348.0
2007-02-25 18:00:00,17206.0
2007-02-25 19:00:00,16865.0
2007-02-25 20:00:00,16262.0
2007-02-25 21:00:00,15188.0
2007-02-25 22:00:00,13984.0
2007-02-25 23:00:00,12967.0
2007-02-26 00:00:00,12213.0
2007-02-26 01:00:00,11786.0
2007-02-26 02:00:00,11635.0
2007-02-26 03:00:00,11674.0
2007-02-26 04:00:00,12033.0
2007-02-26 05:00:00,13193.0
2007-02-26 06:00:00,15097.0
2007-02-26 07:00:00,16316.0
2007-02-26 08:00:00,16867.0
2007-02-26 09:00:00,17156.0
2007-02-26 10:00:00,17332.0
2007-02-26 11:00:00,17310.0
2007-02-26 12:00:00,17157.0
2007-02-26 13:00:00,17036.0
2007-02-26 14:00:00,16840.0
2007-02-26 15:00:00,16768.0
2007-02-26 16:00:00,17227.0
2007-02-26 17:00:00,18359.0
2007-02-26 18:00:00,18923.0
2007-02-26 19:00:00,18443.0
2007-02-26 20:00:00,17612.0
2007-02-26 21:00:00,16361.0
2007-02-26 22:00:00,14795.0
2007-02-26 23:00:00,13464.0
2007-02-27 00:00:00,12588.0
2007-02-27 01:00:00,12148.0
2007-02-27 02:00:00,11963.0
2007-02-27 03:00:00,11947.0
2007-02-27 04:00:00,12271.0
2007-02-27 05:00:00,13437.0
2007-02-27 06:00:00,15422.0
2007-02-27 07:00:00,16576.0
2007-02-27 08:00:00,16841.0
2007-02-27 09:00:00,16835.0
2007-02-27 10:00:00,16781.0
2007-02-27 11:00:00,16646.0
2007-02-27 12:00:00,16461.0
2007-02-27 13:00:00,16392.0
2007-02-27 14:00:00,16265.0
2007-02-27 15:00:00,16284.0
2007-02-27 16:00:00,16739.0
2007-02-27 17:00:00,17830.0
2007-02-27 18:00:00,18520.0
2007-02-27 19:00:00,18144.0
2007-02-27 20:00:00,17344.0
2007-02-27 21:00:00,16225.0
2007-02-27 22:00:00,14705.0
2007-02-27 23:00:00,13339.0
2007-02-28 00:00:00,12447.0
2007-02-28 01:00:00,12017.0
2007-02-28 02:00:00,11822.0
2007-02-28 03:00:00,11825.0
2007-02-28 04:00:00,12154.0
2007-02-28 05:00:00,13325.0
2007-02-28 06:00:00,15365.0
2007-02-28 07:00:00,16473.0
2007-02-28 08:00:00,16634.0
2007-02-28 09:00:00,16567.0
2007-02-28 10:00:00,16493.0
2007-02-28 11:00:00,16328.0
2007-02-28 12:00:00,16052.0
2007-02-28 13:00:00,15912.0
2007-02-28 14:00:00,15735.0
2007-02-28 15:00:00,15627.0
2007-02-28 16:00:00,15923.0
2007-02-28 17:00:00,16959.0
2007-02-28 18:00:00,18081.0
2007-02-28 19:00:00,17874.0
2007-02-28 20:00:00,17294.0
2007-02-28 21:00:00,16252.0
2007-02-28 22:00:00,14781.0
2007-02-28 23:00:00,13413.0
2007-03-01 00:00:00,12639.0
2007-03-01 01:00:00,12245.0
2007-03-01 02:00:00,12115.0
2007-03-01 03:00:00,12169.0
2007-03-01 04:00:00,12529.0
2007-03-01 05:00:00,13731.0
2007-03-01 06:00:00,15722.0
2007-03-01 07:00:00,16811.0
2007-03-01 08:00:00,16939.0
2007-03-01 09:00:00,16849.0
2007-03-01 10:00:00,16777.0
2007-03-01 11:00:00,16573.0
2007-03-01 12:00:00,16281.0
2007-03-01 13:00:00,16109.0
2007-03-01 14:00:00,15903.0
2007-03-01 15:00:00,15908.0
2007-03-01 16:00:00,16356.0
2007-03-01 17:00:00,17466.0
2007-03-01 18:00:00,18219.0
2007-03-01 19:00:00,17919.0
2007-03-01 20:00:00,17227.0
2007-03-01 21:00:00,16128.0
2007-03-01 22:00:00,14619.0
2007-03-01 23:00:00,13232.0
2007-03-02 00:00:00,12389.0
2007-03-02 01:00:00,11975.0
2007-03-02 02:00:00,11782.0
2007-03-02 03:00:00,11816.0
2007-03-02 04:00:00,12116.0
2007-03-02 05:00:00,13176.0
2007-03-02 06:00:00,15105.0
2007-03-02 07:00:00,16501.0
2007-03-02 08:00:00,17238.0
2007-03-02 09:00:00,17640.0
2007-03-02 10:00:00,17912.0
2007-03-02 11:00:00,17962.0
2007-03-02 12:00:00,17790.0
2007-03-02 13:00:00,17502.0
2007-03-02 14:00:00,17125.0
2007-03-02 15:00:00,16823.0
2007-03-02 16:00:00,16832.0
2007-03-02 17:00:00,17308.0
2007-03-02 18:00:00,17856.0
2007-03-02 19:00:00,17353.0
2007-03-02 20:00:00,16666.0
2007-03-02 21:00:00,15774.0
2007-03-02 22:00:00,14565.0
2007-03-02 23:00:00,13351.0
2007-03-03 00:00:00,12413.0
2007-03-03 01:00:00,11945.0
2007-03-03 02:00:00,11692.0
2007-03-03 03:00:00,11588.0
2007-03-03 04:00:00,11673.0
2007-03-03 05:00:00,12111.0
2007-03-03 06:00:00,12777.0
2007-03-03 07:00:00,13626.0
2007-03-03 08:00:00,14530.0
2007-03-03 09:00:00,14976.0
2007-03-03 10:00:00,15071.0
2007-03-03 11:00:00,14882.0
2007-03-03 12:00:00,14518.0
2007-03-03 13:00:00,14167.0
2007-03-03 14:00:00,13968.0
2007-03-03 15:00:00,13995.0
2007-03-03 16:00:00,14414.0
2007-03-03 17:00:00,15311.0
2007-03-03 18:00:00,16098.0
2007-03-03 19:00:00,15771.0
2007-03-03 20:00:00,15254.0
2007-03-03 21:00:00,14616.0
2007-03-03 22:00:00,13645.0
2007-03-03 23:00:00,12643.0
2007-03-04 00:00:00,11893.0
2007-03-04 01:00:00,11385.0
2007-03-04 02:00:00,11156.0
2007-03-04 03:00:00,11090.0
2007-03-04 04:00:00,11187.0
2007-03-04 05:00:00,11494.0
2007-03-04 06:00:00,11884.0
2007-03-04 07:00:00,12573.0
2007-03-04 08:00:00,13463.0
2007-03-04 09:00:00,14134.0
2007-03-04 10:00:00,14467.0
2007-03-04 11:00:00,14650.0
2007-03-04 12:00:00,14653.0
2007-03-04 13:00:00,14542.0
2007-03-04 14:00:00,14423.0
2007-03-04 15:00:00,14433.0
2007-03-04 16:00:00,14876.0
2007-03-04 17:00:00,15954.0
2007-03-04 18:00:00,17114.0
2007-03-04 19:00:00,16895.0
2007-03-04 20:00:00,16344.0
2007-03-04 21:00:00,15313.0
2007-03-04 22:00:00,14092.0
2007-03-04 23:00:00,12921.0
2007-03-05 00:00:00,12209.0
2007-03-05 01:00:00,11871.0
2007-03-05 02:00:00,11772.0
2007-03-05 03:00:00,11795.0
2007-03-05 04:00:00,12143.0
2007-03-05 05:00:00,13391.0
2007-03-05 06:00:00,15439.0
2007-03-05 07:00:00,16691.0
2007-03-05 08:00:00,17031.0
2007-03-05 09:00:00,17135.0
2007-03-05 10:00:00,17215.0
2007-03-05 11:00:00,17136.0
2007-03-05 12:00:00,16878.0
2007-03-05 13:00:00,16743.0
2007-03-05 14:00:00,16615.0
2007-03-05 15:00:00,16695.0
2007-03-05 16:00:00,17147.0
2007-03-05 17:00:00,18177.0
2007-03-05 18:00:00,19286.0
2007-03-05 19:00:00,19066.0
2007-03-05 20:00:00,18387.0
2007-03-05 21:00:00,17295.0
2007-03-05 22:00:00,15736.0
2007-03-05 23:00:00,14469.0
2007-03-06 00:00:00,13710.0
2007-03-06 01:00:00,13362.0
2007-03-06 02:00:00,13349.0
2007-03-06 03:00:00,13482.0
2007-03-06 04:00:00,13944.0
2007-03-06 05:00:00,15270.0
2007-03-06 06:00:00,17327.0
2007-03-06 07:00:00,18565.0
2007-03-06 08:00:00,18906.0
2007-03-06 09:00:00,18988.0
2007-03-06 10:00:00,19130.0
2007-03-06 11:00:00,19091.0
2007-03-06 12:00:00,18971.0
2007-03-06 13:00:00,18834.0
2007-03-06 14:00:00,18585.0
2007-03-06 15:00:00,18541.0
2007-03-06 16:00:00,18911.0
2007-03-06 17:00:00,19930.0
2007-03-06 18:00:00,21100.0
2007-03-06 19:00:00,20846.0
2007-03-06 20:00:00,20121.0
2007-03-06 21:00:00,18966.0
2007-03-06 22:00:00,17389.0
2007-03-06 23:00:00,15986.0
2007-03-07 00:00:00,15147.0
2007-03-07 01:00:00,14720.0
2007-03-07 02:00:00,14550.0
2007-03-07 03:00:00,14543.0
2007-03-07 04:00:00,14838.0
2007-03-07 05:00:00,16183.0
2007-03-07 06:00:00,17957.0
2007-03-07 07:00:00,19046.0
2007-03-07 08:00:00,19325.0
2007-03-07 09:00:00,19230.0
2007-03-07 10:00:00,19089.0
2007-03-07 11:00:00,18883.0
2007-03-07 12:00:00,18538.0
2007-03-07 13:00:00,18277.0
2007-03-07 14:00:00,17959.0
2007-03-07 15:00:00,17835.0
2007-03-07 16:00:00,18090.0
2007-03-07 17:00:00,18931.0
2007-03-07 18:00:00,20065.0
2007-03-07 19:00:00,19824.0
2007-03-07 20:00:00,19216.0
2007-03-07 21:00:00,18162.0
2007-03-07 22:00:00,16583.0
2007-03-07 23:00:00,15225.0
2007-03-08 00:00:00,14432.0
2007-03-08 01:00:00,14067.0
2007-03-08 02:00:00,13910.0
2007-03-08 03:00:00,13946.0
2007-03-08 04:00:00,14295.0
2007-03-08 05:00:00,15446.0
2007-03-08 06:00:00,17342.0
2007-03-08 07:00:00,18418.0
2007-03-08 08:00:00,18483.0
2007-03-08 09:00:00,18456.0
2007-03-08 10:00:00,18482.0
2007-03-08 11:00:00,18395.0
2007-03-08 12:00:00,18206.0
2007-03-08 13:00:00,18118.0
2007-03-08 14:00:00,17957.0
2007-03-08 15:00:00,17941.0
2007-03-08 16:00:00,18271.0
2007-03-08 17:00:00,19167.0
2007-03-08 18:00:00,20415.0
2007-03-08 19:00:00,20267.0
2007-03-08 20:00:00,19630.0
2007-03-08 21:00:00,18578.0
2007-03-08 22:00:00,17026.0
2007-03-08 23:00:00,15694.0
2007-03-09 00:00:00,14939.0
2007-03-09 01:00:00,14596.0
2007-03-09 02:00:00,14419.0
2007-03-09 03:00:00,14440.0
2007-03-09 04:00:00,14804.0
2007-03-09 05:00:00,15917.0
2007-03-09 06:00:00,17714.0
2007-03-09 07:00:00,18822.0
2007-03-09 08:00:00,18883.0
2007-03-09 09:00:00,18703.0
2007-03-09 10:00:00,18542.0
2007-03-09 11:00:00,18192.0
2007-03-09 12:00:00,17753.0
2007-03-09 13:00:00,17406.0
2007-03-09 14:00:00,16979.0
2007-03-09 15:00:00,16733.0
2007-03-09 16:00:00,16870.0
2007-03-09 17:00:00,17474.0
2007-03-09 18:00:00,18506.0
2007-03-09 19:00:00,18229.0
2007-03-09 20:00:00,17644.0
2007-03-09 21:00:00,16750.0
2007-03-09 22:00:00,15572.0
2007-03-09 23:00:00,14335.0
2007-03-10 00:00:00,13399.0
2007-03-10 01:00:00,12930.0
2007-03-10 02:00:00,12675.0
2007-03-10 03:00:00,12567.0
2007-03-10 04:00:00,12683.0
2007-03-10 05:00:00,13124.0
2007-03-10 06:00:00,13665.0
2007-03-10 07:00:00,14580.0
2007-03-10 08:00:00,15446.0
2007-03-10 09:00:00,15944.0
2007-03-10 10:00:00,16025.0
2007-03-10 11:00:00,15848.0
2007-03-10 12:00:00,15487.0
2007-03-10 13:00:00,15108.0
2007-03-10 14:00:00,14809.0
2007-03-10 15:00:00,14673.0
2007-03-10 16:00:00,14871.0
2007-03-10 17:00:00,15609.0
2007-03-10 18:00:00,16367.0
2007-03-10 19:00:00,15996.0
2007-03-10 20:00:00,15392.0
2007-03-10 21:00:00,14583.0
2007-03-10 22:00:00,13520.0
2007-03-10 23:00:00,12484.0
2007-03-11 00:00:00,11624.0
2007-03-11 01:00:00,11373.0
2007-03-11 02:00:00,11122.0
2007-03-11 03:00:00,10850.0
2007-03-11 04:00:00,10776.0
2007-03-11 05:00:00,10911.0
2007-03-11 06:00:00,11347.0
2007-03-11 07:00:00,11836.0
2007-03-11 08:00:00,12594.0
2007-03-11 09:00:00,13342.0
2007-03-11 10:00:00,13866.0
2007-03-11 11:00:00,14172.0
2007-03-11 12:00:00,14220.0
2007-03-11 13:00:00,14075.0
2007-03-11 14:00:00,13853.0
2007-03-11 15:00:00,13752.0
2007-03-11 16:00:00,13868.0
2007-03-11 17:00:00,14242.0
2007-03-11 18:00:00,14923.0
2007-03-11 19:00:00,16097.0
2007-03-11 20:00:00,15896.0
2007-03-11 21:00:00,15039.0
2007-03-11 22:00:00,13796.0
2007-03-11 23:00:00,12590.0
2007-03-12 00:00:00,11811.0
2007-03-12 01:00:00,11408.0
2007-03-12 02:00:00,11259.0
2007-03-12 03:00:00,11292.0
2007-03-12 04:00:00,11597.0
2007-03-12 05:00:00,12698.0
2007-03-12 06:00:00,14940.0
2007-03-12 07:00:00,16311.0
2007-03-12 08:00:00,16493.0
2007-03-12 09:00:00,16464.0
2007-03-12 10:00:00,16432.0
2007-03-12 11:00:00,16281.0
2007-03-12 12:00:00,16070.0
2007-03-12 13:00:00,15905.0
2007-03-12 14:00:00,15646.0
2007-03-12 15:00:00,15451.0
2007-03-12 16:00:00,15499.0
2007-03-12 17:00:00,15774.0
2007-03-12 18:00:00,16277.0
2007-03-12 19:00:00,17183.0
2007-03-12 20:00:00,16775.0
2007-03-12 21:00:00,15687.0
2007-03-12 22:00:00,14143.0
2007-03-12 23:00:00,12733.0
2007-03-13 00:00:00,11799.0
2007-03-13 01:00:00,11331.0
2007-03-13 02:00:00,11157.0
2007-03-13 03:00:00,11096.0
2007-03-13 04:00:00,11402.0
2007-03-13 05:00:00,12498.0
2007-03-13 06:00:00,14717.0
2007-03-13 07:00:00,15997.0
2007-03-13 08:00:00,16223.0
2007-03-13 09:00:00,16229.0
2007-03-13 10:00:00,16273.0
2007-03-13 11:00:00,16158.0
2007-03-13 12:00:00,15957.0
2007-03-13 13:00:00,15801.0
2007-03-13 14:00:00,15556.0
2007-03-13 15:00:00,15359.0
2007-03-13 16:00:00,15361.0
2007-03-13 17:00:00,15560.0
2007-03-13 18:00:00,15962.0
2007-03-13 19:00:00,16906.0
2007-03-13 20:00:00,16504.0
2007-03-13 21:00:00,15473.0
2007-03-13 22:00:00,13972.0
2007-03-13 23:00:00,12535.0
2007-03-14 00:00:00,11598.0
2007-03-14 01:00:00,11108.0
2007-03-14 02:00:00,10876.0
2007-03-14 03:00:00,10813.0
2007-03-14 04:00:00,11075.0
2007-03-14 05:00:00,12166.0
2007-03-14 06:00:00,14335.0
2007-03-14 07:00:00,15563.0
2007-03-14 08:00:00,15752.0
2007-03-14 09:00:00,15794.0
2007-03-14 10:00:00,15900.0
2007-03-14 11:00:00,15862.0
2007-03-14 12:00:00,15674.0
2007-03-14 13:00:00,15601.0
2007-03-14 14:00:00,15439.0
2007-03-14 15:00:00,15289.0
2007-03-14 16:00:00,15286.0
2007-03-14 17:00:00,15487.0
2007-03-14 18:00:00,15973.0
2007-03-14 19:00:00,16661.0
2007-03-14 20:00:00,16180.0
2007-03-14 21:00:00,15081.0
2007-03-14 22:00:00,13528.0
2007-03-14 23:00:00,12072.0
2007-03-15 00:00:00,11208.0
2007-03-15 01:00:00,10699.0
2007-03-15 02:00:00,10477.0
2007-03-15 03:00:00,10434.0
2007-03-15 04:00:00,10685.0
2007-03-15 05:00:00,11723.0
2007-03-15 06:00:00,13897.0
2007-03-15 07:00:00,15374.0
2007-03-15 08:00:00,15741.0
2007-03-15 09:00:00,15967.0
2007-03-15 10:00:00,16125.0
2007-03-15 11:00:00,16119.0
2007-03-15 12:00:00,16025.0
2007-03-15 13:00:00,16032.0
2007-03-15 14:00:00,15907.0
2007-03-15 15:00:00,15868.0
2007-03-15 16:00:00,16066.0
2007-03-15 17:00:00,16436.0
2007-03-15 18:00:00,16831.0
2007-03-15 19:00:00,17180.0
2007-03-15 20:00:00,16703.0
2007-03-15 21:00:00,15681.0
2007-03-15 22:00:00,14259.0
2007-03-15 23:00:00,12904.0
2007-03-16 00:00:00,11988.0
2007-03-16 01:00:00,11542.0
2007-03-16 02:00:00,11343.0
2007-03-16 03:00:00,11345.0
2007-03-16 04:00:00,11637.0
2007-03-16 05:00:00,12724.0
2007-03-16 06:00:00,14828.0
2007-03-16 07:00:00,16293.0
2007-03-16 08:00:00,16969.0
2007-03-16 09:00:00,17318.0
2007-03-16 10:00:00,17597.0
2007-03-16 11:00:00,17719.0
2007-03-16 12:00:00,17682.0
2007-03-16 13:00:00,17655.0
2007-03-16 14:00:00,17476.0
2007-03-16 15:00:00,17256.0
2007-03-16 16:00:00,17303.0
2007-03-16 17:00:00,17683.0
2007-03-16 18:00:00,18035.0
2007-03-16 19:00:00,18318.0
2007-03-16 20:00:00,17658.0
2007-03-16 21:00:00,16638.0
2007-03-16 22:00:00,15395.0
2007-03-16 23:00:00,14111.0
2007-03-17 00:00:00,13143.0
2007-03-17 01:00:00,12579.0
2007-03-17 02:00:00,12278.0
2007-03-17 03:00:00,12118.0
2007-03-17 04:00:00,12125.0
2007-03-17 05:00:00,12434.0
2007-03-17 06:00:00,13100.0
2007-03-17 07:00:00,13840.0
2007-03-17 08:00:00,14941.0
2007-03-17 09:00:00,15842.0
2007-03-17 10:00:00,16282.0
2007-03-17 11:00:00,16410.0
2007-03-17 12:00:00,16242.0
2007-03-17 13:00:00,15898.0
2007-03-17 14:00:00,15553.0
2007-03-17 15:00:00,15281.0
2007-03-17 16:00:00,15239.0
2007-03-17 17:00:00,15407.0
2007-03-17 18:00:00,15692.0
2007-03-17 19:00:00,16392.0
2007-03-17 20:00:00,16070.0
2007-03-17 21:00:00,15409.0
2007-03-17 22:00:00,14415.0
2007-03-17 23:00:00,13399.0
2007-03-18 00:00:00,12595.0
2007-03-18 01:00:00,12101.0
2007-03-18 02:00:00,11846.0
2007-03-18 03:00:00,11743.0
2007-03-18 04:00:00,11812.0
2007-03-18 05:00:00,12047.0
2007-03-18 06:00:00,12559.0
2007-03-18 07:00:00,13139.0
2007-03-18 08:00:00,14035.0
2007-03-18 09:00:00,14740.0
2007-03-18 10:00:00,15144.0
2007-03-18 11:00:00,15345.0
2007-03-18 12:00:00,15275.0
2007-03-18 13:00:00,15055.0
2007-03-18 14:00:00,14821.0
2007-03-18 15:00:00,14694.0
2007-03-18 16:00:00,14817.0
2007-03-18 17:00:00,15151.0
2007-03-18 18:00:00,15731.0
2007-03-18 19:00:00,16842.0
2007-03-18 20:00:00,16669.0
2007-03-18 21:00:00,15750.0
2007-03-18 22:00:00,14400.0
2007-03-18 23:00:00,13215.0
2007-03-19 00:00:00,12500.0
2007-03-19 01:00:00,12110.0
2007-03-19 02:00:00,11998.0
2007-03-19 03:00:00,12040.0
2007-03-19 04:00:00,12397.0
2007-03-19 05:00:00,13573.0
2007-03-19 06:00:00,15786.0
2007-03-19 07:00:00,17017.0
2007-03-19 08:00:00,17153.0
2007-03-19 09:00:00,17113.0
2007-03-19 10:00:00,17093.0
2007-03-19 11:00:00,16872.0
2007-03-19 12:00:00,16612.0
2007-03-19 13:00:00,16436.0
2007-03-19 14:00:00,16247.0
2007-03-19 15:00:00,16233.0
2007-03-19 16:00:00,16499.0
2007-03-19 17:00:00,16970.0
2007-03-19 18:00:00,17516.0
2007-03-19 19:00:00,18193.0
2007-03-19 20:00:00,17634.0
2007-03-19 21:00:00,16472.0
2007-03-19 22:00:00,14860.0
2007-03-19 23:00:00,13420.0
2007-03-20 00:00:00,12545.0
2007-03-20 01:00:00,12033.0
2007-03-20 02:00:00,11776.0
2007-03-20 03:00:00,11696.0
2007-03-20 04:00:00,11927.0
2007-03-20 05:00:00,12998.0
2007-03-20 06:00:00,15150.0
2007-03-20 07:00:00,16245.0
2007-03-20 08:00:00,16292.0
2007-03-20 09:00:00,16276.0
2007-03-20 10:00:00,16393.0
2007-03-20 11:00:00,16303.0
2007-03-20 12:00:00,16130.0
2007-03-20 13:00:00,16018.0
2007-03-20 14:00:00,15831.0
2007-03-20 15:00:00,15673.0
2007-03-20 16:00:00,15738.0
2007-03-20 17:00:00,16001.0
2007-03-20 18:00:00,16380.0
2007-03-20 19:00:00,17520.0
2007-03-20 20:00:00,17396.0
2007-03-20 21:00:00,16374.0
2007-03-20 22:00:00,14932.0
2007-03-20 23:00:00,13575.0
2007-03-21 00:00:00,12772.0
2007-03-21 01:00:00,12402.0
2007-03-21 02:00:00,12256.0
2007-03-21 03:00:00,12333.0
2007-03-21 04:00:00,12662.0
2007-03-21 05:00:00,13833.0
2007-03-21 06:00:00,16063.0
2007-03-21 07:00:00,17229.0
2007-03-21 08:00:00,17346.0
2007-03-21 09:00:00,17219.0
2007-03-21 10:00:00,17205.0
2007-03-21 11:00:00,17103.0
2007-03-21 12:00:00,16788.0
2007-03-21 13:00:00,16433.0
2007-03-21 14:00:00,16042.0
2007-03-21 15:00:00,15817.0
2007-03-21 16:00:00,15826.0
2007-03-21 17:00:00,16050.0
2007-03-21 18:00:00,16429.0
2007-03-21 19:00:00,17525.0
2007-03-21 20:00:00,17389.0
2007-03-21 21:00:00,16358.0
2007-03-21 22:00:00,14770.0
2007-03-21 23:00:00,13366.0
2007-03-22 00:00:00,12438.0
2007-03-22 01:00:00,11928.0
2007-03-22 02:00:00,11678.0
2007-03-22 03:00:00,11630.0
2007-03-22 04:00:00,11895.0
2007-03-22 05:00:00,12941.0
2007-03-22 06:00:00,15100.0
2007-03-22 07:00:00,16363.0
2007-03-22 08:00:00,16634.0
2007-03-22 09:00:00,16681.0
2007-03-22 10:00:00,16622.0
2007-03-22 11:00:00,16441.0
2007-03-22 12:00:00,16140.0
2007-03-22 13:00:00,15947.0
2007-03-22 14:00:00,15679.0
2007-03-22 15:00:00,15462.0
2007-03-22 16:00:00,15459.0
2007-03-22 17:00:00,15644.0
2007-03-22 18:00:00,16018.0
2007-03-22 19:00:00,16790.0
2007-03-22 20:00:00,16442.0
2007-03-22 21:00:00,15346.0
2007-03-22 22:00:00,13824.0
2007-03-22 23:00:00,12435.0
2007-03-23 00:00:00,11521.0
2007-03-23 01:00:00,10992.0
2007-03-23 02:00:00,10763.0
2007-03-23 03:00:00,10677.0
2007-03-23 04:00:00,10928.0
2007-03-23 05:00:00,11943.0
2007-03-23 06:00:00,13998.0
2007-03-23 07:00:00,15204.0
2007-03-23 08:00:00,15561.0
2007-03-23 09:00:00,15677.0
2007-03-23 10:00:00,15735.0
2007-03-23 11:00:00,15711.0
2007-03-23 12:00:00,15551.0
2007-03-23 13:00:00,15491.0
2007-03-23 14:00:00,15287.0
2007-03-23 15:00:00,15098.0
2007-03-23 16:00:00,15012.0
2007-03-23 17:00:00,14972.0
2007-03-23 18:00:00,14963.0
2007-03-23 19:00:00,15690.0
2007-03-23 20:00:00,15554.0
2007-03-23 21:00:00,14828.0
2007-03-23 22:00:00,13668.0
2007-03-23 23:00:00,12483.0
2007-03-24 00:00:00,11599.0
2007-03-24 01:00:00,11094.0
2007-03-24 02:00:00,10861.0
2007-03-24 03:00:00,10781.0
2007-03-24 04:00:00,10892.0
2007-03-24 05:00:00,11316.0
2007-03-24 06:00:00,12090.0
2007-03-24 07:00:00,13023.0
2007-03-24 08:00:00,14016.0
2007-03-24 09:00:00,14552.0
2007-03-24 10:00:00,14688.0
2007-03-24 11:00:00,14467.0
2007-03-24 12:00:00,14137.0
2007-03-24 13:00:00,13771.0
2007-03-24 14:00:00,13447.0
2007-03-24 15:00:00,13310.0
2007-03-24 16:00:00,13493.0
2007-03-24 17:00:00,13993.0
2007-03-24 18:00:00,14602.0
2007-03-24 19:00:00,15113.0
2007-03-24 20:00:00,14863.0
2007-03-24 21:00:00,14262.0
2007-03-24 22:00:00,13311.0
2007-03-24 23:00:00,12269.0
2007-03-25 00:00:00,11465.0
2007-03-25 01:00:00,10985.0
2007-03-25 02:00:00,10728.0
2007-03-25 03:00:00,10608.0
2007-03-25 04:00:00,10641.0
2007-03-25 05:00:00,10895.0
2007-03-25 06:00:00,11386.0
2007-03-25 07:00:00,12060.0
2007-03-25 08:00:00,13119.0
2007-03-25 09:00:00,13903.0
2007-03-25 10:00:00,14256.0
2007-03-25 11:00:00,14376.0
2007-03-25 12:00:00,14302.0
2007-03-25 13:00:00,14030.0
2007-03-25 14:00:00,13732.0
2007-03-25 15:00:00,13612.0
2007-03-25 16:00:00,13741.0
2007-03-25 17:00:00,14040.0
2007-03-25 18:00:00,14428.0
2007-03-25 19:00:00,15487.0
2007-03-25 20:00:00,15436.0
2007-03-25 21:00:00,14552.0
2007-03-25 22:00:00,13223.0
2007-03-25 23:00:00,12088.0
2007-03-26 00:00:00,11361.0
2007-03-26 01:00:00,10988.0
2007-03-26 02:00:00,10869.0
2007-03-26 03:00:00,10933.0
2007-03-26 04:00:00,11301.0
2007-03-26 05:00:00,12498.0
2007-03-26 06:00:00,14705.0
2007-03-26 07:00:00,16030.0
2007-03-26 08:00:00,16326.0
2007-03-26 09:00:00,16467.0
2007-03-26 10:00:00,16602.0
2007-03-26 11:00:00,16531.0
2007-03-26 12:00:00,16387.0
2007-03-26 13:00:00,16281.0
2007-03-26 14:00:00,16106.0
2007-03-26 15:00:00,16083.0
2007-03-26 16:00:00,16351.0
2007-03-26 17:00:00,16742.0
2007-03-26 18:00:00,16947.0
2007-03-26 19:00:00,17345.0
2007-03-26 20:00:00,16821.0
2007-03-26 21:00:00,15617.0
2007-03-26 22:00:00,14015.0
2007-03-26 23:00:00,12522.0
2007-03-27 00:00:00,11648.0
2007-03-27 01:00:00,11162.0
2007-03-27 02:00:00,10934.0
2007-03-27 03:00:00,10855.0
2007-03-27 04:00:00,11115.0
2007-03-27 05:00:00,12187.0
2007-03-27 06:00:00,14354.0
2007-03-27 07:00:00,15618.0
2007-03-27 08:00:00,15841.0
2007-03-27 09:00:00,15864.0
2007-03-27 10:00:00,15874.0
2007-03-27 11:00:00,15816.0
2007-03-27 12:00:00,15698.0
2007-03-27 13:00:00,15621.0
2007-03-27 14:00:00,15396.0
2007-03-27 15:00:00,15211.0
2007-03-27 16:00:00,15236.0
2007-03-27 17:00:00,15496.0
2007-03-27 18:00:00,15629.0
2007-03-27 19:00:00,16328.0
2007-03-27 20:00:00,16083.0
2007-03-27 21:00:00,14968.0
2007-03-27 22:00:00,13401.0
2007-03-27 23:00:00,11967.0
2007-03-28 00:00:00,11087.0
2007-03-28 01:00:00,10618.0
2007-03-28 02:00:00,10404.0
2007-03-28 03:00:00,10356.0
2007-03-28 04:00:00,10641.0
2007-03-28 05:00:00,11751.0
2007-03-28 06:00:00,13879.0
2007-03-28 07:00:00,15105.0
2007-03-28 08:00:00,15419.0
2007-03-28 09:00:00,15529.0
2007-03-28 10:00:00,15603.0
2007-03-28 11:00:00,15587.0
2007-03-28 12:00:00,15451.0
2007-03-28 13:00:00,15377.0
2007-03-28 14:00:00,15173.0
2007-03-28 15:00:00,15012.0
2007-03-28 16:00:00,14992.0
2007-03-28 17:00:00,15133.0
2007-03-28 18:00:00,15315.0
2007-03-28 19:00:00,16246.0
2007-03-28 20:00:00,16284.0
2007-03-28 21:00:00,15281.0
2007-03-28 22:00:00,13776.0
2007-03-28 23:00:00,12387.0
2007-03-29 00:00:00,11558.0
2007-03-29 01:00:00,11113.0
2007-03-29 02:00:00,10975.0
2007-03-29 03:00:00,10995.0
2007-03-29 04:00:00,11314.0
2007-03-29 05:00:00,12523.0
2007-03-29 06:00:00,14713.0
2007-03-29 07:00:00,15956.0
2007-03-29 08:00:00,16197.0
2007-03-29 09:00:00,16232.0
2007-03-29 10:00:00,16248.0
2007-03-29 11:00:00,16106.0
2007-03-29 12:00:00,15901.0
2007-03-29 13:00:00,15728.0
2007-03-29 14:00:00,15448.0
2007-03-29 15:00:00,15229.0
2007-03-29 16:00:00,15192.0
2007-03-29 17:00:00,15305.0
2007-03-29 18:00:00,15528.0
2007-03-29 19:00:00,16469.0
2007-03-29 20:00:00,16486.0
2007-03-29 21:00:00,15492.0
2007-03-29 22:00:00,13934.0
2007-03-29 23:00:00,12517.0
2007-03-30 00:00:00,11633.0
2007-03-30 01:00:00,11248.0
2007-03-30 02:00:00,11126.0
2007-03-30 03:00:00,11121.0
2007-03-30 04:00:00,11451.0
2007-03-30 05:00:00,12547.0
2007-03-30 06:00:00,14618.0
2007-03-30 07:00:00,15853.0
2007-03-30 08:00:00,16064.0
2007-03-30 09:00:00,16003.0
2007-03-30 10:00:00,15988.0
2007-03-30 11:00:00,15847.0
2007-03-30 12:00:00,15597.0
2007-03-30 13:00:00,15444.0
2007-03-30 14:00:00,15157.0
2007-03-30 15:00:00,14884.0
2007-03-30 16:00:00,14773.0
2007-03-30 17:00:00,14616.0
2007-03-30 18:00:00,14589.0
2007-03-30 19:00:00,15250.0
2007-03-30 20:00:00,15281.0
2007-03-30 21:00:00,14529.0
2007-03-30 22:00:00,13327.0
2007-03-30 23:00:00,12073.0
2007-03-31 00:00:00,11250.0
2007-03-31 01:00:00,10749.0
2007-03-31 02:00:00,10524.0
2007-03-31 03:00:00,10481.0
2007-03-31 04:00:00,10639.0
2007-03-31 05:00:00,11067.0
2007-03-31 06:00:00,11771.0
2007-03-31 07:00:00,12768.0
2007-03-31 08:00:00,13833.0
2007-03-31 09:00:00,14392.0
2007-03-31 10:00:00,14523.0
2007-03-31 11:00:00,14330.0
2007-03-31 12:00:00,14003.0
2007-03-31 13:00:00,13639.0
2007-03-31 14:00:00,13270.0
2007-03-31 15:00:00,13075.0
2007-03-31 16:00:00,13086.0
2007-03-31 17:00:00,13269.0
2007-03-31 18:00:00,13486.0
2007-03-31 19:00:00,14397.0
2007-03-31 20:00:00,14523.0
2007-03-31 21:00:00,13949.0
2007-03-31 22:00:00,13022.0
2007-03-31 23:00:00,11998.0
2007-04-01 00:00:00,11196.0
2007-04-01 01:00:00,10732.0
2007-04-01 02:00:00,10524.0
2007-04-01 03:00:00,10434.0
2007-04-01 04:00:00,10498.0
2007-04-01 05:00:00,10803.0
2007-04-01 06:00:00,11274.0
2007-04-01 07:00:00,11964.0
2007-04-01 08:00:00,12871.0
2007-04-01 09:00:00,13451.0
2007-04-01 10:00:00,13665.0
2007-04-01 11:00:00,13688.0
2007-04-01 12:00:00,13579.0
2007-04-01 13:00:00,13375.0
2007-04-01 14:00:00,13173.0
2007-04-01 15:00:00,13137.0
2007-04-01 16:00:00,13432.0
2007-04-01 17:00:00,14024.0
2007-04-01 18:00:00,14641.0
2007-04-01 19:00:00,15358.0
2007-04-01 20:00:00,15063.0
2007-04-01 21:00:00,14073.0
2007-04-01 22:00:00,12760.0
2007-04-01 23:00:00,11592.0
2007-04-02 00:00:00,10834.0
2007-04-02 01:00:00,10491.0
2007-04-02 02:00:00,10347.0
2007-04-02 03:00:00,10332.0
2007-04-02 04:00:00,10679.0
2007-04-02 05:00:00,11854.0
2007-04-02 06:00:00,14131.0
2007-04-02 07:00:00,15630.0
2007-04-02 08:00:00,16102.0
2007-04-02 09:00:00,16330.0
2007-04-02 10:00:00,16449.0
2007-04-02 11:00:00,16439.0
2007-04-02 12:00:00,16337.0
2007-04-02 13:00:00,16204.0
2007-04-02 14:00:00,15990.0
2007-04-02 15:00:00,15925.0
2007-04-02 16:00:00,16122.0
2007-04-02 17:00:00,16444.0
2007-04-02 18:00:00,16614.0
2007-04-02 19:00:00,16956.0
2007-04-02 20:00:00,16538.0
2007-04-02 21:00:00,15334.0
2007-04-02 22:00:00,13771.0
2007-04-02 23:00:00,12373.0
2007-04-03 00:00:00,11401.0
2007-04-03 01:00:00,10914.0
2007-04-03 02:00:00,10694.0
2007-04-03 03:00:00,10669.0
2007-04-03 04:00:00,10963.0
2007-04-03 05:00:00,12090.0
2007-04-03 06:00:00,14253.0
2007-04-03 07:00:00,15646.0
2007-04-03 08:00:00,16057.0
2007-04-03 09:00:00,16196.0
2007-04-03 10:00:00,16242.0
2007-04-03 11:00:00,16162.0
2007-04-03 12:00:00,15974.0
2007-04-03 13:00:00,15887.0
2007-04-03 14:00:00,15679.0
2007-04-03 15:00:00,15561.0
2007-04-03 16:00:00,15674.0
2007-04-03 17:00:00,15925.0
2007-04-03 18:00:00,16171.0
2007-04-03 19:00:00,16799.0
2007-04-03 20:00:00,16573.0
2007-04-03 21:00:00,15503.0
2007-04-03 22:00:00,13924.0
2007-04-03 23:00:00,12499.0
2007-04-04 00:00:00,11588.0
2007-04-04 01:00:00,11157.0
2007-04-04 02:00:00,10993.0
2007-04-04 03:00:00,10951.0
2007-04-04 04:00:00,11265.0
2007-04-04 05:00:00,12389.0
2007-04-04 06:00:00,14547.0
2007-04-04 07:00:00,15968.0
2007-04-04 08:00:00,16373.0
2007-04-04 09:00:00,16581.0
2007-04-04 10:00:00,16729.0
2007-04-04 11:00:00,16757.0
2007-04-04 12:00:00,16710.0
2007-04-04 13:00:00,16696.0
2007-04-04 14:00:00,16617.0
2007-04-04 15:00:00,16669.0
2007-04-04 16:00:00,16890.0
2007-04-04 17:00:00,17214.0
2007-04-04 18:00:00,17374.0
2007-04-04 19:00:00,17656.0
2007-04-04 20:00:00,17175.0
2007-04-04 21:00:00,16008.0
2007-04-04 22:00:00,14421.0
2007-04-04 23:00:00,12979.0
2007-04-05 00:00:00,11953.0
2007-04-05 01:00:00,11470.0
2007-04-05 02:00:00,11226.0
2007-04-05 03:00:00,11160.0
2007-04-05 04:00:00,11418.0
2007-04-05 05:00:00,12421.0
2007-04-05 06:00:00,14283.0
2007-04-05 07:00:00,15559.0
2007-04-05 08:00:00,16026.0
2007-04-05 09:00:00,16182.0
2007-04-05 10:00:00,16229.0
2007-04-05 11:00:00,16144.0
2007-04-05 12:00:00,15955.0
2007-04-05 13:00:00,15877.0
2007-04-05 14:00:00,15701.0
2007-04-05 15:00:00,15580.0
2007-04-05 16:00:00,15629.0
2007-04-05 17:00:00,15818.0
2007-04-05 18:00:00,16049.0
2007-04-05 19:00:00,16705.0
2007-04-05 20:00:00,16724.0
2007-04-05 21:00:00,15851.0
2007-04-05 22:00:00,14452.0
2007-04-05 23:00:00,13090.0
2007-04-06 00:00:00,12170.0
2007-04-06 01:00:00,11743.0
2007-04-06 02:00:00,11545.0
2007-04-06 03:00:00,11536.0
2007-04-06 04:00:00,11815.0
2007-04-06 05:00:00,12682.0
2007-04-06 06:00:00,14130.0
2007-04-06 07:00:00,15210.0
2007-04-06 08:00:00,15788.0
2007-04-06 09:00:00,16108.0
2007-04-06 10:00:00,16178.0
2007-04-06 11:00:00,16071.0
2007-04-06 12:00:00,15832.0
2007-04-06 13:00:00,15605.0
2007-04-06 14:00:00,15366.0
2007-04-06 15:00:00,15147.0
2007-04-06 16:00:00,15222.0
2007-04-06 17:00:00,15428.0
2007-04-06 18:00:00,15542.0
2007-04-06 19:00:00,16011.0
2007-04-06 20:00:00,15957.0
2007-04-06 21:00:00,15193.0
2007-04-06 22:00:00,14056.0
2007-04-06 23:00:00,12843.0
2007-04-07 00:00:00,11971.0
2007-04-07 01:00:00,11467.0
2007-04-07 02:00:00,11229.0
2007-04-07 03:00:00,11144.0
2007-04-07 04:00:00,11257.0
2007-04-07 05:00:00,11678.0
2007-04-07 06:00:00,12311.0
2007-04-07 07:00:00,13246.0
2007-04-07 08:00:00,14280.0
2007-04-07 09:00:00,14916.0
2007-04-07 10:00:00,15098.0
2007-04-07 11:00:00,14962.0
2007-04-07 12:00:00,14637.0
2007-04-07 13:00:00,14251.0
2007-04-07 14:00:00,13996.0
2007-04-07 15:00:00,13910.0
2007-04-07 16:00:00,14010.0
2007-04-07 17:00:00,14284.0
2007-04-07 18:00:00,14564.0
2007-04-07 19:00:00,15249.0
2007-04-07 20:00:00,15419.0
2007-04-07 21:00:00,14856.0
2007-04-07 22:00:00,13897.0
2007-04-07 23:00:00,12773.0
2007-04-08 00:00:00,11850.0
2007-04-08 01:00:00,11317.0
2007-04-08 02:00:00,11067.0
2007-04-08 03:00:00,11006.0
2007-04-08 04:00:00,11043.0
2007-04-08 05:00:00,11326.0
2007-04-08 06:00:00,11741.0
2007-04-08 07:00:00,12593.0
2007-04-08 08:00:00,13577.0
2007-04-08 09:00:00,14238.0
2007-04-08 10:00:00,14511.0
2007-04-08 11:00:00,14587.0
2007-04-08 12:00:00,14338.0
2007-04-08 13:00:00,13747.0
2007-04-08 14:00:00,13167.0
2007-04-08 15:00:00,12861.0
2007-04-08 16:00:00,12840.0
2007-04-08 17:00:00,13016.0
2007-04-08 18:00:00,13485.0
2007-04-08 19:00:00,14719.0
2007-04-08 20:00:00,15233.0
2007-04-08 21:00:00,14437.0
2007-04-08 22:00:00,13328.0
2007-04-08 23:00:00,12198.0
2007-04-09 00:00:00,11458.0
2007-04-09 01:00:00,11118.0
2007-04-09 02:00:00,11009.0
2007-04-09 03:00:00,11049.0
2007-04-09 04:00:00,11428.0
2007-04-09 05:00:00,12641.0
2007-04-09 06:00:00,14654.0
2007-04-09 07:00:00,15944.0
2007-04-09 08:00:00,16288.0
2007-04-09 09:00:00,16383.0
2007-04-09 10:00:00,16408.0
2007-04-09 11:00:00,16302.0
2007-04-09 12:00:00,16071.0
2007-04-09 13:00:00,15901.0
2007-04-09 14:00:00,15553.0
2007-04-09 15:00:00,15296.0
2007-04-09 16:00:00,15224.0
2007-04-09 17:00:00,15393.0
2007-04-09 18:00:00,15653.0
2007-04-09 19:00:00,16484.0
2007-04-09 20:00:00,16634.0
2007-04-09 21:00:00,15567.0
2007-04-09 22:00:00,14003.0
2007-04-09 23:00:00,12609.0
2007-04-10 00:00:00,11733.0
2007-04-10 01:00:00,11307.0
2007-04-10 02:00:00,11160.0
2007-04-10 03:00:00,11168.0
2007-04-10 04:00:00,11531.0
2007-04-10 05:00:00,12717.0
2007-04-10 06:00:00,14764.0
2007-04-10 07:00:00,15965.0
2007-04-10 08:00:00,16140.0
2007-04-10 09:00:00,16156.0
2007-04-10 10:00:00,16241.0
2007-04-10 11:00:00,16208.0
2007-04-10 12:00:00,16037.0
2007-04-10 13:00:00,15909.0
2007-04-10 14:00:00,15678.0
2007-04-10 15:00:00,15519.0
2007-04-10 16:00:00,15543.0
2007-04-10 17:00:00,15707.0
2007-04-10 18:00:00,15877.0
2007-04-10 19:00:00,16598.0
2007-04-10 20:00:00,16675.0
2007-04-10 21:00:00,15642.0
2007-04-10 22:00:00,14093.0
2007-04-10 23:00:00,12677.0
2007-04-11 00:00:00,11787.0
2007-04-11 01:00:00,11395.0
2007-04-11 02:00:00,11243.0
2007-04-11 03:00:00,11254.0
2007-04-11 04:00:00,11619.0
2007-04-11 05:00:00,12839.0
2007-04-11 06:00:00,14810.0
2007-04-11 07:00:00,15974.0
2007-04-11 08:00:00,16085.0
2007-04-11 09:00:00,16025.0
2007-04-11 10:00:00,15973.0
2007-04-11 11:00:00,15849.0
2007-04-11 12:00:00,15603.0
2007-04-11 13:00:00,15436.0
2007-04-11 14:00:00,15171.0
2007-04-11 15:00:00,14941.0
2007-04-11 16:00:00,14903.0
2007-04-11 17:00:00,15001.0
2007-04-11 18:00:00,15176.0
2007-04-11 19:00:00,15992.0
2007-04-11 20:00:00,16266.0
2007-04-11 21:00:00,15278.0
2007-04-11 22:00:00,13761.0
2007-04-11 23:00:00,12326.0
2007-04-12 00:00:00,11413.0
2007-04-12 01:00:00,10953.0
2007-04-12 02:00:00,10733.0
2007-04-12 03:00:00,10721.0
2007-04-12 04:00:00,11045.0
2007-04-12 05:00:00,12184.0
2007-04-12 06:00:00,14290.0
2007-04-12 07:00:00,15757.0
2007-04-12 08:00:00,16226.0
2007-04-12 09:00:00,16481.0
2007-04-12 10:00:00,16750.0
2007-04-12 11:00:00,16893.0
2007-04-12 12:00:00,16870.0
2007-04-12 13:00:00,16867.0
2007-04-12 14:00:00,16759.0
2007-04-12 15:00:00,16756.0
2007-04-12 16:00:00,16943.0
2007-04-12 17:00:00,17177.0
2007-04-12 18:00:00,17145.0
2007-04-12 19:00:00,17293.0
2007-04-12 20:00:00,16934.0
2007-04-12 21:00:00,15833.0
2007-04-12 22:00:00,14246.0
2007-04-12 23:00:00,12869.0
2007-04-13 00:00:00,11946.0
2007-04-13 01:00:00,11452.0
2007-04-13 02:00:00,11211.0
2007-04-13 03:00:00,11169.0
2007-04-13 04:00:00,11468.0
2007-04-13 05:00:00,12543.0
2007-04-13 06:00:00,14428.0
2007-04-13 07:00:00,15770.0
2007-04-13 08:00:00,16125.0
2007-04-13 09:00:00,16224.0
2007-04-13 10:00:00,16280.0
2007-04-13 11:00:00,16214.0
2007-04-13 12:00:00,16007.0
2007-04-13 13:00:00,15890.0
2007-04-13 14:00:00,15649.0
2007-04-13 15:00:00,15371.0
2007-04-13 16:00:00,15211.0
2007-04-13 17:00:00,15196.0
2007-04-13 18:00:00,15256.0
2007-04-13 19:00:00,15677.0
2007-04-13 20:00:00,15752.0
2007-04-13 21:00:00,14967.0
2007-04-13 22:00:00,13773.0
2007-04-13 23:00:00,12487.0
2007-04-14 00:00:00,11593.0
2007-04-14 01:00:00,11061.0
2007-04-14 02:00:00,10821.0
2007-04-14 03:00:00,10727.0
2007-04-14 04:00:00,10803.0
2007-04-14 05:00:00,11213.0
2007-04-14 06:00:00,11820.0
2007-04-14 07:00:00,12817.0
2007-04-14 08:00:00,13753.0
2007-04-14 09:00:00,14309.0
2007-04-14 10:00:00,14480.0
2007-04-14 11:00:00,14323.0
2007-04-14 12:00:00,14037.0
2007-04-14 13:00:00,13668.0
2007-04-14 14:00:00,13383.0
2007-04-14 15:00:00,13229.0
2007-04-14 16:00:00,13272.0
2007-04-14 17:00:00,13441.0
2007-04-14 18:00:00,13669.0
2007-04-14 19:00:00,14261.0
2007-04-14 20:00:00,14468.0
2007-04-14 21:00:00,13822.0
2007-04-14 22:00:00,12827.0
2007-04-14 23:00:00,11867.0
2007-04-15 00:00:00,11059.0
2007-04-15 01:00:00,10546.0
2007-04-15 02:00:00,10307.0
2007-04-15 03:00:00,10186.0
2007-04-15 04:00:00,10207.0
2007-04-15 05:00:00,10464.0
2007-04-15 06:00:00,10888.0
2007-04-15 07:00:00,11681.0
2007-04-15 08:00:00,12817.0
2007-04-15 09:00:00,13843.0
2007-04-15 10:00:00,14559.0
2007-04-15 11:00:00,15041.0
2007-04-15 12:00:00,15255.0
2007-04-15 13:00:00,15227.0
2007-04-15 14:00:00,15098.0
2007-04-15 15:00:00,15091.0
2007-04-15 16:00:00,15338.0
2007-04-15 17:00:00,15665.0
2007-04-15 18:00:00,15766.0
2007-04-15 19:00:00,15851.0
2007-04-15 20:00:00,15438.0
2007-04-15 21:00:00,14403.0
2007-04-15 22:00:00,13261.0
2007-04-15 23:00:00,12210.0
2007-04-16 00:00:00,11392.0
2007-04-16 01:00:00,10913.0
2007-04-16 02:00:00,10627.0
2007-04-16 03:00:00,10558.0
2007-04-16 04:00:00,10780.0
2007-04-16 05:00:00,11611.0
2007-04-16 06:00:00,13032.0
2007-04-16 07:00:00,14185.0
2007-04-16 08:00:00,14937.0
2007-04-16 09:00:00,15526.0
2007-04-16 10:00:00,15952.0
2007-04-16 11:00:00,16127.0
2007-04-16 12:00:00,16007.0
2007-04-16 13:00:00,15864.0
2007-04-16 14:00:00,15674.0
2007-04-16 15:00:00,15532.0
2007-04-16 16:00:00,15705.0
2007-04-16 17:00:00,15952.0
2007-04-16 18:00:00,16003.0
2007-04-16 19:00:00,16252.0
2007-04-16 20:00:00,16015.0
2007-04-16 21:00:00,15031.0
2007-04-16 22:00:00,13667.0
2007-04-16 23:00:00,12390.0
2007-04-17 00:00:00,11477.0
2007-04-17 01:00:00,11037.0
2007-04-17 02:00:00,10834.0
2007-04-17 03:00:00,10823.0
2007-04-17 04:00:00,11133.0
2007-04-17 05:00:00,12115.0
2007-04-17 06:00:00,13714.0
2007-04-17 07:00:00,15160.0
2007-04-17 08:00:00,15896.0
2007-04-17 09:00:00,16286.0
2007-04-17 10:00:00,16539.0
2007-04-17 11:00:00,16588.0
2007-04-17 12:00:00,16468.0
2007-04-17 13:00:00,16398.0
2007-04-17 14:00:00,16218.0
2007-04-17 15:00:00,16063.0
2007-04-17 16:00:00,16155.0
2007-04-17 17:00:00,16351.0
2007-04-17 18:00:00,16478.0
2007-04-17 19:00:00,16779.0
2007-04-17 20:00:00,16576.0
2007-04-17 21:00:00,15608.0
2007-04-17 22:00:00,14198.0
2007-04-17 23:00:00,12851.0
2007-04-18 00:00:00,11903.0
2007-04-18 01:00:00,11397.0
2007-04-18 02:00:00,11156.0
2007-04-18 03:00:00,11108.0
2007-04-18 04:00:00,11380.0
2007-04-18 05:00:00,12360.0
2007-04-18 06:00:00,13914.0
2007-04-18 07:00:00,15289.0
2007-04-18 08:00:00,16039.0
2007-04-18 09:00:00,16345.0
2007-04-18 10:00:00,16527.0
2007-04-18 11:00:00,16531.0
2007-04-18 12:00:00,16376.0
2007-04-18 13:00:00,16274.0
2007-04-18 14:00:00,16030.0
2007-04-18 15:00:00,15834.0
2007-04-18 16:00:00,15895.0
2007-04-18 17:00:00,16034.0
2007-04-18 18:00:00,16106.0
2007-04-18 19:00:00,16430.0
2007-04-18 20:00:00,16420.0
2007-04-18 21:00:00,15429.0
2007-04-18 22:00:00,13998.0
2007-04-18 23:00:00,12681.0
2007-04-19 00:00:00,11710.0
2007-04-19 01:00:00,11190.0
2007-04-19 02:00:00,10955.0
2007-04-19 03:00:00,10898.0
2007-04-19 04:00:00,11173.0
2007-04-19 05:00:00,12140.0
2007-04-19 06:00:00,13731.0
2007-04-19 07:00:00,15089.0
2007-04-19 08:00:00,15718.0
2007-04-19 09:00:00,15899.0
2007-04-19 10:00:00,15982.0
2007-04-19 11:00:00,15904.0
2007-04-19 12:00:00,15691.0
2007-04-19 13:00:00,15553.0
2007-04-19 14:00:00,15269.0
2007-04-19 15:00:00,14991.0
2007-04-19 16:00:00,14916.0
2007-04-19 17:00:00,14945.0
2007-04-19 18:00:00,14993.0
2007-04-19 19:00:00,15527.0
2007-04-19 20:00:00,15793.0
2007-04-19 21:00:00,14913.0
2007-04-19 22:00:00,13561.0
2007-04-19 23:00:00,12260.0
2007-04-20 00:00:00,11351.0
2007-04-20 01:00:00,10876.0
2007-04-20 02:00:00,10664.0
2007-04-20 03:00:00,10652.0
2007-04-20 04:00:00,10980.0
2007-04-20 05:00:00,11957.0
2007-04-20 06:00:00,13390.0
2007-04-20 07:00:00,14661.0
2007-04-20 08:00:00,15238.0
2007-04-20 09:00:00,15502.0
2007-04-20 10:00:00,15609.0
2007-04-20 11:00:00,15527.0
2007-04-20 12:00:00,15313.0
2007-04-20 13:00:00,15189.0
2007-04-20 14:00:00,14940.0
2007-04-20 15:00:00,14637.0
2007-04-20 16:00:00,14432.0
2007-04-20 17:00:00,14251.0
2007-04-20 18:00:00,14118.0
2007-04-20 19:00:00,14445.0
2007-04-20 20:00:00,14941.0
2007-04-20 21:00:00,14259.0
2007-04-20 22:00:00,13107.0
2007-04-20 23:00:00,11904.0
2007-04-21 00:00:00,10991.0
2007-04-21 01:00:00,10512.0
2007-04-21 02:00:00,10222.0
2007-04-21 03:00:00,10143.0
2007-04-21 04:00:00,10256.0
2007-04-21 05:00:00,10657.0
2007-04-21 06:00:00,11217.0
2007-04-21 07:00:00,12147.0
2007-04-21 08:00:00,13104.0
2007-04-21 09:00:00,13694.0
2007-04-21 10:00:00,13916.0
2007-04-21 11:00:00,13870.0
2007-04-21 12:00:00,13644.0
2007-04-21 13:00:00,13366.0
2007-04-21 14:00:00,13111.0
2007-04-21 15:00:00,12971.0
2007-04-21 16:00:00,13022.0
2007-04-21 17:00:00,13096.0
2007-04-21 18:00:00,13125.0
2007-04-21 19:00:00,13547.0
2007-04-21 20:00:00,14067.0
2007-04-21 21:00:00,13413.0
2007-04-21 22:00:00,12360.0
2007-04-21 23:00:00,11302.0
2007-04-22 00:00:00,10455.0
2007-04-22 01:00:00,9889.0
2007-04-22 02:00:00,9638.0
2007-04-22 03:00:00,9496.0
2007-04-22 04:00:00,9517.0
2007-04-22 05:00:00,9701.0
2007-04-22 06:00:00,9977.0
2007-04-22 07:00:00,10795.0
2007-04-22 08:00:00,11840.0
2007-04-22 09:00:00,12573.0
2007-04-22 10:00:00,12975.0
2007-04-22 11:00:00,13139.0
2007-04-22 12:00:00,13147.0
2007-04-22 13:00:00,12974.0
2007-04-22 14:00:00,12804.0
2007-04-22 15:00:00,12752.0
2007-04-22 16:00:00,12893.0
2007-04-22 17:00:00,13158.0
2007-04-22 18:00:00,13316.0
2007-04-22 19:00:00,13885.0
2007-04-22 20:00:00,14543.0
2007-04-22 21:00:00,13625.0
2007-04-22 22:00:00,12360.0
2007-04-22 23:00:00,11179.0
2007-04-23 00:00:00,10302.0
2007-04-23 01:00:00,9833.0
2007-04-23 02:00:00,9631.0
2007-04-23 03:00:00,9600.0
2007-04-23 04:00:00,9908.0
2007-04-23 05:00:00,10956.0
2007-04-23 06:00:00,12763.0
2007-04-23 07:00:00,14269.0
2007-04-23 08:00:00,14936.0
2007-04-23 09:00:00,15345.0
2007-04-23 10:00:00,15737.0
2007-04-23 11:00:00,15956.0
2007-04-23 12:00:00,16021.0
2007-04-23 13:00:00,16148.0
2007-04-23 14:00:00,16097.0
2007-04-23 15:00:00,15947.0
2007-04-23 16:00:00,15834.0
2007-04-23 17:00:00,15644.0
2007-04-23 18:00:00,15407.0
2007-04-23 19:00:00,15699.0
2007-04-23 20:00:00,16149.0
2007-04-23 21:00:00,15002.0
2007-04-23 22:00:00,13359.0
2007-04-23 23:00:00,11876.0
2007-04-24 00:00:00,10895.0
2007-04-24 01:00:00,10424.0
2007-04-24 02:00:00,10128.0
2007-04-24 03:00:00,10064.0
2007-04-24 04:00:00,10310.0
2007-04-24 05:00:00,11318.0
2007-04-24 06:00:00,13060.0
2007-04-24 07:00:00,14602.0
2007-04-24 08:00:00,15176.0
2007-04-24 09:00:00,15496.0
2007-04-24 10:00:00,15767.0
2007-04-24 11:00:00,15869.0
2007-04-24 12:00:00,15804.0
2007-04-24 13:00:00,15802.0
2007-04-24 14:00:00,15687.0
2007-04-24 15:00:00,15513.0
2007-04-24 16:00:00,15404.0
2007-04-24 17:00:00,15237.0
2007-04-24 18:00:00,14955.0
2007-04-24 19:00:00,15232.0
2007-04-24 20:00:00,15740.0
2007-04-24 21:00:00,14681.0
2007-04-24 22:00:00,13096.0
2007-04-24 23:00:00,11621.0
2007-04-25 00:00:00,10640.0
2007-04-25 01:00:00,10143.0
2007-04-25 02:00:00,9907.0
2007-04-25 03:00:00,9834.0
2007-04-25 04:00:00,10100.0
2007-04-25 05:00:00,11108.0
2007-04-25 06:00:00,12862.0
2007-04-25 07:00:00,14287.0
2007-04-25 08:00:00,14829.0
2007-04-25 09:00:00,15118.0
2007-04-25 10:00:00,15349.0
2007-04-25 11:00:00,15350.0
2007-04-25 12:00:00,15274.0
2007-04-25 13:00:00,15248.0
2007-04-25 14:00:00,15107.0
2007-04-25 15:00:00,15025.0
2007-04-25 16:00:00,15163.0
2007-04-25 17:00:00,15393.0
2007-04-25 18:00:00,15546.0
2007-04-25 19:00:00,15794.0
2007-04-25 20:00:00,15684.0
2007-04-25 21:00:00,14608.0
2007-04-25 22:00:00,13116.0
2007-04-25 23:00:00,11687.0
2007-04-26 00:00:00,10826.0
2007-04-26 01:00:00,10361.0
2007-04-26 02:00:00,10148.0
2007-04-26 03:00:00,10131.0
2007-04-26 04:00:00,10432.0
2007-04-26 05:00:00,11452.0
2007-04-26 06:00:00,13264.0
2007-04-26 07:00:00,14646.0
2007-04-26 08:00:00,15023.0
2007-04-26 09:00:00,15182.0
2007-04-26 10:00:00,15329.0
2007-04-26 11:00:00,15320.0
2007-04-26 12:00:00,15207.0
2007-04-26 13:00:00,15166.0
2007-04-26 14:00:00,14991.0
2007-04-26 15:00:00,14807.0
2007-04-26 16:00:00,14716.0
2007-04-26 17:00:00,14629.0
2007-04-26 18:00:00,14588.0
2007-04-26 19:00:00,15085.0
2007-04-26 20:00:00,15534.0
2007-04-26 21:00:00,14598.0
2007-04-26 22:00:00,13107.0
2007-04-26 23:00:00,11676.0
2007-04-27 00:00:00,10758.0
2007-04-27 01:00:00,10252.0
2007-04-27 02:00:00,10012.0
2007-04-27 03:00:00,9948.0
2007-04-27 04:00:00,10225.0
2007-04-27 05:00:00,11220.0
2007-04-27 06:00:00,13182.0
2007-04-27 07:00:00,14779.0
2007-04-27 08:00:00,15423.0
2007-04-27 09:00:00,15764.0
2007-04-27 10:00:00,15985.0
2007-04-27 11:00:00,16034.0
2007-04-27 12:00:00,15877.0
2007-04-27 13:00:00,15716.0
2007-04-27 14:00:00,15496.0
2007-04-27 15:00:00,15364.0
2007-04-27 16:00:00,15413.0
2007-04-27 17:00:00,15423.0
2007-04-27 18:00:00,15308.0
2007-04-27 19:00:00,15280.0
2007-04-27 20:00:00,15211.0
2007-04-27 21:00:00,14417.0
2007-04-27 22:00:00,13218.0
2007-04-27 23:00:00,11903.0
2007-04-28 00:00:00,10989.0
2007-04-28 01:00:00,10381.0
2007-04-28 02:00:00,10084.0
2007-04-28 03:00:00,9943.0
2007-04-28 04:00:00,9994.0
2007-04-28 05:00:00,10330.0
2007-04-28 06:00:00,10926.0
2007-04-28 07:00:00,12010.0
2007-04-28 08:00:00,13104.0
2007-04-28 09:00:00,13744.0
2007-04-28 10:00:00,13980.0
2007-04-28 11:00:00,13944.0
2007-04-28 12:00:00,13752.0
2007-04-28 13:00:00,13486.0
2007-04-28 14:00:00,13250.0
2007-04-28 15:00:00,13132.0
2007-04-28 16:00:00,13209.0
2007-04-28 17:00:00,13446.0
2007-04-28 18:00:00,13553.0
2007-04-28 19:00:00,13878.0
2007-04-28 20:00:00,14098.0
2007-04-28 21:00:00,13448.0
2007-04-28 22:00:00,12442.0
2007-04-28 23:00:00,11357.0
2007-04-29 00:00:00,10491.0
2007-04-29 01:00:00,9912.0
2007-04-29 02:00:00,9624.0
2007-04-29 03:00:00,9465.0
2007-04-29 04:00:00,9466.0
2007-04-29 05:00:00,9654.0
2007-04-29 06:00:00,9955.0
2007-04-29 07:00:00,10791.0
2007-04-29 08:00:00,11894.0
2007-04-29 09:00:00,12734.0
2007-04-29 10:00:00,13247.0
2007-04-29 11:00:00,13464.0
2007-04-29 12:00:00,13514.0
2007-04-29 13:00:00,13372.0
2007-04-29 14:00:00,13224.0
2007-04-29 15:00:00,13194.0
2007-04-29 16:00:00,13462.0
2007-04-29 17:00:00,13836.0
2007-04-29 18:00:00,14089.0
2007-04-29 19:00:00,14277.0
2007-04-29 20:00:00,14487.0
2007-04-29 21:00:00,13581.0
2007-04-29 22:00:00,12313.0
2007-04-29 23:00:00,11118.0
2007-04-30 00:00:00,10297.0
2007-04-30 01:00:00,9912.0
2007-04-30 02:00:00,9745.0
2007-04-30 03:00:00,9767.0
2007-04-30 04:00:00,10074.0
2007-04-30 05:00:00,11135.0
2007-04-30 06:00:00,13110.0
2007-04-30 07:00:00,14708.0
2007-04-30 08:00:00,15334.0
2007-04-30 09:00:00,15628.0
2007-04-30 10:00:00,15884.0
2007-04-30 11:00:00,15885.0
2007-04-30 12:00:00,15732.0
2007-04-30 13:00:00,15712.0
2007-04-30 14:00:00,15539.0
2007-04-30 15:00:00,15362.0
2007-04-30 16:00:00,15291.0
2007-04-30 17:00:00,15215.0
2007-04-30 18:00:00,15057.0
2007-04-30 19:00:00,15229.0
2007-04-30 20:00:00,15769.0
2007-04-30 21:00:00,14766.0
2007-04-30 22:00:00,13154.0
2007-04-30 23:00:00,11689.0
2007-05-01 00:00:00,10754.0
2007-05-01 01:00:00,10259.0
2007-05-01 02:00:00,10044.0
2007-05-01 03:00:00,9997.0
2007-05-01 04:00:00,10299.0
2007-05-01 05:00:00,11277.0
2007-05-01 06:00:00,13068.0
2007-05-01 07:00:00,14495.0
2007-05-01 08:00:00,14946.0
2007-05-01 09:00:00,15140.0
2007-05-01 10:00:00,15342.0
2007-05-01 11:00:00,15386.0
2007-05-01 12:00:00,15322.0
2007-05-01 13:00:00,15320.0
2007-05-01 14:00:00,15194.0
2007-05-01 15:00:00,15022.0
2007-05-01 16:00:00,14988.0
2007-05-01 17:00:00,14927.0
2007-05-01 18:00:00,14924.0
2007-05-01 19:00:00,15396.0
2007-05-01 20:00:00,15703.0
2007-05-01 21:00:00,14654.0
2007-05-01 22:00:00,13085.0
2007-05-01 23:00:00,11633.0
2007-05-02 00:00:00,10686.0
2007-05-02 01:00:00,10199.0
2007-05-02 02:00:00,9957.0
2007-05-02 03:00:00,9904.0
2007-05-02 04:00:00,10172.0
2007-05-02 05:00:00,11159.0
2007-05-02 06:00:00,13125.0
2007-05-02 07:00:00,14629.0
2007-05-02 08:00:00,15145.0
2007-05-02 09:00:00,15369.0
2007-05-02 10:00:00,15431.0
2007-05-02 11:00:00,15513.0
2007-05-02 12:00:00,15390.0
2007-05-02 13:00:00,15361.0
2007-05-02 14:00:00,15220.0
2007-05-02 15:00:00,15063.0
2007-05-02 16:00:00,15014.0
2007-05-02 17:00:00,14936.0
2007-05-02 18:00:00,14752.0
2007-05-02 19:00:00,14939.0
2007-05-02 20:00:00,15639.0
2007-05-02 21:00:00,14753.0
2007-05-02 22:00:00,13203.0
2007-05-02 23:00:00,11707.0
2007-05-03 00:00:00,10735.0
2007-05-03 01:00:00,10238.0
2007-05-03 02:00:00,10006.0
2007-05-03 03:00:00,10009.0
2007-05-03 04:00:00,10323.0
2007-05-03 05:00:00,11283.0
2007-05-03 06:00:00,13189.0
2007-05-03 07:00:00,14553.0
2007-05-03 08:00:00,15008.0
2007-05-03 09:00:00,15221.0
2007-05-03 10:00:00,15401.0
2007-05-03 11:00:00,15440.0
2007-05-03 12:00:00,15335.0
2007-05-03 13:00:00,15352.0
2007-05-03 14:00:00,15227.0
2007-05-03 15:00:00,15061.0
2007-05-03 16:00:00,14973.0
2007-05-03 17:00:00,14825.0
2007-05-03 18:00:00,14655.0
2007-05-03 19:00:00,14854.0
2007-05-03 20:00:00,15559.0
2007-05-03 21:00:00,14724.0
2007-05-03 22:00:00,13162.0
2007-05-03 23:00:00,11775.0
2007-05-04 00:00:00,10734.0
2007-05-04 01:00:00,10252.0
2007-05-04 02:00:00,10006.0
2007-05-04 03:00:00,9963.0
2007-05-04 04:00:00,10231.0
2007-05-04 05:00:00,11163.0
2007-05-04 06:00:00,12980.0
2007-05-04 07:00:00,14434.0
2007-05-04 08:00:00,14921.0
2007-05-04 09:00:00,15175.0
2007-05-04 10:00:00,15369.0
2007-05-04 11:00:00,15360.0
2007-05-04 12:00:00,15262.0
2007-05-04 13:00:00,15207.0
2007-05-04 14:00:00,15033.0
2007-05-04 15:00:00,14807.0
2007-05-04 16:00:00,14642.0
2007-05-04 17:00:00,14421.0
2007-05-04 18:00:00,14147.0
2007-05-04 19:00:00,14161.0
2007-05-04 20:00:00,14789.0
2007-05-04 21:00:00,14178.0
2007-05-04 22:00:00,12950.0
2007-05-04 23:00:00,11622.0
2007-05-05 00:00:00,10606.0
2007-05-05 01:00:00,10098.0
2007-05-05 02:00:00,9815.0
2007-05-05 03:00:00,9716.0
2007-05-05 04:00:00,9797.0
2007-05-05 05:00:00,10109.0
2007-05-05 06:00:00,10762.0
2007-05-05 07:00:00,11866.0
2007-05-05 08:00:00,12909.0
2007-05-05 09:00:00,13558.0
2007-05-05 10:00:00,13721.0
2007-05-05 11:00:00,13695.0
2007-05-05 12:00:00,13463.0
2007-05-05 13:00:00,13229.0
2007-05-05 14:00:00,13004.0
2007-05-05 15:00:00,12850.0
2007-05-05 16:00:00,12888.0
2007-05-05 17:00:00,12990.0
2007-05-05 18:00:00,13022.0
2007-05-05 19:00:00,13292.0
2007-05-05 20:00:00,13799.0
2007-05-05 21:00:00,13310.0
2007-05-05 22:00:00,12326.0
2007-05-05 23:00:00,11218.0
2007-05-06 00:00:00,10353.0
2007-05-06 01:00:00,9850.0
2007-05-06 02:00:00,9551.0
2007-05-06 03:00:00,9416.0
2007-05-06 04:00:00,9453.0
2007-05-06 05:00:00,9586.0
2007-05-06 06:00:00,9888.0
2007-05-06 07:00:00,10791.0
2007-05-06 08:00:00,11830.0
2007-05-06 09:00:00,12599.0
2007-05-06 10:00:00,12974.0
2007-05-06 11:00:00,13140.0
2007-05-06 12:00:00,13099.0
2007-05-06 13:00:00,12896.0
2007-05-06 14:00:00,12706.0
2007-05-06 15:00:00,12582.0
2007-05-06 16:00:00,12709.0
2007-05-06 17:00:00,12957.0
2007-05-06 18:00:00,13122.0
2007-05-06 19:00:00,13542.0
2007-05-06 20:00:00,14414.0
2007-05-06 21:00:00,13659.0
2007-05-06 22:00:00,12364.0
2007-05-06 23:00:00,11101.0
2007-05-07 00:00:00,10326.0
2007-05-07 01:00:00,9986.0
2007-05-07 02:00:00,9819.0
2007-05-07 03:00:00,9849.0
2007-05-07 04:00:00,10212.0
2007-05-07 05:00:00,11193.0
2007-05-07 06:00:00,13107.0
2007-05-07 07:00:00,14534.0
2007-05-07 08:00:00,14963.0
2007-05-07 09:00:00,15205.0
2007-05-07 10:00:00,15455.0
2007-05-07 11:00:00,15516.0
2007-05-07 12:00:00,15442.0
2007-05-07 13:00:00,15425.0
2007-05-07 14:00:00,15282.0
2007-05-07 15:00:00,15134.0
2007-05-07 16:00:00,15077.0
2007-05-07 17:00:00,14984.0
2007-05-07 18:00:00,14799.0
2007-05-07 19:00:00,14991.0
2007-05-07 20:00:00,15610.0
2007-05-07 21:00:00,14645.0
2007-05-07 22:00:00,13021.0
2007-05-07 23:00:00,11514.0
2007-05-08 00:00:00,10585.0
2007-05-08 01:00:00,10126.0
2007-05-08 02:00:00,9914.0
2007-05-08 03:00:00,9868.0
2007-05-08 04:00:00,10177.0
2007-05-08 05:00:00,11104.0
2007-05-08 06:00:00,12954.0
2007-05-08 07:00:00,14384.0
2007-05-08 08:00:00,14887.0
2007-05-08 09:00:00,15223.0
2007-05-08 10:00:00,15538.0
2007-05-08 11:00:00,15716.0
2007-05-08 12:00:00,15715.0
2007-05-08 13:00:00,15815.0
2007-05-08 14:00:00,15771.0
2007-05-08 15:00:00,15658.0
2007-05-08 16:00:00,15555.0
2007-05-08 17:00:00,15369.0
2007-05-08 18:00:00,15113.0
2007-05-08 19:00:00,15145.0
2007-05-08 20:00:00,15756.0
2007-05-08 21:00:00,14910.0
2007-05-08 22:00:00,13229.0
2007-05-08 23:00:00,11738.0
2007-05-09 00:00:00,10693.0
2007-05-09 01:00:00,10191.0
2007-05-09 02:00:00,9934.0
2007-05-09 03:00:00,9859.0
2007-05-09 04:00:00,10105.0
2007-05-09 05:00:00,10989.0
2007-05-09 06:00:00,12847.0
2007-05-09 07:00:00,14469.0
2007-05-09 08:00:00,15178.0
2007-05-09 09:00:00,15692.0
2007-05-09 10:00:00,16149.0
2007-05-09 11:00:00,16502.0
2007-05-09 12:00:00,16635.0
2007-05-09 13:00:00,16834.0
2007-05-09 14:00:00,16871.0
2007-05-09 15:00:00,16799.0
2007-05-09 16:00:00,16786.0
2007-05-09 17:00:00,16547.0
2007-05-09 18:00:00,16170.0
2007-05-09 19:00:00,16180.0
2007-05-09 20:00:00,16778.0
2007-05-09 21:00:00,15883.0
2007-05-09 22:00:00,14164.0
2007-05-09 23:00:00,12507.0
2007-05-10 00:00:00,11458.0
2007-05-10 01:00:00,10855.0
2007-05-10 02:00:00,10546.0
2007-05-10 03:00:00,10457.0
2007-05-10 04:00:00,10696.0
2007-05-10 05:00:00,11609.0
2007-05-10 06:00:00,13479.0
2007-05-10 07:00:00,15183.0
2007-05-10 08:00:00,15992.0
2007-05-10 09:00:00,16603.0
2007-05-10 10:00:00,17197.0
2007-05-10 11:00:00,17630.0
2007-05-10 12:00:00,17860.0
2007-05-10 13:00:00,18097.0
2007-05-10 14:00:00,18170.0
2007-05-10 15:00:00,18119.0
2007-05-10 16:00:00,18021.0
2007-05-10 17:00:00,17705.0
2007-05-10 18:00:00,17185.0
2007-05-10 19:00:00,17044.0
2007-05-10 20:00:00,17487.0
2007-05-10 21:00:00,16542.0
2007-05-10 22:00:00,14733.0
2007-05-10 23:00:00,13029.0
2007-05-11 00:00:00,11907.0
2007-05-11 01:00:00,11278.0
2007-05-11 02:00:00,10928.0
2007-05-11 03:00:00,10785.0
2007-05-11 04:00:00,10980.0
2007-05-11 05:00:00,11834.0
2007-05-11 06:00:00,13672.0
2007-05-11 07:00:00,15284.0
2007-05-11 08:00:00,16049.0
2007-05-11 09:00:00,16561.0
2007-05-11 10:00:00,16939.0
2007-05-11 11:00:00,16969.0
2007-05-11 12:00:00,16821.0
2007-05-11 13:00:00,16803.0
2007-05-11 14:00:00,16716.0
2007-05-11 15:00:00,16600.0
2007-05-11 16:00:00,16527.0
2007-05-11 17:00:00,16258.0
2007-05-11 18:00:00,15843.0
2007-05-11 19:00:00,15625.0
2007-05-11 20:00:00,16073.0
2007-05-11 21:00:00,15483.0
2007-05-11 22:00:00,14111.0
2007-05-11 23:00:00,12672.0
2007-05-12 00:00:00,11511.0
2007-05-12 01:00:00,10848.0
2007-05-12 02:00:00,10444.0
2007-05-12 03:00:00,10214.0
2007-05-12 04:00:00,10167.0
2007-05-12 05:00:00,10280.0
2007-05-12 06:00:00,10871.0
2007-05-12 07:00:00,11996.0
2007-05-12 08:00:00,13153.0
2007-05-12 09:00:00,13822.0
2007-05-12 10:00:00,14053.0
2007-05-12 11:00:00,14066.0
2007-05-12 12:00:00,13900.0
2007-05-12 13:00:00,13708.0
2007-05-12 14:00:00,13501.0
2007-05-12 15:00:00,13384.0
2007-05-12 16:00:00,13356.0
2007-05-12 17:00:00,13374.0
2007-05-12 18:00:00,13292.0
2007-05-12 19:00:00,13329.0
2007-05-12 20:00:00,13918.0
2007-05-12 21:00:00,13504.0
2007-05-12 22:00:00,12471.0
2007-05-12 23:00:00,11340.0
2007-05-13 00:00:00,10378.0
2007-05-13 01:00:00,9813.0
2007-05-13 02:00:00,9521.0
2007-05-13 03:00:00,9347.0
2007-05-13 04:00:00,9335.0
2007-05-13 05:00:00,9377.0
2007-05-13 06:00:00,9679.0
2007-05-13 07:00:00,10590.0
2007-05-13 08:00:00,11717.0
2007-05-13 09:00:00,12504.0
2007-05-13 10:00:00,12842.0
2007-05-13 11:00:00,12916.0
2007-05-13 12:00:00,12790.0
2007-05-13 13:00:00,12632.0
2007-05-13 14:00:00,12442.0
2007-05-13 15:00:00,12425.0
2007-05-13 16:00:00,12520.0
2007-05-13 17:00:00,12666.0
2007-05-13 18:00:00,12838.0
2007-05-13 19:00:00,13157.0
2007-05-13 20:00:00,14028.0
2007-05-13 21:00:00,13437.0
2007-05-13 22:00:00,12195.0
2007-05-13 23:00:00,10957.0
2007-05-14 00:00:00,10117.0
2007-05-14 01:00:00,9718.0
2007-05-14 02:00:00,9563.0
2007-05-14 03:00:00,9561.0
2007-05-14 04:00:00,9866.0
2007-05-14 05:00:00,10804.0
2007-05-14 06:00:00,12727.0
2007-05-14 07:00:00,14261.0
2007-05-14 08:00:00,14899.0
2007-05-14 09:00:00,15295.0
2007-05-14 10:00:00,15667.0
2007-05-14 11:00:00,15813.0
2007-05-14 12:00:00,15815.0
2007-05-14 13:00:00,15875.0
2007-05-14 14:00:00,15774.0
2007-05-14 15:00:00,15640.0
2007-05-14 16:00:00,15634.0
2007-05-14 17:00:00,15490.0
2007-05-14 18:00:00,15205.0
2007-05-14 19:00:00,15169.0
2007-05-14 20:00:00,15735.0
2007-05-14 21:00:00,14839.0
2007-05-14 22:00:00,13202.0
2007-05-14 23:00:00,11678.0
2007-05-15 00:00:00,10667.0
2007-05-15 01:00:00,10179.0
2007-05-15 02:00:00,9923.0
2007-05-15 03:00:00,9858.0
2007-05-15 04:00:00,10097.0
2007-05-15 05:00:00,11012.0
2007-05-15 06:00:00,12976.0
2007-05-15 07:00:00,14553.0
2007-05-15 08:00:00,15152.0
2007-05-15 09:00:00,15506.0
2007-05-15 10:00:00,15833.0
2007-05-15 11:00:00,15979.0
2007-05-15 12:00:00,16009.0
2007-05-15 13:00:00,16198.0
2007-05-15 14:00:00,16290.0
2007-05-15 15:00:00,16349.0
2007-05-15 16:00:00,16448.0
2007-05-15 17:00:00,16418.0
2007-05-15 18:00:00,16211.0
2007-05-15 19:00:00,16142.0
2007-05-15 20:00:00,16490.0
2007-05-15 21:00:00,15629.0
2007-05-15 22:00:00,13966.0
2007-05-15 23:00:00,12394.0
2007-05-16 00:00:00,11344.0
2007-05-16 01:00:00,10784.0
2007-05-16 02:00:00,10465.0
2007-05-16 03:00:00,10348.0
2007-05-16 04:00:00,10531.0
2007-05-16 05:00:00,11365.0
2007-05-16 06:00:00,13307.0
2007-05-16 07:00:00,14944.0
2007-05-16 08:00:00,15736.0
2007-05-16 09:00:00,16311.0
2007-05-16 10:00:00,16814.0
2007-05-16 11:00:00,17064.0
2007-05-16 12:00:00,17134.0
2007-05-16 13:00:00,17184.0
2007-05-16 14:00:00,16990.0
2007-05-16 15:00:00,16771.0
2007-05-16 16:00:00,16582.0
2007-05-16 17:00:00,16557.0
2007-05-16 18:00:00,16399.0
2007-05-16 19:00:00,16215.0
2007-05-16 20:00:00,16019.0
2007-05-16 21:00:00,14887.0
2007-05-16 22:00:00,13276.0
2007-05-16 23:00:00,11831.0
2007-05-17 00:00:00,10859.0
2007-05-17 01:00:00,10337.0
2007-05-17 02:00:00,10081.0
2007-05-17 03:00:00,9994.0
2007-05-17 04:00:00,10250.0
2007-05-17 05:00:00,11169.0
2007-05-17 06:00:00,13024.0
2007-05-17 07:00:00,14572.0
2007-05-17 08:00:00,15180.0
2007-05-17 09:00:00,15477.0
2007-05-17 10:00:00,15703.0
2007-05-17 11:00:00,15746.0
2007-05-17 12:00:00,15648.0
2007-05-17 13:00:00,15636.0
2007-05-17 14:00:00,15441.0
2007-05-17 15:00:00,15283.0
2007-05-17 16:00:00,15259.0
2007-05-17 17:00:00,15160.0
2007-05-17 18:00:00,15066.0
2007-05-17 19:00:00,15210.0
2007-05-17 20:00:00,15622.0
2007-05-17 21:00:00,14775.0
2007-05-17 22:00:00,13269.0
2007-05-17 23:00:00,11754.0
2007-05-18 00:00:00,10855.0
2007-05-18 01:00:00,10337.0
2007-05-18 02:00:00,10087.0
2007-05-18 03:00:00,10033.0
2007-05-18 04:00:00,10282.0
2007-05-18 05:00:00,11220.0
2007-05-18 06:00:00,13139.0
2007-05-18 07:00:00,14773.0
2007-05-18 08:00:00,15454.0
2007-05-18 09:00:00,15805.0
2007-05-18 10:00:00,16033.0
2007-05-18 11:00:00,16044.0
2007-05-18 12:00:00,15963.0
2007-05-18 13:00:00,15891.0
2007-05-18 14:00:00,15695.0
2007-05-18 15:00:00,15535.0
2007-05-18 16:00:00,15541.0
2007-05-18 17:00:00,15557.0
2007-05-18 18:00:00,15402.0
2007-05-18 19:00:00,15274.0
2007-05-18 20:00:00,15352.0
2007-05-18 21:00:00,14649.0
2007-05-18 22:00:00,13455.0
2007-05-18 23:00:00,12201.0
2007-05-19 00:00:00,11184.0
2007-05-19 01:00:00,10635.0
2007-05-19 02:00:00,10320.0
2007-05-19 03:00:00,10179.0
2007-05-19 04:00:00,10223.0
2007-05-19 05:00:00,10481.0
2007-05-19 06:00:00,11052.0
2007-05-19 07:00:00,12107.0
2007-05-19 08:00:00,13324.0
2007-05-19 09:00:00,14142.0
2007-05-19 10:00:00,14510.0
2007-05-19 11:00:00,14496.0
2007-05-19 12:00:00,14282.0
2007-05-19 13:00:00,13972.0
2007-05-19 14:00:00,13729.0
2007-05-19 15:00:00,13552.0
2007-05-19 16:00:00,13587.0
2007-05-19 17:00:00,13711.0
2007-05-19 18:00:00,13743.0
2007-05-19 19:00:00,13823.0
2007-05-19 20:00:00,14128.0
2007-05-19 21:00:00,13662.0
2007-05-19 22:00:00,12660.0
2007-05-19 23:00:00,11482.0
2007-05-20 00:00:00,10612.0
2007-05-20 01:00:00,10064.0
2007-05-20 02:00:00,9764.0
2007-05-20 03:00:00,9616.0
2007-05-20 04:00:00,9610.0
2007-05-20 05:00:00,9669.0
2007-05-20 06:00:00,10048.0
2007-05-20 07:00:00,10853.0
2007-05-20 08:00:00,11969.0
2007-05-20 09:00:00,12876.0
2007-05-20 10:00:00,13393.0
2007-05-20 11:00:00,13665.0
2007-05-20 12:00:00,13672.0
2007-05-20 13:00:00,13502.0
2007-05-20 14:00:00,13352.0
2007-05-20 15:00:00,13256.0
2007-05-20 16:00:00,13413.0
2007-05-20 17:00:00,13731.0
2007-05-20 18:00:00,13947.0
2007-05-20 19:00:00,14096.0
2007-05-20 20:00:00,14468.0
2007-05-20 21:00:00,13693.0
2007-05-20 22:00:00,12466.0
2007-05-20 23:00:00,11214.0
2007-05-21 00:00:00,10337.0
2007-05-21 01:00:00,9890.0
2007-05-21 02:00:00,9714.0
2007-05-21 03:00:00,9693.0
2007-05-21 04:00:00,10025.0
2007-05-21 05:00:00,10872.0
2007-05-21 06:00:00,12742.0
2007-05-21 07:00:00,14297.0
2007-05-21 08:00:00,14892.0
2007-05-21 09:00:00,15254.0
2007-05-21 10:00:00,15558.0
2007-05-21 11:00:00,15607.0
2007-05-21 12:00:00,15584.0
2007-05-21 13:00:00,15545.0
2007-05-21 14:00:00,15386.0
2007-05-21 15:00:00,15290.0
2007-05-21 16:00:00,15253.0
2007-05-21 17:00:00,15184.0
2007-05-21 18:00:00,14990.0
2007-05-21 19:00:00,14991.0
2007-05-21 20:00:00,15537.0
2007-05-21 21:00:00,14804.0
2007-05-21 22:00:00,13179.0
2007-05-21 23:00:00,11670.0
2007-05-22 00:00:00,10680.0
2007-05-22 01:00:00,10175.0
2007-05-22 02:00:00,9983.0
2007-05-22 03:00:00,9944.0
2007-05-22 04:00:00,10206.0
2007-05-22 05:00:00,11087.0
2007-05-22 06:00:00,12963.0
2007-05-22 07:00:00,14397.0
2007-05-22 08:00:00,14978.0
2007-05-22 09:00:00,15329.0
2007-05-22 10:00:00,15604.0
2007-05-22 11:00:00,15712.0
2007-05-22 12:00:00,15703.0
2007-05-22 13:00:00,15811.0
2007-05-22 14:00:00,15745.0
2007-05-22 15:00:00,15646.0
2007-05-22 16:00:00,15592.0
2007-05-22 17:00:00,15414.0
2007-05-22 18:00:00,15114.0
2007-05-22 19:00:00,15058.0
2007-05-22 20:00:00,15613.0
2007-05-22 21:00:00,14987.0
2007-05-22 22:00:00,13330.0
2007-05-22 23:00:00,11811.0
2007-05-23 00:00:00,10774.0
2007-05-23 01:00:00,10250.0
2007-05-23 02:00:00,9994.0
2007-05-23 03:00:00,9948.0
2007-05-23 04:00:00,10200.0
2007-05-23 05:00:00,11019.0
2007-05-23 06:00:00,12919.0
2007-05-23 07:00:00,14445.0
2007-05-23 08:00:00,15038.0
2007-05-23 09:00:00,15484.0
2007-05-23 10:00:00,15865.0
2007-05-23 11:00:00,16047.0
2007-05-23 12:00:00,16099.0
2007-05-23 13:00:00,16221.0
2007-05-23 14:00:00,16125.0
2007-05-23 15:00:00,15988.0
2007-05-23 16:00:00,15927.0
2007-05-23 17:00:00,15743.0
2007-05-23 18:00:00,15382.0
2007-05-23 19:00:00,15292.0
2007-05-23 20:00:00,15790.0
2007-05-23 21:00:00,15122.0
2007-05-23 22:00:00,13517.0
2007-05-23 23:00:00,11897.0
2007-05-24 00:00:00,10877.0
2007-05-24 01:00:00,10343.0
2007-05-24 02:00:00,10080.0
2007-05-24 03:00:00,10000.0
2007-05-24 04:00:00,10217.0
2007-05-24 05:00:00,11033.0
2007-05-24 06:00:00,12930.0
2007-05-24 07:00:00,14601.0
2007-05-24 08:00:00,15319.0
2007-05-24 09:00:00,15874.0
2007-05-24 10:00:00,16400.0
2007-05-24 11:00:00,16819.0
2007-05-24 12:00:00,17102.0
2007-05-24 13:00:00,17485.0
2007-05-24 14:00:00,17672.0
2007-05-24 15:00:00,17792.0
2007-05-24 16:00:00,17890.0
2007-05-24 17:00:00,17747.0
2007-05-24 18:00:00,17350.0
2007-05-24 19:00:00,17126.0
2007-05-24 20:00:00,17546.0
2007-05-24 21:00:00,16977.0
2007-05-24 22:00:00,15197.0
2007-05-24 23:00:00,13438.0
2007-05-25 00:00:00,12194.0
2007-05-25 01:00:00,11496.0
2007-05-25 02:00:00,11108.0
2007-05-25 03:00:00,10929.0
2007-05-25 04:00:00,11087.0
2007-05-25 05:00:00,11807.0
2007-05-25 06:00:00,13686.0
2007-05-25 07:00:00,15581.0
2007-05-25 08:00:00,16742.0
2007-05-25 09:00:00,17674.0
2007-05-25 10:00:00,18501.0
2007-05-25 11:00:00,19122.0
2007-05-25 12:00:00,19477.0
2007-05-25 13:00:00,19826.0
2007-05-25 14:00:00,19948.0
2007-05-25 15:00:00,19994.0
2007-05-25 16:00:00,19906.0
2007-05-25 17:00:00,19603.0
2007-05-25 18:00:00,18981.0
2007-05-25 19:00:00,18447.0
2007-05-25 20:00:00,18506.0
2007-05-25 21:00:00,17799.0
2007-05-25 22:00:00,16183.0
2007-05-25 23:00:00,14457.0
2007-05-26 00:00:00,13137.0
2007-05-26 01:00:00,12367.0
2007-05-26 02:00:00,11768.0
2007-05-26 03:00:00,11434.0
2007-05-26 04:00:00,11335.0
2007-05-26 05:00:00,11365.0
2007-05-26 06:00:00,12016.0
2007-05-26 07:00:00,13335.0
2007-05-26 08:00:00,14818.0
2007-05-26 09:00:00,15894.0
2007-05-26 10:00:00,16502.0
2007-05-26 11:00:00,16804.0
2007-05-26 12:00:00,16916.0
2007-05-26 13:00:00,16871.0
2007-05-26 14:00:00,16743.0
2007-05-26 15:00:00,16648.0
2007-05-26 16:00:00,16701.0
2007-05-26 17:00:00,16676.0
2007-05-26 18:00:00,16367.0
2007-05-26 19:00:00,15912.0
2007-05-26 20:00:00,15972.0
2007-05-26 21:00:00,15511.0
2007-05-26 22:00:00,14205.0
2007-05-26 23:00:00,12788.0
2007-05-27 00:00:00,11616.0
2007-05-27 01:00:00,10972.0
2007-05-27 02:00:00,10545.0
2007-05-27 03:00:00,10298.0
2007-05-27 04:00:00,10212.0
2007-05-27 05:00:00,10156.0
2007-05-27 06:00:00,10470.0
2007-05-27 07:00:00,11333.0
2007-05-27 08:00:00,12489.0
2007-05-27 09:00:00,13431.0
2007-05-27 10:00:00,13973.0
2007-05-27 11:00:00,14268.0
2007-05-27 12:00:00,14399.0
2007-05-27 13:00:00,14341.0
2007-05-27 14:00:00,14217.0
2007-05-27 15:00:00,14169.0
2007-05-27 16:00:00,14210.0
2007-05-27 17:00:00,14286.0
2007-05-27 18:00:00,14140.0
2007-05-27 19:00:00,13968.0
2007-05-27 20:00:00,14305.0
2007-05-27 21:00:00,13958.0
2007-05-27 22:00:00,12983.0
2007-05-27 23:00:00,11845.0
2007-05-28 00:00:00,10936.0
2007-05-28 01:00:00,10387.0
2007-05-28 02:00:00,10084.0
2007-05-28 03:00:00,9940.0
2007-05-28 04:00:00,10005.0
2007-05-28 05:00:00,10145.0
2007-05-28 06:00:00,10622.0
2007-05-28 07:00:00,11638.0
2007-05-28 08:00:00,12911.0
2007-05-28 09:00:00,13991.0
2007-05-28 10:00:00,14641.0
2007-05-28 11:00:00,15135.0
2007-05-28 12:00:00,15467.0
2007-05-28 13:00:00,15547.0
2007-05-28 14:00:00,15563.0
2007-05-28 15:00:00,15672.0
2007-05-28 16:00:00,15862.0
2007-05-28 17:00:00,16014.0
2007-05-28 18:00:00,15794.0
2007-05-28 19:00:00,15576.0
2007-05-28 20:00:00,15922.0
2007-05-28 21:00:00,15386.0
2007-05-28 22:00:00,13717.0
2007-05-28 23:00:00,12072.0
2007-05-29 00:00:00,11057.0
2007-05-29 01:00:00,10462.0
2007-05-29 02:00:00,10134.0
2007-05-29 03:00:00,10021.0
2007-05-29 04:00:00,10271.0
2007-05-29 05:00:00,11049.0
2007-05-29 06:00:00,13028.0
2007-05-29 07:00:00,14788.0
2007-05-29 08:00:00,15683.0
2007-05-29 09:00:00,16314.0
2007-05-29 10:00:00,16776.0
2007-05-29 11:00:00,17049.0
2007-05-29 12:00:00,17178.0
2007-05-29 13:00:00,17391.0
2007-05-29 14:00:00,17490.0
2007-05-29 15:00:00,17524.0
2007-05-29 16:00:00,17573.0
2007-05-29 17:00:00,17394.0
2007-05-29 18:00:00,16955.0
2007-05-29 19:00:00,16560.0
2007-05-29 20:00:00,16807.0
2007-05-29 21:00:00,16106.0
2007-05-29 22:00:00,14283.0
2007-05-29 23:00:00,12571.0
2007-05-30 00:00:00,11453.0
2007-05-30 01:00:00,10819.0
2007-05-30 02:00:00,10484.0
2007-05-30 03:00:00,10375.0
2007-05-30 04:00:00,10585.0
2007-05-30 05:00:00,11299.0
2007-05-30 06:00:00,13207.0
2007-05-30 07:00:00,14958.0
2007-05-30 08:00:00,15832.0
2007-05-30 09:00:00,16505.0
2007-05-30 10:00:00,17077.0
2007-05-30 11:00:00,17443.0
2007-05-30 12:00:00,17630.0
2007-05-30 13:00:00,17947.0
2007-05-30 14:00:00,18100.0
2007-05-30 15:00:00,18270.0
2007-05-30 16:00:00,18400.0
2007-05-30 17:00:00,18267.0
2007-05-30 18:00:00,17876.0
2007-05-30 19:00:00,17527.0
2007-05-30 20:00:00,17710.0
2007-05-30 21:00:00,17028.0
2007-05-30 22:00:00,15220.0
2007-05-30 23:00:00,13426.0
2007-05-31 00:00:00,12260.0
2007-05-31 01:00:00,11533.0
2007-05-31 02:00:00,11146.0
2007-05-31 03:00:00,10969.0
2007-05-31 04:00:00,11152.0
2007-05-31 05:00:00,11928.0
2007-05-31 06:00:00,13796.0
2007-05-31 07:00:00,15457.0
2007-05-31 08:00:00,16232.0
2007-05-31 09:00:00,16781.0
2007-05-31 10:00:00,17298.0
2007-05-31 11:00:00,17610.0
2007-05-31 12:00:00,17717.0
2007-05-31 13:00:00,17842.0
2007-05-31 14:00:00,17760.0
2007-05-31 15:00:00,17632.0
2007-05-31 16:00:00,17494.0
2007-05-31 17:00:00,17158.0
2007-05-31 18:00:00,16703.0
2007-05-31 19:00:00,16499.0
2007-05-31 20:00:00,16597.0
2007-05-31 21:00:00,15795.0
2007-05-31 22:00:00,14164.0
2007-05-31 23:00:00,12604.0
2007-06-01 00:00:00,11541.0
2007-06-01 01:00:00,10985.0
2007-06-01 02:00:00,10670.0
2007-06-01 03:00:00,10542.0
2007-06-01 04:00:00,10737.0
2007-06-01 05:00:00,11571.0
2007-06-01 06:00:00,13437.0
2007-06-01 07:00:00,15139.0
2007-06-01 08:00:00,16036.0
2007-06-01 09:00:00,16788.0
2007-06-01 10:00:00,17572.0
2007-06-01 11:00:00,18231.0
2007-06-01 12:00:00,18762.0
2007-06-01 13:00:00,19311.0
2007-06-01 14:00:00,19570.0
2007-06-01 15:00:00,19706.0
2007-06-01 16:00:00,19601.0
2007-06-01 17:00:00,19010.0
2007-06-01 18:00:00,18192.0
2007-06-01 19:00:00,17583.0
2007-06-01 20:00:00,17588.0
2007-06-01 21:00:00,17081.0
2007-06-01 22:00:00,15571.0
2007-06-01 23:00:00,13939.0
2007-06-02 00:00:00,12670.0
2007-06-02 01:00:00,11910.0
2007-06-02 02:00:00,11416.0
2007-06-02 03:00:00,11146.0
2007-06-02 04:00:00,11115.0
2007-06-02 05:00:00,11177.0
2007-06-02 06:00:00,11933.0
2007-06-02 07:00:00,13348.0
2007-06-02 08:00:00,14804.0
2007-06-02 09:00:00,15987.0
2007-06-02 10:00:00,16885.0
2007-06-02 11:00:00,17482.0
2007-06-02 12:00:00,17852.0
2007-06-02 13:00:00,18031.0
2007-06-02 14:00:00,18273.0
2007-06-02 15:00:00,18370.0
2007-06-02 16:00:00,18361.0
2007-06-02 17:00:00,18130.0
2007-06-02 18:00:00,17617.0
2007-06-02 19:00:00,17189.0
2007-06-02 20:00:00,17322.0
2007-06-02 21:00:00,16812.0
2007-06-02 22:00:00,15452.0
2007-06-02 23:00:00,14022.0
2007-06-03 00:00:00,12786.0
2007-06-03 01:00:00,11966.0
2007-06-03 02:00:00,11415.0
2007-06-03 03:00:00,11092.0
2007-06-03 04:00:00,10937.0
2007-06-03 05:00:00,10798.0
2007-06-03 06:00:00,11139.0
2007-06-03 07:00:00,11991.0
2007-06-03 08:00:00,13185.0
2007-06-03 09:00:00,14131.0
2007-06-03 10:00:00,14766.0
2007-06-03 11:00:00,15177.0
2007-06-03 12:00:00,15243.0
2007-06-03 13:00:00,15151.0
2007-06-03 14:00:00,14925.0
2007-06-03 15:00:00,14790.0
2007-06-03 16:00:00,14862.0
2007-06-03 17:00:00,15047.0
2007-06-03 18:00:00,15090.0
2007-06-03 19:00:00,15109.0
2007-06-03 20:00:00,15177.0
2007-06-03 21:00:00,14364.0
2007-06-03 22:00:00,13036.0
2007-06-03 23:00:00,11776.0
2007-06-04 00:00:00,10844.0
2007-06-04 01:00:00,10317.0
2007-06-04 02:00:00,10074.0
2007-06-04 03:00:00,10036.0
2007-06-04 04:00:00,10332.0
2007-06-04 05:00:00,11275.0
2007-06-04 06:00:00,13151.0
2007-06-04 07:00:00,14888.0
2007-06-04 08:00:00,15646.0
2007-06-04 09:00:00,16157.0
2007-06-04 10:00:00,16558.0
2007-06-04 11:00:00,16720.0
2007-06-04 12:00:00,16704.0
2007-06-04 13:00:00,16703.0
2007-06-04 14:00:00,16528.0
2007-06-04 15:00:00,16478.0
2007-06-04 16:00:00,16584.0
2007-06-04 17:00:00,16675.0
2007-06-04 18:00:00,16468.0
2007-06-04 19:00:00,16172.0
2007-06-04 20:00:00,16079.0
2007-06-04 21:00:00,15210.0
2007-06-04 22:00:00,13675.0
2007-06-04 23:00:00,12204.0
2007-06-05 00:00:00,11223.0
2007-06-05 01:00:00,10728.0
2007-06-05 02:00:00,10477.0
2007-06-05 03:00:00,10427.0
2007-06-05 04:00:00,10725.0
2007-06-05 05:00:00,11597.0
2007-06-05 06:00:00,13561.0
2007-06-05 07:00:00,15277.0
2007-06-05 08:00:00,16102.0
2007-06-05 09:00:00,16818.0
2007-06-05 10:00:00,17527.0
2007-06-05 11:00:00,18020.0
2007-06-05 12:00:00,18298.0
2007-06-05 13:00:00,18397.0
2007-06-05 14:00:00,18331.0
2007-06-05 15:00:00,18300.0
2007-06-05 16:00:00,18329.0
2007-06-05 17:00:00,18191.0
2007-06-05 18:00:00,17719.0
2007-06-05 19:00:00,17260.0
2007-06-05 20:00:00,17337.0
2007-06-05 21:00:00,16797.0
2007-06-05 22:00:00,14972.0
2007-06-05 23:00:00,13152.0
2007-06-06 00:00:00,11938.0
2007-06-06 01:00:00,11200.0
2007-06-06 02:00:00,10747.0
2007-06-06 03:00:00,10570.0
2007-06-06 04:00:00,10719.0
2007-06-06 05:00:00,11369.0
2007-06-06 06:00:00,13202.0
2007-06-06 07:00:00,14748.0
2007-06-06 08:00:00,15349.0
2007-06-06 09:00:00,15689.0
2007-06-06 10:00:00,15989.0
2007-06-06 11:00:00,16112.0
2007-06-06 12:00:00,16156.0
2007-06-06 13:00:00,16273.0
2007-06-06 14:00:00,16292.0
2007-06-06 15:00:00,16261.0
2007-06-06 16:00:00,16218.0
2007-06-06 17:00:00,15957.0
2007-06-06 18:00:00,15512.0
2007-06-06 19:00:00,15213.0
2007-06-06 20:00:00,15484.0
2007-06-06 21:00:00,15073.0
2007-06-06 22:00:00,13467.0
2007-06-06 23:00:00,11921.0
2007-06-07 00:00:00,10916.0
2007-06-07 01:00:00,10399.0
2007-06-07 02:00:00,10127.0
2007-06-07 03:00:00,10021.0
2007-06-07 04:00:00,10264.0
2007-06-07 05:00:00,10998.0
2007-06-07 06:00:00,12870.0
2007-06-07 07:00:00,14475.0
2007-06-07 08:00:00,15171.0
2007-06-07 09:00:00,15608.0
2007-06-07 10:00:00,15956.0
2007-06-07 11:00:00,16164.0
2007-06-07 12:00:00,16242.0
2007-06-07 13:00:00,16380.0
2007-06-07 14:00:00,16375.0
2007-06-07 15:00:00,16358.0
2007-06-07 16:00:00,16355.0
2007-06-07 17:00:00,16195.0
2007-06-07 18:00:00,15886.0
2007-06-07 19:00:00,15792.0
2007-06-07 20:00:00,16100.0
2007-06-07 21:00:00,15525.0
2007-06-07 22:00:00,13977.0
2007-06-07 23:00:00,12411.0
2007-06-08 00:00:00,11339.0
2007-06-08 01:00:00,10728.0
2007-06-08 02:00:00,10449.0
2007-06-08 03:00:00,10317.0
2007-06-08 04:00:00,10548.0
2007-06-08 05:00:00,11285.0
2007-06-08 06:00:00,13162.0
2007-06-08 07:00:00,14954.0
2007-06-08 08:00:00,15887.0
2007-06-08 09:00:00,16661.0
2007-06-08 10:00:00,17314.0
2007-06-08 11:00:00,17793.0
2007-06-08 12:00:00,18080.0
2007-06-08 13:00:00,18383.0
2007-06-08 14:00:00,18517.0
2007-06-08 15:00:00,18512.0
2007-06-08 16:00:00,18345.0
2007-06-08 17:00:00,17878.0
2007-06-08 18:00:00,17161.0
2007-06-08 19:00:00,16625.0
2007-06-08 20:00:00,16712.0
2007-06-08 21:00:00,16320.0
2007-06-08 22:00:00,14939.0
2007-06-08 23:00:00,13418.0
2007-06-09 00:00:00,12273.0
2007-06-09 01:00:00,11575.0
2007-06-09 02:00:00,11166.0
2007-06-09 03:00:00,10933.0
2007-06-09 04:00:00,10912.0
2007-06-09 05:00:00,11090.0
2007-06-09 06:00:00,11752.0
2007-06-09 07:00:00,12841.0
2007-06-09 08:00:00,14131.0
2007-06-09 09:00:00,15032.0
2007-06-09 10:00:00,15531.0
2007-06-09 11:00:00,15722.0
2007-06-09 12:00:00,15632.0
2007-06-09 13:00:00,15297.0
2007-06-09 14:00:00,14976.0
2007-06-09 15:00:00,14782.0
2007-06-09 16:00:00,14727.0
2007-06-09 17:00:00,14736.0
2007-06-09 18:00:00,14624.0
2007-06-09 19:00:00,14513.0
2007-06-09 20:00:00,14655.0
2007-06-09 21:00:00,14261.0
2007-06-09 22:00:00,13222.0
2007-06-09 23:00:00,12080.0
2007-06-10 00:00:00,11123.0
2007-06-10 01:00:00,10505.0
2007-06-10 02:00:00,10143.0
2007-06-10 03:00:00,9958.0
2007-06-10 04:00:00,9879.0
2007-06-10 05:00:00,9825.0
2007-06-10 06:00:00,10225.0
2007-06-10 07:00:00,11146.0
2007-06-10 08:00:00,12315.0
2007-06-10 09:00:00,13282.0
2007-06-10 10:00:00,13878.0
2007-06-10 11:00:00,14194.0
2007-06-10 12:00:00,14295.0
2007-06-10 13:00:00,14251.0
2007-06-10 14:00:00,14178.0
2007-06-10 15:00:00,14237.0
2007-06-10 16:00:00,14443.0
2007-06-10 17:00:00,14695.0
2007-06-10 18:00:00,14713.0
2007-06-10 19:00:00,14680.0
2007-06-10 20:00:00,15108.0
2007-06-10 21:00:00,14811.0
2007-06-10 22:00:00,13537.0
2007-06-10 23:00:00,12176.0
2007-06-11 00:00:00,11186.0
2007-06-11 01:00:00,10657.0
2007-06-11 02:00:00,10427.0
2007-06-11 03:00:00,10371.0
2007-06-11 04:00:00,10658.0
2007-06-11 05:00:00,11527.0
2007-06-11 06:00:00,13462.0
2007-06-11 07:00:00,15236.0
2007-06-11 08:00:00,16193.0
2007-06-11 09:00:00,16914.0
2007-06-11 10:00:00,17595.0
2007-06-11 11:00:00,18091.0
2007-06-11 12:00:00,18383.0
2007-06-11 13:00:00,18705.0
2007-06-11 14:00:00,18897.0
2007-06-11 15:00:00,18977.0
2007-06-11 16:00:00,18998.0
2007-06-11 17:00:00,18686.0
2007-06-11 18:00:00,18119.0
2007-06-11 19:00:00,17721.0
2007-06-11 20:00:00,17804.0
2007-06-11 21:00:00,17100.0
2007-06-11 22:00:00,15226.0
2007-06-11 23:00:00,13539.0
2007-06-12 00:00:00,12368.0
2007-06-12 01:00:00,11731.0
2007-06-12 02:00:00,11350.0
2007-06-12 03:00:00,11191.0
2007-06-12 04:00:00,11401.0
2007-06-12 05:00:00,12163.0
2007-06-12 06:00:00,14147.0
2007-06-12 07:00:00,15904.0
2007-06-12 08:00:00,16879.0
2007-06-12 09:00:00,17560.0
2007-06-12 10:00:00,18126.0
2007-06-12 11:00:00,18419.0
2007-06-12 12:00:00,18513.0
2007-06-12 13:00:00,18605.0
2007-06-12 14:00:00,18509.0
2007-06-12 15:00:00,18426.0
2007-06-12 16:00:00,18364.0
2007-06-12 17:00:00,18061.0
2007-06-12 18:00:00,17533.0
2007-06-12 19:00:00,17125.0
2007-06-12 20:00:00,17260.0
2007-06-12 21:00:00,16764.0
2007-06-12 22:00:00,15007.0
2007-06-12 23:00:00,13203.0
2007-06-13 00:00:00,12084.0
2007-06-13 01:00:00,11437.0
2007-06-13 02:00:00,11067.0
2007-06-13 03:00:00,10899.0
2007-06-13 04:00:00,11082.0
2007-06-13 05:00:00,11890.0
2007-06-13 06:00:00,13628.0
2007-06-13 07:00:00,15188.0
2007-06-13 08:00:00,15870.0
2007-06-13 09:00:00,16214.0
2007-06-13 10:00:00,16472.0
2007-06-13 11:00:00,16558.0
2007-06-13 12:00:00,16450.0
2007-06-13 13:00:00,16383.0
2007-06-13 14:00:00,16205.0
2007-06-13 15:00:00,16008.0
2007-06-13 16:00:00,15911.0
2007-06-13 17:00:00,15792.0
2007-06-13 18:00:00,15541.0
2007-06-13 19:00:00,15417.0
2007-06-13 20:00:00,15635.0
2007-06-13 21:00:00,15008.0
2007-06-13 22:00:00,13495.0
2007-06-13 23:00:00,11966.0
2007-06-14 00:00:00,11038.0
2007-06-14 01:00:00,10520.0
2007-06-14 02:00:00,10231.0
2007-06-14 03:00:00,10164.0
2007-06-14 04:00:00,10397.0
2007-06-14 05:00:00,11229.0
2007-06-14 06:00:00,13011.0
2007-06-14 07:00:00,14595.0
2007-06-14 08:00:00,15354.0
2007-06-14 09:00:00,15775.0
2007-06-14 10:00:00,16082.0
2007-06-14 11:00:00,16171.0
2007-06-14 12:00:00,16107.0
2007-06-14 13:00:00,16136.0
2007-06-14 14:00:00,15990.0
2007-06-14 15:00:00,15865.0
2007-06-14 16:00:00,15772.0
2007-06-14 17:00:00,15609.0
2007-06-14 18:00:00,15338.0
2007-06-14 19:00:00,15199.0
2007-06-14 20:00:00,15536.0
2007-06-14 21:00:00,15135.0
2007-06-14 22:00:00,13621.0
2007-06-14 23:00:00,12090.0
2007-06-15 00:00:00,11100.0
2007-06-15 01:00:00,10530.0
2007-06-15 02:00:00,10247.0
2007-06-15 03:00:00,10164.0
2007-06-15 04:00:00,10401.0
2007-06-15 05:00:00,11074.0
2007-06-15 06:00:00,12834.0
2007-06-15 07:00:00,14417.0
2007-06-15 08:00:00,15282.0
2007-06-15 09:00:00,15814.0
2007-06-15 10:00:00,16251.0
2007-06-15 11:00:00,16497.0
2007-06-15 12:00:00,16571.0
2007-06-15 13:00:00,16702.0
2007-06-15 14:00:00,16707.0
2007-06-15 15:00:00,16605.0
2007-06-15 16:00:00,16523.0
2007-06-15 17:00:00,16226.0
2007-06-15 18:00:00,15713.0
2007-06-15 19:00:00,15315.0
2007-06-15 20:00:00,15375.0
2007-06-15 21:00:00,15144.0
2007-06-15 22:00:00,13923.0
2007-06-15 23:00:00,12380.0
2007-06-16 00:00:00,11283.0
2007-06-16 01:00:00,10637.0
2007-06-16 02:00:00,10279.0
2007-06-16 03:00:00,10085.0
2007-06-16 04:00:00,10098.0
2007-06-16 05:00:00,10200.0
2007-06-16 06:00:00,10883.0
2007-06-16 07:00:00,12097.0
2007-06-16 08:00:00,13467.0
2007-06-16 09:00:00,14529.0
2007-06-16 10:00:00,15160.0
2007-06-16 11:00:00,15456.0
2007-06-16 12:00:00,15569.0
2007-06-16 13:00:00,15543.0
2007-06-16 14:00:00,15514.0
2007-06-16 15:00:00,15488.0
2007-06-16 16:00:00,15518.0
2007-06-16 17:00:00,15466.0
2007-06-16 18:00:00,15212.0
2007-06-16 19:00:00,14926.0
2007-06-16 20:00:00,15108.0
2007-06-16 21:00:00,14992.0
2007-06-16 22:00:00,13892.0
2007-06-16 23:00:00,12658.0
2007-06-17 00:00:00,11615.0
2007-06-17 01:00:00,10915.0
2007-06-17 02:00:00,10510.0
2007-06-17 03:00:00,10278.0
2007-06-17 04:00:00,10191.0
2007-06-17 05:00:00,10111.0
2007-06-17 06:00:00,10574.0
2007-06-17 07:00:00,11664.0
2007-06-17 08:00:00,13019.0
2007-06-17 09:00:00,14256.0
2007-06-17 10:00:00,15190.0
2007-06-17 11:00:00,15880.0
2007-06-17 12:00:00,16340.0
2007-06-17 13:00:00,16561.0
2007-06-17 14:00:00,16586.0
2007-06-17 15:00:00,16495.0
2007-06-17 16:00:00,16606.0
2007-06-17 17:00:00,16733.0
2007-06-17 18:00:00,16721.0
2007-06-17 19:00:00,16690.0
2007-06-17 20:00:00,17149.0
2007-06-17 21:00:00,17061.0
2007-06-17 22:00:00,15576.0
2007-06-17 23:00:00,13959.0
2007-06-18 00:00:00,12765.0
2007-06-18 01:00:00,12054.0
2007-06-18 02:00:00,11592.0
2007-06-18 03:00:00,11341.0
2007-06-18 04:00:00,11495.0
2007-06-18 05:00:00,12105.0
2007-06-18 06:00:00,13934.0
2007-06-18 07:00:00,15818.0
2007-06-18 08:00:00,17001.0
2007-06-18 09:00:00,17796.0
2007-06-18 10:00:00,18448.0
2007-06-18 11:00:00,18803.0
2007-06-18 12:00:00,19007.0
2007-06-18 13:00:00,19254.0
2007-06-18 14:00:00,19332.0
2007-06-18 15:00:00,19395.0
2007-06-18 16:00:00,19454.0
2007-06-18 17:00:00,19245.0
2007-06-18 18:00:00,18717.0
2007-06-18 19:00:00,18158.0
2007-06-18 20:00:00,17996.0
2007-06-18 21:00:00,17454.0
2007-06-18 22:00:00,15645.0
2007-06-18 23:00:00,13757.0
2007-06-19 00:00:00,12505.0
2007-06-19 01:00:00,11833.0
2007-06-19 02:00:00,11439.0
2007-06-19 03:00:00,11271.0
2007-06-19 04:00:00,11465.0
2007-06-19 05:00:00,12154.0
2007-06-19 06:00:00,13959.0
2007-06-19 07:00:00,15787.0
2007-06-19 08:00:00,16931.0
2007-06-19 09:00:00,17770.0
2007-06-19 10:00:00,18578.0
2007-06-19 11:00:00,19199.0
2007-06-19 12:00:00,19580.0
2007-06-19 13:00:00,20023.0
2007-06-19 14:00:00,20241.0
2007-06-19 15:00:00,20325.0
2007-06-19 16:00:00,20243.0
2007-06-19 17:00:00,19867.0
2007-06-19 18:00:00,19085.0
2007-06-19 19:00:00,18430.0
2007-06-19 20:00:00,18381.0
2007-06-19 21:00:00,17711.0
2007-06-19 22:00:00,15926.0
2007-06-19 23:00:00,14183.0
2007-06-20 00:00:00,12973.0
2007-06-20 01:00:00,12301.0
2007-06-20 02:00:00,11930.0
2007-06-20 03:00:00,11782.0
2007-06-20 04:00:00,11999.0
2007-06-20 05:00:00,12808.0
2007-06-20 06:00:00,14585.0
2007-06-20 07:00:00,16352.0
2007-06-20 08:00:00,17381.0
2007-06-20 09:00:00,18026.0
2007-06-20 10:00:00,18445.0
2007-06-20 11:00:00,18636.0
2007-06-20 12:00:00,18607.0
2007-06-20 13:00:00,18623.0
2007-06-20 14:00:00,18575.0
2007-06-20 15:00:00,18629.0
2007-06-20 16:00:00,18582.0
2007-06-20 17:00:00,18372.0
2007-06-20 18:00:00,17831.0
2007-06-20 19:00:00,17219.0
2007-06-20 20:00:00,17141.0
2007-06-20 21:00:00,16696.0
2007-06-20 22:00:00,15093.0
2007-06-20 23:00:00,13312.0
2007-06-21 00:00:00,12074.0
2007-06-21 01:00:00,11358.0
2007-06-21 02:00:00,10960.0
2007-06-21 03:00:00,10795.0
2007-06-21 04:00:00,10962.0
2007-06-21 05:00:00,11567.0
2007-06-21 06:00:00,13279.0
2007-06-21 07:00:00,15060.0
2007-06-21 08:00:00,16235.0
2007-06-21 09:00:00,17042.0
2007-06-21 10:00:00,17596.0
2007-06-21 11:00:00,17962.0
2007-06-21 12:00:00,18171.0
2007-06-21 13:00:00,18469.0
2007-06-21 14:00:00,18614.0
2007-06-21 15:00:00,18600.0
2007-06-21 16:00:00,18470.0
2007-06-21 17:00:00,18130.0
2007-06-21 18:00:00,17576.0
2007-06-21 19:00:00,17122.0
2007-06-21 20:00:00,17119.0
2007-06-21 21:00:00,16558.0
2007-06-21 22:00:00,14956.0
2007-06-21 23:00:00,13308.0
2007-06-22 00:00:00,12142.0
2007-06-22 01:00:00,11452.0
2007-06-22 02:00:00,11045.0
2007-06-22 03:00:00,10856.0
2007-06-22 04:00:00,11011.0
2007-06-22 05:00:00,11579.0
2007-06-22 06:00:00,13111.0
2007-06-22 07:00:00,14825.0
2007-06-22 08:00:00,15949.0
2007-06-22 09:00:00,16660.0
2007-06-22 10:00:00,17096.0
2007-06-22 11:00:00,17250.0
2007-06-22 12:00:00,17165.0
2007-06-22 13:00:00,17189.0
2007-06-22 14:00:00,16987.0
2007-06-22 15:00:00,16742.0
2007-06-22 16:00:00,16453.0
2007-06-22 17:00:00,16068.0
2007-06-22 18:00:00,15576.0
2007-06-22 19:00:00,15223.0
2007-06-22 20:00:00,15248.0
2007-06-22 21:00:00,14919.0
2007-06-22 22:00:00,13704.0
2007-06-22 23:00:00,12330.0
2007-06-23 00:00:00,11275.0
2007-06-23 01:00:00,10626.0
2007-06-23 02:00:00,10250.0
2007-06-23 03:00:00,10050.0
2007-06-23 04:00:00,10043.0
2007-06-23 05:00:00,10098.0
2007-06-23 06:00:00,10796.0
2007-06-23 07:00:00,11970.0
2007-06-23 08:00:00,13209.0
2007-06-23 09:00:00,14081.0
2007-06-23 10:00:00,14478.0
2007-06-23 11:00:00,14540.0
2007-06-23 12:00:00,14429.0
2007-06-23 13:00:00,14219.0
2007-06-23 14:00:00,14062.0
2007-06-23 15:00:00,13961.0
2007-06-23 16:00:00,13992.0
2007-06-23 17:00:00,14069.0
2007-06-23 18:00:00,13963.0
2007-06-23 19:00:00,13782.0
2007-06-23 20:00:00,13931.0
2007-06-23 21:00:00,13929.0
2007-06-23 22:00:00,12932.0
2007-06-23 23:00:00,11796.0
2007-06-24 00:00:00,10819.0
2007-06-24 01:00:00,10211.0
2007-06-24 02:00:00,9862.0
2007-06-24 03:00:00,9679.0
2007-06-24 04:00:00,9634.0
2007-06-24 05:00:00,9519.0
2007-06-24 06:00:00,9939.0
2007-06-24 07:00:00,10894.0
2007-06-24 08:00:00,12076.0
2007-06-24 09:00:00,13053.0
2007-06-24 10:00:00,13671.0
2007-06-24 11:00:00,14044.0
2007-06-24 12:00:00,14180.0
2007-06-24 13:00:00,14199.0
2007-06-24 14:00:00,14213.0
2007-06-24 15:00:00,14348.0
2007-06-24 16:00:00,14660.0
2007-06-24 17:00:00,14987.0
2007-06-24 18:00:00,14954.0
2007-06-24 19:00:00,14817.0
2007-06-24 20:00:00,15137.0
2007-06-24 21:00:00,15155.0
2007-06-24 22:00:00,13895.0
2007-06-24 23:00:00,12536.0
2007-06-25 00:00:00,11521.0
2007-06-25 01:00:00,10967.0
2007-06-25 02:00:00,10690.0
2007-06-25 03:00:00,10602.0
2007-06-25 04:00:00,10879.0
2007-06-25 05:00:00,11590.0
2007-06-25 06:00:00,13287.0
2007-06-25 07:00:00,15192.0
2007-06-25 08:00:00,16559.0
2007-06-25 09:00:00,17746.0
2007-06-25 10:00:00,18778.0
2007-06-25 11:00:00,19525.0
2007-06-25 12:00:00,20020.0
2007-06-25 13:00:00,20437.0
2007-06-25 14:00:00,20615.0
2007-06-25 15:00:00,20717.0
2007-06-25 16:00:00,20810.0
2007-06-25 17:00:00,20670.0
2007-06-25 18:00:00,20184.0
2007-06-25 19:00:00,19598.0
2007-06-25 20:00:00,19454.0
2007-06-25 21:00:00,18902.0
2007-06-25 22:00:00,17020.0
2007-06-25 23:00:00,15108.0
2007-06-26 00:00:00,13736.0
2007-06-26 01:00:00,12886.0
2007-06-26 02:00:00,12402.0
2007-06-26 03:00:00,12189.0
2007-06-26 04:00:00,12345.0
2007-06-26 05:00:00,13010.0
2007-06-26 06:00:00,14791.0
2007-06-26 07:00:00,16846.0
2007-06-26 08:00:00,18487.0
2007-06-26 09:00:00,19832.0
2007-06-26 10:00:00,21151.0
2007-06-26 11:00:00,22107.0
2007-06-26 12:00:00,22804.0
2007-06-26 13:00:00,23404.0
2007-06-26 14:00:00,23798.0
2007-06-26 15:00:00,24008.0
2007-06-26 16:00:00,24117.0
2007-06-26 17:00:00,23980.0
2007-06-26 18:00:00,23450.0
2007-06-26 19:00:00,22780.0
2007-06-26 20:00:00,22494.0
2007-06-26 21:00:00,21955.0
2007-06-26 22:00:00,19892.0
2007-06-26 23:00:00,17702.0
2007-06-27 00:00:00,16122.0
2007-06-27 01:00:00,15162.0
2007-06-27 02:00:00,14533.0
2007-06-27 03:00:00,14167.0
2007-06-27 04:00:00,14190.0
2007-06-27 05:00:00,14774.0
2007-06-27 06:00:00,16555.0
2007-06-27 07:00:00,18766.0
2007-06-27 08:00:00,20539.0
2007-06-27 09:00:00,22041.0
2007-06-27 10:00:00,23386.0
2007-06-27 11:00:00,24445.0
2007-06-27 12:00:00,25033.0
2007-06-27 13:00:00,25483.0
2007-06-27 14:00:00,25676.0
2007-06-27 15:00:00,25551.0
2007-06-27 16:00:00,25228.0
2007-06-27 17:00:00,24683.0
2007-06-27 18:00:00,23945.0
2007-06-27 19:00:00,23222.0
2007-06-27 20:00:00,22969.0
2007-06-27 21:00:00,22048.0
2007-06-27 22:00:00,19924.0
2007-06-27 23:00:00,17824.0
2007-06-28 00:00:00,16279.0
2007-06-28 01:00:00,15307.0
2007-06-28 02:00:00,14733.0
2007-06-28 03:00:00,14426.0
2007-06-28 04:00:00,14476.0
2007-06-28 05:00:00,15055.0
2007-06-28 06:00:00,16691.0
2007-06-28 07:00:00,18547.0
2007-06-28 08:00:00,19879.0
2007-06-28 09:00:00,20836.0
2007-06-28 10:00:00,21533.0
2007-06-28 11:00:00,22223.0
2007-06-28 12:00:00,22917.0
2007-06-28 13:00:00,23560.0
2007-06-28 14:00:00,23972.0
2007-06-28 15:00:00,24032.0
2007-06-28 16:00:00,23864.0
2007-06-28 17:00:00,23360.0
2007-06-28 18:00:00,22462.0
2007-06-28 19:00:00,21643.0
2007-06-28 20:00:00,21262.0
2007-06-28 21:00:00,20552.0
2007-06-28 22:00:00,18631.0
2007-06-28 23:00:00,16525.0
2007-06-29 00:00:00,14958.0
2007-06-29 01:00:00,13950.0
2007-06-29 02:00:00,13286.0
2007-06-29 03:00:00,12890.0
2007-06-29 04:00:00,12869.0
2007-06-29 05:00:00,13364.0
2007-06-29 06:00:00,14579.0
2007-06-29 07:00:00,15963.0
2007-06-29 08:00:00,16781.0
2007-06-29 09:00:00,17206.0
2007-06-29 10:00:00,17576.0
2007-06-29 11:00:00,17764.0
2007-06-29 12:00:00,17822.0
2007-06-29 13:00:00,17975.0
2007-06-29 14:00:00,17984.0
2007-06-29 15:00:00,17872.0
2007-06-29 16:00:00,17694.0
2007-06-29 17:00:00,17344.0
2007-06-29 18:00:00,16798.0
2007-06-29 19:00:00,16270.0
2007-06-29 20:00:00,16131.0
2007-06-29 21:00:00,15938.0
2007-06-29 22:00:00,14669.0
2007-06-29 23:00:00,13211.0
2007-06-30 00:00:00,12025.0
2007-06-30 01:00:00,11300.0
2007-06-30 02:00:00,10879.0
2007-06-30 03:00:00,10636.0
2007-06-30 04:00:00,10570.0
2007-06-30 05:00:00,10571.0
2007-06-30 06:00:00,11246.0
2007-06-30 07:00:00,12508.0
2007-06-30 08:00:00,13874.0
2007-06-30 09:00:00,14870.0
2007-06-30 10:00:00,15483.0
2007-06-30 11:00:00,15747.0
2007-06-30 12:00:00,15777.0
2007-06-30 13:00:00,15705.0
2007-06-30 14:00:00,15600.0
2007-06-30 15:00:00,15578.0
2007-06-30 16:00:00,15608.0
2007-06-30 17:00:00,15570.0
2007-06-30 18:00:00,15350.0
2007-06-30 19:00:00,14989.0
2007-06-30 20:00:00,15027.0
2007-06-30 21:00:00,14941.0
2007-06-30 22:00:00,13882.0
2007-06-30 23:00:00,12721.0
2007-07-01 00:00:00,11653.0
2007-07-01 01:00:00,10965.0
2007-07-01 02:00:00,10534.0
2007-07-01 03:00:00,10301.0
2007-07-01 04:00:00,10194.0
2007-07-01 05:00:00,10049.0
2007-07-01 06:00:00,10384.0
2007-07-01 07:00:00,11253.0
2007-07-01 08:00:00,12384.0
2007-07-01 09:00:00,13300.0
2007-07-01 10:00:00,13895.0
2007-07-01 11:00:00,14188.0
2007-07-01 12:00:00,14259.0
2007-07-01 13:00:00,14168.0
2007-07-01 14:00:00,14032.0
2007-07-01 15:00:00,13996.0
2007-07-01 16:00:00,14107.0
2007-07-01 17:00:00,14251.0
2007-07-01 18:00:00,14212.0
2007-07-01 19:00:00,14007.0
2007-07-01 20:00:00,14219.0
2007-07-01 21:00:00,14146.0
2007-07-01 22:00:00,12963.0
2007-07-01 23:00:00,11739.0
2007-07-02 00:00:00,10783.0
2007-07-02 01:00:00,10246.0
2007-07-02 02:00:00,9981.0
2007-07-02 03:00:00,9895.0
2007-07-02 04:00:00,10096.0
2007-07-02 05:00:00,10667.0
2007-07-02 06:00:00,12092.0
2007-07-02 07:00:00,13735.0
2007-07-02 08:00:00,14879.0
2007-07-02 09:00:00,15619.0
2007-07-02 10:00:00,16141.0
2007-07-02 11:00:00,16386.0
2007-07-02 12:00:00,16443.0
2007-07-02 13:00:00,16517.0
2007-07-02 14:00:00,16462.0
2007-07-02 15:00:00,16362.0
2007-07-02 16:00:00,16314.0
2007-07-02 17:00:00,16230.0
2007-07-02 18:00:00,15925.0
2007-07-02 19:00:00,15559.0
2007-07-02 20:00:00,15579.0
2007-07-02 21:00:00,15247.0
2007-07-02 22:00:00,13789.0
2007-07-02 23:00:00,12258.0
2007-07-03 00:00:00,11179.0
2007-07-03 01:00:00,10567.0
2007-07-03 02:00:00,10242.0
2007-07-03 03:00:00,10080.0
2007-07-03 04:00:00,10293.0
2007-07-03 05:00:00,10805.0
2007-07-03 06:00:00,12233.0
2007-07-03 07:00:00,13897.0
2007-07-03 08:00:00,15053.0
2007-07-03 09:00:00,15847.0
2007-07-03 10:00:00,16447.0
2007-07-03 11:00:00,16782.0
2007-07-03 12:00:00,16863.0
2007-07-03 13:00:00,16947.0
2007-07-03 14:00:00,16911.0
2007-07-03 15:00:00,16761.0
2007-07-03 16:00:00,16711.0
2007-07-03 17:00:00,16562.0
2007-07-03 18:00:00,16081.0
2007-07-03 19:00:00,15510.0
2007-07-03 20:00:00,15405.0
2007-07-03 21:00:00,15033.0
2007-07-03 22:00:00,13853.0
2007-07-03 23:00:00,12595.0
2007-07-04 00:00:00,11497.0
2007-07-04 01:00:00,10828.0
2007-07-04 02:00:00,10423.0
2007-07-04 03:00:00,10207.0
2007-07-04 04:00:00,10174.0
2007-07-04 05:00:00,10142.0
2007-07-04 06:00:00,10641.0
2007-07-04 07:00:00,11580.0
2007-07-04 08:00:00,12864.0
2007-07-04 09:00:00,13922.0
2007-07-04 10:00:00,14587.0
2007-07-04 11:00:00,14920.0
2007-07-04 12:00:00,14959.0
2007-07-04 13:00:00,14725.0
2007-07-04 14:00:00,14385.0
2007-07-04 15:00:00,14117.0
2007-07-04 16:00:00,14029.0
2007-07-04 17:00:00,14076.0
2007-07-04 18:00:00,13992.0
2007-07-04 19:00:00,13991.0
2007-07-04 20:00:00,14198.0
2007-07-04 21:00:00,13805.0
2007-07-04 22:00:00,12972.0
2007-07-04 23:00:00,11924.0
2007-07-05 00:00:00,11096.0
2007-07-05 01:00:00,10576.0
2007-07-05 02:00:00,10354.0
2007-07-05 03:00:00,10315.0
2007-07-05 04:00:00,10557.0
2007-07-05 05:00:00,11359.0
2007-07-05 06:00:00,12775.0
2007-07-05 07:00:00,14454.0
2007-07-05 08:00:00,15749.0
2007-07-05 09:00:00,16744.0
2007-07-05 10:00:00,17527.0
2007-07-05 11:00:00,18063.0
2007-07-05 12:00:00,18391.0
2007-07-05 13:00:00,18724.0
2007-07-05 14:00:00,18963.0
2007-07-05 15:00:00,19055.0
2007-07-05 16:00:00,19070.0
2007-07-05 17:00:00,18890.0
2007-07-05 18:00:00,18403.0
2007-07-05 19:00:00,17936.0
2007-07-05 20:00:00,17904.0
2007-07-05 21:00:00,17366.0
2007-07-05 22:00:00,15809.0
2007-07-05 23:00:00,14180.0
2007-07-06 00:00:00,12955.0
2007-07-06 01:00:00,12236.0
2007-07-06 02:00:00,11809.0
2007-07-06 03:00:00,11621.0
2007-07-06 04:00:00,11755.0
2007-07-06 05:00:00,12394.0
2007-07-06 06:00:00,13787.0
2007-07-06 07:00:00,15576.0
2007-07-06 08:00:00,17118.0
2007-07-06 09:00:00,18315.0
2007-07-06 10:00:00,19241.0
2007-07-06 11:00:00,19741.0
2007-07-06 12:00:00,19942.0
2007-07-06 13:00:00,20101.0
2007-07-06 14:00:00,20071.0
2007-07-06 15:00:00,19697.0
2007-07-06 16:00:00,18894.0
2007-07-06 17:00:00,18196.0
2007-07-06 18:00:00,17436.0
2007-07-06 19:00:00,16786.0
2007-07-06 20:00:00,16650.0
2007-07-06 21:00:00,16284.0
2007-07-06 22:00:00,14994.0
2007-07-06 23:00:00,13467.0
2007-07-07 00:00:00,12261.0
2007-07-07 01:00:00,11517.0
2007-07-07 02:00:00,11031.0
2007-07-07 03:00:00,10761.0
2007-07-07 04:00:00,10703.0
2007-07-07 05:00:00,10704.0
2007-07-07 06:00:00,11326.0
2007-07-07 07:00:00,12469.0
2007-07-07 08:00:00,13784.0
2007-07-07 09:00:00,14911.0
2007-07-07 10:00:00,15746.0
2007-07-07 11:00:00,16265.0
2007-07-07 12:00:00,16515.0
2007-07-07 13:00:00,16587.0
2007-07-07 14:00:00,16618.0
2007-07-07 15:00:00,16706.0
2007-07-07 16:00:00,16867.0
2007-07-07 17:00:00,16907.0
2007-07-07 18:00:00,16607.0
2007-07-07 19:00:00,16214.0
2007-07-07 20:00:00,16255.0
2007-07-07 21:00:00,16052.0
2007-07-07 22:00:00,15035.0
2007-07-07 23:00:00,13792.0
2007-07-08 00:00:00,12682.0
2007-07-08 01:00:00,11915.0
2007-07-08 02:00:00,11434.0
2007-07-08 03:00:00,11152.0
2007-07-08 04:00:00,11037.0
2007-07-08 05:00:00,10940.0
2007-07-08 06:00:00,11317.0
2007-07-08 07:00:00,12404.0
2007-07-08 08:00:00,13896.0
2007-07-08 09:00:00,15273.0
2007-07-08 10:00:00,16441.0
2007-07-08 11:00:00,17275.0
2007-07-08 12:00:00,17899.0
2007-07-08 13:00:00,18301.0
2007-07-08 14:00:00,18525.0
2007-07-08 15:00:00,18617.0
2007-07-08 16:00:00,18683.0
2007-07-08 17:00:00,18602.0
2007-07-08 18:00:00,18264.0
2007-07-08 19:00:00,17880.0
2007-07-08 20:00:00,17844.0
2007-07-08 21:00:00,17369.0
2007-07-08 22:00:00,15904.0
2007-07-08 23:00:00,14363.0
2007-07-09 00:00:00,13214.0
2007-07-09 01:00:00,12552.0
2007-07-09 02:00:00,12146.0
2007-07-09 03:00:00,11944.0
2007-07-09 04:00:00,12121.0
2007-07-09 05:00:00,12843.0
2007-07-09 06:00:00,14373.0
2007-07-09 07:00:00,16132.0
2007-07-09 08:00:00,17393.0
2007-07-09 09:00:00,18215.0
2007-07-09 10:00:00,18916.0
2007-07-09 11:00:00,19534.0
2007-07-09 12:00:00,20056.0
2007-07-09 13:00:00,20671.0
2007-07-09 14:00:00,21152.0
2007-07-09 15:00:00,21453.0
2007-07-09 16:00:00,21525.0
2007-07-09 17:00:00,21307.0
2007-07-09 18:00:00,20698.0
2007-07-09 19:00:00,20089.0
2007-07-09 20:00:00,19873.0
2007-07-09 21:00:00,19000.0
2007-07-09 22:00:00,17107.0
2007-07-09 23:00:00,15239.0
2007-07-10 00:00:00,13893.0
2007-07-10 01:00:00,13120.0
2007-07-10 02:00:00,12659.0
2007-07-10 03:00:00,12422.0
2007-07-10 04:00:00,12552.0
2007-07-10 05:00:00,13241.0
2007-07-10 06:00:00,14856.0
2007-07-10 07:00:00,16752.0
2007-07-10 08:00:00,18172.0
2007-07-10 09:00:00,19396.0
2007-07-10 10:00:00,20564.0
2007-07-10 11:00:00,21444.0
2007-07-10 12:00:00,22111.0
2007-07-10 13:00:00,22811.0
2007-07-10 14:00:00,23163.0
2007-07-10 15:00:00,23205.0
2007-07-10 16:00:00,23075.0
2007-07-10 17:00:00,22619.0
2007-07-10 18:00:00,21841.0
2007-07-10 19:00:00,21134.0
2007-07-10 20:00:00,20987.0
2007-07-10 21:00:00,20228.0
2007-07-10 22:00:00,18311.0
2007-07-10 23:00:00,16389.0
2007-07-11 00:00:00,15014.0
2007-07-11 01:00:00,14219.0
2007-07-11 02:00:00,13787.0
2007-07-11 03:00:00,13597.0
2007-07-11 04:00:00,13728.0
2007-07-11 05:00:00,14489.0
2007-07-11 06:00:00,16140.0
2007-07-11 07:00:00,17891.0
2007-07-11 08:00:00,19059.0
2007-07-11 09:00:00,19923.0
2007-07-11 10:00:00,20715.0
2007-07-11 11:00:00,21485.0
2007-07-11 12:00:00,21981.0
2007-07-11 13:00:00,22413.0
2007-07-11 14:00:00,22554.0
2007-07-11 15:00:00,22521.0
2007-07-11 16:00:00,22394.0
2007-07-11 17:00:00,22031.0
2007-07-11 18:00:00,21417.0
2007-07-11 19:00:00,20913.0
2007-07-11 20:00:00,20775.0
2007-07-11 21:00:00,20050.0
2007-07-11 22:00:00,18217.0
2007-07-11 23:00:00,16386.0
2007-07-12 00:00:00,14975.0
2007-07-12 01:00:00,14064.0
2007-07-12 02:00:00,13490.0
2007-07-12 03:00:00,13149.0
2007-07-12 04:00:00,13163.0
2007-07-12 05:00:00,13678.0
2007-07-12 06:00:00,15020.0
2007-07-12 07:00:00,16647.0
2007-07-12 08:00:00,17716.0
2007-07-12 09:00:00,18472.0
2007-07-12 10:00:00,19100.0
2007-07-12 11:00:00,19504.0
2007-07-12 12:00:00,19747.0
2007-07-12 13:00:00,20087.0
2007-07-12 14:00:00,20330.0
2007-07-12 15:00:00,20399.0
2007-07-12 16:00:00,20447.0
2007-07-12 17:00:00,20181.0
2007-07-12 18:00:00,19595.0
2007-07-12 19:00:00,18895.0
2007-07-12 20:00:00,18626.0
2007-07-12 21:00:00,18173.0
2007-07-12 22:00:00,16456.0
2007-07-12 23:00:00,14553.0
2007-07-13 00:00:00,13187.0
2007-07-13 01:00:00,12332.0
2007-07-13 02:00:00,11834.0
2007-07-13 03:00:00,11594.0
2007-07-13 04:00:00,11697.0
2007-07-13 05:00:00,12214.0
2007-07-13 06:00:00,13694.0
2007-07-13 07:00:00,15575.0
2007-07-13 08:00:00,16984.0
2007-07-13 09:00:00,18039.0
2007-07-13 10:00:00,18872.0
2007-07-13 11:00:00,19390.0
2007-07-13 12:00:00,19602.0
2007-07-13 13:00:00,19784.0
2007-07-13 14:00:00,19837.0
2007-07-13 15:00:00,19666.0
2007-07-13 16:00:00,19422.0
2007-07-13 17:00:00,18847.0
2007-07-13 18:00:00,18133.0
2007-07-13 19:00:00,17544.0
2007-07-13 20:00:00,17452.0
2007-07-13 21:00:00,17136.0
2007-07-13 22:00:00,15824.0
2007-07-13 23:00:00,14298.0
2007-07-14 00:00:00,13063.0
2007-07-14 01:00:00,12276.0
2007-07-14 02:00:00,11767.0
2007-07-14 03:00:00,11450.0
2007-07-14 04:00:00,11349.0
2007-07-14 05:00:00,11362.0
2007-07-14 06:00:00,11978.0
2007-07-14 07:00:00,13240.0
2007-07-14 08:00:00,14710.0
2007-07-14 09:00:00,15917.0
2007-07-14 10:00:00,16656.0
2007-07-14 11:00:00,17074.0
2007-07-14 12:00:00,17240.0
2007-07-14 13:00:00,17245.0
2007-07-14 14:00:00,17268.0
2007-07-14 15:00:00,17288.0
2007-07-14 16:00:00,17332.0
2007-07-14 17:00:00,17305.0
2007-07-14 18:00:00,16988.0
2007-07-14 19:00:00,16537.0
2007-07-14 20:00:00,16558.0
2007-07-14 21:00:00,16440.0
2007-07-14 22:00:00,15347.0
2007-07-14 23:00:00,14113.0
2007-07-15 00:00:00,13027.0
2007-07-15 01:00:00,12293.0
2007-07-15 02:00:00,11844.0
2007-07-15 03:00:00,11567.0
2007-07-15 04:00:00,11449.0
2007-07-15 05:00:00,11376.0
2007-07-15 06:00:00,11744.0
2007-07-15 07:00:00,12825.0
2007-07-15 08:00:00,14323.0
2007-07-15 09:00:00,15784.0
2007-07-15 10:00:00,17031.0
2007-07-15 11:00:00,18027.0
2007-07-15 12:00:00,18708.0
2007-07-15 13:00:00,19021.0
2007-07-15 14:00:00,19113.0
2007-07-15 15:00:00,19144.0
2007-07-15 16:00:00,19053.0
2007-07-15 17:00:00,18790.0
2007-07-15 18:00:00,18369.0
2007-07-15 19:00:00,17994.0
2007-07-15 20:00:00,18128.0
2007-07-15 21:00:00,17653.0
2007-07-15 22:00:00,16247.0
2007-07-15 23:00:00,14683.0
2007-07-16 00:00:00,13636.0
2007-07-16 01:00:00,12909.0
2007-07-16 02:00:00,12521.0
2007-07-16 03:00:00,12316.0
2007-07-16 04:00:00,12388.0
2007-07-16 05:00:00,13035.0
2007-07-16 06:00:00,14522.0
2007-07-16 07:00:00,16287.0
2007-07-16 08:00:00,17531.0
2007-07-16 09:00:00,18420.0
2007-07-16 10:00:00,19121.0
2007-07-16 11:00:00,19638.0
2007-07-16 12:00:00,19963.0
2007-07-16 13:00:00,20356.0
2007-07-16 14:00:00,20588.0
2007-07-16 15:00:00,20648.0
2007-07-16 16:00:00,20700.0
2007-07-16 17:00:00,20493.0
2007-07-16 18:00:00,19919.0
2007-07-16 19:00:00,19316.0
2007-07-16 20:00:00,19187.0
2007-07-16 21:00:00,18591.0
2007-07-16 22:00:00,16747.0
2007-07-16 23:00:00,14866.0
2007-07-17 00:00:00,13523.0
2007-07-17 01:00:00,12724.0
2007-07-17 02:00:00,12243.0
2007-07-17 03:00:00,12015.0
2007-07-17 04:00:00,12148.0
2007-07-17 05:00:00,12775.0
2007-07-17 06:00:00,14296.0
2007-07-17 07:00:00,16134.0
2007-07-17 08:00:00,17330.0
2007-07-17 09:00:00,18238.0
2007-07-17 10:00:00,19071.0
2007-07-17 11:00:00,19751.0
2007-07-17 12:00:00,20232.0
2007-07-17 13:00:00,20735.0
2007-07-17 14:00:00,20992.0
2007-07-17 15:00:00,21156.0
2007-07-17 16:00:00,21255.0
2007-07-17 17:00:00,21073.0
2007-07-17 18:00:00,20534.0
2007-07-17 19:00:00,19856.0
2007-07-17 20:00:00,19725.0
2007-07-17 21:00:00,19112.0
2007-07-17 22:00:00,17285.0
2007-07-17 23:00:00,15382.0
2007-07-18 00:00:00,14067.0
2007-07-18 01:00:00,13261.0
2007-07-18 02:00:00,12795.0
2007-07-18 03:00:00,12586.0
2007-07-18 04:00:00,12766.0
2007-07-18 05:00:00,13566.0
2007-07-18 06:00:00,15059.0
2007-07-18 07:00:00,16785.0
2007-07-18 08:00:00,17804.0
2007-07-18 09:00:00,18469.0
2007-07-18 10:00:00,18900.0
2007-07-18 11:00:00,19052.0
2007-07-18 12:00:00,18981.0
2007-07-18 13:00:00,18922.0
2007-07-18 14:00:00,18729.0
2007-07-18 15:00:00,18552.0
2007-07-18 16:00:00,18516.0
2007-07-18 17:00:00,18500.0
2007-07-18 18:00:00,18280.0
2007-07-18 19:00:00,18082.0
2007-07-18 20:00:00,18125.0
2007-07-18 21:00:00,17507.0
2007-07-18 22:00:00,16027.0
2007-07-18 23:00:00,14509.0
2007-07-19 00:00:00,13348.0
2007-07-19 01:00:00,12670.0
2007-07-19 02:00:00,12303.0
2007-07-19 03:00:00,12113.0
2007-07-19 04:00:00,12282.0
2007-07-19 05:00:00,13005.0
2007-07-19 06:00:00,14554.0
2007-07-19 07:00:00,16421.0
2007-07-19 08:00:00,17648.0
2007-07-19 09:00:00,18569.0
2007-07-19 10:00:00,19386.0
2007-07-19 11:00:00,19983.0
2007-07-19 12:00:00,20302.0
2007-07-19 13:00:00,20500.0
2007-07-19 14:00:00,20369.0
2007-07-19 15:00:00,19921.0
2007-07-19 16:00:00,19598.0
2007-07-19 17:00:00,19368.0
2007-07-19 18:00:00,19010.0
2007-07-19 19:00:00,18727.0
2007-07-19 20:00:00,18790.0
2007-07-19 21:00:00,18187.0
2007-07-19 22:00:00,16675.0
2007-07-19 23:00:00,14996.0
2007-07-20 00:00:00,13833.0
2007-07-20 01:00:00,13130.0
2007-07-20 02:00:00,12759.0
2007-07-20 03:00:00,12601.0
2007-07-20 04:00:00,12801.0
2007-07-20 05:00:00,13602.0
2007-07-20 06:00:00,15155.0
2007-07-20 07:00:00,16980.0
2007-07-20 08:00:00,18260.0
2007-07-20 09:00:00,19212.0
2007-07-20 10:00:00,20001.0
2007-07-20 11:00:00,20388.0
2007-07-20 12:00:00,20520.0
2007-07-20 13:00:00,20682.0
2007-07-20 14:00:00,20611.0
2007-07-20 15:00:00,20411.0
2007-07-20 16:00:00,20155.0
2007-07-20 17:00:00,19612.0
2007-07-20 18:00:00,18776.0
2007-07-20 19:00:00,17913.0
2007-07-20 20:00:00,17638.0
2007-07-20 21:00:00,17053.0
2007-07-20 22:00:00,15606.0
2007-07-20 23:00:00,14000.0
2007-07-21 00:00:00,12772.0
2007-07-21 01:00:00,11959.0
2007-07-21 02:00:00,11462.0
2007-07-21 03:00:00,11191.0
2007-07-21 04:00:00,11115.0
2007-07-21 05:00:00,11174.0
2007-07-21 06:00:00,11712.0
2007-07-21 07:00:00,12861.0
2007-07-21 08:00:00,14237.0
2007-07-21 09:00:00,15270.0
2007-07-21 10:00:00,15872.0
2007-07-21 11:00:00,16118.0
2007-07-21 12:00:00,16136.0
2007-07-21 13:00:00,16084.0
2007-07-21 14:00:00,16073.0
2007-07-21 15:00:00,16121.0
2007-07-21 16:00:00,16288.0
2007-07-21 17:00:00,16360.0
2007-07-21 18:00:00,16140.0
2007-07-21 19:00:00,15811.0
2007-07-21 20:00:00,15937.0
2007-07-21 21:00:00,15775.0
2007-07-21 22:00:00,14644.0
2007-07-21 23:00:00,13355.0
2007-07-22 00:00:00,12229.0
2007-07-22 01:00:00,11535.0
2007-07-22 02:00:00,11083.0
2007-07-22 03:00:00,10789.0
2007-07-22 04:00:00,10659.0
2007-07-22 05:00:00,10554.0
2007-07-22 06:00:00,10809.0
2007-07-22 07:00:00,11798.0
2007-07-22 08:00:00,13047.0
2007-07-22 09:00:00,14150.0
2007-07-22 10:00:00,14966.0
2007-07-22 11:00:00,15603.0
2007-07-22 12:00:00,15982.0
2007-07-22 13:00:00,16125.0
2007-07-22 14:00:00,16177.0
2007-07-22 15:00:00,16290.0
2007-07-22 16:00:00,16497.0
2007-07-22 17:00:00,16675.0
2007-07-22 18:00:00,16457.0
2007-07-22 19:00:00,16081.0
2007-07-22 20:00:00,16265.0
2007-07-22 21:00:00,16008.0
2007-07-22 22:00:00,14659.0
2007-07-22 23:00:00,13206.0
2007-07-23 00:00:00,12189.0
2007-07-23 01:00:00,11539.0
2007-07-23 02:00:00,11182.0
2007-07-23 03:00:00,11075.0
2007-07-23 04:00:00,11319.0
2007-07-23 05:00:00,12133.0
2007-07-23 06:00:00,13588.0
2007-07-23 07:00:00,15271.0
2007-07-23 08:00:00,16327.0
2007-07-23 09:00:00,17021.0
2007-07-23 10:00:00,17544.0
2007-07-23 11:00:00,17807.0
2007-07-23 12:00:00,17814.0
2007-07-23 13:00:00,17833.0
2007-07-23 14:00:00,17707.0
2007-07-23 15:00:00,17506.0
2007-07-23 16:00:00,17476.0
2007-07-23 17:00:00,17507.0
2007-07-23 18:00:00,17335.0
2007-07-23 19:00:00,17154.0
2007-07-23 20:00:00,17134.0
2007-07-23 21:00:00,16332.0
2007-07-23 22:00:00,14781.0
2007-07-23 23:00:00,13355.0
2007-07-24 00:00:00,12291.0
2007-07-24 01:00:00,11655.0
2007-07-24 02:00:00,11326.0
2007-07-24 03:00:00,11215.0
2007-07-24 04:00:00,11447.0
2007-07-24 05:00:00,12259.0
2007-07-24 06:00:00,13737.0
2007-07-24 07:00:00,15451.0
2007-07-24 08:00:00,16565.0
2007-07-24 09:00:00,17372.0
2007-07-24 10:00:00,18069.0
2007-07-24 11:00:00,18572.0
2007-07-24 12:00:00,18908.0
2007-07-24 13:00:00,19330.0
2007-07-24 14:00:00,19578.0
2007-07-24 15:00:00,19705.0
2007-07-24 16:00:00,19809.0
2007-07-24 17:00:00,19706.0
2007-07-24 18:00:00,19231.0
2007-07-24 19:00:00,18635.0
2007-07-24 20:00:00,18615.0
2007-07-24 21:00:00,18078.0
2007-07-24 22:00:00,16329.0
2007-07-24 23:00:00,14558.0
2007-07-25 00:00:00,13273.0
2007-07-25 01:00:00,12481.0
2007-07-25 02:00:00,12013.0
2007-07-25 03:00:00,11795.0
2007-07-25 04:00:00,11902.0
2007-07-25 05:00:00,12599.0
2007-07-25 06:00:00,14143.0
2007-07-25 07:00:00,16076.0
2007-07-25 08:00:00,17539.0
2007-07-25 09:00:00,18681.0
2007-07-25 10:00:00,19697.0
2007-07-25 11:00:00,20430.0
2007-07-25 12:00:00,20927.0
2007-07-25 13:00:00,21468.0
2007-07-25 14:00:00,21794.0
2007-07-25 15:00:00,21975.0
2007-07-25 16:00:00,22106.0
2007-07-25 17:00:00,21905.0
2007-07-25 18:00:00,21261.0
2007-07-25 19:00:00,20509.0
2007-07-25 20:00:00,20373.0
2007-07-25 21:00:00,19669.0
2007-07-25 22:00:00,17696.0
2007-07-25 23:00:00,15731.0
2007-07-26 00:00:00,14241.0
2007-07-26 01:00:00,13338.0
2007-07-26 02:00:00,12777.0
2007-07-26 03:00:00,12500.0
2007-07-26 04:00:00,12571.0
2007-07-26 05:00:00,13191.0
2007-07-26 06:00:00,14728.0
2007-07-26 07:00:00,16707.0
2007-07-26 08:00:00,18287.0
2007-07-26 09:00:00,19601.0
2007-07-26 10:00:00,20800.0
2007-07-26 11:00:00,21680.0
2007-07-26 12:00:00,22278.0
2007-07-26 13:00:00,22898.0
2007-07-26 14:00:00,23262.0
2007-07-26 15:00:00,23483.0
2007-07-26 16:00:00,23594.0
2007-07-26 17:00:00,23348.0
2007-07-26 18:00:00,22677.0
2007-07-26 19:00:00,21923.0
2007-07-26 20:00:00,21837.0
2007-07-26 21:00:00,21122.0
2007-07-26 22:00:00,19180.0
2007-07-26 23:00:00,17173.0
2007-07-27 00:00:00,15666.0
2007-07-27 01:00:00,14746.0
2007-07-27 02:00:00,14180.0
2007-07-27 03:00:00,13915.0
2007-07-27 04:00:00,14005.0
2007-07-27 05:00:00,14692.0
2007-07-27 06:00:00,16230.0
2007-07-27 07:00:00,18136.0
2007-07-27 08:00:00,19750.0
2007-07-27 09:00:00,21065.0
2007-07-27 10:00:00,22268.0
2007-07-27 11:00:00,23078.0
2007-07-27 12:00:00,23548.0
2007-07-27 13:00:00,23929.0
2007-07-27 14:00:00,24000.0
2007-07-27 15:00:00,23870.0
2007-07-27 16:00:00,23772.0
2007-07-27 17:00:00,23341.0
2007-07-27 18:00:00,22441.0
2007-07-27 19:00:00,21529.0
2007-07-27 20:00:00,21338.0
2007-07-27 21:00:00,20625.0
2007-07-27 22:00:00,18963.0
2007-07-27 23:00:00,17220.0
2007-07-28 00:00:00,15753.0
2007-07-28 01:00:00,14842.0
2007-07-28 02:00:00,14207.0
2007-07-28 03:00:00,13846.0
2007-07-28 04:00:00,13733.0
2007-07-28 05:00:00,13868.0
2007-07-28 06:00:00,14479.0
2007-07-28 07:00:00,15682.0
2007-07-28 08:00:00,17099.0
2007-07-28 09:00:00,18411.0
2007-07-28 10:00:00,19325.0
2007-07-28 11:00:00,19921.0
2007-07-28 12:00:00,20091.0
2007-07-28 13:00:00,19884.0
2007-07-28 14:00:00,19744.0
2007-07-28 15:00:00,19650.0
2007-07-28 16:00:00,19504.0
2007-07-28 17:00:00,19345.0
2007-07-28 18:00:00,18985.0
2007-07-28 19:00:00,18551.0
2007-07-28 20:00:00,18676.0
2007-07-28 21:00:00,18280.0
2007-07-28 22:00:00,17039.0
2007-07-28 23:00:00,15625.0
2007-07-29 00:00:00,14402.0
2007-07-29 01:00:00,13564.0
2007-07-29 02:00:00,13023.0
2007-07-29 03:00:00,12677.0
2007-07-29 04:00:00,12525.0
2007-07-29 05:00:00,12515.0
2007-07-29 06:00:00,12771.0
2007-07-29 07:00:00,13775.0
2007-07-29 08:00:00,15245.0
2007-07-29 09:00:00,16715.0
2007-07-29 10:00:00,17997.0
2007-07-29 11:00:00,18982.0
2007-07-29 12:00:00,19607.0
2007-07-29 13:00:00,19813.0
2007-07-29 14:00:00,19690.0
2007-07-29 15:00:00,19545.0
2007-07-29 16:00:00,19512.0
2007-07-29 17:00:00,19418.0
2007-07-29 18:00:00,19138.0
2007-07-29 19:00:00,18853.0
2007-07-29 20:00:00,19035.0
2007-07-29 21:00:00,18450.0
2007-07-29 22:00:00,16971.0
2007-07-29 23:00:00,15405.0
2007-07-30 00:00:00,14244.0
2007-07-30 01:00:00,13550.0
2007-07-30 02:00:00,13128.0
2007-07-30 03:00:00,12986.0
2007-07-30 04:00:00,13202.0
2007-07-30 05:00:00,13996.0
2007-07-30 06:00:00,15524.0
2007-07-30 07:00:00,17187.0
2007-07-30 08:00:00,18485.0
2007-07-30 09:00:00,19627.0
2007-07-30 10:00:00,20735.0
2007-07-30 11:00:00,21524.0
2007-07-30 12:00:00,22058.0
2007-07-30 13:00:00,22475.0
2007-07-30 14:00:00,22621.0
2007-07-30 15:00:00,22600.0
2007-07-30 16:00:00,22472.0
2007-07-30 17:00:00,22148.0
2007-07-30 18:00:00,21521.0
2007-07-30 19:00:00,20888.0
2007-07-30 20:00:00,20881.0
2007-07-30 21:00:00,19994.0
2007-07-30 22:00:00,18063.0
2007-07-30 23:00:00,16118.0
2007-07-31 00:00:00,14709.0
2007-07-31 01:00:00,13842.0
2007-07-31 02:00:00,13331.0
2007-07-31 03:00:00,13072.0
2007-07-31 04:00:00,13180.0
2007-07-31 05:00:00,13904.0
2007-07-31 06:00:00,15318.0
2007-07-31 07:00:00,17120.0
2007-07-31 08:00:00,18481.0
2007-07-31 09:00:00,19562.0
2007-07-31 10:00:00,20588.0
2007-07-31 11:00:00,21398.0
2007-07-31 12:00:00,21921.0
2007-07-31 13:00:00,22406.0
2007-07-31 14:00:00,22624.0
2007-07-31 15:00:00,22704.0
2007-07-31 16:00:00,22839.0
2007-07-31 17:00:00,22676.0
2007-07-31 18:00:00,22040.0
2007-07-31 19:00:00,21314.0
2007-07-31 20:00:00,21265.0
2007-07-31 21:00:00,20361.0
2007-07-31 22:00:00,18408.0
2007-07-31 23:00:00,16407.0
2007-08-01 00:00:00,14972.0
2007-08-01 01:00:00,14029.0
2007-08-01 02:00:00,13487.0
2007-08-01 03:00:00,13201.0
2007-08-01 04:00:00,13275.0
2007-08-01 05:00:00,13934.0
2007-08-01 06:00:00,15381.0
2007-08-01 07:00:00,17359.0
2007-08-01 08:00:00,18925.0
2007-08-01 09:00:00,20174.0
2007-08-01 10:00:00,21170.0
2007-08-01 11:00:00,22032.0
2007-08-01 12:00:00,22528.0
2007-08-01 13:00:00,23045.0
2007-08-01 14:00:00,23261.0
2007-08-01 15:00:00,23413.0
2007-08-01 16:00:00,23452.0
2007-08-01 17:00:00,23158.0
2007-08-01 18:00:00,22470.0
2007-08-01 19:00:00,21665.0
2007-08-01 20:00:00,21555.0
2007-08-01 21:00:00,20619.0
2007-08-01 22:00:00,18582.0
2007-08-01 23:00:00,16553.0
2007-08-02 00:00:00,15009.0
2007-08-02 01:00:00,14090.0
2007-08-02 02:00:00,13514.0
2007-08-02 03:00:00,13222.0
2007-08-02 04:00:00,13286.0
2007-08-02 05:00:00,13963.0
2007-08-02 06:00:00,15459.0
2007-08-02 07:00:00,17500.0
2007-08-02 08:00:00,19247.0
2007-08-02 09:00:00,20788.0
2007-08-02 10:00:00,22224.0
2007-08-02 11:00:00,23331.0
2007-08-02 12:00:00,24130.0
2007-08-02 13:00:00,24859.0
2007-08-02 14:00:00,25232.0
2007-08-02 15:00:00,25429.0
2007-08-02 16:00:00,25487.0
2007-08-02 17:00:00,25245.0
2007-08-02 18:00:00,24601.0
2007-08-02 19:00:00,23851.0
2007-08-02 20:00:00,23777.0
2007-08-02 21:00:00,22805.0
2007-08-02 22:00:00,20600.0
2007-08-02 23:00:00,18451.0
2007-08-03 00:00:00,16832.0
2007-08-03 01:00:00,15802.0
2007-08-03 02:00:00,15107.0
2007-08-03 03:00:00,14715.0
2007-08-03 04:00:00,14714.0
2007-08-03 05:00:00,15308.0
2007-08-03 06:00:00,16696.0
2007-08-03 07:00:00,18764.0
2007-08-03 08:00:00,20571.0
2007-08-03 09:00:00,22152.0
2007-08-03 10:00:00,23496.0
2007-08-03 11:00:00,24498.0
2007-08-03 12:00:00,25119.0
2007-08-03 13:00:00,25588.0
2007-08-03 14:00:00,25785.0
2007-08-03 15:00:00,25732.0
2007-08-03 16:00:00,25527.0
2007-08-03 17:00:00,24981.0
2007-08-03 18:00:00,24016.0
2007-08-03 19:00:00,23187.0
2007-08-03 20:00:00,22930.0
2007-08-03 21:00:00,21740.0
2007-08-03 22:00:00,19774.0
2007-08-03 23:00:00,17832.0
2007-08-04 00:00:00,16345.0
2007-08-04 01:00:00,15392.0
2007-08-04 02:00:00,14705.0
2007-08-04 03:00:00,14307.0
2007-08-04 04:00:00,14103.0
2007-08-04 05:00:00,14206.0
2007-08-04 06:00:00,14637.0
2007-08-04 07:00:00,16000.0
2007-08-04 08:00:00,17747.0
2007-08-04 09:00:00,19299.0
2007-08-04 10:00:00,20556.0
2007-08-04 11:00:00,21411.0
2007-08-04 12:00:00,21843.0
2007-08-04 13:00:00,21923.0
2007-08-04 14:00:00,21925.0
2007-08-04 15:00:00,21948.0
2007-08-04 16:00:00,21929.0
2007-08-04 17:00:00,21707.0
2007-08-04 18:00:00,21060.0
2007-08-04 19:00:00,20132.0
2007-08-04 20:00:00,19877.0
2007-08-04 21:00:00,19113.0
2007-08-04 22:00:00,17516.0
2007-08-04 23:00:00,15836.0
2007-08-05 00:00:00,14433.0
2007-08-05 01:00:00,13482.0
2007-08-05 02:00:00,12751.0
2007-08-05 03:00:00,12277.0
2007-08-05 04:00:00,12005.0
2007-08-05 05:00:00,11826.0
2007-08-05 06:00:00,11941.0
2007-08-05 07:00:00,12907.0
2007-08-05 08:00:00,14171.0
2007-08-05 09:00:00,15203.0
2007-08-05 10:00:00,15945.0
2007-08-05 11:00:00,16405.0
2007-08-05 12:00:00,16691.0
2007-08-05 13:00:00,16836.0
2007-08-05 14:00:00,16994.0
2007-08-05 15:00:00,17206.0
2007-08-05 16:00:00,17491.0
2007-08-05 17:00:00,17737.0
2007-08-05 18:00:00,17482.0
2007-08-05 19:00:00,17020.0
2007-08-05 20:00:00,17233.0
2007-08-05 21:00:00,16663.0
2007-08-05 22:00:00,15280.0
2007-08-05 23:00:00,13809.0
2007-08-06 00:00:00,12832.0
2007-08-06 01:00:00,12214.0
2007-08-06 02:00:00,11902.0
2007-08-06 03:00:00,11775.0
2007-08-06 04:00:00,12039.0
2007-08-06 05:00:00,12884.0
2007-08-06 06:00:00,14373.0
2007-08-06 07:00:00,16184.0
2007-08-06 08:00:00,17511.0
2007-08-06 09:00:00,18511.0
2007-08-06 10:00:00,19241.0
2007-08-06 11:00:00,19641.0
2007-08-06 12:00:00,19795.0
2007-08-06 13:00:00,20028.0
2007-08-06 14:00:00,20024.0
2007-08-06 15:00:00,19961.0
2007-08-06 16:00:00,20009.0
2007-08-06 17:00:00,20053.0
2007-08-06 18:00:00,19831.0
2007-08-06 19:00:00,19635.0
2007-08-06 20:00:00,19937.0
2007-08-06 21:00:00,19101.0
2007-08-06 22:00:00,17435.0
2007-08-06 23:00:00,15711.0
2007-08-07 00:00:00,14494.0
2007-08-07 01:00:00,13757.0
2007-08-07 02:00:00,13297.0
2007-08-07 03:00:00,13076.0
2007-08-07 04:00:00,13238.0
2007-08-07 05:00:00,14044.0
2007-08-07 06:00:00,15541.0
2007-08-07 07:00:00,17376.0
2007-08-07 08:00:00,18777.0
2007-08-07 09:00:00,19997.0
2007-08-07 10:00:00,21103.0
2007-08-07 11:00:00,21895.0
2007-08-07 12:00:00,22406.0
2007-08-07 13:00:00,22940.0
2007-08-07 14:00:00,23177.0
2007-08-07 15:00:00,23013.0
2007-08-07 16:00:00,22727.0
2007-08-07 17:00:00,22242.0
2007-08-07 18:00:00,21560.0
2007-08-07 19:00:00,21167.0
2007-08-07 20:00:00,21256.0
2007-08-07 21:00:00,20197.0
2007-08-07 22:00:00,18331.0
2007-08-07 23:00:00,16500.0
2007-08-08 00:00:00,15159.0
2007-08-08 01:00:00,14397.0
2007-08-08 02:00:00,13944.0
2007-08-08 03:00:00,13769.0
2007-08-08 04:00:00,13962.0
2007-08-08 05:00:00,14860.0
2007-08-08 06:00:00,16418.0
2007-08-08 07:00:00,18082.0
2007-08-08 08:00:00,19260.0
2007-08-08 09:00:00,20221.0
2007-08-08 10:00:00,21206.0
2007-08-08 11:00:00,21815.0
2007-08-08 12:00:00,22404.0
2007-08-08 13:00:00,23207.0
2007-08-08 14:00:00,23810.0
2007-08-08 15:00:00,24251.0
2007-08-08 16:00:00,24519.0
2007-08-08 17:00:00,24387.0
2007-08-08 18:00:00,23724.0
2007-08-08 19:00:00,22704.0
2007-08-08 20:00:00,22612.0
2007-08-08 21:00:00,21449.0
2007-08-08 22:00:00,19345.0
2007-08-08 23:00:00,17184.0
2007-08-09 00:00:00,15556.0
2007-08-09 01:00:00,14471.0
2007-08-09 02:00:00,13724.0
2007-08-09 03:00:00,13236.0
2007-08-09 04:00:00,13148.0
2007-08-09 05:00:00,13704.0
2007-08-09 06:00:00,14862.0
2007-08-09 07:00:00,16498.0
2007-08-09 08:00:00,17693.0
2007-08-09 09:00:00,18478.0
2007-08-09 10:00:00,19069.0
2007-08-09 11:00:00,19459.0
2007-08-09 12:00:00,19630.0
2007-08-09 13:00:00,19890.0
2007-08-09 14:00:00,19977.0
2007-08-09 15:00:00,19939.0
2007-08-09 16:00:00,19826.0
2007-08-09 17:00:00,19374.0
2007-08-09 18:00:00,18596.0
2007-08-09 19:00:00,18093.0
2007-08-09 20:00:00,18293.0
2007-08-09 21:00:00,17419.0
2007-08-09 22:00:00,15824.0
2007-08-09 23:00:00,14196.0
2007-08-10 00:00:00,13021.0
2007-08-10 01:00:00,12365.0
2007-08-10 02:00:00,11954.0
2007-08-10 03:00:00,11796.0
2007-08-10 04:00:00,11953.0
2007-08-10 05:00:00,12706.0
2007-08-10 06:00:00,13995.0
2007-08-10 07:00:00,15475.0
2007-08-10 08:00:00,16487.0
2007-08-10 09:00:00,17030.0
2007-08-10 10:00:00,17332.0
2007-08-10 11:00:00,17276.0
2007-08-10 12:00:00,17016.0
2007-08-10 13:00:00,16853.0
2007-08-10 14:00:00,16566.0
2007-08-10 15:00:00,16253.0
2007-08-10 16:00:00,16030.0
2007-08-10 17:00:00,15837.0
2007-08-10 18:00:00,15491.0
2007-08-10 19:00:00,15296.0
2007-08-10 20:00:00,15567.0
2007-08-10 21:00:00,14905.0
2007-08-10 22:00:00,13692.0
2007-08-10 23:00:00,12370.0
2007-08-11 00:00:00,11328.0
2007-08-11 01:00:00,10765.0
2007-08-11 02:00:00,10402.0
2007-08-11 03:00:00,10180.0
2007-08-11 04:00:00,10189.0
2007-08-11 05:00:00,10398.0
2007-08-11 06:00:00,10854.0
2007-08-11 07:00:00,11967.0
2007-08-11 08:00:00,13252.0
2007-08-11 09:00:00,14308.0
2007-08-11 10:00:00,14956.0
2007-08-11 11:00:00,15316.0
2007-08-11 12:00:00,15438.0
2007-08-11 13:00:00,15539.0
2007-08-11 14:00:00,15694.0
2007-08-11 15:00:00,15913.0
2007-08-11 16:00:00,16201.0
2007-08-11 17:00:00,16346.0
2007-08-11 18:00:00,16205.0
2007-08-11 19:00:00,16031.0
2007-08-11 20:00:00,16476.0
2007-08-11 21:00:00,16031.0
2007-08-11 22:00:00,14934.0
2007-08-11 23:00:00,13651.0
2007-08-12 00:00:00,12541.0
2007-08-12 01:00:00,11805.0
2007-08-12 02:00:00,11354.0
2007-08-12 03:00:00,11077.0
2007-08-12 04:00:00,10966.0
2007-08-12 05:00:00,10960.0
2007-08-12 06:00:00,11128.0
2007-08-12 07:00:00,12096.0
2007-08-12 08:00:00,13523.0
2007-08-12 09:00:00,14880.0
2007-08-12 10:00:00,15926.0
2007-08-12 11:00:00,16767.0
2007-08-12 12:00:00,17331.0
2007-08-12 13:00:00,17670.0
2007-08-12 14:00:00,17919.0
2007-08-12 15:00:00,18257.0
2007-08-12 16:00:00,18601.0
2007-08-12 17:00:00,18767.0
2007-08-12 18:00:00,18558.0
2007-08-12 19:00:00,18318.0
2007-08-12 20:00:00,18720.0
2007-08-12 21:00:00,17967.0
2007-08-12 22:00:00,16433.0
2007-08-12 23:00:00,14937.0
2007-08-13 00:00:00,13753.0
2007-08-13 01:00:00,13042.0
2007-08-13 02:00:00,12624.0
2007-08-13 03:00:00,12472.0
2007-08-13 04:00:00,12683.0
2007-08-13 05:00:00,13560.0
2007-08-13 06:00:00,14928.0
2007-08-13 07:00:00,16575.0
2007-08-13 08:00:00,17716.0
2007-08-13 09:00:00,18615.0
2007-08-13 10:00:00,19463.0
2007-08-13 11:00:00,20140.0
2007-08-13 12:00:00,20563.0
2007-08-13 13:00:00,21076.0
2007-08-13 14:00:00,21302.0
2007-08-13 15:00:00,21411.0
2007-08-13 16:00:00,21169.0
2007-08-13 17:00:00,20715.0
2007-08-13 18:00:00,20073.0
2007-08-13 19:00:00,19543.0
2007-08-13 20:00:00,19630.0
2007-08-13 21:00:00,18475.0
2007-08-13 22:00:00,16462.0
2007-08-13 23:00:00,14484.0
2007-08-14 00:00:00,13046.0
2007-08-14 01:00:00,12242.0
2007-08-14 02:00:00,11730.0
2007-08-14 03:00:00,11470.0
2007-08-14 04:00:00,11563.0
2007-08-14 05:00:00,12233.0
2007-08-14 06:00:00,13505.0
2007-08-14 07:00:00,15176.0
2007-08-14 08:00:00,16387.0
2007-08-14 09:00:00,17277.0
2007-08-14 10:00:00,17962.0
2007-08-14 11:00:00,18386.0
2007-08-14 12:00:00,18549.0
2007-08-14 13:00:00,18767.0
2007-08-14 14:00:00,18886.0
2007-08-14 15:00:00,18872.0
2007-08-14 16:00:00,18869.0
2007-08-14 17:00:00,18656.0
2007-08-14 18:00:00,18086.0
2007-08-14 19:00:00,17596.0
2007-08-14 20:00:00,17824.0
2007-08-14 21:00:00,16828.0
2007-08-14 22:00:00,15092.0
2007-08-14 23:00:00,13546.0
2007-08-15 00:00:00,12398.0
2007-08-15 01:00:00,11708.0
2007-08-15 02:00:00,11341.0
2007-08-15 03:00:00,11200.0
2007-08-15 04:00:00,11363.0
2007-08-15 05:00:00,12188.0
2007-08-15 06:00:00,13514.0
2007-08-15 07:00:00,15145.0
2007-08-15 08:00:00,16476.0
2007-08-15 09:00:00,17469.0
2007-08-15 10:00:00,18301.0
2007-08-15 11:00:00,18865.0
2007-08-15 12:00:00,19014.0
2007-08-15 13:00:00,19328.0
2007-08-15 14:00:00,19500.0
2007-08-15 15:00:00,19456.0
2007-08-15 16:00:00,19547.0
2007-08-15 17:00:00,19700.0
2007-08-15 18:00:00,19346.0
2007-08-15 19:00:00,19079.0
2007-08-15 20:00:00,19408.0
2007-08-15 21:00:00,18489.0
2007-08-15 22:00:00,16797.0
2007-08-15 23:00:00,15082.0
2007-08-16 00:00:00,13746.0
2007-08-16 01:00:00,13012.0
2007-08-16 02:00:00,12516.0
2007-08-16 03:00:00,12282.0
2007-08-16 04:00:00,12394.0
2007-08-16 05:00:00,13199.0
2007-08-16 06:00:00,14532.0
2007-08-16 07:00:00,16111.0
2007-08-16 08:00:00,17372.0
2007-08-16 09:00:00,18414.0
2007-08-16 10:00:00,19346.0
2007-08-16 11:00:00,20007.0
2007-08-16 12:00:00,20482.0
2007-08-16 13:00:00,20985.0
2007-08-16 14:00:00,21407.0
2007-08-16 15:00:00,21669.0
2007-08-16 16:00:00,21778.0
2007-08-16 17:00:00,21655.0
2007-08-16 18:00:00,21185.0
2007-08-16 19:00:00,20961.0
2007-08-16 20:00:00,21131.0
2007-08-16 21:00:00,20074.0
2007-08-16 22:00:00,18336.0
2007-08-16 23:00:00,16523.0
2007-08-17 00:00:00,15180.0
2007-08-17 01:00:00,14329.0
2007-08-17 02:00:00,13774.0
2007-08-17 03:00:00,13502.0
2007-08-17 04:00:00,13593.0
2007-08-17 05:00:00,14366.0
2007-08-17 06:00:00,15673.0
2007-08-17 07:00:00,17132.0
2007-08-17 08:00:00,18182.0
2007-08-17 09:00:00,18868.0
2007-08-17 10:00:00,19366.0
2007-08-17 11:00:00,19589.0
2007-08-17 12:00:00,19617.0
2007-08-17 13:00:00,19656.0
2007-08-17 14:00:00,19530.0
2007-08-17 15:00:00,19365.0
2007-08-17 16:00:00,19104.0
2007-08-17 17:00:00,18656.0
2007-08-17 18:00:00,18009.0
2007-08-17 19:00:00,17681.0
2007-08-17 20:00:00,17706.0
2007-08-17 21:00:00,16802.0
2007-08-17 22:00:00,15457.0
2007-08-17 23:00:00,13877.0
2007-08-18 00:00:00,12613.0
2007-08-18 01:00:00,11686.0
2007-08-18 02:00:00,11213.0
2007-08-18 03:00:00,10918.0
2007-08-18 04:00:00,10833.0
2007-08-18 05:00:00,10999.0
2007-08-18 06:00:00,11374.0
2007-08-18 07:00:00,12422.0
2007-08-18 08:00:00,13622.0
2007-08-18 09:00:00,14457.0
2007-08-18 10:00:00,14884.0
2007-08-18 11:00:00,14937.0
2007-08-18 12:00:00,14787.0
2007-08-18 13:00:00,14614.0
2007-08-18 14:00:00,14461.0
2007-08-18 15:00:00,14386.0
2007-08-18 16:00:00,14448.0
2007-08-18 17:00:00,14522.0
2007-08-18 18:00:00,14354.0
2007-08-18 19:00:00,14318.0
2007-08-18 20:00:00,14714.0
2007-08-18 21:00:00,14094.0
2007-08-18 22:00:00,13097.0
2007-08-18 23:00:00,11993.0
2007-08-19 00:00:00,11057.0
2007-08-19 01:00:00,10504.0
2007-08-19 02:00:00,10139.0
2007-08-19 03:00:00,9944.0
2007-08-19 04:00:00,9903.0
2007-08-19 05:00:00,9982.0
2007-08-19 06:00:00,10161.0
2007-08-19 07:00:00,10916.0
2007-08-19 08:00:00,12063.0
2007-08-19 09:00:00,13004.0
2007-08-19 10:00:00,13631.0
2007-08-19 11:00:00,14030.0
2007-08-19 12:00:00,14194.0
2007-08-19 13:00:00,14162.0
2007-08-19 14:00:00,14099.0
2007-08-19 15:00:00,14058.0
2007-08-19 16:00:00,14188.0
2007-08-19 17:00:00,14398.0
2007-08-19 18:00:00,14416.0
2007-08-19 19:00:00,14576.0
2007-08-19 20:00:00,15033.0
2007-08-19 21:00:00,14318.0
2007-08-19 22:00:00,13096.0
2007-08-19 23:00:00,11861.0
2007-08-20 00:00:00,11062.0
2007-08-20 01:00:00,10576.0
2007-08-20 02:00:00,10321.0
2007-08-20 03:00:00,10273.0
2007-08-20 04:00:00,10528.0
2007-08-20 05:00:00,11316.0
2007-08-20 06:00:00,12599.0
2007-08-20 07:00:00,14149.0
2007-08-20 08:00:00,15299.0
2007-08-20 09:00:00,16118.0
2007-08-20 10:00:00,16675.0
2007-08-20 11:00:00,16999.0
2007-08-20 12:00:00,17075.0
2007-08-20 13:00:00,17056.0
2007-08-20 14:00:00,16848.0
2007-08-20 15:00:00,16556.0
2007-08-20 16:00:00,16439.0
2007-08-20 17:00:00,16370.0
2007-08-20 18:00:00,16197.0
2007-08-20 19:00:00,16294.0
2007-08-20 20:00:00,16329.0
2007-08-20 21:00:00,15280.0
2007-08-20 22:00:00,13702.0
2007-08-20 23:00:00,12367.0
2007-08-21 00:00:00,11427.0
2007-08-21 01:00:00,10848.0
2007-08-21 02:00:00,10527.0
2007-08-21 03:00:00,10423.0
2007-08-21 04:00:00,10649.0
2007-08-21 05:00:00,11487.0
2007-08-21 06:00:00,12783.0
2007-08-21 07:00:00,14319.0
2007-08-21 08:00:00,15387.0
2007-08-21 09:00:00,16098.0
2007-08-21 10:00:00,16545.0
2007-08-21 11:00:00,16762.0
2007-08-21 12:00:00,16752.0
2007-08-21 13:00:00,16734.0
2007-08-21 14:00:00,16574.0
2007-08-21 15:00:00,16347.0
2007-08-21 16:00:00,16194.0
2007-08-21 17:00:00,16106.0
2007-08-21 18:00:00,15856.0
2007-08-21 19:00:00,15852.0
2007-08-21 20:00:00,16113.0
2007-08-21 21:00:00,15161.0
2007-08-21 22:00:00,13657.0
2007-08-21 23:00:00,12185.0
2007-08-22 00:00:00,11277.0
2007-08-22 01:00:00,10745.0
2007-08-22 02:00:00,10432.0
2007-08-22 03:00:00,10343.0
2007-08-22 04:00:00,10586.0
2007-08-22 05:00:00,11437.0
2007-08-22 06:00:00,12771.0
2007-08-22 07:00:00,14235.0
2007-08-22 08:00:00,15245.0
2007-08-22 09:00:00,15942.0
2007-08-22 10:00:00,16451.0
2007-08-22 11:00:00,16706.0
2007-08-22 12:00:00,16744.0
2007-08-22 13:00:00,16813.0
2007-08-22 14:00:00,16710.0
2007-08-22 15:00:00,16467.0
2007-08-22 16:00:00,16351.0
2007-08-22 17:00:00,16218.0
2007-08-22 18:00:00,16042.0
2007-08-22 19:00:00,16250.0
2007-08-22 20:00:00,16405.0
2007-08-22 21:00:00,15452.0
2007-08-22 22:00:00,13947.0
2007-08-22 23:00:00,12524.0
2007-08-23 00:00:00,11565.0
2007-08-23 01:00:00,11013.0
2007-08-23 02:00:00,10725.0
2007-08-23 03:00:00,10637.0
2007-08-23 04:00:00,10867.0
2007-08-23 05:00:00,11782.0
2007-08-23 06:00:00,13203.0
2007-08-23 07:00:00,14779.0
2007-08-23 08:00:00,15794.0
2007-08-23 09:00:00,16482.0
2007-08-23 10:00:00,16999.0
2007-08-23 11:00:00,17307.0
2007-08-23 12:00:00,17430.0
2007-08-23 13:00:00,17609.0
2007-08-23 14:00:00,17620.0
2007-08-23 15:00:00,17553.0
2007-08-23 16:00:00,17560.0
2007-08-23 17:00:00,17481.0
2007-08-23 18:00:00,17276.0
2007-08-23 19:00:00,17384.0
2007-08-23 20:00:00,17613.0
2007-08-23 21:00:00,16723.0
2007-08-23 22:00:00,15239.0
2007-08-23 23:00:00,13766.0
2007-08-24 00:00:00,12721.0
2007-08-24 01:00:00,12129.0
2007-08-24 02:00:00,11780.0
2007-08-24 03:00:00,11656.0
2007-08-24 04:00:00,11900.0
2007-08-24 05:00:00,12819.0
2007-08-24 06:00:00,14294.0
2007-08-24 07:00:00,15927.0
2007-08-24 08:00:00,17320.0
2007-08-24 09:00:00,18430.0
2007-08-24 10:00:00,19371.0
2007-08-24 11:00:00,20098.0
2007-08-24 12:00:00,20680.0
2007-08-24 13:00:00,21319.0
2007-08-24 14:00:00,21769.0
2007-08-24 15:00:00,22005.0
2007-08-24 16:00:00,22089.0
2007-08-24 17:00:00,21782.0
2007-08-24 18:00:00,21034.0
2007-08-24 19:00:00,20682.0
2007-08-24 20:00:00,20708.0
2007-08-24 21:00:00,19594.0
2007-08-24 22:00:00,17979.0
2007-08-24 23:00:00,16270.0
2007-08-25 00:00:00,14931.0
2007-08-25 01:00:00,14064.0
2007-08-25 02:00:00,13514.0
2007-08-25 03:00:00,13155.0
2007-08-25 04:00:00,13098.0
2007-08-25 05:00:00,13398.0
2007-08-25 06:00:00,13977.0
2007-08-25 07:00:00,15188.0
2007-08-25 08:00:00,16790.0
2007-08-25 09:00:00,18265.0
2007-08-25 10:00:00,19499.0
2007-08-25 11:00:00,20415.0
2007-08-25 12:00:00,21128.0
2007-08-25 13:00:00,21636.0
2007-08-25 14:00:00,22035.0
2007-08-25 15:00:00,22239.0
2007-08-25 16:00:00,22245.0
2007-08-25 17:00:00,21972.0
2007-08-25 18:00:00,21418.0
2007-08-25 19:00:00,21063.0
2007-08-25 20:00:00,20977.0
2007-08-25 21:00:00,19959.0
2007-08-25 22:00:00,18448.0
2007-08-25 23:00:00,16944.0
2007-08-26 00:00:00,15655.0
2007-08-26 01:00:00,14819.0
2007-08-26 02:00:00,14238.0
2007-08-26 03:00:00,13847.0
2007-08-26 04:00:00,13620.0
2007-08-26 05:00:00,13670.0
2007-08-26 06:00:00,13830.0
2007-08-26 07:00:00,14753.0
2007-08-26 08:00:00,16339.0
2007-08-26 09:00:00,17767.0
2007-08-26 10:00:00,18737.0
2007-08-26 11:00:00,19142.0
2007-08-26 12:00:00,19343.0
2007-08-26 13:00:00,19201.0
2007-08-26 14:00:00,19023.0
2007-08-26 15:00:00,18951.0
2007-08-26 16:00:00,19009.0
2007-08-26 17:00:00,19006.0
2007-08-26 18:00:00,18682.0
2007-08-26 19:00:00,18696.0
2007-08-26 20:00:00,18877.0
2007-08-26 21:00:00,17815.0
2007-08-26 22:00:00,16217.0
2007-08-26 23:00:00,14650.0
2007-08-27 00:00:00,13469.0
2007-08-27 01:00:00,12741.0
2007-08-27 02:00:00,12315.0
2007-08-27 03:00:00,12117.0
2007-08-27 04:00:00,12271.0
2007-08-27 05:00:00,13139.0
2007-08-27 06:00:00,14511.0
2007-08-27 07:00:00,16190.0
2007-08-27 08:00:00,17551.0
2007-08-27 09:00:00,18590.0
2007-08-27 10:00:00,19427.0
2007-08-27 11:00:00,20020.0
2007-08-27 12:00:00,20342.0
2007-08-27 13:00:00,20633.0
2007-08-27 14:00:00,20772.0
2007-08-27 15:00:00,20788.0
2007-08-27 16:00:00,20767.0
2007-08-27 17:00:00,20479.0
2007-08-27 18:00:00,19816.0
2007-08-27 19:00:00,19483.0
2007-08-27 20:00:00,19475.0
2007-08-27 21:00:00,18124.0
2007-08-27 22:00:00,16181.0
2007-08-27 23:00:00,14370.0
2007-08-28 00:00:00,13118.0
2007-08-28 01:00:00,12351.0
2007-08-28 02:00:00,11922.0
2007-08-28 03:00:00,11702.0
2007-08-28 04:00:00,11860.0
2007-08-28 05:00:00,12728.0
2007-08-28 06:00:00,14167.0
2007-08-28 07:00:00,15811.0
2007-08-28 08:00:00,17081.0
2007-08-28 09:00:00,18131.0
2007-08-28 10:00:00,19027.0
2007-08-28 11:00:00,19676.0
2007-08-28 12:00:00,20066.0
2007-08-28 13:00:00,20426.0
2007-08-28 14:00:00,20576.0
2007-08-28 15:00:00,20573.0
2007-08-28 16:00:00,20534.0
2007-08-28 17:00:00,20258.0
2007-08-28 18:00:00,19602.0
2007-08-28 19:00:00,19355.0
2007-08-28 20:00:00,19333.0
2007-08-28 21:00:00,18001.0
2007-08-28 22:00:00,16084.0
2007-08-28 23:00:00,14270.0
2007-08-29 00:00:00,13036.0
2007-08-29 01:00:00,12335.0
2007-08-29 02:00:00,11872.0
2007-08-29 03:00:00,11713.0
2007-08-29 04:00:00,11882.0
2007-08-29 05:00:00,12777.0
2007-08-29 06:00:00,14286.0
2007-08-29 07:00:00,15823.0
2007-08-29 08:00:00,17041.0
2007-08-29 09:00:00,18118.0
2007-08-29 10:00:00,19105.0
2007-08-29 11:00:00,19904.0
2007-08-29 12:00:00,20462.0
2007-08-29 13:00:00,21051.0
2007-08-29 14:00:00,21389.0
2007-08-29 15:00:00,21607.0
2007-08-29 16:00:00,21649.0
2007-08-29 17:00:00,21319.0
2007-08-29 18:00:00,20572.0
2007-08-29 19:00:00,20320.0
2007-08-29 20:00:00,20249.0
2007-08-29 21:00:00,18828.0
2007-08-29 22:00:00,16833.0
2007-08-29 23:00:00,14961.0
2007-08-30 00:00:00,13672.0
2007-08-30 01:00:00,12882.0
2007-08-30 02:00:00,12397.0
2007-08-30 03:00:00,12173.0
2007-08-30 04:00:00,12302.0
2007-08-30 05:00:00,13216.0
2007-08-30 06:00:00,14777.0
2007-08-30 07:00:00,16377.0
2007-08-30 08:00:00,17617.0
2007-08-30 09:00:00,18773.0
2007-08-30 10:00:00,19868.0
2007-08-30 11:00:00,20724.0
2007-08-30 12:00:00,21345.0
2007-08-30 13:00:00,21981.0
2007-08-30 14:00:00,22356.0
2007-08-30 15:00:00,22528.0
2007-08-30 16:00:00,22488.0
2007-08-30 17:00:00,22039.0
2007-08-30 18:00:00,21283.0
2007-08-30 19:00:00,21051.0
2007-08-30 20:00:00,20755.0
2007-08-30 21:00:00,19312.0
2007-08-30 22:00:00,17354.0
2007-08-30 23:00:00,15526.0
2007-08-31 00:00:00,14183.0
2007-08-31 01:00:00,13355.0
2007-08-31 02:00:00,12819.0
2007-08-31 03:00:00,12520.0
2007-08-31 04:00:00,12629.0
2007-08-31 05:00:00,13425.0
2007-08-31 06:00:00,14919.0
2007-08-31 07:00:00,16431.0
2007-08-31 08:00:00,17675.0
2007-08-31 09:00:00,18687.0
2007-08-31 10:00:00,19547.0
2007-08-31 11:00:00,20164.0
2007-08-31 12:00:00,20413.0
2007-08-31 13:00:00,20615.0
2007-08-31 14:00:00,20626.0
2007-08-31 15:00:00,20278.0
2007-08-31 16:00:00,19919.0
2007-08-31 17:00:00,19326.0
2007-08-31 18:00:00,18629.0
2007-08-31 19:00:00,18475.0
2007-08-31 20:00:00,18280.0
2007-08-31 21:00:00,17261.0
2007-08-31 22:00:00,15789.0
2007-08-31 23:00:00,14179.0
2007-09-01 00:00:00,12934.0
2007-09-01 01:00:00,12120.0
2007-09-01 02:00:00,11568.0
2007-09-01 03:00:00,11172.0
2007-09-01 04:00:00,11013.0
2007-09-01 05:00:00,11168.0
2007-09-01 06:00:00,11501.0
2007-09-01 07:00:00,12482.0
2007-09-01 08:00:00,13867.0
2007-09-01 09:00:00,14894.0
2007-09-01 10:00:00,15507.0
2007-09-01 11:00:00,15736.0
2007-09-01 12:00:00,15731.0
2007-09-01 13:00:00,15589.0
2007-09-01 14:00:00,15496.0
2007-09-01 15:00:00,15464.0
2007-09-01 16:00:00,15480.0
2007-09-01 17:00:00,15432.0
2007-09-01 18:00:00,15136.0
2007-09-01 19:00:00,15183.0
2007-09-01 20:00:00,15248.0
2007-09-01 21:00:00,14468.0
2007-09-01 22:00:00,13295.0
2007-09-01 23:00:00,12163.0
2007-09-02 00:00:00,11164.0
2007-09-02 01:00:00,10564.0
2007-09-02 02:00:00,10144.0
2007-09-02 03:00:00,9915.0
2007-09-02 04:00:00,9848.0
2007-09-02 05:00:00,9985.0
2007-09-02 06:00:00,10141.0
2007-09-02 07:00:00,10903.0
2007-09-02 08:00:00,12107.0
2007-09-02 09:00:00,13033.0
2007-09-02 10:00:00,13642.0
2007-09-02 11:00:00,13976.0
2007-09-02 12:00:00,14146.0
2007-09-02 13:00:00,14148.0
2007-09-02 14:00:00,14130.0
2007-09-02 15:00:00,14196.0
2007-09-02 16:00:00,14396.0
2007-09-02 17:00:00,14476.0
2007-09-02 18:00:00,14332.0
2007-09-02 19:00:00,14521.0
2007-09-02 20:00:00,14635.0
2007-09-02 21:00:00,13918.0
2007-09-02 22:00:00,12900.0
2007-09-02 23:00:00,11790.0
2007-09-03 00:00:00,10985.0
2007-09-03 01:00:00,10455.0
2007-09-03 02:00:00,10121.0
2007-09-03 03:00:00,9984.0
2007-09-03 04:00:00,10015.0
2007-09-03 05:00:00,10301.0
2007-09-03 06:00:00,10606.0
2007-09-03 07:00:00,11461.0
2007-09-03 08:00:00,12815.0
2007-09-03 09:00:00,14023.0
2007-09-03 10:00:00,14886.0
2007-09-03 11:00:00,15465.0
2007-09-03 12:00:00,15822.0
2007-09-03 13:00:00,16038.0
2007-09-03 14:00:00,16259.0
2007-09-03 15:00:00,16542.0
2007-09-03 16:00:00,16890.0
2007-09-03 17:00:00,17112.0
2007-09-03 18:00:00,17004.0
2007-09-03 19:00:00,17524.0
2007-09-03 20:00:00,17815.0
2007-09-03 21:00:00,16682.0
2007-09-03 22:00:00,14980.0
2007-09-03 23:00:00,13465.0
2007-09-04 00:00:00,12445.0
2007-09-04 01:00:00,11790.0
2007-09-04 02:00:00,11434.0
2007-09-04 03:00:00,11270.0
2007-09-04 04:00:00,11470.0
2007-09-04 05:00:00,12492.0
2007-09-04 06:00:00,14242.0
2007-09-04 07:00:00,15758.0
2007-09-04 08:00:00,16746.0
2007-09-04 09:00:00,17439.0
2007-09-04 10:00:00,17995.0
2007-09-04 11:00:00,18363.0
2007-09-04 12:00:00,18506.0
2007-09-04 13:00:00,18713.0
2007-09-04 14:00:00,18690.0
2007-09-04 15:00:00,18556.0
2007-09-04 16:00:00,18424.0
2007-09-04 17:00:00,18118.0
2007-09-04 18:00:00,17628.0
2007-09-04 19:00:00,17852.0
2007-09-04 20:00:00,17623.0
2007-09-04 21:00:00,16210.0
2007-09-04 22:00:00,14344.0
2007-09-04 23:00:00,12684.0
2007-09-05 00:00:00,11651.0
2007-09-05 01:00:00,11022.0
2007-09-05 02:00:00,10700.0
2007-09-05 03:00:00,10556.0
2007-09-05 04:00:00,10746.0
2007-09-05 05:00:00,11708.0
2007-09-05 06:00:00,13425.0
2007-09-05 07:00:00,14782.0
2007-09-05 08:00:00,15556.0
2007-09-05 09:00:00,16206.0
2007-09-05 10:00:00,16734.0
2007-09-05 11:00:00,17025.0
2007-09-05 12:00:00,17182.0
2007-09-05 13:00:00,17419.0
2007-09-05 14:00:00,17512.0
2007-09-05 15:00:00,17514.0
2007-09-05 16:00:00,17508.0
2007-09-05 17:00:00,17316.0
2007-09-05 18:00:00,16899.0
2007-09-05 19:00:00,17252.0
2007-09-05 20:00:00,17100.0
2007-09-05 21:00:00,15792.0
2007-09-05 22:00:00,14063.0
2007-09-05 23:00:00,12484.0
2007-09-06 00:00:00,11460.0
2007-09-06 01:00:00,10903.0
2007-09-06 02:00:00,10610.0
2007-09-06 03:00:00,10501.0
2007-09-06 04:00:00,10724.0
2007-09-06 05:00:00,11762.0
2007-09-06 06:00:00,13658.0
2007-09-06 07:00:00,15005.0
2007-09-06 08:00:00,15758.0
2007-09-06 09:00:00,16328.0
2007-09-06 10:00:00,16797.0
2007-09-06 11:00:00,17093.0
2007-09-06 12:00:00,17283.0
2007-09-06 13:00:00,17631.0
2007-09-06 14:00:00,17762.0
2007-09-06 15:00:00,17766.0
2007-09-06 16:00:00,17736.0
2007-09-06 17:00:00,17543.0
2007-09-06 18:00:00,17227.0
2007-09-06 19:00:00,17699.0
2007-09-06 20:00:00,17649.0
2007-09-06 21:00:00,16475.0
2007-09-06 22:00:00,14777.0
2007-09-06 23:00:00,13253.0
2007-09-07 00:00:00,12226.0
2007-09-07 01:00:00,11665.0
2007-09-07 02:00:00,11331.0
2007-09-07 03:00:00,11246.0
2007-09-07 04:00:00,11510.0
2007-09-07 05:00:00,12593.0
2007-09-07 06:00:00,14550.0
2007-09-07 07:00:00,16064.0
2007-09-07 08:00:00,17160.0
2007-09-07 09:00:00,18182.0
2007-09-07 10:00:00,19147.0
2007-09-07 11:00:00,19977.0
2007-09-07 12:00:00,20686.0
2007-09-07 13:00:00,21431.0
2007-09-07 14:00:00,21909.0
2007-09-07 15:00:00,22186.0
2007-09-07 16:00:00,22183.0
2007-09-07 17:00:00,21725.0
2007-09-07 18:00:00,20900.0
2007-09-07 19:00:00,20835.0
2007-09-07 20:00:00,20475.0
2007-09-07 21:00:00,19200.0
2007-09-07 22:00:00,17488.0
2007-09-07 23:00:00,15764.0
2007-09-08 00:00:00,14444.0
2007-09-08 01:00:00,13619.0
2007-09-08 02:00:00,13080.0
2007-09-08 03:00:00,12752.0
2007-09-08 04:00:00,12675.0
2007-09-08 05:00:00,12990.0
2007-09-08 06:00:00,13583.0
2007-09-08 07:00:00,14764.0
2007-09-08 08:00:00,16433.0
2007-09-08 09:00:00,17926.0
2007-09-08 10:00:00,19174.0
2007-09-08 11:00:00,20157.0
2007-09-08 12:00:00,20831.0
2007-09-08 13:00:00,21274.0
2007-09-08 14:00:00,21534.0
2007-09-08 15:00:00,21567.0
2007-09-08 16:00:00,21358.0
2007-09-08 17:00:00,20834.0
2007-09-08 18:00:00,20178.0
2007-09-08 19:00:00,20234.0
2007-09-08 20:00:00,19835.0
2007-09-08 21:00:00,18741.0
2007-09-08 22:00:00,17279.0
2007-09-08 23:00:00,15808.0
2007-09-09 00:00:00,14566.0
2007-09-09 01:00:00,13697.0
2007-09-09 02:00:00,13157.0
2007-09-09 03:00:00,12796.0
2007-09-09 04:00:00,12639.0
2007-09-09 05:00:00,12658.0
2007-09-09 06:00:00,12920.0
2007-09-09 07:00:00,13568.0
2007-09-09 08:00:00,14695.0
2007-09-09 09:00:00,15652.0
2007-09-09 10:00:00,16332.0
2007-09-09 11:00:00,16789.0
2007-09-09 12:00:00,17014.0
2007-09-09 13:00:00,17014.0
2007-09-09 14:00:00,16953.0
2007-09-09 15:00:00,16845.0
2007-09-09 16:00:00,16968.0
2007-09-09 17:00:00,17015.0
2007-09-09 18:00:00,16938.0
2007-09-09 19:00:00,17262.0
2007-09-09 20:00:00,16854.0
2007-09-09 21:00:00,15686.0
2007-09-09 22:00:00,14236.0
2007-09-09 23:00:00,12916.0
2007-09-10 00:00:00,12012.0
2007-09-10 01:00:00,11468.0
2007-09-10 02:00:00,11229.0
2007-09-10 03:00:00,11152.0
2007-09-10 04:00:00,11414.0
2007-09-10 05:00:00,12502.0
2007-09-10 06:00:00,14619.0
2007-09-10 07:00:00,16078.0
2007-09-10 08:00:00,16705.0
2007-09-10 09:00:00,17173.0
2007-09-10 10:00:00,17619.0
2007-09-10 11:00:00,17793.0
2007-09-10 12:00:00,17822.0
2007-09-10 13:00:00,17885.0
2007-09-10 14:00:00,17846.0
2007-09-10 15:00:00,17797.0
2007-09-10 16:00:00,17862.0
2007-09-10 17:00:00,17917.0
2007-09-10 18:00:00,17973.0
2007-09-10 19:00:00,18250.0
2007-09-10 20:00:00,17746.0
2007-09-10 21:00:00,16379.0
2007-09-10 22:00:00,14644.0
2007-09-10 23:00:00,13118.0
2007-09-11 00:00:00,12095.0
2007-09-11 01:00:00,11536.0
2007-09-11 02:00:00,11200.0
2007-09-11 03:00:00,11129.0
2007-09-11 04:00:00,11389.0
2007-09-11 05:00:00,12438.0
2007-09-11 06:00:00,14577.0
2007-09-11 07:00:00,15979.0
2007-09-11 08:00:00,16591.0
2007-09-11 09:00:00,17027.0
2007-09-11 10:00:00,17352.0
2007-09-11 11:00:00,17549.0
2007-09-11 12:00:00,17570.0
2007-09-11 13:00:00,17624.0
2007-09-11 14:00:00,17537.0
2007-09-11 15:00:00,17512.0
2007-09-11 16:00:00,17494.0
2007-09-11 17:00:00,17458.0
2007-09-11 18:00:00,17404.0
2007-09-11 19:00:00,17643.0
2007-09-11 20:00:00,17177.0
2007-09-11 21:00:00,16032.0
2007-09-11 22:00:00,14429.0
2007-09-11 23:00:00,12963.0
2007-09-12 00:00:00,11934.0
2007-09-12 01:00:00,11311.0
2007-09-12 02:00:00,10934.0
2007-09-12 03:00:00,10758.0
2007-09-12 04:00:00,10939.0
2007-09-12 05:00:00,11931.0
2007-09-12 06:00:00,13790.0
2007-09-12 07:00:00,15135.0
2007-09-12 08:00:00,15755.0
2007-09-12 09:00:00,16213.0
2007-09-12 10:00:00,16594.0
2007-09-12 11:00:00,16756.0
2007-09-12 12:00:00,16802.0
2007-09-12 13:00:00,16929.0
2007-09-12 14:00:00,16917.0
2007-09-12 15:00:00,16883.0
2007-09-12 16:00:00,16868.0
2007-09-12 17:00:00,16744.0
2007-09-12 18:00:00,16491.0
2007-09-12 19:00:00,16997.0
2007-09-12 20:00:00,16700.0
2007-09-12 21:00:00,15480.0
2007-09-12 22:00:00,13793.0
2007-09-12 23:00:00,12280.0
2007-09-13 00:00:00,11288.0
2007-09-13 01:00:00,10702.0
2007-09-13 02:00:00,10413.0
2007-09-13 03:00:00,10308.0
2007-09-13 04:00:00,10524.0
2007-09-13 05:00:00,11494.0
2007-09-13 06:00:00,13206.0
2007-09-13 07:00:00,14496.0
2007-09-13 08:00:00,15289.0
2007-09-13 09:00:00,15894.0
2007-09-13 10:00:00,16332.0
2007-09-13 11:00:00,16565.0
2007-09-13 12:00:00,16660.0
2007-09-13 13:00:00,16785.0
2007-09-13 14:00:00,16738.0
2007-09-13 15:00:00,16661.0
2007-09-13 16:00:00,16616.0
2007-09-13 17:00:00,16503.0
2007-09-13 18:00:00,16303.0
2007-09-13 19:00:00,16839.0
2007-09-13 20:00:00,16543.0
2007-09-13 21:00:00,15328.0
2007-09-13 22:00:00,13628.0
2007-09-13 23:00:00,12135.0
2007-09-14 00:00:00,11186.0
2007-09-14 01:00:00,10611.0
2007-09-14 02:00:00,10336.0
2007-09-14 03:00:00,10243.0
2007-09-14 04:00:00,10507.0
2007-09-14 05:00:00,11496.0
2007-09-14 06:00:00,13294.0
2007-09-14 07:00:00,14608.0
2007-09-14 08:00:00,15422.0
2007-09-14 09:00:00,16044.0
2007-09-14 10:00:00,16537.0
2007-09-14 11:00:00,16752.0
2007-09-14 12:00:00,16803.0
2007-09-14 13:00:00,16850.0
2007-09-14 14:00:00,16754.0
2007-09-14 15:00:00,16515.0
2007-09-14 16:00:00,16267.0
2007-09-14 17:00:00,15993.0
2007-09-14 18:00:00,15895.0
2007-09-14 19:00:00,16384.0
2007-09-14 20:00:00,16025.0
2007-09-14 21:00:00,15108.0
2007-09-14 22:00:00,13861.0
2007-09-14 23:00:00,12567.0
2007-09-15 00:00:00,11579.0
2007-09-15 01:00:00,10986.0
2007-09-15 02:00:00,10650.0
2007-09-15 03:00:00,10475.0
2007-09-15 04:00:00,10509.0
2007-09-15 05:00:00,10853.0
2007-09-15 06:00:00,11555.0
2007-09-15 07:00:00,12537.0
2007-09-15 08:00:00,13814.0
2007-09-15 09:00:00,14773.0
2007-09-15 10:00:00,15232.0
2007-09-15 11:00:00,15255.0
2007-09-15 12:00:00,14954.0
2007-09-15 13:00:00,14594.0
2007-09-15 14:00:00,14241.0
2007-09-15 15:00:00,14053.0
2007-09-15 16:00:00,14048.0
2007-09-15 17:00:00,14108.0
2007-09-15 18:00:00,14109.0
2007-09-15 19:00:00,14640.0
2007-09-15 20:00:00,14426.0
2007-09-15 21:00:00,13632.0
2007-09-15 22:00:00,12548.0
2007-09-15 23:00:00,11414.0
2007-09-16 00:00:00,10530.0
2007-09-16 01:00:00,9946.0
2007-09-16 02:00:00,9640.0
2007-09-16 03:00:00,9486.0
2007-09-16 04:00:00,9499.0
2007-09-16 05:00:00,9712.0
2007-09-16 06:00:00,10006.0
2007-09-16 07:00:00,10750.0
2007-09-16 08:00:00,11871.0
2007-09-16 09:00:00,12717.0
2007-09-16 10:00:00,13167.0
2007-09-16 11:00:00,13390.0
2007-09-16 12:00:00,13449.0
2007-09-16 13:00:00,13391.0
2007-09-16 14:00:00,13260.0
2007-09-16 15:00:00,13240.0
2007-09-16 16:00:00,13450.0
2007-09-16 17:00:00,13765.0
2007-09-16 18:00:00,14087.0
2007-09-16 19:00:00,14958.0
2007-09-16 20:00:00,14625.0
2007-09-16 21:00:00,13572.0
2007-09-16 22:00:00,12313.0
2007-09-16 23:00:00,11130.0
2007-09-17 00:00:00,10273.0
2007-09-17 01:00:00,9806.0
2007-09-17 02:00:00,9609.0
2007-09-17 03:00:00,9595.0
2007-09-17 04:00:00,9938.0
2007-09-17 05:00:00,11019.0
2007-09-17 06:00:00,12963.0
2007-09-17 07:00:00,14306.0
2007-09-17 08:00:00,14919.0
2007-09-17 09:00:00,15328.0
2007-09-17 10:00:00,15718.0
2007-09-17 11:00:00,15879.0
2007-09-17 12:00:00,15870.0
2007-09-17 13:00:00,15902.0
2007-09-17 14:00:00,15791.0
2007-09-17 15:00:00,15687.0
2007-09-17 16:00:00,15703.0
2007-09-17 17:00:00,15750.0
2007-09-17 18:00:00,15816.0
2007-09-17 19:00:00,16468.0
2007-09-17 20:00:00,15957.0
2007-09-17 21:00:00,14688.0
2007-09-17 22:00:00,12983.0
2007-09-17 23:00:00,11595.0
2007-09-18 00:00:00,10670.0
2007-09-18 01:00:00,10207.0
2007-09-18 02:00:00,9958.0
2007-09-18 03:00:00,9914.0
2007-09-18 04:00:00,10208.0
2007-09-18 05:00:00,11281.0
2007-09-18 06:00:00,13267.0
2007-09-18 07:00:00,14549.0
2007-09-18 08:00:00,15020.0
2007-09-18 09:00:00,15387.0
2007-09-18 10:00:00,15724.0
2007-09-18 11:00:00,15884.0
2007-09-18 12:00:00,15927.0
2007-09-18 13:00:00,16033.0
2007-09-18 14:00:00,15951.0
2007-09-18 15:00:00,15872.0
2007-09-18 16:00:00,15879.0
2007-09-18 17:00:00,15874.0
2007-09-18 18:00:00,15894.0
2007-09-18 19:00:00,16549.0
2007-09-18 20:00:00,16094.0
2007-09-18 21:00:00,14806.0
2007-09-18 22:00:00,13096.0
2007-09-18 23:00:00,11633.0
2007-09-19 00:00:00,10727.0
2007-09-19 01:00:00,10244.0
2007-09-19 02:00:00,10003.0
2007-09-19 03:00:00,9956.0
2007-09-19 04:00:00,10233.0
2007-09-19 05:00:00,11342.0
2007-09-19 06:00:00,13260.0
2007-09-19 07:00:00,14534.0
2007-09-19 08:00:00,15051.0
2007-09-19 09:00:00,15385.0
2007-09-19 10:00:00,15760.0
2007-09-19 11:00:00,15967.0
2007-09-19 12:00:00,16066.0
2007-09-19 13:00:00,16212.0
2007-09-19 14:00:00,16216.0
2007-09-19 15:00:00,16172.0
2007-09-19 16:00:00,16207.0
2007-09-19 17:00:00,16162.0
2007-09-19 18:00:00,16164.0
2007-09-19 19:00:00,16810.0
2007-09-19 20:00:00,16322.0
2007-09-19 21:00:00,15073.0
2007-09-19 22:00:00,13364.0
2007-09-19 23:00:00,11922.0
2007-09-20 00:00:00,10996.0
2007-09-20 01:00:00,10481.0
2007-09-20 02:00:00,10230.0
2007-09-20 03:00:00,10163.0
2007-09-20 04:00:00,10392.0
2007-09-20 05:00:00,11412.0
2007-09-20 06:00:00,13430.0
2007-09-20 07:00:00,14737.0
2007-09-20 08:00:00,15363.0
2007-09-20 09:00:00,15937.0
2007-09-20 10:00:00,16468.0
2007-09-20 11:00:00,16834.0
2007-09-20 12:00:00,17107.0
2007-09-20 13:00:00,17409.0
2007-09-20 14:00:00,17477.0
2007-09-20 15:00:00,17521.0
2007-09-20 16:00:00,17531.0
2007-09-20 17:00:00,17358.0
2007-09-20 18:00:00,17177.0
2007-09-20 19:00:00,17754.0
2007-09-20 20:00:00,17192.0
2007-09-20 21:00:00,15917.0
2007-09-20 22:00:00,14200.0
2007-09-20 23:00:00,12670.0
2007-09-21 00:00:00,11638.0
2007-09-21 01:00:00,11042.0
2007-09-21 02:00:00,10721.0
2007-09-21 03:00:00,10588.0
2007-09-21 04:00:00,10798.0
2007-09-21 05:00:00,11754.0
2007-09-21 06:00:00,13700.0
2007-09-21 07:00:00,15013.0
2007-09-21 08:00:00,15779.0
2007-09-21 09:00:00,16467.0
2007-09-21 10:00:00,17043.0
2007-09-21 11:00:00,17425.0
2007-09-21 12:00:00,17610.0
2007-09-21 13:00:00,17885.0
2007-09-21 14:00:00,17961.0
2007-09-21 15:00:00,17901.0
2007-09-21 16:00:00,17748.0
2007-09-21 17:00:00,17307.0
2007-09-21 18:00:00,17003.0
2007-09-21 19:00:00,17340.0
2007-09-21 20:00:00,16737.0
2007-09-21 21:00:00,15667.0
2007-09-21 22:00:00,14251.0
2007-09-21 23:00:00,12800.0
2007-09-22 00:00:00,11738.0
2007-09-22 01:00:00,11092.0
2007-09-22 02:00:00,10711.0
2007-09-22 03:00:00,10546.0
2007-09-22 04:00:00,10587.0
2007-09-22 05:00:00,10938.0
2007-09-22 06:00:00,11616.0
2007-09-22 07:00:00,12603.0
2007-09-22 08:00:00,13867.0
2007-09-22 09:00:00,14805.0
2007-09-22 10:00:00,15371.0
2007-09-22 11:00:00,15668.0
2007-09-22 12:00:00,15757.0
2007-09-22 13:00:00,15674.0
2007-09-22 14:00:00,15602.0
2007-09-22 15:00:00,15531.0
2007-09-22 16:00:00,15540.0
2007-09-22 17:00:00,15643.0
2007-09-22 18:00:00,15903.0
2007-09-22 19:00:00,16443.0
2007-09-22 20:00:00,16085.0
2007-09-22 21:00:00,15332.0
2007-09-22 22:00:00,14199.0
2007-09-22 23:00:00,13057.0
2007-09-23 00:00:00,12090.0
2007-09-23 01:00:00,11448.0
2007-09-23 02:00:00,11024.0
2007-09-23 03:00:00,10674.0
2007-09-23 04:00:00,10495.0
2007-09-23 05:00:00,10526.0
2007-09-23 06:00:00,10735.0
2007-09-23 07:00:00,11408.0
2007-09-23 08:00:00,12621.0
2007-09-23 09:00:00,13554.0
2007-09-23 10:00:00,14097.0
2007-09-23 11:00:00,14456.0
2007-09-23 12:00:00,14690.0
2007-09-23 13:00:00,14749.0
2007-09-23 14:00:00,14761.0
2007-09-23 15:00:00,14823.0
2007-09-23 16:00:00,15015.0
2007-09-23 17:00:00,15215.0
2007-09-23 18:00:00,15411.0
2007-09-23 19:00:00,16090.0
2007-09-23 20:00:00,15565.0
2007-09-23 21:00:00,14345.0
2007-09-23 22:00:00,12928.0
2007-09-23 23:00:00,11665.0
2007-09-24 00:00:00,10824.0
2007-09-24 01:00:00,10331.0
2007-09-24 02:00:00,10097.0
2007-09-24 03:00:00,10048.0
2007-09-24 04:00:00,10326.0
2007-09-24 05:00:00,11387.0
2007-09-24 06:00:00,13369.0
2007-09-24 07:00:00,14651.0
2007-09-24 08:00:00,15397.0
2007-09-24 09:00:00,16046.0
2007-09-24 10:00:00,16615.0
2007-09-24 11:00:00,16965.0
2007-09-24 12:00:00,17179.0
2007-09-24 13:00:00,17435.0
2007-09-24 14:00:00,17545.0
2007-09-24 15:00:00,17585.0
2007-09-24 16:00:00,17625.0
2007-09-24 17:00:00,17493.0
2007-09-24 18:00:00,17427.0
2007-09-24 19:00:00,17937.0
2007-09-24 20:00:00,17193.0
2007-09-24 21:00:00,15781.0
2007-09-24 22:00:00,14030.0
2007-09-24 23:00:00,12486.0
2007-09-25 00:00:00,11440.0
2007-09-25 01:00:00,10863.0
2007-09-25 02:00:00,10546.0
2007-09-25 03:00:00,10443.0
2007-09-25 04:00:00,10700.0
2007-09-25 05:00:00,11749.0
2007-09-25 06:00:00,13709.0
2007-09-25 07:00:00,14981.0
2007-09-25 08:00:00,15713.0
2007-09-25 09:00:00,16420.0
2007-09-25 10:00:00,17081.0
2007-09-25 11:00:00,17628.0
2007-09-25 12:00:00,18073.0
2007-09-25 13:00:00,18533.0
2007-09-25 14:00:00,18775.0
2007-09-25 15:00:00,18967.0
2007-09-25 16:00:00,19014.0
2007-09-25 17:00:00,18795.0
2007-09-25 18:00:00,18673.0
2007-09-25 19:00:00,19266.0
2007-09-25 20:00:00,18579.0
2007-09-25 21:00:00,17180.0
2007-09-25 22:00:00,15401.0
2007-09-25 23:00:00,13798.0
2007-09-26 00:00:00,12687.0
2007-09-26 01:00:00,12074.0
2007-09-26 02:00:00,11733.0
2007-09-26 03:00:00,11594.0
2007-09-26 04:00:00,11860.0
2007-09-26 05:00:00,12959.0
2007-09-26 06:00:00,15076.0
2007-09-26 07:00:00,16450.0
2007-09-26 08:00:00,17353.0
2007-09-26 09:00:00,18283.0
2007-09-26 10:00:00,19237.0
2007-09-26 11:00:00,20045.0
2007-09-26 12:00:00,20700.0
2007-09-26 13:00:00,21363.0
2007-09-26 14:00:00,21718.0
2007-09-26 15:00:00,21890.0
2007-09-26 16:00:00,21837.0
2007-09-26 17:00:00,21451.0
2007-09-26 18:00:00,21255.0
2007-09-26 19:00:00,21575.0
2007-09-26 20:00:00,20673.0
2007-09-26 21:00:00,19043.0
2007-09-26 22:00:00,16994.0
2007-09-26 23:00:00,15163.0
2007-09-27 00:00:00,13908.0
2007-09-27 01:00:00,13151.0
2007-09-27 02:00:00,12708.0
2007-09-27 03:00:00,12540.0
2007-09-27 04:00:00,12715.0
2007-09-27 05:00:00,13755.0
2007-09-27 06:00:00,15757.0
2007-09-27 07:00:00,17009.0
2007-09-27 08:00:00,17762.0
2007-09-27 09:00:00,18547.0
2007-09-27 10:00:00,19305.0
2007-09-27 11:00:00,19826.0
2007-09-27 12:00:00,20148.0
2007-09-27 13:00:00,20451.0
2007-09-27 14:00:00,20571.0
2007-09-27 15:00:00,20459.0
2007-09-27 16:00:00,20341.0
2007-09-27 17:00:00,19937.0
2007-09-27 18:00:00,20046.0
2007-09-27 19:00:00,20412.0
2007-09-27 20:00:00,19717.0
2007-09-27 21:00:00,18326.0
2007-09-27 22:00:00,16520.0
2007-09-27 23:00:00,14780.0
2007-09-28 00:00:00,13586.0
2007-09-28 01:00:00,12892.0
2007-09-28 02:00:00,12480.0
2007-09-28 03:00:00,12300.0
2007-09-28 04:00:00,12475.0
2007-09-28 05:00:00,13483.0
2007-09-28 06:00:00,15550.0
2007-09-28 07:00:00,16803.0
2007-09-28 08:00:00,17500.0
2007-09-28 09:00:00,18035.0
2007-09-28 10:00:00,18392.0
2007-09-28 11:00:00,18543.0
2007-09-28 12:00:00,18554.0
2007-09-28 13:00:00,18560.0
2007-09-28 14:00:00,18388.0
2007-09-28 15:00:00,18082.0
2007-09-28 16:00:00,17746.0
2007-09-28 17:00:00,17207.0
2007-09-28 18:00:00,16987.0
2007-09-28 19:00:00,17150.0
2007-09-28 20:00:00,16408.0
2007-09-28 21:00:00,15340.0
2007-09-28 22:00:00,13941.0
2007-09-28 23:00:00,12569.0
2007-09-29 00:00:00,11470.0
2007-09-29 01:00:00,10833.0
2007-09-29 02:00:00,10485.0
2007-09-29 03:00:00,10282.0
2007-09-29 04:00:00,10315.0
2007-09-29 05:00:00,10620.0
2007-09-29 06:00:00,11282.0
2007-09-29 07:00:00,12191.0
2007-09-29 08:00:00,13415.0
2007-09-29 09:00:00,14194.0
2007-09-29 10:00:00,14548.0
2007-09-29 11:00:00,14643.0
2007-09-29 12:00:00,14554.0
2007-09-29 13:00:00,14446.0
2007-09-29 14:00:00,14330.0
2007-09-29 15:00:00,14252.0
2007-09-29 16:00:00,14276.0
2007-09-29 17:00:00,14340.0
2007-09-29 18:00:00,14582.0
2007-09-29 19:00:00,15034.0
2007-09-29 20:00:00,14538.0
2007-09-29 21:00:00,13704.0
2007-09-29 22:00:00,12618.0
2007-09-29 23:00:00,11529.0
2007-09-30 00:00:00,10633.0
2007-09-30 01:00:00,10056.0
2007-09-30 02:00:00,9742.0
2007-09-30 03:00:00,9573.0
2007-09-30 04:00:00,9570.0
2007-09-30 05:00:00,9759.0
2007-09-30 06:00:00,10164.0
2007-09-30 07:00:00,10802.0
2007-09-30 08:00:00,11880.0
2007-09-30 09:00:00,12713.0
2007-09-30 10:00:00,13214.0
2007-09-30 11:00:00,13497.0
2007-09-30 12:00:00,13594.0
2007-09-30 13:00:00,13541.0
2007-09-30 14:00:00,13444.0
2007-09-30 15:00:00,13447.0
2007-09-30 16:00:00,13669.0
2007-09-30 17:00:00,14022.0
2007-09-30 18:00:00,14674.0
2007-09-30 19:00:00,15292.0
2007-09-30 20:00:00,14737.0
2007-09-30 21:00:00,13605.0
2007-09-30 22:00:00,12282.0
2007-09-30 23:00:00,11103.0
2007-10-01 00:00:00,10319.0
2007-10-01 01:00:00,9906.0
2007-10-01 02:00:00,9719.0
2007-10-01 03:00:00,9712.0
2007-10-01 04:00:00,10050.0
2007-10-01 05:00:00,11115.0
2007-10-01 06:00:00,13171.0
2007-10-01 07:00:00,14439.0
2007-10-01 08:00:00,15005.0
2007-10-01 09:00:00,15479.0
2007-10-01 10:00:00,15885.0
2007-10-01 11:00:00,16049.0
2007-10-01 12:00:00,16042.0
2007-10-01 13:00:00,16059.0
2007-10-01 14:00:00,15938.0
2007-10-01 15:00:00,15784.0
2007-10-01 16:00:00,15733.0
2007-10-01 17:00:00,15788.0
2007-10-01 18:00:00,16363.0
2007-10-01 19:00:00,16805.0
2007-10-01 20:00:00,16045.0
2007-10-01 21:00:00,14713.0
2007-10-01 22:00:00,13143.0
2007-10-01 23:00:00,11723.0
2007-10-02 00:00:00,10718.0
2007-10-02 01:00:00,10186.0
2007-10-02 02:00:00,9955.0
2007-10-02 03:00:00,9904.0
2007-10-02 04:00:00,10179.0
2007-10-02 05:00:00,11225.0
2007-10-02 06:00:00,13297.0
2007-10-02 07:00:00,14513.0
2007-10-02 08:00:00,14981.0
2007-10-02 09:00:00,15368.0
2007-10-02 10:00:00,15805.0
2007-10-02 11:00:00,16055.0
2007-10-02 12:00:00,16067.0
2007-10-02 13:00:00,16219.0
2007-10-02 14:00:00,16182.0
2007-10-02 15:00:00,16116.0
2007-10-02 16:00:00,16113.0
2007-10-02 17:00:00,16156.0
2007-10-02 18:00:00,16712.0
2007-10-02 19:00:00,17164.0
2007-10-02 20:00:00,16456.0
2007-10-02 21:00:00,15142.0
2007-10-02 22:00:00,13487.0
2007-10-02 23:00:00,12036.0
2007-10-03 00:00:00,11075.0
2007-10-03 01:00:00,10608.0
2007-10-03 02:00:00,10373.0
2007-10-03 03:00:00,10319.0
2007-10-03 04:00:00,10620.0
2007-10-03 05:00:00,11698.0
2007-10-03 06:00:00,13911.0
2007-10-03 07:00:00,15269.0
2007-10-03 08:00:00,15822.0
2007-10-03 09:00:00,16211.0
2007-10-03 10:00:00,16588.0
2007-10-03 11:00:00,16787.0
2007-10-03 12:00:00,16847.0
2007-10-03 13:00:00,16997.0
2007-10-03 14:00:00,17017.0
2007-10-03 15:00:00,17066.0
2007-10-03 16:00:00,17098.0
2007-10-03 17:00:00,17054.0
2007-10-03 18:00:00,17548.0
2007-10-03 19:00:00,17901.0
2007-10-03 20:00:00,17222.0
2007-10-03 21:00:00,15955.0
2007-10-03 22:00:00,14283.0
2007-10-03 23:00:00,12787.0
2007-10-04 00:00:00,11810.0
2007-10-04 01:00:00,11290.0
2007-10-04 02:00:00,11007.0
2007-10-04 03:00:00,10946.0
2007-10-04 04:00:00,11226.0
2007-10-04 05:00:00,12346.0
2007-10-04 06:00:00,14590.0
2007-10-04 07:00:00,16003.0
2007-10-04 08:00:00,16662.0
2007-10-04 09:00:00,17226.0
2007-10-04 10:00:00,17811.0
2007-10-04 11:00:00,18269.0
2007-10-04 12:00:00,18564.0
2007-10-04 13:00:00,18946.0
2007-10-04 14:00:00,19042.0
2007-10-04 15:00:00,19023.0
2007-10-04 16:00:00,18924.0
2007-10-04 17:00:00,18615.0
2007-10-04 18:00:00,18775.0
2007-10-04 19:00:00,19060.0
2007-10-04 20:00:00,18236.0
2007-10-04 21:00:00,16820.0
2007-10-04 22:00:00,15001.0
2007-10-04 23:00:00,13306.0
2007-10-05 00:00:00,12203.0
2007-10-05 01:00:00,11586.0
2007-10-05 02:00:00,11210.0
2007-10-05 03:00:00,11045.0
2007-10-05 04:00:00,11255.0
2007-10-05 05:00:00,12236.0
2007-10-05 06:00:00,14241.0
2007-10-05 07:00:00,15515.0
2007-10-05 08:00:00,16211.0
2007-10-05 09:00:00,16819.0
2007-10-05 10:00:00,17405.0
2007-10-05 11:00:00,17958.0
2007-10-05 12:00:00,18418.0
2007-10-05 13:00:00,18885.0
2007-10-05 14:00:00,19085.0
2007-10-05 15:00:00,19068.0
2007-10-05 16:00:00,18873.0
2007-10-05 17:00:00,18440.0
2007-10-05 18:00:00,18459.0
2007-10-05 19:00:00,18539.0
2007-10-05 20:00:00,17760.0
2007-10-05 21:00:00,16670.0
2007-10-05 22:00:00,15255.0
2007-10-05 23:00:00,13799.0
2007-10-06 00:00:00,12659.0
2007-10-06 01:00:00,11873.0
2007-10-06 02:00:00,11419.0
2007-10-06 03:00:00,11167.0
2007-10-06 04:00:00,11146.0
2007-10-06 05:00:00,11445.0
2007-10-06 06:00:00,12131.0
2007-10-06 07:00:00,12995.0
2007-10-06 08:00:00,14238.0
2007-10-06 09:00:00,15241.0
2007-10-06 10:00:00,15958.0
2007-10-06 11:00:00,16381.0
2007-10-06 12:00:00,16629.0
2007-10-06 13:00:00,16787.0
2007-10-06 14:00:00,16852.0
2007-10-06 15:00:00,16787.0
2007-10-06 16:00:00,16753.0
2007-10-06 17:00:00,16646.0
2007-10-06 18:00:00,16990.0
2007-10-06 19:00:00,17026.0
2007-10-06 20:00:00,16431.0
2007-10-06 21:00:00,15587.0
2007-10-06 22:00:00,14374.0
2007-10-06 23:00:00,13188.0
2007-10-07 00:00:00,12220.0
2007-10-07 01:00:00,11580.0
2007-10-07 02:00:00,11206.0
2007-10-07 03:00:00,10979.0
2007-10-07 04:00:00,10899.0
2007-10-07 05:00:00,11055.0
2007-10-07 06:00:00,11496.0
2007-10-07 07:00:00,12104.0
2007-10-07 08:00:00,13137.0
2007-10-07 09:00:00,13900.0
2007-10-07 10:00:00,14332.0
2007-10-07 11:00:00,14475.0
2007-10-07 12:00:00,14483.0
2007-10-07 13:00:00,14371.0
2007-10-07 14:00:00,14243.0
2007-10-07 15:00:00,14139.0
2007-10-07 16:00:00,14224.0
2007-10-07 17:00:00,14434.0
2007-10-07 18:00:00,15044.0
2007-10-07 19:00:00,15351.0
2007-10-07 20:00:00,14724.0
2007-10-07 21:00:00,13811.0
2007-10-07 22:00:00,12671.0
2007-10-07 23:00:00,11549.0
2007-10-08 00:00:00,10710.0
2007-10-08 01:00:00,10245.0
2007-10-08 02:00:00,10020.0
2007-10-08 03:00:00,9965.0
2007-10-08 04:00:00,10205.0
2007-10-08 05:00:00,10976.0
2007-10-08 06:00:00,12314.0
2007-10-08 07:00:00,13567.0
2007-10-08 08:00:00,14661.0
2007-10-08 09:00:00,15554.0
2007-10-08 10:00:00,16166.0
2007-10-08 11:00:00,16475.0
2007-10-08 12:00:00,16568.0
2007-10-08 13:00:00,16644.0
2007-10-08 14:00:00,16631.0
2007-10-08 15:00:00,16619.0
2007-10-08 16:00:00,16775.0
2007-10-08 17:00:00,17102.0
2007-10-08 18:00:00,17728.0
2007-10-08 19:00:00,17784.0
2007-10-08 20:00:00,17001.0
2007-10-08 21:00:00,15737.0
2007-10-08 22:00:00,14114.0
2007-10-08 23:00:00,12699.0
2007-10-09 00:00:00,11657.0
2007-10-09 01:00:00,11077.0
2007-10-09 02:00:00,10821.0
2007-10-09 03:00:00,10715.0
2007-10-09 04:00:00,10923.0
2007-10-09 05:00:00,11916.0
2007-10-09 06:00:00,13941.0
2007-10-09 07:00:00,15084.0
2007-10-09 08:00:00,15555.0
2007-10-09 09:00:00,15810.0
2007-10-09 10:00:00,16014.0
2007-10-09 11:00:00,16066.0
2007-10-09 12:00:00,16016.0
2007-10-09 13:00:00,15997.0
2007-10-09 14:00:00,15857.0
2007-10-09 15:00:00,15688.0
2007-10-09 16:00:00,15679.0
2007-10-09 17:00:00,15921.0
2007-10-09 18:00:00,16737.0
2007-10-09 19:00:00,16781.0
2007-10-09 20:00:00,16044.0
2007-10-09 21:00:00,14785.0
2007-10-09 22:00:00,13172.0
2007-10-09 23:00:00,11781.0
2007-10-10 00:00:00,10863.0
2007-10-10 01:00:00,10385.0
2007-10-10 02:00:00,10149.0
2007-10-10 03:00:00,10082.0
2007-10-10 04:00:00,10333.0
2007-10-10 05:00:00,11389.0
2007-10-10 06:00:00,13535.0
2007-10-10 07:00:00,14993.0
2007-10-10 08:00:00,15458.0
2007-10-10 09:00:00,15738.0
2007-10-10 10:00:00,16007.0
2007-10-10 11:00:00,16110.0
2007-10-10 12:00:00,16052.0
2007-10-10 13:00:00,16079.0
2007-10-10 14:00:00,15953.0
2007-10-10 15:00:00,15882.0
2007-10-10 16:00:00,16041.0
2007-10-10 17:00:00,16326.0
2007-10-10 18:00:00,16943.0
2007-10-10 19:00:00,16894.0
2007-10-10 20:00:00,16161.0
2007-10-10 21:00:00,14932.0
2007-10-10 22:00:00,13301.0
2007-10-10 23:00:00,11877.0
2007-10-11 00:00:00,10945.0
2007-10-11 01:00:00,10447.0
2007-10-11 02:00:00,10187.0
2007-10-11 03:00:00,10128.0
2007-10-11 04:00:00,10380.0
2007-10-11 05:00:00,11460.0
2007-10-11 06:00:00,13639.0
2007-10-11 07:00:00,15102.0
2007-10-11 08:00:00,15546.0
2007-10-11 09:00:00,15860.0
2007-10-11 10:00:00,16089.0
2007-10-11 11:00:00,16178.0
2007-10-11 12:00:00,16115.0
2007-10-11 13:00:00,16100.0
2007-10-11 14:00:00,15962.0
2007-10-11 15:00:00,15924.0
2007-10-11 16:00:00,16106.0
2007-10-11 17:00:00,16546.0
2007-10-11 18:00:00,17046.0
2007-10-11 19:00:00,16890.0
2007-10-11 20:00:00,16180.0
2007-10-11 21:00:00,14975.0
2007-10-11 22:00:00,13404.0
2007-10-11 23:00:00,11995.0
2007-10-12 00:00:00,11026.0
2007-10-12 01:00:00,10518.0
2007-10-12 02:00:00,10260.0
2007-10-12 03:00:00,10171.0
2007-10-12 04:00:00,10404.0
2007-10-12 05:00:00,11412.0
2007-10-12 06:00:00,13499.0
2007-10-12 07:00:00,14888.0
2007-10-12 08:00:00,15409.0
2007-10-12 09:00:00,15793.0
2007-10-12 10:00:00,16036.0
2007-10-12 11:00:00,16022.0
2007-10-12 12:00:00,15923.0
2007-10-12 13:00:00,15824.0
2007-10-12 14:00:00,15590.0
2007-10-12 15:00:00,15357.0
2007-10-12 16:00:00,15259.0
2007-10-12 17:00:00,15305.0
2007-10-12 18:00:00,15846.0
2007-10-12 19:00:00,15791.0
2007-10-12 20:00:00,15164.0
2007-10-12 21:00:00,14273.0
2007-10-12 22:00:00,13053.0
2007-10-12 23:00:00,11774.0
2007-10-13 00:00:00,10800.0
2007-10-13 01:00:00,10232.0
2007-10-13 02:00:00,9928.0
2007-10-13 03:00:00,9779.0
2007-10-13 04:00:00,9847.0
2007-10-13 05:00:00,10238.0
2007-10-13 06:00:00,11044.0
2007-10-13 07:00:00,11967.0
2007-10-13 08:00:00,13070.0
2007-10-13 09:00:00,13724.0
2007-10-13 10:00:00,13948.0
2007-10-13 11:00:00,13895.0
2007-10-13 12:00:00,13698.0
2007-10-13 13:00:00,13443.0
2007-10-13 14:00:00,13220.0
2007-10-13 15:00:00,13136.0
2007-10-13 16:00:00,13273.0
2007-10-13 17:00:00,13645.0
2007-10-13 18:00:00,14552.0
2007-10-13 19:00:00,14686.0
2007-10-13 20:00:00,14257.0
2007-10-13 21:00:00,13527.0
2007-10-13 22:00:00,12555.0
2007-10-13 23:00:00,11542.0
2007-10-14 00:00:00,10762.0
2007-10-14 01:00:00,10147.0
2007-10-14 02:00:00,9742.0
2007-10-14 03:00:00,9574.0
2007-10-14 04:00:00,9579.0
2007-10-14 05:00:00,9810.0
2007-10-14 06:00:00,10294.0
2007-10-14 07:00:00,10914.0
2007-10-14 08:00:00,11983.0
2007-10-14 09:00:00,12770.0
2007-10-14 10:00:00,13176.0
2007-10-14 11:00:00,13394.0
2007-10-14 12:00:00,13454.0
2007-10-14 13:00:00,13340.0
2007-10-14 14:00:00,13222.0
2007-10-14 15:00:00,13253.0
2007-10-14 16:00:00,13525.0
2007-10-14 17:00:00,14022.0
2007-10-14 18:00:00,15090.0
2007-10-14 19:00:00,15166.0
2007-10-14 20:00:00,14719.0
2007-10-14 21:00:00,13624.0
2007-10-14 22:00:00,12271.0
2007-10-14 23:00:00,11139.0
2007-10-15 00:00:00,10334.0
2007-10-15 01:00:00,9952.0
2007-10-15 02:00:00,9797.0
2007-10-15 03:00:00,9773.0
2007-10-15 04:00:00,10119.0
2007-10-15 05:00:00,11277.0
2007-10-15 06:00:00,13573.0
2007-10-15 07:00:00,14892.0
2007-10-15 08:00:00,15321.0
2007-10-15 09:00:00,15566.0
2007-10-15 10:00:00,15746.0
2007-10-15 11:00:00,15759.0
2007-10-15 12:00:00,15684.0
2007-10-15 13:00:00,15643.0
2007-10-15 14:00:00,15472.0
2007-10-15 15:00:00,15343.0
2007-10-15 16:00:00,15401.0
2007-10-15 17:00:00,15820.0
2007-10-15 18:00:00,16882.0
2007-10-15 19:00:00,16857.0
2007-10-15 20:00:00,16076.0
2007-10-15 21:00:00,14831.0
2007-10-15 22:00:00,13225.0
2007-10-15 23:00:00,11778.0
2007-10-16 00:00:00,10856.0
2007-10-16 01:00:00,10389.0
2007-10-16 02:00:00,10163.0
2007-10-16 03:00:00,10120.0
2007-10-16 04:00:00,10385.0
2007-10-16 05:00:00,11497.0
2007-10-16 06:00:00,13752.0
2007-10-16 07:00:00,14958.0
2007-10-16 08:00:00,15259.0
2007-10-16 09:00:00,15450.0
2007-10-16 10:00:00,15604.0
2007-10-16 11:00:00,15648.0
2007-10-16 12:00:00,15604.0
2007-10-16 13:00:00,15627.0
2007-10-16 14:00:00,15533.0
2007-10-16 15:00:00,15421.0
2007-10-16 16:00:00,15491.0
2007-10-16 17:00:00,15746.0
2007-10-16 18:00:00,16735.0
2007-10-16 19:00:00,16754.0
2007-10-16 20:00:00,16044.0
2007-10-16 21:00:00,14823.0
2007-10-16 22:00:00,13252.0
2007-10-16 23:00:00,11838.0
2007-10-17 00:00:00,10885.0
2007-10-17 01:00:00,10404.0
2007-10-17 02:00:00,10186.0
2007-10-17 03:00:00,10147.0
2007-10-17 04:00:00,10442.0
2007-10-17 05:00:00,11558.0
2007-10-17 06:00:00,13804.0
2007-10-17 07:00:00,15038.0
2007-10-17 08:00:00,15373.0
2007-10-17 09:00:00,15535.0
2007-10-17 10:00:00,15678.0
2007-10-17 11:00:00,15718.0
2007-10-17 12:00:00,15676.0
2007-10-17 13:00:00,15758.0
2007-10-17 14:00:00,15681.0
2007-10-17 15:00:00,15611.0
2007-10-17 16:00:00,15687.0
2007-10-17 17:00:00,15970.0
2007-10-17 18:00:00,16953.0
2007-10-17 19:00:00,16931.0
2007-10-17 20:00:00,16205.0
2007-10-17 21:00:00,14993.0
2007-10-17 22:00:00,13392.0
2007-10-17 23:00:00,11963.0
2007-10-18 00:00:00,11037.0
2007-10-18 01:00:00,10567.0
2007-10-18 02:00:00,10304.0
2007-10-18 03:00:00,10203.0
2007-10-18 04:00:00,10439.0
2007-10-18 05:00:00,11524.0
2007-10-18 06:00:00,13738.0
2007-10-18 07:00:00,15094.0
2007-10-18 08:00:00,15476.0
2007-10-18 09:00:00,15778.0
2007-10-18 10:00:00,16072.0
2007-10-18 11:00:00,16231.0
2007-10-18 12:00:00,16272.0
2007-10-18 13:00:00,16361.0
2007-10-18 14:00:00,16292.0
2007-10-18 15:00:00,16167.0
2007-10-18 16:00:00,16145.0
2007-10-18 17:00:00,16435.0
2007-10-18 18:00:00,17322.0
2007-10-18 19:00:00,17196.0
2007-10-18 20:00:00,16506.0
2007-10-18 21:00:00,15304.0
2007-10-18 22:00:00,13831.0
2007-10-18 23:00:00,12479.0
2007-10-19 00:00:00,11461.0
2007-10-19 01:00:00,10840.0
2007-10-19 02:00:00,10566.0
2007-10-19 03:00:00,10466.0
2007-10-19 04:00:00,10706.0
2007-10-19 05:00:00,11775.0
2007-10-19 06:00:00,14000.0
2007-10-19 07:00:00,15570.0
2007-10-19 08:00:00,16144.0
2007-10-19 09:00:00,16608.0
2007-10-19 10:00:00,16938.0
2007-10-19 11:00:00,17060.0
2007-10-19 12:00:00,16985.0
2007-10-19 13:00:00,16987.0
2007-10-19 14:00:00,16848.0
2007-10-19 15:00:00,16735.0
2007-10-19 16:00:00,16812.0
2007-10-19 17:00:00,17107.0
2007-10-19 18:00:00,17484.0
2007-10-19 19:00:00,17063.0
2007-10-19 20:00:00,16417.0
2007-10-19 21:00:00,15486.0
2007-10-19 22:00:00,14191.0
2007-10-19 23:00:00,12878.0
2007-10-20 00:00:00,11910.0
2007-10-20 01:00:00,11208.0
2007-10-20 02:00:00,10699.0
2007-10-20 03:00:00,10345.0
2007-10-20 04:00:00,10334.0
2007-10-20 05:00:00,10643.0
2007-10-20 06:00:00,11414.0
2007-10-20 07:00:00,12364.0
2007-10-20 08:00:00,13474.0
2007-10-20 09:00:00,14327.0
2007-10-20 10:00:00,14728.0
2007-10-20 11:00:00,14838.0
2007-10-20 12:00:00,14717.0
2007-10-20 13:00:00,14443.0
2007-10-20 14:00:00,14203.0
2007-10-20 15:00:00,14061.0
2007-10-20 16:00:00,14097.0
2007-10-20 17:00:00,14391.0
2007-10-20 18:00:00,15230.0
2007-10-20 19:00:00,15089.0
2007-10-20 20:00:00,14527.0
2007-10-20 21:00:00,13773.0
2007-10-20 22:00:00,12785.0
2007-10-20 23:00:00,11709.0
2007-10-21 00:00:00,10743.0
2007-10-21 01:00:00,10133.0
2007-10-21 02:00:00,9790.0
2007-10-21 03:00:00,9611.0
2007-10-21 04:00:00,9590.0
2007-10-21 05:00:00,9777.0
2007-10-21 06:00:00,10251.0
2007-10-21 07:00:00,10819.0
2007-10-21 08:00:00,11895.0
2007-10-21 09:00:00,12797.0
2007-10-21 10:00:00,13276.0
2007-10-21 11:00:00,13569.0
2007-10-21 12:00:00,13698.0
2007-10-21 13:00:00,13686.0
2007-10-21 14:00:00,13584.0
2007-10-21 15:00:00,13607.0
2007-10-21 16:00:00,13852.0
2007-10-21 17:00:00,14367.0
2007-10-21 18:00:00,15551.0
2007-10-21 19:00:00,15563.0
2007-10-21 20:00:00,14864.0
2007-10-21 21:00:00,13786.0
2007-10-21 22:00:00,12640.0
2007-10-21 23:00:00,11570.0
2007-10-22 00:00:00,10665.0
2007-10-22 01:00:00,10047.0
2007-10-22 02:00:00,9780.0
2007-10-22 03:00:00,9728.0
2007-10-22 04:00:00,10016.0
2007-10-22 05:00:00,11096.0
2007-10-22 06:00:00,13280.0
2007-10-22 07:00:00,14538.0
2007-10-22 08:00:00,15066.0
2007-10-22 09:00:00,15577.0
2007-10-22 10:00:00,16031.0
2007-10-22 11:00:00,16328.0
2007-10-22 12:00:00,16453.0
2007-10-22 13:00:00,16633.0
2007-10-22 14:00:00,16621.0
2007-10-22 15:00:00,16534.0
2007-10-22 16:00:00,16456.0
2007-10-22 17:00:00,16565.0
2007-10-22 18:00:00,17459.0
2007-10-22 19:00:00,17260.0
2007-10-22 20:00:00,16446.0
2007-10-22 21:00:00,15216.0
2007-10-22 22:00:00,13546.0
2007-10-22 23:00:00,12111.0
2007-10-23 00:00:00,11181.0
2007-10-23 01:00:00,10671.0
2007-10-23 02:00:00,10423.0
2007-10-23 03:00:00,10353.0
2007-10-23 04:00:00,10651.0
2007-10-23 05:00:00,11760.0
2007-10-23 06:00:00,14034.0
2007-10-23 07:00:00,15403.0
2007-10-23 08:00:00,15846.0
2007-10-23 09:00:00,16265.0
2007-10-23 10:00:00,16661.0
2007-10-23 11:00:00,16849.0
2007-10-23 12:00:00,16878.0
2007-10-23 13:00:00,16967.0
2007-10-23 14:00:00,16903.0
2007-10-23 15:00:00,16768.0
2007-10-23 16:00:00,16787.0
2007-10-23 17:00:00,17141.0
2007-10-23 18:00:00,17937.0
2007-10-23 19:00:00,17693.0
2007-10-23 20:00:00,16946.0
2007-10-23 21:00:00,15713.0
2007-10-23 22:00:00,14090.0
2007-10-23 23:00:00,12630.0
2007-10-24 00:00:00,11578.0
2007-10-24 01:00:00,10997.0
2007-10-24 02:00:00,10699.0
2007-10-24 03:00:00,10557.0
2007-10-24 04:00:00,10757.0
2007-10-24 05:00:00,11725.0
2007-10-24 06:00:00,13929.0
2007-10-24 07:00:00,15369.0
2007-10-24 08:00:00,15685.0
2007-10-24 09:00:00,15910.0
2007-10-24 10:00:00,16074.0
2007-10-24 11:00:00,16090.0
2007-10-24 12:00:00,15978.0
2007-10-24 13:00:00,15934.0
2007-10-24 14:00:00,15781.0
2007-10-24 15:00:00,15674.0
2007-10-24 16:00:00,15772.0
2007-10-24 17:00:00,16313.0
2007-10-24 18:00:00,17025.0
2007-10-24 19:00:00,16745.0
2007-10-24 20:00:00,16031.0
2007-10-24 21:00:00,14816.0
2007-10-24 22:00:00,13354.0
2007-10-24 23:00:00,11986.0
2007-10-25 00:00:00,10938.0
2007-10-25 01:00:00,10381.0
2007-10-25 02:00:00,10092.0
2007-10-25 03:00:00,10014.0
2007-10-25 04:00:00,10239.0
2007-10-25 05:00:00,11277.0
2007-10-25 06:00:00,13472.0
2007-10-25 07:00:00,14949.0
2007-10-25 08:00:00,15293.0
2007-10-25 09:00:00,15499.0
2007-10-25 10:00:00,15660.0
2007-10-25 11:00:00,15658.0
2007-10-25 12:00:00,15541.0
2007-10-25 13:00:00,15478.0
2007-10-25 14:00:00,15339.0
2007-10-25 15:00:00,15191.0
2007-10-25 16:00:00,15197.0
2007-10-25 17:00:00,15596.0
2007-10-25 18:00:00,16646.0
2007-10-25 19:00:00,16551.0
2007-10-25 20:00:00,15903.0
2007-10-25 21:00:00,14786.0
2007-10-25 22:00:00,13383.0
2007-10-25 23:00:00,12069.0
2007-10-26 00:00:00,11056.0
2007-10-26 01:00:00,10489.0
2007-10-26 02:00:00,10192.0
2007-10-26 03:00:00,10143.0
2007-10-26 04:00:00,10411.0
2007-10-26 05:00:00,11517.0
2007-10-26 06:00:00,13680.0
2007-10-26 07:00:00,14993.0
2007-10-26 08:00:00,15305.0
2007-10-26 09:00:00,15463.0
2007-10-26 10:00:00,15589.0
2007-10-26 11:00:00,15553.0
2007-10-26 12:00:00,15425.0
2007-10-26 13:00:00,15388.0
2007-10-26 14:00:00,15200.0
2007-10-26 15:00:00,15007.0
2007-10-26 16:00:00,15084.0
2007-10-26 17:00:00,15624.0
2007-10-26 18:00:00,16230.0
2007-10-26 19:00:00,15813.0
2007-10-26 20:00:00,15240.0
2007-10-26 21:00:00,14402.0
2007-10-26 22:00:00,13190.0
2007-10-26 23:00:00,11934.0
2007-10-27 00:00:00,10948.0
2007-10-27 01:00:00,10425.0
2007-10-27 02:00:00,10122.0
2007-10-27 03:00:00,9974.0
2007-10-27 04:00:00,10023.0
2007-10-27 05:00:00,10382.0
2007-10-27 06:00:00,11182.0
2007-10-27 07:00:00,12173.0
2007-10-27 08:00:00,13353.0
2007-10-27 09:00:00,14352.0
2007-10-27 10:00:00,14890.0
2007-10-27 11:00:00,15102.0
2007-10-27 12:00:00,15062.0
2007-10-27 13:00:00,14898.0
2007-10-27 14:00:00,14709.0
2007-10-27 15:00:00,14650.0
2007-10-27 16:00:00,14834.0
2007-10-27 17:00:00,15283.0
2007-10-27 18:00:00,15743.0
2007-10-27 19:00:00,15434.0
2007-10-27 20:00:00,14794.0
2007-10-27 21:00:00,13981.0
2007-10-27 22:00:00,12936.0
2007-10-27 23:00:00,11878.0
2007-10-28 00:00:00,11013.0
2007-10-28 01:00:00,10273.0
2007-10-28 02:00:00,9840.0
2007-10-28 03:00:00,9627.0
2007-10-28 04:00:00,9592.0
2007-10-28 05:00:00,9773.0
2007-10-28 06:00:00,10272.0
2007-10-28 07:00:00,10869.0
2007-10-28 08:00:00,11856.0
2007-10-28 09:00:00,12731.0
2007-10-28 10:00:00,13170.0
2007-10-28 11:00:00,13367.0
2007-10-28 12:00:00,13399.0
2007-10-28 13:00:00,13274.0
2007-10-28 14:00:00,13135.0
2007-10-28 15:00:00,13159.0
2007-10-28 16:00:00,13504.0
2007-10-28 17:00:00,14273.0
2007-10-28 18:00:00,15515.0
2007-10-28 19:00:00,15484.0
2007-10-28 20:00:00,14939.0
2007-10-28 21:00:00,13912.0
2007-10-28 22:00:00,12765.0
2007-10-28 23:00:00,11753.0
2007-10-29 00:00:00,10998.0
2007-10-29 01:00:00,10428.0
2007-10-29 02:00:00,10214.0
2007-10-29 03:00:00,10207.0
2007-10-29 04:00:00,10564.0
2007-10-29 05:00:00,11747.0
2007-10-29 06:00:00,13986.0
2007-10-29 07:00:00,15472.0
2007-10-29 08:00:00,15730.0
2007-10-29 09:00:00,15840.0
2007-10-29 10:00:00,15970.0
2007-10-29 11:00:00,15913.0
2007-10-29 12:00:00,15767.0
2007-10-29 13:00:00,15625.0
2007-10-29 14:00:00,15421.0
2007-10-29 15:00:00,15270.0
2007-10-29 16:00:00,15440.0
2007-10-29 17:00:00,16199.0
2007-10-29 18:00:00,17430.0
2007-10-29 19:00:00,17256.0
2007-10-29 20:00:00,16567.0
2007-10-29 21:00:00,15394.0
2007-10-29 22:00:00,13815.0
2007-10-29 23:00:00,12336.0
2007-10-30 00:00:00,11406.0
2007-10-30 01:00:00,10913.0
2007-10-30 02:00:00,10707.0
2007-10-30 03:00:00,10642.0
2007-10-30 04:00:00,10933.0
2007-10-30 05:00:00,12038.0
2007-10-30 06:00:00,14338.0
2007-10-30 07:00:00,15613.0
2007-10-30 08:00:00,15743.0
2007-10-30 09:00:00,15713.0
2007-10-30 10:00:00,15747.0
2007-10-30 11:00:00,15718.0
2007-10-30 12:00:00,15595.0
2007-10-30 13:00:00,15536.0
2007-10-30 14:00:00,15374.0
2007-10-30 15:00:00,15226.0
2007-10-30 16:00:00,15309.0
2007-10-30 17:00:00,15913.0
2007-10-30 18:00:00,16992.0
2007-10-30 19:00:00,16781.0
2007-10-30 20:00:00,16109.0
2007-10-30 21:00:00,14954.0
2007-10-30 22:00:00,13361.0
2007-10-30 23:00:00,11971.0
2007-10-31 00:00:00,11057.0
2007-10-31 01:00:00,10589.0
2007-10-31 02:00:00,10335.0
2007-10-31 03:00:00,10304.0
2007-10-31 04:00:00,10609.0
2007-10-31 05:00:00,11783.0
2007-10-31 06:00:00,14077.0
2007-10-31 07:00:00,15368.0
2007-10-31 08:00:00,15553.0
2007-10-31 09:00:00,15615.0
2007-10-31 10:00:00,15719.0
2007-10-31 11:00:00,15723.0
2007-10-31 12:00:00,15627.0
2007-10-31 13:00:00,15559.0
2007-10-31 14:00:00,15408.0
2007-10-31 15:00:00,15301.0
2007-10-31 16:00:00,15374.0
2007-10-31 17:00:00,15749.0
2007-10-31 18:00:00,16291.0
2007-10-31 19:00:00,15858.0
2007-10-31 20:00:00,15462.0
2007-10-31 21:00:00,14566.0
2007-10-31 22:00:00,13053.0
2007-10-31 23:00:00,11733.0
2007-11-01 00:00:00,10874.0
2007-11-01 01:00:00,10421.0
2007-11-01 02:00:00,10198.0
2007-11-01 03:00:00,10135.0
2007-11-01 04:00:00,10386.0
2007-11-01 05:00:00,11444.0
2007-11-01 06:00:00,13656.0
2007-11-01 07:00:00,15021.0
2007-11-01 08:00:00,15352.0
2007-11-01 09:00:00,15557.0
2007-11-01 10:00:00,15792.0
2007-11-01 11:00:00,15824.0
2007-11-01 12:00:00,15805.0
2007-11-01 13:00:00,15791.0
2007-11-01 14:00:00,15635.0
2007-11-01 15:00:00,15527.0
2007-11-01 16:00:00,15719.0
2007-11-01 17:00:00,16447.0
2007-11-01 18:00:00,17018.0
2007-11-01 19:00:00,16690.0
2007-11-01 20:00:00,15976.0
2007-11-01 21:00:00,14782.0
2007-11-01 22:00:00,13229.0
2007-11-01 23:00:00,11846.0
2007-11-02 00:00:00,10959.0
2007-11-02 01:00:00,10519.0
2007-11-02 02:00:00,10287.0
2007-11-02 03:00:00,10254.0
2007-11-02 04:00:00,10587.0
2007-11-02 05:00:00,11716.0
2007-11-02 06:00:00,14009.0
2007-11-02 07:00:00,15407.0
2007-11-02 08:00:00,15617.0
2007-11-02 09:00:00,15715.0
2007-11-02 10:00:00,15756.0
2007-11-02 11:00:00,15620.0
2007-11-02 12:00:00,15427.0
2007-11-02 13:00:00,15309.0
2007-11-02 14:00:00,15080.0
2007-11-02 15:00:00,14893.0
2007-11-02 16:00:00,14982.0
2007-11-02 17:00:00,15664.0
2007-11-02 18:00:00,16502.0
2007-11-02 19:00:00,16120.0
2007-11-02 20:00:00,15514.0
2007-11-02 21:00:00,14658.0
2007-11-02 22:00:00,13464.0
2007-11-02 23:00:00,12188.0
2007-11-03 00:00:00,11265.0
2007-11-03 01:00:00,10690.0
2007-11-03 02:00:00,10409.0
2007-11-03 03:00:00,10259.0
2007-11-03 04:00:00,10318.0
2007-11-03 05:00:00,10730.0
2007-11-03 06:00:00,11581.0
2007-11-03 07:00:00,12636.0
2007-11-03 08:00:00,13748.0
2007-11-03 09:00:00,14603.0
2007-11-03 10:00:00,15052.0
2007-11-03 11:00:00,15238.0
2007-11-03 12:00:00,15230.0
2007-11-03 13:00:00,15043.0
2007-11-03 14:00:00,14875.0
2007-11-03 15:00:00,14794.0
2007-11-03 16:00:00,15036.0
2007-11-03 17:00:00,15648.0
2007-11-03 18:00:00,15916.0
2007-11-03 19:00:00,15432.0
2007-11-03 20:00:00,14813.0
2007-11-03 21:00:00,14061.0
2007-11-03 22:00:00,13007.0
2007-11-03 23:00:00,11994.0
2007-11-04 00:00:00,11125.0
2007-11-04 01:00:00,20778.0
2007-11-04 02:00:00,10086.0
2007-11-04 03:00:00,10045.0
2007-11-04 04:00:00,10174.0
2007-11-04 05:00:00,10562.0
2007-11-04 06:00:00,11174.0
2007-11-04 07:00:00,12190.0
2007-11-04 08:00:00,13095.0
2007-11-04 09:00:00,13541.0
2007-11-04 10:00:00,13607.0
2007-11-04 11:00:00,13573.0
2007-11-04 12:00:00,13487.0
2007-11-04 13:00:00,13342.0
2007-11-04 14:00:00,13282.0
2007-11-04 15:00:00,13609.0
2007-11-04 16:00:00,14732.0
2007-11-04 17:00:00,15962.0
2007-11-04 18:00:00,15750.0
2007-11-04 19:00:00,15222.0
2007-11-04 20:00:00,14681.0
2007-11-04 21:00:00,13447.0
2007-11-04 22:00:00,12159.0
2007-11-04 23:00:00,11172.0
2007-11-05 00:00:00,10551.0
2007-11-05 01:00:00,10228.0
2007-11-05 02:00:00,10148.0
2007-11-05 03:00:00,10236.0
2007-11-05 04:00:00,10685.0
2007-11-05 05:00:00,12030.0
2007-11-05 06:00:00,14158.0
2007-11-05 07:00:00,15319.0
2007-11-05 08:00:00,15578.0
2007-11-05 09:00:00,15651.0
2007-11-05 10:00:00,15706.0
2007-11-05 11:00:00,15645.0
2007-11-05 12:00:00,15507.0
2007-11-05 13:00:00,15421.0
2007-11-05 14:00:00,15261.0
2007-11-05 15:00:00,15278.0
2007-11-05 16:00:00,16165.0
2007-11-05 17:00:00,17555.0
2007-11-05 18:00:00,17432.0
2007-11-05 19:00:00,16886.0
2007-11-05 20:00:00,16030.0
2007-11-05 21:00:00,14727.0
2007-11-05 22:00:00,13167.0
2007-11-05 23:00:00,11830.0
2007-11-06 00:00:00,10979.0
2007-11-06 01:00:00,10539.0
2007-11-06 02:00:00,10362.0
2007-11-06 03:00:00,10367.0
2007-11-06 04:00:00,10701.0
2007-11-06 05:00:00,11861.0
2007-11-06 06:00:00,13975.0
2007-11-06 07:00:00,15317.0
2007-11-06 08:00:00,15794.0
2007-11-06 09:00:00,16063.0
2007-11-06 10:00:00,16325.0
2007-11-06 11:00:00,16398.0
2007-11-06 12:00:00,16311.0
2007-11-06 13:00:00,16215.0
2007-11-06 14:00:00,16035.0
2007-11-06 15:00:00,15968.0
2007-11-06 16:00:00,16584.0
2007-11-06 17:00:00,17767.0
2007-11-06 18:00:00,17631.0
2007-11-06 19:00:00,17118.0
2007-11-06 20:00:00,16353.0
2007-11-06 21:00:00,15115.0
2007-11-06 22:00:00,13597.0
2007-11-06 23:00:00,12263.0
2007-11-07 00:00:00,11444.0
2007-11-07 01:00:00,11044.0
2007-11-07 02:00:00,10889.0
2007-11-07 03:00:00,10902.0
2007-11-07 04:00:00,11275.0
2007-11-07 05:00:00,12527.0
2007-11-07 06:00:00,14598.0
2007-11-07 07:00:00,15661.0
2007-11-07 08:00:00,15820.0
2007-11-07 09:00:00,15862.0
2007-11-07 10:00:00,15914.0
2007-11-07 11:00:00,15826.0
2007-11-07 12:00:00,15689.0
2007-11-07 13:00:00,15629.0
2007-11-07 14:00:00,15541.0
2007-11-07 15:00:00,15661.0
2007-11-07 16:00:00,16642.0
2007-11-07 17:00:00,17973.0
2007-11-07 18:00:00,17860.0
2007-11-07 19:00:00,17382.0
2007-11-07 20:00:00,16646.0
2007-11-07 21:00:00,15462.0
2007-11-07 22:00:00,13925.0
2007-11-07 23:00:00,12680.0
2007-11-08 00:00:00,11841.0
2007-11-08 01:00:00,11471.0
2007-11-08 02:00:00,11296.0
2007-11-08 03:00:00,11321.0
2007-11-08 04:00:00,11625.0
2007-11-08 05:00:00,12886.0
2007-11-08 06:00:00,14992.0
2007-11-08 07:00:00,16076.0
2007-11-08 08:00:00,16245.0
2007-11-08 09:00:00,16266.0
2007-11-08 10:00:00,16292.0
2007-11-08 11:00:00,16208.0
2007-11-08 12:00:00,16024.0
2007-11-08 13:00:00,15967.0
2007-11-08 14:00:00,15838.0
2007-11-08 15:00:00,15939.0
2007-11-08 16:00:00,16920.0
2007-11-08 17:00:00,18211.0
2007-11-08 18:00:00,18136.0
2007-11-08 19:00:00,17712.0
2007-11-08 20:00:00,16979.0
2007-11-08 21:00:00,15798.0
2007-11-08 22:00:00,14233.0
2007-11-08 23:00:00,12896.0
2007-11-09 00:00:00,11973.0
2007-11-09 01:00:00,11538.0
2007-11-09 02:00:00,11353.0
2007-11-09 03:00:00,11349.0
2007-11-09 04:00:00,11629.0
2007-11-09 05:00:00,12801.0
2007-11-09 06:00:00,14834.0
2007-11-09 07:00:00,16009.0
2007-11-09 08:00:00,16316.0
2007-11-09 09:00:00,16341.0
2007-11-09 10:00:00,16326.0
2007-11-09 11:00:00,16232.0
2007-11-09 12:00:00,16007.0
2007-11-09 13:00:00,15925.0
2007-11-09 14:00:00,15796.0
2007-11-09 15:00:00,15831.0
2007-11-09 16:00:00,16718.0
2007-11-09 17:00:00,17661.0
2007-11-09 18:00:00,17357.0
2007-11-09 19:00:00,16761.0
2007-11-09 20:00:00,16087.0
2007-11-09 21:00:00,15147.0
2007-11-09 22:00:00,13927.0
2007-11-09 23:00:00,12649.0
2007-11-10 00:00:00,11770.0
2007-11-10 01:00:00,11247.0
2007-11-10 02:00:00,10961.0
2007-11-10 03:00:00,10885.0
2007-11-10 04:00:00,11008.0
2007-11-10 05:00:00,11500.0
2007-11-10 06:00:00,12286.0
2007-11-10 07:00:00,13249.0
2007-11-10 08:00:00,14286.0
2007-11-10 09:00:00,14872.0
2007-11-10 10:00:00,15038.0
2007-11-10 11:00:00,14932.0
2007-11-10 12:00:00,14645.0
2007-11-10 13:00:00,14321.0
2007-11-10 14:00:00,14148.0
2007-11-10 15:00:00,14272.0
2007-11-10 16:00:00,15264.0
2007-11-10 17:00:00,16476.0
2007-11-10 18:00:00,16296.0
2007-11-10 19:00:00,15853.0
2007-11-10 20:00:00,15336.0
2007-11-10 21:00:00,14616.0
2007-11-10 22:00:00,13619.0
2007-11-10 23:00:00,12635.0
2007-11-11 00:00:00,11857.0
2007-11-11 01:00:00,11389.0
2007-11-11 02:00:00,11163.0
2007-11-11 03:00:00,11084.0
2007-11-11 04:00:00,11172.0
2007-11-11 05:00:00,11496.0
2007-11-11 06:00:00,11970.0
2007-11-11 07:00:00,12700.0
2007-11-11 08:00:00,13617.0
2007-11-11 09:00:00,14167.0
2007-11-11 10:00:00,14326.0
2007-11-11 11:00:00,14348.0
2007-11-11 12:00:00,14199.0
2007-11-11 13:00:00,13984.0
2007-11-11 14:00:00,13874.0
2007-11-11 15:00:00,14079.0
2007-11-11 16:00:00,15219.0
2007-11-11 17:00:00,16616.0
2007-11-11 18:00:00,16521.0
2007-11-11 19:00:00,16101.0
2007-11-11 20:00:00,15478.0
2007-11-11 21:00:00,14570.0
2007-11-11 22:00:00,13469.0
2007-11-11 23:00:00,12464.0
2007-11-12 00:00:00,11761.0
2007-11-12 01:00:00,11375.0
2007-11-12 02:00:00,11249.0
2007-11-12 03:00:00,11279.0
2007-11-12 04:00:00,11611.0
2007-11-12 05:00:00,12569.0
2007-11-12 06:00:00,14044.0
2007-11-12 07:00:00,15276.0
2007-11-12 08:00:00,16156.0
2007-11-12 09:00:00,16531.0
2007-11-12 10:00:00,16676.0
2007-11-12 11:00:00,16635.0
2007-11-12 12:00:00,16381.0
2007-11-12 13:00:00,16215.0
2007-11-12 14:00:00,16080.0
2007-11-12 15:00:00,16189.0
2007-11-12 16:00:00,17291.0
2007-11-12 17:00:00,18312.0
2007-11-12 18:00:00,18014.0
2007-11-12 19:00:00,17456.0
2007-11-12 20:00:00,16570.0
2007-11-12 21:00:00,15275.0
2007-11-12 22:00:00,13701.0
2007-11-12 23:00:00,12322.0
2007-11-13 00:00:00,11438.0
2007-11-13 01:00:00,10959.0
2007-11-13 02:00:00,10717.0
2007-11-13 03:00:00,10657.0
2007-11-13 04:00:00,10967.0
2007-11-13 05:00:00,12110.0
2007-11-13 06:00:00,14266.0
2007-11-13 07:00:00,15552.0
2007-11-13 08:00:00,15894.0
2007-11-13 09:00:00,16001.0
2007-11-13 10:00:00,16029.0
2007-11-13 11:00:00,15909.0
2007-11-13 12:00:00,15739.0
2007-11-13 13:00:00,15662.0
2007-11-13 14:00:00,15485.0
2007-11-13 15:00:00,15487.0
2007-11-13 16:00:00,16419.0
2007-11-13 17:00:00,17711.0
2007-11-13 18:00:00,17562.0
2007-11-13 19:00:00,17055.0
2007-11-13 20:00:00,16332.0
2007-11-13 21:00:00,15159.0
2007-11-13 22:00:00,13641.0
2007-11-13 23:00:00,12295.0
2007-11-14 00:00:00,11445.0
2007-11-14 01:00:00,11024.0
2007-11-14 02:00:00,10839.0
2007-11-14 03:00:00,10843.0
2007-11-14 04:00:00,11239.0
2007-11-14 05:00:00,12481.0
2007-11-14 06:00:00,14614.0
2007-11-14 07:00:00,15700.0
2007-11-14 08:00:00,15853.0
2007-11-14 09:00:00,15835.0
2007-11-14 10:00:00,15851.0
2007-11-14 11:00:00,15795.0
2007-11-14 12:00:00,15632.0
2007-11-14 13:00:00,15574.0
2007-11-14 14:00:00,15499.0
2007-11-14 15:00:00,15621.0
2007-11-14 16:00:00,16778.0
2007-11-14 17:00:00,17739.0
2007-11-14 18:00:00,17524.0
2007-11-14 19:00:00,16966.0
2007-11-14 20:00:00,16184.0
2007-11-14 21:00:00,14944.0
2007-11-14 22:00:00,13393.0
2007-11-14 23:00:00,11974.0
2007-11-15 00:00:00,11056.0
2007-11-15 01:00:00,10579.0
2007-11-15 02:00:00,10329.0
2007-11-15 03:00:00,10269.0
2007-11-15 04:00:00,10567.0
2007-11-15 05:00:00,11679.0
2007-11-15 06:00:00,13782.0
2007-11-15 07:00:00,15002.0
2007-11-15 08:00:00,15466.0
2007-11-15 09:00:00,15741.0
2007-11-15 10:00:00,16016.0
2007-11-15 11:00:00,16087.0
2007-11-15 12:00:00,16045.0
2007-11-15 13:00:00,16084.0
2007-11-15 14:00:00,16069.0
2007-11-15 15:00:00,16265.0
2007-11-15 16:00:00,17099.0
2007-11-15 17:00:00,17707.0
2007-11-15 18:00:00,17478.0
2007-11-15 19:00:00,16951.0
2007-11-15 20:00:00,16196.0
2007-11-15 21:00:00,15048.0
2007-11-15 22:00:00,13545.0
2007-11-15 23:00:00,12186.0
2007-11-16 00:00:00,11292.0
2007-11-16 01:00:00,10817.0
2007-11-16 02:00:00,10608.0
2007-11-16 03:00:00,10588.0
2007-11-16 04:00:00,10939.0
2007-11-16 05:00:00,12119.0
2007-11-16 06:00:00,14233.0
2007-11-16 07:00:00,15525.0
2007-11-16 08:00:00,15918.0
2007-11-16 09:00:00,16071.0
2007-11-16 10:00:00,16166.0
2007-11-16 11:00:00,16165.0
2007-11-16 12:00:00,15992.0
2007-11-16 13:00:00,15928.0
2007-11-16 14:00:00,15816.0
2007-11-16 15:00:00,15842.0
2007-11-16 16:00:00,16795.0
2007-11-16 17:00:00,17777.0
2007-11-16 18:00:00,17516.0
2007-11-16 19:00:00,16994.0
2007-11-16 20:00:00,16364.0
2007-11-16 21:00:00,15478.0
2007-11-16 22:00:00,14297.0
2007-11-16 23:00:00,13070.0
2007-11-17 00:00:00,12131.0
2007-11-17 01:00:00,11608.0
2007-11-17 02:00:00,11343.0
2007-11-17 03:00:00,11221.0
2007-11-17 04:00:00,11365.0
2007-11-17 05:00:00,11880.0
2007-11-17 06:00:00,12703.0
2007-11-17 07:00:00,13606.0
2007-11-17 08:00:00,14525.0
2007-11-17 09:00:00,15027.0
2007-11-17 10:00:00,15133.0
2007-11-17 11:00:00,15002.0
2007-11-17 12:00:00,14757.0
2007-11-17 13:00:00,14522.0
2007-11-17 14:00:00,14412.0
2007-11-17 15:00:00,14576.0
2007-11-17 16:00:00,15745.0
2007-11-17 17:00:00,16753.0
2007-11-17 18:00:00,16536.0
2007-11-17 19:00:00,16057.0
2007-11-17 20:00:00,15488.0
2007-11-17 21:00:00,14777.0
2007-11-17 22:00:00,13778.0
2007-11-17 23:00:00,12766.0
2007-11-18 00:00:00,11887.0
2007-11-18 01:00:00,11380.0
2007-11-18 02:00:00,11111.0
2007-11-18 03:00:00,11013.0
2007-11-18 04:00:00,11091.0
2007-11-18 05:00:00,11418.0
2007-11-18 06:00:00,11913.0
2007-11-18 07:00:00,12613.0
2007-11-18 08:00:00,13522.0
2007-11-18 09:00:00,14087.0
2007-11-18 10:00:00,14311.0
2007-11-18 11:00:00,14392.0
2007-11-18 12:00:00,14342.0
2007-11-18 13:00:00,14200.0
2007-11-18 14:00:00,14137.0
2007-11-18 15:00:00,14410.0
2007-11-18 16:00:00,15783.0
2007-11-18 17:00:00,17105.0
2007-11-18 18:00:00,17023.0
2007-11-18 19:00:00,16650.0
2007-11-18 20:00:00,16041.0
2007-11-18 21:00:00,15019.0
2007-11-18 22:00:00,13799.0
2007-11-18 23:00:00,12583.0
2007-11-19 00:00:00,11766.0
2007-11-19 01:00:00,11361.0
2007-11-19 02:00:00,11220.0
2007-11-19 03:00:00,11263.0
2007-11-19 04:00:00,11669.0
2007-11-19 05:00:00,12883.0
2007-11-19 06:00:00,15036.0
2007-11-19 07:00:00,16258.0
2007-11-19 08:00:00,16607.0
2007-11-19 09:00:00,16728.0
2007-11-19 10:00:00,16778.0
2007-11-19 11:00:00,16682.0
2007-11-19 12:00:00,16499.0
2007-11-19 13:00:00,16418.0
2007-11-19 14:00:00,16311.0
2007-11-19 15:00:00,16460.0
2007-11-19 16:00:00,17637.0
2007-11-19 17:00:00,18704.0
2007-11-19 18:00:00,18561.0
2007-11-19 19:00:00,18084.0
2007-11-19 20:00:00,17293.0
2007-11-19 21:00:00,16065.0
2007-11-19 22:00:00,14476.0
2007-11-19 23:00:00,13033.0
2007-11-20 00:00:00,12182.0
2007-11-20 01:00:00,11753.0
2007-11-20 02:00:00,11546.0
2007-11-20 03:00:00,11557.0
2007-11-20 04:00:00,11922.0
2007-11-20 05:00:00,13117.0
2007-11-20 06:00:00,15253.0
2007-11-20 07:00:00,16510.0
2007-11-20 08:00:00,16867.0
2007-11-20 09:00:00,17104.0
2007-11-20 10:00:00,17260.0
2007-11-20 11:00:00,17293.0
2007-11-20 12:00:00,17215.0
2007-11-20 13:00:00,17161.0
2007-11-20 14:00:00,17030.0
2007-11-20 15:00:00,17186.0
2007-11-20 16:00:00,18057.0
2007-11-20 17:00:00,18688.0
2007-11-20 18:00:00,18393.0
2007-11-20 19:00:00,17892.0
2007-11-20 20:00:00,17171.0
2007-11-20 21:00:00,15998.0
2007-11-20 22:00:00,14441.0
2007-11-20 23:00:00,12983.0
2007-11-21 00:00:00,12014.0
2007-11-21 01:00:00,11504.0
2007-11-21 02:00:00,11226.0
2007-11-21 03:00:00,11186.0
2007-11-21 04:00:00,11512.0
2007-11-21 05:00:00,12594.0
2007-11-21 06:00:00,14482.0
2007-11-21 07:00:00,15837.0
2007-11-21 08:00:00,16464.0
2007-11-21 09:00:00,16769.0
2007-11-21 10:00:00,16916.0
2007-11-21 11:00:00,16888.0
2007-11-21 12:00:00,16731.0
2007-11-21 13:00:00,16685.0
2007-11-21 14:00:00,16562.0
2007-11-21 15:00:00,16542.0
2007-11-21 16:00:00,17401.0
2007-11-21 17:00:00,17931.0
2007-11-21 18:00:00,17584.0
2007-11-21 19:00:00,17001.0
2007-11-21 20:00:00,16281.0
2007-11-21 21:00:00,15223.0
2007-11-21 22:00:00,13801.0
2007-11-21 23:00:00,12380.0
2007-11-22 00:00:00,11295.0
2007-11-22 01:00:00,10666.0
2007-11-22 02:00:00,10310.0
2007-11-22 03:00:00,10137.0
2007-11-22 04:00:00,10210.0
2007-11-22 05:00:00,10604.0
2007-11-22 06:00:00,11294.0
2007-11-22 07:00:00,12201.0
2007-11-22 08:00:00,13397.0
2007-11-22 09:00:00,14383.0
2007-11-22 10:00:00,14887.0
2007-11-22 11:00:00,15008.0
2007-11-22 12:00:00,14556.0
2007-11-22 13:00:00,13718.0
2007-11-22 14:00:00,13003.0
2007-11-22 15:00:00,12688.0
2007-11-22 16:00:00,13161.0
2007-11-22 17:00:00,13454.0
2007-11-22 18:00:00,13392.0
2007-11-22 19:00:00,13314.0
2007-11-22 20:00:00,13153.0
2007-11-22 21:00:00,12704.0
2007-11-22 22:00:00,11991.0
2007-11-22 23:00:00,11179.0
2007-11-23 00:00:00,10540.0
2007-11-23 01:00:00,10234.0
2007-11-23 02:00:00,10130.0
2007-11-23 03:00:00,10196.0
2007-11-23 04:00:00,10502.0
2007-11-23 05:00:00,11201.0
2007-11-23 06:00:00,12172.0
2007-11-23 07:00:00,12995.0
2007-11-23 08:00:00,13924.0
2007-11-23 09:00:00,14514.0
2007-11-23 10:00:00,14826.0
2007-11-23 11:00:00,14889.0
2007-11-23 12:00:00,14785.0
2007-11-23 13:00:00,14614.0
2007-11-23 14:00:00,14529.0
2007-11-23 15:00:00,14731.0
2007-11-23 16:00:00,16025.0
2007-11-23 17:00:00,17126.0
2007-11-23 18:00:00,16872.0
2007-11-23 19:00:00,16465.0
2007-11-23 20:00:00,15948.0
2007-11-23 21:00:00,15220.0
2007-11-23 22:00:00,14180.0
2007-11-23 23:00:00,13137.0
2007-11-24 00:00:00,12315.0
2007-11-24 01:00:00,11872.0
2007-11-24 02:00:00,11658.0
2007-11-24 03:00:00,11595.0
2007-11-24 04:00:00,11741.0
2007-11-24 05:00:00,12184.0
2007-11-24 06:00:00,12936.0
2007-11-24 07:00:00,13707.0
2007-11-24 08:00:00,14678.0
2007-11-24 09:00:00,15313.0
2007-11-24 10:00:00,15524.0
2007-11-24 11:00:00,15413.0
2007-11-24 12:00:00,15167.0
2007-11-24 13:00:00,14829.0
2007-11-24 14:00:00,14656.0
2007-11-24 15:00:00,14862.0
2007-11-24 16:00:00,16157.0
2007-11-24 17:00:00,17169.0
2007-11-24 18:00:00,16966.0
2007-11-24 19:00:00,16532.0
2007-11-24 20:00:00,15978.0
2007-11-24 21:00:00,15249.0
2007-11-24 22:00:00,14211.0
2007-11-24 23:00:00,13103.0
2007-11-25 00:00:00,12228.0
2007-11-25 01:00:00,11719.0
2007-11-25 02:00:00,11446.0
2007-11-25 03:00:00,11356.0
2007-11-25 04:00:00,11424.0
2007-11-25 05:00:00,11747.0
2007-11-25 06:00:00,12241.0
2007-11-25 07:00:00,12837.0
2007-11-25 08:00:00,13725.0
2007-11-25 09:00:00,14335.0
2007-11-25 10:00:00,14576.0
2007-11-25 11:00:00,14587.0
2007-11-25 12:00:00,14497.0
2007-11-25 13:00:00,14277.0
2007-11-25 14:00:00,14109.0
2007-11-25 15:00:00,14342.0
2007-11-25 16:00:00,15829.0
2007-11-25 17:00:00,17166.0
2007-11-25 18:00:00,17142.0
2007-11-25 19:00:00,16754.0
2007-11-25 20:00:00,16070.0
2007-11-25 21:00:00,15005.0
2007-11-25 22:00:00,13751.0
2007-11-25 23:00:00,12548.0
2007-11-26 00:00:00,11604.0
2007-11-26 01:00:00,11100.0
2007-11-26 02:00:00,10892.0
2007-11-26 03:00:00,10898.0
2007-11-26 04:00:00,11237.0
2007-11-26 05:00:00,12390.0
2007-11-26 06:00:00,14571.0
2007-11-26 07:00:00,15934.0
2007-11-26 08:00:00,16398.0
2007-11-26 09:00:00,16664.0
2007-11-26 10:00:00,16800.0
2007-11-26 11:00:00,16805.0
2007-11-26 12:00:00,16720.0
2007-11-26 13:00:00,16668.0
2007-11-26 14:00:00,16506.0
2007-11-26 15:00:00,16727.0
2007-11-26 16:00:00,17923.0
2007-11-26 17:00:00,18602.0
2007-11-26 18:00:00,18346.0
2007-11-26 19:00:00,17795.0
2007-11-26 20:00:00,16923.0
2007-11-26 21:00:00,15661.0
2007-11-26 22:00:00,13975.0
2007-11-26 23:00:00,12424.0
2007-11-27 00:00:00,11434.0
2007-11-27 01:00:00,10962.0
2007-11-27 02:00:00,10695.0
2007-11-27 03:00:00,10611.0
2007-11-27 04:00:00,10879.0
2007-11-27 05:00:00,11983.0
2007-11-27 06:00:00,14094.0
2007-11-27 07:00:00,15203.0
2007-11-27 08:00:00,15542.0
2007-11-27 09:00:00,15696.0
2007-11-27 10:00:00,15767.0
2007-11-27 11:00:00,15836.0
2007-11-27 12:00:00,15740.0
2007-11-27 13:00:00,15648.0
2007-11-27 14:00:00,15563.0
2007-11-27 15:00:00,15690.0
2007-11-27 16:00:00,16964.0
2007-11-27 17:00:00,18204.0
2007-11-27 18:00:00,18116.0
2007-11-27 19:00:00,17691.0
2007-11-27 20:00:00,16983.0
2007-11-27 21:00:00,15820.0
2007-11-27 22:00:00,14265.0
2007-11-27 23:00:00,12789.0
2007-11-28 00:00:00,11803.0
2007-11-28 01:00:00,11361.0
2007-11-28 02:00:00,11183.0
2007-11-28 03:00:00,11214.0
2007-11-28 04:00:00,11594.0
2007-11-28 05:00:00,12815.0
2007-11-28 06:00:00,15059.0
2007-11-28 07:00:00,16197.0
2007-11-28 08:00:00,16378.0
2007-11-28 09:00:00,16425.0
2007-11-28 10:00:00,16414.0
2007-11-28 11:00:00,16368.0
2007-11-28 12:00:00,16187.0
2007-11-28 13:00:00,16123.0
2007-11-28 14:00:00,16043.0
2007-11-28 15:00:00,16172.0
2007-11-28 16:00:00,17568.0
2007-11-28 17:00:00,18827.0
2007-11-28 18:00:00,18705.0
2007-11-28 19:00:00,18261.0
2007-11-28 20:00:00,17566.0
2007-11-28 21:00:00,16377.0
2007-11-28 22:00:00,14725.0
2007-11-28 23:00:00,13184.0
2007-11-29 00:00:00,12201.0
2007-11-29 01:00:00,11710.0
2007-11-29 02:00:00,11479.0
2007-11-29 03:00:00,11430.0
2007-11-29 04:00:00,11754.0
2007-11-29 05:00:00,12913.0
2007-11-29 06:00:00,15077.0
2007-11-29 07:00:00,16338.0
2007-11-29 08:00:00,16579.0
2007-11-29 09:00:00,16689.0
2007-11-29 10:00:00,16761.0
2007-11-29 11:00:00,16708.0
2007-11-29 12:00:00,16628.0
2007-11-29 13:00:00,16576.0
2007-11-29 14:00:00,16420.0
2007-11-29 15:00:00,16389.0
2007-11-29 16:00:00,17484.0
2007-11-29 17:00:00,18594.0
2007-11-29 18:00:00,18443.0
2007-11-29 19:00:00,17943.0
2007-11-29 20:00:00,17266.0
2007-11-29 21:00:00,16162.0
2007-11-29 22:00:00,14573.0
2007-11-29 23:00:00,13078.0
2007-11-30 00:00:00,12132.0
2007-11-30 01:00:00,11670.0
2007-11-30 02:00:00,11480.0
2007-11-30 03:00:00,11482.0
2007-11-30 04:00:00,11859.0
2007-11-30 05:00:00,13054.0
2007-11-30 06:00:00,15258.0
2007-11-30 07:00:00,16454.0
2007-11-30 08:00:00,16750.0
2007-11-30 09:00:00,16752.0
2007-11-30 10:00:00,16663.0
2007-11-30 11:00:00,16506.0
2007-11-30 12:00:00,16253.0
2007-11-30 13:00:00,16098.0
2007-11-30 14:00:00,15954.0
2007-11-30 15:00:00,16073.0
2007-11-30 16:00:00,17377.0
2007-11-30 17:00:00,18403.0
2007-11-30 18:00:00,18204.0
2007-11-30 19:00:00,17714.0
2007-11-30 20:00:00,17081.0
2007-11-30 21:00:00,16203.0
2007-11-30 22:00:00,14934.0
2007-11-30 23:00:00,13531.0
2007-12-01 00:00:00,12505.0
2007-12-01 01:00:00,11940.0
2007-12-01 02:00:00,11699.0
2007-12-01 03:00:00,11640.0
2007-12-01 04:00:00,11812.0
2007-12-01 05:00:00,12337.0
2007-12-01 06:00:00,13255.0
2007-12-01 07:00:00,14202.0
2007-12-01 08:00:00,15308.0
2007-12-01 09:00:00,15973.0
2007-12-01 10:00:00,16148.0
2007-12-01 11:00:00,16078.0
2007-12-01 12:00:00,15929.0
2007-12-01 13:00:00,15753.0
2007-12-01 14:00:00,15646.0
2007-12-01 15:00:00,15928.0
2007-12-01 16:00:00,17486.0
2007-12-01 17:00:00,18616.0
2007-12-01 18:00:00,18403.0
2007-12-01 19:00:00,17965.0
2007-12-01 20:00:00,17430.0
2007-12-01 21:00:00,16704.0
2007-12-01 22:00:00,15605.0
2007-12-01 23:00:00,14469.0
2007-12-02 00:00:00,13562.0
2007-12-02 01:00:00,13013.0
2007-12-02 02:00:00,12722.0
2007-12-02 03:00:00,12590.0
2007-12-02 04:00:00,12647.0
2007-12-02 05:00:00,12917.0
2007-12-02 06:00:00,13456.0
2007-12-02 07:00:00,14201.0
2007-12-02 08:00:00,15291.0
2007-12-02 09:00:00,16057.0
2007-12-02 10:00:00,16421.0
2007-12-02 11:00:00,16589.0
2007-12-02 12:00:00,16647.0
2007-12-02 13:00:00,16600.0
2007-12-02 14:00:00,16663.0
2007-12-02 15:00:00,17058.0
2007-12-02 16:00:00,18485.0
2007-12-02 17:00:00,19251.0
2007-12-02 18:00:00,19059.0
2007-12-02 19:00:00,18574.0
2007-12-02 20:00:00,17788.0
2007-12-02 21:00:00,16549.0
2007-12-02 22:00:00,15011.0
2007-12-02 23:00:00,13641.0
2007-12-03 00:00:00,12737.0
2007-12-03 01:00:00,12222.0
2007-12-03 02:00:00,12026.0
2007-12-03 03:00:00,11993.0
2007-12-03 04:00:00,12279.0
2007-12-03 05:00:00,13352.0
2007-12-03 06:00:00,15162.0
2007-12-03 07:00:00,16490.0
2007-12-03 08:00:00,17158.0
2007-12-03 09:00:00,17472.0
2007-12-03 10:00:00,17638.0
2007-12-03 11:00:00,17718.0
2007-12-03 12:00:00,17682.0
2007-12-03 13:00:00,17626.0
2007-12-03 14:00:00,17472.0
2007-12-03 15:00:00,17551.0
2007-12-03 16:00:00,18810.0
2007-12-03 17:00:00,19869.0
2007-12-03 18:00:00,19704.0
2007-12-03 19:00:00,19193.0
2007-12-03 20:00:00,18407.0
2007-12-03 21:00:00,17106.0
2007-12-03 22:00:00,15504.0
2007-12-03 23:00:00,14029.0
2007-12-04 00:00:00,13013.0
2007-12-04 01:00:00,12519.0
2007-12-04 02:00:00,12369.0
2007-12-04 03:00:00,12390.0
2007-12-04 04:00:00,12777.0
2007-12-04 05:00:00,14050.0
2007-12-04 06:00:00,16300.0
2007-12-04 07:00:00,17450.0
2007-12-04 08:00:00,17708.0
2007-12-04 09:00:00,17866.0
2007-12-04 10:00:00,17939.0
2007-12-04 11:00:00,17815.0
2007-12-04 12:00:00,17678.0
2007-12-04 13:00:00,17637.0
2007-12-04 14:00:00,17483.0
2007-12-04 15:00:00,17676.0
2007-12-04 16:00:00,19146.0
2007-12-04 17:00:00,20289.0
2007-12-04 18:00:00,20214.0
2007-12-04 19:00:00,19757.0
2007-12-04 20:00:00,18999.0
2007-12-04 21:00:00,17732.0
2007-12-04 22:00:00,15938.0
2007-12-04 23:00:00,14393.0
2007-12-05 00:00:00,13409.0
2007-12-05 01:00:00,12944.0
2007-12-05 02:00:00,12765.0
2007-12-05 03:00:00,12776.0
2007-12-05 04:00:00,13154.0
2007-12-05 05:00:00,14373.0
2007-12-05 06:00:00,16638.0
2007-12-05 07:00:00,17729.0
2007-12-05 08:00:00,17814.0
2007-12-05 09:00:00,17739.0
2007-12-05 10:00:00,17671.0
2007-12-05 11:00:00,17529.0
2007-12-05 12:00:00,17408.0
2007-12-05 13:00:00,17404.0
2007-12-05 14:00:00,17412.0
2007-12-05 15:00:00,17712.0
2007-12-05 16:00:00,19173.0
2007-12-05 17:00:00,20108.0
2007-12-05 18:00:00,19963.0
2007-12-05 19:00:00,19511.0
2007-12-05 20:00:00,18808.0
2007-12-05 21:00:00,17576.0
2007-12-05 22:00:00,15828.0
2007-12-05 23:00:00,14262.0
2007-12-06 00:00:00,13321.0
2007-12-06 01:00:00,12875.0
2007-12-06 02:00:00,12742.0
2007-12-06 03:00:00,12787.0
2007-12-06 04:00:00,13232.0
2007-12-06 05:00:00,14498.0
2007-12-06 06:00:00,16802.0
2007-12-06 07:00:00,17923.0
2007-12-06 08:00:00,18068.0
2007-12-06 09:00:00,18003.0
2007-12-06 10:00:00,17879.0
2007-12-06 11:00:00,17714.0
2007-12-06 12:00:00,17492.0
2007-12-06 13:00:00,17369.0
2007-12-06 14:00:00,17224.0
2007-12-06 15:00:00,17399.0
2007-12-06 16:00:00,18893.0
2007-12-06 17:00:00,20131.0
2007-12-06 18:00:00,20086.0
2007-12-06 19:00:00,19736.0
2007-12-06 20:00:00,19105.0
2007-12-06 21:00:00,17960.0
2007-12-06 22:00:00,16265.0
2007-12-06 23:00:00,14695.0
2007-12-07 00:00:00,13705.0
2007-12-07 01:00:00,13221.0
2007-12-07 02:00:00,13021.0
2007-12-07 03:00:00,13033.0
2007-12-07 04:00:00,13408.0
2007-12-07 05:00:00,14597.0
2007-12-07 06:00:00,16781.0
2007-12-07 07:00:00,17938.0
2007-12-07 08:00:00,18172.0
2007-12-07 09:00:00,18156.0
2007-12-07 10:00:00,18064.0
2007-12-07 11:00:00,17901.0
2007-12-07 12:00:00,17704.0
2007-12-07 13:00:00,17650.0
2007-12-07 14:00:00,17540.0
2007-12-07 15:00:00,17790.0
2007-12-07 16:00:00,19001.0
2007-12-07 17:00:00,19564.0
2007-12-07 18:00:00,19277.0
2007-12-07 19:00:00,18707.0
2007-12-07 20:00:00,18031.0
2007-12-07 21:00:00,17049.0
2007-12-07 22:00:00,15666.0
2007-12-07 23:00:00,14235.0
2007-12-08 00:00:00,13175.0
2007-12-08 01:00:00,12589.0
2007-12-08 02:00:00,12264.0
2007-12-08 03:00:00,12137.0
2007-12-08 04:00:00,12235.0
2007-12-08 05:00:00,12692.0
2007-12-08 06:00:00,13567.0
2007-12-08 07:00:00,14514.0
2007-12-08 08:00:00,15532.0
2007-12-08 09:00:00,15992.0
2007-12-08 10:00:00,15973.0
2007-12-08 11:00:00,15783.0
2007-12-08 12:00:00,15463.0
2007-12-08 13:00:00,15141.0
2007-12-08 14:00:00,14986.0
2007-12-08 15:00:00,15194.0
2007-12-08 16:00:00,16686.0
2007-12-08 17:00:00,17867.0
2007-12-08 18:00:00,17677.0
2007-12-08 19:00:00,17223.0
2007-12-08 20:00:00,16717.0
2007-12-08 21:00:00,16030.0
2007-12-08 22:00:00,14959.0
2007-12-08 23:00:00,13785.0
2007-12-09 00:00:00,12832.0
2007-12-09 01:00:00,12262.0
2007-12-09 02:00:00,11963.0
2007-12-09 03:00:00,11830.0
2007-12-09 04:00:00,11873.0
2007-12-09 05:00:00,12156.0
2007-12-09 06:00:00,12744.0
2007-12-09 07:00:00,13447.0
2007-12-09 08:00:00,14556.0
2007-12-09 09:00:00,15423.0
2007-12-09 10:00:00,15818.0
2007-12-09 11:00:00,15913.0
2007-12-09 12:00:00,15950.0
2007-12-09 13:00:00,15906.0
2007-12-09 14:00:00,15922.0
2007-12-09 15:00:00,16292.0
2007-12-09 16:00:00,17811.0
2007-12-09 17:00:00,18678.0
2007-12-09 18:00:00,18499.0
2007-12-09 19:00:00,18104.0
2007-12-09 20:00:00,17477.0
2007-12-09 21:00:00,16253.0
2007-12-09 22:00:00,14644.0
2007-12-09 23:00:00,13289.0
2007-12-10 00:00:00,12396.0
2007-12-10 01:00:00,11944.0
2007-12-10 02:00:00,11775.0
2007-12-10 03:00:00,11794.0
2007-12-10 04:00:00,12208.0
2007-12-10 05:00:00,13418.0
2007-12-10 06:00:00,15555.0
2007-12-10 07:00:00,17066.0
2007-12-10 08:00:00,17573.0
2007-12-10 09:00:00,17812.0
2007-12-10 10:00:00,17979.0
2007-12-10 11:00:00,17977.0
2007-12-10 12:00:00,17766.0
2007-12-10 13:00:00,17610.0
2007-12-10 14:00:00,17464.0
2007-12-10 15:00:00,17694.0
2007-12-10 16:00:00,19153.0
2007-12-10 17:00:00,20123.0
2007-12-10 18:00:00,20017.0
2007-12-10 19:00:00,19515.0
2007-12-10 20:00:00,18758.0
2007-12-10 21:00:00,17476.0
2007-12-10 22:00:00,15669.0
2007-12-10 23:00:00,14035.0
2007-12-11 00:00:00,13026.0
2007-12-11 01:00:00,12534.0
2007-12-11 02:00:00,12357.0
2007-12-11 03:00:00,12403.0
2007-12-11 04:00:00,12794.0
2007-12-11 05:00:00,14018.0
2007-12-11 06:00:00,16332.0
2007-12-11 07:00:00,17494.0
2007-12-11 08:00:00,17547.0
2007-12-11 09:00:00,17441.0
2007-12-11 10:00:00,17344.0
2007-12-11 11:00:00,17181.0
2007-12-11 12:00:00,16990.0
2007-12-11 13:00:00,16962.0
2007-12-11 14:00:00,16909.0
2007-12-11 15:00:00,17264.0
2007-12-11 16:00:00,18862.0
2007-12-11 17:00:00,19806.0
2007-12-11 18:00:00,19662.0
2007-12-11 19:00:00,19192.0
2007-12-11 20:00:00,18451.0
2007-12-11 21:00:00,17174.0
2007-12-11 22:00:00,15301.0
2007-12-11 23:00:00,13587.0
2007-12-12 00:00:00,12489.0
2007-12-12 01:00:00,11915.0
2007-12-12 02:00:00,11616.0
2007-12-12 03:00:00,11545.0
2007-12-12 04:00:00,11823.0
2007-12-12 05:00:00,12936.0
2007-12-12 06:00:00,15156.0
2007-12-12 07:00:00,16479.0
2007-12-12 08:00:00,16709.0
2007-12-12 09:00:00,16781.0
2007-12-12 10:00:00,16825.0
2007-12-12 11:00:00,16742.0
2007-12-12 12:00:00,16547.0
2007-12-12 13:00:00,16459.0
2007-12-12 14:00:00,16428.0
2007-12-12 15:00:00,16648.0
2007-12-12 16:00:00,18136.0
2007-12-12 17:00:00,19438.0
2007-12-12 18:00:00,19442.0
2007-12-12 19:00:00,19051.0
2007-12-12 20:00:00,18483.0
2007-12-12 21:00:00,17419.0
2007-12-12 22:00:00,15728.0
2007-12-12 23:00:00,14062.0
2007-12-13 00:00:00,12997.0
2007-12-13 01:00:00,12539.0
2007-12-13 02:00:00,12320.0
2007-12-13 03:00:00,12351.0
2007-12-13 04:00:00,12741.0
2007-12-13 05:00:00,13995.0
2007-12-13 06:00:00,16235.0
2007-12-13 07:00:00,17524.0
2007-12-13 08:00:00,17810.0
2007-12-13 09:00:00,17965.0
2007-12-13 10:00:00,18096.0
2007-12-13 11:00:00,18238.0
2007-12-13 12:00:00,18297.0
2007-12-13 13:00:00,18351.0
2007-12-13 14:00:00,18345.0
2007-12-13 15:00:00,18670.0
2007-12-13 16:00:00,20018.0
2007-12-13 17:00:00,20902.0
2007-12-13 18:00:00,20595.0
2007-12-13 19:00:00,20009.0
2007-12-13 20:00:00,19139.0
2007-12-13 21:00:00,17821.0
2007-12-13 22:00:00,16068.0
2007-12-13 23:00:00,14434.0
2007-12-14 00:00:00,13413.0
2007-12-14 01:00:00,12904.0
2007-12-14 02:00:00,12653.0
2007-12-14 03:00:00,12639.0
2007-12-14 04:00:00,12945.0
2007-12-14 05:00:00,14066.0
2007-12-14 06:00:00,16079.0
2007-12-14 07:00:00,17274.0
2007-12-14 08:00:00,17664.0
2007-12-14 09:00:00,17759.0
2007-12-14 10:00:00,17634.0
2007-12-14 11:00:00,17401.0
2007-12-14 12:00:00,17091.0
2007-12-14 13:00:00,16948.0
2007-12-14 14:00:00,16763.0
2007-12-14 15:00:00,16828.0
2007-12-14 16:00:00,18229.0
2007-12-14 17:00:00,19277.0
2007-12-14 18:00:00,19004.0
2007-12-14 19:00:00,18464.0
2007-12-14 20:00:00,17856.0
2007-12-14 21:00:00,16969.0
2007-12-14 22:00:00,15662.0
2007-12-14 23:00:00,14220.0
2007-12-15 00:00:00,13146.0
2007-12-15 01:00:00,12563.0
2007-12-15 02:00:00,12300.0
2007-12-15 03:00:00,12228.0
2007-12-15 04:00:00,12447.0
2007-12-15 05:00:00,12997.0
2007-12-15 06:00:00,13969.0
2007-12-15 07:00:00,14986.0
2007-12-15 08:00:00,16066.0
2007-12-15 09:00:00,16647.0
2007-12-15 10:00:00,16743.0
2007-12-15 11:00:00,16628.0
2007-12-15 12:00:00,16345.0
2007-12-15 13:00:00,16079.0
2007-12-15 14:00:00,16008.0
2007-12-15 15:00:00,16294.0
2007-12-15 16:00:00,17870.0
2007-12-15 17:00:00,19012.0
2007-12-15 18:00:00,18831.0
2007-12-15 19:00:00,18373.0
2007-12-15 20:00:00,17835.0
2007-12-15 21:00:00,17102.0
2007-12-15 22:00:00,16039.0
2007-12-15 23:00:00,14739.0
2007-12-16 00:00:00,13661.0
2007-12-16 01:00:00,12988.0
2007-12-16 02:00:00,12664.0
2007-12-16 03:00:00,12548.0
2007-12-16 04:00:00,12601.0
2007-12-16 05:00:00,12908.0
2007-12-16 06:00:00,13466.0
2007-12-16 07:00:00,14263.0
2007-12-16 08:00:00,15368.0
2007-12-16 09:00:00,16464.0
2007-12-16 10:00:00,17234.0
2007-12-16 11:00:00,17697.0
2007-12-16 12:00:00,17910.0
2007-12-16 13:00:00,17758.0
2007-12-16 14:00:00,17558.0
2007-12-16 15:00:00,17530.0
2007-12-16 16:00:00,18876.0
2007-12-16 17:00:00,19716.0
2007-12-16 18:00:00,19335.0
2007-12-16 19:00:00,18713.0
2007-12-16 20:00:00,17895.0
2007-12-16 21:00:00,16624.0
2007-12-16 22:00:00,15079.0
2007-12-16 23:00:00,13634.0
2007-12-17 00:00:00,12708.0
2007-12-17 01:00:00,12327.0
2007-12-17 02:00:00,12234.0
2007-12-17 03:00:00,12383.0
2007-12-17 04:00:00,12880.0
2007-12-17 05:00:00,14178.0
2007-12-17 06:00:00,16307.0
2007-12-17 07:00:00,17625.0
2007-12-17 08:00:00,18047.0
2007-12-17 09:00:00,18118.0
2007-12-17 10:00:00,18122.0
2007-12-17 11:00:00,18008.0
2007-12-17 12:00:00,17825.0
2007-12-17 13:00:00,17711.0
2007-12-17 14:00:00,17599.0
2007-12-17 15:00:00,17786.0
2007-12-17 16:00:00,19286.0
2007-12-17 17:00:00,20691.0
2007-12-17 18:00:00,20657.0
2007-12-17 19:00:00,20278.0
2007-12-17 20:00:00,19625.0
2007-12-17 21:00:00,18401.0
2007-12-17 22:00:00,16661.0
2007-12-17 23:00:00,14986.0
2007-12-18 00:00:00,13923.0
2007-12-18 01:00:00,13437.0
2007-12-18 02:00:00,13237.0
2007-12-18 03:00:00,13264.0
2007-12-18 04:00:00,13655.0
2007-12-18 05:00:00,14925.0
2007-12-18 06:00:00,17217.0
2007-12-18 07:00:00,18436.0
2007-12-18 08:00:00,18478.0
2007-12-18 09:00:00,18315.0
2007-12-18 10:00:00,18142.0
2007-12-18 11:00:00,17899.0
2007-12-18 12:00:00,17579.0
2007-12-18 13:00:00,17414.0
2007-12-18 14:00:00,17260.0
2007-12-18 15:00:00,17464.0
2007-12-18 16:00:00,18972.0
2007-12-18 17:00:00,20258.0
2007-12-18 18:00:00,20249.0
2007-12-18 19:00:00,19960.0
2007-12-18 20:00:00,19393.0
2007-12-18 21:00:00,18326.0
2007-12-18 22:00:00,16598.0
2007-12-18 23:00:00,14903.0
2007-12-19 00:00:00,13799.0
2007-12-19 01:00:00,13213.0
2007-12-19 02:00:00,12991.0
2007-12-19 03:00:00,13019.0
2007-12-19 04:00:00,13364.0
2007-12-19 05:00:00,14550.0
2007-12-19 06:00:00,16831.0
2007-12-19 07:00:00,18109.0
2007-12-19 08:00:00,18208.0
2007-12-19 09:00:00,18136.0
2007-12-19 10:00:00,17960.0
2007-12-19 11:00:00,17686.0
2007-12-19 12:00:00,17418.0
2007-12-19 13:00:00,17330.0
2007-12-19 14:00:00,17279.0
2007-12-19 15:00:00,17541.0
2007-12-19 16:00:00,18956.0
2007-12-19 17:00:00,19938.0
2007-12-19 18:00:00,19816.0
2007-12-19 19:00:00,19433.0
2007-12-19 20:00:00,18825.0
2007-12-19 21:00:00,17681.0
2007-12-19 22:00:00,15969.0
2007-12-19 23:00:00,14233.0
2007-12-20 00:00:00,13095.0
2007-12-20 01:00:00,12520.0
2007-12-20 02:00:00,12260.0
2007-12-20 03:00:00,12228.0
2007-12-20 04:00:00,12591.0
2007-12-20 05:00:00,13717.0
2007-12-20 06:00:00,15842.0
2007-12-20 07:00:00,17191.0
2007-12-20 08:00:00,17478.0
2007-12-20 09:00:00,17607.0
2007-12-20 10:00:00,17647.0
2007-12-20 11:00:00,17591.0
2007-12-20 12:00:00,17417.0
2007-12-20 13:00:00,17361.0
2007-12-20 14:00:00,17254.0
2007-12-20 15:00:00,17453.0
2007-12-20 16:00:00,18845.0
2007-12-20 17:00:00,19864.0
2007-12-20 18:00:00,19759.0
2007-12-20 19:00:00,19386.0
2007-12-20 20:00:00,18769.0
2007-12-20 21:00:00,17689.0
2007-12-20 22:00:00,16015.0
2007-12-20 23:00:00,14365.0
2007-12-21 00:00:00,13215.0
2007-12-21 01:00:00,12619.0
2007-12-21 02:00:00,12353.0
2007-12-21 03:00:00,12320.0
2007-12-21 04:00:00,12690.0
2007-12-21 05:00:00,13822.0
2007-12-21 06:00:00,15993.0
2007-12-21 07:00:00,17352.0
2007-12-21 08:00:00,17663.0
2007-12-21 09:00:00,17755.0
2007-12-21 10:00:00,17721.0
2007-12-21 11:00:00,17532.0
2007-12-21 12:00:00,17216.0
2007-12-21 13:00:00,17069.0
2007-12-21 14:00:00,16937.0
2007-12-21 15:00:00,17103.0
2007-12-21 16:00:00,18457.0
2007-12-21 17:00:00,19429.0
2007-12-21 18:00:00,19249.0
2007-12-21 19:00:00,18708.0
2007-12-21 20:00:00,18132.0
2007-12-21 21:00:00,17261.0
2007-12-21 22:00:00,15936.0
2007-12-21 23:00:00,14462.0
2007-12-22 00:00:00,13283.0
2007-12-22 01:00:00,12610.0
2007-12-22 02:00:00,12274.0
2007-12-22 03:00:00,12133.0
2007-12-22 04:00:00,12195.0
2007-12-22 05:00:00,12602.0
2007-12-22 06:00:00,13419.0
2007-12-22 07:00:00,14368.0
2007-12-22 08:00:00,15475.0
2007-12-22 09:00:00,16110.0
2007-12-22 10:00:00,16270.0
2007-12-22 11:00:00,16157.0
2007-12-22 12:00:00,15890.0
2007-12-22 13:00:00,15608.0
2007-12-22 14:00:00,15450.0
2007-12-22 15:00:00,15658.0
2007-12-22 16:00:00,17013.0
2007-12-22 17:00:00,17980.0
2007-12-22 18:00:00,17808.0
2007-12-22 19:00:00,17345.0
2007-12-22 20:00:00,16854.0
2007-12-22 21:00:00,16108.0
2007-12-22 22:00:00,14992.0
2007-12-22 23:00:00,13686.0
2007-12-23 00:00:00,12549.0
2007-12-23 01:00:00,11842.0
2007-12-23 02:00:00,11472.0
2007-12-23 03:00:00,11283.0
2007-12-23 04:00:00,11290.0
2007-12-23 05:00:00,11585.0
2007-12-23 06:00:00,12212.0
2007-12-23 07:00:00,12991.0
2007-12-23 08:00:00,14024.0
2007-12-23 09:00:00,14765.0
2007-12-23 10:00:00,15104.0
2007-12-23 11:00:00,15250.0
2007-12-23 12:00:00,15229.0
2007-12-23 13:00:00,15053.0
2007-12-23 14:00:00,14919.0
2007-12-23 15:00:00,15203.0
2007-12-23 16:00:00,16623.0
2007-12-23 17:00:00,17407.0
2007-12-23 18:00:00,17229.0
2007-12-23 19:00:00,16861.0
2007-12-23 20:00:00,16306.0
2007-12-23 21:00:00,15438.0
2007-12-23 22:00:00,14149.0
2007-12-23 23:00:00,12741.0
2007-12-24 00:00:00,11638.0
2007-12-24 01:00:00,10979.0
2007-12-24 02:00:00,10682.0
2007-12-24 03:00:00,10641.0
2007-12-24 04:00:00,10901.0
2007-12-24 05:00:00,11593.0
2007-12-24 06:00:00,12763.0
2007-12-24 07:00:00,13757.0
2007-12-24 08:00:00,14770.0
2007-12-24 09:00:00,15387.0
2007-12-24 10:00:00,15632.0
2007-12-24 11:00:00,15602.0
2007-12-24 12:00:00,15380.0
2007-12-24 13:00:00,15160.0
2007-12-24 14:00:00,15070.0
2007-12-24 15:00:00,15202.0
2007-12-24 16:00:00,16417.0
2007-12-24 17:00:00,17240.0
2007-12-24 18:00:00,16513.0
2007-12-24 19:00:00,15782.0
2007-12-24 20:00:00,15405.0
2007-12-24 21:00:00,14975.0
2007-12-24 22:00:00,14299.0
2007-12-24 23:00:00,13301.0
2007-12-25 00:00:00,12263.0
2007-12-25 01:00:00,11569.0
2007-12-25 02:00:00,11188.0
2007-12-25 03:00:00,11031.0
2007-12-25 04:00:00,11096.0
2007-12-25 05:00:00,11445.0
2007-12-25 06:00:00,12125.0
2007-12-25 07:00:00,12853.0
2007-12-25 08:00:00,13699.0
2007-12-25 09:00:00,14239.0
2007-12-25 10:00:00,14420.0
2007-12-25 11:00:00,14502.0
2007-12-25 12:00:00,14347.0
2007-12-25 13:00:00,13903.0
2007-12-25 14:00:00,13496.0
2007-12-25 15:00:00,13461.0
2007-12-25 16:00:00,14387.0
2007-12-25 17:00:00,15279.0
2007-12-25 18:00:00,15365.0
2007-12-25 19:00:00,15355.0
2007-12-25 20:00:00,15214.0
2007-12-25 21:00:00,14729.0
2007-12-25 22:00:00,13766.0
2007-12-25 23:00:00,12672.0
2007-12-26 00:00:00,11899.0
2007-12-26 01:00:00,11520.0
2007-12-26 02:00:00,11353.0
2007-12-26 03:00:00,11378.0
2007-12-26 04:00:00,11745.0
2007-12-26 05:00:00,12701.0
2007-12-26 06:00:00,14145.0
2007-12-26 07:00:00,15347.0
2007-12-26 08:00:00,16207.0
2007-12-26 09:00:00,16696.0
2007-12-26 10:00:00,16898.0
2007-12-26 11:00:00,16879.0
2007-12-26 12:00:00,16682.0
2007-12-26 13:00:00,16502.0
2007-12-26 14:00:00,16375.0
2007-12-26 15:00:00,16551.0
2007-12-26 16:00:00,17960.0
2007-12-26 17:00:00,18908.0
2007-12-26 18:00:00,18683.0
2007-12-26 19:00:00,18163.0
2007-12-26 20:00:00,17442.0
2007-12-26 21:00:00,16379.0
2007-12-26 22:00:00,14908.0
2007-12-26 23:00:00,13468.0
2007-12-27 00:00:00,12429.0
2007-12-27 01:00:00,11876.0
2007-12-27 02:00:00,11617.0
2007-12-27 03:00:00,11562.0
2007-12-27 04:00:00,11817.0
2007-12-27 05:00:00,12649.0
2007-12-27 06:00:00,14112.0
2007-12-27 07:00:00,15419.0
2007-12-27 08:00:00,16243.0
2007-12-27 09:00:00,16856.0
2007-12-27 10:00:00,17242.0
2007-12-27 11:00:00,17319.0
2007-12-27 12:00:00,17228.0
2007-12-27 13:00:00,17139.0
2007-12-27 14:00:00,17034.0
2007-12-27 15:00:00,17209.0
2007-12-27 16:00:00,18271.0
2007-12-27 17:00:00,19083.0
2007-12-27 18:00:00,18861.0
2007-12-27 19:00:00,18257.0
2007-12-27 20:00:00,17523.0
2007-12-27 21:00:00,16412.0
2007-12-27 22:00:00,14888.0
2007-12-27 23:00:00,13427.0
2007-12-28 00:00:00,12406.0
2007-12-28 01:00:00,11856.0
2007-12-28 02:00:00,11571.0
2007-12-28 03:00:00,11522.0
2007-12-28 04:00:00,11794.0
2007-12-28 05:00:00,12644.0
2007-12-28 06:00:00,14079.0
2007-12-28 07:00:00,15151.0
2007-12-28 08:00:00,15886.0
2007-12-28 09:00:00,16255.0
2007-12-28 10:00:00,16407.0
2007-12-28 11:00:00,16306.0
2007-12-28 12:00:00,16044.0
2007-12-28 13:00:00,15854.0
2007-12-28 14:00:00,15656.0
2007-12-28 15:00:00,15740.0
2007-12-28 16:00:00,17017.0
2007-12-28 17:00:00,18055.0
2007-12-28 18:00:00,17822.0
2007-12-28 19:00:00,17265.0
2007-12-28 20:00:00,16670.0
2007-12-28 21:00:00,15772.0
2007-12-28 22:00:00,14479.0
2007-12-28 23:00:00,13148.0
2007-12-29 00:00:00,12147.0
2007-12-29 01:00:00,11538.0
2007-12-29 02:00:00,11188.0
2007-12-29 03:00:00,11031.0
2007-12-29 04:00:00,11084.0
2007-12-29 05:00:00,11448.0
2007-12-29 06:00:00,12097.0
2007-12-29 07:00:00,12961.0
2007-12-29 08:00:00,14013.0
2007-12-29 09:00:00,14920.0
2007-12-29 10:00:00,15388.0
2007-12-29 11:00:00,15398.0
2007-12-29 12:00:00,15130.0
2007-12-29 13:00:00,14777.0
2007-12-29 14:00:00,14466.0
2007-12-29 15:00:00,14476.0
2007-12-29 16:00:00,15693.0
2007-12-29 17:00:00,16975.0
2007-12-29 18:00:00,16910.0
2007-12-29 19:00:00,16520.0
2007-12-29 20:00:00,15960.0
2007-12-29 21:00:00,15237.0
2007-12-29 22:00:00,14304.0
2007-12-29 23:00:00,13281.0
2007-12-30 00:00:00,12204.0
2007-12-30 01:00:00,11502.0
2007-12-30 02:00:00,11166.0
2007-12-30 03:00:00,11047.0
2007-12-30 04:00:00,11107.0
2007-12-30 05:00:00,11400.0
2007-12-30 06:00:00,11929.0
2007-12-30 07:00:00,12488.0
2007-12-30 08:00:00,13365.0
2007-12-30 09:00:00,14033.0
2007-12-30 10:00:00,14432.0
2007-12-30 11:00:00,14610.0
2007-12-30 12:00:00,14601.0
2007-12-30 13:00:00,14482.0
2007-12-30 14:00:00,14392.0
2007-12-30 15:00:00,14689.0
2007-12-30 16:00:00,16114.0
2007-12-30 17:00:00,17203.0
2007-12-30 18:00:00,17137.0
2007-12-30 19:00:00,16689.0
2007-12-30 20:00:00,16106.0
2007-12-30 21:00:00,15257.0
2007-12-30 22:00:00,14108.0
2007-12-30 23:00:00,12902.0
2007-12-31 00:00:00,11977.0
2007-12-31 01:00:00,11452.0
2007-12-31 02:00:00,11183.0
2007-12-31 03:00:00,11141.0
2007-12-31 04:00:00,11353.0
2007-12-31 05:00:00,12079.0
2007-12-31 06:00:00,13221.0
2007-12-31 07:00:00,14193.0
2007-12-31 08:00:00,15016.0
2007-12-31 09:00:00,15714.0
2007-12-31 10:00:00,16129.0
2007-12-31 11:00:00,16241.0
2007-12-31 12:00:00,16051.0
2007-12-31 13:00:00,15795.0
2007-12-31 14:00:00,15591.0
2007-12-31 15:00:00,15565.0
2007-12-31 16:00:00,16760.0
2007-12-31 17:00:00,18079.0
2007-12-31 18:00:00,17600.0
2007-12-31 19:00:00,16682.0
2007-12-31 20:00:00,15866.0
2007-12-31 21:00:00,15071.0
2007-12-31 22:00:00,14262.0
2007-12-31 23:00:00,13489.0
2008-01-01 00:00:00,12751.0
2008-01-01 01:00:00,12179.0
2008-01-01 02:00:00,11749.0
2008-01-01 03:00:00,11508.0
2008-01-01 04:00:00,11545.0
2008-01-01 05:00:00,11841.0
2008-01-01 06:00:00,12293.0
2008-01-01 07:00:00,12579.0
2008-01-01 08:00:00,13214.0
2008-01-01 09:00:00,14056.0
2008-01-01 10:00:00,14830.0
2008-01-01 11:00:00,15427.0
2008-01-01 12:00:00,15776.0
2008-01-01 13:00:00,15758.0
2008-01-01 14:00:00,15669.0
2008-01-01 15:00:00,15763.0
2008-01-01 16:00:00,16763.0
2008-01-01 17:00:00,17869.0
2008-01-01 18:00:00,17657.0
2008-01-01 19:00:00,17145.0
2008-01-01 20:00:00,16412.0
2008-01-01 21:00:00,15294.0
2008-01-01 22:00:00,13934.0
2008-01-01 23:00:00,12749.0
2008-01-02 00:00:00,11974.0
2008-01-02 01:00:00,11578.0
2008-01-02 02:00:00,11437.0
2008-01-02 03:00:00,11469.0
2008-01-02 04:00:00,11845.0
2008-01-02 05:00:00,13032.0
2008-01-02 06:00:00,15181.0
2008-01-02 07:00:00,16517.0
2008-01-02 08:00:00,16929.0
2008-01-02 09:00:00,17183.0
2008-01-02 10:00:00,17392.0
2008-01-02 11:00:00,17422.0
2008-01-02 12:00:00,17321.0
2008-01-02 13:00:00,17267.0
2008-01-02 14:00:00,17189.0
2008-01-02 15:00:00,17405.0
2008-01-02 16:00:00,18778.0
2008-01-02 17:00:00,20248.0
2008-01-02 18:00:00,20345.0
2008-01-02 19:00:00,19941.0
2008-01-02 20:00:00,19354.0
2008-01-02 21:00:00,18279.0
2008-01-02 22:00:00,16690.0
2008-01-02 23:00:00,15319.0
2008-01-03 00:00:00,14422.0
2008-01-03 01:00:00,14005.0
2008-01-03 02:00:00,13853.0
2008-01-03 03:00:00,13893.0
2008-01-03 04:00:00,14298.0
2008-01-03 05:00:00,15479.0
2008-01-03 06:00:00,17695.0
2008-01-03 07:00:00,18943.0
2008-01-03 08:00:00,19111.0
2008-01-03 09:00:00,19176.0
2008-01-03 10:00:00,19267.0
2008-01-03 11:00:00,19143.0
2008-01-03 12:00:00,18931.0
2008-01-03 13:00:00,18796.0
2008-01-03 14:00:00,18628.0
2008-01-03 15:00:00,18790.0
2008-01-03 16:00:00,19993.0
2008-01-03 17:00:00,21402.0
2008-01-03 18:00:00,21445.0
2008-01-03 19:00:00,21012.0
2008-01-03 20:00:00,20342.0
2008-01-03 21:00:00,19114.0
2008-01-03 22:00:00,17474.0
2008-01-03 23:00:00,16037.0
2008-01-04 00:00:00,15124.0
2008-01-04 01:00:00,14644.0
2008-01-04 02:00:00,14396.0
2008-01-04 03:00:00,14331.0
2008-01-04 04:00:00,14641.0
2008-01-04 05:00:00,15733.0
2008-01-04 06:00:00,17831.0
2008-01-04 07:00:00,19023.0
2008-01-04 08:00:00,19122.0
2008-01-04 09:00:00,19097.0
2008-01-04 10:00:00,19035.0
2008-01-04 11:00:00,18771.0
2008-01-04 12:00:00,18383.0
2008-01-04 13:00:00,18105.0
2008-01-04 14:00:00,17818.0
2008-01-04 15:00:00,17787.0
2008-01-04 16:00:00,18699.0
2008-01-04 17:00:00,19760.0
2008-01-04 18:00:00,19556.0
2008-01-04 19:00:00,18917.0
2008-01-04 20:00:00,18242.0
2008-01-04 21:00:00,17280.0
2008-01-04 22:00:00,15948.0
2008-01-04 23:00:00,14621.0
2008-01-05 00:00:00,13625.0
2008-01-05 01:00:00,13052.0
2008-01-05 02:00:00,12768.0
2008-01-05 03:00:00,12631.0
2008-01-05 04:00:00,12747.0
2008-01-05 05:00:00,13144.0
2008-01-05 06:00:00,13927.0
2008-01-05 07:00:00,14690.0
2008-01-05 08:00:00,15609.0
2008-01-05 09:00:00,16158.0
2008-01-05 10:00:00,16360.0
2008-01-05 11:00:00,16224.0
2008-01-05 12:00:00,15968.0
2008-01-05 13:00:00,15678.0
2008-01-05 14:00:00,15477.0
2008-01-05 15:00:00,15590.0
2008-01-05 16:00:00,16714.0
2008-01-05 17:00:00,17810.0
2008-01-05 18:00:00,17638.0
2008-01-05 19:00:00,17029.0
2008-01-05 20:00:00,16475.0
2008-01-05 21:00:00,15681.0
2008-01-05 22:00:00,14611.0
2008-01-05 23:00:00,13472.0
2008-01-06 00:00:00,12451.0
2008-01-06 01:00:00,11805.0
2008-01-06 02:00:00,11472.0
2008-01-06 03:00:00,11340.0
2008-01-06 04:00:00,11345.0
2008-01-06 05:00:00,11610.0
2008-01-06 06:00:00,12143.0
2008-01-06 07:00:00,12727.0
2008-01-06 08:00:00,13658.0
2008-01-06 09:00:00,14551.0
2008-01-06 10:00:00,15029.0
2008-01-06 11:00:00,15240.0
2008-01-06 12:00:00,15239.0
2008-01-06 13:00:00,15003.0
2008-01-06 14:00:00,14789.0
2008-01-06 15:00:00,14873.0
2008-01-06 16:00:00,16060.0
2008-01-06 17:00:00,17458.0
2008-01-06 18:00:00,17419.0
2008-01-06 19:00:00,16909.0
2008-01-06 20:00:00,16158.0
2008-01-06 21:00:00,15054.0
2008-01-06 22:00:00,13762.0
2008-01-06 23:00:00,12538.0
2008-01-07 00:00:00,11736.0
2008-01-07 01:00:00,11294.0
2008-01-07 02:00:00,11124.0
2008-01-07 03:00:00,11123.0
2008-01-07 04:00:00,11522.0
2008-01-07 05:00:00,12736.0
2008-01-07 06:00:00,14965.0
2008-01-07 07:00:00,16198.0
2008-01-07 08:00:00,16395.0
2008-01-07 09:00:00,16496.0
2008-01-07 10:00:00,16595.0
2008-01-07 11:00:00,16555.0
2008-01-07 12:00:00,16413.0
2008-01-07 13:00:00,16239.0
2008-01-07 14:00:00,16032.0
2008-01-07 15:00:00,16013.0
2008-01-07 16:00:00,16939.0
2008-01-07 17:00:00,18321.0
2008-01-07 18:00:00,18241.0
2008-01-07 19:00:00,17739.0
2008-01-07 20:00:00,16962.0
2008-01-07 21:00:00,15751.0
2008-01-07 22:00:00,14153.0
2008-01-07 23:00:00,12726.0
2008-01-08 00:00:00,11785.0
2008-01-08 01:00:00,11320.0
2008-01-08 02:00:00,11075.0
2008-01-08 03:00:00,11032.0
2008-01-08 04:00:00,11354.0
2008-01-08 05:00:00,12474.0
2008-01-08 06:00:00,14671.0
2008-01-08 07:00:00,15863.0
2008-01-08 08:00:00,15910.0
2008-01-08 09:00:00,15904.0
2008-01-08 10:00:00,15956.0
2008-01-08 11:00:00,15885.0
2008-01-08 12:00:00,15760.0
2008-01-08 13:00:00,15691.0
2008-01-08 14:00:00,15538.0
2008-01-08 15:00:00,15531.0
2008-01-08 16:00:00,16566.0
2008-01-08 17:00:00,17832.0
2008-01-08 18:00:00,17708.0
2008-01-08 19:00:00,17193.0
2008-01-08 20:00:00,16455.0
2008-01-08 21:00:00,15296.0
2008-01-08 22:00:00,13719.0
2008-01-08 23:00:00,12331.0
2008-01-09 00:00:00,11441.0
2008-01-09 01:00:00,10951.0
2008-01-09 02:00:00,10720.0
2008-01-09 03:00:00,10668.0
2008-01-09 04:00:00,10942.0
2008-01-09 05:00:00,12042.0
2008-01-09 06:00:00,14267.0
2008-01-09 07:00:00,15546.0
2008-01-09 08:00:00,15732.0
2008-01-09 09:00:00,15972.0
2008-01-09 10:00:00,16223.0
2008-01-09 11:00:00,16306.0
2008-01-09 12:00:00,16139.0
2008-01-09 13:00:00,15948.0
2008-01-09 14:00:00,15727.0
2008-01-09 15:00:00,15650.0
2008-01-09 16:00:00,16486.0
2008-01-09 17:00:00,17884.0
2008-01-09 18:00:00,17803.0
2008-01-09 19:00:00,17307.0
2008-01-09 20:00:00,16602.0
2008-01-09 21:00:00,15458.0
2008-01-09 22:00:00,13883.0
2008-01-09 23:00:00,12503.0
2008-01-10 00:00:00,11648.0
2008-01-10 01:00:00,11182.0
2008-01-10 02:00:00,10985.0
2008-01-10 03:00:00,11024.0
2008-01-10 04:00:00,11389.0
2008-01-10 05:00:00,12539.0
2008-01-10 06:00:00,14860.0
2008-01-10 07:00:00,16076.0
2008-01-10 08:00:00,16181.0
2008-01-10 09:00:00,16196.0
2008-01-10 10:00:00,16241.0
2008-01-10 11:00:00,16167.0
2008-01-10 12:00:00,16025.0
2008-01-10 13:00:00,15924.0
2008-01-10 14:00:00,15770.0
2008-01-10 15:00:00,15851.0
2008-01-10 16:00:00,16932.0
2008-01-10 17:00:00,18213.0
2008-01-10 18:00:00,18158.0
2008-01-10 19:00:00,17705.0
2008-01-10 20:00:00,17015.0
2008-01-10 21:00:00,15868.0
2008-01-10 22:00:00,14308.0
2008-01-10 23:00:00,12921.0
2008-01-11 00:00:00,11980.0
2008-01-11 01:00:00,11535.0
2008-01-11 02:00:00,11292.0
2008-01-11 03:00:00,11246.0
2008-01-11 04:00:00,11560.0
2008-01-11 05:00:00,12653.0
2008-01-11 06:00:00,14811.0
2008-01-11 07:00:00,16337.0
2008-01-11 08:00:00,16748.0
2008-01-11 09:00:00,16983.0
2008-01-11 10:00:00,17168.0
2008-01-11 11:00:00,17198.0
2008-01-11 12:00:00,17004.0
2008-01-11 13:00:00,16871.0
2008-01-11 14:00:00,16727.0
2008-01-11 15:00:00,16780.0
2008-01-11 16:00:00,17346.0
2008-01-11 17:00:00,17873.0
2008-01-11 18:00:00,17508.0
2008-01-11 19:00:00,16881.0
2008-01-11 20:00:00,16186.0
2008-01-11 21:00:00,15288.0
2008-01-11 22:00:00,14078.0
2008-01-11 23:00:00,12801.0
2008-01-12 00:00:00,11842.0
2008-01-12 01:00:00,11323.0
2008-01-12 02:00:00,11034.0
2008-01-12 03:00:00,10932.0
2008-01-12 04:00:00,11022.0
2008-01-12 05:00:00,11451.0
2008-01-12 06:00:00,12311.0
2008-01-12 07:00:00,13236.0
2008-01-12 08:00:00,14239.0
2008-01-12 09:00:00,14870.0
2008-01-12 10:00:00,15078.0
2008-01-12 11:00:00,15015.0
2008-01-12 12:00:00,14782.0
2008-01-12 13:00:00,14486.0
2008-01-12 14:00:00,14258.0
2008-01-12 15:00:00,14313.0
2008-01-12 16:00:00,15282.0
2008-01-12 17:00:00,16686.0
2008-01-12 18:00:00,16627.0
2008-01-12 19:00:00,16202.0
2008-01-12 20:00:00,15626.0
2008-01-12 21:00:00,14934.0
2008-01-12 22:00:00,14035.0
2008-01-12 23:00:00,13069.0
2008-01-13 00:00:00,12121.0
2008-01-13 01:00:00,11565.0
2008-01-13 02:00:00,11305.0
2008-01-13 03:00:00,11207.0
2008-01-13 04:00:00,11285.0
2008-01-13 05:00:00,11591.0
2008-01-13 06:00:00,12165.0
2008-01-13 07:00:00,12797.0
2008-01-13 08:00:00,13671.0
2008-01-13 09:00:00,14302.0
2008-01-13 10:00:00,14600.0
2008-01-13 11:00:00,14676.0
2008-01-13 12:00:00,14617.0
2008-01-13 13:00:00,14441.0
2008-01-13 14:00:00,14332.0
2008-01-13 15:00:00,14531.0
2008-01-13 16:00:00,15629.0
2008-01-13 17:00:00,17112.0
2008-01-13 18:00:00,17101.0
2008-01-13 19:00:00,16581.0
2008-01-13 20:00:00,15999.0
2008-01-13 21:00:00,14977.0
2008-01-13 22:00:00,13745.0
2008-01-13 23:00:00,12644.0
2008-01-14 00:00:00,11840.0
2008-01-14 01:00:00,11461.0
2008-01-14 02:00:00,11323.0
2008-01-14 03:00:00,11378.0
2008-01-14 04:00:00,11792.0
2008-01-14 05:00:00,12865.0
2008-01-14 06:00:00,14465.0
2008-01-14 07:00:00,15697.0
2008-01-14 08:00:00,16404.0
2008-01-14 09:00:00,17003.0
2008-01-14 10:00:00,17442.0
2008-01-14 11:00:00,17725.0
2008-01-14 12:00:00,17751.0
2008-01-14 13:00:00,17616.0
2008-01-14 14:00:00,17398.0
2008-01-14 15:00:00,17342.0
2008-01-14 16:00:00,18205.0
2008-01-14 17:00:00,19470.0
2008-01-14 18:00:00,19245.0
2008-01-14 19:00:00,18592.0
2008-01-14 20:00:00,17666.0
2008-01-14 21:00:00,16381.0
2008-01-14 22:00:00,14811.0
2008-01-14 23:00:00,13470.0
2008-01-15 00:00:00,12617.0
2008-01-15 01:00:00,12185.0
2008-01-15 02:00:00,12009.0
2008-01-15 03:00:00,12019.0
2008-01-15 04:00:00,12396.0
2008-01-15 05:00:00,13574.0
2008-01-15 06:00:00,15818.0
2008-01-15 07:00:00,16993.0
2008-01-15 08:00:00,17103.0
2008-01-15 09:00:00,17140.0
2008-01-15 10:00:00,17126.0
2008-01-15 11:00:00,17043.0
2008-01-15 12:00:00,16908.0
2008-01-15 13:00:00,16802.0
2008-01-15 14:00:00,16662.0
2008-01-15 15:00:00,16725.0
2008-01-15 16:00:00,17623.0
2008-01-15 17:00:00,19043.0
2008-01-15 18:00:00,19045.0
2008-01-15 19:00:00,18583.0
2008-01-15 20:00:00,17817.0
2008-01-15 21:00:00,16675.0
2008-01-15 22:00:00,15180.0
2008-01-15 23:00:00,13814.0
2008-01-16 00:00:00,12964.0
2008-01-16 01:00:00,12570.0
2008-01-16 02:00:00,12388.0
2008-01-16 03:00:00,12413.0
2008-01-16 04:00:00,12810.0
2008-01-16 05:00:00,14023.0
2008-01-16 06:00:00,16304.0
2008-01-16 07:00:00,17480.0
2008-01-16 08:00:00,17509.0
2008-01-16 09:00:00,17428.0
2008-01-16 10:00:00,17377.0
2008-01-16 11:00:00,17242.0
2008-01-16 12:00:00,17029.0
2008-01-16 13:00:00,16894.0
2008-01-16 14:00:00,16733.0
2008-01-16 15:00:00,16801.0
2008-01-16 16:00:00,17697.0
2008-01-16 17:00:00,19278.0
2008-01-16 18:00:00,19308.0
2008-01-16 19:00:00,18882.0
2008-01-16 20:00:00,18180.0
2008-01-16 21:00:00,17040.0
2008-01-16 22:00:00,15527.0
2008-01-16 23:00:00,14169.0
2008-01-17 00:00:00,13351.0
2008-01-17 01:00:00,12934.0
2008-01-17 02:00:00,12756.0
2008-01-17 03:00:00,12796.0
2008-01-17 04:00:00,13243.0
2008-01-17 05:00:00,14432.0
2008-01-17 06:00:00,16740.0
2008-01-17 07:00:00,17885.0
2008-01-17 08:00:00,17946.0
2008-01-17 09:00:00,17855.0
2008-01-17 10:00:00,17754.0
2008-01-17 11:00:00,17585.0
2008-01-17 12:00:00,17416.0
2008-01-17 13:00:00,17349.0
2008-01-17 14:00:00,17215.0
2008-01-17 15:00:00,17289.0
2008-01-17 16:00:00,18150.0
2008-01-17 17:00:00,19270.0
2008-01-17 18:00:00,19170.0
2008-01-17 19:00:00,18667.0
2008-01-17 20:00:00,17935.0
2008-01-17 21:00:00,16748.0
2008-01-17 22:00:00,15130.0
2008-01-17 23:00:00,13707.0
2008-01-18 00:00:00,12824.0
2008-01-18 01:00:00,12344.0
2008-01-18 02:00:00,12095.0
2008-01-18 03:00:00,12031.0
2008-01-18 04:00:00,12311.0
2008-01-18 05:00:00,13324.0
2008-01-18 06:00:00,15248.0
2008-01-18 07:00:00,16619.0
2008-01-18 08:00:00,16988.0
2008-01-18 09:00:00,17080.0
2008-01-18 10:00:00,17067.0
2008-01-18 11:00:00,16776.0
2008-01-18 12:00:00,16457.0
2008-01-18 13:00:00,16228.0
2008-01-18 14:00:00,15956.0
2008-01-18 15:00:00,15859.0
2008-01-18 16:00:00,16480.0
2008-01-18 17:00:00,17816.0
2008-01-18 18:00:00,17699.0
2008-01-18 19:00:00,17209.0
2008-01-18 20:00:00,16603.0
2008-01-18 21:00:00,15865.0
2008-01-18 22:00:00,14716.0
2008-01-18 23:00:00,13526.0
2008-01-19 00:00:00,12592.0
2008-01-19 01:00:00,12140.0
2008-01-19 02:00:00,11898.0
2008-01-19 03:00:00,11829.0
2008-01-19 04:00:00,11961.0
2008-01-19 05:00:00,12426.0
2008-01-19 06:00:00,13294.0
2008-01-19 07:00:00,14199.0
2008-01-19 08:00:00,15239.0
2008-01-19 09:00:00,15916.0
2008-01-19 10:00:00,16141.0
2008-01-19 11:00:00,16076.0
2008-01-19 12:00:00,15817.0
2008-01-19 13:00:00,15525.0
2008-01-19 14:00:00,15360.0
2008-01-19 15:00:00,15492.0
2008-01-19 16:00:00,16365.0
2008-01-19 17:00:00,17434.0
2008-01-19 18:00:00,17277.0
2008-01-19 19:00:00,16765.0
2008-01-19 20:00:00,16191.0
2008-01-19 21:00:00,15441.0
2008-01-19 22:00:00,14411.0
2008-01-19 23:00:00,13303.0
2008-01-20 00:00:00,12456.0
2008-01-20 01:00:00,11990.0
2008-01-20 02:00:00,11750.0
2008-01-20 03:00:00,11694.0
2008-01-20 04:00:00,11794.0
2008-01-20 05:00:00,12116.0
2008-01-20 06:00:00,12730.0
2008-01-20 07:00:00,13500.0
2008-01-20 08:00:00,14513.0
2008-01-20 09:00:00,15229.0
2008-01-20 10:00:00,15641.0
2008-01-20 11:00:00,15853.0
2008-01-20 12:00:00,15905.0
2008-01-20 13:00:00,15820.0
2008-01-20 14:00:00,15821.0
2008-01-20 15:00:00,15873.0
2008-01-20 16:00:00,16601.0
2008-01-20 17:00:00,17931.0
2008-01-20 18:00:00,18145.0
2008-01-20 19:00:00,17819.0
2008-01-20 20:00:00,17306.0
2008-01-20 21:00:00,16499.0
2008-01-20 22:00:00,15511.0
2008-01-20 23:00:00,14439.0
2008-01-21 00:00:00,13675.0
2008-01-21 01:00:00,13296.0
2008-01-21 02:00:00,13147.0
2008-01-21 03:00:00,13190.0
2008-01-21 04:00:00,13531.0
2008-01-21 05:00:00,14445.0
2008-01-21 06:00:00,15889.0
2008-01-21 07:00:00,17027.0
2008-01-21 08:00:00,17837.0
2008-01-21 09:00:00,18328.0
2008-01-21 10:00:00,18574.0
2008-01-21 11:00:00,18517.0
2008-01-21 12:00:00,18213.0
2008-01-21 13:00:00,17960.0
2008-01-21 14:00:00,17704.0
2008-01-21 15:00:00,17667.0
2008-01-21 16:00:00,18433.0
2008-01-21 17:00:00,20041.0
2008-01-21 18:00:00,20036.0
2008-01-21 19:00:00,19550.0
2008-01-21 20:00:00,18801.0
2008-01-21 21:00:00,17641.0
2008-01-21 22:00:00,16074.0
2008-01-21 23:00:00,14768.0
2008-01-22 00:00:00,13953.0
2008-01-22 01:00:00,13517.0
2008-01-22 02:00:00,13303.0
2008-01-22 03:00:00,13286.0
2008-01-22 04:00:00,13643.0
2008-01-22 05:00:00,14829.0
2008-01-22 06:00:00,17037.0
2008-01-22 07:00:00,18202.0
2008-01-22 08:00:00,18279.0
2008-01-22 09:00:00,18151.0
2008-01-22 10:00:00,18074.0
2008-01-22 11:00:00,17947.0
2008-01-22 12:00:00,17820.0
2008-01-22 13:00:00,17763.0
2008-01-22 14:00:00,17603.0
2008-01-22 15:00:00,17693.0
2008-01-22 16:00:00,18405.0
2008-01-22 17:00:00,19468.0
2008-01-22 18:00:00,19337.0
2008-01-22 19:00:00,18771.0
2008-01-22 20:00:00,17909.0
2008-01-22 21:00:00,16652.0
2008-01-22 22:00:00,15030.0
2008-01-22 23:00:00,13636.0
2008-01-23 00:00:00,12745.0
2008-01-23 01:00:00,12313.0
2008-01-23 02:00:00,12118.0
2008-01-23 03:00:00,12121.0
2008-01-23 04:00:00,12501.0
2008-01-23 05:00:00,13702.0
2008-01-23 06:00:00,15942.0
2008-01-23 07:00:00,17120.0
2008-01-23 08:00:00,17160.0
2008-01-23 09:00:00,17125.0
2008-01-23 10:00:00,17099.0
2008-01-23 11:00:00,17003.0
2008-01-23 12:00:00,16780.0
2008-01-23 13:00:00,16665.0
2008-01-23 14:00:00,16511.0
2008-01-23 15:00:00,16547.0
2008-01-23 16:00:00,17297.0
2008-01-23 17:00:00,18909.0
2008-01-23 18:00:00,19056.0
2008-01-23 19:00:00,18633.0
2008-01-23 20:00:00,17927.0
2008-01-23 21:00:00,16806.0
2008-01-23 22:00:00,15267.0
2008-01-23 23:00:00,13928.0
2008-01-24 00:00:00,13089.0
2008-01-24 01:00:00,12695.0
2008-01-24 02:00:00,12533.0
2008-01-24 03:00:00,12584.0
2008-01-24 04:00:00,12948.0
2008-01-24 05:00:00,14149.0
2008-01-24 06:00:00,16432.0
2008-01-24 07:00:00,17627.0
2008-01-24 08:00:00,17701.0
2008-01-24 09:00:00,17655.0
2008-01-24 10:00:00,17654.0
2008-01-24 11:00:00,17575.0
2008-01-24 12:00:00,17409.0
2008-01-24 13:00:00,17322.0
2008-01-24 14:00:00,17186.0
2008-01-24 15:00:00,17267.0
2008-01-24 16:00:00,17995.0
2008-01-24 17:00:00,19347.0
2008-01-24 18:00:00,19395.0
2008-01-24 19:00:00,18933.0
2008-01-24 20:00:00,18302.0
2008-01-24 21:00:00,17218.0
2008-01-24 22:00:00,15677.0
2008-01-24 23:00:00,14354.0
2008-01-25 00:00:00,13575.0
2008-01-25 01:00:00,13212.0
2008-01-25 02:00:00,13084.0
2008-01-25 03:00:00,13148.0
2008-01-25 04:00:00,13514.0
2008-01-25 05:00:00,14696.0
2008-01-25 06:00:00,16883.0
2008-01-25 07:00:00,18111.0
2008-01-25 08:00:00,18201.0
2008-01-25 09:00:00,18132.0
2008-01-25 10:00:00,18066.0
2008-01-25 11:00:00,17869.0
2008-01-25 12:00:00,17539.0
2008-01-25 13:00:00,17295.0
2008-01-25 14:00:00,17030.0
2008-01-25 15:00:00,16949.0
2008-01-25 16:00:00,17530.0
2008-01-25 17:00:00,18812.0
2008-01-25 18:00:00,18826.0
2008-01-25 19:00:00,18294.0
2008-01-25 20:00:00,17682.0
2008-01-25 21:00:00,16824.0
2008-01-25 22:00:00,15639.0
2008-01-25 23:00:00,14393.0
2008-01-26 00:00:00,13508.0
2008-01-26 01:00:00,13029.0
2008-01-26 02:00:00,12821.0
2008-01-26 03:00:00,12714.0
2008-01-26 04:00:00,12798.0
2008-01-26 05:00:00,13226.0
2008-01-26 06:00:00,14056.0
2008-01-26 07:00:00,14934.0
2008-01-26 08:00:00,15924.0
2008-01-26 09:00:00,16463.0
2008-01-26 10:00:00,16601.0
2008-01-26 11:00:00,16462.0
2008-01-26 12:00:00,16139.0
2008-01-26 13:00:00,15794.0
2008-01-26 14:00:00,15537.0
2008-01-26 15:00:00,15497.0
2008-01-26 16:00:00,16120.0
2008-01-26 17:00:00,17574.0
2008-01-26 18:00:00,17568.0
2008-01-26 19:00:00,17058.0
2008-01-26 20:00:00,16526.0
2008-01-26 21:00:00,15803.0
2008-01-26 22:00:00,14781.0
2008-01-26 23:00:00,13718.0
2008-01-27 00:00:00,12856.0
2008-01-27 01:00:00,12356.0
2008-01-27 02:00:00,12085.0
2008-01-27 03:00:00,11993.0
2008-01-27 04:00:00,12033.0
2008-01-27 05:00:00,12307.0
2008-01-27 06:00:00,12859.0
2008-01-27 07:00:00,13557.0
2008-01-27 08:00:00,14602.0
2008-01-27 09:00:00,15462.0
2008-01-27 10:00:00,15842.0
2008-01-27 11:00:00,16035.0
2008-01-27 12:00:00,16064.0
2008-01-27 13:00:00,15960.0
2008-01-27 14:00:00,15861.0
2008-01-27 15:00:00,16004.0
2008-01-27 16:00:00,16767.0
2008-01-27 17:00:00,18174.0
2008-01-27 18:00:00,18241.0
2008-01-27 19:00:00,17772.0
2008-01-27 20:00:00,17101.0
2008-01-27 21:00:00,16047.0
2008-01-27 22:00:00,14789.0
2008-01-27 23:00:00,13670.0
2008-01-28 00:00:00,12893.0
2008-01-28 01:00:00,12561.0
2008-01-28 02:00:00,12444.0
2008-01-28 03:00:00,12512.0
2008-01-28 04:00:00,12926.0
2008-01-28 05:00:00,14119.0
2008-01-28 06:00:00,16374.0
2008-01-28 07:00:00,17586.0
2008-01-28 08:00:00,17740.0
2008-01-28 09:00:00,17786.0
2008-01-28 10:00:00,17716.0
2008-01-28 11:00:00,17501.0
2008-01-28 12:00:00,17213.0
2008-01-28 13:00:00,16989.0
2008-01-28 14:00:00,16706.0
2008-01-28 15:00:00,16622.0
2008-01-28 16:00:00,17201.0
2008-01-28 17:00:00,18880.0
2008-01-28 18:00:00,19115.0
2008-01-28 19:00:00,18646.0
2008-01-28 20:00:00,17903.0
2008-01-28 21:00:00,16706.0
2008-01-28 22:00:00,15084.0
2008-01-28 23:00:00,13698.0
2008-01-29 00:00:00,12845.0
2008-01-29 01:00:00,12459.0
2008-01-29 02:00:00,12324.0
2008-01-29 03:00:00,12351.0
2008-01-29 04:00:00,12744.0
2008-01-29 05:00:00,13959.0
2008-01-29 06:00:00,16235.0
2008-01-29 07:00:00,17371.0
2008-01-29 08:00:00,17383.0
2008-01-29 09:00:00,17235.0
2008-01-29 10:00:00,17124.0
2008-01-29 11:00:00,16969.0
2008-01-29 12:00:00,16762.0
2008-01-29 13:00:00,16680.0
2008-01-29 14:00:00,16549.0
2008-01-29 15:00:00,16652.0
2008-01-29 16:00:00,17355.0
2008-01-29 17:00:00,18598.0
2008-01-29 18:00:00,18603.0
2008-01-29 19:00:00,18091.0
2008-01-29 20:00:00,17289.0
2008-01-29 21:00:00,16077.0
2008-01-29 22:00:00,14494.0
2008-01-29 23:00:00,13061.0
2008-01-30 00:00:00,12168.0
2008-01-30 01:00:00,11715.0
2008-01-30 02:00:00,11497.0
2008-01-30 03:00:00,11475.0
2008-01-30 04:00:00,11789.0
2008-01-30 05:00:00,12911.0
2008-01-30 06:00:00,15115.0
2008-01-30 07:00:00,16450.0
2008-01-30 08:00:00,16693.0
2008-01-30 09:00:00,16815.0
2008-01-30 10:00:00,16979.0
2008-01-30 11:00:00,16987.0
2008-01-30 12:00:00,16837.0
2008-01-30 13:00:00,16666.0
2008-01-30 14:00:00,16388.0
2008-01-30 15:00:00,16407.0
2008-01-30 16:00:00,16959.0
2008-01-30 17:00:00,18453.0
2008-01-30 18:00:00,18721.0
2008-01-30 19:00:00,18271.0
2008-01-30 20:00:00,17613.0
2008-01-30 21:00:00,16486.0
2008-01-30 22:00:00,14937.0
2008-01-30 23:00:00,13611.0
2008-01-31 00:00:00,12781.0
2008-01-31 01:00:00,12369.0
2008-01-31 02:00:00,12214.0
2008-01-31 03:00:00,12248.0
2008-01-31 04:00:00,12660.0
2008-01-31 05:00:00,13901.0
2008-01-31 06:00:00,16157.0
2008-01-31 07:00:00,17266.0
2008-01-31 08:00:00,17338.0
2008-01-31 09:00:00,17278.0
2008-01-31 10:00:00,17216.0
2008-01-31 11:00:00,17051.0
2008-01-31 12:00:00,16772.0
2008-01-31 13:00:00,16599.0
2008-01-31 14:00:00,16430.0
2008-01-31 15:00:00,16411.0
2008-01-31 16:00:00,17011.0
2008-01-31 17:00:00,18601.0
2008-01-31 18:00:00,18887.0
2008-01-31 19:00:00,18550.0
2008-01-31 20:00:00,17807.0
2008-01-31 21:00:00,16742.0
2008-01-31 22:00:00,15220.0
2008-01-31 23:00:00,13842.0
2008-02-01 00:00:00,12949.0
2008-02-01 01:00:00,12499.0
2008-02-01 02:00:00,12316.0
2008-02-01 03:00:00,12320.0
2008-02-01 04:00:00,12640.0
2008-02-01 05:00:00,13762.0
2008-02-01 06:00:00,15897.0
2008-02-01 07:00:00,17055.0
2008-02-01 08:00:00,17380.0
2008-02-01 09:00:00,17574.0
2008-02-01 10:00:00,17742.0
2008-02-01 11:00:00,17798.0
2008-02-01 12:00:00,17668.0
2008-02-01 13:00:00,17736.0
2008-02-01 14:00:00,17675.0
2008-02-01 15:00:00,17731.0
2008-02-01 16:00:00,18227.0
2008-02-01 17:00:00,18870.0
2008-02-01 18:00:00,18555.0
2008-02-01 19:00:00,17837.0
2008-02-01 20:00:00,17014.0
2008-02-01 21:00:00,15974.0
2008-02-01 22:00:00,14592.0
2008-02-01 23:00:00,13285.0
2008-02-02 00:00:00,12310.0
2008-02-02 01:00:00,11720.0
2008-02-02 02:00:00,11406.0
2008-02-02 03:00:00,11309.0
2008-02-02 04:00:00,11413.0
2008-02-02 05:00:00,11827.0
2008-02-02 06:00:00,12622.0
2008-02-02 07:00:00,13438.0
2008-02-02 08:00:00,14486.0
2008-02-02 09:00:00,15194.0
2008-02-02 10:00:00,15443.0
2008-02-02 11:00:00,15366.0
2008-02-02 12:00:00,15110.0
2008-02-02 13:00:00,14825.0
2008-02-02 14:00:00,14580.0
2008-02-02 15:00:00,14545.0
2008-02-02 16:00:00,15046.0
2008-02-02 17:00:00,16440.0
2008-02-02 18:00:00,16659.0
2008-02-02 19:00:00,16240.0
2008-02-02 20:00:00,15717.0
2008-02-02 21:00:00,14966.0
2008-02-02 22:00:00,13913.0
2008-02-02 23:00:00,12879.0
2008-02-03 00:00:00,12024.0
2008-02-03 01:00:00,11490.0
2008-02-03 02:00:00,11212.0
2008-02-03 03:00:00,11122.0
2008-02-03 04:00:00,11173.0
2008-02-03 05:00:00,11476.0
2008-02-03 06:00:00,12031.0
2008-02-03 07:00:00,12726.0
2008-02-03 08:00:00,13664.0
2008-02-03 09:00:00,14392.0
2008-02-03 10:00:00,14763.0
2008-02-03 11:00:00,14890.0
2008-02-03 12:00:00,14858.0
2008-02-03 13:00:00,14663.0
2008-02-03 14:00:00,14491.0
2008-02-03 15:00:00,14548.0
2008-02-03 16:00:00,15159.0
2008-02-03 17:00:00,16578.0
2008-02-03 18:00:00,16286.0
2008-02-03 19:00:00,15555.0
2008-02-03 20:00:00,15223.0
2008-02-03 21:00:00,14416.0
2008-02-03 22:00:00,13829.0
2008-02-03 23:00:00,12739.0
2008-02-04 00:00:00,11821.0
2008-02-04 01:00:00,11371.0
2008-02-04 02:00:00,11245.0
2008-02-04 03:00:00,11302.0
2008-02-04 04:00:00,11696.0
2008-02-04 05:00:00,12867.0
2008-02-04 06:00:00,15059.0
2008-02-04 07:00:00,16345.0
2008-02-04 08:00:00,16618.0
2008-02-04 09:00:00,16786.0
2008-02-04 10:00:00,16872.0
2008-02-04 11:00:00,16836.0
2008-02-04 12:00:00,16726.0
2008-02-04 13:00:00,16654.0
2008-02-04 14:00:00,16540.0
2008-02-04 15:00:00,16604.0
2008-02-04 16:00:00,17242.0
2008-02-04 17:00:00,18485.0
2008-02-04 18:00:00,18554.0
2008-02-04 19:00:00,18044.0
2008-02-04 20:00:00,17252.0
2008-02-04 21:00:00,16016.0
2008-02-04 22:00:00,14375.0
2008-02-04 23:00:00,13005.0
2008-02-05 00:00:00,12136.0
2008-02-05 01:00:00,11676.0
2008-02-05 02:00:00,11458.0
2008-02-05 03:00:00,11439.0
2008-02-05 04:00:00,11775.0
2008-02-05 05:00:00,12899.0
2008-02-05 06:00:00,15044.0
2008-02-05 07:00:00,16382.0
2008-02-05 08:00:00,16746.0
2008-02-05 09:00:00,16937.0
2008-02-05 10:00:00,17155.0
2008-02-05 11:00:00,17179.0
2008-02-05 12:00:00,16945.0
2008-02-05 13:00:00,16833.0
2008-02-05 14:00:00,16669.0
2008-02-05 15:00:00,16662.0
2008-02-05 16:00:00,16977.0
2008-02-05 17:00:00,18066.0
2008-02-05 18:00:00,18258.0
2008-02-05 19:00:00,17761.0
2008-02-05 20:00:00,16973.0
2008-02-05 21:00:00,15779.0
2008-02-05 22:00:00,14218.0
2008-02-05 23:00:00,12789.0
2008-02-06 00:00:00,11878.0
2008-02-06 01:00:00,11417.0
2008-02-06 02:00:00,11174.0
2008-02-06 03:00:00,11113.0
2008-02-06 04:00:00,11430.0
2008-02-06 05:00:00,12545.0
2008-02-06 06:00:00,14758.0
2008-02-06 07:00:00,16167.0
2008-02-06 08:00:00,16519.0
2008-02-06 09:00:00,16727.0
2008-02-06 10:00:00,16902.0
2008-02-06 11:00:00,16922.0
2008-02-06 12:00:00,16767.0
2008-02-06 13:00:00,16681.0
2008-02-06 14:00:00,16537.0
2008-02-06 15:00:00,16588.0
2008-02-06 16:00:00,17169.0
2008-02-06 17:00:00,18270.0
2008-02-06 18:00:00,18273.0
2008-02-06 19:00:00,17772.0
2008-02-06 20:00:00,17025.0
2008-02-06 21:00:00,15881.0
2008-02-06 22:00:00,14329.0
2008-02-06 23:00:00,12994.0
2008-02-07 00:00:00,12132.0
2008-02-07 01:00:00,11703.0
2008-02-07 02:00:00,11535.0
2008-02-07 03:00:00,11538.0
2008-02-07 04:00:00,11880.0
2008-02-07 05:00:00,12993.0
2008-02-07 06:00:00,15080.0
2008-02-07 07:00:00,16367.0
2008-02-07 08:00:00,16790.0
2008-02-07 09:00:00,16977.0
2008-02-07 10:00:00,17123.0
2008-02-07 11:00:00,17151.0
2008-02-07 12:00:00,16959.0
2008-02-07 13:00:00,16890.0
2008-02-07 14:00:00,16782.0
2008-02-07 15:00:00,16855.0
2008-02-07 16:00:00,17445.0
2008-02-07 17:00:00,18602.0
2008-02-07 18:00:00,18738.0
2008-02-07 19:00:00,18283.0
2008-02-07 20:00:00,17546.0
2008-02-07 21:00:00,16370.0
2008-02-07 22:00:00,14800.0
2008-02-07 23:00:00,13441.0
2008-02-08 00:00:00,12548.0
2008-02-08 01:00:00,12079.0
2008-02-08 02:00:00,11910.0
2008-02-08 03:00:00,11859.0
2008-02-08 04:00:00,12177.0
2008-02-08 05:00:00,13322.0
2008-02-08 06:00:00,15487.0
2008-02-08 07:00:00,16769.0
2008-02-08 08:00:00,17101.0
2008-02-08 09:00:00,17275.0
2008-02-08 10:00:00,17406.0
2008-02-08 11:00:00,17344.0
2008-02-08 12:00:00,17146.0
2008-02-08 13:00:00,17005.0
2008-02-08 14:00:00,16762.0
2008-02-08 15:00:00,16648.0
2008-02-08 16:00:00,16925.0
2008-02-08 17:00:00,17921.0
2008-02-08 18:00:00,18110.0
2008-02-08 19:00:00,17601.0
2008-02-08 20:00:00,16989.0
2008-02-08 21:00:00,16134.0
2008-02-08 22:00:00,14931.0
2008-02-08 23:00:00,13705.0
2008-02-09 00:00:00,12815.0
2008-02-09 01:00:00,12328.0
2008-02-09 02:00:00,12082.0
2008-02-09 03:00:00,11983.0
2008-02-09 04:00:00,12120.0
2008-02-09 05:00:00,12545.0
2008-02-09 06:00:00,13317.0
2008-02-09 07:00:00,14155.0
2008-02-09 08:00:00,15141.0
2008-02-09 09:00:00,15725.0
2008-02-09 10:00:00,15928.0
2008-02-09 11:00:00,15833.0
2008-02-09 12:00:00,15610.0
2008-02-09 13:00:00,15388.0
2008-02-09 14:00:00,15270.0
2008-02-09 15:00:00,15320.0
2008-02-09 16:00:00,15883.0
2008-02-09 17:00:00,17043.0
2008-02-09 18:00:00,17172.0
2008-02-09 19:00:00,16630.0
2008-02-09 20:00:00,16003.0
2008-02-09 21:00:00,15173.0
2008-02-09 22:00:00,14110.0
2008-02-09 23:00:00,13049.0
2008-02-10 00:00:00,12154.0
2008-02-10 01:00:00,11619.0
2008-02-10 02:00:00,11325.0
2008-02-10 03:00:00,11195.0
2008-02-10 04:00:00,11223.0
2008-02-10 05:00:00,11471.0
2008-02-10 06:00:00,11998.0
2008-02-10 07:00:00,12597.0
2008-02-10 08:00:00,13575.0
2008-02-10 09:00:00,14360.0
2008-02-10 10:00:00,14809.0
2008-02-10 11:00:00,15145.0
2008-02-10 12:00:00,15257.0
2008-02-10 13:00:00,15119.0
2008-02-10 14:00:00,14973.0
2008-02-10 15:00:00,15030.0
2008-02-10 16:00:00,15762.0
2008-02-10 17:00:00,17253.0
2008-02-10 18:00:00,17823.0
2008-02-10 19:00:00,17562.0
2008-02-10 20:00:00,17037.0
2008-02-10 21:00:00,16160.0
2008-02-10 22:00:00,15053.0
2008-02-10 23:00:00,14040.0
2008-02-11 00:00:00,13393.0
2008-02-11 01:00:00,13116.0
2008-02-11 02:00:00,13077.0
2008-02-11 03:00:00,13211.0
2008-02-11 04:00:00,13687.0
2008-02-11 05:00:00,14960.0
2008-02-11 06:00:00,17204.0
2008-02-11 07:00:00,18370.0
2008-02-11 08:00:00,18646.0
2008-02-11 09:00:00,18718.0
2008-02-11 10:00:00,18774.0
2008-02-11 11:00:00,18632.0
2008-02-11 12:00:00,18335.0
2008-02-11 13:00:00,18092.0
2008-02-11 14:00:00,17795.0
2008-02-11 15:00:00,17695.0
2008-02-11 16:00:00,18153.0
2008-02-11 17:00:00,19633.0
2008-02-11 18:00:00,20190.0
2008-02-11 19:00:00,19787.0
2008-02-11 20:00:00,19084.0
2008-02-11 21:00:00,17887.0
2008-02-11 22:00:00,16263.0
2008-02-11 23:00:00,14854.0
2008-02-12 00:00:00,14016.0
2008-02-12 01:00:00,13627.0
2008-02-12 02:00:00,13450.0
2008-02-12 03:00:00,13493.0
2008-02-12 04:00:00,13868.0
2008-02-12 05:00:00,15077.0
2008-02-12 06:00:00,17220.0
2008-02-12 07:00:00,18208.0
2008-02-12 08:00:00,18256.0
2008-02-12 09:00:00,18185.0
2008-02-12 10:00:00,18088.0
2008-02-12 11:00:00,17879.0
2008-02-12 12:00:00,17627.0
2008-02-12 13:00:00,17506.0
2008-02-12 14:00:00,17426.0
2008-02-12 15:00:00,17503.0
2008-02-12 16:00:00,18098.0
2008-02-12 17:00:00,19380.0
2008-02-12 18:00:00,19692.0
2008-02-12 19:00:00,19228.0
2008-02-12 20:00:00,18437.0
2008-02-12 21:00:00,17188.0
2008-02-12 22:00:00,15611.0
2008-02-12 23:00:00,14204.0
2008-02-13 00:00:00,13331.0
2008-02-13 01:00:00,12857.0
2008-02-13 02:00:00,12631.0
2008-02-13 03:00:00,12599.0
2008-02-13 04:00:00,12867.0
2008-02-13 05:00:00,13845.0
2008-02-13 06:00:00,15534.0
2008-02-13 07:00:00,16752.0
2008-02-13 08:00:00,17444.0
2008-02-13 09:00:00,17807.0
2008-02-13 10:00:00,18062.0
2008-02-13 11:00:00,18134.0
2008-02-13 12:00:00,18029.0
2008-02-13 13:00:00,17884.0
2008-02-13 14:00:00,17753.0
2008-02-13 15:00:00,17774.0
2008-02-13 16:00:00,18167.0
2008-02-13 17:00:00,18889.0
2008-02-13 18:00:00,18897.0
2008-02-13 19:00:00,18286.0
2008-02-13 20:00:00,17470.0
2008-02-13 21:00:00,16286.0
2008-02-13 22:00:00,14721.0
2008-02-13 23:00:00,13351.0
2008-02-14 00:00:00,12470.0
2008-02-14 01:00:00,12043.0
2008-02-14 02:00:00,11865.0
2008-02-14 03:00:00,11888.0
2008-02-14 04:00:00,12313.0
2008-02-14 05:00:00,13535.0
2008-02-14 06:00:00,15728.0
2008-02-14 07:00:00,16850.0
2008-02-14 08:00:00,17049.0
2008-02-14 09:00:00,17033.0
2008-02-14 10:00:00,17008.0
2008-02-14 11:00:00,16876.0
2008-02-14 12:00:00,16626.0
2008-02-14 13:00:00,16464.0
2008-02-14 14:00:00,16237.0
2008-02-14 15:00:00,16189.0
2008-02-14 16:00:00,16532.0
2008-02-14 17:00:00,17779.0
2008-02-14 18:00:00,18470.0
2008-02-14 19:00:00,18140.0
2008-02-14 20:00:00,17550.0
2008-02-14 21:00:00,16508.0
2008-02-14 22:00:00,15024.0
2008-02-14 23:00:00,13732.0
2008-02-15 00:00:00,12896.0
2008-02-15 01:00:00,12435.0
2008-02-15 02:00:00,12226.0
2008-02-15 03:00:00,12208.0
2008-02-15 04:00:00,12542.0
2008-02-15 05:00:00,13632.0
2008-02-15 06:00:00,15652.0
2008-02-15 07:00:00,16746.0
2008-02-15 08:00:00,16984.0
2008-02-15 09:00:00,17025.0
2008-02-15 10:00:00,17050.0
2008-02-15 11:00:00,16863.0
2008-02-15 12:00:00,16493.0
2008-02-15 13:00:00,16294.0
2008-02-15 14:00:00,16046.0
2008-02-15 15:00:00,15939.0
2008-02-15 16:00:00,16263.0
2008-02-15 17:00:00,17325.0
2008-02-15 18:00:00,17797.0
2008-02-15 19:00:00,17365.0
2008-02-15 20:00:00,16836.0
2008-02-15 21:00:00,16041.0
2008-02-15 22:00:00,14918.0
2008-02-15 23:00:00,13802.0
2008-02-16 00:00:00,12975.0
2008-02-16 01:00:00,12556.0
2008-02-16 02:00:00,12371.0
2008-02-16 03:00:00,12341.0
2008-02-16 04:00:00,12498.0
2008-02-16 05:00:00,12970.0
2008-02-16 06:00:00,13805.0
2008-02-16 07:00:00,14682.0
2008-02-16 08:00:00,15683.0
2008-02-16 09:00:00,16262.0
2008-02-16 10:00:00,16381.0
2008-02-16 11:00:00,16226.0
2008-02-16 12:00:00,15870.0
2008-02-16 13:00:00,15448.0
2008-02-16 14:00:00,15090.0
2008-02-16 15:00:00,14977.0
2008-02-16 16:00:00,15364.0
2008-02-16 17:00:00,16636.0
2008-02-16 18:00:00,17330.0
2008-02-16 19:00:00,16973.0
2008-02-16 20:00:00,16504.0
2008-02-16 21:00:00,15838.0
2008-02-16 22:00:00,14868.0
2008-02-16 23:00:00,13919.0
2008-02-17 00:00:00,13141.0
2008-02-17 01:00:00,12699.0
2008-02-17 02:00:00,12478.0
2008-02-17 03:00:00,12393.0
2008-02-17 04:00:00,12483.0
2008-02-17 05:00:00,12780.0
2008-02-17 06:00:00,13234.0
2008-02-17 07:00:00,13830.0
2008-02-17 08:00:00,14592.0
2008-02-17 09:00:00,15069.0
2008-02-17 10:00:00,15241.0
2008-02-17 11:00:00,15340.0
2008-02-17 12:00:00,15282.0
2008-02-17 13:00:00,15137.0
2008-02-17 14:00:00,15071.0
2008-02-17 15:00:00,15145.0
2008-02-17 16:00:00,15657.0
2008-02-17 17:00:00,16762.0
2008-02-17 18:00:00,16956.0
2008-02-17 19:00:00,16479.0
2008-02-17 20:00:00,15768.0
2008-02-17 21:00:00,14822.0
2008-02-17 22:00:00,13695.0
2008-02-17 23:00:00,12613.0
2008-02-18 00:00:00,11798.0
2008-02-18 01:00:00,11310.0
2008-02-18 02:00:00,11040.0
2008-02-18 03:00:00,10947.0
2008-02-18 04:00:00,11136.0
2008-02-18 05:00:00,11847.0
2008-02-18 06:00:00,13039.0
2008-02-18 07:00:00,14078.0
2008-02-18 08:00:00,15089.0
2008-02-18 09:00:00,15852.0
2008-02-18 10:00:00,16268.0
2008-02-18 11:00:00,16355.0
2008-02-18 12:00:00,16137.0
2008-02-18 13:00:00,15850.0
2008-02-18 14:00:00,15652.0
2008-02-18 15:00:00,15647.0
2008-02-18 16:00:00,16135.0
2008-02-18 17:00:00,17042.0
2008-02-18 18:00:00,17178.0
2008-02-18 19:00:00,16608.0
2008-02-18 20:00:00,15870.0
2008-02-18 21:00:00,14851.0
2008-02-18 22:00:00,13538.0
2008-02-18 23:00:00,12401.0
2008-02-19 00:00:00,11628.0
2008-02-19 01:00:00,11251.0
2008-02-19 02:00:00,11093.0
2008-02-19 03:00:00,11131.0
2008-02-19 04:00:00,11526.0
2008-02-19 05:00:00,12629.0
2008-02-19 06:00:00,14405.0
2008-02-19 07:00:00,15578.0
2008-02-19 08:00:00,16109.0
2008-02-19 09:00:00,16341.0
2008-02-19 10:00:00,16494.0
2008-02-19 11:00:00,16473.0
2008-02-19 12:00:00,16330.0
2008-02-19 13:00:00,16229.0
2008-02-19 14:00:00,16063.0
2008-02-19 15:00:00,15990.0
2008-02-19 16:00:00,16401.0
2008-02-19 17:00:00,17591.0
2008-02-19 18:00:00,18273.0
2008-02-19 19:00:00,17887.0
2008-02-19 20:00:00,17238.0
2008-02-19 21:00:00,16232.0
2008-02-19 22:00:00,14902.0
2008-02-19 23:00:00,13707.0
2008-02-20 00:00:00,12890.0
2008-02-20 01:00:00,12482.0
2008-02-20 02:00:00,12320.0
2008-02-20 03:00:00,12361.0
2008-02-20 04:00:00,12731.0
2008-02-20 05:00:00,13835.0
2008-02-20 06:00:00,15549.0
2008-02-20 07:00:00,16683.0
2008-02-20 08:00:00,17120.0
2008-02-20 09:00:00,17257.0
2008-02-20 10:00:00,17335.0
2008-02-20 11:00:00,17266.0
2008-02-20 12:00:00,17110.0
2008-02-20 13:00:00,17005.0
2008-02-20 14:00:00,16810.0
2008-02-20 15:00:00,16704.0
2008-02-20 16:00:00,17079.0
2008-02-20 17:00:00,18260.0
2008-02-20 18:00:00,18945.0
2008-02-20 19:00:00,18583.0
2008-02-20 20:00:00,17895.0
2008-02-20 21:00:00,16871.0
2008-02-20 22:00:00,15500.0
2008-02-20 23:00:00,14233.0
2008-02-21 00:00:00,13420.0
2008-02-21 01:00:00,13020.0
2008-02-21 02:00:00,12861.0
2008-02-21 03:00:00,12894.0
2008-02-21 04:00:00,13256.0
2008-02-21 05:00:00,14341.0
2008-02-21 06:00:00,16045.0
2008-02-21 07:00:00,17145.0
2008-02-21 08:00:00,17591.0
2008-02-21 09:00:00,17702.0
2008-02-21 10:00:00,17712.0
2008-02-21 11:00:00,17588.0
2008-02-21 12:00:00,17310.0
2008-02-21 13:00:00,17077.0
2008-02-21 14:00:00,16785.0
2008-02-21 15:00:00,16642.0
2008-02-21 16:00:00,16911.0
2008-02-21 17:00:00,18070.0
2008-02-21 18:00:00,18914.0
2008-02-21 19:00:00,18590.0
2008-02-21 20:00:00,17971.0
2008-02-21 21:00:00,16994.0
2008-02-21 22:00:00,15616.0
2008-02-21 23:00:00,14316.0
2008-02-22 00:00:00,13460.0
2008-02-22 01:00:00,12997.0
2008-02-22 02:00:00,12786.0
2008-02-22 03:00:00,12745.0
2008-02-22 04:00:00,13038.0
2008-02-22 05:00:00,14025.0
2008-02-22 06:00:00,15615.0
2008-02-22 07:00:00,16775.0
2008-02-22 08:00:00,17445.0
2008-02-22 09:00:00,17812.0
2008-02-22 10:00:00,18035.0
2008-02-22 11:00:00,18106.0
2008-02-22 12:00:00,18004.0
2008-02-22 13:00:00,17883.0
2008-02-22 14:00:00,17629.0
2008-02-22 15:00:00,17384.0
2008-02-22 16:00:00,17643.0
2008-02-22 17:00:00,18608.0
2008-02-22 18:00:00,18801.0
2008-02-22 19:00:00,18122.0
2008-02-22 20:00:00,17316.0
2008-02-22 21:00:00,16284.0
2008-02-22 22:00:00,15020.0
2008-02-22 23:00:00,13858.0
2008-02-23 00:00:00,13031.0
2008-02-23 01:00:00,12546.0
2008-02-23 02:00:00,12267.0
2008-02-23 03:00:00,12161.0
2008-02-23 04:00:00,12251.0
2008-02-23 05:00:00,12665.0
2008-02-23 06:00:00,13357.0
2008-02-23 07:00:00,14155.0
2008-02-23 08:00:00,15129.0
2008-02-23 09:00:00,15854.0
2008-02-23 10:00:00,16106.0
2008-02-23 11:00:00,16079.0
2008-02-23 12:00:00,15771.0
2008-02-23 13:00:00,15393.0
2008-02-23 14:00:00,15130.0
2008-02-23 15:00:00,15037.0
2008-02-23 16:00:00,15363.0
2008-02-23 17:00:00,16369.0
2008-02-23 18:00:00,17062.0
2008-02-23 19:00:00,16694.0
2008-02-23 20:00:00,16188.0
2008-02-23 21:00:00,15508.0
2008-02-23 22:00:00,14541.0
2008-02-23 23:00:00,13590.0
2008-02-24 00:00:00,12794.0
2008-02-24 01:00:00,12387.0
2008-02-24 02:00:00,12175.0
2008-02-24 03:00:00,12110.0
2008-02-24 04:00:00,12212.0
2008-02-24 05:00:00,12559.0
2008-02-24 06:00:00,13025.0
2008-02-24 07:00:00,13654.0
2008-02-24 08:00:00,14358.0
2008-02-24 09:00:00,14830.0
2008-02-24 10:00:00,15043.0
2008-02-24 11:00:00,15042.0
2008-02-24 12:00:00,14880.0
2008-02-24 13:00:00,14575.0
2008-02-24 14:00:00,14319.0
2008-02-24 15:00:00,14289.0
2008-02-24 16:00:00,14757.0
2008-02-24 17:00:00,16093.0
2008-02-24 18:00:00,17208.0
2008-02-24 19:00:00,16972.0
2008-02-24 20:00:00,16354.0
2008-02-24 21:00:00,15323.0
2008-02-24 22:00:00,14135.0
2008-02-24 23:00:00,13136.0
2008-02-25 00:00:00,12317.0
2008-02-25 01:00:00,11979.0
2008-02-25 02:00:00,11901.0
2008-02-25 03:00:00,12005.0
2008-02-25 04:00:00,12435.0
2008-02-25 05:00:00,13671.0
2008-02-25 06:00:00,15693.0
2008-02-25 07:00:00,16825.0
2008-02-25 08:00:00,17000.0
2008-02-25 09:00:00,16896.0
2008-02-25 10:00:00,16778.0
2008-02-25 11:00:00,16548.0
2008-02-25 12:00:00,16239.0
2008-02-25 13:00:00,16022.0
2008-02-25 14:00:00,15761.0
2008-02-25 15:00:00,15665.0
2008-02-25 16:00:00,15987.0
2008-02-25 17:00:00,17128.0
2008-02-25 18:00:00,18161.0
2008-02-25 19:00:00,17821.0
2008-02-25 20:00:00,17092.0
2008-02-25 21:00:00,15981.0
2008-02-25 22:00:00,14465.0
2008-02-25 23:00:00,13176.0
2008-02-26 00:00:00,12412.0
2008-02-26 01:00:00,12054.0
2008-02-26 02:00:00,11866.0
2008-02-26 03:00:00,11892.0
2008-02-26 04:00:00,12239.0
2008-02-26 05:00:00,13414.0
2008-02-26 06:00:00,15375.0
2008-02-26 07:00:00,16555.0
2008-02-26 08:00:00,16930.0
2008-02-26 09:00:00,16993.0
2008-02-26 10:00:00,17033.0
2008-02-26 11:00:00,16994.0
2008-02-26 12:00:00,16868.0
2008-02-26 13:00:00,16839.0
2008-02-26 14:00:00,16763.0
2008-02-26 15:00:00,16887.0
2008-02-26 16:00:00,17473.0
2008-02-26 17:00:00,18440.0
2008-02-26 18:00:00,18684.0
2008-02-26 19:00:00,18160.0
2008-02-26 20:00:00,17332.0
2008-02-26 21:00:00,16066.0
2008-02-26 22:00:00,14544.0
2008-02-26 23:00:00,13137.0
2008-02-27 00:00:00,12252.0
2008-02-27 01:00:00,11786.0
2008-02-27 02:00:00,11573.0
2008-02-27 03:00:00,11527.0
2008-02-27 04:00:00,11834.0
2008-02-27 05:00:00,12937.0
2008-02-27 06:00:00,14904.0
2008-02-27 07:00:00,16123.0
2008-02-27 08:00:00,16523.0
2008-02-27 09:00:00,16721.0
2008-02-27 10:00:00,16849.0
2008-02-27 11:00:00,16850.0
2008-02-27 12:00:00,16739.0
2008-02-27 13:00:00,16705.0
2008-02-27 14:00:00,16600.0
2008-02-27 15:00:00,16634.0
2008-02-27 16:00:00,17058.0
2008-02-27 17:00:00,18058.0
2008-02-27 18:00:00,18679.0
2008-02-27 19:00:00,18326.0
2008-02-27 20:00:00,17677.0
2008-02-27 21:00:00,16618.0
2008-02-27 22:00:00,15134.0
2008-02-27 23:00:00,13836.0
2008-02-28 00:00:00,13047.0
2008-02-28 01:00:00,12680.0
2008-02-28 02:00:00,12516.0
2008-02-28 03:00:00,12567.0
2008-02-28 04:00:00,12979.0
2008-02-28 05:00:00,14179.0
2008-02-28 06:00:00,16144.0
2008-02-28 07:00:00,17285.0
2008-02-28 08:00:00,17559.0
2008-02-28 09:00:00,17578.0
2008-02-28 10:00:00,17531.0
2008-02-28 11:00:00,17410.0
2008-02-28 12:00:00,17168.0
2008-02-28 13:00:00,17004.0
2008-02-28 14:00:00,16812.0
2008-02-28 15:00:00,16748.0
2008-02-28 16:00:00,17098.0
2008-02-28 17:00:00,18181.0
2008-02-28 18:00:00,19264.0
2008-02-28 19:00:00,19043.0
2008-02-28 20:00:00,18458.0
2008-02-28 21:00:00,17458.0
2008-02-28 22:00:00,16008.0
2008-02-28 23:00:00,14699.0
2008-02-29 00:00:00,13924.0
2008-02-29 01:00:00,13554.0
2008-02-29 02:00:00,13411.0
2008-02-29 03:00:00,13474.0
2008-02-29 04:00:00,13899.0
2008-02-29 05:00:00,15043.0
2008-02-29 06:00:00,16943.0
2008-02-29 07:00:00,18033.0
2008-02-29 08:00:00,18175.0
2008-02-29 09:00:00,18065.0
2008-02-29 10:00:00,17945.0
2008-02-29 11:00:00,17696.0
2008-02-29 12:00:00,17337.0
2008-02-29 13:00:00,17066.0
2008-02-29 14:00:00,16739.0
2008-02-29 15:00:00,16598.0
2008-02-29 16:00:00,16895.0
2008-02-29 17:00:00,17782.0
2008-02-29 18:00:00,18580.0
2008-02-29 19:00:00,18180.0
2008-02-29 20:00:00,17611.0
2008-02-29 21:00:00,16803.0
2008-02-29 22:00:00,15541.0
2008-02-29 23:00:00,14300.0
2008-03-01 00:00:00,13393.0
2008-03-01 01:00:00,12851.0
2008-03-01 02:00:00,12556.0
2008-03-01 03:00:00,12377.0
2008-03-01 04:00:00,12409.0
2008-03-01 05:00:00,12722.0
2008-03-01 06:00:00,13335.0
2008-03-01 07:00:00,14147.0
2008-03-01 08:00:00,15181.0
2008-03-01 09:00:00,16007.0
2008-03-01 10:00:00,16395.0
2008-03-01 11:00:00,16386.0
2008-03-01 12:00:00,16124.0
2008-03-01 13:00:00,15746.0
2008-03-01 14:00:00,15454.0
2008-03-01 15:00:00,15306.0
2008-03-01 16:00:00,15448.0
2008-03-01 17:00:00,16256.0
2008-03-01 18:00:00,17119.0
2008-03-01 19:00:00,16743.0
2008-03-01 20:00:00,16189.0
2008-03-01 21:00:00,15450.0
2008-03-01 22:00:00,14420.0
2008-03-01 23:00:00,13365.0
2008-03-02 00:00:00,12559.0
2008-03-02 01:00:00,12093.0
2008-03-02 02:00:00,11865.0
2008-03-02 03:00:00,11785.0
2008-03-02 04:00:00,11871.0
2008-03-02 05:00:00,12207.0
2008-03-02 06:00:00,12615.0
2008-03-02 07:00:00,13318.0
2008-03-02 08:00:00,14210.0
2008-03-02 09:00:00,14793.0
2008-03-02 10:00:00,15042.0
2008-03-02 11:00:00,15090.0
2008-03-02 12:00:00,14919.0
2008-03-02 13:00:00,14658.0
2008-03-02 14:00:00,14388.0
2008-03-02 15:00:00,14354.0
2008-03-02 16:00:00,14840.0
2008-03-02 17:00:00,16012.0
2008-03-02 18:00:00,17205.0
2008-03-02 19:00:00,16993.0
2008-03-02 20:00:00,16404.0
2008-03-02 21:00:00,15396.0
2008-03-02 22:00:00,14106.0
2008-03-02 23:00:00,13018.0
2008-03-03 00:00:00,12355.0
2008-03-03 01:00:00,12048.0
2008-03-03 02:00:00,11965.0
2008-03-03 03:00:00,12057.0
2008-03-03 04:00:00,12472.0
2008-03-03 05:00:00,13726.0
2008-03-03 06:00:00,15700.0
2008-03-03 07:00:00,16809.0
2008-03-03 08:00:00,16885.0
2008-03-03 09:00:00,16842.0
2008-03-03 10:00:00,16849.0
2008-03-03 11:00:00,16824.0
2008-03-03 12:00:00,16707.0
2008-03-03 13:00:00,16500.0
2008-03-03 14:00:00,16167.0
2008-03-03 15:00:00,15924.0
2008-03-03 16:00:00,16092.0
2008-03-03 17:00:00,17009.0
2008-03-03 18:00:00,18139.0
2008-03-03 19:00:00,17762.0
2008-03-03 20:00:00,17033.0
2008-03-03 21:00:00,15807.0
2008-03-03 22:00:00,14235.0
2008-03-03 23:00:00,12840.0
2008-03-04 00:00:00,11958.0
2008-03-04 01:00:00,11510.0
2008-03-04 02:00:00,11275.0
2008-03-04 03:00:00,11232.0
2008-03-04 04:00:00,11523.0
2008-03-04 05:00:00,12619.0
2008-03-04 06:00:00,14511.0
2008-03-04 07:00:00,15628.0
2008-03-04 08:00:00,15831.0
2008-03-04 09:00:00,15940.0
2008-03-04 10:00:00,16070.0
2008-03-04 11:00:00,16116.0
2008-03-04 12:00:00,16058.0
2008-03-04 13:00:00,16071.0
2008-03-04 14:00:00,16023.0
2008-03-04 15:00:00,16167.0
2008-03-04 16:00:00,16671.0
2008-03-04 17:00:00,17551.0
2008-03-04 18:00:00,17900.0
2008-03-04 19:00:00,17479.0
2008-03-04 20:00:00,16682.0
2008-03-04 21:00:00,15518.0
2008-03-04 22:00:00,13994.0
2008-03-04 23:00:00,12649.0
2008-03-05 00:00:00,11817.0
2008-03-05 01:00:00,11384.0
2008-03-05 02:00:00,11201.0
2008-03-05 03:00:00,11206.0
2008-03-05 04:00:00,11539.0
2008-03-05 05:00:00,12645.0
2008-03-05 06:00:00,14660.0
2008-03-05 07:00:00,15963.0
2008-03-05 08:00:00,16378.0
2008-03-05 09:00:00,16535.0
2008-03-05 10:00:00,16630.0
2008-03-05 11:00:00,16592.0
2008-03-05 12:00:00,16366.0
2008-03-05 13:00:00,16195.0
2008-03-05 14:00:00,15971.0
2008-03-05 15:00:00,15885.0
2008-03-05 16:00:00,16255.0
2008-03-05 17:00:00,17071.0
2008-03-05 18:00:00,17813.0
2008-03-05 19:00:00,17507.0
2008-03-05 20:00:00,16795.0
2008-03-05 21:00:00,15716.0
2008-03-05 22:00:00,14208.0
2008-03-05 23:00:00,12879.0
2008-03-06 00:00:00,12074.0
2008-03-06 01:00:00,11682.0
2008-03-06 02:00:00,11506.0
2008-03-06 03:00:00,11538.0
2008-03-06 04:00:00,11915.0
2008-03-06 05:00:00,13121.0
2008-03-06 06:00:00,15062.0
2008-03-06 07:00:00,16153.0
2008-03-06 08:00:00,16295.0
2008-03-06 09:00:00,16242.0
2008-03-06 10:00:00,16198.0
2008-03-06 11:00:00,16040.0
2008-03-06 12:00:00,15816.0
2008-03-06 13:00:00,15651.0
2008-03-06 14:00:00,15382.0
2008-03-06 15:00:00,15290.0
2008-03-06 16:00:00,15543.0
2008-03-06 17:00:00,16428.0
2008-03-06 18:00:00,17583.0
2008-03-06 19:00:00,17409.0
2008-03-06 20:00:00,16766.0
2008-03-06 21:00:00,15723.0
2008-03-06 22:00:00,14236.0
2008-03-06 23:00:00,12947.0
2008-03-07 00:00:00,12121.0
2008-03-07 01:00:00,11741.0
2008-03-07 02:00:00,11568.0
2008-03-07 03:00:00,11579.0
2008-03-07 04:00:00,11964.0
2008-03-07 05:00:00,13085.0
2008-03-07 06:00:00,14985.0
2008-03-07 07:00:00,16119.0
2008-03-07 08:00:00,16320.0
2008-03-07 09:00:00,16287.0
2008-03-07 10:00:00,16226.0
2008-03-07 11:00:00,16025.0
2008-03-07 12:00:00,15775.0
2008-03-07 13:00:00,15648.0
2008-03-07 14:00:00,15526.0
2008-03-07 15:00:00,15573.0
2008-03-07 16:00:00,15927.0
2008-03-07 17:00:00,16754.0
2008-03-07 18:00:00,17150.0
2008-03-07 19:00:00,16681.0
2008-03-07 20:00:00,16063.0
2008-03-07 21:00:00,15169.0
2008-03-07 22:00:00,13968.0
2008-03-07 23:00:00,12752.0
2008-03-08 00:00:00,11861.0
2008-03-08 01:00:00,11365.0
2008-03-08 02:00:00,11066.0
2008-03-08 03:00:00,10926.0
2008-03-08 04:00:00,10999.0
2008-03-08 05:00:00,11403.0
2008-03-08 06:00:00,12125.0
2008-03-08 07:00:00,13091.0
2008-03-08 08:00:00,14295.0
2008-03-08 09:00:00,15131.0
2008-03-08 10:00:00,15606.0
2008-03-08 11:00:00,15768.0
2008-03-08 12:00:00,15749.0
2008-03-08 13:00:00,15645.0
2008-03-08 14:00:00,15411.0
2008-03-08 15:00:00,15386.0
2008-03-08 16:00:00,15673.0
2008-03-08 17:00:00,16223.0
2008-03-08 18:00:00,16418.0
2008-03-08 19:00:00,15853.0
2008-03-08 20:00:00,15177.0
2008-03-08 21:00:00,14350.0
2008-03-08 22:00:00,13327.0
2008-03-08 23:00:00,12361.0
2008-03-09 00:00:00,11551.0
2008-03-09 01:00:00,11356.5
2008-03-09 02:00:00,11162.0
2008-03-09 03:00:00,11081.0
2008-03-09 04:00:00,10989.0
2008-03-09 05:00:00,11245.0
2008-03-09 06:00:00,11783.0
2008-03-09 07:00:00,12272.0
2008-03-09 08:00:00,13138.0
2008-03-09 09:00:00,13968.0
2008-03-09 10:00:00,14531.0
2008-03-09 11:00:00,14831.0
2008-03-09 12:00:00,14881.0
2008-03-09 13:00:00,14673.0
2008-03-09 14:00:00,14449.0
2008-03-09 15:00:00,14305.0
2008-03-09 16:00:00,14409.0
2008-03-09 17:00:00,14819.0
2008-03-09 18:00:00,15617.0
2008-03-09 19:00:00,16726.0
2008-03-09 20:00:00,16519.0
2008-03-09 21:00:00,15687.0
2008-03-09 22:00:00,14425.0
2008-03-09 23:00:00,13212.0
2008-03-10 00:00:00,12377.0
2008-03-10 01:00:00,11975.0
2008-03-10 02:00:00,11840.0
2008-03-10 03:00:00,11872.0
2008-03-10 04:00:00,12185.0
2008-03-10 05:00:00,13347.0
2008-03-10 06:00:00,15563.0
2008-03-10 07:00:00,16952.0
2008-03-10 08:00:00,17177.0
2008-03-10 09:00:00,17190.0
2008-03-10 10:00:00,17204.0
2008-03-10 11:00:00,17067.0
2008-03-10 12:00:00,16833.0
2008-03-10 13:00:00,16615.0
2008-03-10 14:00:00,16299.0
2008-03-10 15:00:00,16035.0
2008-03-10 16:00:00,16126.0
2008-03-10 17:00:00,16481.0
2008-03-10 18:00:00,16996.0
2008-03-10 19:00:00,17894.0
2008-03-10 20:00:00,17543.0
2008-03-10 21:00:00,16502.0
2008-03-10 22:00:00,14989.0
2008-03-10 23:00:00,13577.0
2008-03-11 00:00:00,12689.0
2008-03-11 01:00:00,12242.0
2008-03-11 02:00:00,12081.0
2008-03-11 03:00:00,12064.0
2008-03-11 04:00:00,12395.0
2008-03-11 05:00:00,13521.0
2008-03-11 06:00:00,15723.0
2008-03-11 07:00:00,17028.0
2008-03-11 08:00:00,17145.0
2008-03-11 09:00:00,17048.0
2008-03-11 10:00:00,16964.0
2008-03-11 11:00:00,16760.0
2008-03-11 12:00:00,16461.0
2008-03-11 13:00:00,16271.0
2008-03-11 14:00:00,15931.0
2008-03-11 15:00:00,15671.0
2008-03-11 16:00:00,15681.0
2008-03-11 17:00:00,15942.0
2008-03-11 18:00:00,16481.0
2008-03-11 19:00:00,17471.0
2008-03-11 20:00:00,17113.0
2008-03-11 21:00:00,16092.0
2008-03-11 22:00:00,14615.0
2008-03-11 23:00:00,13166.0
2008-03-12 00:00:00,12245.0
2008-03-12 01:00:00,11758.0
2008-03-12 02:00:00,11550.0
2008-03-12 03:00:00,11489.0
2008-03-12 04:00:00,11750.0
2008-03-12 05:00:00,12804.0
2008-03-12 06:00:00,14964.0
2008-03-12 07:00:00,16425.0
2008-03-12 08:00:00,16709.0
2008-03-12 09:00:00,16808.0
2008-03-12 10:00:00,16892.0
2008-03-12 11:00:00,16847.0
2008-03-12 12:00:00,16679.0
2008-03-12 13:00:00,16560.0
2008-03-12 14:00:00,16279.0
2008-03-12 15:00:00,16064.0
2008-03-12 16:00:00,16138.0
2008-03-12 17:00:00,16351.0
2008-03-12 18:00:00,16778.0
2008-03-12 19:00:00,17590.0
2008-03-12 20:00:00,17216.0
2008-03-12 21:00:00,16191.0
2008-03-12 22:00:00,14713.0
2008-03-12 23:00:00,13299.0
2008-03-13 00:00:00,12422.0
2008-03-13 01:00:00,11993.0
2008-03-13 02:00:00,11808.0
2008-03-13 03:00:00,11833.0
2008-03-13 04:00:00,12173.0
2008-03-13 05:00:00,13314.0
2008-03-13 06:00:00,15559.0
2008-03-13 07:00:00,16822.0
2008-03-13 08:00:00,17037.0
2008-03-13 09:00:00,16996.0
2008-03-13 10:00:00,16847.0
2008-03-13 11:00:00,16590.0
2008-03-13 12:00:00,16289.0
2008-03-13 13:00:00,16067.0
2008-03-13 14:00:00,15790.0
2008-03-13 15:00:00,15598.0
2008-03-13 16:00:00,15663.0
2008-03-13 17:00:00,16044.0
2008-03-13 18:00:00,16673.0
2008-03-13 19:00:00,17455.0
2008-03-13 20:00:00,17082.0
2008-03-13 21:00:00,16094.0
2008-03-13 22:00:00,14560.0
2008-03-13 23:00:00,13173.0
2008-03-14 00:00:00,12264.0
2008-03-14 01:00:00,11791.0
2008-03-14 02:00:00,11571.0
2008-03-14 03:00:00,11507.0
2008-03-14 04:00:00,11785.0
2008-03-14 05:00:00,12861.0
2008-03-14 06:00:00,15001.0
2008-03-14 07:00:00,16350.0
2008-03-14 08:00:00,16621.0
2008-03-14 09:00:00,16583.0
2008-03-14 10:00:00,16527.0
2008-03-14 11:00:00,16283.0
2008-03-14 12:00:00,15981.0
2008-03-14 13:00:00,15774.0
2008-03-14 14:00:00,15508.0
2008-03-14 15:00:00,15274.0
2008-03-14 16:00:00,15298.0
2008-03-14 17:00:00,15458.0
2008-03-14 18:00:00,15772.0
2008-03-14 19:00:00,16188.0
2008-03-14 20:00:00,15818.0
2008-03-14 21:00:00,15031.0
2008-03-14 22:00:00,13891.0
2008-03-14 23:00:00,12621.0
2008-03-15 00:00:00,11717.0
2008-03-15 01:00:00,11194.0
2008-03-15 02:00:00,10933.0
2008-03-15 03:00:00,10800.0
2008-03-15 04:00:00,10902.0
2008-03-15 05:00:00,11294.0
2008-03-15 06:00:00,12123.0
2008-03-15 07:00:00,13154.0
2008-03-15 08:00:00,14317.0
2008-03-15 09:00:00,15243.0
2008-03-15 10:00:00,15698.0
2008-03-15 11:00:00,15694.0
2008-03-15 12:00:00,15460.0
2008-03-15 13:00:00,15172.0
2008-03-15 14:00:00,14931.0
2008-03-15 15:00:00,14741.0
2008-03-15 16:00:00,14697.0
2008-03-15 17:00:00,14852.0
2008-03-15 18:00:00,15206.0
2008-03-15 19:00:00,15704.0
2008-03-15 20:00:00,15358.0
2008-03-15 21:00:00,14663.0
2008-03-15 22:00:00,13671.0
2008-03-15 23:00:00,12629.0
2008-03-16 00:00:00,11779.0
2008-03-16 01:00:00,11207.0
2008-03-16 02:00:00,10929.0
2008-03-16 03:00:00,10778.0
2008-03-16 04:00:00,10791.0
2008-03-16 05:00:00,11038.0
2008-03-16 06:00:00,11582.0
2008-03-16 07:00:00,12236.0
2008-03-16 08:00:00,13299.0
2008-03-16 09:00:00,14160.0
2008-03-16 10:00:00,14626.0
2008-03-16 11:00:00,14828.0
2008-03-16 12:00:00,14884.0
2008-03-16 13:00:00,14749.0
2008-03-16 14:00:00,14480.0
2008-03-16 15:00:00,14347.0
2008-03-16 16:00:00,14404.0
2008-03-16 17:00:00,14764.0
2008-03-16 18:00:00,15317.0
2008-03-16 19:00:00,16074.0
2008-03-16 20:00:00,15810.0
2008-03-16 21:00:00,14922.0
2008-03-16 22:00:00,13672.0
2008-03-16 23:00:00,12537.0
2008-03-17 00:00:00,11792.0
2008-03-17 01:00:00,11444.0
2008-03-17 02:00:00,11330.0
2008-03-17 03:00:00,11402.0
2008-03-17 04:00:00,11793.0
2008-03-17 05:00:00,13004.0
2008-03-17 06:00:00,15291.0
2008-03-17 07:00:00,16596.0
2008-03-17 08:00:00,16854.0
2008-03-17 09:00:00,16912.0
2008-03-17 10:00:00,16920.0
2008-03-17 11:00:00,16766.0
2008-03-17 12:00:00,16548.0
2008-03-17 13:00:00,16338.0
2008-03-17 14:00:00,16002.0
2008-03-17 15:00:00,15751.0
2008-03-17 16:00:00,15726.0
2008-03-17 17:00:00,15912.0
2008-03-17 18:00:00,16251.0
2008-03-17 19:00:00,17254.0
2008-03-17 20:00:00,17009.0
2008-03-17 21:00:00,15973.0
2008-03-17 22:00:00,14468.0
2008-03-17 23:00:00,13153.0
2008-03-18 00:00:00,12303.0
2008-03-18 01:00:00,11913.0
2008-03-18 02:00:00,11768.0
2008-03-18 03:00:00,11786.0
2008-03-18 04:00:00,12155.0
2008-03-18 05:00:00,13318.0
2008-03-18 06:00:00,15556.0
2008-03-18 07:00:00,16688.0
2008-03-18 08:00:00,16825.0
2008-03-18 09:00:00,16762.0
2008-03-18 10:00:00,16702.0
2008-03-18 11:00:00,16470.0
2008-03-18 12:00:00,16192.0
2008-03-18 13:00:00,16003.0
2008-03-18 14:00:00,15724.0
2008-03-18 15:00:00,15598.0
2008-03-18 16:00:00,15829.0
2008-03-18 17:00:00,16310.0
2008-03-18 18:00:00,16779.0
2008-03-18 19:00:00,17403.0
2008-03-18 20:00:00,16923.0
2008-03-18 21:00:00,15842.0
2008-03-18 22:00:00,14347.0
2008-03-18 23:00:00,12925.0
2008-03-19 00:00:00,12014.0
2008-03-19 01:00:00,11546.0
2008-03-19 02:00:00,11350.0
2008-03-19 03:00:00,11312.0
2008-03-19 04:00:00,11607.0
2008-03-19 05:00:00,12709.0
2008-03-19 06:00:00,14931.0
2008-03-19 07:00:00,16361.0
2008-03-19 08:00:00,16746.0
2008-03-19 09:00:00,16979.0
2008-03-19 10:00:00,17158.0
2008-03-19 11:00:00,17204.0
2008-03-19 12:00:00,17100.0
2008-03-19 13:00:00,17033.0
2008-03-19 14:00:00,16928.0
2008-03-19 15:00:00,16867.0
2008-03-19 16:00:00,17055.0
2008-03-19 17:00:00,17363.0
2008-03-19 18:00:00,17550.0
2008-03-19 19:00:00,17672.0
2008-03-19 20:00:00,17024.0
2008-03-19 21:00:00,15861.0
2008-03-19 22:00:00,14329.0
2008-03-19 23:00:00,12889.0
2008-03-20 00:00:00,11972.0
2008-03-20 01:00:00,11465.0
2008-03-20 02:00:00,11207.0
2008-03-20 03:00:00,11130.0
2008-03-20 04:00:00,11391.0
2008-03-20 05:00:00,12416.0
2008-03-20 06:00:00,14578.0
2008-03-20 07:00:00,15957.0
2008-03-20 08:00:00,16285.0
2008-03-20 09:00:00,16441.0
2008-03-20 10:00:00,16573.0
2008-03-20 11:00:00,16541.0
2008-03-20 12:00:00,16456.0
2008-03-20 13:00:00,16408.0
2008-03-20 14:00:00,16232.0
2008-03-20 15:00:00,16085.0
2008-03-20 16:00:00,16092.0
2008-03-20 17:00:00,16193.0
2008-03-20 18:00:00,16335.0
2008-03-20 19:00:00,17049.0
2008-03-20 20:00:00,16807.0
2008-03-20 21:00:00,15926.0
2008-03-20 22:00:00,14578.0
2008-03-20 23:00:00,13227.0
2008-03-21 00:00:00,12311.0
2008-03-21 01:00:00,11835.0
2008-03-21 02:00:00,11631.0
2008-03-21 03:00:00,11611.0
2008-03-21 04:00:00,11927.0
2008-03-21 05:00:00,12836.0
2008-03-21 06:00:00,14414.0
2008-03-21 07:00:00,15533.0
2008-03-21 08:00:00,16205.0
2008-03-21 09:00:00,16562.0
2008-03-21 10:00:00,16684.0
2008-03-21 11:00:00,16596.0
2008-03-21 12:00:00,16340.0
2008-03-21 13:00:00,16110.0
2008-03-21 14:00:00,15748.0
2008-03-21 15:00:00,15393.0
2008-03-21 16:00:00,15308.0
2008-03-21 17:00:00,15400.0
2008-03-21 18:00:00,15673.0
2008-03-21 19:00:00,16547.0
2008-03-21 20:00:00,16396.0
2008-03-21 21:00:00,15691.0
2008-03-21 22:00:00,14607.0
2008-03-21 23:00:00,13427.0
2008-03-22 00:00:00,12563.0
2008-03-22 01:00:00,12021.0
2008-03-22 02:00:00,11755.0
2008-03-22 03:00:00,11645.0
2008-03-22 04:00:00,11729.0
2008-03-22 05:00:00,12092.0
2008-03-22 06:00:00,12830.0
2008-03-22 07:00:00,13667.0
2008-03-22 08:00:00,14719.0
2008-03-22 09:00:00,15347.0
2008-03-22 10:00:00,15485.0
2008-03-22 11:00:00,15345.0
2008-03-22 12:00:00,14995.0
2008-03-22 13:00:00,14575.0
2008-03-22 14:00:00,14177.0
2008-03-22 15:00:00,13918.0
2008-03-22 16:00:00,13889.0
2008-03-22 17:00:00,14090.0
2008-03-22 18:00:00,14446.0
2008-03-22 19:00:00,15423.0
2008-03-22 20:00:00,15444.0
2008-03-22 21:00:00,14893.0
2008-03-22 22:00:00,13964.0
2008-03-22 23:00:00,12890.0
2008-03-23 00:00:00,12026.0
2008-03-23 01:00:00,11505.0
2008-03-23 02:00:00,11243.0
2008-03-23 03:00:00,11160.0
2008-03-23 04:00:00,11228.0
2008-03-23 05:00:00,11545.0
2008-03-23 06:00:00,12093.0
2008-03-23 07:00:00,12841.0
2008-03-23 08:00:00,13764.0
2008-03-23 09:00:00,14372.0
2008-03-23 10:00:00,14534.0
2008-03-23 11:00:00,14503.0
2008-03-23 12:00:00,14219.0
2008-03-23 13:00:00,13630.0
2008-03-23 14:00:00,13019.0
2008-03-23 15:00:00,12678.0
2008-03-23 16:00:00,12592.0
2008-03-23 17:00:00,12783.0
2008-03-23 18:00:00,13365.0
2008-03-23 19:00:00,14835.0
2008-03-23 20:00:00,15126.0
2008-03-23 21:00:00,14440.0
2008-03-23 22:00:00,13326.0
2008-03-23 23:00:00,12264.0
2008-03-24 00:00:00,11627.0
2008-03-24 01:00:00,11351.0
2008-03-24 02:00:00,11269.0
2008-03-24 03:00:00,11354.0
2008-03-24 04:00:00,11753.0
2008-03-24 05:00:00,12985.0
2008-03-24 06:00:00,15161.0
2008-03-24 07:00:00,16427.0
2008-03-24 08:00:00,16685.0
2008-03-24 09:00:00,16720.0
2008-03-24 10:00:00,16692.0
2008-03-24 11:00:00,16513.0
2008-03-24 12:00:00,16229.0
2008-03-24 13:00:00,16023.0
2008-03-24 14:00:00,15728.0
2008-03-24 15:00:00,15440.0
2008-03-24 16:00:00,15391.0
2008-03-24 17:00:00,15607.0
2008-03-24 18:00:00,15936.0
2008-03-24 19:00:00,16958.0
2008-03-24 20:00:00,16792.0
2008-03-24 21:00:00,15731.0
2008-03-24 22:00:00,14186.0
2008-03-24 23:00:00,12842.0
2008-03-25 00:00:00,12011.0
2008-03-25 01:00:00,11641.0
2008-03-25 02:00:00,11497.0
2008-03-25 03:00:00,11516.0
2008-03-25 04:00:00,11930.0
2008-03-25 05:00:00,13140.0
2008-03-25 06:00:00,15341.0
2008-03-25 07:00:00,16553.0
2008-03-25 08:00:00,16737.0
2008-03-25 09:00:00,16645.0
2008-03-25 10:00:00,16571.0
2008-03-25 11:00:00,16383.0
2008-03-25 12:00:00,16108.0
2008-03-25 13:00:00,15921.0
2008-03-25 14:00:00,15623.0
2008-03-25 15:00:00,15392.0
2008-03-25 16:00:00,15412.0
2008-03-25 17:00:00,15712.0
2008-03-25 18:00:00,16222.0
2008-03-25 19:00:00,17204.0
2008-03-25 20:00:00,16956.0
2008-03-25 21:00:00,15872.0
2008-03-25 22:00:00,14344.0
2008-03-25 23:00:00,12912.0
2008-03-26 00:00:00,11999.0
2008-03-26 01:00:00,11550.0
2008-03-26 02:00:00,11332.0
2008-03-26 03:00:00,11286.0
2008-03-26 04:00:00,11569.0
2008-03-26 05:00:00,12646.0
2008-03-26 06:00:00,14782.0
2008-03-26 07:00:00,16028.0
2008-03-26 08:00:00,16291.0
2008-03-26 09:00:00,16217.0
2008-03-26 10:00:00,16158.0
2008-03-26 11:00:00,16024.0
2008-03-26 12:00:00,15843.0
2008-03-26 13:00:00,15737.0
2008-03-26 14:00:00,15482.0
2008-03-26 15:00:00,15266.0
2008-03-26 16:00:00,15226.0
2008-03-26 17:00:00,15337.0
2008-03-26 18:00:00,15509.0
2008-03-26 19:00:00,16405.0
2008-03-26 20:00:00,16324.0
2008-03-26 21:00:00,15277.0
2008-03-26 22:00:00,13761.0
2008-03-26 23:00:00,12361.0
2008-03-27 00:00:00,11536.0
2008-03-27 01:00:00,11154.0
2008-03-27 02:00:00,10978.0
2008-03-27 03:00:00,10998.0
2008-03-27 04:00:00,11363.0
2008-03-27 05:00:00,12550.0
2008-03-27 06:00:00,14717.0
2008-03-27 07:00:00,15936.0
2008-03-27 08:00:00,16139.0
2008-03-27 09:00:00,16137.0
2008-03-27 10:00:00,16152.0
2008-03-27 11:00:00,16024.0
2008-03-27 12:00:00,15829.0
2008-03-27 13:00:00,15770.0
2008-03-27 14:00:00,15629.0
2008-03-27 15:00:00,15585.0
2008-03-27 16:00:00,15740.0
2008-03-27 17:00:00,16046.0
2008-03-27 18:00:00,16335.0
2008-03-27 19:00:00,16845.0
2008-03-27 20:00:00,16459.0
2008-03-27 21:00:00,15352.0
2008-03-27 22:00:00,13805.0
2008-03-27 23:00:00,12442.0
2008-03-28 00:00:00,11526.0
2008-03-28 01:00:00,11074.0
2008-03-28 02:00:00,10843.0
2008-03-28 03:00:00,10828.0
2008-03-28 04:00:00,11148.0
2008-03-28 05:00:00,12232.0
2008-03-28 06:00:00,14332.0
2008-03-28 07:00:00,15730.0
2008-03-28 08:00:00,16229.0
2008-03-28 09:00:00,16532.0
2008-03-28 10:00:00,16807.0
2008-03-28 11:00:00,16856.0
2008-03-28 12:00:00,16712.0
2008-03-28 13:00:00,16568.0
2008-03-28 14:00:00,16355.0
2008-03-28 15:00:00,16286.0
2008-03-28 16:00:00,16346.0
2008-03-28 17:00:00,16387.0
2008-03-28 18:00:00,16408.0
2008-03-28 19:00:00,16602.0
2008-03-28 20:00:00,16212.0
2008-03-28 21:00:00,15373.0
2008-03-28 22:00:00,14177.0
2008-03-28 23:00:00,12942.0
2008-03-29 00:00:00,12057.0
2008-03-29 01:00:00,11576.0
2008-03-29 02:00:00,11355.0
2008-03-29 03:00:00,11293.0
2008-03-29 04:00:00,11403.0
2008-03-29 05:00:00,11846.0
2008-03-29 06:00:00,12595.0
2008-03-29 07:00:00,13500.0
2008-03-29 08:00:00,14536.0
2008-03-29 09:00:00,15190.0
2008-03-29 10:00:00,15441.0
2008-03-29 11:00:00,15371.0
2008-03-29 12:00:00,15112.0
2008-03-29 13:00:00,14758.0
2008-03-29 14:00:00,14417.0
2008-03-29 15:00:00,14217.0
2008-03-29 16:00:00,14209.0
2008-03-29 17:00:00,14428.0
2008-03-29 18:00:00,14724.0
2008-03-29 19:00:00,15626.0
2008-03-29 20:00:00,15700.0
2008-03-29 21:00:00,15130.0
2008-03-29 22:00:00,14217.0
2008-03-29 23:00:00,13232.0
2008-03-30 00:00:00,12391.0
2008-03-30 01:00:00,11905.0
2008-03-30 02:00:00,11679.0
2008-03-30 03:00:00,11596.0
2008-03-30 04:00:00,11649.0
2008-03-30 05:00:00,11961.0
2008-03-30 06:00:00,12426.0
2008-03-30 07:00:00,13023.0
2008-03-30 08:00:00,13861.0
2008-03-30 09:00:00,14442.0
2008-03-30 10:00:00,14649.0
2008-03-30 11:00:00,14639.0
2008-03-30 12:00:00,14438.0
2008-03-30 13:00:00,14074.0
2008-03-30 14:00:00,13737.0
2008-03-30 15:00:00,13556.0
2008-03-30 16:00:00,13654.0
2008-03-30 17:00:00,13986.0
2008-03-30 18:00:00,14389.0
2008-03-30 19:00:00,15479.0
2008-03-30 20:00:00,15643.0
2008-03-30 21:00:00,14734.0
2008-03-30 22:00:00,13467.0
2008-03-30 23:00:00,12313.0
2008-03-31 00:00:00,11612.0
2008-03-31 01:00:00,11276.0
2008-03-31 02:00:00,11181.0
2008-03-31 03:00:00,11221.0
2008-03-31 04:00:00,11593.0
2008-03-31 05:00:00,12803.0
2008-03-31 06:00:00,14940.0
2008-03-31 07:00:00,16210.0
2008-03-31 08:00:00,16552.0
2008-03-31 09:00:00,16757.0
2008-03-31 10:00:00,17006.0
2008-03-31 11:00:00,17005.0
2008-03-31 12:00:00,16928.0
2008-03-31 13:00:00,16830.0
2008-03-31 14:00:00,16638.0
2008-03-31 15:00:00,16556.0
2008-03-31 16:00:00,16718.0
2008-03-31 17:00:00,17035.0
2008-03-31 18:00:00,17160.0
2008-03-31 19:00:00,17379.0
2008-03-31 20:00:00,16808.0
2008-03-31 21:00:00,15572.0
2008-03-31 22:00:00,13925.0
2008-03-31 23:00:00,12480.0
2008-04-01 00:00:00,11600.0
2008-04-01 01:00:00,11083.0
2008-04-01 02:00:00,10831.0
2008-04-01 03:00:00,10760.0
2008-04-01 04:00:00,11006.0
2008-04-01 05:00:00,12060.0
2008-04-01 06:00:00,14177.0
2008-04-01 07:00:00,15506.0
2008-04-01 08:00:00,15855.0
2008-04-01 09:00:00,15988.0
2008-04-01 10:00:00,16120.0
2008-04-01 11:00:00,16101.0
2008-04-01 12:00:00,15997.0
2008-04-01 13:00:00,15919.0
2008-04-01 14:00:00,15753.0
2008-04-01 15:00:00,15678.0
2008-04-01 16:00:00,15778.0
2008-04-01 17:00:00,15999.0
2008-04-01 18:00:00,16071.0
2008-04-01 19:00:00,16483.0
2008-04-01 20:00:00,16166.0
2008-04-01 21:00:00,15045.0
2008-04-01 22:00:00,13461.0
2008-04-01 23:00:00,12020.0
2008-04-02 00:00:00,11110.0
2008-04-02 01:00:00,10633.0
2008-04-02 02:00:00,10446.0
2008-04-02 03:00:00,10461.0
2008-04-02 04:00:00,10804.0
2008-04-02 05:00:00,12023.0
2008-04-02 06:00:00,14128.0
2008-04-02 07:00:00,15429.0
2008-04-02 08:00:00,15788.0
2008-04-02 09:00:00,15921.0
2008-04-02 10:00:00,16009.0
2008-04-02 11:00:00,15949.0
2008-04-02 12:00:00,15772.0
2008-04-02 13:00:00,15634.0
2008-04-02 14:00:00,15394.0
2008-04-02 15:00:00,15183.0
2008-04-02 16:00:00,15190.0
2008-04-02 17:00:00,15352.0
2008-04-02 18:00:00,15528.0
2008-04-02 19:00:00,16495.0
2008-04-02 20:00:00,16675.0
2008-04-02 21:00:00,15678.0
2008-04-02 22:00:00,14177.0
2008-04-02 23:00:00,12765.0
2008-04-03 00:00:00,11940.0
2008-04-03 01:00:00,11543.0
2008-04-03 02:00:00,11371.0
2008-04-03 03:00:00,11395.0
2008-04-03 04:00:00,11754.0
2008-04-03 05:00:00,12944.0
2008-04-03 06:00:00,15009.0
2008-04-03 07:00:00,16179.0
2008-04-03 08:00:00,16293.0
2008-04-03 09:00:00,16195.0
2008-04-03 10:00:00,16128.0
2008-04-03 11:00:00,15974.0
2008-04-03 12:00:00,15710.0
2008-04-03 13:00:00,15531.0
2008-04-03 14:00:00,15290.0
2008-04-03 15:00:00,15062.0
2008-04-03 16:00:00,15036.0
2008-04-03 17:00:00,15190.0
2008-04-03 18:00:00,15398.0
2008-04-03 19:00:00,16255.0
2008-04-03 20:00:00,16374.0
2008-04-03 21:00:00,15427.0
2008-04-03 22:00:00,13895.0
2008-04-03 23:00:00,12547.0
2008-04-04 00:00:00,11681.0
2008-04-04 01:00:00,11198.0
2008-04-04 02:00:00,10988.0
2008-04-04 03:00:00,10927.0
2008-04-04 04:00:00,11232.0
2008-04-04 05:00:00,12266.0
2008-04-04 06:00:00,14402.0
2008-04-04 07:00:00,15838.0
2008-04-04 08:00:00,16320.0
2008-04-04 09:00:00,16533.0
2008-04-04 10:00:00,16693.0
2008-04-04 11:00:00,16621.0
2008-04-04 12:00:00,16437.0
2008-04-04 13:00:00,16294.0
2008-04-04 14:00:00,16089.0
2008-04-04 15:00:00,15891.0
2008-04-04 16:00:00,15940.0
2008-04-04 17:00:00,15989.0
2008-04-04 18:00:00,15971.0
2008-04-04 19:00:00,16117.0
2008-04-04 20:00:00,15768.0
2008-04-04 21:00:00,14922.0
2008-04-04 22:00:00,13682.0
2008-04-04 23:00:00,12414.0
2008-04-05 00:00:00,11462.0
2008-04-05 01:00:00,10929.0
2008-04-05 02:00:00,10650.0
2008-04-05 03:00:00,10501.0
2008-04-05 04:00:00,10572.0
2008-04-05 05:00:00,10948.0
2008-04-05 06:00:00,11701.0
2008-04-05 07:00:00,12667.0
2008-04-05 08:00:00,13878.0
2008-04-05 09:00:00,14644.0
2008-04-05 10:00:00,14973.0
2008-04-05 11:00:00,14890.0
2008-04-05 12:00:00,14602.0
2008-04-05 13:00:00,14215.0
2008-04-05 14:00:00,13832.0
2008-04-05 15:00:00,13562.0
2008-04-05 16:00:00,13482.0
2008-04-05 17:00:00,13550.0
2008-04-05 18:00:00,13693.0
2008-04-05 19:00:00,14398.0
2008-04-05 20:00:00,14518.0
2008-04-05 21:00:00,13886.0
2008-04-05 22:00:00,12933.0
2008-04-05 23:00:00,11900.0
2008-04-06 00:00:00,11093.0
2008-04-06 01:00:00,10549.0
2008-04-06 02:00:00,10274.0
2008-04-06 03:00:00,10159.0
2008-04-06 04:00:00,10198.0
2008-04-06 05:00:00,10460.0
2008-04-06 06:00:00,10917.0
2008-04-06 07:00:00,11658.0
2008-04-06 08:00:00,12775.0
2008-04-06 09:00:00,13683.0
2008-04-06 10:00:00,14266.0
2008-04-06 11:00:00,14595.0
2008-04-06 12:00:00,14680.0
2008-04-06 13:00:00,14547.0
2008-04-06 14:00:00,14344.0
2008-04-06 15:00:00,14279.0
2008-04-06 16:00:00,14522.0
2008-04-06 17:00:00,14949.0
2008-04-06 18:00:00,15316.0
2008-04-06 19:00:00,15780.0
2008-04-06 20:00:00,15573.0
2008-04-06 21:00:00,14565.0
2008-04-06 22:00:00,13256.0
2008-04-06 23:00:00,12071.0
2008-04-07 00:00:00,11274.0
2008-04-07 01:00:00,10858.0
2008-04-07 02:00:00,10701.0
2008-04-07 03:00:00,10714.0
2008-04-07 04:00:00,11073.0
2008-04-07 05:00:00,12272.0
2008-04-07 06:00:00,14333.0
2008-04-07 07:00:00,15590.0
2008-04-07 08:00:00,15921.0
2008-04-07 09:00:00,16020.0
2008-04-07 10:00:00,16109.0
2008-04-07 11:00:00,16023.0
2008-04-07 12:00:00,15833.0
2008-04-07 13:00:00,15689.0
2008-04-07 14:00:00,15387.0
2008-04-07 15:00:00,15176.0
2008-04-07 16:00:00,15200.0
2008-04-07 17:00:00,15408.0
2008-04-07 18:00:00,15673.0
2008-04-07 19:00:00,16410.0
2008-04-07 20:00:00,16460.0
2008-04-07 21:00:00,15413.0
2008-04-07 22:00:00,13847.0
2008-04-07 23:00:00,12480.0
2008-04-08 00:00:00,11588.0
2008-04-08 01:00:00,11114.0
2008-04-08 02:00:00,10938.0
2008-04-08 03:00:00,10958.0
2008-04-08 04:00:00,11338.0
2008-04-08 05:00:00,12510.0
2008-04-08 06:00:00,14453.0
2008-04-08 07:00:00,15644.0
2008-04-08 08:00:00,15829.0
2008-04-08 09:00:00,15777.0
2008-04-08 10:00:00,15747.0
2008-04-08 11:00:00,15607.0
2008-04-08 12:00:00,15429.0
2008-04-08 13:00:00,15298.0
2008-04-08 14:00:00,15077.0
2008-04-08 15:00:00,14844.0
2008-04-08 16:00:00,14790.0
2008-04-08 17:00:00,14857.0
2008-04-08 18:00:00,15032.0
2008-04-08 19:00:00,15799.0
2008-04-08 20:00:00,16030.0
2008-04-08 21:00:00,15012.0
2008-04-08 22:00:00,13492.0
2008-04-08 23:00:00,12146.0
2008-04-09 00:00:00,11282.0
2008-04-09 01:00:00,10872.0
2008-04-09 02:00:00,10721.0
2008-04-09 03:00:00,10745.0
2008-04-09 04:00:00,11087.0
2008-04-09 05:00:00,12282.0
2008-04-09 06:00:00,14287.0
2008-04-09 07:00:00,15590.0
2008-04-09 08:00:00,15875.0
2008-04-09 09:00:00,15848.0
2008-04-09 10:00:00,15780.0
2008-04-09 11:00:00,15621.0
2008-04-09 12:00:00,15438.0
2008-04-09 13:00:00,15314.0
2008-04-09 14:00:00,15107.0
2008-04-09 15:00:00,14887.0
2008-04-09 16:00:00,14860.0
2008-04-09 17:00:00,15001.0
2008-04-09 18:00:00,15273.0
2008-04-09 19:00:00,16011.0
2008-04-09 20:00:00,15987.0
2008-04-09 21:00:00,14932.0
2008-04-09 22:00:00,13377.0
2008-04-09 23:00:00,11969.0
2008-04-10 00:00:00,11064.0
2008-04-10 01:00:00,10571.0
2008-04-10 02:00:00,10360.0
2008-04-10 03:00:00,10331.0
2008-04-10 04:00:00,10621.0
2008-04-10 05:00:00,11700.0
2008-04-10 06:00:00,13673.0
2008-04-10 07:00:00,14917.0
2008-04-10 08:00:00,15230.0
2008-04-10 09:00:00,15352.0
2008-04-10 10:00:00,15487.0
2008-04-10 11:00:00,15471.0
2008-04-10 12:00:00,15348.0
2008-04-10 13:00:00,15297.0
2008-04-10 14:00:00,15116.0
2008-04-10 15:00:00,14888.0
2008-04-10 16:00:00,14786.0
2008-04-10 17:00:00,14731.0
2008-04-10 18:00:00,14687.0
2008-04-10 19:00:00,15363.0
2008-04-10 20:00:00,15620.0
2008-04-10 21:00:00,14621.0
2008-04-10 22:00:00,13102.0
2008-04-10 23:00:00,11703.0
2008-04-11 00:00:00,10792.0
2008-04-11 01:00:00,10314.0
2008-04-11 02:00:00,10081.0
2008-04-11 03:00:00,10042.0
2008-04-11 04:00:00,10334.0
2008-04-11 05:00:00,11397.0
2008-04-11 06:00:00,13256.0
2008-04-11 07:00:00,14597.0
2008-04-11 08:00:00,15101.0
2008-04-11 09:00:00,15346.0
2008-04-11 10:00:00,15501.0
2008-04-11 11:00:00,15449.0
2008-04-11 12:00:00,15321.0
2008-04-11 13:00:00,15164.0
2008-04-11 14:00:00,14955.0
2008-04-11 15:00:00,14901.0
2008-04-11 16:00:00,14979.0
2008-04-11 17:00:00,15061.0
2008-04-11 18:00:00,15179.0
2008-04-11 19:00:00,15406.0
2008-04-11 20:00:00,15185.0
2008-04-11 21:00:00,14335.0
2008-04-11 22:00:00,13091.0
2008-04-11 23:00:00,11872.0
2008-04-12 00:00:00,10958.0
2008-04-12 01:00:00,10427.0
2008-04-12 02:00:00,10145.0
2008-04-12 03:00:00,10006.0
2008-04-12 04:00:00,10062.0
2008-04-12 05:00:00,10438.0
2008-04-12 06:00:00,11121.0
2008-04-12 07:00:00,12099.0
2008-04-12 08:00:00,13171.0
2008-04-12 09:00:00,13934.0
2008-04-12 10:00:00,14222.0
2008-04-12 11:00:00,14208.0
2008-04-12 12:00:00,14012.0
2008-04-12 13:00:00,13737.0
2008-04-12 14:00:00,13479.0
2008-04-12 15:00:00,13346.0
2008-04-12 16:00:00,13397.0
2008-04-12 17:00:00,13501.0
2008-04-12 18:00:00,13522.0
2008-04-12 19:00:00,13874.0
2008-04-12 20:00:00,14123.0
2008-04-12 21:00:00,13430.0
2008-04-12 22:00:00,12421.0
2008-04-12 23:00:00,11357.0
2008-04-13 00:00:00,10476.0
2008-04-13 01:00:00,9953.0
2008-04-13 02:00:00,9689.0
2008-04-13 03:00:00,9546.0
2008-04-13 04:00:00,9570.0
2008-04-13 05:00:00,9817.0
2008-04-13 06:00:00,10143.0
2008-04-13 07:00:00,10949.0
2008-04-13 08:00:00,12000.0
2008-04-13 09:00:00,12829.0
2008-04-13 10:00:00,13325.0
2008-04-13 11:00:00,13633.0
2008-04-13 12:00:00,13725.0
2008-04-13 13:00:00,13566.0
2008-04-13 14:00:00,13344.0
2008-04-13 15:00:00,13285.0
2008-04-13 16:00:00,13531.0
2008-04-13 17:00:00,13833.0
2008-04-13 18:00:00,14011.0
2008-04-13 19:00:00,14552.0
2008-04-13 20:00:00,14833.0
2008-04-13 21:00:00,13930.0
2008-04-13 22:00:00,12743.0
2008-04-13 23:00:00,11627.0
2008-04-14 00:00:00,10852.0
2008-04-14 01:00:00,10461.0
2008-04-14 02:00:00,10326.0
2008-04-14 03:00:00,10370.0
2008-04-14 04:00:00,10760.0
2008-04-14 05:00:00,11920.0
2008-04-14 06:00:00,13736.0
2008-04-14 07:00:00,15031.0
2008-04-14 08:00:00,15406.0
2008-04-14 09:00:00,15538.0
2008-04-14 10:00:00,15645.0
2008-04-14 11:00:00,15577.0
2008-04-14 12:00:00,15397.0
2008-04-14 13:00:00,15286.0
2008-04-14 14:00:00,15048.0
2008-04-14 15:00:00,14803.0
2008-04-14 16:00:00,14777.0
2008-04-14 17:00:00,14867.0
2008-04-14 18:00:00,14961.0
2008-04-14 19:00:00,15559.0
2008-04-14 20:00:00,15886.0
2008-04-14 21:00:00,14883.0
2008-04-14 22:00:00,13413.0
2008-04-14 23:00:00,12058.0
2008-04-15 00:00:00,11218.0
2008-04-15 01:00:00,10820.0
2008-04-15 02:00:00,10660.0
2008-04-15 03:00:00,10668.0
2008-04-15 04:00:00,11030.0
2008-04-15 05:00:00,12161.0
2008-04-15 06:00:00,13953.0
2008-04-15 07:00:00,15136.0
2008-04-15 08:00:00,15399.0
2008-04-15 09:00:00,15431.0
2008-04-15 10:00:00,15494.0
2008-04-15 11:00:00,15406.0
2008-04-15 12:00:00,15224.0
2008-04-15 13:00:00,15118.0
2008-04-15 14:00:00,14899.0
2008-04-15 15:00:00,14674.0
2008-04-15 16:00:00,14623.0
2008-04-15 17:00:00,14623.0
2008-04-15 18:00:00,14651.0
2008-04-15 19:00:00,15273.0
2008-04-15 20:00:00,15660.0
2008-04-15 21:00:00,14734.0
2008-04-15 22:00:00,13304.0
2008-04-15 23:00:00,11940.0
2008-04-16 00:00:00,11057.0
2008-04-16 01:00:00,10650.0
2008-04-16 02:00:00,10491.0
2008-04-16 03:00:00,10498.0
2008-04-16 04:00:00,10852.0
2008-04-16 05:00:00,12002.0
2008-04-16 06:00:00,13794.0
2008-04-16 07:00:00,14983.0
2008-04-16 08:00:00,15252.0
2008-04-16 09:00:00,15320.0
2008-04-16 10:00:00,15429.0
2008-04-16 11:00:00,15333.0
2008-04-16 12:00:00,15202.0
2008-04-16 13:00:00,15130.0
2008-04-16 14:00:00,14939.0
2008-04-16 15:00:00,14696.0
2008-04-16 16:00:00,14608.0
2008-04-16 17:00:00,14560.0
2008-04-16 18:00:00,14522.0
2008-04-16 19:00:00,15030.0
2008-04-16 20:00:00,15520.0
2008-04-16 21:00:00,14501.0
2008-04-16 22:00:00,13049.0
2008-04-16 23:00:00,11671.0
2008-04-17 00:00:00,10799.0
2008-04-17 01:00:00,10352.0
2008-04-17 02:00:00,10161.0
2008-04-17 03:00:00,10171.0
2008-04-17 04:00:00,10513.0
2008-04-17 05:00:00,11605.0
2008-04-17 06:00:00,13333.0
2008-04-17 07:00:00,14634.0
2008-04-17 08:00:00,14985.0
2008-04-17 09:00:00,15147.0
2008-04-17 10:00:00,15294.0
2008-04-17 11:00:00,15306.0
2008-04-17 12:00:00,15165.0
2008-04-17 13:00:00,15128.0
2008-04-17 14:00:00,15001.0
2008-04-17 15:00:00,14798.0
2008-04-17 16:00:00,14676.0
2008-04-17 17:00:00,14577.0
2008-04-17 18:00:00,14489.0
2008-04-17 19:00:00,14941.0
2008-04-17 20:00:00,15388.0
2008-04-17 21:00:00,14438.0
2008-04-17 22:00:00,12961.0
2008-04-17 23:00:00,11544.0
2008-04-18 00:00:00,10653.0
2008-04-18 01:00:00,10203.0
2008-04-18 02:00:00,9958.0
2008-04-18 03:00:00,9927.0
2008-04-18 04:00:00,10244.0
2008-04-18 05:00:00,11235.0
2008-04-18 06:00:00,12873.0
2008-04-18 07:00:00,14241.0
2008-04-18 08:00:00,14727.0
2008-04-18 09:00:00,15046.0
2008-04-18 10:00:00,15296.0
2008-04-18 11:00:00,15393.0
2008-04-18 12:00:00,15327.0
2008-04-18 13:00:00,15304.0
2008-04-18 14:00:00,15123.0
2008-04-18 15:00:00,14927.0
2008-04-18 16:00:00,14806.0
2008-04-18 17:00:00,14562.0
2008-04-18 18:00:00,14242.0
2008-04-18 19:00:00,14423.0
2008-04-18 20:00:00,14804.0
2008-04-18 21:00:00,13995.0
2008-04-18 22:00:00,12720.0
2008-04-18 23:00:00,11437.0
2008-04-19 00:00:00,10501.0
2008-04-19 01:00:00,9962.0
2008-04-19 02:00:00,9671.0
2008-04-19 03:00:00,9535.0
2008-04-19 04:00:00,9582.0
2008-04-19 05:00:00,9900.0
2008-04-19 06:00:00,10445.0
2008-04-19 07:00:00,11492.0
2008-04-19 08:00:00,12626.0
2008-04-19 09:00:00,13334.0
2008-04-19 10:00:00,13633.0
2008-04-19 11:00:00,13663.0
2008-04-19 12:00:00,13521.0
2008-04-19 13:00:00,13286.0
2008-04-19 14:00:00,13058.0
2008-04-19 15:00:00,12926.0
2008-04-19 16:00:00,12939.0
2008-04-19 17:00:00,12979.0
2008-04-19 18:00:00,12933.0
2008-04-19 19:00:00,13297.0
2008-04-19 20:00:00,13725.0
2008-04-19 21:00:00,13082.0
2008-04-19 22:00:00,12048.0
2008-04-19 23:00:00,10986.0
2008-04-20 00:00:00,10157.0
2008-04-20 01:00:00,9675.0
2008-04-20 02:00:00,9410.0
2008-04-20 03:00:00,9265.0
2008-04-20 04:00:00,9299.0
2008-04-20 05:00:00,9488.0
2008-04-20 06:00:00,9745.0
2008-04-20 07:00:00,10564.0
2008-04-20 08:00:00,11587.0
2008-04-20 09:00:00,12372.0
2008-04-20 10:00:00,12790.0
2008-04-20 11:00:00,12959.0
2008-04-20 12:00:00,12960.0
2008-04-20 13:00:00,12812.0
2008-04-20 14:00:00,12625.0
2008-04-20 15:00:00,12541.0
2008-04-20 16:00:00,12664.0
2008-04-20 17:00:00,12893.0
2008-04-20 18:00:00,13032.0
2008-04-20 19:00:00,13502.0
2008-04-20 20:00:00,14027.0
2008-04-20 21:00:00,13187.0
2008-04-20 22:00:00,11983.0
2008-04-20 23:00:00,10882.0
2008-04-21 00:00:00,10085.0
2008-04-21 01:00:00,9658.0
2008-04-21 02:00:00,9491.0
2008-04-21 03:00:00,9474.0
2008-04-21 04:00:00,9769.0
2008-04-21 05:00:00,10675.0
2008-04-21 06:00:00,12084.0
2008-04-21 07:00:00,13500.0
2008-04-21 08:00:00,14250.0
2008-04-21 09:00:00,14661.0
2008-04-21 10:00:00,14955.0
2008-04-21 11:00:00,15040.0
2008-04-21 12:00:00,15018.0
2008-04-21 13:00:00,15003.0
2008-04-21 14:00:00,14839.0
2008-04-21 15:00:00,14657.0
2008-04-21 16:00:00,14593.0
2008-04-21 17:00:00,14574.0
2008-04-21 18:00:00,14431.0
2008-04-21 19:00:00,14750.0
2008-04-21 20:00:00,15168.0
2008-04-21 21:00:00,14206.0
2008-04-21 22:00:00,12692.0
2008-04-21 23:00:00,11311.0
2008-04-22 00:00:00,10418.0
2008-04-22 01:00:00,9965.0
2008-04-22 02:00:00,9767.0
2008-04-22 03:00:00,9716.0
2008-04-22 04:00:00,10007.0
2008-04-22 05:00:00,10941.0
2008-04-22 06:00:00,12472.0
2008-04-22 07:00:00,13901.0
2008-04-22 08:00:00,14525.0
2008-04-22 09:00:00,14908.0
2008-04-22 10:00:00,15223.0
2008-04-22 11:00:00,15343.0
2008-04-22 12:00:00,15292.0
2008-04-22 13:00:00,15404.0
2008-04-22 14:00:00,15303.0
2008-04-22 15:00:00,15109.0
2008-04-22 16:00:00,15012.0
2008-04-22 17:00:00,14896.0
2008-04-22 18:00:00,14699.0
2008-04-22 19:00:00,14940.0
2008-04-22 20:00:00,15382.0
2008-04-22 21:00:00,14426.0
2008-04-22 22:00:00,12913.0
2008-04-22 23:00:00,11487.0
2008-04-23 00:00:00,10524.0
2008-04-23 01:00:00,10030.0
2008-04-23 02:00:00,9761.0
2008-04-23 03:00:00,9692.0
2008-04-23 04:00:00,9971.0
2008-04-23 05:00:00,10872.0
2008-04-23 06:00:00,12380.0
2008-04-23 07:00:00,13840.0
2008-04-23 08:00:00,14628.0
2008-04-23 09:00:00,15139.0
2008-04-23 10:00:00,15585.0
2008-04-23 11:00:00,15817.0
2008-04-23 12:00:00,15878.0
2008-04-23 13:00:00,16015.0
2008-04-23 14:00:00,15942.0
2008-04-23 15:00:00,15819.0
2008-04-23 16:00:00,15755.0
2008-04-23 17:00:00,15543.0
2008-04-23 18:00:00,15245.0
2008-04-23 19:00:00,15428.0
2008-04-23 20:00:00,15857.0
2008-04-23 21:00:00,14832.0
2008-04-23 22:00:00,13313.0
2008-04-23 23:00:00,11873.0
2008-04-24 00:00:00,10904.0
2008-04-24 01:00:00,10347.0
2008-04-24 02:00:00,10054.0
2008-04-24 03:00:00,9957.0
2008-04-24 04:00:00,10208.0
2008-04-24 05:00:00,11070.0
2008-04-24 06:00:00,12540.0
2008-04-24 07:00:00,14052.0
2008-04-24 08:00:00,14870.0
2008-04-24 09:00:00,15341.0
2008-04-24 10:00:00,15645.0
2008-04-24 11:00:00,15756.0
2008-04-24 12:00:00,15695.0
2008-04-24 13:00:00,15723.0
2008-04-24 14:00:00,15591.0
2008-04-24 15:00:00,15391.0
2008-04-24 16:00:00,15282.0
2008-04-24 17:00:00,15078.0
2008-04-24 18:00:00,14787.0
2008-04-24 19:00:00,14946.0
2008-04-24 20:00:00,15417.0
2008-04-24 21:00:00,14454.0
2008-04-24 22:00:00,12927.0
2008-04-24 23:00:00,11549.0
2008-04-25 00:00:00,10592.0
2008-04-25 01:00:00,10054.0
2008-04-25 02:00:00,9788.0
2008-04-25 03:00:00,9705.0
2008-04-25 04:00:00,9958.0
2008-04-25 05:00:00,10768.0
2008-04-25 06:00:00,12196.0
2008-04-25 07:00:00,13631.0
2008-04-25 08:00:00,14413.0
2008-04-25 09:00:00,14884.0
2008-04-25 10:00:00,15206.0
2008-04-25 11:00:00,15320.0
2008-04-25 12:00:00,15309.0
2008-04-25 13:00:00,15276.0
2008-04-25 14:00:00,15133.0
2008-04-25 15:00:00,14889.0
2008-04-25 16:00:00,14669.0
2008-04-25 17:00:00,14371.0
2008-04-25 18:00:00,14095.0
2008-04-25 19:00:00,14253.0
2008-04-25 20:00:00,14633.0
2008-04-25 21:00:00,13873.0
2008-04-25 22:00:00,12646.0
2008-04-25 23:00:00,11399.0
2008-04-26 00:00:00,10492.0
2008-04-26 01:00:00,9942.0
2008-04-26 02:00:00,9649.0
2008-04-26 03:00:00,9503.0
2008-04-26 04:00:00,9566.0
2008-04-26 05:00:00,9841.0
2008-04-26 06:00:00,10371.0
2008-04-26 07:00:00,11418.0
2008-04-26 08:00:00,12456.0
2008-04-26 09:00:00,13107.0
2008-04-26 10:00:00,13402.0
2008-04-26 11:00:00,13375.0
2008-04-26 12:00:00,13204.0
2008-04-26 13:00:00,12950.0
2008-04-26 14:00:00,12732.0
2008-04-26 15:00:00,12611.0
2008-04-26 16:00:00,12674.0
2008-04-26 17:00:00,12815.0
2008-04-26 18:00:00,12917.0
2008-04-26 19:00:00,13197.0
2008-04-26 20:00:00,13683.0
2008-04-26 21:00:00,13079.0
2008-04-26 22:00:00,12057.0
2008-04-26 23:00:00,11009.0
2008-04-27 00:00:00,10186.0
2008-04-27 01:00:00,9690.0
2008-04-27 02:00:00,9434.0
2008-04-27 03:00:00,9265.0
2008-04-27 04:00:00,9278.0
2008-04-27 05:00:00,9467.0
2008-04-27 06:00:00,9772.0
2008-04-27 07:00:00,10578.0
2008-04-27 08:00:00,11675.0
2008-04-27 09:00:00,12583.0
2008-04-27 10:00:00,13119.0
2008-04-27 11:00:00,13412.0
2008-04-27 12:00:00,13441.0
2008-04-27 13:00:00,13278.0
2008-04-27 14:00:00,13035.0
2008-04-27 15:00:00,12912.0
2008-04-27 16:00:00,13065.0
2008-04-27 17:00:00,13335.0
2008-04-27 18:00:00,13575.0
2008-04-27 19:00:00,13984.0
2008-04-27 20:00:00,14327.0
2008-04-27 21:00:00,13424.0
2008-04-27 22:00:00,12109.0
2008-04-27 23:00:00,10944.0
2008-04-28 00:00:00,10162.0
2008-04-28 01:00:00,9768.0
2008-04-28 02:00:00,9606.0
2008-04-28 03:00:00,9608.0
2008-04-28 04:00:00,9921.0
2008-04-28 05:00:00,10976.0
2008-04-28 06:00:00,12853.0
2008-04-28 07:00:00,14393.0
2008-04-28 08:00:00,15021.0
2008-04-28 09:00:00,15361.0
2008-04-28 10:00:00,15714.0
2008-04-28 11:00:00,15855.0
2008-04-28 12:00:00,15855.0
2008-04-28 13:00:00,15835.0
2008-04-28 14:00:00,15697.0
2008-04-28 15:00:00,15645.0
2008-04-28 16:00:00,15829.0
2008-04-28 17:00:00,16113.0
2008-04-28 18:00:00,16158.0
2008-04-28 19:00:00,16202.0
2008-04-28 20:00:00,15872.0
2008-04-28 21:00:00,14707.0
2008-04-28 22:00:00,13166.0
2008-04-28 23:00:00,11745.0
2008-04-29 00:00:00,10823.0
2008-04-29 01:00:00,10357.0
2008-04-29 02:00:00,10111.0
2008-04-29 03:00:00,10041.0
2008-04-29 04:00:00,10295.0
2008-04-29 05:00:00,11332.0
2008-04-29 06:00:00,13268.0
2008-04-29 07:00:00,14765.0
2008-04-29 08:00:00,15237.0
2008-04-29 09:00:00,15484.0
2008-04-29 10:00:00,15757.0
2008-04-29 11:00:00,15838.0
2008-04-29 12:00:00,15755.0
2008-04-29 13:00:00,15702.0
2008-04-29 14:00:00,15538.0
2008-04-29 15:00:00,15346.0
2008-04-29 16:00:00,15383.0
2008-04-29 17:00:00,15506.0
2008-04-29 18:00:00,15365.0
2008-04-29 19:00:00,15417.0
2008-04-29 20:00:00,15750.0
2008-04-29 21:00:00,14806.0
2008-04-29 22:00:00,13276.0
2008-04-29 23:00:00,11880.0
2008-04-30 00:00:00,11000.0
2008-04-30 01:00:00,10557.0
2008-04-30 02:00:00,10338.0
2008-04-30 03:00:00,10325.0
2008-04-30 04:00:00,10655.0
2008-04-30 05:00:00,11683.0
2008-04-30 06:00:00,13508.0
2008-04-30 07:00:00,14817.0
2008-04-30 08:00:00,15133.0
2008-04-30 09:00:00,15242.0
2008-04-30 10:00:00,15242.0
2008-04-30 11:00:00,15305.0
2008-04-30 12:00:00,15148.0
2008-04-30 13:00:00,15044.0
2008-04-30 14:00:00,14894.0
2008-04-30 15:00:00,14704.0
2008-04-30 16:00:00,14679.0
2008-04-30 17:00:00,14687.0
2008-04-30 18:00:00,14687.0
2008-04-30 19:00:00,15026.0
2008-04-30 20:00:00,15729.0
2008-04-30 21:00:00,14829.0
2008-04-30 22:00:00,13392.0
2008-04-30 23:00:00,11981.0
2008-05-01 00:00:00,11102.0
2008-05-01 01:00:00,10672.0
2008-05-01 02:00:00,10496.0
2008-05-01 03:00:00,10503.0
2008-05-01 04:00:00,10823.0
2008-05-01 05:00:00,11873.0
2008-05-01 06:00:00,13693.0
2008-05-01 07:00:00,14926.0
2008-05-01 08:00:00,15188.0
2008-05-01 09:00:00,15226.0
2008-05-01 10:00:00,15324.0
2008-05-01 11:00:00,15288.0
2008-05-01 12:00:00,15136.0
2008-05-01 13:00:00,15085.0
2008-05-01 14:00:00,14931.0
2008-05-01 15:00:00,14724.0
2008-05-01 16:00:00,14646.0
2008-05-01 17:00:00,14583.0
2008-05-01 18:00:00,14564.0
2008-05-01 19:00:00,14960.0
2008-05-01 20:00:00,15539.0
2008-05-01 21:00:00,14623.0
2008-05-01 22:00:00,13079.0
2008-05-01 23:00:00,11692.0
2008-05-02 00:00:00,10761.0
2008-05-02 01:00:00,10290.0
2008-05-02 02:00:00,10086.0
2008-05-02 03:00:00,10041.0
2008-05-02 04:00:00,10318.0
2008-05-02 05:00:00,11306.0
2008-05-02 06:00:00,13140.0
2008-05-02 07:00:00,14633.0
2008-05-02 08:00:00,15131.0
2008-05-02 09:00:00,15393.0
2008-05-02 10:00:00,15574.0
2008-05-02 11:00:00,15573.0
2008-05-02 12:00:00,15450.0
2008-05-02 13:00:00,15344.0
2008-05-02 14:00:00,15139.0
2008-05-02 15:00:00,14997.0
2008-05-02 16:00:00,14992.0
2008-05-02 17:00:00,15040.0
2008-05-02 18:00:00,15018.0
2008-05-02 19:00:00,15140.0
2008-05-02 20:00:00,15123.0
2008-05-02 21:00:00,14322.0
2008-05-02 22:00:00,13119.0
2008-05-02 23:00:00,11836.0
2008-05-03 00:00:00,10900.0
2008-05-03 01:00:00,10330.0
2008-05-03 02:00:00,10014.0
2008-05-03 03:00:00,9893.0
2008-05-03 04:00:00,9969.0
2008-05-03 05:00:00,10340.0
2008-05-03 06:00:00,11022.0
2008-05-03 07:00:00,12085.0
2008-05-03 08:00:00,13232.0
2008-05-03 09:00:00,14035.0
2008-05-03 10:00:00,14395.0
2008-05-03 11:00:00,14442.0
2008-05-03 12:00:00,14317.0
2008-05-03 13:00:00,14048.0
2008-05-03 14:00:00,13840.0
2008-05-03 15:00:00,13725.0
2008-05-03 16:00:00,13787.0
2008-05-03 17:00:00,13962.0
2008-05-03 18:00:00,14030.0
2008-05-03 19:00:00,14277.0
2008-05-03 20:00:00,14387.0
2008-05-03 21:00:00,13732.0
2008-05-03 22:00:00,12712.0
2008-05-03 23:00:00,11610.0
2008-05-04 00:00:00,10723.0
2008-05-04 01:00:00,10192.0
2008-05-04 02:00:00,9893.0
2008-05-04 03:00:00,9747.0
2008-05-04 04:00:00,9750.0
2008-05-04 05:00:00,9961.0
2008-05-04 06:00:00,10325.0
2008-05-04 07:00:00,11147.0
2008-05-04 08:00:00,12230.0
2008-05-04 09:00:00,13178.0
2008-05-04 10:00:00,13694.0
2008-05-04 11:00:00,13921.0
2008-05-04 12:00:00,13924.0
2008-05-04 13:00:00,13685.0
2008-05-04 14:00:00,13435.0
2008-05-04 15:00:00,13296.0
2008-05-04 16:00:00,13382.0
2008-05-04 17:00:00,13596.0
2008-05-04 18:00:00,13684.0
2008-05-04 19:00:00,13863.0
2008-05-04 20:00:00,14512.0
2008-05-04 21:00:00,13731.0
2008-05-04 22:00:00,12401.0
2008-05-04 23:00:00,11188.0
2008-05-05 00:00:00,10329.0
2008-05-05 01:00:00,9914.0
2008-05-05 02:00:00,9745.0
2008-05-05 03:00:00,9757.0
2008-05-05 04:00:00,10114.0
2008-05-05 05:00:00,11152.0
2008-05-05 06:00:00,13034.0
2008-05-05 07:00:00,14434.0
2008-05-05 08:00:00,14836.0
2008-05-05 09:00:00,15031.0
2008-05-05 10:00:00,15285.0
2008-05-05 11:00:00,15363.0
2008-05-05 12:00:00,15316.0
2008-05-05 13:00:00,15278.0
2008-05-05 14:00:00,15142.0
2008-05-05 15:00:00,15003.0
2008-05-05 16:00:00,14924.0
2008-05-05 17:00:00,14798.0
2008-05-05 18:00:00,14615.0
2008-05-05 19:00:00,14786.0
2008-05-05 20:00:00,15432.0
2008-05-05 21:00:00,14524.0
2008-05-05 22:00:00,12924.0
2008-05-05 23:00:00,11438.0
2008-05-06 00:00:00,10514.0
2008-05-06 01:00:00,10017.0
2008-05-06 02:00:00,9793.0
2008-05-06 03:00:00,9762.0
2008-05-06 04:00:00,10073.0
2008-05-06 05:00:00,11041.0
2008-05-06 06:00:00,12870.0
2008-05-06 07:00:00,14253.0
2008-05-06 08:00:00,14701.0
2008-05-06 09:00:00,15005.0
2008-05-06 10:00:00,15315.0
2008-05-06 11:00:00,15472.0
2008-05-06 12:00:00,15500.0
2008-05-06 13:00:00,15579.0
2008-05-06 14:00:00,15478.0
2008-05-06 15:00:00,15353.0
2008-05-06 16:00:00,15270.0
2008-05-06 17:00:00,15135.0
2008-05-06 18:00:00,14921.0
2008-05-06 19:00:00,15033.0
2008-05-06 20:00:00,15585.0
2008-05-06 21:00:00,14698.0
2008-05-06 22:00:00,13097.0
2008-05-06 23:00:00,11585.0
2008-05-07 00:00:00,10602.0
2008-05-07 01:00:00,10083.0
2008-05-07 02:00:00,9821.0
2008-05-07 03:00:00,9761.0
2008-05-07 04:00:00,10024.0
2008-05-07 05:00:00,10902.0
2008-05-07 06:00:00,12734.0
2008-05-07 07:00:00,14199.0
2008-05-07 08:00:00,14747.0
2008-05-07 09:00:00,15114.0
2008-05-07 10:00:00,15419.0
2008-05-07 11:00:00,15526.0
2008-05-07 12:00:00,15521.0
2008-05-07 13:00:00,15615.0
2008-05-07 14:00:00,15574.0
2008-05-07 15:00:00,15448.0
2008-05-07 16:00:00,15393.0
2008-05-07 17:00:00,15184.0
2008-05-07 18:00:00,14935.0
2008-05-07 19:00:00,15142.0
2008-05-07 20:00:00,15672.0
2008-05-07 21:00:00,14709.0
2008-05-07 22:00:00,13116.0
2008-05-07 23:00:00,11625.0
2008-05-08 00:00:00,10666.0
2008-05-08 01:00:00,10139.0
2008-05-08 02:00:00,9885.0
2008-05-08 03:00:00,9803.0
2008-05-08 04:00:00,10085.0
2008-05-08 05:00:00,11072.0
2008-05-08 06:00:00,12993.0
2008-05-08 07:00:00,14530.0
2008-05-08 08:00:00,15117.0
2008-05-08 09:00:00,15472.0
2008-05-08 10:00:00,15834.0
2008-05-08 11:00:00,15956.0
2008-05-08 12:00:00,16006.0
2008-05-08 13:00:00,16042.0
2008-05-08 14:00:00,15948.0
2008-05-08 15:00:00,15810.0
2008-05-08 16:00:00,15674.0
2008-05-08 17:00:00,15429.0
2008-05-08 18:00:00,15121.0
2008-05-08 19:00:00,15180.0
2008-05-08 20:00:00,15708.0
2008-05-08 21:00:00,14811.0
2008-05-08 22:00:00,13184.0
2008-05-08 23:00:00,11678.0
2008-05-09 00:00:00,10683.0
2008-05-09 01:00:00,10138.0
2008-05-09 02:00:00,9839.0
2008-05-09 03:00:00,9741.0
2008-05-09 04:00:00,9967.0
2008-05-09 05:00:00,10826.0
2008-05-09 06:00:00,12605.0
2008-05-09 07:00:00,14121.0
2008-05-09 08:00:00,14722.0
2008-05-09 09:00:00,15048.0
2008-05-09 10:00:00,15263.0
2008-05-09 11:00:00,15305.0
2008-05-09 12:00:00,15221.0
2008-05-09 13:00:00,15164.0
2008-05-09 14:00:00,14985.0
2008-05-09 15:00:00,14822.0
2008-05-09 16:00:00,14824.0
2008-05-09 17:00:00,14822.0
2008-05-09 18:00:00,14661.0
2008-05-09 19:00:00,14631.0
2008-05-09 20:00:00,14845.0
2008-05-09 21:00:00,14175.0
2008-05-09 22:00:00,12965.0
2008-05-09 23:00:00,11679.0
2008-05-10 00:00:00,10706.0
2008-05-10 01:00:00,10150.0
2008-05-10 02:00:00,9846.0
2008-05-10 03:00:00,9699.0
2008-05-10 04:00:00,9747.0
2008-05-10 05:00:00,10006.0
2008-05-10 06:00:00,10619.0
2008-05-10 07:00:00,11731.0
2008-05-10 08:00:00,12830.0
2008-05-10 09:00:00,13514.0
2008-05-10 10:00:00,13760.0
2008-05-10 11:00:00,13732.0
2008-05-10 12:00:00,13505.0
2008-05-10 13:00:00,13213.0
2008-05-10 14:00:00,12927.0
2008-05-10 15:00:00,12793.0
2008-05-10 16:00:00,12788.0
2008-05-10 17:00:00,12867.0
2008-05-10 18:00:00,12895.0
2008-05-10 19:00:00,13072.0
2008-05-10 20:00:00,13747.0
2008-05-10 21:00:00,13360.0
2008-05-10 22:00:00,12363.0
2008-05-10 23:00:00,11263.0
2008-05-11 00:00:00,10352.0
2008-05-11 01:00:00,9798.0
2008-05-11 02:00:00,9494.0
2008-05-11 03:00:00,9374.0
2008-05-11 04:00:00,9411.0
2008-05-11 05:00:00,9470.0
2008-05-11 06:00:00,9841.0
2008-05-11 07:00:00,10723.0
2008-05-11 08:00:00,11727.0
2008-05-11 09:00:00,12444.0
2008-05-11 10:00:00,12739.0
2008-05-11 11:00:00,12766.0
2008-05-11 12:00:00,12625.0
2008-05-11 13:00:00,12402.0
2008-05-11 14:00:00,12209.0
2008-05-11 15:00:00,12093.0
2008-05-11 16:00:00,12172.0
2008-05-11 17:00:00,12368.0
2008-05-11 18:00:00,12584.0
2008-05-11 19:00:00,13054.0
2008-05-11 20:00:00,13892.0
2008-05-11 21:00:00,13302.0
2008-05-11 22:00:00,12047.0
2008-05-11 23:00:00,10875.0
2008-05-12 00:00:00,10079.0
2008-05-12 01:00:00,9671.0
2008-05-12 02:00:00,9512.0
2008-05-12 03:00:00,9524.0
2008-05-12 04:00:00,9823.0
2008-05-12 05:00:00,10790.0
2008-05-12 06:00:00,12696.0
2008-05-12 07:00:00,14270.0
2008-05-12 08:00:00,14861.0
2008-05-12 09:00:00,15189.0
2008-05-12 10:00:00,15482.0
2008-05-12 11:00:00,15556.0
2008-05-12 12:00:00,15501.0
2008-05-12 13:00:00,15435.0
2008-05-12 14:00:00,15237.0
2008-05-12 15:00:00,15052.0
2008-05-12 16:00:00,15045.0
2008-05-12 17:00:00,15190.0
2008-05-12 18:00:00,15202.0
2008-05-12 19:00:00,15375.0
2008-05-12 20:00:00,15764.0
2008-05-12 21:00:00,14797.0
2008-05-12 22:00:00,13184.0
2008-05-12 23:00:00,11724.0
2008-05-13 00:00:00,10762.0
2008-05-13 01:00:00,10298.0
2008-05-13 02:00:00,10087.0
2008-05-13 03:00:00,10052.0
2008-05-13 04:00:00,10348.0
2008-05-13 05:00:00,11259.0
2008-05-13 06:00:00,13105.0
2008-05-13 07:00:00,14520.0
2008-05-13 08:00:00,14927.0
2008-05-13 09:00:00,15092.0
2008-05-13 10:00:00,15199.0
2008-05-13 11:00:00,15263.0
2008-05-13 12:00:00,15248.0
2008-05-13 13:00:00,15342.0
2008-05-13 14:00:00,15237.0
2008-05-13 15:00:00,15124.0
2008-05-13 16:00:00,15095.0
2008-05-13 17:00:00,14999.0
2008-05-13 18:00:00,14768.0
2008-05-13 19:00:00,14783.0
2008-05-13 20:00:00,15378.0
2008-05-13 21:00:00,14643.0
2008-05-13 22:00:00,13038.0
2008-05-13 23:00:00,11504.0
2008-05-14 00:00:00,10564.0
2008-05-14 01:00:00,10073.0
2008-05-14 02:00:00,9867.0
2008-05-14 03:00:00,9820.0
2008-05-14 04:00:00,10115.0
2008-05-14 05:00:00,10971.0
2008-05-14 06:00:00,12850.0
2008-05-14 07:00:00,14275.0
2008-05-14 08:00:00,14805.0
2008-05-14 09:00:00,15080.0
2008-05-14 10:00:00,15363.0
2008-05-14 11:00:00,15495.0
2008-05-14 12:00:00,15485.0
2008-05-14 13:00:00,15542.0
2008-05-14 14:00:00,15458.0
2008-05-14 15:00:00,15323.0
2008-05-14 16:00:00,15227.0
2008-05-14 17:00:00,15039.0
2008-05-14 18:00:00,14757.0
2008-05-14 19:00:00,14852.0
2008-05-14 20:00:00,15457.0
2008-05-14 21:00:00,14613.0
2008-05-14 22:00:00,13024.0
2008-05-14 23:00:00,11563.0
2008-05-15 00:00:00,10569.0
2008-05-15 01:00:00,10074.0
2008-05-15 02:00:00,9818.0
2008-05-15 03:00:00,9769.0
2008-05-15 04:00:00,10035.0
2008-05-15 05:00:00,10937.0
2008-05-15 06:00:00,12796.0
2008-05-15 07:00:00,14325.0
2008-05-15 08:00:00,14850.0
2008-05-15 09:00:00,15156.0
2008-05-15 10:00:00,15408.0
2008-05-15 11:00:00,15489.0
2008-05-15 12:00:00,15414.0
2008-05-15 13:00:00,15475.0
2008-05-15 14:00:00,15387.0
2008-05-15 15:00:00,15290.0
2008-05-15 16:00:00,15272.0
2008-05-15 17:00:00,15212.0
2008-05-15 18:00:00,15045.0
2008-05-15 19:00:00,15050.0
2008-05-15 20:00:00,15545.0
2008-05-15 21:00:00,14741.0
2008-05-15 22:00:00,13170.0
2008-05-15 23:00:00,11709.0
2008-05-16 00:00:00,10685.0
2008-05-16 01:00:00,10149.0
2008-05-16 02:00:00,9893.0
2008-05-16 03:00:00,9795.0
2008-05-16 04:00:00,10027.0
2008-05-16 05:00:00,10869.0
2008-05-16 06:00:00,12676.0
2008-05-16 07:00:00,14173.0
2008-05-16 08:00:00,14773.0
2008-05-16 09:00:00,15095.0
2008-05-16 10:00:00,15309.0
2008-05-16 11:00:00,15377.0
2008-05-16 12:00:00,15276.0
2008-05-16 13:00:00,15245.0
2008-05-16 14:00:00,15058.0
2008-05-16 15:00:00,14889.0
2008-05-16 16:00:00,14895.0
2008-05-16 17:00:00,14908.0
2008-05-16 18:00:00,14811.0
2008-05-16 19:00:00,14779.0
2008-05-16 20:00:00,14801.0
2008-05-16 21:00:00,14050.0
2008-05-16 22:00:00,12834.0
2008-05-16 23:00:00,11546.0
2008-05-17 00:00:00,10594.0
2008-05-17 01:00:00,10043.0
2008-05-17 02:00:00,9724.0
2008-05-17 03:00:00,9598.0
2008-05-17 04:00:00,9659.0
2008-05-17 05:00:00,9949.0
2008-05-17 06:00:00,10542.0
2008-05-17 07:00:00,11648.0
2008-05-17 08:00:00,12771.0
2008-05-17 09:00:00,13490.0
2008-05-17 10:00:00,13804.0
2008-05-17 11:00:00,13806.0
2008-05-17 12:00:00,13637.0
2008-05-17 13:00:00,13398.0
2008-05-17 14:00:00,13199.0
2008-05-17 15:00:00,13095.0
2008-05-17 16:00:00,13081.0
2008-05-17 17:00:00,13199.0
2008-05-17 18:00:00,13194.0
2008-05-17 19:00:00,13317.0
2008-05-17 20:00:00,13766.0
2008-05-17 21:00:00,13362.0
2008-05-17 22:00:00,12354.0
2008-05-17 23:00:00,11259.0
2008-05-18 00:00:00,10343.0
2008-05-18 01:00:00,9801.0
2008-05-18 02:00:00,9482.0
2008-05-18 03:00:00,9309.0
2008-05-18 04:00:00,9293.0
2008-05-18 05:00:00,9288.0
2008-05-18 06:00:00,9670.0
2008-05-18 07:00:00,10607.0
2008-05-18 08:00:00,11730.0
2008-05-18 09:00:00,12523.0
2008-05-18 10:00:00,12924.0
2008-05-18 11:00:00,13140.0
2008-05-18 12:00:00,13178.0
2008-05-18 13:00:00,13052.0
2008-05-18 14:00:00,12947.0
2008-05-18 15:00:00,13021.0
2008-05-18 16:00:00,13256.0
2008-05-18 17:00:00,13576.0
2008-05-18 18:00:00,13583.0
2008-05-18 19:00:00,13723.0
2008-05-18 20:00:00,14044.0
2008-05-18 21:00:00,13371.0
2008-05-18 22:00:00,12075.0
2008-05-18 23:00:00,10886.0
2008-05-19 00:00:00,10075.0
2008-05-19 01:00:00,9667.0
2008-05-19 02:00:00,9482.0
2008-05-19 03:00:00,9458.0
2008-05-19 04:00:00,9760.0
2008-05-19 05:00:00,10626.0
2008-05-19 06:00:00,12540.0
2008-05-19 07:00:00,14104.0
2008-05-19 08:00:00,14692.0
2008-05-19 09:00:00,15000.0
2008-05-19 10:00:00,15286.0
2008-05-19 11:00:00,15375.0
2008-05-19 12:00:00,15335.0
2008-05-19 13:00:00,15276.0
2008-05-19 14:00:00,15086.0
2008-05-19 15:00:00,14952.0
2008-05-19 16:00:00,14957.0
2008-05-19 17:00:00,14985.0
2008-05-19 18:00:00,14853.0
2008-05-19 19:00:00,14828.0
2008-05-19 20:00:00,15272.0
2008-05-19 21:00:00,14541.0
2008-05-19 22:00:00,13008.0
2008-05-19 23:00:00,11558.0
2008-05-20 00:00:00,10620.0
2008-05-20 01:00:00,10174.0
2008-05-20 02:00:00,9961.0
2008-05-20 03:00:00,9924.0
2008-05-20 04:00:00,10229.0
2008-05-20 05:00:00,11100.0
2008-05-20 06:00:00,12973.0
2008-05-20 07:00:00,14385.0
2008-05-20 08:00:00,14841.0
2008-05-20 09:00:00,15063.0
2008-05-20 10:00:00,15292.0
2008-05-20 11:00:00,15411.0
2008-05-20 12:00:00,15364.0
2008-05-20 13:00:00,15346.0
2008-05-20 14:00:00,15172.0
2008-05-20 15:00:00,15064.0
2008-05-20 16:00:00,15117.0
2008-05-20 17:00:00,15196.0
2008-05-20 18:00:00,15228.0
2008-05-20 19:00:00,15298.0
2008-05-20 20:00:00,15405.0
2008-05-20 21:00:00,14511.0
2008-05-20 22:00:00,12971.0
2008-05-20 23:00:00,11571.0
2008-05-21 00:00:00,10605.0
2008-05-21 01:00:00,10092.0
2008-05-21 02:00:00,9857.0
2008-05-21 03:00:00,9787.0
2008-05-21 04:00:00,10088.0
2008-05-21 05:00:00,10959.0
2008-05-21 06:00:00,12817.0
2008-05-21 07:00:00,14300.0
2008-05-21 08:00:00,14825.0
2008-05-21 09:00:00,15133.0
2008-05-21 10:00:00,15432.0
2008-05-21 11:00:00,15534.0
2008-05-21 12:00:00,15494.0
2008-05-21 13:00:00,15476.0
2008-05-21 14:00:00,15332.0
2008-05-21 15:00:00,15176.0
2008-05-21 16:00:00,15151.0
2008-05-21 17:00:00,15096.0
2008-05-21 18:00:00,15009.0
2008-05-21 19:00:00,15046.0
2008-05-21 20:00:00,15289.0
2008-05-21 21:00:00,14461.0
2008-05-21 22:00:00,12958.0
2008-05-21 23:00:00,11500.0
2008-05-22 00:00:00,10526.0
2008-05-22 01:00:00,10044.0
2008-05-22 02:00:00,9804.0
2008-05-22 03:00:00,9751.0
2008-05-22 04:00:00,10023.0
2008-05-22 05:00:00,10914.0
2008-05-22 06:00:00,12756.0
2008-05-22 07:00:00,14249.0
2008-05-22 08:00:00,14772.0
2008-05-22 09:00:00,15068.0
2008-05-22 10:00:00,15304.0
2008-05-22 11:00:00,15352.0
2008-05-22 12:00:00,15263.0
2008-05-22 13:00:00,15313.0
2008-05-22 14:00:00,15101.0
2008-05-22 15:00:00,14966.0
2008-05-22 16:00:00,14936.0
2008-05-22 17:00:00,14870.0
2008-05-22 18:00:00,14728.0
2008-05-22 19:00:00,14776.0
2008-05-22 20:00:00,15237.0
2008-05-22 21:00:00,14624.0
2008-05-22 22:00:00,13143.0
2008-05-22 23:00:00,11693.0
2008-05-23 00:00:00,10686.0
2008-05-23 01:00:00,10169.0
2008-05-23 02:00:00,9917.0
2008-05-23 03:00:00,9880.0
2008-05-23 04:00:00,10140.0
2008-05-23 05:00:00,10897.0
2008-05-23 06:00:00,12724.0
2008-05-23 07:00:00,14209.0
2008-05-23 08:00:00,14807.0
2008-05-23 09:00:00,15105.0
2008-05-23 10:00:00,15346.0
2008-05-23 11:00:00,15405.0
2008-05-23 12:00:00,15320.0
2008-05-23 13:00:00,15263.0
2008-05-23 14:00:00,15057.0
2008-05-23 15:00:00,14814.0
2008-05-23 16:00:00,14683.0
2008-05-23 17:00:00,14500.0
2008-05-23 18:00:00,14238.0
2008-05-23 19:00:00,14117.0
2008-05-23 20:00:00,14446.0
2008-05-23 21:00:00,14001.0
2008-05-23 22:00:00,12824.0
2008-05-23 23:00:00,11475.0
2008-05-24 00:00:00,10490.0
2008-05-24 01:00:00,9917.0
2008-05-24 02:00:00,9615.0
2008-05-24 03:00:00,9472.0
2008-05-24 04:00:00,9530.0
2008-05-24 05:00:00,9574.0
2008-05-24 06:00:00,10189.0
2008-05-24 07:00:00,11254.0
2008-05-24 08:00:00,12397.0
2008-05-24 09:00:00,13095.0
2008-05-24 10:00:00,13402.0
2008-05-24 11:00:00,13430.0
2008-05-24 12:00:00,13289.0
2008-05-24 13:00:00,13065.0
2008-05-24 14:00:00,12843.0
2008-05-24 15:00:00,12724.0
2008-05-24 16:00:00,12744.0
2008-05-24 17:00:00,12849.0
2008-05-24 18:00:00,12868.0
2008-05-24 19:00:00,12888.0
2008-05-24 20:00:00,13368.0
2008-05-24 21:00:00,13131.0
2008-05-24 22:00:00,12151.0
2008-05-24 23:00:00,11051.0
2008-05-25 00:00:00,10186.0
2008-05-25 01:00:00,9632.0
2008-05-25 02:00:00,9361.0
2008-05-25 03:00:00,9212.0
2008-05-25 04:00:00,9214.0
2008-05-25 05:00:00,9150.0
2008-05-25 06:00:00,9579.0
2008-05-25 07:00:00,10487.0
2008-05-25 08:00:00,11566.0
2008-05-25 09:00:00,12361.0
2008-05-25 10:00:00,12741.0
2008-05-25 11:00:00,12886.0
2008-05-25 12:00:00,12860.0
2008-05-25 13:00:00,12686.0
2008-05-25 14:00:00,12519.0
2008-05-25 15:00:00,12450.0
2008-05-25 16:00:00,12554.0
2008-05-25 17:00:00,12684.0
2008-05-25 18:00:00,12662.0
2008-05-25 19:00:00,12580.0
2008-05-25 20:00:00,13054.0
2008-05-25 21:00:00,12900.0
2008-05-25 22:00:00,11932.0
2008-05-25 23:00:00,10850.0
2008-05-26 00:00:00,10031.0
2008-05-26 01:00:00,9499.0
2008-05-26 02:00:00,9207.0
2008-05-26 03:00:00,9093.0
2008-05-26 04:00:00,9154.0
2008-05-26 05:00:00,9161.0
2008-05-26 06:00:00,9708.0
2008-05-26 07:00:00,10716.0
2008-05-26 08:00:00,11928.0
2008-05-26 09:00:00,12873.0
2008-05-26 10:00:00,13367.0
2008-05-26 11:00:00,13621.0
2008-05-26 12:00:00,13668.0
2008-05-26 13:00:00,13503.0
2008-05-26 14:00:00,13356.0
2008-05-26 15:00:00,13331.0
2008-05-26 16:00:00,13491.0
2008-05-26 17:00:00,13697.0
2008-05-26 18:00:00,13706.0
2008-05-26 19:00:00,13863.0
2008-05-26 20:00:00,14464.0
2008-05-26 21:00:00,13888.0
2008-05-26 22:00:00,12467.0
2008-05-26 23:00:00,11187.0
2008-05-27 00:00:00,10330.0
2008-05-27 01:00:00,9863.0
2008-05-27 02:00:00,9678.0
2008-05-27 03:00:00,9643.0
2008-05-27 04:00:00,9953.0
2008-05-27 05:00:00,10883.0
2008-05-27 06:00:00,12836.0
2008-05-27 07:00:00,14588.0
2008-05-27 08:00:00,15421.0
2008-05-27 09:00:00,16059.0
2008-05-27 10:00:00,16731.0
2008-05-27 11:00:00,17229.0
2008-05-27 12:00:00,17478.0
2008-05-27 13:00:00,17670.0
2008-05-27 14:00:00,17458.0
2008-05-27 15:00:00,17277.0
2008-05-27 16:00:00,17207.0
2008-05-27 17:00:00,17085.0
2008-05-27 18:00:00,16765.0
2008-05-27 19:00:00,16436.0
2008-05-27 20:00:00,16508.0
2008-05-27 21:00:00,15581.0
2008-05-27 22:00:00,13659.0
2008-05-27 23:00:00,11976.0
2008-05-28 00:00:00,10903.0
2008-05-28 01:00:00,10335.0
2008-05-28 02:00:00,9996.0
2008-05-28 03:00:00,9900.0
2008-05-28 04:00:00,10116.0
2008-05-28 05:00:00,10840.0
2008-05-28 06:00:00,12652.0
2008-05-28 07:00:00,14176.0
2008-05-28 08:00:00,14750.0
2008-05-28 09:00:00,15078.0
2008-05-28 10:00:00,15349.0
2008-05-28 11:00:00,15468.0
2008-05-28 12:00:00,15459.0
2008-05-28 13:00:00,15544.0
2008-05-28 14:00:00,15486.0
2008-05-28 15:00:00,15414.0
2008-05-28 16:00:00,15429.0
2008-05-28 17:00:00,15295.0
2008-05-28 18:00:00,15019.0
2008-05-28 19:00:00,14846.0
2008-05-28 20:00:00,15229.0
2008-05-28 21:00:00,14722.0
2008-05-28 22:00:00,13122.0
2008-05-28 23:00:00,11645.0
2008-05-29 00:00:00,10608.0
2008-05-29 01:00:00,10030.0
2008-05-29 02:00:00,9778.0
2008-05-29 03:00:00,9709.0
2008-05-29 04:00:00,9948.0
2008-05-29 05:00:00,10690.0
2008-05-29 06:00:00,12545.0
2008-05-29 07:00:00,14096.0
2008-05-29 08:00:00,14742.0
2008-05-29 09:00:00,15180.0
2008-05-29 10:00:00,15528.0
2008-05-29 11:00:00,15710.0
2008-05-29 12:00:00,15784.0
2008-05-29 13:00:00,15879.0
2008-05-29 14:00:00,15870.0
2008-05-29 15:00:00,15854.0
2008-05-29 16:00:00,15887.0
2008-05-29 17:00:00,15710.0
2008-05-29 18:00:00,15362.0
2008-05-29 19:00:00,15133.0
2008-05-29 20:00:00,15474.0
2008-05-29 21:00:00,14982.0
2008-05-29 22:00:00,13391.0
2008-05-29 23:00:00,11876.0
2008-05-30 00:00:00,10820.0
2008-05-30 01:00:00,10238.0
2008-05-30 02:00:00,9914.0
2008-05-30 03:00:00,9823.0
2008-05-30 04:00:00,10065.0
2008-05-30 05:00:00,10738.0
2008-05-30 06:00:00,12535.0
2008-05-30 07:00:00,14181.0
2008-05-30 08:00:00,14953.0
2008-05-30 09:00:00,15419.0
2008-05-30 10:00:00,15816.0
2008-05-30 11:00:00,16005.0
2008-05-30 12:00:00,16104.0
2008-05-30 13:00:00,16101.0
2008-05-30 14:00:00,16037.0
2008-05-30 15:00:00,15870.0
2008-05-30 16:00:00,15675.0
2008-05-30 17:00:00,15323.0
2008-05-30 18:00:00,14879.0
2008-05-30 19:00:00,14727.0
2008-05-30 20:00:00,15068.0
2008-05-30 21:00:00,14533.0
2008-05-30 22:00:00,13281.0
2008-05-30 23:00:00,12006.0
2008-05-31 00:00:00,10948.0
2008-05-31 01:00:00,10334.0
2008-05-31 02:00:00,10014.0
2008-05-31 03:00:00,9825.0
2008-05-31 04:00:00,9831.0
2008-05-31 05:00:00,9967.0
2008-05-31 06:00:00,10573.0
2008-05-31 07:00:00,11716.0
2008-05-31 08:00:00,13036.0
2008-05-31 09:00:00,14004.0
2008-05-31 10:00:00,14562.0
2008-05-31 11:00:00,14772.0
2008-05-31 12:00:00,14768.0
2008-05-31 13:00:00,14591.0
2008-05-31 14:00:00,14387.0
2008-05-31 15:00:00,14266.0
2008-05-31 16:00:00,14302.0
2008-05-31 17:00:00,14387.0
2008-05-31 18:00:00,14311.0
2008-05-31 19:00:00,14302.0
2008-05-31 20:00:00,14507.0
2008-05-31 21:00:00,14020.0
2008-05-31 22:00:00,12924.0
2008-05-31 23:00:00,11735.0
2008-06-01 00:00:00,10787.0
2008-06-01 01:00:00,10185.0
2008-06-01 02:00:00,9840.0
2008-06-01 03:00:00,9653.0
2008-06-01 04:00:00,9618.0
2008-06-01 05:00:00,9502.0
2008-06-01 06:00:00,9970.0
2008-06-01 07:00:00,11038.0
2008-06-01 08:00:00,12331.0
2008-06-01 09:00:00,13346.0
2008-06-01 10:00:00,13985.0
2008-06-01 11:00:00,14338.0
2008-06-01 12:00:00,14396.0
2008-06-01 13:00:00,14291.0
2008-06-01 14:00:00,14172.0
2008-06-01 15:00:00,14139.0
2008-06-01 16:00:00,14233.0
2008-06-01 17:00:00,14385.0
2008-06-01 18:00:00,14333.0
2008-06-01 19:00:00,14263.0
2008-06-01 20:00:00,14628.0
2008-06-01 21:00:00,14279.0
2008-06-01 22:00:00,12895.0
2008-06-01 23:00:00,11546.0
2008-06-02 00:00:00,10621.0
2008-06-02 01:00:00,10107.0
2008-06-02 02:00:00,9860.0
2008-06-02 03:00:00,9801.0
2008-06-02 04:00:00,10053.0
2008-06-02 05:00:00,10814.0
2008-06-02 06:00:00,12758.0
2008-06-02 07:00:00,14482.0
2008-06-02 08:00:00,15353.0
2008-06-02 09:00:00,15970.0
2008-06-02 10:00:00,16453.0
2008-06-02 11:00:00,16788.0
2008-06-02 12:00:00,16822.0
2008-06-02 13:00:00,16901.0
2008-06-02 14:00:00,16879.0
2008-06-02 15:00:00,16851.0
2008-06-02 16:00:00,16883.0
2008-06-02 17:00:00,16759.0
2008-06-02 18:00:00,16447.0
2008-06-02 19:00:00,16183.0
2008-06-02 20:00:00,16454.0
2008-06-02 21:00:00,15875.0
2008-06-02 22:00:00,14147.0
2008-06-02 23:00:00,12497.0
2008-06-03 00:00:00,11409.0
2008-06-03 01:00:00,10785.0
2008-06-03 02:00:00,10474.0
2008-06-03 03:00:00,10349.0
2008-06-03 04:00:00,10561.0
2008-06-03 05:00:00,11259.0
2008-06-03 06:00:00,13208.0
2008-06-03 07:00:00,14979.0
2008-06-03 08:00:00,15855.0
2008-06-03 09:00:00,16532.0
2008-06-03 10:00:00,17157.0
2008-06-03 11:00:00,17501.0
2008-06-03 12:00:00,17635.0
2008-06-03 13:00:00,17788.0
2008-06-03 14:00:00,17820.0
2008-06-03 15:00:00,17813.0
2008-06-03 16:00:00,17759.0
2008-06-03 17:00:00,17453.0
2008-06-03 18:00:00,16947.0
2008-06-03 19:00:00,16632.0
2008-06-03 20:00:00,16898.0
2008-06-03 21:00:00,16192.0
2008-06-03 22:00:00,14464.0
2008-06-03 23:00:00,12814.0
2008-06-04 00:00:00,11708.0
2008-06-04 01:00:00,11032.0
2008-06-04 02:00:00,10692.0
2008-06-04 03:00:00,10571.0
2008-06-04 04:00:00,10787.0
2008-06-04 05:00:00,11714.0
2008-06-04 06:00:00,13495.0
2008-06-04 07:00:00,15099.0
2008-06-04 08:00:00,15770.0
2008-06-04 09:00:00,16189.0
2008-06-04 10:00:00,16480.0
2008-06-04 11:00:00,16593.0
2008-06-04 12:00:00,16518.0
2008-06-04 13:00:00,16421.0
2008-06-04 14:00:00,16258.0
2008-06-04 15:00:00,16120.0
2008-06-04 16:00:00,16142.0
2008-06-04 17:00:00,16137.0
2008-06-04 18:00:00,15924.0
2008-06-04 19:00:00,15757.0
2008-06-04 20:00:00,15796.0
2008-06-04 21:00:00,14987.0
2008-06-04 22:00:00,13418.0
2008-06-04 23:00:00,11909.0
2008-06-05 00:00:00,10959.0
2008-06-05 01:00:00,10408.0
2008-06-05 02:00:00,10132.0
2008-06-05 03:00:00,10056.0
2008-06-05 04:00:00,10301.0
2008-06-05 05:00:00,11186.0
2008-06-05 06:00:00,13064.0
2008-06-05 07:00:00,14674.0
2008-06-05 08:00:00,15353.0
2008-06-05 09:00:00,15757.0
2008-06-05 10:00:00,16066.0
2008-06-05 11:00:00,16153.0
2008-06-05 12:00:00,16093.0
2008-06-05 13:00:00,16172.0
2008-06-05 14:00:00,16017.0
2008-06-05 15:00:00,15888.0
2008-06-05 16:00:00,15879.0
2008-06-05 17:00:00,15781.0
2008-06-05 18:00:00,15518.0
2008-06-05 19:00:00,15342.0
2008-06-05 20:00:00,15613.0
2008-06-05 21:00:00,15076.0
2008-06-05 22:00:00,13569.0
2008-06-05 23:00:00,12098.0
2008-06-06 00:00:00,11052.0
2008-06-06 01:00:00,10415.0
2008-06-06 02:00:00,10090.0
2008-06-06 03:00:00,9991.0
2008-06-06 04:00:00,10245.0
2008-06-06 05:00:00,11057.0
2008-06-06 06:00:00,12902.0
2008-06-06 07:00:00,14532.0
2008-06-06 08:00:00,15293.0
2008-06-06 09:00:00,15742.0
2008-06-06 10:00:00,16062.0
2008-06-06 11:00:00,16118.0
2008-06-06 12:00:00,16007.0
2008-06-06 13:00:00,15934.0
2008-06-06 14:00:00,15740.0
2008-06-06 15:00:00,15538.0
2008-06-06 16:00:00,15441.0
2008-06-06 17:00:00,15261.0
2008-06-06 18:00:00,14961.0
2008-06-06 19:00:00,14791.0
2008-06-06 20:00:00,14923.0
2008-06-06 21:00:00,14471.0
2008-06-06 22:00:00,13272.0
2008-06-06 23:00:00,11953.0
2008-06-07 00:00:00,10948.0
2008-06-07 01:00:00,10345.0
2008-06-07 02:00:00,10025.0
2008-06-07 03:00:00,9880.0
2008-06-07 04:00:00,9905.0
2008-06-07 05:00:00,10076.0
2008-06-07 06:00:00,10775.0
2008-06-07 07:00:00,11949.0
2008-06-07 08:00:00,13265.0
2008-06-07 09:00:00,14267.0
2008-06-07 10:00:00,14983.0
2008-06-07 11:00:00,15594.0
2008-06-07 12:00:00,16101.0
2008-06-07 13:00:00,16513.0
2008-06-07 14:00:00,17039.0
2008-06-07 15:00:00,17467.0
2008-06-07 16:00:00,17769.0
2008-06-07 17:00:00,17973.0
2008-06-07 18:00:00,17813.0
2008-06-07 19:00:00,17635.0
2008-06-07 20:00:00,17884.0
2008-06-07 21:00:00,17718.0
2008-06-07 22:00:00,16495.0
2008-06-07 23:00:00,15039.0
2008-06-08 00:00:00,13795.0
2008-06-08 01:00:00,12940.0
2008-06-08 02:00:00,12362.0
2008-06-08 03:00:00,11945.0
2008-06-08 04:00:00,11746.0
2008-06-08 05:00:00,11531.0
2008-06-08 06:00:00,12064.0
2008-06-08 07:00:00,13487.0
2008-06-08 08:00:00,15303.0
2008-06-08 09:00:00,16942.0
2008-06-08 10:00:00,18226.0
2008-06-08 11:00:00,19171.0
2008-06-08 12:00:00,19772.0
2008-06-08 13:00:00,20053.0
2008-06-08 14:00:00,20274.0
2008-06-08 15:00:00,20448.0
2008-06-08 16:00:00,20335.0
2008-06-08 17:00:00,20146.0
2008-06-08 18:00:00,19883.0
2008-06-08 19:00:00,19641.0
2008-06-08 20:00:00,19828.0
2008-06-08 21:00:00,19462.0
2008-06-08 22:00:00,17765.0
2008-06-08 23:00:00,16025.0
2008-06-09 00:00:00,14650.0
2008-06-09 01:00:00,13818.0
2008-06-09 02:00:00,13329.0
2008-06-09 03:00:00,13099.0
2008-06-09 04:00:00,13278.0
2008-06-09 05:00:00,14047.0
2008-06-09 06:00:00,16205.0
2008-06-09 07:00:00,18410.0
2008-06-09 08:00:00,19987.0
2008-06-09 09:00:00,21402.0
2008-06-09 10:00:00,22633.0
2008-06-09 11:00:00,23470.0
2008-06-09 12:00:00,23991.0
2008-06-09 13:00:00,24452.0
2008-06-09 14:00:00,24756.0
2008-06-09 15:00:00,25029.0
2008-06-09 16:00:00,25075.0
2008-06-09 17:00:00,24720.0
2008-06-09 18:00:00,24114.0
2008-06-09 19:00:00,23419.0
2008-06-09 20:00:00,23151.0
2008-06-09 21:00:00,22244.0
2008-06-09 22:00:00,19821.0
2008-06-09 23:00:00,17584.0
2008-06-10 00:00:00,16001.0
2008-06-10 01:00:00,15015.0
2008-06-10 02:00:00,14402.0
2008-06-10 03:00:00,14048.0
2008-06-10 04:00:00,14079.0
2008-06-10 05:00:00,14677.0
2008-06-10 06:00:00,16799.0
2008-06-10 07:00:00,19013.0
2008-06-10 08:00:00,20566.0
2008-06-10 09:00:00,21987.0
2008-06-10 10:00:00,23347.0
2008-06-10 11:00:00,24410.0
2008-06-10 12:00:00,25073.0
2008-06-10 13:00:00,25559.0
2008-06-10 14:00:00,25696.0
2008-06-10 15:00:00,25673.0
2008-06-10 16:00:00,25692.0
2008-06-10 17:00:00,25332.0
2008-06-10 18:00:00,24654.0
2008-06-10 19:00:00,23909.0
2008-06-10 20:00:00,23677.0
2008-06-10 21:00:00,22542.0
2008-06-10 22:00:00,19806.0
2008-06-10 23:00:00,17434.0
2008-06-11 00:00:00,15700.0
2008-06-11 01:00:00,14682.0
2008-06-11 02:00:00,14095.0
2008-06-11 03:00:00,13792.0
2008-06-11 04:00:00,13827.0
2008-06-11 05:00:00,14325.0
2008-06-11 06:00:00,16087.0
2008-06-11 07:00:00,17824.0
2008-06-11 08:00:00,18808.0
2008-06-11 09:00:00,19535.0
2008-06-11 10:00:00,20165.0
2008-06-11 11:00:00,20554.0
2008-06-11 12:00:00,20799.0
2008-06-11 13:00:00,21123.0
2008-06-11 14:00:00,21387.0
2008-06-11 15:00:00,21588.0
2008-06-11 16:00:00,21656.0
2008-06-11 17:00:00,21325.0
2008-06-11 18:00:00,20684.0
2008-06-11 19:00:00,19985.0
2008-06-11 20:00:00,19734.0
2008-06-11 21:00:00,19058.0
2008-06-11 22:00:00,17110.0
2008-06-11 23:00:00,15281.0
2008-06-12 00:00:00,13622.0
2008-06-12 01:00:00,12780.0
2008-06-12 02:00:00,12270.0
2008-06-12 03:00:00,12021.0
2008-06-12 04:00:00,12111.0
2008-06-12 05:00:00,12647.0
2008-06-12 06:00:00,14589.0
2008-06-12 07:00:00,16365.0
2008-06-12 08:00:00,17269.0
2008-06-12 09:00:00,17937.0
2008-06-12 10:00:00,18491.0
2008-06-12 11:00:00,18831.0
2008-06-12 12:00:00,18953.0
2008-06-12 13:00:00,19133.0
2008-06-12 14:00:00,19199.0
2008-06-12 15:00:00,19289.0
2008-06-12 16:00:00,19301.0
2008-06-12 17:00:00,19016.0
2008-06-12 18:00:00,18373.0
2008-06-12 19:00:00,17789.0
2008-06-12 20:00:00,17476.0
2008-06-12 21:00:00,17055.0
2008-06-12 22:00:00,15290.0
2008-06-12 23:00:00,13702.0
2008-06-13 00:00:00,12179.0
2008-06-13 01:00:00,11411.0
2008-06-13 02:00:00,10957.0
2008-06-13 03:00:00,10762.0
2008-06-13 04:00:00,10914.0
2008-06-13 05:00:00,11408.0
2008-06-13 06:00:00,13178.0
2008-06-13 07:00:00,14965.0
2008-06-13 08:00:00,15926.0
2008-06-13 09:00:00,16689.0
2008-06-13 10:00:00,17248.0
2008-06-13 11:00:00,17589.0
2008-06-13 12:00:00,17751.0
2008-06-13 13:00:00,18023.0
2008-06-13 14:00:00,18194.0
2008-06-13 15:00:00,18337.0
2008-06-13 16:00:00,18367.0
2008-06-13 17:00:00,18089.0
2008-06-13 18:00:00,17508.0
2008-06-13 19:00:00,16870.0
2008-06-13 20:00:00,16703.0
2008-06-13 21:00:00,16395.0
2008-06-13 22:00:00,15077.0
2008-06-13 23:00:00,13498.0
2008-06-14 00:00:00,12481.0
2008-06-14 01:00:00,11607.0
2008-06-14 02:00:00,11163.0
2008-06-14 03:00:00,10909.0
2008-06-14 04:00:00,10869.0
2008-06-14 05:00:00,10898.0
2008-06-14 06:00:00,11532.0
2008-06-14 07:00:00,12888.0
2008-06-14 08:00:00,14377.0
2008-06-14 09:00:00,15624.0
2008-06-14 10:00:00,16467.0
2008-06-14 11:00:00,17020.0
2008-06-14 12:00:00,17341.0
2008-06-14 13:00:00,17599.0
2008-06-14 14:00:00,17779.0
2008-06-14 15:00:00,17842.0
2008-06-14 16:00:00,17783.0
2008-06-14 17:00:00,17428.0
2008-06-14 18:00:00,16953.0
2008-06-14 19:00:00,16639.0
2008-06-14 20:00:00,16713.0
2008-06-14 21:00:00,16250.0
2008-06-14 22:00:00,15073.0
2008-06-14 23:00:00,13754.0
2008-06-15 00:00:00,12812.0
2008-06-15 01:00:00,11961.0
2008-06-15 02:00:00,11510.0
2008-06-15 03:00:00,11213.0
2008-06-15 04:00:00,11087.0
2008-06-15 05:00:00,11064.0
2008-06-15 06:00:00,11318.0
2008-06-15 07:00:00,12041.0
2008-06-15 08:00:00,13113.0
2008-06-15 09:00:00,13986.0
2008-06-15 10:00:00,14582.0
2008-06-15 11:00:00,14898.0
2008-06-15 12:00:00,14959.0
2008-06-15 13:00:00,14875.0
2008-06-15 14:00:00,14541.0
2008-06-15 15:00:00,14527.0
2008-06-15 16:00:00,14569.0
2008-06-15 17:00:00,14642.0
2008-06-15 18:00:00,14588.0
2008-06-15 19:00:00,14562.0
2008-06-15 20:00:00,14851.0
2008-06-15 21:00:00,14610.0
2008-06-15 22:00:00,13408.0
2008-06-15 23:00:00,12249.0
2008-06-16 00:00:00,11310.0
2008-06-16 01:00:00,10629.0
2008-06-16 02:00:00,10378.0
2008-06-16 03:00:00,10335.0
2008-06-16 04:00:00,10524.0
2008-06-16 05:00:00,11387.0
2008-06-16 06:00:00,13223.0
2008-06-16 07:00:00,14971.0
2008-06-16 08:00:00,15793.0
2008-06-16 09:00:00,16249.0
2008-06-16 10:00:00,16734.0
2008-06-16 11:00:00,16952.0
2008-06-16 12:00:00,16958.0
2008-06-16 13:00:00,17031.0
2008-06-16 14:00:00,16995.0
2008-06-16 15:00:00,16915.0
2008-06-16 16:00:00,16940.0
2008-06-16 17:00:00,16866.0
2008-06-16 18:00:00,16732.0
2008-06-16 19:00:00,16557.0
2008-06-16 20:00:00,16281.0
2008-06-16 21:00:00,15387.0
2008-06-16 22:00:00,13831.0
2008-06-16 23:00:00,12407.0
2008-06-17 00:00:00,11636.0
2008-06-17 01:00:00,10921.0
2008-06-17 02:00:00,10637.0
2008-06-17 03:00:00,10521.0
2008-06-17 04:00:00,10757.0
2008-06-17 05:00:00,11398.0
2008-06-17 06:00:00,13140.0
2008-06-17 07:00:00,14939.0
2008-06-17 08:00:00,15853.0
2008-06-17 09:00:00,16510.0
2008-06-17 10:00:00,17129.0
2008-06-17 11:00:00,17470.0
2008-06-17 12:00:00,17713.0
2008-06-17 13:00:00,17913.0
2008-06-17 14:00:00,17886.0
2008-06-17 15:00:00,17750.0
2008-06-17 16:00:00,17519.0
2008-06-17 17:00:00,17372.0
2008-06-17 18:00:00,16886.0
2008-06-17 19:00:00,16388.0
2008-06-17 20:00:00,16433.0
2008-06-17 21:00:00,15985.0
2008-06-17 22:00:00,14444.0
2008-06-17 23:00:00,13118.0
2008-06-18 00:00:00,11757.0
2008-06-18 01:00:00,11004.0
2008-06-18 02:00:00,10588.0
2008-06-18 03:00:00,10411.0
2008-06-18 04:00:00,10560.0
2008-06-18 05:00:00,11113.0
2008-06-18 06:00:00,12845.0
2008-06-18 07:00:00,14568.0
2008-06-18 08:00:00,15581.0
2008-06-18 09:00:00,16185.0
2008-06-18 10:00:00,16688.0
2008-06-18 11:00:00,16962.0
2008-06-18 12:00:00,16998.0
2008-06-18 13:00:00,17103.0
2008-06-18 14:00:00,17022.0
2008-06-18 15:00:00,16835.0
2008-06-18 16:00:00,16673.0
2008-06-18 17:00:00,16483.0
2008-06-18 18:00:00,16159.0
2008-06-18 19:00:00,15869.0
2008-06-18 20:00:00,15982.0
2008-06-18 21:00:00,15478.0
2008-06-18 22:00:00,14182.0
2008-06-18 23:00:00,12570.0
2008-06-19 00:00:00,11446.0
2008-06-19 01:00:00,10868.0
2008-06-19 02:00:00,10562.0
2008-06-19 03:00:00,10424.0
2008-06-19 04:00:00,10596.0
2008-06-19 05:00:00,11251.0
2008-06-19 06:00:00,12919.0
2008-06-19 07:00:00,14610.0
2008-06-19 08:00:00,15661.0
2008-06-19 09:00:00,16324.0
2008-06-19 10:00:00,16851.0
2008-06-19 11:00:00,17180.0
2008-06-19 12:00:00,17278.0
2008-06-19 13:00:00,17448.0
2008-06-19 14:00:00,17402.0
2008-06-19 15:00:00,17314.0
2008-06-19 16:00:00,17245.0
2008-06-19 17:00:00,16983.0
2008-06-19 18:00:00,16518.0
2008-06-19 19:00:00,16170.0
2008-06-19 20:00:00,16124.0
2008-06-19 21:00:00,15886.0
2008-06-19 22:00:00,14481.0
2008-06-19 23:00:00,13016.0
2008-06-20 00:00:00,11752.0
2008-06-20 01:00:00,11124.0
2008-06-20 02:00:00,10733.0
2008-06-20 03:00:00,10610.0
2008-06-20 04:00:00,10782.0
2008-06-20 05:00:00,11353.0
2008-06-20 06:00:00,12917.0
2008-06-20 07:00:00,14670.0
2008-06-20 08:00:00,15818.0
2008-06-20 09:00:00,16535.0
2008-06-20 10:00:00,17231.0
2008-06-20 11:00:00,17556.0
2008-06-20 12:00:00,17580.0
2008-06-20 13:00:00,17600.0
2008-06-20 14:00:00,17482.0
2008-06-20 15:00:00,17377.0
2008-06-20 16:00:00,17235.0
2008-06-20 17:00:00,16928.0
2008-06-20 18:00:00,16300.0
2008-06-20 19:00:00,15867.0
2008-06-20 20:00:00,15821.0
2008-06-20 21:00:00,15523.0
2008-06-20 22:00:00,14373.0
2008-06-20 23:00:00,13106.0
2008-06-21 00:00:00,11809.0
2008-06-21 01:00:00,11124.0
2008-06-21 02:00:00,10714.0
2008-06-21 03:00:00,10508.0
2008-06-21 04:00:00,10493.0
2008-06-21 05:00:00,10558.0
2008-06-21 06:00:00,11237.0
2008-06-21 07:00:00,12539.0
2008-06-21 08:00:00,13939.0
2008-06-21 09:00:00,15067.0
2008-06-21 10:00:00,15748.0
2008-06-21 11:00:00,16048.0
2008-06-21 12:00:00,16162.0
2008-06-21 13:00:00,16081.0
2008-06-21 14:00:00,16066.0
2008-06-21 15:00:00,16140.0
2008-06-21 16:00:00,16180.0
2008-06-21 17:00:00,16314.0
2008-06-21 18:00:00,16094.0
2008-06-21 19:00:00,15740.0
2008-06-21 20:00:00,15726.0
2008-06-21 21:00:00,15567.0
2008-06-21 22:00:00,14557.0
2008-06-21 23:00:00,13194.0
2008-06-22 00:00:00,12340.0
2008-06-22 01:00:00,11422.0
2008-06-22 02:00:00,10994.0
2008-06-22 03:00:00,10723.0
2008-06-22 04:00:00,10668.0
2008-06-22 05:00:00,10602.0
2008-06-22 06:00:00,10941.0
2008-06-22 07:00:00,11853.0
2008-06-22 08:00:00,13203.0
2008-06-22 09:00:00,14338.0
2008-06-22 10:00:00,15376.0
2008-06-22 11:00:00,16115.0
2008-06-22 12:00:00,16477.0
2008-06-22 13:00:00,16370.0
2008-06-22 14:00:00,16079.0
2008-06-22 15:00:00,15974.0
2008-06-22 16:00:00,16093.0
2008-06-22 17:00:00,16261.0
2008-06-22 18:00:00,16145.0
2008-06-22 19:00:00,16022.0
2008-06-22 20:00:00,16181.0
2008-06-22 21:00:00,15921.0
2008-06-22 22:00:00,14686.0
2008-06-22 23:00:00,13540.0
2008-06-23 00:00:00,12334.0
2008-06-23 01:00:00,11772.0
2008-06-23 02:00:00,11477.0
2008-06-23 03:00:00,11401.0
2008-06-23 04:00:00,11667.0
2008-06-23 05:00:00,12484.0
2008-06-23 06:00:00,14064.0
2008-06-23 07:00:00,15866.0
2008-06-23 08:00:00,17051.0
2008-06-23 09:00:00,17817.0
2008-06-23 10:00:00,18383.0
2008-06-23 11:00:00,18745.0
2008-06-23 12:00:00,18845.0
2008-06-23 13:00:00,18971.0
2008-06-23 14:00:00,18821.0
2008-06-23 15:00:00,18578.0
2008-06-23 16:00:00,18441.0
2008-06-23 17:00:00,18314.0
2008-06-23 18:00:00,17915.0
2008-06-23 19:00:00,17509.0
2008-06-23 20:00:00,17430.0
2008-06-23 21:00:00,16905.0
2008-06-23 22:00:00,15602.0
2008-06-23 23:00:00,13750.0
2008-06-24 00:00:00,12618.0
2008-06-24 01:00:00,11964.0
2008-06-24 02:00:00,11592.0
2008-06-24 03:00:00,11442.0
2008-06-24 04:00:00,11651.0
2008-06-24 05:00:00,12316.0
2008-06-24 06:00:00,13876.0
2008-06-24 07:00:00,15656.0
2008-06-24 08:00:00,16918.0
2008-06-24 09:00:00,17834.0
2008-06-24 10:00:00,18595.0
2008-06-24 11:00:00,18994.0
2008-06-24 12:00:00,19098.0
2008-06-24 13:00:00,19062.0
2008-06-24 14:00:00,18761.0
2008-06-24 15:00:00,18415.0
2008-06-24 16:00:00,18154.0
2008-06-24 17:00:00,17846.0
2008-06-24 18:00:00,17305.0
2008-06-24 19:00:00,16777.0
2008-06-24 20:00:00,16658.0
2008-06-24 21:00:00,16273.0
2008-06-24 22:00:00,14773.0
2008-06-24 23:00:00,13156.0
2008-06-25 00:00:00,12008.0
2008-06-25 01:00:00,11320.0
2008-06-25 02:00:00,10940.0
2008-06-25 03:00:00,10800.0
2008-06-25 04:00:00,10985.0
2008-06-25 05:00:00,11580.0
2008-06-25 06:00:00,13195.0
2008-06-25 07:00:00,14939.0
2008-06-25 08:00:00,16067.0
2008-06-25 09:00:00,16865.0
2008-06-25 10:00:00,17582.0
2008-06-25 11:00:00,18005.0
2008-06-25 12:00:00,18220.0
2008-06-25 13:00:00,18556.0
2008-06-25 14:00:00,18729.0
2008-06-25 15:00:00,18796.0
2008-06-25 16:00:00,18836.0
2008-06-25 17:00:00,18659.0
2008-06-25 18:00:00,18130.0
2008-06-25 19:00:00,17535.0
2008-06-25 20:00:00,17506.0
2008-06-25 21:00:00,17164.0
2008-06-25 22:00:00,15569.0
2008-06-25 23:00:00,13868.0
2008-06-26 00:00:00,12588.0
2008-06-26 01:00:00,11828.0
2008-06-26 02:00:00,11416.0
2008-06-26 03:00:00,11242.0
2008-06-26 04:00:00,11420.0
2008-06-26 05:00:00,12041.0
2008-06-26 06:00:00,13684.0
2008-06-26 07:00:00,15473.0
2008-06-26 08:00:00,16722.0
2008-06-26 09:00:00,17629.0
2008-06-26 10:00:00,18268.0
2008-06-26 11:00:00,18527.0
2008-06-26 12:00:00,18483.0
2008-06-26 13:00:00,18505.0
2008-06-26 14:00:00,18407.0
2008-06-26 15:00:00,18255.0
2008-06-26 16:00:00,18136.0
2008-06-26 17:00:00,18014.0
2008-06-26 18:00:00,17730.0
2008-06-26 19:00:00,17480.0
2008-06-26 20:00:00,17551.0
2008-06-26 21:00:00,17114.0
2008-06-26 22:00:00,15595.0
2008-06-26 23:00:00,13972.0
2008-06-27 00:00:00,12780.0
2008-06-27 01:00:00,12045.0
2008-06-27 02:00:00,11660.0
2008-06-27 03:00:00,11458.0
2008-06-27 04:00:00,11649.0
2008-06-27 05:00:00,12221.0
2008-06-27 06:00:00,13836.0
2008-06-27 07:00:00,15714.0
2008-06-27 08:00:00,17132.0
2008-06-27 09:00:00,18219.0
2008-06-27 10:00:00,19170.0
2008-06-27 11:00:00,19749.0
2008-06-27 12:00:00,20032.0
2008-06-27 13:00:00,20237.0
2008-06-27 14:00:00,19946.0
2008-06-27 15:00:00,19828.0
2008-06-27 16:00:00,19690.0
2008-06-27 17:00:00,19198.0
2008-06-27 18:00:00,18690.0
2008-06-27 19:00:00,18205.0
2008-06-27 20:00:00,18110.0
2008-06-27 21:00:00,17829.0
2008-06-27 22:00:00,16484.0
2008-06-27 23:00:00,14909.0
2008-06-28 00:00:00,13562.0
2008-06-28 01:00:00,12731.0
2008-06-28 02:00:00,12194.0
2008-06-28 03:00:00,11858.0
2008-06-28 04:00:00,11769.0
2008-06-28 05:00:00,11794.0
2008-06-28 06:00:00,12454.0
2008-06-28 07:00:00,13663.0
2008-06-28 08:00:00,15074.0
2008-06-28 09:00:00,16274.0
2008-06-28 10:00:00,17146.0
2008-06-28 11:00:00,17577.0
2008-06-28 12:00:00,17845.0
2008-06-28 13:00:00,17900.0
2008-06-28 14:00:00,17862.0
2008-06-28 15:00:00,17774.0
2008-06-28 16:00:00,17622.0
2008-06-28 17:00:00,17434.0
2008-06-28 18:00:00,17071.0
2008-06-28 19:00:00,16713.0
2008-06-28 20:00:00,16694.0
2008-06-28 21:00:00,16268.0
2008-06-28 22:00:00,15119.0
2008-06-28 23:00:00,13817.0
2008-06-29 00:00:00,12758.0
2008-06-29 01:00:00,12024.0
2008-06-29 02:00:00,11587.0
2008-06-29 03:00:00,11329.0
2008-06-29 04:00:00,11245.0
2008-06-29 05:00:00,11235.0
2008-06-29 06:00:00,11588.0
2008-06-29 07:00:00,12595.0
2008-06-29 08:00:00,14010.0
2008-06-29 09:00:00,15335.0
2008-06-29 10:00:00,16372.0
2008-06-29 11:00:00,17289.0
2008-06-29 12:00:00,18003.0
2008-06-29 13:00:00,18313.0
2008-06-29 14:00:00,18349.0
2008-06-29 15:00:00,18124.0
2008-06-29 16:00:00,18162.0
2008-06-29 17:00:00,18208.0
2008-06-29 18:00:00,17987.0
2008-06-29 19:00:00,17699.0
2008-06-29 20:00:00,17775.0
2008-06-29 21:00:00,17506.0
2008-06-29 22:00:00,16243.0
2008-06-29 23:00:00,14786.0
2008-06-30 00:00:00,13715.0
2008-06-30 01:00:00,13034.0
2008-06-30 02:00:00,12603.0
2008-06-30 03:00:00,12444.0
2008-06-30 04:00:00,12650.0
2008-06-30 05:00:00,13402.0
2008-06-30 06:00:00,14860.0
2008-06-30 07:00:00,16708.0
2008-06-30 08:00:00,18105.0
2008-06-30 09:00:00,19099.0
2008-06-30 10:00:00,19944.0
2008-06-30 11:00:00,20600.0
2008-06-30 12:00:00,21014.0
2008-06-30 13:00:00,21437.0
2008-06-30 14:00:00,21652.0
2008-06-30 15:00:00,21746.0
2008-06-30 16:00:00,21762.0
2008-06-30 17:00:00,21550.0
2008-06-30 18:00:00,20918.0
2008-06-30 19:00:00,20184.0
2008-06-30 20:00:00,19856.0
2008-06-30 21:00:00,19312.0
2008-06-30 22:00:00,17431.0
2008-06-30 23:00:00,15448.0
2008-07-01 00:00:00,14039.0
2008-07-01 01:00:00,13152.0
2008-07-01 02:00:00,12635.0
2008-07-01 03:00:00,12366.0
2008-07-01 04:00:00,12439.0
2008-07-01 05:00:00,12954.0
2008-07-01 06:00:00,14582.0
2008-07-01 07:00:00,16489.0
2008-07-01 08:00:00,17888.0
2008-07-01 09:00:00,19007.0
2008-07-01 10:00:00,20018.0
2008-07-01 11:00:00,20734.0
2008-07-01 12:00:00,21116.0
2008-07-01 13:00:00,21405.0
2008-07-01 14:00:00,21524.0
2008-07-01 15:00:00,21530.0
2008-07-01 16:00:00,21429.0
2008-07-01 17:00:00,20916.0
2008-07-01 18:00:00,20134.0
2008-07-01 19:00:00,19475.0
2008-07-01 20:00:00,19246.0
2008-07-01 21:00:00,18559.0
2008-07-01 22:00:00,16764.0
2008-07-01 23:00:00,14920.0
2008-07-02 00:00:00,13579.0
2008-07-02 01:00:00,12760.0
2008-07-02 02:00:00,12265.0
2008-07-02 03:00:00,12030.0
2008-07-02 04:00:00,12144.0
2008-07-02 05:00:00,12720.0
2008-07-02 06:00:00,14209.0
2008-07-02 07:00:00,16050.0
2008-07-02 08:00:00,17413.0
2008-07-02 09:00:00,18493.0
2008-07-02 10:00:00,19364.0
2008-07-02 11:00:00,20053.0
2008-07-02 12:00:00,20347.0
2008-07-02 13:00:00,20322.0
2008-07-02 14:00:00,20116.0
2008-07-02 15:00:00,19892.0
2008-07-02 16:00:00,19801.0
2008-07-02 17:00:00,19603.0
2008-07-02 18:00:00,19082.0
2008-07-02 19:00:00,18375.0
2008-07-02 20:00:00,18170.0
2008-07-02 21:00:00,17787.0
2008-07-02 22:00:00,16192.0
2008-07-02 23:00:00,14456.0
2008-07-03 00:00:00,13077.0
2008-07-03 01:00:00,12268.0
2008-07-03 02:00:00,11770.0
2008-07-03 03:00:00,11552.0
2008-07-03 04:00:00,11651.0
2008-07-03 05:00:00,12132.0
2008-07-03 06:00:00,13643.0
2008-07-03 07:00:00,15497.0
2008-07-03 08:00:00,16974.0
2008-07-03 09:00:00,18077.0
2008-07-03 10:00:00,18972.0
2008-07-03 11:00:00,19592.0
2008-07-03 12:00:00,20009.0
2008-07-03 13:00:00,20413.0
2008-07-03 14:00:00,20651.0
2008-07-03 15:00:00,20669.0
2008-07-03 16:00:00,20553.0
2008-07-03 17:00:00,20224.0
2008-07-03 18:00:00,19379.0
2008-07-03 19:00:00,18452.0
2008-07-03 20:00:00,18030.0
2008-07-03 21:00:00,17402.0
2008-07-03 22:00:00,16064.0
2008-07-03 23:00:00,14579.0
2008-07-04 00:00:00,13380.0
2008-07-04 01:00:00,12568.0
2008-07-04 02:00:00,12033.0
2008-07-04 03:00:00,11724.0
2008-07-04 04:00:00,11669.0
2008-07-04 05:00:00,11725.0
2008-07-04 06:00:00,12081.0
2008-07-04 07:00:00,12805.0
2008-07-04 08:00:00,13777.0
2008-07-04 09:00:00,14580.0
2008-07-04 10:00:00,15044.0
2008-07-04 11:00:00,15273.0
2008-07-04 12:00:00,15303.0
2008-07-04 13:00:00,15209.0
2008-07-04 14:00:00,15077.0
2008-07-04 15:00:00,14976.0
2008-07-04 16:00:00,14947.0
2008-07-04 17:00:00,14936.0
2008-07-04 18:00:00,14674.0
2008-07-04 19:00:00,14356.0
2008-07-04 20:00:00,14475.0
2008-07-04 21:00:00,14272.0
2008-07-04 22:00:00,13724.0
2008-07-04 23:00:00,12845.0
2008-07-05 00:00:00,11895.0
2008-07-05 01:00:00,11241.0
2008-07-05 02:00:00,10843.0
2008-07-05 03:00:00,10643.0
2008-07-05 04:00:00,10600.0
2008-07-05 05:00:00,10692.0
2008-07-05 06:00:00,11118.0
2008-07-05 07:00:00,12018.0
2008-07-05 08:00:00,13204.0
2008-07-05 09:00:00,14302.0
2008-07-05 10:00:00,15079.0
2008-07-05 11:00:00,15401.0
2008-07-05 12:00:00,15420.0
2008-07-05 13:00:00,15276.0
2008-07-05 14:00:00,15131.0
2008-07-05 15:00:00,15057.0
2008-07-05 16:00:00,15065.0
2008-07-05 17:00:00,15154.0
2008-07-05 18:00:00,15064.0
2008-07-05 19:00:00,14866.0
2008-07-05 20:00:00,15039.0
2008-07-05 21:00:00,14976.0
2008-07-05 22:00:00,14077.0
2008-07-05 23:00:00,13003.0
2008-07-06 00:00:00,11994.0
2008-07-06 01:00:00,11329.0
2008-07-06 02:00:00,10913.0
2008-07-06 03:00:00,10690.0
2008-07-06 04:00:00,10633.0
2008-07-06 05:00:00,10588.0
2008-07-06 06:00:00,10901.0
2008-07-06 07:00:00,11793.0
2008-07-06 08:00:00,13039.0
2008-07-06 09:00:00,14254.0
2008-07-06 10:00:00,15235.0
2008-07-06 11:00:00,15978.0
2008-07-06 12:00:00,16483.0
2008-07-06 13:00:00,16696.0
2008-07-06 14:00:00,16803.0
2008-07-06 15:00:00,16992.0
2008-07-06 16:00:00,17270.0
2008-07-06 17:00:00,17516.0
2008-07-06 18:00:00,17417.0
2008-07-06 19:00:00,17158.0
2008-07-06 20:00:00,17347.0
2008-07-06 21:00:00,17256.0
2008-07-06 22:00:00,15954.0
2008-07-06 23:00:00,14433.0
2008-07-07 00:00:00,13250.0
2008-07-07 01:00:00,12533.0
2008-07-07 02:00:00,12165.0
2008-07-07 03:00:00,12026.0
2008-07-07 04:00:00,12250.0
2008-07-07 05:00:00,12939.0
2008-07-07 06:00:00,14540.0
2008-07-07 07:00:00,16442.0
2008-07-07 08:00:00,17890.0
2008-07-07 09:00:00,19072.0
2008-07-07 10:00:00,20158.0
2008-07-07 11:00:00,20967.0
2008-07-07 12:00:00,21589.0
2008-07-07 13:00:00,22167.0
2008-07-07 14:00:00,22507.0
2008-07-07 15:00:00,22642.0
2008-07-07 16:00:00,22756.0
2008-07-07 17:00:00,22675.0
2008-07-07 18:00:00,22169.0
2008-07-07 19:00:00,21511.0
2008-07-07 20:00:00,21298.0
2008-07-07 21:00:00,20717.0
2008-07-07 22:00:00,18765.0
2008-07-07 23:00:00,16740.0
2008-07-08 00:00:00,15246.0
2008-07-08 01:00:00,14356.0
2008-07-08 02:00:00,13813.0
2008-07-08 03:00:00,13536.0
2008-07-08 04:00:00,13629.0
2008-07-08 05:00:00,14214.0
2008-07-08 06:00:00,15848.0
2008-07-08 07:00:00,17957.0
2008-07-08 08:00:00,19559.0
2008-07-08 09:00:00,20935.0
2008-07-08 10:00:00,22081.0
2008-07-08 11:00:00,22983.0
2008-07-08 12:00:00,23543.0
2008-07-08 13:00:00,24022.0
2008-07-08 14:00:00,24259.0
2008-07-08 15:00:00,24338.0
2008-07-08 16:00:00,24347.0
2008-07-08 17:00:00,24052.0
2008-07-08 18:00:00,23319.0
2008-07-08 19:00:00,22528.0
2008-07-08 20:00:00,22272.0
2008-07-08 21:00:00,21519.0
2008-07-08 22:00:00,19476.0
2008-07-08 23:00:00,17383.0
2008-07-09 00:00:00,15845.0
2008-07-09 01:00:00,14918.0
2008-07-09 02:00:00,14324.0
2008-07-09 03:00:00,14016.0
2008-07-09 04:00:00,14082.0
2008-07-09 05:00:00,14640.0
2008-07-09 06:00:00,16284.0
2008-07-09 07:00:00,18339.0
2008-07-09 08:00:00,19894.0
2008-07-09 09:00:00,21195.0
2008-07-09 10:00:00,22367.0
2008-07-09 11:00:00,23226.0
2008-07-09 12:00:00,23716.0
2008-07-09 13:00:00,24155.0
2008-07-09 14:00:00,24302.0
2008-07-09 15:00:00,24255.0
2008-07-09 16:00:00,24082.0
2008-07-09 17:00:00,23648.0
2008-07-09 18:00:00,22790.0
2008-07-09 19:00:00,21955.0
2008-07-09 20:00:00,21755.0
2008-07-09 21:00:00,21090.0
2008-07-09 22:00:00,19221.0
2008-07-09 23:00:00,17222.0
2008-07-10 00:00:00,15806.0
2008-07-10 01:00:00,14937.0
2008-07-10 02:00:00,14393.0
2008-07-10 03:00:00,14079.0
2008-07-10 04:00:00,14118.0
2008-07-10 05:00:00,14502.0
2008-07-10 06:00:00,15835.0
2008-07-10 07:00:00,17505.0
2008-07-10 08:00:00,18566.0
2008-07-10 09:00:00,19276.0
2008-07-10 10:00:00,19869.0
2008-07-10 11:00:00,20251.0
2008-07-10 12:00:00,20479.0
2008-07-10 13:00:00,20813.0
2008-07-10 14:00:00,21022.0
2008-07-10 15:00:00,21122.0
2008-07-10 16:00:00,21111.0
2008-07-10 17:00:00,20824.0
2008-07-10 18:00:00,20147.0
2008-07-10 19:00:00,19380.0
2008-07-10 20:00:00,19017.0
2008-07-10 21:00:00,18570.0
2008-07-10 22:00:00,16785.0
2008-07-10 23:00:00,14898.0
2008-07-11 00:00:00,13528.0
2008-07-11 01:00:00,12629.0
2008-07-11 02:00:00,12084.0
2008-07-11 03:00:00,11788.0
2008-07-11 04:00:00,11855.0
2008-07-11 05:00:00,12335.0
2008-07-11 06:00:00,13770.0
2008-07-11 07:00:00,15611.0
2008-07-11 08:00:00,16928.0
2008-07-11 09:00:00,17871.0
2008-07-11 10:00:00,18607.0
2008-07-11 11:00:00,19083.0
2008-07-11 12:00:00,19379.0
2008-07-11 13:00:00,19671.0
2008-07-11 14:00:00,19784.0
2008-07-11 15:00:00,19769.0
2008-07-11 16:00:00,19697.0
2008-07-11 17:00:00,19328.0
2008-07-11 18:00:00,18722.0
2008-07-11 19:00:00,18106.0
2008-07-11 20:00:00,18051.0
2008-07-11 21:00:00,17706.0
2008-07-11 22:00:00,16326.0
2008-07-11 23:00:00,14744.0
2008-07-12 00:00:00,13439.0
2008-07-12 01:00:00,12620.0
2008-07-12 02:00:00,12128.0
2008-07-12 03:00:00,11850.0
2008-07-12 04:00:00,11760.0
2008-07-12 05:00:00,11760.0
2008-07-12 06:00:00,12393.0
2008-07-12 07:00:00,13663.0
2008-07-12 08:00:00,15180.0
2008-07-12 09:00:00,16396.0
2008-07-12 10:00:00,17302.0
2008-07-12 11:00:00,17874.0
2008-07-12 12:00:00,18103.0
2008-07-12 13:00:00,18112.0
2008-07-12 14:00:00,18077.0
2008-07-12 15:00:00,18173.0
2008-07-12 16:00:00,18300.0
2008-07-12 17:00:00,18285.0
2008-07-12 18:00:00,17954.0
2008-07-12 19:00:00,17374.0
2008-07-12 20:00:00,17325.0
2008-07-12 21:00:00,17107.0
2008-07-12 22:00:00,16009.0
2008-07-12 23:00:00,14651.0
2008-07-13 00:00:00,13525.0
2008-07-13 01:00:00,12781.0
2008-07-13 02:00:00,12277.0
2008-07-13 03:00:00,12001.0
2008-07-13 04:00:00,11887.0
2008-07-13 05:00:00,11774.0
2008-07-13 06:00:00,12172.0
2008-07-13 07:00:00,13279.0
2008-07-13 08:00:00,14635.0
2008-07-13 09:00:00,15808.0
2008-07-13 10:00:00,16748.0
2008-07-13 11:00:00,17397.0
2008-07-13 12:00:00,17819.0
2008-07-13 13:00:00,17975.0
2008-07-13 14:00:00,18069.0
2008-07-13 15:00:00,18172.0
2008-07-13 16:00:00,18376.0
2008-07-13 17:00:00,18448.0
2008-07-13 18:00:00,18190.0
2008-07-13 19:00:00,17819.0
2008-07-13 20:00:00,17983.0
2008-07-13 21:00:00,17769.0
2008-07-13 22:00:00,16553.0
2008-07-13 23:00:00,15169.0
2008-07-14 00:00:00,14061.0
2008-07-14 01:00:00,13457.0
2008-07-14 02:00:00,13107.0
2008-07-14 03:00:00,13006.0
2008-07-14 04:00:00,13241.0
2008-07-14 05:00:00,14026.0
2008-07-14 06:00:00,15632.0
2008-07-14 07:00:00,17474.0
2008-07-14 08:00:00,18633.0
2008-07-14 09:00:00,19396.0
2008-07-14 10:00:00,20057.0
2008-07-14 11:00:00,20477.0
2008-07-14 12:00:00,20735.0
2008-07-14 13:00:00,20934.0
2008-07-14 14:00:00,20957.0
2008-07-14 15:00:00,20959.0
2008-07-14 16:00:00,20966.0
2008-07-14 17:00:00,20793.0
2008-07-14 18:00:00,20234.0
2008-07-14 19:00:00,19526.0
2008-07-14 20:00:00,19349.0
2008-07-14 21:00:00,18727.0
2008-07-14 22:00:00,16931.0
2008-07-14 23:00:00,15065.0
2008-07-15 00:00:00,13683.0
2008-07-15 01:00:00,12828.0
2008-07-15 02:00:00,12331.0
2008-07-15 03:00:00,12065.0
2008-07-15 04:00:00,12185.0
2008-07-15 05:00:00,12755.0
2008-07-15 06:00:00,14251.0
2008-07-15 07:00:00,16223.0
2008-07-15 08:00:00,17677.0
2008-07-15 09:00:00,18750.0
2008-07-15 10:00:00,19710.0
2008-07-15 11:00:00,20393.0
2008-07-15 12:00:00,20802.0
2008-07-15 13:00:00,21256.0
2008-07-15 14:00:00,21505.0
2008-07-15 15:00:00,21618.0
2008-07-15 16:00:00,21717.0
2008-07-15 17:00:00,21534.0
2008-07-15 18:00:00,20960.0
2008-07-15 19:00:00,20235.0
2008-07-15 20:00:00,19915.0
2008-07-15 21:00:00,19322.0
2008-07-15 22:00:00,17458.0
2008-07-15 23:00:00,15501.0
2008-07-16 00:00:00,14033.0
2008-07-16 01:00:00,13134.0
2008-07-16 02:00:00,12553.0
2008-07-16 03:00:00,12232.0
2008-07-16 04:00:00,12333.0
2008-07-16 05:00:00,12835.0
2008-07-16 06:00:00,14351.0
2008-07-16 07:00:00,16320.0
2008-07-16 08:00:00,17766.0
2008-07-16 09:00:00,18920.0
2008-07-16 10:00:00,19952.0
2008-07-16 11:00:00,20677.0
2008-07-16 12:00:00,21166.0
2008-07-16 13:00:00,21725.0
2008-07-16 14:00:00,22112.0
2008-07-16 15:00:00,22358.0
2008-07-16 16:00:00,22488.0
2008-07-16 17:00:00,22292.0
2008-07-16 18:00:00,21665.0
2008-07-16 19:00:00,20881.0
2008-07-16 20:00:00,20589.0
2008-07-16 21:00:00,19925.0
2008-07-16 22:00:00,18013.0
2008-07-16 23:00:00,16044.0
2008-07-17 00:00:00,14579.0
2008-07-17 01:00:00,13676.0
2008-07-17 02:00:00,13106.0
2008-07-17 03:00:00,12896.0
2008-07-17 04:00:00,13001.0
2008-07-17 05:00:00,13553.0
2008-07-17 06:00:00,15119.0
2008-07-17 07:00:00,17204.0
2008-07-17 08:00:00,18774.0
2008-07-17 09:00:00,20071.0
2008-07-17 10:00:00,21225.0
2008-07-17 11:00:00,22009.0
2008-07-17 12:00:00,22459.0
2008-07-17 13:00:00,22968.0
2008-07-17 14:00:00,23225.0
2008-07-17 15:00:00,23365.0
2008-07-17 16:00:00,23324.0
2008-07-17 17:00:00,22989.0
2008-07-17 18:00:00,22363.0
2008-07-17 19:00:00,21565.0
2008-07-17 20:00:00,21295.0
2008-07-17 21:00:00,20647.0
2008-07-17 22:00:00,18719.0
2008-07-17 23:00:00,16715.0
2008-07-18 00:00:00,15200.0
2008-07-18 01:00:00,14254.0
2008-07-18 02:00:00,13663.0
2008-07-18 03:00:00,13357.0
2008-07-18 04:00:00,13430.0
2008-07-18 05:00:00,13970.0
2008-07-18 06:00:00,15433.0
2008-07-18 07:00:00,17384.0
2008-07-18 08:00:00,18989.0
2008-07-18 09:00:00,20391.0
2008-07-18 10:00:00,21745.0
2008-07-18 11:00:00,22716.0
2008-07-18 12:00:00,23341.0
2008-07-18 13:00:00,23842.0
2008-07-18 14:00:00,24045.0
2008-07-18 15:00:00,24163.0
2008-07-18 16:00:00,24134.0
2008-07-18 17:00:00,23732.0
2008-07-18 18:00:00,22891.0
2008-07-18 19:00:00,22027.0
2008-07-18 20:00:00,21593.0
2008-07-18 21:00:00,20477.0
2008-07-18 22:00:00,18599.0
2008-07-18 23:00:00,16806.0
2008-07-19 00:00:00,15358.0
2008-07-19 01:00:00,14399.0
2008-07-19 02:00:00,13779.0
2008-07-19 03:00:00,13441.0
2008-07-19 04:00:00,13276.0
2008-07-19 05:00:00,13327.0
2008-07-19 06:00:00,13935.0
2008-07-19 07:00:00,15333.0
2008-07-19 08:00:00,17145.0
2008-07-19 09:00:00,18835.0
2008-07-19 10:00:00,20141.0
2008-07-19 11:00:00,20963.0
2008-07-19 12:00:00,21459.0
2008-07-19 13:00:00,21850.0
2008-07-19 14:00:00,22026.0
2008-07-19 15:00:00,22008.0
2008-07-19 16:00:00,21900.0
2008-07-19 17:00:00,21695.0
2008-07-19 18:00:00,21133.0
2008-07-19 19:00:00,20427.0
2008-07-19 20:00:00,20187.0
2008-07-19 21:00:00,19671.0
2008-07-19 22:00:00,18305.0
2008-07-19 23:00:00,16732.0
2008-07-20 00:00:00,15404.0
2008-07-20 01:00:00,14524.0
2008-07-20 02:00:00,13952.0
2008-07-20 03:00:00,13561.0
2008-07-20 04:00:00,13363.0
2008-07-20 05:00:00,13291.0
2008-07-20 06:00:00,13598.0
2008-07-20 07:00:00,14584.0
2008-07-20 08:00:00,15992.0
2008-07-20 09:00:00,17428.0
2008-07-20 10:00:00,18667.0
2008-07-20 11:00:00,19663.0
2008-07-20 12:00:00,20367.0
2008-07-20 13:00:00,20759.0
2008-07-20 14:00:00,20875.0
2008-07-20 15:00:00,20690.0
2008-07-20 16:00:00,20663.0
2008-07-20 17:00:00,20662.0
2008-07-20 18:00:00,20403.0
2008-07-20 19:00:00,19942.0
2008-07-20 20:00:00,19934.0
2008-07-20 21:00:00,19359.0
2008-07-20 22:00:00,17814.0
2008-07-20 23:00:00,16235.0
2008-07-21 00:00:00,14980.0
2008-07-21 01:00:00,14243.0
2008-07-21 02:00:00,13833.0
2008-07-21 03:00:00,13665.0
2008-07-21 04:00:00,13905.0
2008-07-21 05:00:00,14668.0
2008-07-21 06:00:00,16221.0
2008-07-21 07:00:00,18184.0
2008-07-21 08:00:00,19641.0
2008-07-21 09:00:00,20722.0
2008-07-21 10:00:00,21666.0
2008-07-21 11:00:00,22370.0
2008-07-21 12:00:00,22796.0
2008-07-21 13:00:00,23051.0
2008-07-21 14:00:00,23102.0
2008-07-21 15:00:00,22894.0
2008-07-21 16:00:00,22679.0
2008-07-21 17:00:00,22373.0
2008-07-21 18:00:00,21684.0
2008-07-21 19:00:00,20957.0
2008-07-21 20:00:00,20750.0
2008-07-21 21:00:00,19983.0
2008-07-21 22:00:00,18058.0
2008-07-21 23:00:00,16140.0
2008-07-22 00:00:00,14742.0
2008-07-22 01:00:00,13859.0
2008-07-22 02:00:00,13333.0
2008-07-22 03:00:00,13053.0
2008-07-22 04:00:00,13171.0
2008-07-22 05:00:00,13853.0
2008-07-22 06:00:00,15363.0
2008-07-22 07:00:00,17082.0
2008-07-22 08:00:00,18169.0
2008-07-22 09:00:00,18861.0
2008-07-22 10:00:00,19499.0
2008-07-22 11:00:00,19980.0
2008-07-22 12:00:00,20344.0
2008-07-22 13:00:00,20787.0
2008-07-22 14:00:00,21028.0
2008-07-22 15:00:00,21124.0
2008-07-22 16:00:00,21098.0
2008-07-22 17:00:00,20709.0
2008-07-22 18:00:00,19986.0
2008-07-22 19:00:00,19493.0
2008-07-22 20:00:00,19427.0
2008-07-22 21:00:00,18557.0
2008-07-22 22:00:00,16853.0
2008-07-22 23:00:00,15156.0
2008-07-23 00:00:00,13939.0
2008-07-23 01:00:00,13208.0
2008-07-23 02:00:00,12784.0
2008-07-23 03:00:00,12574.0
2008-07-23 04:00:00,12763.0
2008-07-23 05:00:00,13512.0
2008-07-23 06:00:00,14984.0
2008-07-23 07:00:00,16668.0
2008-07-23 08:00:00,17699.0
2008-07-23 09:00:00,18347.0
2008-07-23 10:00:00,18849.0
2008-07-23 11:00:00,19077.0
2008-07-23 12:00:00,19118.0
2008-07-23 13:00:00,19153.0
2008-07-23 14:00:00,19044.0
2008-07-23 15:00:00,18901.0
2008-07-23 16:00:00,18735.0
2008-07-23 17:00:00,18696.0
2008-07-23 18:00:00,18413.0
2008-07-23 19:00:00,18178.0
2008-07-23 20:00:00,18220.0
2008-07-23 21:00:00,17445.0
2008-07-23 22:00:00,16025.0
2008-07-23 23:00:00,14549.0
2008-07-24 00:00:00,13440.0
2008-07-24 01:00:00,12825.0
2008-07-24 02:00:00,12520.0
2008-07-24 03:00:00,12403.0
2008-07-24 04:00:00,12586.0
2008-07-24 05:00:00,13340.0
2008-07-24 06:00:00,14900.0
2008-07-24 07:00:00,16786.0
2008-07-24 08:00:00,17895.0
2008-07-24 09:00:00,18948.0
2008-07-24 10:00:00,19762.0
2008-07-24 11:00:00,20120.0
2008-07-24 12:00:00,19977.0
2008-07-24 13:00:00,19803.0
2008-07-24 14:00:00,19651.0
2008-07-24 15:00:00,19509.0
2008-07-24 16:00:00,19411.0
2008-07-24 17:00:00,19269.0
2008-07-24 18:00:00,18899.0
2008-07-24 19:00:00,18482.0
2008-07-24 20:00:00,18384.0
2008-07-24 21:00:00,17691.0
2008-07-24 22:00:00,16175.0
2008-07-24 23:00:00,14649.0
2008-07-25 00:00:00,13424.0
2008-07-25 01:00:00,12698.0
2008-07-25 02:00:00,12265.0
2008-07-25 03:00:00,12041.0
2008-07-25 04:00:00,12165.0
2008-07-25 05:00:00,12798.0
2008-07-25 06:00:00,14146.0
2008-07-25 07:00:00,15947.0
2008-07-25 08:00:00,17342.0
2008-07-25 09:00:00,18406.0
2008-07-25 10:00:00,19237.0
2008-07-25 11:00:00,19802.0
2008-07-25 12:00:00,20098.0
2008-07-25 13:00:00,20383.0
2008-07-25 14:00:00,20543.0
2008-07-25 15:00:00,20596.0
2008-07-25 16:00:00,20619.0
2008-07-25 17:00:00,20320.0
2008-07-25 18:00:00,19618.0
2008-07-25 19:00:00,18843.0
2008-07-25 20:00:00,18673.0
2008-07-25 21:00:00,18114.0
2008-07-25 22:00:00,16614.0
2008-07-25 23:00:00,14933.0
2008-07-26 00:00:00,13569.0
2008-07-26 01:00:00,12692.0
2008-07-26 02:00:00,12093.0
2008-07-26 03:00:00,11729.0
2008-07-26 04:00:00,11619.0
2008-07-26 05:00:00,11664.0
2008-07-26 06:00:00,12182.0
2008-07-26 07:00:00,13500.0
2008-07-26 08:00:00,15116.0
2008-07-26 09:00:00,16509.0
2008-07-26 10:00:00,17570.0
2008-07-26 11:00:00,18244.0
2008-07-26 12:00:00,18526.0
2008-07-26 13:00:00,18635.0
2008-07-26 14:00:00,18746.0
2008-07-26 15:00:00,18882.0
2008-07-26 16:00:00,18942.0
2008-07-26 17:00:00,18832.0
2008-07-26 18:00:00,18379.0
2008-07-26 19:00:00,17787.0
2008-07-26 20:00:00,17815.0
2008-07-26 21:00:00,17356.0
2008-07-26 22:00:00,16053.0
2008-07-26 23:00:00,14652.0
2008-07-27 00:00:00,13504.0
2008-07-27 01:00:00,12741.0
2008-07-27 02:00:00,12264.0
2008-07-27 03:00:00,11943.0
2008-07-27 04:00:00,11769.0
2008-07-27 05:00:00,11746.0
2008-07-27 06:00:00,11919.0
2008-07-27 07:00:00,12607.0
2008-07-27 08:00:00,13833.0
2008-07-27 09:00:00,15010.0
2008-07-27 10:00:00,15978.0
2008-07-27 11:00:00,16700.0
2008-07-27 12:00:00,17161.0
2008-07-27 13:00:00,17326.0
2008-07-27 14:00:00,17262.0
2008-07-27 15:00:00,17058.0
2008-07-27 16:00:00,16890.0
2008-07-27 17:00:00,16859.0
2008-07-27 18:00:00,16552.0
2008-07-27 19:00:00,16253.0
2008-07-27 20:00:00,16254.0
2008-07-27 21:00:00,15639.0
2008-07-27 22:00:00,14491.0
2008-07-27 23:00:00,13237.0
2008-07-28 00:00:00,12271.0
2008-07-28 01:00:00,11723.0
2008-07-28 02:00:00,11425.0
2008-07-28 03:00:00,11365.0
2008-07-28 04:00:00,11613.0
2008-07-28 05:00:00,12402.0
2008-07-28 06:00:00,13799.0
2008-07-28 07:00:00,15584.0
2008-07-28 08:00:00,16850.0
2008-07-28 09:00:00,17856.0
2008-07-28 10:00:00,18790.0
2008-07-28 11:00:00,19574.0
2008-07-28 12:00:00,20111.0
2008-07-28 13:00:00,20649.0
2008-07-28 14:00:00,20889.0
2008-07-28 15:00:00,20971.0
2008-07-28 16:00:00,20990.0
2008-07-28 17:00:00,20817.0
2008-07-28 18:00:00,20283.0
2008-07-28 19:00:00,19645.0
2008-07-28 20:00:00,19700.0
2008-07-28 21:00:00,18983.0
2008-07-28 22:00:00,17115.0
2008-07-28 23:00:00,15298.0
2008-07-29 00:00:00,13980.0
2008-07-29 01:00:00,13211.0
2008-07-29 02:00:00,12733.0
2008-07-29 03:00:00,12487.0
2008-07-29 04:00:00,12601.0
2008-07-29 05:00:00,13250.0
2008-07-29 06:00:00,14696.0
2008-07-29 07:00:00,16619.0
2008-07-29 08:00:00,18091.0
2008-07-29 09:00:00,19213.0
2008-07-29 10:00:00,20172.0
2008-07-29 11:00:00,20817.0
2008-07-29 12:00:00,21183.0
2008-07-29 13:00:00,21575.0
2008-07-29 14:00:00,21787.0
2008-07-29 15:00:00,21858.0
2008-07-29 16:00:00,21913.0
2008-07-29 17:00:00,21614.0
2008-07-29 18:00:00,20971.0
2008-07-29 19:00:00,20287.0
2008-07-29 20:00:00,20197.0
2008-07-29 21:00:00,19453.0
2008-07-29 22:00:00,17543.0
2008-07-29 23:00:00,15661.0
2008-07-30 00:00:00,14240.0
2008-07-30 01:00:00,13346.0
2008-07-30 02:00:00,12794.0
2008-07-30 03:00:00,12497.0
2008-07-30 04:00:00,12594.0
2008-07-30 05:00:00,13209.0
2008-07-30 06:00:00,14581.0
2008-07-30 07:00:00,16411.0
2008-07-30 08:00:00,17833.0
2008-07-30 09:00:00,18890.0
2008-07-30 10:00:00,19832.0
2008-07-30 11:00:00,20500.0
2008-07-30 12:00:00,20968.0
2008-07-30 13:00:00,21485.0
2008-07-30 14:00:00,21798.0
2008-07-30 15:00:00,21897.0
2008-07-30 16:00:00,21786.0
2008-07-30 17:00:00,21365.0
2008-07-30 18:00:00,20679.0
2008-07-30 19:00:00,20180.0
2008-07-30 20:00:00,20302.0
2008-07-30 21:00:00,19519.0
2008-07-30 22:00:00,17760.0
2008-07-30 23:00:00,15976.0
2008-07-31 00:00:00,14682.0
2008-07-31 01:00:00,13861.0
2008-07-31 02:00:00,13339.0
2008-07-31 03:00:00,13094.0
2008-07-31 04:00:00,13240.0
2008-07-31 05:00:00,14011.0
2008-07-31 06:00:00,15493.0
2008-07-31 07:00:00,17267.0
2008-07-31 08:00:00,18509.0
2008-07-31 09:00:00,19589.0
2008-07-31 10:00:00,20634.0
2008-07-31 11:00:00,21480.0
2008-07-31 12:00:00,22061.0
2008-07-31 13:00:00,22644.0
2008-07-31 14:00:00,22917.0
2008-07-31 15:00:00,22934.0
2008-07-31 16:00:00,22766.0
2008-07-31 17:00:00,22386.0
2008-07-31 18:00:00,21716.0
2008-07-31 19:00:00,21042.0
2008-07-31 20:00:00,20887.0
2008-07-31 21:00:00,19979.0
2008-07-31 22:00:00,18076.0
2008-07-31 23:00:00,16153.0
2008-08-01 00:00:00,14767.0
2008-08-01 01:00:00,13887.0
2008-08-01 02:00:00,13339.0
2008-08-01 03:00:00,13025.0
2008-08-01 04:00:00,13111.0
2008-08-01 05:00:00,13762.0
2008-08-01 06:00:00,15104.0
2008-08-01 07:00:00,16931.0
2008-08-01 08:00:00,18344.0
2008-08-01 09:00:00,19438.0
2008-08-01 10:00:00,20372.0
2008-08-01 11:00:00,20948.0
2008-08-01 12:00:00,21260.0
2008-08-01 13:00:00,21608.0
2008-08-01 14:00:00,21819.0
2008-08-01 15:00:00,21879.0
2008-08-01 16:00:00,21835.0
2008-08-01 17:00:00,21521.0
2008-08-01 18:00:00,20803.0
2008-08-01 19:00:00,19983.0
2008-08-01 20:00:00,19880.0
2008-08-01 21:00:00,19112.0
2008-08-01 22:00:00,17536.0
2008-08-01 23:00:00,15804.0
2008-08-02 00:00:00,14427.0
2008-08-02 01:00:00,13505.0
2008-08-02 02:00:00,12933.0
2008-08-02 03:00:00,12559.0
2008-08-02 04:00:00,12424.0
2008-08-02 05:00:00,12519.0
2008-08-02 06:00:00,13000.0
2008-08-02 07:00:00,14237.0
2008-08-02 08:00:00,15751.0
2008-08-02 09:00:00,17063.0
2008-08-02 10:00:00,17983.0
2008-08-02 11:00:00,18483.0
2008-08-02 12:00:00,18546.0
2008-08-02 13:00:00,18223.0
2008-08-02 14:00:00,17720.0
2008-08-02 15:00:00,17336.0
2008-08-02 16:00:00,17123.0
2008-08-02 17:00:00,17098.0
2008-08-02 18:00:00,16861.0
2008-08-02 19:00:00,16698.0
2008-08-02 20:00:00,16873.0
2008-08-02 21:00:00,16385.0
2008-08-02 22:00:00,15251.0
2008-08-02 23:00:00,14009.0
2008-08-03 00:00:00,12945.0
2008-08-03 01:00:00,12224.0
2008-08-03 02:00:00,11750.0
2008-08-03 03:00:00,11457.0
2008-08-03 04:00:00,11355.0
2008-08-03 05:00:00,11388.0
2008-08-03 06:00:00,11614.0
2008-08-03 07:00:00,12495.0
2008-08-03 08:00:00,13773.0
2008-08-03 09:00:00,14970.0
2008-08-03 10:00:00,15883.0
2008-08-03 11:00:00,16527.0
2008-08-03 12:00:00,16854.0
2008-08-03 13:00:00,16978.0
2008-08-03 14:00:00,17005.0
2008-08-03 15:00:00,17044.0
2008-08-03 16:00:00,17102.0
2008-08-03 17:00:00,17249.0
2008-08-03 18:00:00,17043.0
2008-08-03 19:00:00,16727.0
2008-08-03 20:00:00,17000.0
2008-08-03 21:00:00,16479.0
2008-08-03 22:00:00,15133.0
2008-08-03 23:00:00,13716.0
2008-08-04 00:00:00,12668.0
2008-08-04 01:00:00,12027.0
2008-08-04 02:00:00,11652.0
2008-08-04 03:00:00,11525.0
2008-08-04 04:00:00,11724.0
2008-08-04 05:00:00,12486.0
2008-08-04 06:00:00,13876.0
2008-08-04 07:00:00,15743.0
2008-08-04 08:00:00,17119.0
2008-08-04 09:00:00,18148.0
2008-08-04 10:00:00,18936.0
2008-08-04 11:00:00,19421.0
2008-08-04 12:00:00,19697.0
2008-08-04 13:00:00,19965.0
2008-08-04 14:00:00,20068.0
2008-08-04 15:00:00,20064.0
2008-08-04 16:00:00,20122.0
2008-08-04 17:00:00,20020.0
2008-08-04 18:00:00,19526.0
2008-08-04 19:00:00,19004.0
2008-08-04 20:00:00,19186.0
2008-08-04 21:00:00,18360.0
2008-08-04 22:00:00,16586.0
2008-08-04 23:00:00,14852.0
2008-08-05 00:00:00,13558.0
2008-08-05 01:00:00,12772.0
2008-08-05 02:00:00,12337.0
2008-08-05 03:00:00,12163.0
2008-08-05 04:00:00,12341.0
2008-08-05 05:00:00,13076.0
2008-08-05 06:00:00,14404.0
2008-08-05 07:00:00,16093.0
2008-08-05 08:00:00,17261.0
2008-08-05 09:00:00,18080.0
2008-08-05 10:00:00,18698.0
2008-08-05 11:00:00,18987.0
2008-08-05 12:00:00,19128.0
2008-08-05 13:00:00,19403.0
2008-08-05 14:00:00,19492.0
2008-08-05 15:00:00,19447.0
2008-08-05 16:00:00,19471.0
2008-08-05 17:00:00,19262.0
2008-08-05 18:00:00,18637.0
2008-08-05 19:00:00,18177.0
2008-08-05 20:00:00,18362.0
2008-08-05 21:00:00,17513.0
2008-08-05 22:00:00,15917.0
2008-08-05 23:00:00,14319.0
2008-08-06 00:00:00,13156.0
2008-08-06 01:00:00,12476.0
2008-08-06 02:00:00,12098.0
2008-08-06 03:00:00,11940.0
2008-08-06 04:00:00,12128.0
2008-08-06 05:00:00,12925.0
2008-08-06 06:00:00,14336.0
2008-08-06 07:00:00,15848.0
2008-08-06 08:00:00,16868.0
2008-08-06 09:00:00,17531.0
2008-08-06 10:00:00,18018.0
2008-08-06 11:00:00,18267.0
2008-08-06 12:00:00,18376.0
2008-08-06 13:00:00,18475.0
2008-08-06 14:00:00,18456.0
2008-08-06 15:00:00,18334.0
2008-08-06 16:00:00,18322.0
2008-08-06 17:00:00,18201.0
2008-08-06 18:00:00,17792.0
2008-08-06 19:00:00,17482.0
2008-08-06 20:00:00,17468.0
2008-08-06 21:00:00,16628.0
2008-08-06 22:00:00,15123.0
2008-08-06 23:00:00,13615.0
2008-08-07 00:00:00,12536.0
2008-08-07 01:00:00,11907.0
2008-08-07 02:00:00,11541.0
2008-08-07 03:00:00,11387.0
2008-08-07 04:00:00,11611.0
2008-08-07 05:00:00,12435.0
2008-08-07 06:00:00,13807.0
2008-08-07 07:00:00,15449.0
2008-08-07 08:00:00,16588.0
2008-08-07 09:00:00,17372.0
2008-08-07 10:00:00,18023.0
2008-08-07 11:00:00,18484.0
2008-08-07 12:00:00,18697.0
2008-08-07 13:00:00,18815.0
2008-08-07 14:00:00,18608.0
2008-08-07 15:00:00,18293.0
2008-08-07 16:00:00,18137.0
2008-08-07 17:00:00,17942.0
2008-08-07 18:00:00,17465.0
2008-08-07 19:00:00,17240.0
2008-08-07 20:00:00,17312.0
2008-08-07 21:00:00,16421.0
2008-08-07 22:00:00,14946.0
2008-08-07 23:00:00,13495.0
2008-08-08 00:00:00,12423.0
2008-08-08 01:00:00,11766.0
2008-08-08 02:00:00,11397.0
2008-08-08 03:00:00,11253.0
2008-08-08 04:00:00,11440.0
2008-08-08 05:00:00,12166.0
2008-08-08 06:00:00,13412.0
2008-08-08 07:00:00,15000.0
2008-08-08 08:00:00,16199.0
2008-08-08 09:00:00,17058.0
2008-08-08 10:00:00,17745.0
2008-08-08 11:00:00,18150.0
2008-08-08 12:00:00,18312.0
2008-08-08 13:00:00,18478.0
2008-08-08 14:00:00,18451.0
2008-08-08 15:00:00,18245.0
2008-08-08 16:00:00,17834.0
2008-08-08 17:00:00,17343.0
2008-08-08 18:00:00,16923.0
2008-08-08 19:00:00,16580.0
2008-08-08 20:00:00,16514.0
2008-08-08 21:00:00,15714.0
2008-08-08 22:00:00,14485.0
2008-08-08 23:00:00,13142.0
2008-08-09 00:00:00,12072.0
2008-08-09 01:00:00,11370.0
2008-08-09 02:00:00,10954.0
2008-08-09 03:00:00,10730.0
2008-08-09 04:00:00,10693.0
2008-08-09 05:00:00,10913.0
2008-08-09 06:00:00,11343.0
2008-08-09 07:00:00,12423.0
2008-08-09 08:00:00,13773.0
2008-08-09 09:00:00,14795.0
2008-08-09 10:00:00,15450.0
2008-08-09 11:00:00,15748.0
2008-08-09 12:00:00,15836.0
2008-08-09 13:00:00,15839.0
2008-08-09 14:00:00,15848.0
2008-08-09 15:00:00,15922.0
2008-08-09 16:00:00,16056.0
2008-08-09 17:00:00,16098.0
2008-08-09 18:00:00,15878.0
2008-08-09 19:00:00,15621.0
2008-08-09 20:00:00,15977.0
2008-08-09 21:00:00,15465.0
2008-08-09 22:00:00,14336.0
2008-08-09 23:00:00,13124.0
2008-08-10 00:00:00,12063.0
2008-08-10 01:00:00,11355.0
2008-08-10 02:00:00,10916.0
2008-08-10 03:00:00,10644.0
2008-08-10 04:00:00,10590.0
2008-08-10 05:00:00,10589.0
2008-08-10 06:00:00,10744.0
2008-08-10 07:00:00,11620.0
2008-08-10 08:00:00,12932.0
2008-08-10 09:00:00,14129.0
2008-08-10 10:00:00,15066.0
2008-08-10 11:00:00,15726.0
2008-08-10 12:00:00,16091.0
2008-08-10 13:00:00,16203.0
2008-08-10 14:00:00,16197.0
2008-08-10 15:00:00,16126.0
2008-08-10 16:00:00,16141.0
2008-08-10 17:00:00,16127.0
2008-08-10 18:00:00,15959.0
2008-08-10 19:00:00,15876.0
2008-08-10 20:00:00,16081.0
2008-08-10 21:00:00,15357.0
2008-08-10 22:00:00,14152.0
2008-08-10 23:00:00,12923.0
2008-08-11 00:00:00,11942.0
2008-08-11 01:00:00,11378.0
2008-08-11 02:00:00,11093.0
2008-08-11 03:00:00,10982.0
2008-08-11 04:00:00,11268.0
2008-08-11 05:00:00,12154.0
2008-08-11 06:00:00,13513.0
2008-08-11 07:00:00,15029.0
2008-08-11 08:00:00,16174.0
2008-08-11 09:00:00,16939.0
2008-08-11 10:00:00,17495.0
2008-08-11 11:00:00,17717.0
2008-08-11 12:00:00,17722.0
2008-08-11 13:00:00,17663.0
2008-08-11 14:00:00,17478.0
2008-08-11 15:00:00,17242.0
2008-08-11 16:00:00,17196.0
2008-08-11 17:00:00,17159.0
2008-08-11 18:00:00,16921.0
2008-08-11 19:00:00,16713.0
2008-08-11 20:00:00,16848.0
2008-08-11 21:00:00,15924.0
2008-08-11 22:00:00,14452.0
2008-08-11 23:00:00,13058.0
2008-08-12 00:00:00,12020.0
2008-08-12 01:00:00,11378.0
2008-08-12 02:00:00,11045.0
2008-08-12 03:00:00,10924.0
2008-08-12 04:00:00,11127.0
2008-08-12 05:00:00,11923.0
2008-08-12 06:00:00,13268.0
2008-08-12 07:00:00,14761.0
2008-08-12 08:00:00,15785.0
2008-08-12 09:00:00,16509.0
2008-08-12 10:00:00,17101.0
2008-08-12 11:00:00,17425.0
2008-08-12 12:00:00,17579.0
2008-08-12 13:00:00,17774.0
2008-08-12 14:00:00,17827.0
2008-08-12 15:00:00,17744.0
2008-08-12 16:00:00,17736.0
2008-08-12 17:00:00,17629.0
2008-08-12 18:00:00,17225.0
2008-08-12 19:00:00,16971.0
2008-08-12 20:00:00,17220.0
2008-08-12 21:00:00,16337.0
2008-08-12 22:00:00,14760.0
2008-08-12 23:00:00,13281.0
2008-08-13 00:00:00,12165.0
2008-08-13 01:00:00,11443.0
2008-08-13 02:00:00,11037.0
2008-08-13 03:00:00,10892.0
2008-08-13 04:00:00,11050.0
2008-08-13 05:00:00,11816.0
2008-08-13 06:00:00,13027.0
2008-08-13 07:00:00,14667.0
2008-08-13 08:00:00,15943.0
2008-08-13 09:00:00,16862.0
2008-08-13 10:00:00,17526.0
2008-08-13 11:00:00,17946.0
2008-08-13 12:00:00,18162.0
2008-08-13 13:00:00,18437.0
2008-08-13 14:00:00,18596.0
2008-08-13 15:00:00,18633.0
2008-08-13 16:00:00,18623.0
2008-08-13 17:00:00,18414.0
2008-08-13 18:00:00,17872.0
2008-08-13 19:00:00,17555.0
2008-08-13 20:00:00,17950.0
2008-08-13 21:00:00,17077.0
2008-08-13 22:00:00,15455.0
2008-08-13 23:00:00,13875.0
2008-08-14 00:00:00,12714.0
2008-08-14 01:00:00,12010.0
2008-08-14 02:00:00,11575.0
2008-08-14 03:00:00,11387.0
2008-08-14 04:00:00,11551.0
2008-08-14 05:00:00,12347.0
2008-08-14 06:00:00,13701.0
2008-08-14 07:00:00,15241.0
2008-08-14 08:00:00,16331.0
2008-08-14 09:00:00,17150.0
2008-08-14 10:00:00,17968.0
2008-08-14 11:00:00,18580.0
2008-08-14 12:00:00,18951.0
2008-08-14 13:00:00,19226.0
2008-08-14 14:00:00,19194.0
2008-08-14 15:00:00,18940.0
2008-08-14 16:00:00,18702.0
2008-08-14 17:00:00,18447.0
2008-08-14 18:00:00,17957.0
2008-08-14 19:00:00,17661.0
2008-08-14 20:00:00,17961.0
2008-08-14 21:00:00,17054.0
2008-08-14 22:00:00,15487.0
2008-08-14 23:00:00,13937.0
2008-08-15 00:00:00,12796.0
2008-08-15 01:00:00,12065.0
2008-08-15 02:00:00,11609.0
2008-08-15 03:00:00,11419.0
2008-08-15 04:00:00,11585.0
2008-08-15 05:00:00,12272.0
2008-08-15 06:00:00,13534.0
2008-08-15 07:00:00,15049.0
2008-08-15 08:00:00,16262.0
2008-08-15 09:00:00,17182.0
2008-08-15 10:00:00,17972.0
2008-08-15 11:00:00,18499.0
2008-08-15 12:00:00,18752.0
2008-08-15 13:00:00,18989.0
2008-08-15 14:00:00,18996.0
2008-08-15 15:00:00,18738.0
2008-08-15 16:00:00,18379.0
2008-08-15 17:00:00,17974.0
2008-08-15 18:00:00,17491.0
2008-08-15 19:00:00,17258.0
2008-08-15 20:00:00,17200.0
2008-08-15 21:00:00,16375.0
2008-08-15 22:00:00,15058.0
2008-08-15 23:00:00,13651.0
2008-08-16 00:00:00,12523.0
2008-08-16 01:00:00,11817.0
2008-08-16 02:00:00,11378.0
2008-08-16 03:00:00,11176.0
2008-08-16 04:00:00,11158.0
2008-08-16 05:00:00,11363.0
2008-08-16 06:00:00,11775.0
2008-08-16 07:00:00,12803.0
2008-08-16 08:00:00,14167.0
2008-08-16 09:00:00,15292.0
2008-08-16 10:00:00,16024.0
2008-08-16 11:00:00,16439.0
2008-08-16 12:00:00,16623.0
2008-08-16 13:00:00,16590.0
2008-08-16 14:00:00,16546.0
2008-08-16 15:00:00,16383.0
2008-08-16 16:00:00,16213.0
2008-08-16 17:00:00,16066.0
2008-08-16 18:00:00,15737.0
2008-08-16 19:00:00,15452.0
2008-08-16 20:00:00,15724.0
2008-08-16 21:00:00,15095.0
2008-08-16 22:00:00,14018.0
2008-08-16 23:00:00,12872.0
2008-08-17 00:00:00,11837.0
2008-08-17 01:00:00,11143.0
2008-08-17 02:00:00,10709.0
2008-08-17 03:00:00,10446.0
2008-08-17 04:00:00,10387.0
2008-08-17 05:00:00,10455.0
2008-08-17 06:00:00,10623.0
2008-08-17 07:00:00,11572.0
2008-08-17 08:00:00,12907.0
2008-08-17 09:00:00,14016.0
2008-08-17 10:00:00,14784.0
2008-08-17 11:00:00,15348.0
2008-08-17 12:00:00,15678.0
2008-08-17 13:00:00,15849.0
2008-08-17 14:00:00,16024.0
2008-08-17 15:00:00,16260.0
2008-08-17 16:00:00,16579.0
2008-08-17 17:00:00,16819.0
2008-08-17 18:00:00,16715.0
2008-08-17 19:00:00,16612.0
2008-08-17 20:00:00,17120.0
2008-08-17 21:00:00,16424.0
2008-08-17 22:00:00,15084.0
2008-08-17 23:00:00,13691.0
2008-08-18 00:00:00,12638.0
2008-08-18 01:00:00,11972.0
2008-08-18 02:00:00,11573.0
2008-08-18 03:00:00,11386.0
2008-08-18 04:00:00,11616.0
2008-08-18 05:00:00,12411.0
2008-08-18 06:00:00,13698.0
2008-08-18 07:00:00,15493.0
2008-08-18 08:00:00,17076.0
2008-08-18 09:00:00,18320.0
2008-08-18 10:00:00,19362.0
2008-08-18 11:00:00,20117.0
2008-08-18 12:00:00,20579.0
2008-08-18 13:00:00,20947.0
2008-08-18 14:00:00,21151.0
2008-08-18 15:00:00,21213.0
2008-08-18 16:00:00,21256.0
2008-08-18 17:00:00,21025.0
2008-08-18 18:00:00,20400.0
2008-08-18 19:00:00,20023.0
2008-08-18 20:00:00,20150.0
2008-08-18 21:00:00,18957.0
2008-08-18 22:00:00,17091.0
2008-08-18 23:00:00,15327.0
2008-08-19 00:00:00,14021.0
2008-08-19 01:00:00,13216.0
2008-08-19 02:00:00,12755.0
2008-08-19 03:00:00,12517.0
2008-08-19 04:00:00,12646.0
2008-08-19 05:00:00,13394.0
2008-08-19 06:00:00,14679.0
2008-08-19 07:00:00,16414.0
2008-08-19 08:00:00,17774.0
2008-08-19 09:00:00,18724.0
2008-08-19 10:00:00,19271.0
2008-08-19 11:00:00,19412.0
2008-08-19 12:00:00,19301.0
2008-08-19 13:00:00,19349.0
2008-08-19 14:00:00,19187.0
2008-08-19 15:00:00,18874.0
2008-08-19 16:00:00,18595.0
2008-08-19 17:00:00,18147.0
2008-08-19 18:00:00,17369.0
2008-08-19 19:00:00,16870.0
2008-08-19 20:00:00,17003.0
2008-08-19 21:00:00,15933.0
2008-08-19 22:00:00,14292.0
2008-08-19 23:00:00,12761.0
2008-08-20 00:00:00,11662.0
2008-08-20 01:00:00,11018.0
2008-08-20 02:00:00,10642.0
2008-08-20 03:00:00,10489.0
2008-08-20 04:00:00,10679.0
2008-08-20 05:00:00,11424.0
2008-08-20 06:00:00,12631.0
2008-08-20 07:00:00,14151.0
2008-08-20 08:00:00,15219.0
2008-08-20 09:00:00,15928.0
2008-08-20 10:00:00,16438.0
2008-08-20 11:00:00,16712.0
2008-08-20 12:00:00,16823.0
2008-08-20 13:00:00,16811.0
2008-08-20 14:00:00,16811.0
2008-08-20 15:00:00,16776.0
2008-08-20 16:00:00,16790.0
2008-08-20 17:00:00,16614.0
2008-08-20 18:00:00,16191.0
2008-08-20 19:00:00,16121.0
2008-08-20 20:00:00,16462.0
2008-08-20 21:00:00,15491.0
2008-08-20 22:00:00,13954.0
2008-08-20 23:00:00,12517.0
2008-08-21 00:00:00,11506.0
2008-08-21 01:00:00,10885.0
2008-08-21 02:00:00,10533.0
2008-08-21 03:00:00,10432.0
2008-08-21 04:00:00,10624.0
2008-08-21 05:00:00,11395.0
2008-08-21 06:00:00,12642.0
2008-08-21 07:00:00,14220.0
2008-08-21 08:00:00,15414.0
2008-08-21 09:00:00,16282.0
2008-08-21 10:00:00,16932.0
2008-08-21 11:00:00,17334.0
2008-08-21 12:00:00,17532.0
2008-08-21 13:00:00,17644.0
2008-08-21 14:00:00,17691.0
2008-08-21 15:00:00,17795.0
2008-08-21 16:00:00,17996.0
2008-08-21 17:00:00,17843.0
2008-08-21 18:00:00,17360.0
2008-08-21 19:00:00,17123.0
2008-08-21 20:00:00,17381.0
2008-08-21 21:00:00,16394.0
2008-08-21 22:00:00,14808.0
2008-08-21 23:00:00,13315.0
2008-08-22 00:00:00,12185.0
2008-08-22 01:00:00,11511.0
2008-08-22 02:00:00,11102.0
2008-08-22 03:00:00,10948.0
2008-08-22 04:00:00,11104.0
2008-08-22 05:00:00,11851.0
2008-08-22 06:00:00,13039.0
2008-08-22 07:00:00,14676.0
2008-08-22 08:00:00,16077.0
2008-08-22 09:00:00,17110.0
2008-08-22 10:00:00,17938.0
2008-08-22 11:00:00,18478.0
2008-08-22 12:00:00,18773.0
2008-08-22 13:00:00,18934.0
2008-08-22 14:00:00,18868.0
2008-08-22 15:00:00,18823.0
2008-08-22 16:00:00,18890.0
2008-08-22 17:00:00,18675.0
2008-08-22 18:00:00,17969.0
2008-08-22 19:00:00,17524.0
2008-08-22 20:00:00,17635.0
2008-08-22 21:00:00,16631.0
2008-08-22 22:00:00,15148.0
2008-08-22 23:00:00,13641.0
2008-08-23 00:00:00,12480.0
2008-08-23 01:00:00,11723.0
2008-08-23 02:00:00,11254.0
2008-08-23 03:00:00,10988.0
2008-08-23 04:00:00,10921.0
2008-08-23 05:00:00,11147.0
2008-08-23 06:00:00,11502.0
2008-08-23 07:00:00,12642.0
2008-08-23 08:00:00,14095.0
2008-08-23 09:00:00,15248.0
2008-08-23 10:00:00,15989.0
2008-08-23 11:00:00,16363.0
2008-08-23 12:00:00,16576.0
2008-08-23 13:00:00,16640.0
2008-08-23 14:00:00,16689.0
2008-08-23 15:00:00,16717.0
2008-08-23 16:00:00,16790.0
2008-08-23 17:00:00,16675.0
2008-08-23 18:00:00,16296.0
2008-08-23 19:00:00,16105.0
2008-08-23 20:00:00,16316.0
2008-08-23 21:00:00,15554.0
2008-08-23 22:00:00,14361.0
2008-08-23 23:00:00,13113.0
2008-08-24 00:00:00,12076.0
2008-08-24 01:00:00,11393.0
2008-08-24 02:00:00,10980.0
2008-08-24 03:00:00,10724.0
2008-08-24 04:00:00,10631.0
2008-08-24 05:00:00,10693.0
2008-08-24 06:00:00,10876.0
2008-08-24 07:00:00,11716.0
2008-08-24 08:00:00,13030.0
2008-08-24 09:00:00,14143.0
2008-08-24 10:00:00,14922.0
2008-08-24 11:00:00,15515.0
2008-08-24 12:00:00,15920.0
2008-08-24 13:00:00,16150.0
2008-08-24 14:00:00,16302.0
2008-08-24 15:00:00,16476.0
2008-08-24 16:00:00,16724.0
2008-08-24 17:00:00,16878.0
2008-08-24 18:00:00,16690.0
2008-08-24 19:00:00,16692.0
2008-08-24 20:00:00,16991.0
2008-08-24 21:00:00,16085.0
2008-08-24 22:00:00,14721.0
2008-08-24 23:00:00,13369.0
2008-08-25 00:00:00,12381.0
2008-08-25 01:00:00,11793.0
2008-08-25 02:00:00,11477.0
2008-08-25 03:00:00,11405.0
2008-08-25 04:00:00,11694.0
2008-08-25 05:00:00,12690.0
2008-08-25 06:00:00,14186.0
2008-08-25 07:00:00,15854.0
2008-08-25 08:00:00,17124.0
2008-08-25 09:00:00,17989.0
2008-08-25 10:00:00,18690.0
2008-08-25 11:00:00,19281.0
2008-08-25 12:00:00,19696.0
2008-08-25 13:00:00,20024.0
2008-08-25 14:00:00,20078.0
2008-08-25 15:00:00,19954.0
2008-08-25 16:00:00,19850.0
2008-08-25 17:00:00,19549.0
2008-08-25 18:00:00,18927.0
2008-08-25 19:00:00,18710.0
2008-08-25 20:00:00,18553.0
2008-08-25 21:00:00,17105.0
2008-08-25 22:00:00,15195.0
2008-08-25 23:00:00,13479.0
2008-08-26 00:00:00,12204.0
2008-08-26 01:00:00,11483.0
2008-08-26 02:00:00,11065.0
2008-08-26 03:00:00,10861.0
2008-08-26 04:00:00,10969.0
2008-08-26 05:00:00,11745.0
2008-08-26 06:00:00,13074.0
2008-08-26 07:00:00,14548.0
2008-08-26 08:00:00,15536.0
2008-08-26 09:00:00,16215.0
2008-08-26 10:00:00,16745.0
2008-08-26 11:00:00,17007.0
2008-08-26 12:00:00,17125.0
2008-08-26 13:00:00,17333.0
2008-08-26 14:00:00,17381.0
2008-08-26 15:00:00,17356.0
2008-08-26 16:00:00,17305.0
2008-08-26 17:00:00,17166.0
2008-08-26 18:00:00,16704.0
2008-08-26 19:00:00,16646.0
2008-08-26 20:00:00,16834.0
2008-08-26 21:00:00,15713.0
2008-08-26 22:00:00,14055.0
2008-08-26 23:00:00,12510.0
2008-08-27 00:00:00,11438.0
2008-08-27 01:00:00,10861.0
2008-08-27 02:00:00,10522.0
2008-08-27 03:00:00,10393.0
2008-08-27 04:00:00,10624.0
2008-08-27 05:00:00,11477.0
2008-08-27 06:00:00,12897.0
2008-08-27 07:00:00,14326.0
2008-08-27 08:00:00,15304.0
2008-08-27 09:00:00,16111.0
2008-08-27 10:00:00,16726.0
2008-08-27 11:00:00,17084.0
2008-08-27 12:00:00,17269.0
2008-08-27 13:00:00,17517.0
2008-08-27 14:00:00,17609.0
2008-08-27 15:00:00,17630.0
2008-08-27 16:00:00,17662.0
2008-08-27 17:00:00,17468.0
2008-08-27 18:00:00,17032.0
2008-08-27 19:00:00,17093.0
2008-08-27 20:00:00,17212.0
2008-08-27 21:00:00,16026.0
2008-08-27 22:00:00,14368.0
2008-08-27 23:00:00,12820.0
2008-08-28 00:00:00,11774.0
2008-08-28 01:00:00,11146.0
2008-08-28 02:00:00,10812.0
2008-08-28 03:00:00,10687.0
2008-08-28 04:00:00,10889.0
2008-08-28 05:00:00,11799.0
2008-08-28 06:00:00,13301.0
2008-08-28 07:00:00,14790.0
2008-08-28 08:00:00,15867.0
2008-08-28 09:00:00,16698.0
2008-08-28 10:00:00,17344.0
2008-08-28 11:00:00,17716.0
2008-08-28 12:00:00,17890.0
2008-08-28 13:00:00,18179.0
2008-08-28 14:00:00,18231.0
2008-08-28 15:00:00,18236.0
2008-08-28 16:00:00,18027.0
2008-08-28 17:00:00,17648.0
2008-08-28 18:00:00,17086.0
2008-08-28 19:00:00,17133.0
2008-08-28 20:00:00,17206.0
2008-08-28 21:00:00,16106.0
2008-08-28 22:00:00,14462.0
2008-08-28 23:00:00,13031.0
2008-08-29 00:00:00,11920.0
2008-08-29 01:00:00,11255.0
2008-08-29 02:00:00,10867.0
2008-08-29 03:00:00,10727.0
2008-08-29 04:00:00,10901.0
2008-08-29 05:00:00,11702.0
2008-08-29 06:00:00,13097.0
2008-08-29 07:00:00,14548.0
2008-08-29 08:00:00,15692.0
2008-08-29 09:00:00,16525.0
2008-08-29 10:00:00,17131.0
2008-08-29 11:00:00,17473.0
2008-08-29 12:00:00,17613.0
2008-08-29 13:00:00,17808.0
2008-08-29 14:00:00,17798.0
2008-08-29 15:00:00,17613.0
2008-08-29 16:00:00,17404.0
2008-08-29 17:00:00,17128.0
2008-08-29 18:00:00,16705.0
2008-08-29 19:00:00,16812.0
2008-08-29 20:00:00,16821.0
2008-08-29 21:00:00,15957.0
2008-08-29 22:00:00,14647.0
2008-08-29 23:00:00,13302.0
2008-08-30 00:00:00,12338.0
2008-08-30 01:00:00,11700.0
2008-08-30 02:00:00,11286.0
2008-08-30 03:00:00,11059.0
2008-08-30 04:00:00,11053.0
2008-08-30 05:00:00,11334.0
2008-08-30 06:00:00,11798.0
2008-08-30 07:00:00,12673.0
2008-08-30 08:00:00,13917.0
2008-08-30 09:00:00,14930.0
2008-08-30 10:00:00,15579.0
2008-08-30 11:00:00,15939.0
2008-08-30 12:00:00,16104.0
2008-08-30 13:00:00,16071.0
2008-08-30 14:00:00,16041.0
2008-08-30 15:00:00,16112.0
2008-08-30 16:00:00,16217.0
2008-08-30 17:00:00,16301.0
2008-08-30 18:00:00,16214.0
2008-08-30 19:00:00,16485.0
2008-08-30 20:00:00,16613.0
2008-08-30 21:00:00,15882.0
2008-08-30 22:00:00,14694.0
2008-08-30 23:00:00,13451.0
2008-08-31 00:00:00,12409.0
2008-08-31 01:00:00,11642.0
2008-08-31 02:00:00,11180.0
2008-08-31 03:00:00,10852.0
2008-08-31 04:00:00,10705.0
2008-08-31 05:00:00,10769.0
2008-08-31 06:00:00,10872.0
2008-08-31 07:00:00,11705.0
2008-08-31 08:00:00,13038.0
2008-08-31 09:00:00,14097.0
2008-08-31 10:00:00,14772.0
2008-08-31 11:00:00,15176.0
2008-08-31 12:00:00,15334.0
2008-08-31 13:00:00,15335.0
2008-08-31 14:00:00,15304.0
2008-08-31 15:00:00,15325.0
2008-08-31 16:00:00,15416.0
2008-08-31 17:00:00,15441.0
2008-08-31 18:00:00,15140.0
2008-08-31 19:00:00,15148.0
2008-08-31 20:00:00,15265.0
2008-08-31 21:00:00,14486.0
2008-08-31 22:00:00,13423.0
2008-08-31 23:00:00,12283.0
2008-09-01 00:00:00,11329.0
2008-09-01 01:00:00,10735.0
2008-09-01 02:00:00,10367.0
2008-09-01 03:00:00,10178.0
2008-09-01 04:00:00,10183.0
2008-09-01 05:00:00,10424.0
2008-09-01 06:00:00,10655.0
2008-09-01 07:00:00,11534.0
2008-09-01 08:00:00,12852.0
2008-09-01 09:00:00,14018.0
2008-09-01 10:00:00,14821.0
2008-09-01 11:00:00,15236.0
2008-09-01 12:00:00,15418.0
2008-09-01 13:00:00,15476.0
2008-09-01 14:00:00,15579.0
2008-09-01 15:00:00,15731.0
2008-09-01 16:00:00,16021.0
2008-09-01 17:00:00,16254.0
2008-09-01 18:00:00,16098.0
2008-09-01 19:00:00,16416.0
2008-09-01 20:00:00,16577.0
2008-09-01 21:00:00,15439.0
2008-09-01 22:00:00,13821.0
2008-09-01 23:00:00,12382.0
2008-09-02 00:00:00,11410.0
2008-09-02 01:00:00,10866.0
2008-09-02 02:00:00,10577.0
2008-09-02 03:00:00,10503.0
2008-09-02 04:00:00,10733.0
2008-09-02 05:00:00,11728.0
2008-09-02 06:00:00,13464.0
2008-09-02 07:00:00,14993.0
2008-09-02 08:00:00,15989.0
2008-09-02 09:00:00,16835.0
2008-09-02 10:00:00,17555.0
2008-09-02 11:00:00,18043.0
2008-09-02 12:00:00,18322.0
2008-09-02 13:00:00,18633.0
2008-09-02 14:00:00,18843.0
2008-09-02 15:00:00,18802.0
2008-09-02 16:00:00,18697.0
2008-09-02 17:00:00,18389.0
2008-09-02 18:00:00,17953.0
2008-09-02 19:00:00,18220.0
2008-09-02 20:00:00,18091.0
2008-09-02 21:00:00,16736.0
2008-09-02 22:00:00,14943.0
2008-09-02 23:00:00,13308.0
2008-09-03 00:00:00,12202.0
2008-09-03 01:00:00,11558.0
2008-09-03 02:00:00,11206.0
2008-09-03 03:00:00,11060.0
2008-09-03 04:00:00,11256.0
2008-09-03 05:00:00,12219.0
2008-09-03 06:00:00,13912.0
2008-09-03 07:00:00,15339.0
2008-09-03 08:00:00,16280.0
2008-09-03 09:00:00,17052.0
2008-09-03 10:00:00,17707.0
2008-09-03 11:00:00,18119.0
2008-09-03 12:00:00,18388.0
2008-09-03 13:00:00,18704.0
2008-09-03 14:00:00,18852.0
2008-09-03 15:00:00,18874.0
2008-09-03 16:00:00,18835.0
2008-09-03 17:00:00,18558.0
2008-09-03 18:00:00,18092.0
2008-09-03 19:00:00,18285.0
2008-09-03 20:00:00,18160.0
2008-09-03 21:00:00,16806.0
2008-09-03 22:00:00,15054.0
2008-09-03 23:00:00,13530.0
2008-09-04 00:00:00,12396.0
2008-09-04 01:00:00,11769.0
2008-09-04 02:00:00,11426.0
2008-09-04 03:00:00,11312.0
2008-09-04 04:00:00,11549.0
2008-09-04 05:00:00,12544.0
2008-09-04 06:00:00,14389.0
2008-09-04 07:00:00,15888.0
2008-09-04 08:00:00,16886.0
2008-09-04 09:00:00,17831.0
2008-09-04 10:00:00,18748.0
2008-09-04 11:00:00,19460.0
2008-09-04 12:00:00,19952.0
2008-09-04 13:00:00,20502.0
2008-09-04 14:00:00,20861.0
2008-09-04 15:00:00,21156.0
2008-09-04 16:00:00,21300.0
2008-09-04 17:00:00,21113.0
2008-09-04 18:00:00,20625.0
2008-09-04 19:00:00,20833.0
2008-09-04 20:00:00,20693.0
2008-09-04 21:00:00,19260.0
2008-09-04 22:00:00,17248.0
2008-09-04 23:00:00,15432.0
2008-09-05 00:00:00,14127.0
2008-09-05 01:00:00,13348.0
2008-09-05 02:00:00,12867.0
2008-09-05 03:00:00,12627.0
2008-09-05 04:00:00,12774.0
2008-09-05 05:00:00,13750.0
2008-09-05 06:00:00,15603.0
2008-09-05 07:00:00,17073.0
2008-09-05 08:00:00,18104.0
2008-09-05 09:00:00,19153.0
2008-09-05 10:00:00,20100.0
2008-09-05 11:00:00,20824.0
2008-09-05 12:00:00,21267.0
2008-09-05 13:00:00,21681.0
2008-09-05 14:00:00,21860.0
2008-09-05 15:00:00,21837.0
2008-09-05 16:00:00,21587.0
2008-09-05 17:00:00,20923.0
2008-09-05 18:00:00,19995.0
2008-09-05 19:00:00,19871.0
2008-09-05 20:00:00,19534.0
2008-09-05 21:00:00,18357.0
2008-09-05 22:00:00,16841.0
2008-09-05 23:00:00,15267.0
2008-09-06 00:00:00,14046.0
2008-09-06 01:00:00,13323.0
2008-09-06 02:00:00,12887.0
2008-09-06 03:00:00,12632.0
2008-09-06 04:00:00,12588.0
2008-09-06 05:00:00,12897.0
2008-09-06 06:00:00,13548.0
2008-09-06 07:00:00,14518.0
2008-09-06 08:00:00,15919.0
2008-09-06 09:00:00,17229.0
2008-09-06 10:00:00,18223.0
2008-09-06 11:00:00,18873.0
2008-09-06 12:00:00,19227.0
2008-09-06 13:00:00,19391.0
2008-09-06 14:00:00,19330.0
2008-09-06 15:00:00,19190.0
2008-09-06 16:00:00,19110.0
2008-09-06 17:00:00,19137.0
2008-09-06 18:00:00,19049.0
2008-09-06 19:00:00,19039.0
2008-09-06 20:00:00,18534.0
2008-09-06 21:00:00,17535.0
2008-09-06 22:00:00,16146.0
2008-09-06 23:00:00,14838.0
2008-09-07 00:00:00,13714.0
2008-09-07 01:00:00,12949.0
2008-09-07 02:00:00,12425.0
2008-09-07 03:00:00,12066.0
2008-09-07 04:00:00,11889.0
2008-09-07 05:00:00,11962.0
2008-09-07 06:00:00,12165.0
2008-09-07 07:00:00,12928.0
2008-09-07 08:00:00,14230.0
2008-09-07 09:00:00,15275.0
2008-09-07 10:00:00,15974.0
2008-09-07 11:00:00,16422.0
2008-09-07 12:00:00,16704.0
2008-09-07 13:00:00,16813.0
2008-09-07 14:00:00,16818.0
2008-09-07 15:00:00,16797.0
2008-09-07 16:00:00,16906.0
2008-09-07 17:00:00,16962.0
2008-09-07 18:00:00,16747.0
2008-09-07 19:00:00,17059.0
2008-09-07 20:00:00,16912.0
2008-09-07 21:00:00,15687.0
2008-09-07 22:00:00,14151.0
2008-09-07 23:00:00,12765.0
2008-09-08 00:00:00,11764.0
2008-09-08 01:00:00,11205.0
2008-09-08 02:00:00,10901.0
2008-09-08 03:00:00,10784.0
2008-09-08 04:00:00,11050.0
2008-09-08 05:00:00,12031.0
2008-09-08 06:00:00,13790.0
2008-09-08 07:00:00,15224.0
2008-09-08 08:00:00,16139.0
2008-09-08 09:00:00,16883.0
2008-09-08 10:00:00,17511.0
2008-09-08 11:00:00,17883.0
2008-09-08 12:00:00,18096.0
2008-09-08 13:00:00,18360.0
2008-09-08 14:00:00,18486.0
2008-09-08 15:00:00,18509.0
2008-09-08 16:00:00,18539.0
2008-09-08 17:00:00,18348.0
2008-09-08 18:00:00,17889.0
2008-09-08 19:00:00,18166.0
2008-09-08 20:00:00,17846.0
2008-09-08 21:00:00,16466.0
2008-09-08 22:00:00,14702.0
2008-09-08 23:00:00,13108.0
2008-09-09 00:00:00,12086.0
2008-09-09 01:00:00,11477.0
2008-09-09 02:00:00,11147.0
2008-09-09 03:00:00,11028.0
2008-09-09 04:00:00,11276.0
2008-09-09 05:00:00,12372.0
2008-09-09 06:00:00,14285.0
2008-09-09 07:00:00,15700.0
2008-09-09 08:00:00,16603.0
2008-09-09 09:00:00,17363.0
2008-09-09 10:00:00,17911.0
2008-09-09 11:00:00,18124.0
2008-09-09 12:00:00,18019.0
2008-09-09 13:00:00,17770.0
2008-09-09 14:00:00,17458.0
2008-09-09 15:00:00,17340.0
2008-09-09 16:00:00,17337.0
2008-09-09 17:00:00,17369.0
2008-09-09 18:00:00,17341.0
2008-09-09 19:00:00,17604.0
2008-09-09 20:00:00,17142.0
2008-09-09 21:00:00,15875.0
2008-09-09 22:00:00,14207.0
2008-09-09 23:00:00,12712.0
2008-09-10 00:00:00,11657.0
2008-09-10 01:00:00,11086.0
2008-09-10 02:00:00,10712.0
2008-09-10 03:00:00,10560.0
2008-09-10 04:00:00,10743.0
2008-09-10 05:00:00,11675.0
2008-09-10 06:00:00,13433.0
2008-09-10 07:00:00,14712.0
2008-09-10 08:00:00,15366.0
2008-09-10 09:00:00,15857.0
2008-09-10 10:00:00,16253.0
2008-09-10 11:00:00,16458.0
2008-09-10 12:00:00,16475.0
2008-09-10 13:00:00,16543.0
2008-09-10 14:00:00,16491.0
2008-09-10 15:00:00,16432.0
2008-09-10 16:00:00,16418.0
2008-09-10 17:00:00,16308.0
2008-09-10 18:00:00,16043.0
2008-09-10 19:00:00,16521.0
2008-09-10 20:00:00,16244.0
2008-09-10 21:00:00,15028.0
2008-09-10 22:00:00,13405.0
2008-09-10 23:00:00,11989.0
2008-09-11 00:00:00,10973.0
2008-09-11 01:00:00,10447.0
2008-09-11 02:00:00,10141.0
2008-09-11 03:00:00,10058.0
2008-09-11 04:00:00,10262.0
2008-09-11 05:00:00,11302.0
2008-09-11 06:00:00,13091.0
2008-09-11 07:00:00,14357.0
2008-09-11 08:00:00,14974.0
2008-09-11 09:00:00,15462.0
2008-09-11 10:00:00,15929.0
2008-09-11 11:00:00,16170.0
2008-09-11 12:00:00,16262.0
2008-09-11 13:00:00,16389.0
2008-09-11 14:00:00,16318.0
2008-09-11 15:00:00,16188.0
2008-09-11 16:00:00,16152.0
2008-09-11 17:00:00,16044.0
2008-09-11 18:00:00,15869.0
2008-09-11 19:00:00,16471.0
2008-09-11 20:00:00,16196.0
2008-09-11 21:00:00,15007.0
2008-09-11 22:00:00,13425.0
2008-09-11 23:00:00,11993.0
2008-09-12 00:00:00,11062.0
2008-09-12 01:00:00,10528.0
2008-09-12 02:00:00,10253.0
2008-09-12 03:00:00,10180.0
2008-09-12 04:00:00,10415.0
2008-09-12 05:00:00,11416.0
2008-09-12 06:00:00,13278.0
2008-09-12 07:00:00,14622.0
2008-09-12 08:00:00,15318.0
2008-09-12 09:00:00,15774.0
2008-09-12 10:00:00,16138.0
2008-09-12 11:00:00,16262.0
2008-09-12 12:00:00,16200.0
2008-09-12 13:00:00,16178.0
2008-09-12 14:00:00,15995.0
2008-09-12 15:00:00,15830.0
2008-09-12 16:00:00,15820.0
2008-09-12 17:00:00,15858.0
2008-09-12 18:00:00,15907.0
2008-09-12 19:00:00,16069.0
2008-09-12 20:00:00,15575.0
2008-09-12 21:00:00,14638.0
2008-09-12 22:00:00,13419.0
2008-09-12 23:00:00,12156.0
2008-09-13 00:00:00,11262.0
2008-09-13 01:00:00,10718.0
2008-09-13 02:00:00,10401.0
2008-09-13 03:00:00,10268.0
2008-09-13 04:00:00,10332.0
2008-09-13 05:00:00,10692.0
2008-09-13 06:00:00,11380.0
2008-09-13 07:00:00,12399.0
2008-09-13 08:00:00,13696.0
2008-09-13 09:00:00,14681.0
2008-09-13 10:00:00,15253.0
2008-09-13 11:00:00,15501.0
2008-09-13 12:00:00,15532.0
2008-09-13 13:00:00,15474.0
2008-09-13 14:00:00,15393.0
2008-09-13 15:00:00,15362.0
2008-09-13 16:00:00,15407.0
2008-09-13 17:00:00,15457.0
2008-09-13 18:00:00,15502.0
2008-09-13 19:00:00,16059.0
2008-09-13 20:00:00,15784.0
2008-09-13 21:00:00,14956.0
2008-09-13 22:00:00,13875.0
2008-09-13 23:00:00,12749.0
2008-09-14 00:00:00,11817.0
2008-09-14 01:00:00,11207.0
2008-09-14 02:00:00,10838.0
2008-09-14 03:00:00,10643.0
2008-09-14 04:00:00,10626.0
2008-09-14 05:00:00,10835.0
2008-09-14 06:00:00,11282.0
2008-09-14 07:00:00,12007.0
2008-09-14 08:00:00,13221.0
2008-09-14 09:00:00,14298.0
2008-09-14 10:00:00,15042.0
2008-09-14 11:00:00,15599.0
2008-09-14 12:00:00,15950.0
2008-09-14 13:00:00,16132.0
2008-09-14 14:00:00,16237.0
2008-09-14 15:00:00,16429.0
2008-09-14 16:00:00,16730.0
2008-09-14 17:00:00,17052.0
2008-09-14 18:00:00,17307.0
2008-09-14 19:00:00,17959.0
2008-09-14 20:00:00,17564.0
2008-09-14 21:00:00,16430.0
2008-09-14 22:00:00,14985.0
2008-09-14 23:00:00,13666.0
2008-09-15 00:00:00,12773.0
2008-09-15 01:00:00,12265.0
2008-09-15 02:00:00,12019.0
2008-09-15 03:00:00,11982.0
2008-09-15 04:00:00,12370.0
2008-09-15 05:00:00,13603.0
2008-09-15 06:00:00,15679.0
2008-09-15 07:00:00,17183.0
2008-09-15 08:00:00,18172.0
2008-09-15 09:00:00,18839.0
2008-09-15 10:00:00,19277.0
2008-09-15 11:00:00,19483.0
2008-09-15 12:00:00,19528.0
2008-09-15 13:00:00,19624.0
2008-09-15 14:00:00,19544.0
2008-09-15 15:00:00,19400.0
2008-09-15 16:00:00,19169.0
2008-09-15 17:00:00,18791.0
2008-09-15 18:00:00,18287.0
2008-09-15 19:00:00,18609.0
2008-09-15 20:00:00,18032.0
2008-09-15 21:00:00,16513.0
2008-09-15 22:00:00,14650.0
2008-09-15 23:00:00,12958.0
2008-09-16 00:00:00,11840.0
2008-09-16 01:00:00,11205.0
2008-09-16 02:00:00,10836.0
2008-09-16 03:00:00,10686.0
2008-09-16 04:00:00,10876.0
2008-09-16 05:00:00,11873.0
2008-09-16 06:00:00,13657.0
2008-09-16 07:00:00,14883.0
2008-09-16 08:00:00,15473.0
2008-09-16 09:00:00,15904.0
2008-09-16 10:00:00,16291.0
2008-09-16 11:00:00,16475.0
2008-09-16 12:00:00,16503.0
2008-09-16 13:00:00,16551.0
2008-09-16 14:00:00,16442.0
2008-09-16 15:00:00,16288.0
2008-09-16 16:00:00,16256.0
2008-09-16 17:00:00,16238.0
2008-09-16 18:00:00,16268.0
2008-09-16 19:00:00,16914.0
2008-09-16 20:00:00,16417.0
2008-09-16 21:00:00,15184.0
2008-09-16 22:00:00,13553.0
2008-09-16 23:00:00,12079.0
2008-09-17 00:00:00,11151.0
2008-09-17 01:00:00,10625.0
2008-09-17 02:00:00,10376.0
2008-09-17 03:00:00,10277.0
2008-09-17 04:00:00,10486.0
2008-09-17 05:00:00,11483.0
2008-09-17 06:00:00,13312.0
2008-09-17 07:00:00,14561.0
2008-09-17 08:00:00,15174.0
2008-09-17 09:00:00,15686.0
2008-09-17 10:00:00,16126.0
2008-09-17 11:00:00,16391.0
2008-09-17 12:00:00,16487.0
2008-09-17 13:00:00,16636.0
2008-09-17 14:00:00,16603.0
2008-09-17 15:00:00,16567.0
2008-09-17 16:00:00,16550.0
2008-09-17 17:00:00,16452.0
2008-09-17 18:00:00,16311.0
2008-09-17 19:00:00,16939.0
2008-09-17 20:00:00,16458.0
2008-09-17 21:00:00,15202.0
2008-09-17 22:00:00,13543.0
2008-09-17 23:00:00,12083.0
2008-09-18 00:00:00,11147.0
2008-09-18 01:00:00,10637.0
2008-09-18 02:00:00,10332.0
2008-09-18 03:00:00,10233.0
2008-09-18 04:00:00,10484.0
2008-09-18 05:00:00,11508.0
2008-09-18 06:00:00,13380.0
2008-09-18 07:00:00,14623.0
2008-09-18 08:00:00,15267.0
2008-09-18 09:00:00,15734.0
2008-09-18 10:00:00,16116.0
2008-09-18 11:00:00,16228.0
2008-09-18 12:00:00,16224.0
2008-09-18 13:00:00,16249.0
2008-09-18 14:00:00,16119.0
2008-09-18 15:00:00,15965.0
2008-09-18 16:00:00,15887.0
2008-09-18 17:00:00,15761.0
2008-09-18 18:00:00,15678.0
2008-09-18 19:00:00,16297.0
2008-09-18 20:00:00,15851.0
2008-09-18 21:00:00,14685.0
2008-09-18 22:00:00,13088.0
2008-09-18 23:00:00,11696.0
2008-09-19 00:00:00,10773.0
2008-09-19 01:00:00,10267.0
2008-09-19 02:00:00,9997.0
2008-09-19 03:00:00,9914.0
2008-09-19 04:00:00,10169.0
2008-09-19 05:00:00,11138.0
2008-09-19 06:00:00,12988.0
2008-09-19 07:00:00,14209.0
2008-09-19 08:00:00,14735.0
2008-09-19 09:00:00,15094.0
2008-09-19 10:00:00,15375.0
2008-09-19 11:00:00,15439.0
2008-09-19 12:00:00,15374.0
2008-09-19 13:00:00,15374.0
2008-09-19 14:00:00,15236.0
2008-09-19 15:00:00,15061.0
2008-09-19 16:00:00,14964.0
2008-09-19 17:00:00,14836.0
2008-09-19 18:00:00,14834.0
2008-09-19 19:00:00,15419.0
2008-09-19 20:00:00,14994.0
2008-09-19 21:00:00,14080.0
2008-09-19 22:00:00,12850.0
2008-09-19 23:00:00,11600.0
2008-09-20 00:00:00,10677.0
2008-09-20 01:00:00,10134.0
2008-09-20 02:00:00,9832.0
2008-09-20 03:00:00,9707.0
2008-09-20 04:00:00,9754.0
2008-09-20 05:00:00,10097.0
2008-09-20 06:00:00,10713.0
2008-09-20 07:00:00,11675.0
2008-09-20 08:00:00,12824.0
2008-09-20 09:00:00,13533.0
2008-09-20 10:00:00,13869.0
2008-09-20 11:00:00,13905.0
2008-09-20 12:00:00,13787.0
2008-09-20 13:00:00,13616.0
2008-09-20 14:00:00,13464.0
2008-09-20 15:00:00,13403.0
2008-09-20 16:00:00,13489.0
2008-09-20 17:00:00,13655.0
2008-09-20 18:00:00,13889.0
2008-09-20 19:00:00,14505.0
2008-09-20 20:00:00,14151.0
2008-09-20 21:00:00,13375.0
2008-09-20 22:00:00,12315.0
2008-09-20 23:00:00,11244.0
2008-09-21 00:00:00,10405.0
2008-09-21 01:00:00,9899.0
2008-09-21 02:00:00,9599.0
2008-09-21 03:00:00,9454.0
2008-09-21 04:00:00,9474.0
2008-09-21 05:00:00,9676.0
2008-09-21 06:00:00,10064.0
2008-09-21 07:00:00,10772.0
2008-09-21 08:00:00,11911.0
2008-09-21 09:00:00,12789.0
2008-09-21 10:00:00,13303.0
2008-09-21 11:00:00,13687.0
2008-09-21 12:00:00,13929.0
2008-09-21 13:00:00,14007.0
2008-09-21 14:00:00,14033.0
2008-09-21 15:00:00,14091.0
2008-09-21 16:00:00,14332.0
2008-09-21 17:00:00,14641.0
2008-09-21 18:00:00,15005.0
2008-09-21 19:00:00,15670.0
2008-09-21 20:00:00,15143.0
2008-09-21 21:00:00,14027.0
2008-09-21 22:00:00,12660.0
2008-09-21 23:00:00,11465.0
2008-09-22 00:00:00,10668.0
2008-09-22 01:00:00,10206.0
2008-09-22 02:00:00,9992.0
2008-09-22 03:00:00,9961.0
2008-09-22 04:00:00,10265.0
2008-09-22 05:00:00,11334.0
2008-09-22 06:00:00,13351.0
2008-09-22 07:00:00,14674.0
2008-09-22 08:00:00,15232.0
2008-09-22 09:00:00,15632.0
2008-09-22 10:00:00,15963.0
2008-09-22 11:00:00,16071.0
2008-09-22 12:00:00,16010.0
2008-09-22 13:00:00,15967.0
2008-09-22 14:00:00,15793.0
2008-09-22 15:00:00,15636.0
2008-09-22 16:00:00,15621.0
2008-09-22 17:00:00,15697.0
2008-09-22 18:00:00,15927.0
2008-09-22 19:00:00,16506.0
2008-09-22 20:00:00,15846.0
2008-09-22 21:00:00,14546.0
2008-09-22 22:00:00,12952.0
2008-09-22 23:00:00,11550.0
2008-09-23 00:00:00,10649.0
2008-09-23 01:00:00,10178.0
2008-09-23 02:00:00,9922.0
2008-09-23 03:00:00,9877.0
2008-09-23 04:00:00,10152.0
2008-09-23 05:00:00,11205.0
2008-09-23 06:00:00,13189.0
2008-09-23 07:00:00,14389.0
2008-09-23 08:00:00,14866.0
2008-09-23 09:00:00,15219.0
2008-09-23 10:00:00,15496.0
2008-09-23 11:00:00,15652.0
2008-09-23 12:00:00,15691.0
2008-09-23 13:00:00,15728.0
2008-09-23 14:00:00,15665.0
2008-09-23 15:00:00,15555.0
2008-09-23 16:00:00,15566.0
2008-09-23 17:00:00,15554.0
2008-09-23 18:00:00,15747.0
2008-09-23 19:00:00,16414.0
2008-09-23 20:00:00,15765.0
2008-09-23 21:00:00,14513.0
2008-09-23 22:00:00,12939.0
2008-09-23 23:00:00,11529.0
2008-09-24 00:00:00,10633.0
2008-09-24 01:00:00,10157.0
2008-09-24 02:00:00,9916.0
2008-09-24 03:00:00,9858.0
2008-09-24 04:00:00,10130.0
2008-09-24 05:00:00,11162.0
2008-09-24 06:00:00,13157.0
2008-09-24 07:00:00,14343.0
2008-09-24 08:00:00,14812.0
2008-09-24 09:00:00,15185.0
2008-09-24 10:00:00,15550.0
2008-09-24 11:00:00,15728.0
2008-09-24 12:00:00,15736.0
2008-09-24 13:00:00,15814.0
2008-09-24 14:00:00,15770.0
2008-09-24 15:00:00,15677.0
2008-09-24 16:00:00,15658.0
2008-09-24 17:00:00,15625.0
2008-09-24 18:00:00,15843.0
2008-09-24 19:00:00,16483.0
2008-09-24 20:00:00,15865.0
2008-09-24 21:00:00,14635.0
2008-09-24 22:00:00,13031.0
2008-09-24 23:00:00,11618.0
2008-09-25 00:00:00,10689.0
2008-09-25 01:00:00,10219.0
2008-09-25 02:00:00,9964.0
2008-09-25 03:00:00,9921.0
2008-09-25 04:00:00,10170.0
2008-09-25 05:00:00,11191.0
2008-09-25 06:00:00,13201.0
2008-09-25 07:00:00,14418.0
2008-09-25 08:00:00,14876.0
2008-09-25 09:00:00,15208.0
2008-09-25 10:00:00,15511.0
2008-09-25 11:00:00,15635.0
2008-09-25 12:00:00,15601.0
2008-09-25 13:00:00,15661.0
2008-09-25 14:00:00,15527.0
2008-09-25 15:00:00,15384.0
2008-09-25 16:00:00,15328.0
2008-09-25 17:00:00,15379.0
2008-09-25 18:00:00,15840.0
2008-09-25 19:00:00,16361.0
2008-09-25 20:00:00,15764.0
2008-09-25 21:00:00,14589.0
2008-09-25 22:00:00,13053.0
2008-09-25 23:00:00,11691.0
2008-09-26 00:00:00,10775.0
2008-09-26 01:00:00,10292.0
2008-09-26 02:00:00,10050.0
2008-09-26 03:00:00,9983.0
2008-09-26 04:00:00,10235.0
2008-09-26 05:00:00,11236.0
2008-09-26 06:00:00,13266.0
2008-09-26 07:00:00,14723.0
2008-09-26 08:00:00,15393.0
2008-09-26 09:00:00,15833.0
2008-09-26 10:00:00,16168.0
2008-09-26 11:00:00,16270.0
2008-09-26 12:00:00,16208.0
2008-09-26 13:00:00,16179.0
2008-09-26 14:00:00,16042.0
2008-09-26 15:00:00,15907.0
2008-09-26 16:00:00,15963.0
2008-09-26 17:00:00,16039.0
2008-09-26 18:00:00,16230.0
2008-09-26 19:00:00,16183.0
2008-09-26 20:00:00,15553.0
2008-09-26 21:00:00,14524.0
2008-09-26 22:00:00,13349.0
2008-09-26 23:00:00,12135.0
2008-09-27 00:00:00,11157.0
2008-09-27 01:00:00,10584.0
2008-09-27 02:00:00,10249.0
2008-09-27 03:00:00,10100.0
2008-09-27 04:00:00,10129.0
2008-09-27 05:00:00,10454.0
2008-09-27 06:00:00,11162.0
2008-09-27 07:00:00,12102.0
2008-09-27 08:00:00,13383.0
2008-09-27 09:00:00,14380.0
2008-09-27 10:00:00,14975.0
2008-09-27 11:00:00,15200.0
2008-09-27 12:00:00,15134.0
2008-09-27 13:00:00,14976.0
2008-09-27 14:00:00,14811.0
2008-09-27 15:00:00,14715.0
2008-09-27 16:00:00,14822.0
2008-09-27 17:00:00,15092.0
2008-09-27 18:00:00,15425.0
2008-09-27 19:00:00,15479.0
2008-09-27 20:00:00,14979.0
2008-09-27 21:00:00,14204.0
2008-09-27 22:00:00,13170.0
2008-09-27 23:00:00,12119.0
2008-09-28 00:00:00,11236.0
2008-09-28 01:00:00,10657.0
2008-09-28 02:00:00,10311.0
2008-09-28 03:00:00,10151.0
2008-09-28 04:00:00,10124.0
2008-09-28 05:00:00,10282.0
2008-09-28 06:00:00,10761.0
2008-09-28 07:00:00,11464.0
2008-09-28 08:00:00,12630.0
2008-09-28 09:00:00,13643.0
2008-09-28 10:00:00,14335.0
2008-09-28 11:00:00,14803.0
2008-09-28 12:00:00,15024.0
2008-09-28 13:00:00,14995.0
2008-09-28 14:00:00,14903.0
2008-09-28 15:00:00,14934.0
2008-09-28 16:00:00,15155.0
2008-09-28 17:00:00,15542.0
2008-09-28 18:00:00,16123.0
2008-09-28 19:00:00,16420.0
2008-09-28 20:00:00,15809.0
2008-09-28 21:00:00,14674.0
2008-09-28 22:00:00,13383.0
2008-09-28 23:00:00,12159.0
2008-09-29 00:00:00,11262.0
2008-09-29 01:00:00,10800.0
2008-09-29 02:00:00,10504.0
2008-09-29 03:00:00,10413.0
2008-09-29 04:00:00,10714.0
2008-09-29 05:00:00,11788.0
2008-09-29 06:00:00,13874.0
2008-09-29 07:00:00,15191.0
2008-09-29 08:00:00,15802.0
2008-09-29 09:00:00,16279.0
2008-09-29 10:00:00,16653.0
2008-09-29 11:00:00,16801.0
2008-09-29 12:00:00,16801.0
2008-09-29 13:00:00,16791.0
2008-09-29 14:00:00,16639.0
2008-09-29 15:00:00,16476.0
2008-09-29 16:00:00,16449.0
2008-09-29 17:00:00,16525.0
2008-09-29 18:00:00,16922.0
2008-09-29 19:00:00,17180.0
2008-09-29 20:00:00,16445.0
2008-09-29 21:00:00,15165.0
2008-09-29 22:00:00,13590.0
2008-09-29 23:00:00,12166.0
2008-09-30 00:00:00,11193.0
2008-09-30 01:00:00,10615.0
2008-09-30 02:00:00,10331.0
2008-09-30 03:00:00,10249.0
2008-09-30 04:00:00,10475.0
2008-09-30 05:00:00,11467.0
2008-09-30 06:00:00,13443.0
2008-09-30 07:00:00,14726.0
2008-09-30 08:00:00,15313.0
2008-09-30 09:00:00,15715.0
2008-09-30 10:00:00,16040.0
2008-09-30 11:00:00,16178.0
2008-09-30 12:00:00,16146.0
2008-09-30 13:00:00,16219.0
2008-09-30 14:00:00,16098.0
2008-09-30 15:00:00,15956.0
2008-09-30 16:00:00,15922.0
2008-09-30 17:00:00,15994.0
2008-09-30 18:00:00,16507.0
2008-09-30 19:00:00,16834.0
2008-09-30 20:00:00,16131.0
2008-09-30 21:00:00,14910.0
2008-09-30 22:00:00,13354.0
2008-09-30 23:00:00,11989.0
2008-10-01 00:00:00,11028.0
2008-10-01 01:00:00,10505.0
2008-10-01 02:00:00,10238.0
2008-10-01 03:00:00,10180.0
2008-10-01 04:00:00,10440.0
2008-10-01 05:00:00,11439.0
2008-10-01 06:00:00,13535.0
2008-10-01 07:00:00,14852.0
2008-10-01 08:00:00,15433.0
2008-10-01 09:00:00,15840.0
2008-10-01 10:00:00,16161.0
2008-10-01 11:00:00,16331.0
2008-10-01 12:00:00,16395.0
2008-10-01 13:00:00,16425.0
2008-10-01 14:00:00,16314.0
2008-10-01 15:00:00,16223.0
2008-10-01 16:00:00,16205.0
2008-10-01 17:00:00,16222.0
2008-10-01 18:00:00,16661.0
2008-10-01 19:00:00,16908.0
2008-10-01 20:00:00,16226.0
2008-10-01 21:00:00,15002.0
2008-10-01 22:00:00,13469.0
2008-10-01 23:00:00,12057.0
2008-10-02 00:00:00,11115.0
2008-10-02 01:00:00,10557.0
2008-10-02 02:00:00,10258.0
2008-10-02 03:00:00,10161.0
2008-10-02 04:00:00,10373.0
2008-10-02 05:00:00,11368.0
2008-10-02 06:00:00,13414.0
2008-10-02 07:00:00,14678.0
2008-10-02 08:00:00,15116.0
2008-10-02 09:00:00,15411.0
2008-10-02 10:00:00,15685.0
2008-10-02 11:00:00,15737.0
2008-10-02 12:00:00,15653.0
2008-10-02 13:00:00,15601.0
2008-10-02 14:00:00,15443.0
2008-10-02 15:00:00,15252.0
2008-10-02 16:00:00,15220.0
2008-10-02 17:00:00,15302.0
2008-10-02 18:00:00,15848.0
2008-10-02 19:00:00,16288.0
2008-10-02 20:00:00,15701.0
2008-10-02 21:00:00,14452.0
2008-10-02 22:00:00,13024.0
2008-10-02 23:00:00,11691.0
2008-10-03 00:00:00,10684.0
2008-10-03 01:00:00,10174.0
2008-10-03 02:00:00,9925.0
2008-10-03 03:00:00,9840.0
2008-10-03 04:00:00,10084.0
2008-10-03 05:00:00,11097.0
2008-10-03 06:00:00,13081.0
2008-10-03 07:00:00,14294.0
2008-10-03 08:00:00,14778.0
2008-10-03 09:00:00,15100.0
2008-10-03 10:00:00,15399.0
2008-10-03 11:00:00,15462.0
2008-10-03 12:00:00,15387.0
2008-10-03 13:00:00,15326.0
2008-10-03 14:00:00,15187.0
2008-10-03 15:00:00,14986.0
2008-10-03 16:00:00,14857.0
2008-10-03 17:00:00,14786.0
2008-10-03 18:00:00,15249.0
2008-10-03 19:00:00,15551.0
2008-10-03 20:00:00,15015.0
2008-10-03 21:00:00,14159.0
2008-10-03 22:00:00,12962.0
2008-10-03 23:00:00,11735.0
2008-10-04 00:00:00,10840.0
2008-10-04 01:00:00,10264.0
2008-10-04 02:00:00,9903.0
2008-10-04 03:00:00,9748.0
2008-10-04 04:00:00,9778.0
2008-10-04 05:00:00,10157.0
2008-10-04 06:00:00,10897.0
2008-10-04 07:00:00,11792.0
2008-10-04 08:00:00,12873.0
2008-10-04 09:00:00,13515.0
2008-10-04 10:00:00,13810.0
2008-10-04 11:00:00,13778.0
2008-10-04 12:00:00,13613.0
2008-10-04 13:00:00,13375.0
2008-10-04 14:00:00,13145.0
2008-10-04 15:00:00,13034.0
2008-10-04 16:00:00,13123.0
2008-10-04 17:00:00,13422.0
2008-10-04 18:00:00,14144.0
2008-10-04 19:00:00,14516.0
2008-10-04 20:00:00,14055.0
2008-10-04 21:00:00,13325.0
2008-10-04 22:00:00,12318.0
2008-10-04 23:00:00,11285.0
2008-10-05 00:00:00,10434.0
2008-10-05 01:00:00,9900.0
2008-10-05 02:00:00,9607.0
2008-10-05 03:00:00,9483.0
2008-10-05 04:00:00,9506.0
2008-10-05 05:00:00,9707.0
2008-10-05 06:00:00,10227.0
2008-10-05 07:00:00,10942.0
2008-10-05 08:00:00,12052.0
2008-10-05 09:00:00,12937.0
2008-10-05 10:00:00,13416.0
2008-10-05 11:00:00,13672.0
2008-10-05 12:00:00,13716.0
2008-10-05 13:00:00,13629.0
2008-10-05 14:00:00,13513.0
2008-10-05 15:00:00,13504.0
2008-10-05 16:00:00,13717.0
2008-10-05 17:00:00,14098.0
2008-10-05 18:00:00,14926.0
2008-10-05 19:00:00,15296.0
2008-10-05 20:00:00,14710.0
2008-10-05 21:00:00,13624.0
2008-10-05 22:00:00,12321.0
2008-10-05 23:00:00,11199.0
2008-10-06 00:00:00,10419.0
2008-10-06 01:00:00,9909.0
2008-10-06 02:00:00,9701.0
2008-10-06 03:00:00,9691.0
2008-10-06 04:00:00,10020.0
2008-10-06 05:00:00,11138.0
2008-10-06 06:00:00,13332.0
2008-10-06 07:00:00,14658.0
2008-10-06 08:00:00,15098.0
2008-10-06 09:00:00,15324.0
2008-10-06 10:00:00,15476.0
2008-10-06 11:00:00,15517.0
2008-10-06 12:00:00,15435.0
2008-10-06 13:00:00,15398.0
2008-10-06 14:00:00,15216.0
2008-10-06 15:00:00,15059.0
2008-10-06 16:00:00,15045.0
2008-10-06 17:00:00,15442.0
2008-10-06 18:00:00,16279.0
2008-10-06 19:00:00,16615.0
2008-10-06 20:00:00,15954.0
2008-10-06 21:00:00,14740.0
2008-10-06 22:00:00,13193.0
2008-10-06 23:00:00,11839.0
2008-10-07 00:00:00,10872.0
2008-10-07 01:00:00,10393.0
2008-10-07 02:00:00,10173.0
2008-10-07 03:00:00,10150.0
2008-10-07 04:00:00,10460.0
2008-10-07 05:00:00,11589.0
2008-10-07 06:00:00,13771.0
2008-10-07 07:00:00,14974.0
2008-10-07 08:00:00,15234.0
2008-10-07 09:00:00,15341.0
2008-10-07 10:00:00,15477.0
2008-10-07 11:00:00,15469.0
2008-10-07 12:00:00,15383.0
2008-10-07 13:00:00,15375.0
2008-10-07 14:00:00,15223.0
2008-10-07 15:00:00,15097.0
2008-10-07 16:00:00,15168.0
2008-10-07 17:00:00,15400.0
2008-10-07 18:00:00,16213.0
2008-10-07 19:00:00,16544.0
2008-10-07 20:00:00,15858.0
2008-10-07 21:00:00,14603.0
2008-10-07 22:00:00,13060.0
2008-10-07 23:00:00,11681.0
2008-10-08 00:00:00,10746.0
2008-10-08 01:00:00,10307.0
2008-10-08 02:00:00,10084.0
2008-10-08 03:00:00,10071.0
2008-10-08 04:00:00,10382.0
2008-10-08 05:00:00,11488.0
2008-10-08 06:00:00,13657.0
2008-10-08 07:00:00,14854.0
2008-10-08 08:00:00,15122.0
2008-10-08 09:00:00,15276.0
2008-10-08 10:00:00,15478.0
2008-10-08 11:00:00,15500.0
2008-10-08 12:00:00,15448.0
2008-10-08 13:00:00,15481.0
2008-10-08 14:00:00,15328.0
2008-10-08 15:00:00,15215.0
2008-10-08 16:00:00,15234.0
2008-10-08 17:00:00,15398.0
2008-10-08 18:00:00,16282.0
2008-10-08 19:00:00,16446.0
2008-10-08 20:00:00,15771.0
2008-10-08 21:00:00,14570.0
2008-10-08 22:00:00,13003.0
2008-10-08 23:00:00,11656.0
2008-10-09 00:00:00,10757.0
2008-10-09 01:00:00,10295.0
2008-10-09 02:00:00,10043.0
2008-10-09 03:00:00,9998.0
2008-10-09 04:00:00,10295.0
2008-10-09 05:00:00,11322.0
2008-10-09 06:00:00,13327.0
2008-10-09 07:00:00,14710.0
2008-10-09 08:00:00,15234.0
2008-10-09 09:00:00,15614.0
2008-10-09 10:00:00,15926.0
2008-10-09 11:00:00,16073.0
2008-10-09 12:00:00,16050.0
2008-10-09 13:00:00,16059.0
2008-10-09 14:00:00,15953.0
2008-10-09 15:00:00,15819.0
2008-10-09 16:00:00,15787.0
2008-10-09 17:00:00,15822.0
2008-10-09 18:00:00,16466.0
2008-10-09 19:00:00,16675.0
2008-10-09 20:00:00,16008.0
2008-10-09 21:00:00,14795.0
2008-10-09 22:00:00,13258.0
2008-10-09 23:00:00,11865.0
2008-10-10 00:00:00,10891.0
2008-10-10 01:00:00,10335.0
2008-10-10 02:00:00,10073.0
2008-10-10 03:00:00,9966.0
2008-10-10 04:00:00,10191.0
2008-10-10 05:00:00,11125.0
2008-10-10 06:00:00,13025.0
2008-10-10 07:00:00,14216.0
2008-10-10 08:00:00,14785.0
2008-10-10 09:00:00,15220.0
2008-10-10 10:00:00,15498.0
2008-10-10 11:00:00,15602.0
2008-10-10 12:00:00,15565.0
2008-10-10 13:00:00,15533.0
2008-10-10 14:00:00,15345.0
2008-10-10 15:00:00,15084.0
2008-10-10 16:00:00,14987.0
2008-10-10 17:00:00,14927.0
2008-10-10 18:00:00,15453.0
2008-10-10 19:00:00,15507.0
2008-10-10 20:00:00,14872.0
2008-10-10 21:00:00,13963.0
2008-10-10 22:00:00,12776.0
2008-10-10 23:00:00,11567.0
2008-10-11 00:00:00,10603.0
2008-10-11 01:00:00,9997.0
2008-10-11 02:00:00,9661.0
2008-10-11 03:00:00,9528.0
2008-10-11 04:00:00,9551.0
2008-10-11 05:00:00,9896.0
2008-10-11 06:00:00,10616.0
2008-10-11 07:00:00,11443.0
2008-10-11 08:00:00,12562.0
2008-10-11 09:00:00,13325.0
2008-10-11 10:00:00,13640.0
2008-10-11 11:00:00,13652.0
2008-10-11 12:00:00,13509.0
2008-10-11 13:00:00,13278.0
2008-10-11 14:00:00,13072.0
2008-10-11 15:00:00,12992.0
2008-10-11 16:00:00,13117.0
2008-10-11 17:00:00,13416.0
2008-10-11 18:00:00,14227.0
2008-10-11 19:00:00,14382.0
2008-10-11 20:00:00,13907.0
2008-10-11 21:00:00,13152.0
2008-10-11 22:00:00,12167.0
2008-10-11 23:00:00,11219.0
2008-10-12 00:00:00,10412.0
2008-10-12 01:00:00,9871.0
2008-10-12 02:00:00,9525.0
2008-10-12 03:00:00,9360.0
2008-10-12 04:00:00,9340.0
2008-10-12 05:00:00,9559.0
2008-10-12 06:00:00,10030.0
2008-10-12 07:00:00,10674.0
2008-10-12 08:00:00,11716.0
2008-10-12 09:00:00,12495.0
2008-10-12 10:00:00,12877.0
2008-10-12 11:00:00,13025.0
2008-10-12 12:00:00,13013.0
2008-10-12 13:00:00,12863.0
2008-10-12 14:00:00,12736.0
2008-10-12 15:00:00,12736.0
2008-10-12 16:00:00,12955.0
2008-10-12 17:00:00,13384.0
2008-10-12 18:00:00,14393.0
2008-10-12 19:00:00,14525.0
2008-10-12 20:00:00,13961.0
2008-10-12 21:00:00,13064.0
2008-10-12 22:00:00,12008.0
2008-10-12 23:00:00,10944.0
2008-10-13 00:00:00,10121.0
2008-10-13 01:00:00,9676.0
2008-10-13 02:00:00,9441.0
2008-10-13 03:00:00,9384.0
2008-10-13 04:00:00,9618.0
2008-10-13 05:00:00,10339.0
2008-10-13 06:00:00,11601.0
2008-10-13 07:00:00,12681.0
2008-10-13 08:00:00,13648.0
2008-10-13 09:00:00,14474.0
2008-10-13 10:00:00,14958.0
2008-10-13 11:00:00,15119.0
2008-10-13 12:00:00,15046.0
2008-10-13 13:00:00,14949.0
2008-10-13 14:00:00,14797.0
2008-10-13 15:00:00,14671.0
2008-10-13 16:00:00,14807.0
2008-10-13 17:00:00,15298.0
2008-10-13 18:00:00,16166.0
2008-10-13 19:00:00,16059.0
2008-10-13 20:00:00,15285.0
2008-10-13 21:00:00,14058.0
2008-10-13 22:00:00,12553.0
2008-10-13 23:00:00,11236.0
2008-10-14 00:00:00,10366.0
2008-10-14 01:00:00,9902.0
2008-10-14 02:00:00,9664.0
2008-10-14 03:00:00,9590.0
2008-10-14 04:00:00,9878.0
2008-10-14 05:00:00,10940.0
2008-10-14 06:00:00,13104.0
2008-10-14 07:00:00,14428.0
2008-10-14 08:00:00,14797.0
2008-10-14 09:00:00,15072.0
2008-10-14 10:00:00,15351.0
2008-10-14 11:00:00,15463.0
2008-10-14 12:00:00,15450.0
2008-10-14 13:00:00,15453.0
2008-10-14 14:00:00,15321.0
2008-10-14 15:00:00,15184.0
2008-10-14 16:00:00,15202.0
2008-10-14 17:00:00,15546.0
2008-10-14 18:00:00,16422.0
2008-10-14 19:00:00,16437.0
2008-10-14 20:00:00,15681.0
2008-10-14 21:00:00,14479.0
2008-10-14 22:00:00,12943.0
2008-10-14 23:00:00,11579.0
2008-10-15 00:00:00,10658.0
2008-10-15 01:00:00,10174.0
2008-10-15 02:00:00,9914.0
2008-10-15 03:00:00,9827.0
2008-10-15 04:00:00,10078.0
2008-10-15 05:00:00,11073.0
2008-10-15 06:00:00,13165.0
2008-10-15 07:00:00,14322.0
2008-10-15 08:00:00,14703.0
2008-10-15 09:00:00,15000.0
2008-10-15 10:00:00,15302.0
2008-10-15 11:00:00,15404.0
2008-10-15 12:00:00,15397.0
2008-10-15 13:00:00,15449.0
2008-10-15 14:00:00,15355.0
2008-10-15 15:00:00,15230.0
2008-10-15 16:00:00,15229.0
2008-10-15 17:00:00,15404.0
2008-10-15 18:00:00,16271.0
2008-10-15 19:00:00,16324.0
2008-10-15 20:00:00,15632.0
2008-10-15 21:00:00,14374.0
2008-10-15 22:00:00,12878.0
2008-10-15 23:00:00,11520.0
2008-10-16 00:00:00,10583.0
2008-10-16 01:00:00,10087.0
2008-10-16 02:00:00,9833.0
2008-10-16 03:00:00,9778.0
2008-10-16 04:00:00,10023.0
2008-10-16 05:00:00,11079.0
2008-10-16 06:00:00,13276.0
2008-10-16 07:00:00,14634.0
2008-10-16 08:00:00,15040.0
2008-10-16 09:00:00,15380.0
2008-10-16 10:00:00,15680.0
2008-10-16 11:00:00,15833.0
2008-10-16 12:00:00,15851.0
2008-10-16 13:00:00,15929.0
2008-10-16 14:00:00,15837.0
2008-10-16 15:00:00,15824.0
2008-10-16 16:00:00,15926.0
2008-10-16 17:00:00,16128.0
2008-10-16 18:00:00,16783.0
2008-10-16 19:00:00,16594.0
2008-10-16 20:00:00,15810.0
2008-10-16 21:00:00,14547.0
2008-10-16 22:00:00,13001.0
2008-10-16 23:00:00,11616.0
2008-10-17 00:00:00,10700.0
2008-10-17 01:00:00,10127.0
2008-10-17 02:00:00,9820.0
2008-10-17 03:00:00,9746.0
2008-10-17 04:00:00,9988.0
2008-10-17 05:00:00,10975.0
2008-10-17 06:00:00,13070.0
2008-10-17 07:00:00,14278.0
2008-10-17 08:00:00,14675.0
2008-10-17 09:00:00,14913.0
2008-10-17 10:00:00,15091.0
2008-10-17 11:00:00,15107.0
2008-10-17 12:00:00,14973.0
2008-10-17 13:00:00,14898.0
2008-10-17 14:00:00,14693.0
2008-10-17 15:00:00,14490.0
2008-10-17 16:00:00,14455.0
2008-10-17 17:00:00,14619.0
2008-10-17 18:00:00,15475.0
2008-10-17 19:00:00,15358.0
2008-10-17 20:00:00,14746.0
2008-10-17 21:00:00,13915.0
2008-10-17 22:00:00,12724.0
2008-10-17 23:00:00,11498.0
2008-10-18 00:00:00,10615.0
2008-10-18 01:00:00,10081.0
2008-10-18 02:00:00,9795.0
2008-10-18 03:00:00,9690.0
2008-10-18 04:00:00,9800.0
2008-10-18 05:00:00,10194.0
2008-10-18 06:00:00,11052.0
2008-10-18 07:00:00,12005.0
2008-10-18 08:00:00,13103.0
2008-10-18 09:00:00,13782.0
2008-10-18 10:00:00,13914.0
2008-10-18 11:00:00,13789.0
2008-10-18 12:00:00,13545.0
2008-10-18 13:00:00,13263.0
2008-10-18 14:00:00,13007.0
2008-10-18 15:00:00,12920.0
2008-10-18 16:00:00,13067.0
2008-10-18 17:00:00,13573.0
2008-10-18 18:00:00,14654.0
2008-10-18 19:00:00,14647.0
2008-10-18 20:00:00,14219.0
2008-10-18 21:00:00,13540.0
2008-10-18 22:00:00,12638.0
2008-10-18 23:00:00,11694.0
2008-10-19 00:00:00,10796.0
2008-10-19 01:00:00,10182.0
2008-10-19 02:00:00,9900.0
2008-10-19 03:00:00,9776.0
2008-10-19 04:00:00,9807.0
2008-10-19 05:00:00,10044.0
2008-10-19 06:00:00,10619.0
2008-10-19 07:00:00,11318.0
2008-10-19 08:00:00,12363.0
2008-10-19 09:00:00,13143.0
2008-10-19 10:00:00,13467.0
2008-10-19 11:00:00,13565.0
2008-10-19 12:00:00,13523.0
2008-10-19 13:00:00,13313.0
2008-10-19 14:00:00,13122.0
2008-10-19 15:00:00,13107.0
2008-10-19 16:00:00,13446.0
2008-10-19 17:00:00,14171.0
2008-10-19 18:00:00,15448.0
2008-10-19 19:00:00,15519.0
2008-10-19 20:00:00,14971.0
2008-10-19 21:00:00,13934.0
2008-10-19 22:00:00,12737.0
2008-10-19 23:00:00,11633.0
2008-10-20 00:00:00,10752.0
2008-10-20 01:00:00,10309.0
2008-10-20 02:00:00,10135.0
2008-10-20 03:00:00,10163.0
2008-10-20 04:00:00,10523.0
2008-10-20 05:00:00,11713.0
2008-10-20 06:00:00,14034.0
2008-10-20 07:00:00,15338.0
2008-10-20 08:00:00,15630.0
2008-10-20 09:00:00,15722.0
2008-10-20 10:00:00,15799.0
2008-10-20 11:00:00,15709.0
2008-10-20 12:00:00,15536.0
2008-10-20 13:00:00,15412.0
2008-10-20 14:00:00,15194.0
2008-10-20 15:00:00,14989.0
2008-10-20 16:00:00,15078.0
2008-10-20 17:00:00,15646.0
2008-10-20 18:00:00,16778.0
2008-10-20 19:00:00,16654.0
2008-10-20 20:00:00,15967.0
2008-10-20 21:00:00,14755.0
2008-10-20 22:00:00,13208.0
2008-10-20 23:00:00,11824.0
2008-10-21 00:00:00,10916.0
2008-10-21 01:00:00,10456.0
2008-10-21 02:00:00,10259.0
2008-10-21 03:00:00,10220.0
2008-10-21 04:00:00,10551.0
2008-10-21 05:00:00,11684.0
2008-10-21 06:00:00,13944.0
2008-10-21 07:00:00,15150.0
2008-10-21 08:00:00,15357.0
2008-10-21 09:00:00,15429.0
2008-10-21 10:00:00,15513.0
2008-10-21 11:00:00,15513.0
2008-10-21 12:00:00,15434.0
2008-10-21 13:00:00,15420.0
2008-10-21 14:00:00,15294.0
2008-10-21 15:00:00,15316.0
2008-10-21 16:00:00,15627.0
2008-10-21 17:00:00,16235.0
2008-10-21 18:00:00,16952.0
2008-10-21 19:00:00,16670.0
2008-10-21 20:00:00,15901.0
2008-10-21 21:00:00,14716.0
2008-10-21 22:00:00,13129.0
2008-10-21 23:00:00,11738.0
2008-10-22 00:00:00,10870.0
2008-10-22 01:00:00,10419.0
2008-10-22 02:00:00,10194.0
2008-10-22 03:00:00,10154.0
2008-10-22 04:00:00,10488.0
2008-10-22 05:00:00,11616.0
2008-10-22 06:00:00,13874.0
2008-10-22 07:00:00,15294.0
2008-10-22 08:00:00,15577.0
2008-10-22 09:00:00,15784.0
2008-10-22 10:00:00,15956.0
2008-10-22 11:00:00,15969.0
2008-10-22 12:00:00,15886.0
2008-10-22 13:00:00,15855.0
2008-10-22 14:00:00,15696.0
2008-10-22 15:00:00,15633.0
2008-10-22 16:00:00,15897.0
2008-10-22 17:00:00,16521.0
2008-10-22 18:00:00,17280.0
2008-10-22 19:00:00,17032.0
2008-10-22 20:00:00,16357.0
2008-10-22 21:00:00,15186.0
2008-10-22 22:00:00,13587.0
2008-10-22 23:00:00,12197.0
2008-10-23 00:00:00,11280.0
2008-10-23 01:00:00,10810.0
2008-10-23 02:00:00,10613.0
2008-10-23 03:00:00,10608.0
2008-10-23 04:00:00,10894.0
2008-10-23 05:00:00,12066.0
2008-10-23 06:00:00,14341.0
2008-10-23 07:00:00,15635.0
2008-10-23 08:00:00,15827.0
2008-10-23 09:00:00,15857.0
2008-10-23 10:00:00,15881.0
2008-10-23 11:00:00,15741.0
2008-10-23 12:00:00,15496.0
2008-10-23 13:00:00,15371.0
2008-10-23 14:00:00,15123.0
2008-10-23 15:00:00,14975.0
2008-10-23 16:00:00,15085.0
2008-10-23 17:00:00,15641.0
2008-10-23 18:00:00,16868.0
2008-10-23 19:00:00,16875.0
2008-10-23 20:00:00,16320.0
2008-10-23 21:00:00,15250.0
2008-10-23 22:00:00,13763.0
2008-10-23 23:00:00,12395.0
2008-10-24 00:00:00,11511.0
2008-10-24 01:00:00,11055.0
2008-10-24 02:00:00,10860.0
2008-10-24 03:00:00,10855.0
2008-10-24 04:00:00,11161.0
2008-10-24 05:00:00,12294.0
2008-10-24 06:00:00,14490.0
2008-10-24 07:00:00,15716.0
2008-10-24 08:00:00,15908.0
2008-10-24 09:00:00,15903.0
2008-10-24 10:00:00,15851.0
2008-10-24 11:00:00,15659.0
2008-10-24 12:00:00,15382.0
2008-10-24 13:00:00,15229.0
2008-10-24 14:00:00,14974.0
2008-10-24 15:00:00,14763.0
2008-10-24 16:00:00,14805.0
2008-10-24 17:00:00,15222.0
2008-10-24 18:00:00,16064.0
2008-10-24 19:00:00,15729.0
2008-10-24 20:00:00,15193.0
2008-10-24 21:00:00,14382.0
2008-10-24 22:00:00,13198.0
2008-10-24 23:00:00,11938.0
2008-10-25 00:00:00,11036.0
2008-10-25 01:00:00,10515.0
2008-10-25 02:00:00,10229.0
2008-10-25 03:00:00,10115.0
2008-10-25 04:00:00,10163.0
2008-10-25 05:00:00,10554.0
2008-10-25 06:00:00,11332.0
2008-10-25 07:00:00,12228.0
2008-10-25 08:00:00,13231.0
2008-10-25 09:00:00,13888.0
2008-10-25 10:00:00,14159.0
2008-10-25 11:00:00,14136.0
2008-10-25 12:00:00,13955.0
2008-10-25 13:00:00,13749.0
2008-10-25 14:00:00,13582.0
2008-10-25 15:00:00,13600.0
2008-10-25 16:00:00,13897.0
2008-10-25 17:00:00,14616.0
2008-10-25 18:00:00,15151.0
2008-10-25 19:00:00,14766.0
2008-10-25 20:00:00,14194.0
2008-10-25 21:00:00,13444.0
2008-10-25 22:00:00,12479.0
2008-10-25 23:00:00,11472.0
2008-10-26 00:00:00,10616.0
2008-10-26 01:00:00,10079.0
2008-10-26 02:00:00,9734.0
2008-10-26 03:00:00,9564.0
2008-10-26 04:00:00,9524.0
2008-10-26 05:00:00,9699.0
2008-10-26 06:00:00,10176.0
2008-10-26 07:00:00,10859.0
2008-10-26 08:00:00,11822.0
2008-10-26 09:00:00,12667.0
2008-10-26 10:00:00,13156.0
2008-10-26 11:00:00,13372.0
2008-10-26 12:00:00,13423.0
2008-10-26 13:00:00,13288.0
2008-10-26 14:00:00,13094.0
2008-10-26 15:00:00,13041.0
2008-10-26 16:00:00,13275.0
2008-10-26 17:00:00,13970.0
2008-10-26 18:00:00,15164.0
2008-10-26 19:00:00,15019.0
2008-10-26 20:00:00,14404.0
2008-10-26 21:00:00,13387.0
2008-10-26 22:00:00,12110.0
2008-10-26 23:00:00,11008.0
2008-10-27 00:00:00,10254.0
2008-10-27 01:00:00,9857.0
2008-10-27 02:00:00,9665.0
2008-10-27 03:00:00,9641.0
2008-10-27 04:00:00,9970.0
2008-10-27 05:00:00,11105.0
2008-10-27 06:00:00,13346.0
2008-10-27 07:00:00,14684.0
2008-10-27 08:00:00,14977.0
2008-10-27 09:00:00,15191.0
2008-10-27 10:00:00,15416.0
2008-10-27 11:00:00,15485.0
2008-10-27 12:00:00,15436.0
2008-10-27 13:00:00,15405.0
2008-10-27 14:00:00,15216.0
2008-10-27 15:00:00,15043.0
2008-10-27 16:00:00,15101.0
2008-10-27 17:00:00,15716.0
2008-10-27 18:00:00,16719.0
2008-10-27 19:00:00,16422.0
2008-10-27 20:00:00,15657.0
2008-10-27 21:00:00,14475.0
2008-10-27 22:00:00,12942.0
2008-10-27 23:00:00,11569.0
2008-10-28 00:00:00,10658.0
2008-10-28 01:00:00,10170.0
2008-10-28 02:00:00,9937.0
2008-10-28 03:00:00,9902.0
2008-10-28 04:00:00,10177.0
2008-10-28 05:00:00,11184.0
2008-10-28 06:00:00,13351.0
2008-10-28 07:00:00,14817.0
2008-10-28 08:00:00,15245.0
2008-10-28 09:00:00,15564.0
2008-10-28 10:00:00,15853.0
2008-10-28 11:00:00,15961.0
2008-10-28 12:00:00,15919.0
2008-10-28 13:00:00,15841.0
2008-10-28 14:00:00,15596.0
2008-10-28 15:00:00,15512.0
2008-10-28 16:00:00,15754.0
2008-10-28 17:00:00,16491.0
2008-10-28 18:00:00,17138.0
2008-10-28 19:00:00,16783.0
2008-10-28 20:00:00,16062.0
2008-10-28 21:00:00,14906.0
2008-10-28 22:00:00,13408.0
2008-10-28 23:00:00,12082.0
2008-10-29 00:00:00,11218.0
2008-10-29 01:00:00,10775.0
2008-10-29 02:00:00,10552.0
2008-10-29 03:00:00,10518.0
2008-10-29 04:00:00,10811.0
2008-10-29 05:00:00,11928.0
2008-10-29 06:00:00,14225.0
2008-10-29 07:00:00,15563.0
2008-10-29 08:00:00,15709.0
2008-10-29 09:00:00,15821.0
2008-10-29 10:00:00,15945.0
2008-10-29 11:00:00,15925.0
2008-10-29 12:00:00,15836.0
2008-10-29 13:00:00,15778.0
2008-10-29 14:00:00,15622.0
2008-10-29 15:00:00,15555.0
2008-10-29 16:00:00,15765.0
2008-10-29 17:00:00,16532.0
2008-10-29 18:00:00,17433.0
2008-10-29 19:00:00,17104.0
2008-10-29 20:00:00,16456.0
2008-10-29 21:00:00,15379.0
2008-10-29 22:00:00,13767.0
2008-10-29 23:00:00,12398.0
2008-10-30 00:00:00,11467.0
2008-10-30 01:00:00,11028.0
2008-10-30 02:00:00,10810.0
2008-10-30 03:00:00,10775.0
2008-10-30 04:00:00,11094.0
2008-10-30 05:00:00,12228.0
2008-10-30 06:00:00,14505.0
2008-10-30 07:00:00,15808.0
2008-10-30 08:00:00,15878.0
2008-10-30 09:00:00,15879.0
2008-10-30 10:00:00,15944.0
2008-10-30 11:00:00,15786.0
2008-10-30 12:00:00,15584.0
2008-10-30 13:00:00,15464.0
2008-10-30 14:00:00,15219.0
2008-10-30 15:00:00,15095.0
2008-10-30 16:00:00,15240.0
2008-10-30 17:00:00,15987.0
2008-10-30 18:00:00,17081.0
2008-10-30 19:00:00,16966.0
2008-10-30 20:00:00,16455.0
2008-10-30 21:00:00,15435.0
2008-10-30 22:00:00,13923.0
2008-10-30 23:00:00,12567.0
2008-10-31 00:00:00,11821.0
2008-10-31 01:00:00,11342.0
2008-10-31 02:00:00,11141.0
2008-10-31 03:00:00,11120.0
2008-10-31 04:00:00,11452.0
2008-10-31 05:00:00,12557.0
2008-10-31 06:00:00,14788.0
2008-10-31 07:00:00,16058.0
2008-10-31 08:00:00,16161.0
2008-10-31 09:00:00,16073.0
2008-10-31 10:00:00,15994.0
2008-10-31 11:00:00,15744.0
2008-10-31 12:00:00,15448.0
2008-10-31 13:00:00,15276.0
2008-10-31 14:00:00,14976.0
2008-10-31 15:00:00,14773.0
2008-10-31 16:00:00,14824.0
2008-10-31 17:00:00,15150.0
2008-10-31 18:00:00,15681.0
2008-10-31 19:00:00,15215.0
2008-10-31 20:00:00,14743.0
2008-10-31 21:00:00,14005.0
2008-10-31 22:00:00,12908.0
2008-10-31 23:00:00,11772.0
2008-11-01 00:00:00,10843.0
2008-11-01 01:00:00,10354.0
2008-11-01 02:00:00,10133.0
2008-11-01 03:00:00,9936.0
2008-11-01 04:00:00,10004.0
2008-11-01 05:00:00,10382.0
2008-11-01 06:00:00,11144.0
2008-11-01 07:00:00,11998.0
2008-11-01 08:00:00,12930.0
2008-11-01 09:00:00,13565.0
2008-11-01 10:00:00,13855.0
2008-11-01 11:00:00,13814.0
2008-11-01 12:00:00,13641.0
2008-11-01 13:00:00,13398.0
2008-11-01 14:00:00,13141.0
2008-11-01 15:00:00,13053.0
2008-11-01 16:00:00,13270.0
2008-11-01 17:00:00,14079.0
2008-11-01 18:00:00,15038.0
2008-11-01 19:00:00,14740.0
2008-11-01 20:00:00,14249.0
2008-11-01 21:00:00,13584.0
2008-11-01 22:00:00,12677.0
2008-11-01 23:00:00,11725.0
2008-11-02 00:00:00,10939.0
2008-11-02 01:00:00,20590.0
2008-11-02 02:00:00,10063.0
2008-11-02 03:00:00,10071.0
2008-11-02 04:00:00,10265.0
2008-11-02 05:00:00,10701.0
2008-11-02 06:00:00,11325.0
2008-11-02 07:00:00,12333.0
2008-11-02 08:00:00,13270.0
2008-11-02 09:00:00,13760.0
2008-11-02 10:00:00,13850.0
2008-11-02 11:00:00,13816.0
2008-11-02 12:00:00,13677.0
2008-11-02 13:00:00,13485.0
2008-11-02 14:00:00,13356.0
2008-11-02 15:00:00,13587.0
2008-11-02 16:00:00,14747.0
2008-11-02 17:00:00,16330.0
2008-11-02 18:00:00,16236.0
2008-11-02 19:00:00,15772.0
2008-11-02 20:00:00,15060.0
2008-11-02 21:00:00,13917.0
2008-11-02 22:00:00,12758.0
2008-11-02 23:00:00,11758.0
2008-11-03 00:00:00,11074.0
2008-11-03 01:00:00,10756.0
2008-11-03 02:00:00,10669.0
2008-11-03 03:00:00,10748.0
2008-11-03 04:00:00,11178.0
2008-11-03 05:00:00,12468.0
2008-11-03 06:00:00,14580.0
2008-11-03 07:00:00,15788.0
2008-11-03 08:00:00,16079.0
2008-11-03 09:00:00,16165.0
2008-11-03 10:00:00,16247.0
2008-11-03 11:00:00,16171.0
2008-11-03 12:00:00,15999.0
2008-11-03 13:00:00,15863.0
2008-11-03 14:00:00,15659.0
2008-11-03 15:00:00,15679.0
2008-11-03 16:00:00,16576.0
2008-11-03 17:00:00,17735.0
2008-11-03 18:00:00,17482.0
2008-11-03 19:00:00,16870.0
2008-11-03 20:00:00,15981.0
2008-11-03 21:00:00,14710.0
2008-11-03 22:00:00,13183.0
2008-11-03 23:00:00,11860.0
2008-11-04 00:00:00,11015.0
2008-11-04 01:00:00,10595.0
2008-11-04 02:00:00,10402.0
2008-11-04 03:00:00,10414.0
2008-11-04 04:00:00,10783.0
2008-11-04 05:00:00,12012.0
2008-11-04 06:00:00,13845.0
2008-11-04 07:00:00,14865.0
2008-11-04 08:00:00,15205.0
2008-11-04 09:00:00,15337.0
2008-11-04 10:00:00,15380.0
2008-11-04 11:00:00,15356.0
2008-11-04 12:00:00,15322.0
2008-11-04 13:00:00,15297.0
2008-11-04 14:00:00,15154.0
2008-11-04 15:00:00,15119.0
2008-11-04 16:00:00,15972.0
2008-11-04 17:00:00,17115.0
2008-11-04 18:00:00,16947.0
2008-11-04 19:00:00,16401.0
2008-11-04 20:00:00,15571.0
2008-11-04 21:00:00,14362.0
2008-11-04 22:00:00,12907.0
2008-11-04 23:00:00,11698.0
2008-11-05 00:00:00,10861.0
2008-11-05 01:00:00,10312.0
2008-11-05 02:00:00,10048.0
2008-11-05 03:00:00,10006.0
2008-11-05 04:00:00,10321.0
2008-11-05 05:00:00,11464.0
2008-11-05 06:00:00,13497.0
2008-11-05 07:00:00,14635.0
2008-11-05 08:00:00,14948.0
2008-11-05 09:00:00,15155.0
2008-11-05 10:00:00,15393.0
2008-11-05 11:00:00,15432.0
2008-11-05 12:00:00,15325.0
2008-11-05 13:00:00,15316.0
2008-11-05 14:00:00,15139.0
2008-11-05 15:00:00,15192.0
2008-11-05 16:00:00,16154.0
2008-11-05 17:00:00,17192.0
2008-11-05 18:00:00,16919.0
2008-11-05 19:00:00,16330.0
2008-11-05 20:00:00,15513.0
2008-11-05 21:00:00,14256.0
2008-11-05 22:00:00,12723.0
2008-11-05 23:00:00,11455.0
2008-11-06 00:00:00,10615.0
2008-11-06 01:00:00,10167.0
2008-11-06 02:00:00,9948.0
2008-11-06 03:00:00,9916.0
2008-11-06 04:00:00,10227.0
2008-11-06 05:00:00,11331.0
2008-11-06 06:00:00,13446.0
2008-11-06 07:00:00,14710.0
2008-11-06 08:00:00,15131.0
2008-11-06 09:00:00,15398.0
2008-11-06 10:00:00,15643.0
2008-11-06 11:00:00,15707.0
2008-11-06 12:00:00,15639.0
2008-11-06 13:00:00,15624.0
2008-11-06 14:00:00,15520.0
2008-11-06 15:00:00,15639.0
2008-11-06 16:00:00,16512.0
2008-11-06 17:00:00,17286.0
2008-11-06 18:00:00,17024.0
2008-11-06 19:00:00,16467.0
2008-11-06 20:00:00,15686.0
2008-11-06 21:00:00,14467.0
2008-11-06 22:00:00,12947.0
2008-11-06 23:00:00,11600.0
2008-11-07 00:00:00,10714.0
2008-11-07 01:00:00,10254.0
2008-11-07 02:00:00,9978.0
2008-11-07 03:00:00,9919.0
2008-11-07 04:00:00,10202.0
2008-11-07 05:00:00,11270.0
2008-11-07 06:00:00,13264.0
2008-11-07 07:00:00,14510.0
2008-11-07 08:00:00,14979.0
2008-11-07 09:00:00,15258.0
2008-11-07 10:00:00,15468.0
2008-11-07 11:00:00,15486.0
2008-11-07 12:00:00,15352.0
2008-11-07 13:00:00,15305.0
2008-11-07 14:00:00,15133.0
2008-11-07 15:00:00,15141.0
2008-11-07 16:00:00,15876.0
2008-11-07 17:00:00,16591.0
2008-11-07 18:00:00,16208.0
2008-11-07 19:00:00,15541.0
2008-11-07 20:00:00,14814.0
2008-11-07 21:00:00,13864.0
2008-11-07 22:00:00,12691.0
2008-11-07 23:00:00,11484.0
2008-11-08 00:00:00,10594.0
2008-11-08 01:00:00,10050.0
2008-11-08 02:00:00,9742.0
2008-11-08 03:00:00,9600.0
2008-11-08 04:00:00,9689.0
2008-11-08 05:00:00,10050.0
2008-11-08 06:00:00,10724.0
2008-11-08 07:00:00,11682.0
2008-11-08 08:00:00,12842.0
2008-11-08 09:00:00,13610.0
2008-11-08 10:00:00,13951.0
2008-11-08 11:00:00,14019.0
2008-11-08 12:00:00,13943.0
2008-11-08 13:00:00,13769.0
2008-11-08 14:00:00,13699.0
2008-11-08 15:00:00,13845.0
2008-11-08 16:00:00,14764.0
2008-11-08 17:00:00,15437.0
2008-11-08 18:00:00,15102.0
2008-11-08 19:00:00,14542.0
2008-11-08 20:00:00,13950.0
2008-11-08 21:00:00,13185.0
2008-11-08 22:00:00,12201.0
2008-11-08 23:00:00,11190.0
2008-11-09 00:00:00,10356.0
2008-11-09 01:00:00,9820.0
2008-11-09 02:00:00,9492.0
2008-11-09 03:00:00,9344.0
2008-11-09 04:00:00,9350.0
2008-11-09 05:00:00,9577.0
2008-11-09 06:00:00,10021.0
2008-11-09 07:00:00,10750.0
2008-11-09 08:00:00,11796.0
2008-11-09 09:00:00,12556.0
2008-11-09 10:00:00,12915.0
2008-11-09 11:00:00,13103.0
2008-11-09 12:00:00,13119.0
2008-11-09 13:00:00,13039.0
2008-11-09 14:00:00,12919.0
2008-11-09 15:00:00,13039.0
2008-11-09 16:00:00,14217.0
2008-11-09 17:00:00,15540.0
2008-11-09 18:00:00,15394.0
2008-11-09 19:00:00,14906.0
2008-11-09 20:00:00,14236.0
2008-11-09 21:00:00,13215.0
2008-11-09 22:00:00,12014.0
2008-11-09 23:00:00,10964.0
2008-11-10 00:00:00,10231.0
2008-11-10 01:00:00,9842.0
2008-11-10 02:00:00,9707.0
2008-11-10 03:00:00,9732.0
2008-11-10 04:00:00,10104.0
2008-11-10 05:00:00,11282.0
2008-11-10 06:00:00,13313.0
2008-11-10 07:00:00,14557.0
2008-11-10 08:00:00,14961.0
2008-11-10 09:00:00,15131.0
2008-11-10 10:00:00,15259.0
2008-11-10 11:00:00,15291.0
2008-11-10 12:00:00,15188.0
2008-11-10 13:00:00,15152.0
2008-11-10 14:00:00,15049.0
2008-11-10 15:00:00,15118.0
2008-11-10 16:00:00,16078.0
2008-11-10 17:00:00,17334.0
2008-11-10 18:00:00,17173.0
2008-11-10 19:00:00,16626.0
2008-11-10 20:00:00,15848.0
2008-11-10 21:00:00,14766.0
2008-11-10 22:00:00,13362.0
2008-11-10 23:00:00,12107.0
2008-11-11 00:00:00,11246.0
2008-11-11 01:00:00,10812.0
2008-11-11 02:00:00,10618.0
2008-11-11 03:00:00,10617.0
2008-11-11 04:00:00,10932.0
2008-11-11 05:00:00,11856.0
2008-11-11 06:00:00,13251.0
2008-11-11 07:00:00,14380.0
2008-11-11 08:00:00,15035.0
2008-11-11 09:00:00,15375.0
2008-11-11 10:00:00,15491.0
2008-11-11 11:00:00,15456.0
2008-11-11 12:00:00,15331.0
2008-11-11 13:00:00,15262.0
2008-11-11 14:00:00,15227.0
2008-11-11 15:00:00,15436.0
2008-11-11 16:00:00,16529.0
2008-11-11 17:00:00,17550.0
2008-11-11 18:00:00,17312.0
2008-11-11 19:00:00,16757.0
2008-11-11 20:00:00,15963.0
2008-11-11 21:00:00,14800.0
2008-11-11 22:00:00,13348.0
2008-11-11 23:00:00,12079.0
2008-11-12 00:00:00,11268.0
2008-11-12 01:00:00,10867.0
2008-11-12 02:00:00,10693.0
2008-11-12 03:00:00,10710.0
2008-11-12 04:00:00,11060.0
2008-11-12 05:00:00,12264.0
2008-11-12 06:00:00,14330.0
2008-11-12 07:00:00,15352.0
2008-11-12 08:00:00,15487.0
2008-11-12 09:00:00,15499.0
2008-11-12 10:00:00,15530.0
2008-11-12 11:00:00,15481.0
2008-11-12 12:00:00,15298.0
2008-11-12 13:00:00,15243.0
2008-11-12 14:00:00,15169.0
2008-11-12 15:00:00,15287.0
2008-11-12 16:00:00,16453.0
2008-11-12 17:00:00,17652.0
2008-11-12 18:00:00,17487.0
2008-11-12 19:00:00,17057.0
2008-11-12 20:00:00,16325.0
2008-11-12 21:00:00,15196.0
2008-11-12 22:00:00,13666.0
2008-11-12 23:00:00,12335.0
2008-11-13 00:00:00,11479.0
2008-11-13 01:00:00,11046.0
2008-11-13 02:00:00,10811.0
2008-11-13 03:00:00,10822.0
2008-11-13 04:00:00,11151.0
2008-11-13 05:00:00,12300.0
2008-11-13 06:00:00,14412.0
2008-11-13 07:00:00,15573.0
2008-11-13 08:00:00,15838.0
2008-11-13 09:00:00,15898.0
2008-11-13 10:00:00,15989.0
2008-11-13 11:00:00,15943.0
2008-11-13 12:00:00,15890.0
2008-11-13 13:00:00,15899.0
2008-11-13 14:00:00,15887.0
2008-11-13 15:00:00,16148.0
2008-11-13 16:00:00,17133.0
2008-11-13 17:00:00,17708.0
2008-11-13 18:00:00,17421.0
2008-11-13 19:00:00,16862.0
2008-11-13 20:00:00,16102.0
2008-11-13 21:00:00,14896.0
2008-11-13 22:00:00,13426.0
2008-11-13 23:00:00,12102.0
2008-11-14 00:00:00,11084.0
2008-11-14 01:00:00,10552.0
2008-11-14 02:00:00,10285.0
2008-11-14 03:00:00,10226.0
2008-11-14 04:00:00,10518.0
2008-11-14 05:00:00,11544.0
2008-11-14 06:00:00,13526.0
2008-11-14 07:00:00,14759.0
2008-11-14 08:00:00,15179.0
2008-11-14 09:00:00,15406.0
2008-11-14 10:00:00,15597.0
2008-11-14 11:00:00,15617.0
2008-11-14 12:00:00,15473.0
2008-11-14 13:00:00,15372.0
2008-11-14 14:00:00,15197.0
2008-11-14 15:00:00,15268.0
2008-11-14 16:00:00,16154.0
2008-11-14 17:00:00,16776.0
2008-11-14 18:00:00,16339.0
2008-11-14 19:00:00,15661.0
2008-11-14 20:00:00,14959.0
2008-11-14 21:00:00,14072.0
2008-11-14 22:00:00,12885.0
2008-11-14 23:00:00,11674.0
2008-11-15 00:00:00,10755.0
2008-11-15 01:00:00,10213.0
2008-11-15 02:00:00,9892.0
2008-11-15 03:00:00,9740.0
2008-11-15 04:00:00,9805.0
2008-11-15 05:00:00,10197.0
2008-11-15 06:00:00,10945.0
2008-11-15 07:00:00,11850.0
2008-11-15 08:00:00,13041.0
2008-11-15 09:00:00,13908.0
2008-11-15 10:00:00,14383.0
2008-11-15 11:00:00,14569.0
2008-11-15 12:00:00,14545.0
2008-11-15 13:00:00,14395.0
2008-11-15 14:00:00,14196.0
2008-11-15 15:00:00,14247.0
2008-11-15 16:00:00,15099.0
2008-11-15 17:00:00,15762.0
2008-11-15 18:00:00,15472.0
2008-11-15 19:00:00,14914.0
2008-11-15 20:00:00,14306.0
2008-11-15 21:00:00,13530.0
2008-11-15 22:00:00,12500.0
2008-11-15 23:00:00,11497.0
2008-11-16 00:00:00,10600.0
2008-11-16 01:00:00,10021.0
2008-11-16 02:00:00,9668.0
2008-11-16 03:00:00,9499.0
2008-11-16 04:00:00,9484.0
2008-11-16 05:00:00,9676.0
2008-11-16 06:00:00,10116.0
2008-11-16 07:00:00,10741.0
2008-11-16 08:00:00,11765.0
2008-11-16 09:00:00,12618.0
2008-11-16 10:00:00,13044.0
2008-11-16 11:00:00,13351.0
2008-11-16 12:00:00,13490.0
2008-11-16 13:00:00,13452.0
2008-11-16 14:00:00,13424.0
2008-11-16 15:00:00,13726.0
2008-11-16 16:00:00,15048.0
2008-11-16 17:00:00,16170.0
2008-11-16 18:00:00,15975.0
2008-11-16 19:00:00,15520.0
2008-11-16 20:00:00,14892.0
2008-11-16 21:00:00,13853.0
2008-11-16 22:00:00,12634.0
2008-11-16 23:00:00,11504.0
2008-11-17 00:00:00,10738.0
2008-11-17 01:00:00,10370.0
2008-11-17 02:00:00,10231.0
2008-11-17 03:00:00,10265.0
2008-11-17 04:00:00,10699.0
2008-11-17 05:00:00,11951.0
2008-11-17 06:00:00,14069.0
2008-11-17 07:00:00,15197.0
2008-11-17 08:00:00,15460.0
2008-11-17 09:00:00,15563.0
2008-11-17 10:00:00,15662.0
2008-11-17 11:00:00,15629.0
2008-11-17 12:00:00,15516.0
2008-11-17 13:00:00,15447.0
2008-11-17 14:00:00,15364.0
2008-11-17 15:00:00,15464.0
2008-11-17 16:00:00,16700.0
2008-11-17 17:00:00,17911.0
2008-11-17 18:00:00,17777.0
2008-11-17 19:00:00,17330.0
2008-11-17 20:00:00,16552.0
2008-11-17 21:00:00,15417.0
2008-11-17 22:00:00,13857.0
2008-11-17 23:00:00,12503.0
2008-11-18 00:00:00,11665.0
2008-11-18 01:00:00,11239.0
2008-11-18 02:00:00,11084.0
2008-11-18 03:00:00,11102.0
2008-11-18 04:00:00,11486.0
2008-11-18 05:00:00,12713.0
2008-11-18 06:00:00,14826.0
2008-11-18 07:00:00,15868.0
2008-11-18 08:00:00,15997.0
2008-11-18 09:00:00,16018.0
2008-11-18 10:00:00,16029.0
2008-11-18 11:00:00,15969.0
2008-11-18 12:00:00,15840.0
2008-11-18 13:00:00,15794.0
2008-11-18 14:00:00,15729.0
2008-11-18 15:00:00,15940.0
2008-11-18 16:00:00,17258.0
2008-11-18 17:00:00,18468.0
2008-11-18 18:00:00,18379.0
2008-11-18 19:00:00,17929.0
2008-11-18 20:00:00,17204.0
2008-11-18 21:00:00,16090.0
2008-11-18 22:00:00,14546.0
2008-11-18 23:00:00,13213.0
2008-11-19 00:00:00,12357.0
2008-11-19 01:00:00,11957.0
2008-11-19 02:00:00,11787.0
2008-11-19 03:00:00,11817.0
2008-11-19 04:00:00,12204.0
2008-11-19 05:00:00,13445.0
2008-11-19 06:00:00,15589.0
2008-11-19 07:00:00,16662.0
2008-11-19 08:00:00,16793.0
2008-11-19 09:00:00,16842.0
2008-11-19 10:00:00,16753.0
2008-11-19 11:00:00,16740.0
2008-11-19 12:00:00,16529.0
2008-11-19 13:00:00,16400.0
2008-11-19 14:00:00,16305.0
2008-11-19 15:00:00,16453.0
2008-11-19 16:00:00,17777.0
2008-11-19 17:00:00,19002.0
2008-11-19 18:00:00,18862.0
2008-11-19 19:00:00,18431.0
2008-11-19 20:00:00,17733.0
2008-11-19 21:00:00,16587.0
2008-11-19 22:00:00,14992.0
2008-11-19 23:00:00,13637.0
2008-11-20 00:00:00,12762.0
2008-11-20 01:00:00,12340.0
2008-11-20 02:00:00,12158.0
2008-11-20 03:00:00,12164.0
2008-11-20 04:00:00,12531.0
2008-11-20 05:00:00,13722.0
2008-11-20 06:00:00,15852.0
2008-11-20 07:00:00,16888.0
2008-11-20 08:00:00,17094.0
2008-11-20 09:00:00,17117.0
2008-11-20 10:00:00,17073.0
2008-11-20 11:00:00,16891.0
2008-11-20 12:00:00,16623.0
2008-11-20 13:00:00,16495.0
2008-11-20 14:00:00,16343.0
2008-11-20 15:00:00,16493.0
2008-11-20 16:00:00,17722.0
2008-11-20 17:00:00,18826.0
2008-11-20 18:00:00,18688.0
2008-11-20 19:00:00,18281.0
2008-11-20 20:00:00,17601.0
2008-11-20 21:00:00,16480.0
2008-11-20 22:00:00,14895.0
2008-11-20 23:00:00,13561.0
2008-11-21 00:00:00,12682.0
2008-11-21 01:00:00,12256.0
2008-11-21 02:00:00,12090.0
2008-11-21 03:00:00,12115.0
2008-11-21 04:00:00,12509.0
2008-11-21 05:00:00,13671.0
2008-11-21 06:00:00,15755.0
2008-11-21 07:00:00,16772.0
2008-11-21 08:00:00,16882.0
2008-11-21 09:00:00,16885.0
2008-11-21 10:00:00,16861.0
2008-11-21 11:00:00,16696.0
2008-11-21 12:00:00,16458.0
2008-11-21 13:00:00,16317.0
2008-11-21 14:00:00,16182.0
2008-11-21 15:00:00,16353.0
2008-11-21 16:00:00,17533.0
2008-11-21 17:00:00,18502.0
2008-11-21 18:00:00,18234.0
2008-11-21 19:00:00,17699.0
2008-11-21 20:00:00,17108.0
2008-11-21 21:00:00,16256.0
2008-11-21 22:00:00,15053.0
2008-11-21 23:00:00,13861.0
2008-11-22 00:00:00,12967.0
2008-11-22 01:00:00,12463.0
2008-11-22 02:00:00,12230.0
2008-11-22 03:00:00,12171.0
2008-11-22 04:00:00,12324.0
2008-11-22 05:00:00,12790.0
2008-11-22 06:00:00,13599.0
2008-11-22 07:00:00,14495.0
2008-11-22 08:00:00,15526.0
2008-11-22 09:00:00,16127.0
2008-11-22 10:00:00,16325.0
2008-11-22 11:00:00,16282.0
2008-11-22 12:00:00,16091.0
2008-11-22 13:00:00,15839.0
2008-11-22 14:00:00,15721.0
2008-11-22 15:00:00,15917.0
2008-11-22 16:00:00,17158.0
2008-11-22 17:00:00,18169.0
2008-11-22 18:00:00,17873.0
2008-11-22 19:00:00,17362.0
2008-11-22 20:00:00,16783.0
2008-11-22 21:00:00,15983.0
2008-11-22 22:00:00,14930.0
2008-11-22 23:00:00,13888.0
2008-11-23 00:00:00,13067.0
2008-11-23 01:00:00,12550.0
2008-11-23 02:00:00,12293.0
2008-11-23 03:00:00,12202.0
2008-11-23 04:00:00,12281.0
2008-11-23 05:00:00,12621.0
2008-11-23 06:00:00,13132.0
2008-11-23 07:00:00,13828.0
2008-11-23 08:00:00,14740.0
2008-11-23 09:00:00,15294.0
2008-11-23 10:00:00,15517.0
2008-11-23 11:00:00,15599.0
2008-11-23 12:00:00,15529.0
2008-11-23 13:00:00,15347.0
2008-11-23 14:00:00,15224.0
2008-11-23 15:00:00,15458.0
2008-11-23 16:00:00,16891.0
2008-11-23 17:00:00,18099.0
2008-11-23 18:00:00,17943.0
2008-11-23 19:00:00,17517.0
2008-11-23 20:00:00,16852.0
2008-11-23 21:00:00,15740.0
2008-11-23 22:00:00,14417.0
2008-11-23 23:00:00,13215.0
2008-11-24 00:00:00,12427.0
2008-11-24 01:00:00,12035.0
2008-11-24 02:00:00,11902.0
2008-11-24 03:00:00,11972.0
2008-11-24 04:00:00,12367.0
2008-11-24 05:00:00,13547.0
2008-11-24 06:00:00,15633.0
2008-11-24 07:00:00,16752.0
2008-11-24 08:00:00,16905.0
2008-11-24 09:00:00,16878.0
2008-11-24 10:00:00,16798.0
2008-11-24 11:00:00,16654.0
2008-11-24 12:00:00,16411.0
2008-11-24 13:00:00,16299.0
2008-11-24 14:00:00,16225.0
2008-11-24 15:00:00,16460.0
2008-11-24 16:00:00,17686.0
2008-11-24 17:00:00,18546.0
2008-11-24 18:00:00,18337.0
2008-11-24 19:00:00,17800.0
2008-11-24 20:00:00,17010.0
2008-11-24 21:00:00,15762.0
2008-11-24 22:00:00,14124.0
2008-11-24 23:00:00,12698.0
2008-11-25 00:00:00,11758.0
2008-11-25 01:00:00,11260.0
2008-11-25 02:00:00,11002.0
2008-11-25 03:00:00,10962.0
2008-11-25 04:00:00,11239.0
2008-11-25 05:00:00,12318.0
2008-11-25 06:00:00,14400.0
2008-11-25 07:00:00,15789.0
2008-11-25 08:00:00,16184.0
2008-11-25 09:00:00,16447.0
2008-11-25 10:00:00,16618.0
2008-11-25 11:00:00,16627.0
2008-11-25 12:00:00,16451.0
2008-11-25 13:00:00,16383.0
2008-11-25 14:00:00,16278.0
2008-11-25 15:00:00,16438.0
2008-11-25 16:00:00,17321.0
2008-11-25 17:00:00,17909.0
2008-11-25 18:00:00,17628.0
2008-11-25 19:00:00,17135.0
2008-11-25 20:00:00,16425.0
2008-11-25 21:00:00,15356.0
2008-11-25 22:00:00,13912.0
2008-11-25 23:00:00,12579.0
2008-11-26 00:00:00,11636.0
2008-11-26 01:00:00,11169.0
2008-11-26 02:00:00,10971.0
2008-11-26 03:00:00,10976.0
2008-11-26 04:00:00,11321.0
2008-11-26 05:00:00,12407.0
2008-11-26 06:00:00,14324.0
2008-11-26 07:00:00,15533.0
2008-11-26 08:00:00,16010.0
2008-11-26 09:00:00,16213.0
2008-11-26 10:00:00,16269.0
2008-11-26 11:00:00,16186.0
2008-11-26 12:00:00,16026.0
2008-11-26 13:00:00,15917.0
2008-11-26 14:00:00,15772.0
2008-11-26 15:00:00,15797.0
2008-11-26 16:00:00,16900.0
2008-11-26 17:00:00,17755.0
2008-11-26 18:00:00,17477.0
2008-11-26 19:00:00,16972.0
2008-11-26 20:00:00,16330.0
2008-11-26 21:00:00,15412.0
2008-11-26 22:00:00,14083.0
2008-11-26 23:00:00,12766.0
2008-11-27 00:00:00,11754.0
2008-11-27 01:00:00,11166.0
2008-11-27 02:00:00,10846.0
2008-11-27 03:00:00,10714.0
2008-11-27 04:00:00,10818.0
2008-11-27 05:00:00,11255.0
2008-11-27 06:00:00,12000.0
2008-11-27 07:00:00,12898.0
2008-11-27 08:00:00,14020.0
2008-11-27 09:00:00,14830.0
2008-11-27 10:00:00,15170.0
2008-11-27 11:00:00,15173.0
2008-11-27 12:00:00,14721.0
2008-11-27 13:00:00,13977.0
2008-11-27 14:00:00,13286.0
2008-11-27 15:00:00,12983.0
2008-11-27 16:00:00,13511.0
2008-11-27 17:00:00,13887.0
2008-11-27 18:00:00,13888.0
2008-11-27 19:00:00,13901.0
2008-11-27 20:00:00,13819.0
2008-11-27 21:00:00,13417.0
2008-11-27 22:00:00,12688.0
2008-11-27 23:00:00,11853.0
2008-11-28 00:00:00,11224.0
2008-11-28 01:00:00,10858.0
2008-11-28 02:00:00,10711.0
2008-11-28 03:00:00,10731.0
2008-11-28 04:00:00,10989.0
2008-11-28 05:00:00,11645.0
2008-11-28 06:00:00,12503.0
2008-11-28 07:00:00,13250.0
2008-11-28 08:00:00,14096.0
2008-11-28 09:00:00,14733.0
2008-11-28 10:00:00,15008.0
2008-11-28 11:00:00,15061.0
2008-11-28 12:00:00,14909.0
2008-11-28 13:00:00,14583.0
2008-11-28 14:00:00,14288.0
2008-11-28 15:00:00,14397.0
2008-11-28 16:00:00,15565.0
2008-11-28 17:00:00,16489.0
2008-11-28 18:00:00,16233.0
2008-11-28 19:00:00,15791.0
2008-11-28 20:00:00,15241.0
2008-11-28 21:00:00,14484.0
2008-11-28 22:00:00,13465.0
2008-11-28 23:00:00,12376.0
2008-11-29 00:00:00,11491.0
2008-11-29 01:00:00,10990.0
2008-11-29 02:00:00,10766.0
2008-11-29 03:00:00,10684.0
2008-11-29 04:00:00,10811.0
2008-11-29 05:00:00,11249.0
2008-11-29 06:00:00,11940.0
2008-11-29 07:00:00,12659.0
2008-11-29 08:00:00,13589.0
2008-11-29 09:00:00,14151.0
2008-11-29 10:00:00,14357.0
2008-11-29 11:00:00,14353.0
2008-11-29 12:00:00,14216.0
2008-11-29 13:00:00,14037.0
2008-11-29 14:00:00,13941.0
2008-11-29 15:00:00,14163.0
2008-11-29 16:00:00,15412.0
2008-11-29 17:00:00,16329.0
2008-11-29 18:00:00,16137.0
2008-11-29 19:00:00,15768.0
2008-11-29 20:00:00,15298.0
2008-11-29 21:00:00,14638.0
2008-11-29 22:00:00,13651.0
2008-11-29 23:00:00,12624.0
2008-11-30 00:00:00,11773.0
2008-11-30 01:00:00,11313.0
2008-11-30 02:00:00,11079.0
2008-11-30 03:00:00,11000.0
2008-11-30 04:00:00,11077.0
2008-11-30 05:00:00,11387.0
2008-11-30 06:00:00,11925.0
2008-11-30 07:00:00,12603.0
2008-11-30 08:00:00,13660.0
2008-11-30 09:00:00,14545.0
2008-11-30 10:00:00,15068.0
2008-11-30 11:00:00,15368.0
2008-11-30 12:00:00,15543.0
2008-11-30 13:00:00,15575.0
2008-11-30 14:00:00,15583.0
2008-11-30 15:00:00,15915.0
2008-11-30 16:00:00,17066.0
2008-11-30 17:00:00,17577.0
2008-11-30 18:00:00,17333.0
2008-11-30 19:00:00,16837.0
2008-11-30 20:00:00,15979.0
2008-11-30 21:00:00,14820.0
2008-11-30 22:00:00,13389.0
2008-11-30 23:00:00,12148.0
2008-12-01 00:00:00,11307.0
2008-12-01 01:00:00,10866.0
2008-12-01 02:00:00,10641.0
2008-12-01 03:00:00,10638.0
2008-12-01 04:00:00,10960.0
2008-12-01 05:00:00,12105.0
2008-12-01 06:00:00,14231.0
2008-12-01 07:00:00,15594.0
2008-12-01 08:00:00,15874.0
2008-12-01 09:00:00,15938.0
2008-12-01 10:00:00,15961.0
2008-12-01 11:00:00,15874.0
2008-12-01 12:00:00,15705.0
2008-12-01 13:00:00,15564.0
2008-12-01 14:00:00,15380.0
2008-12-01 15:00:00,15451.0
2008-12-01 16:00:00,16774.0
2008-12-01 17:00:00,17890.0
2008-12-01 18:00:00,17751.0
2008-12-01 19:00:00,17267.0
2008-12-01 20:00:00,16519.0
2008-12-01 21:00:00,15298.0
2008-12-01 22:00:00,13690.0
2008-12-01 23:00:00,12277.0
2008-12-02 00:00:00,11386.0
2008-12-02 01:00:00,10915.0
2008-12-02 02:00:00,10713.0
2008-12-02 03:00:00,10718.0
2008-12-02 04:00:00,11097.0
2008-12-02 05:00:00,12297.0
2008-12-02 06:00:00,14492.0
2008-12-02 07:00:00,15624.0
2008-12-02 08:00:00,15762.0
2008-12-02 09:00:00,15766.0
2008-12-02 10:00:00,15792.0
2008-12-02 11:00:00,15719.0
2008-12-02 12:00:00,15591.0
2008-12-02 13:00:00,15556.0
2008-12-02 14:00:00,15502.0
2008-12-02 15:00:00,15716.0
2008-12-02 16:00:00,17097.0
2008-12-02 17:00:00,18210.0
2008-12-02 18:00:00,18110.0
2008-12-02 19:00:00,17709.0
2008-12-02 20:00:00,16994.0
2008-12-02 21:00:00,15844.0
2008-12-02 22:00:00,14222.0
2008-12-02 23:00:00,12767.0
2008-12-03 00:00:00,11902.0
2008-12-03 01:00:00,11460.0
2008-12-03 02:00:00,11294.0
2008-12-03 03:00:00,11335.0
2008-12-03 04:00:00,11753.0
2008-12-03 05:00:00,12983.0
2008-12-03 06:00:00,15220.0
2008-12-03 07:00:00,16313.0
2008-12-03 08:00:00,16378.0
2008-12-03 09:00:00,16269.0
2008-12-03 10:00:00,16192.0
2008-12-03 11:00:00,16021.0
2008-12-03 12:00:00,15793.0
2008-12-03 13:00:00,15690.0
2008-12-03 14:00:00,15561.0
2008-12-03 15:00:00,15689.0
2008-12-03 16:00:00,17114.0
2008-12-03 17:00:00,18402.0
2008-12-03 18:00:00,18328.0
2008-12-03 19:00:00,17923.0
2008-12-03 20:00:00,17269.0
2008-12-03 21:00:00,16101.0
2008-12-03 22:00:00,14446.0
2008-12-03 23:00:00,12918.0
2008-12-04 00:00:00,11976.0
2008-12-04 01:00:00,11498.0
2008-12-04 02:00:00,11297.0
2008-12-04 03:00:00,11277.0
2008-12-04 04:00:00,11610.0
2008-12-04 05:00:00,12773.0
2008-12-04 06:00:00,14915.0
2008-12-04 07:00:00,15938.0
2008-12-04 08:00:00,16078.0
2008-12-04 09:00:00,16094.0
2008-12-04 10:00:00,16120.0
2008-12-04 11:00:00,16056.0
2008-12-04 12:00:00,15982.0
2008-12-04 13:00:00,15931.0
2008-12-04 14:00:00,15832.0
2008-12-04 15:00:00,16088.0
2008-12-04 16:00:00,17381.0
2008-12-04 17:00:00,18102.0
2008-12-04 18:00:00,17911.0
2008-12-04 19:00:00,17486.0
2008-12-04 20:00:00,16804.0
2008-12-04 21:00:00,15667.0
2008-12-04 22:00:00,14056.0
2008-12-04 23:00:00,12632.0
2008-12-05 00:00:00,11720.0
2008-12-05 01:00:00,11242.0
2008-12-05 02:00:00,11052.0
2008-12-05 03:00:00,11084.0
2008-12-05 04:00:00,11472.0
2008-12-05 05:00:00,12684.0
2008-12-05 06:00:00,14881.0
2008-12-05 07:00:00,16050.0
2008-12-05 08:00:00,16237.0
2008-12-05 09:00:00,16266.0
2008-12-05 10:00:00,16240.0
2008-12-05 11:00:00,16111.0
2008-12-05 12:00:00,15902.0
2008-12-05 13:00:00,15819.0
2008-12-05 14:00:00,15715.0
2008-12-05 15:00:00,15902.0
2008-12-05 16:00:00,17365.0
2008-12-05 17:00:00,18244.0
2008-12-05 18:00:00,17986.0
2008-12-05 19:00:00,17455.0
2008-12-05 20:00:00,16874.0
2008-12-05 21:00:00,16044.0
2008-12-05 22:00:00,14829.0
2008-12-05 23:00:00,13537.0
2008-12-06 00:00:00,12589.0
2008-12-06 01:00:00,12066.0
2008-12-06 02:00:00,11807.0
2008-12-06 03:00:00,11759.0
2008-12-06 04:00:00,11940.0
2008-12-06 05:00:00,12468.0
2008-12-06 06:00:00,13347.0
2008-12-06 07:00:00,14274.0
2008-12-06 08:00:00,15209.0
2008-12-06 09:00:00,15613.0
2008-12-06 10:00:00,15599.0
2008-12-06 11:00:00,15406.0
2008-12-06 12:00:00,15214.0
2008-12-06 13:00:00,15063.0
2008-12-06 14:00:00,15028.0
2008-12-06 15:00:00,15309.0
2008-12-06 16:00:00,16697.0
2008-12-06 17:00:00,17581.0
2008-12-06 18:00:00,17326.0
2008-12-06 19:00:00,16779.0
2008-12-06 20:00:00,16215.0
2008-12-06 21:00:00,15487.0
2008-12-06 22:00:00,14413.0
2008-12-06 23:00:00,13201.0
2008-12-07 00:00:00,12254.0
2008-12-07 01:00:00,11628.0
2008-12-07 02:00:00,11335.0
2008-12-07 03:00:00,11197.0
2008-12-07 04:00:00,11207.0
2008-12-07 05:00:00,11514.0
2008-12-07 06:00:00,12082.0
2008-12-07 07:00:00,12861.0
2008-12-07 08:00:00,13982.0
2008-12-07 09:00:00,14836.0
2008-12-07 10:00:00,15279.0
2008-12-07 11:00:00,15533.0
2008-12-07 12:00:00,15644.0
2008-12-07 13:00:00,15554.0
2008-12-07 14:00:00,15490.0
2008-12-07 15:00:00,15783.0
2008-12-07 16:00:00,17352.0
2008-12-07 17:00:00,18455.0
2008-12-07 18:00:00,18417.0
2008-12-07 19:00:00,18099.0
2008-12-07 20:00:00,17516.0
2008-12-07 21:00:00,16440.0
2008-12-07 22:00:00,14990.0
2008-12-07 23:00:00,13745.0
2008-12-08 00:00:00,12933.0
2008-12-08 01:00:00,12604.0
2008-12-08 02:00:00,12525.0
2008-12-08 03:00:00,12631.0
2008-12-08 04:00:00,13094.0
2008-12-08 05:00:00,14362.0
2008-12-08 06:00:00,16692.0
2008-12-08 07:00:00,17968.0
2008-12-08 08:00:00,18255.0
2008-12-08 09:00:00,18323.0
2008-12-08 10:00:00,18323.0
2008-12-08 11:00:00,18174.0
2008-12-08 12:00:00,17932.0
2008-12-08 13:00:00,17776.0
2008-12-08 14:00:00,17619.0
2008-12-08 15:00:00,17809.0
2008-12-08 16:00:00,19362.0
2008-12-08 17:00:00,20690.0
2008-12-08 18:00:00,20655.0
2008-12-08 19:00:00,20231.0
2008-12-08 20:00:00,19522.0
2008-12-08 21:00:00,18274.0
2008-12-08 22:00:00,16448.0
2008-12-08 23:00:00,14835.0
2008-12-09 00:00:00,13802.0
2008-12-09 01:00:00,13300.0
2008-12-09 02:00:00,13028.0
2008-12-09 03:00:00,12973.0
2008-12-09 04:00:00,13265.0
2008-12-09 05:00:00,14407.0
2008-12-09 06:00:00,16573.0
2008-12-09 07:00:00,17773.0
2008-12-09 08:00:00,17952.0
2008-12-09 09:00:00,17967.0
2008-12-09 10:00:00,17901.0
2008-12-09 11:00:00,17714.0
2008-12-09 12:00:00,17430.0
2008-12-09 13:00:00,17273.0
2008-12-09 14:00:00,17083.0
2008-12-09 15:00:00,17225.0
2008-12-09 16:00:00,18529.0
2008-12-09 17:00:00,19297.0
2008-12-09 18:00:00,19045.0
2008-12-09 19:00:00,18463.0
2008-12-09 20:00:00,17587.0
2008-12-09 21:00:00,16277.0
2008-12-09 22:00:00,14497.0
2008-12-09 23:00:00,12844.0
2008-12-10 00:00:00,11745.0
2008-12-10 01:00:00,11140.0
2008-12-10 02:00:00,10835.0
2008-12-10 03:00:00,10760.0
2008-12-10 04:00:00,11023.0
2008-12-10 05:00:00,12101.0
2008-12-10 06:00:00,14226.0
2008-12-10 07:00:00,15506.0
2008-12-10 08:00:00,15804.0
2008-12-10 09:00:00,15972.0
2008-12-10 10:00:00,16078.0
2008-12-10 11:00:00,16138.0
2008-12-10 12:00:00,16107.0
2008-12-10 13:00:00,16105.0
2008-12-10 14:00:00,16099.0
2008-12-10 15:00:00,16387.0
2008-12-10 16:00:00,17543.0
2008-12-10 17:00:00,18161.0
2008-12-10 18:00:00,17920.0
2008-12-10 19:00:00,17443.0
2008-12-10 20:00:00,16743.0
2008-12-10 21:00:00,15583.0
2008-12-10 22:00:00,13943.0
2008-12-10 23:00:00,12443.0
2008-12-11 00:00:00,11474.0
2008-12-11 01:00:00,11014.0
2008-12-11 02:00:00,10814.0
2008-12-11 03:00:00,10841.0
2008-12-11 04:00:00,11226.0
2008-12-11 05:00:00,12438.0
2008-12-11 06:00:00,14682.0
2008-12-11 07:00:00,16123.0
2008-12-11 08:00:00,16509.0
2008-12-11 09:00:00,16776.0
2008-12-11 10:00:00,16972.0
2008-12-11 11:00:00,17016.0
2008-12-11 12:00:00,16981.0
2008-12-11 13:00:00,17019.0
2008-12-11 14:00:00,16966.0
2008-12-11 15:00:00,17292.0
2008-12-11 16:00:00,18530.0
2008-12-11 17:00:00,19217.0
2008-12-11 18:00:00,19001.0
2008-12-11 19:00:00,18515.0
2008-12-11 20:00:00,17737.0
2008-12-11 21:00:00,16494.0
2008-12-11 22:00:00,14756.0
2008-12-11 23:00:00,13027.0
2008-12-12 00:00:00,11798.0
2008-12-12 01:00:00,11061.0
2008-12-12 02:00:00,10607.0
2008-12-12 03:00:00,10417.0
2008-12-12 04:00:00,10529.0
2008-12-12 05:00:00,11315.0
2008-12-12 06:00:00,12877.0
2008-12-12 07:00:00,14055.0
2008-12-12 08:00:00,14384.0
2008-12-12 09:00:00,14648.0
2008-12-12 10:00:00,14828.0
2008-12-12 11:00:00,14854.0
2008-12-12 12:00:00,14709.0
2008-12-12 13:00:00,14614.0
2008-12-12 14:00:00,14491.0
2008-12-12 15:00:00,14671.0
2008-12-12 16:00:00,15926.0
2008-12-12 17:00:00,16880.0
2008-12-12 18:00:00,16689.0
2008-12-12 19:00:00,16286.0
2008-12-12 20:00:00,15828.0
2008-12-12 21:00:00,15099.0
2008-12-12 22:00:00,14001.0
2008-12-12 23:00:00,12723.0
2008-12-13 00:00:00,11811.0
2008-12-13 01:00:00,11289.0
2008-12-13 02:00:00,11048.0
2008-12-13 03:00:00,11005.0
2008-12-13 04:00:00,11170.0
2008-12-13 05:00:00,11638.0
2008-12-13 06:00:00,12440.0
2008-12-13 07:00:00,13266.0
2008-12-13 08:00:00,14268.0
2008-12-13 09:00:00,14864.0
2008-12-13 10:00:00,15090.0
2008-12-13 11:00:00,15083.0
2008-12-13 12:00:00,14906.0
2008-12-13 13:00:00,14709.0
2008-12-13 14:00:00,14619.0
2008-12-13 15:00:00,14870.0
2008-12-13 16:00:00,16328.0
2008-12-13 17:00:00,17495.0
2008-12-13 18:00:00,17356.0
2008-12-13 19:00:00,16966.0
2008-12-13 20:00:00,16535.0
2008-12-13 21:00:00,15925.0
2008-12-13 22:00:00,14902.0
2008-12-13 23:00:00,13787.0
2008-12-14 00:00:00,12814.0
2008-12-14 01:00:00,12291.0
2008-12-14 02:00:00,11992.0
2008-12-14 03:00:00,11879.0
2008-12-14 04:00:00,11924.0
2008-12-14 05:00:00,12212.0
2008-12-14 06:00:00,12736.0
2008-12-14 07:00:00,13320.0
2008-12-14 08:00:00,14222.0
2008-12-14 09:00:00,14746.0
2008-12-14 10:00:00,14924.0
2008-12-14 11:00:00,14948.0
2008-12-14 12:00:00,14939.0
2008-12-14 13:00:00,14802.0
2008-12-14 14:00:00,14654.0
2008-12-14 15:00:00,14830.0
2008-12-14 16:00:00,16423.0
2008-12-14 17:00:00,17542.0
2008-12-14 18:00:00,17450.0
2008-12-14 19:00:00,17095.0
2008-12-14 20:00:00,16494.0
2008-12-14 21:00:00,15382.0
2008-12-14 22:00:00,13877.0
2008-12-14 23:00:00,12468.0
2008-12-15 00:00:00,11467.0
2008-12-15 01:00:00,10933.0
2008-12-15 02:00:00,10689.0
2008-12-15 03:00:00,10639.0
2008-12-15 04:00:00,10956.0
2008-12-15 05:00:00,12016.0
2008-12-15 06:00:00,14058.0
2008-12-15 07:00:00,15308.0
2008-12-15 08:00:00,15640.0
2008-12-15 09:00:00,15799.0
2008-12-15 10:00:00,15900.0
2008-12-15 11:00:00,15863.0
2008-12-15 12:00:00,15754.0
2008-12-15 13:00:00,15669.0
2008-12-15 14:00:00,15548.0
2008-12-15 15:00:00,15637.0
2008-12-15 16:00:00,16962.0
2008-12-15 17:00:00,18046.0
2008-12-15 18:00:00,17908.0
2008-12-15 19:00:00,17446.0
2008-12-15 20:00:00,16739.0
2008-12-15 21:00:00,15507.0
2008-12-15 22:00:00,13798.0
2008-12-15 23:00:00,12185.0
2008-12-16 00:00:00,11091.0
2008-12-16 01:00:00,10535.0
2008-12-16 02:00:00,10274.0
2008-12-16 03:00:00,10251.0
2008-12-16 04:00:00,10597.0
2008-12-16 05:00:00,11697.0
2008-12-16 06:00:00,14038.0
2008-12-16 07:00:00,15553.0
2008-12-16 08:00:00,15966.0
2008-12-16 09:00:00,16192.0
2008-12-16 10:00:00,16396.0
2008-12-16 11:00:00,16394.0
2008-12-16 12:00:00,16397.0
2008-12-16 13:00:00,16452.0
2008-12-16 14:00:00,16448.0
2008-12-16 15:00:00,16769.0
2008-12-16 16:00:00,18184.0
2008-12-16 17:00:00,19145.0
2008-12-16 18:00:00,19065.0
2008-12-16 19:00:00,18671.0
2008-12-16 20:00:00,18038.0
2008-12-16 21:00:00,16915.0
2008-12-16 22:00:00,15205.0
2008-12-16 23:00:00,13558.0
2008-12-17 00:00:00,12519.0
2008-12-17 01:00:00,12014.0
2008-12-17 02:00:00,11807.0
2008-12-17 03:00:00,11786.0
2008-12-17 04:00:00,12107.0
2008-12-17 05:00:00,13212.0
2008-12-17 06:00:00,15354.0
2008-12-17 07:00:00,16711.0
2008-12-17 08:00:00,17087.0
2008-12-17 09:00:00,17286.0
2008-12-17 10:00:00,17420.0
2008-12-17 11:00:00,17466.0
2008-12-17 12:00:00,17393.0
2008-12-17 13:00:00,17327.0
2008-12-17 14:00:00,17138.0
2008-12-17 15:00:00,17192.0
2008-12-17 16:00:00,18433.0
2008-12-17 17:00:00,19428.0
2008-12-17 18:00:00,19325.0
2008-12-17 19:00:00,18890.0
2008-12-17 20:00:00,18245.0
2008-12-17 21:00:00,17089.0
2008-12-17 22:00:00,15381.0
2008-12-17 23:00:00,13724.0
2008-12-18 00:00:00,12647.0
2008-12-18 01:00:00,12109.0
2008-12-18 02:00:00,11860.0
2008-12-18 03:00:00,11865.0
2008-12-18 04:00:00,12225.0
2008-12-18 05:00:00,13411.0
2008-12-18 06:00:00,15605.0
2008-12-18 07:00:00,16828.0
2008-12-18 08:00:00,16942.0
2008-12-18 09:00:00,16913.0
2008-12-18 10:00:00,16850.0
2008-12-18 11:00:00,16684.0
2008-12-18 12:00:00,16351.0
2008-12-18 13:00:00,16227.0
2008-12-18 14:00:00,16109.0
2008-12-18 15:00:00,16237.0
2008-12-18 16:00:00,17721.0
2008-12-18 17:00:00,18913.0
2008-12-18 18:00:00,18893.0
2008-12-18 19:00:00,18586.0
2008-12-18 20:00:00,18120.0
2008-12-18 21:00:00,17163.0
2008-12-18 22:00:00,15611.0
2008-12-18 23:00:00,14023.0
2008-12-19 00:00:00,12903.0
2008-12-19 01:00:00,12318.0
2008-12-19 02:00:00,12069.0
2008-12-19 03:00:00,12075.0
2008-12-19 04:00:00,12426.0
2008-12-19 05:00:00,13527.0
2008-12-19 06:00:00,15452.0
2008-12-19 07:00:00,16697.0
2008-12-19 08:00:00,17182.0
2008-12-19 09:00:00,17408.0
2008-12-19 10:00:00,17543.0
2008-12-19 11:00:00,17625.0
2008-12-19 12:00:00,17667.0
2008-12-19 13:00:00,17833.0
2008-12-19 14:00:00,17945.0
2008-12-19 15:00:00,18254.0
2008-12-19 16:00:00,19530.0
2008-12-19 17:00:00,20264.0
2008-12-19 18:00:00,19846.0
2008-12-19 19:00:00,19125.0
2008-12-19 20:00:00,18287.0
2008-12-19 21:00:00,17199.0
2008-12-19 22:00:00,15825.0
2008-12-19 23:00:00,14417.0
2008-12-20 00:00:00,13403.0
2008-12-20 01:00:00,12876.0
2008-12-20 02:00:00,12615.0
2008-12-20 03:00:00,12563.0
2008-12-20 04:00:00,12723.0
2008-12-20 05:00:00,13174.0
2008-12-20 06:00:00,14002.0
2008-12-20 07:00:00,14991.0
2008-12-20 08:00:00,16108.0
2008-12-20 09:00:00,16920.0
2008-12-20 10:00:00,17260.0
2008-12-20 11:00:00,17342.0
2008-12-20 12:00:00,17188.0
2008-12-20 13:00:00,16929.0
2008-12-20 14:00:00,16772.0
2008-12-20 15:00:00,16951.0
2008-12-20 16:00:00,18266.0
2008-12-20 17:00:00,19094.0
2008-12-20 18:00:00,18882.0
2008-12-20 19:00:00,18368.0
2008-12-20 20:00:00,17808.0
2008-12-20 21:00:00,17002.0
2008-12-20 22:00:00,15882.0
2008-12-20 23:00:00,14712.0
2008-12-21 00:00:00,13662.0
2008-12-21 01:00:00,13019.0
2008-12-21 02:00:00,12674.0
2008-12-21 03:00:00,12514.0
2008-12-21 04:00:00,12536.0
2008-12-21 05:00:00,12817.0
2008-12-21 06:00:00,13424.0
2008-12-21 07:00:00,14238.0
2008-12-21 08:00:00,15268.0
2008-12-21 09:00:00,16164.0
2008-12-21 10:00:00,16709.0
2008-12-21 11:00:00,17076.0
2008-12-21 12:00:00,17302.0
2008-12-21 13:00:00,17306.0
2008-12-21 14:00:00,17201.0
2008-12-21 15:00:00,17335.0
2008-12-21 16:00:00,18558.0
2008-12-21 17:00:00,19605.0
2008-12-21 18:00:00,19431.0
2008-12-21 19:00:00,18915.0
2008-12-21 20:00:00,18184.0
2008-12-21 21:00:00,17035.0
2008-12-21 22:00:00,15531.0
2008-12-21 23:00:00,14131.0
2008-12-22 00:00:00,13120.0
2008-12-22 01:00:00,12650.0
2008-12-22 02:00:00,12485.0
2008-12-22 03:00:00,12578.0
2008-12-22 04:00:00,13007.0
2008-12-22 05:00:00,14094.0
2008-12-22 06:00:00,15930.0
2008-12-22 07:00:00,17210.0
2008-12-22 08:00:00,17790.0
2008-12-22 09:00:00,17985.0
2008-12-22 10:00:00,18001.0
2008-12-22 11:00:00,17936.0
2008-12-22 12:00:00,17725.0
2008-12-22 13:00:00,17557.0
2008-12-22 14:00:00,17414.0
2008-12-22 15:00:00,17562.0
2008-12-22 16:00:00,18924.0
2008-12-22 17:00:00,20223.0
2008-12-22 18:00:00,20228.0
2008-12-22 19:00:00,19906.0
2008-12-22 20:00:00,19408.0
2008-12-22 21:00:00,18353.0
2008-12-22 22:00:00,16776.0
2008-12-22 23:00:00,15208.0
2008-12-23 00:00:00,14122.0
2008-12-23 01:00:00,13562.0
2008-12-23 02:00:00,13322.0
2008-12-23 03:00:00,13316.0
2008-12-23 04:00:00,13644.0
2008-12-23 05:00:00,14743.0
2008-12-23 06:00:00,16723.0
2008-12-23 07:00:00,17939.0
2008-12-23 08:00:00,18202.0
2008-12-23 09:00:00,18160.0
2008-12-23 10:00:00,17940.0
2008-12-23 11:00:00,17670.0
2008-12-23 12:00:00,17283.0
2008-12-23 13:00:00,17096.0
2008-12-23 14:00:00,16947.0
2008-12-23 15:00:00,17073.0
2008-12-23 16:00:00,18485.0
2008-12-23 17:00:00,19605.0
2008-12-23 18:00:00,19537.0
2008-12-23 19:00:00,19184.0
2008-12-23 20:00:00,18626.0
2008-12-23 21:00:00,17688.0
2008-12-23 22:00:00,16240.0
2008-12-23 23:00:00,14646.0
2008-12-24 00:00:00,13412.0
2008-12-24 01:00:00,12684.0
2008-12-24 02:00:00,12278.0
2008-12-24 03:00:00,12121.0
2008-12-24 04:00:00,12321.0
2008-12-24 05:00:00,13115.0
2008-12-24 06:00:00,14488.0
2008-12-24 07:00:00,15750.0
2008-12-24 08:00:00,16650.0
2008-12-24 09:00:00,17172.0
2008-12-24 10:00:00,17366.0
2008-12-24 11:00:00,17308.0
2008-12-24 12:00:00,16961.0
2008-12-24 13:00:00,16683.0
2008-12-24 14:00:00,16468.0
2008-12-24 15:00:00,16428.0
2008-12-24 16:00:00,17354.0
2008-12-24 17:00:00,17680.0
2008-12-24 18:00:00,16812.0
2008-12-24 19:00:00,15965.0
2008-12-24 20:00:00,15393.0
2008-12-24 21:00:00,14847.0
2008-12-24 22:00:00,14096.0
2008-12-24 23:00:00,13059.0
2008-12-25 00:00:00,11944.0
2008-12-25 01:00:00,11185.0
2008-12-25 02:00:00,10664.0
2008-12-25 03:00:00,10450.0
2008-12-25 04:00:00,10531.0
2008-12-25 05:00:00,10894.0
2008-12-25 06:00:00,11554.0
2008-12-25 07:00:00,12258.0
2008-12-25 08:00:00,13097.0
2008-12-25 09:00:00,13699.0
2008-12-25 10:00:00,13998.0
2008-12-25 11:00:00,14102.0
2008-12-25 12:00:00,13973.0
2008-12-25 13:00:00,13584.0
2008-12-25 14:00:00,13197.0
2008-12-25 15:00:00,13143.0
2008-12-25 16:00:00,14118.0
2008-12-25 17:00:00,15059.0
2008-12-25 18:00:00,15104.0
2008-12-25 19:00:00,15051.0
2008-12-25 20:00:00,14940.0
2008-12-25 21:00:00,14544.0
2008-12-25 22:00:00,13714.0
2008-12-25 23:00:00,12689.0
2008-12-26 00:00:00,11930.0
2008-12-26 01:00:00,11504.0
2008-12-26 02:00:00,11347.0
2008-12-26 03:00:00,11361.0
2008-12-26 04:00:00,11623.0
2008-12-26 05:00:00,12272.0
2008-12-26 06:00:00,13321.0
2008-12-26 07:00:00,14152.0
2008-12-26 08:00:00,15003.0
2008-12-26 09:00:00,15580.0
2008-12-26 10:00:00,15847.0
2008-12-26 11:00:00,15813.0
2008-12-26 12:00:00,15635.0
2008-12-26 13:00:00,15544.0
2008-12-26 14:00:00,15439.0
2008-12-26 15:00:00,15533.0
2008-12-26 16:00:00,16750.0
2008-12-26 17:00:00,17796.0
2008-12-26 18:00:00,17529.0
2008-12-26 19:00:00,17028.0
2008-12-26 20:00:00,16408.0
2008-12-26 21:00:00,15544.0
2008-12-26 22:00:00,14341.0
2008-12-26 23:00:00,13063.0
2008-12-27 00:00:00,12045.0
2008-12-27 01:00:00,11424.0
2008-12-27 02:00:00,11077.0
2008-12-27 03:00:00,10947.0
2008-12-27 04:00:00,10956.0
2008-12-27 05:00:00,11266.0
2008-12-27 06:00:00,11898.0
2008-12-27 07:00:00,12636.0
2008-12-27 08:00:00,13732.0
2008-12-27 09:00:00,14679.0
2008-12-27 10:00:00,15210.0
2008-12-27 11:00:00,15422.0
2008-12-27 12:00:00,15350.0
2008-12-27 13:00:00,15045.0
2008-12-27 14:00:00,14785.0
2008-12-27 15:00:00,14787.0
2008-12-27 16:00:00,15772.0
2008-12-27 17:00:00,16567.0
2008-12-27 18:00:00,16383.0
2008-12-27 19:00:00,15903.0
2008-12-27 20:00:00,15351.0
2008-12-27 21:00:00,14520.0
2008-12-27 22:00:00,13490.0
2008-12-27 23:00:00,12326.0
2008-12-28 00:00:00,11328.0
2008-12-28 01:00:00,10738.0
2008-12-28 02:00:00,10379.0
2008-12-28 03:00:00,10209.0
2008-12-28 04:00:00,10186.0
2008-12-28 05:00:00,10401.0
2008-12-28 06:00:00,10854.0
2008-12-28 07:00:00,11476.0
2008-12-28 08:00:00,12357.0
2008-12-28 09:00:00,13263.0
2008-12-28 10:00:00,13807.0
2008-12-28 11:00:00,14089.0
2008-12-28 12:00:00,14181.0
2008-12-28 13:00:00,14080.0
2008-12-28 14:00:00,13946.0
2008-12-28 15:00:00,14060.0
2008-12-28 16:00:00,15187.0
2008-12-28 17:00:00,16182.0
2008-12-28 18:00:00,16035.0
2008-12-28 19:00:00,15578.0
2008-12-28 20:00:00,14989.0
2008-12-28 21:00:00,14131.0
2008-12-28 22:00:00,12985.0
2008-12-28 23:00:00,11850.0
2008-12-29 00:00:00,11037.0
2008-12-29 01:00:00,10604.0
2008-12-29 02:00:00,10407.0
2008-12-29 03:00:00,10417.0
2008-12-29 04:00:00,10755.0
2008-12-29 05:00:00,11657.0
2008-12-29 06:00:00,13175.0
2008-12-29 07:00:00,14388.0
2008-12-29 08:00:00,15113.0
2008-12-29 09:00:00,15588.0
2008-12-29 10:00:00,15861.0
2008-12-29 11:00:00,15945.0
2008-12-29 12:00:00,15900.0
2008-12-29 13:00:00,15831.0
2008-12-29 14:00:00,15722.0
2008-12-29 15:00:00,15828.0
2008-12-29 16:00:00,17099.0
2008-12-29 17:00:00,18172.0
2008-12-29 18:00:00,18037.0
2008-12-29 19:00:00,17522.0
2008-12-29 20:00:00,16852.0
2008-12-29 21:00:00,15860.0
2008-12-29 22:00:00,14423.0
2008-12-29 23:00:00,13060.0
2008-12-30 00:00:00,12093.0
2008-12-30 01:00:00,11537.0
2008-12-30 02:00:00,11260.0
2008-12-30 03:00:00,11185.0
2008-12-30 04:00:00,11453.0
2008-12-30 05:00:00,12306.0
2008-12-30 06:00:00,13765.0
2008-12-30 07:00:00,14976.0
2008-12-30 08:00:00,15649.0
2008-12-30 09:00:00,16046.0
2008-12-30 10:00:00,16263.0
2008-12-30 11:00:00,16274.0
2008-12-30 12:00:00,16134.0
2008-12-30 13:00:00,15984.0
2008-12-30 14:00:00,15804.0
2008-12-30 15:00:00,15845.0
2008-12-30 16:00:00,17073.0
2008-12-30 17:00:00,18444.0
2008-12-30 18:00:00,18370.0
2008-12-30 19:00:00,17910.0
2008-12-30 20:00:00,17321.0
2008-12-30 21:00:00,16359.0
2008-12-30 22:00:00,14995.0
2008-12-30 23:00:00,13655.0
2008-12-31 00:00:00,12645.0
2008-12-31 01:00:00,12067.0
2008-12-31 02:00:00,11799.0
2008-12-31 03:00:00,11737.0
2008-12-31 04:00:00,11974.0
2008-12-31 05:00:00,12782.0
2008-12-31 06:00:00,14160.0
2008-12-31 07:00:00,15408.0
2008-12-31 08:00:00,16266.0
2008-12-31 09:00:00,16953.0
2008-12-31 10:00:00,17442.0
2008-12-31 11:00:00,17709.0
2008-12-31 12:00:00,17701.0
2008-12-31 13:00:00,17564.0
2008-12-31 14:00:00,17331.0
2008-12-31 15:00:00,17234.0
2008-12-31 16:00:00,18336.0
2008-12-31 17:00:00,19457.0
2008-12-31 18:00:00,19048.0
2008-12-31 19:00:00,18297.0
2008-12-31 20:00:00,17571.0
2008-12-31 21:00:00,16813.0
2008-12-31 22:00:00,15996.0
2008-12-31 23:00:00,15254.0
2009-01-01 00:00:00,14510.0
2009-01-01 01:00:00,13930.0
2009-01-01 02:00:00,13526.0
2009-01-01 03:00:00,13389.0
2009-01-01 04:00:00,13429.0
2009-01-01 05:00:00,13724.0
2009-01-01 06:00:00,14227.0
2009-01-01 07:00:00,14529.0
2009-01-01 08:00:00,15124.0
2009-01-01 09:00:00,15785.0
2009-01-01 10:00:00,16273.0
2009-01-01 11:00:00,16495.0
2009-01-01 12:00:00,16484.0
2009-01-01 13:00:00,16285.0
2009-01-01 14:00:00,16075.0
2009-01-01 15:00:00,16211.0
2009-01-01 16:00:00,17446.0
2009-01-01 17:00:00,18844.0
2009-01-01 18:00:00,18718.0
2009-01-01 19:00:00,18302.0
2009-01-01 20:00:00,17718.0
2009-01-01 21:00:00,16879.0
2009-01-01 22:00:00,15743.0
2009-01-01 23:00:00,14596.0
2009-01-02 00:00:00,13736.0
2009-01-02 01:00:00,13229.0
2009-01-02 02:00:00,12965.0
2009-01-02 03:00:00,12908.0
2009-01-02 04:00:00,13130.0
2009-01-02 05:00:00,13827.0
2009-01-02 06:00:00,14980.0
2009-01-02 07:00:00,15943.0
2009-01-02 08:00:00,16719.0
2009-01-02 09:00:00,17269.0
2009-01-02 10:00:00,17468.0
2009-01-02 11:00:00,17400.0
2009-01-02 12:00:00,17163.0
2009-01-02 13:00:00,16873.0
2009-01-02 14:00:00,16634.0
2009-01-02 15:00:00,16670.0
2009-01-02 16:00:00,17698.0
2009-01-02 17:00:00,18685.0
2009-01-02 18:00:00,18394.0
2009-01-02 19:00:00,17796.0
2009-01-02 20:00:00,17177.0
2009-01-02 21:00:00,16313.0
2009-01-02 22:00:00,15184.0
2009-01-02 23:00:00,13978.0
2009-01-03 00:00:00,13003.0
2009-01-03 01:00:00,12404.0
2009-01-03 02:00:00,12098.0
2009-01-03 03:00:00,11955.0
2009-01-03 04:00:00,12022.0
2009-01-03 05:00:00,12378.0
2009-01-03 06:00:00,13039.0
2009-01-03 07:00:00,13694.0
2009-01-03 08:00:00,14567.0
2009-01-03 09:00:00,15242.0
2009-01-03 10:00:00,15650.0
2009-01-03 11:00:00,15659.0
2009-01-03 12:00:00,15487.0
2009-01-03 13:00:00,15197.0
2009-01-03 14:00:00,15018.0
2009-01-03 15:00:00,15156.0
2009-01-03 16:00:00,16339.0
2009-01-03 17:00:00,17713.0
2009-01-03 18:00:00,17631.0
2009-01-03 19:00:00,17218.0
2009-01-03 20:00:00,16762.0
2009-01-03 21:00:00,16068.0
2009-01-03 22:00:00,15072.0
2009-01-03 23:00:00,14011.0
2009-01-04 00:00:00,13080.0
2009-01-04 01:00:00,12524.0
2009-01-04 02:00:00,12251.0
2009-01-04 03:00:00,12140.0
2009-01-04 04:00:00,12196.0
2009-01-04 05:00:00,12464.0
2009-01-04 06:00:00,12976.0
2009-01-04 07:00:00,13484.0
2009-01-04 08:00:00,14281.0
2009-01-04 09:00:00,14905.0
2009-01-04 10:00:00,15238.0
2009-01-04 11:00:00,15358.0
2009-01-04 12:00:00,15309.0
2009-01-04 13:00:00,15079.0
2009-01-04 14:00:00,14905.0
2009-01-04 15:00:00,15076.0
2009-01-04 16:00:00,16474.0
2009-01-04 17:00:00,17908.0
2009-01-04 18:00:00,17855.0
2009-01-04 19:00:00,17354.0
2009-01-04 20:00:00,16666.0
2009-01-04 21:00:00,15548.0
2009-01-04 22:00:00,14228.0
2009-01-04 23:00:00,13025.0
2009-01-05 00:00:00,12210.0
2009-01-05 01:00:00,11798.0
2009-01-05 02:00:00,11579.0
2009-01-05 03:00:00,11570.0
2009-01-05 04:00:00,11910.0
2009-01-05 05:00:00,13037.0
2009-01-05 06:00:00,15125.0
2009-01-05 07:00:00,16414.0
2009-01-05 08:00:00,16691.0
2009-01-05 09:00:00,16838.0
2009-01-05 10:00:00,16972.0
2009-01-05 11:00:00,16964.0
2009-01-05 12:00:00,16824.0
2009-01-05 13:00:00,16724.0
2009-01-05 14:00:00,16566.0
2009-01-05 15:00:00,16610.0
2009-01-05 16:00:00,17673.0
2009-01-05 17:00:00,18872.0
2009-01-05 18:00:00,18765.0
2009-01-05 19:00:00,18258.0
2009-01-05 20:00:00,17499.0
2009-01-05 21:00:00,16278.0
2009-01-05 22:00:00,14755.0
2009-01-05 23:00:00,13389.0
2009-01-06 00:00:00,12522.0
2009-01-06 01:00:00,12094.0
2009-01-06 02:00:00,11921.0
2009-01-06 03:00:00,11944.0
2009-01-06 04:00:00,12349.0
2009-01-06 05:00:00,13532.0
2009-01-06 06:00:00,15723.0
2009-01-06 07:00:00,17006.0
2009-01-06 08:00:00,17134.0
2009-01-06 09:00:00,17162.0
2009-01-06 10:00:00,17214.0
2009-01-06 11:00:00,17127.0
2009-01-06 12:00:00,16922.0
2009-01-06 13:00:00,16748.0
2009-01-06 14:00:00,16548.0
2009-01-06 15:00:00,16689.0
2009-01-06 16:00:00,17916.0
2009-01-06 17:00:00,19063.0
2009-01-06 18:00:00,18960.0
2009-01-06 19:00:00,18454.0
2009-01-06 20:00:00,17669.0
2009-01-06 21:00:00,16488.0
2009-01-06 22:00:00,14886.0
2009-01-06 23:00:00,13484.0
2009-01-07 00:00:00,12561.0
2009-01-07 01:00:00,12143.0
2009-01-07 02:00:00,11945.0
2009-01-07 03:00:00,11939.0
2009-01-07 04:00:00,12260.0
2009-01-07 05:00:00,13272.0
2009-01-07 06:00:00,14930.0
2009-01-07 07:00:00,16257.0
2009-01-07 08:00:00,16924.0
2009-01-07 09:00:00,17425.0
2009-01-07 10:00:00,17814.0
2009-01-07 11:00:00,18001.0
2009-01-07 12:00:00,17976.0
2009-01-07 13:00:00,17909.0
2009-01-07 14:00:00,17656.0
2009-01-07 15:00:00,17599.0
2009-01-07 16:00:00,18474.0
2009-01-07 17:00:00,19247.0
2009-01-07 18:00:00,18962.0
2009-01-07 19:00:00,18290.0
2009-01-07 20:00:00,17448.0
2009-01-07 21:00:00,16199.0
2009-01-07 22:00:00,14631.0
2009-01-07 23:00:00,13283.0
2009-01-08 00:00:00,12354.0
2009-01-08 01:00:00,11904.0
2009-01-08 02:00:00,11694.0
2009-01-08 03:00:00,11677.0
2009-01-08 04:00:00,12008.0
2009-01-08 05:00:00,13127.0
2009-01-08 06:00:00,15212.0
2009-01-08 07:00:00,16357.0
2009-01-08 08:00:00,16500.0
2009-01-08 09:00:00,16549.0
2009-01-08 10:00:00,16650.0
2009-01-08 11:00:00,16648.0
2009-01-08 12:00:00,16521.0
2009-01-08 13:00:00,16469.0
2009-01-08 14:00:00,16321.0
2009-01-08 15:00:00,16444.0
2009-01-08 16:00:00,17490.0
2009-01-08 17:00:00,18808.0
2009-01-08 18:00:00,18777.0
2009-01-08 19:00:00,18357.0
2009-01-08 20:00:00,17747.0
2009-01-08 21:00:00,16671.0
2009-01-08 22:00:00,15198.0
2009-01-08 23:00:00,13895.0
2009-01-09 00:00:00,13018.0
2009-01-09 01:00:00,12574.0
2009-01-09 02:00:00,12408.0
2009-01-09 03:00:00,12449.0
2009-01-09 04:00:00,12806.0
2009-01-09 05:00:00,13950.0
2009-01-09 06:00:00,16143.0
2009-01-09 07:00:00,17287.0
2009-01-09 08:00:00,17396.0
2009-01-09 09:00:00,17401.0
2009-01-09 10:00:00,17397.0
2009-01-09 11:00:00,17275.0
2009-01-09 12:00:00,17047.0
2009-01-09 13:00:00,16911.0
2009-01-09 14:00:00,16703.0
2009-01-09 15:00:00,16739.0
2009-01-09 16:00:00,17653.0
2009-01-09 17:00:00,18874.0
2009-01-09 18:00:00,18751.0
2009-01-09 19:00:00,18273.0
2009-01-09 20:00:00,17673.0
2009-01-09 21:00:00,16827.0
2009-01-09 22:00:00,15649.0
2009-01-09 23:00:00,14448.0
2009-01-10 00:00:00,13552.0
2009-01-10 01:00:00,13080.0
2009-01-10 02:00:00,12829.0
2009-01-10 03:00:00,12737.0
2009-01-10 04:00:00,12833.0
2009-01-10 05:00:00,13278.0
2009-01-10 06:00:00,14103.0
2009-01-10 07:00:00,14902.0
2009-01-10 08:00:00,15830.0
2009-01-10 09:00:00,16419.0
2009-01-10 10:00:00,16537.0
2009-01-10 11:00:00,16422.0
2009-01-10 12:00:00,16213.0
2009-01-10 13:00:00,16073.0
2009-01-10 14:00:00,16013.0
2009-01-10 15:00:00,16184.0
2009-01-10 16:00:00,17227.0
2009-01-10 17:00:00,18337.0
2009-01-10 18:00:00,18206.0
2009-01-10 19:00:00,17653.0
2009-01-10 20:00:00,17052.0
2009-01-10 21:00:00,16234.0
2009-01-10 22:00:00,15166.0
2009-01-10 23:00:00,14086.0
2009-01-11 00:00:00,13177.0
2009-01-11 01:00:00,12643.0
2009-01-11 02:00:00,12356.0
2009-01-11 03:00:00,12198.0
2009-01-11 04:00:00,12232.0
2009-01-11 05:00:00,12493.0
2009-01-11 06:00:00,13003.0
2009-01-11 07:00:00,13610.0
2009-01-11 08:00:00,14544.0
2009-01-11 09:00:00,15443.0
2009-01-11 10:00:00,16108.0
2009-01-11 11:00:00,16558.0
2009-01-11 12:00:00,16691.0
2009-01-11 13:00:00,16517.0
2009-01-11 14:00:00,16193.0
2009-01-11 15:00:00,16180.0
2009-01-11 16:00:00,17162.0
2009-01-11 17:00:00,18600.0
2009-01-11 18:00:00,18470.0
2009-01-11 19:00:00,17915.0
2009-01-11 20:00:00,17161.0
2009-01-11 21:00:00,16067.0
2009-01-11 22:00:00,14739.0
2009-01-11 23:00:00,13574.0
2009-01-12 00:00:00,12792.0
2009-01-12 01:00:00,12404.0
2009-01-12 02:00:00,12238.0
2009-01-12 03:00:00,12276.0
2009-01-12 04:00:00,12680.0
2009-01-12 05:00:00,13872.0
2009-01-12 06:00:00,16107.0
2009-01-12 07:00:00,17380.0
2009-01-12 08:00:00,17595.0
2009-01-12 09:00:00,17621.0
2009-01-12 10:00:00,17574.0
2009-01-12 11:00:00,17445.0
2009-01-12 12:00:00,17214.0
2009-01-12 13:00:00,17036.0
2009-01-12 14:00:00,16849.0
2009-01-12 15:00:00,16884.0
2009-01-12 16:00:00,17862.0
2009-01-12 17:00:00,19417.0
2009-01-12 18:00:00,19431.0
2009-01-12 19:00:00,19011.0
2009-01-12 20:00:00,18288.0
2009-01-12 21:00:00,17130.0
2009-01-12 22:00:00,15626.0
2009-01-12 23:00:00,14247.0
2009-01-13 00:00:00,13399.0
2009-01-13 01:00:00,13034.0
2009-01-13 02:00:00,12843.0
2009-01-13 03:00:00,12851.0
2009-01-13 04:00:00,13193.0
2009-01-13 05:00:00,14401.0
2009-01-13 06:00:00,16617.0
2009-01-13 07:00:00,17791.0
2009-01-13 08:00:00,17803.0
2009-01-13 09:00:00,17754.0
2009-01-13 10:00:00,17778.0
2009-01-13 11:00:00,17715.0
2009-01-13 12:00:00,17559.0
2009-01-13 13:00:00,17467.0
2009-01-13 14:00:00,17276.0
2009-01-13 15:00:00,17298.0
2009-01-13 16:00:00,18240.0
2009-01-13 17:00:00,19280.0
2009-01-13 18:00:00,19119.0
2009-01-13 19:00:00,18577.0
2009-01-13 20:00:00,17745.0
2009-01-13 21:00:00,16510.0
2009-01-13 22:00:00,14981.0
2009-01-13 23:00:00,13531.0
2009-01-14 00:00:00,12627.0
2009-01-14 01:00:00,12198.0
2009-01-14 02:00:00,12057.0
2009-01-14 03:00:00,12163.0
2009-01-14 04:00:00,12652.0
2009-01-14 05:00:00,14007.0
2009-01-14 06:00:00,16385.0
2009-01-14 07:00:00,17631.0
2009-01-14 08:00:00,17759.0
2009-01-14 09:00:00,17795.0
2009-01-14 10:00:00,17868.0
2009-01-14 11:00:00,17815.0
2009-01-14 12:00:00,17649.0
2009-01-14 13:00:00,17602.0
2009-01-14 14:00:00,17503.0
2009-01-14 15:00:00,17641.0
2009-01-14 16:00:00,18670.0
2009-01-14 17:00:00,20076.0
2009-01-14 18:00:00,20077.0
2009-01-14 19:00:00,19639.0
2009-01-14 20:00:00,18924.0
2009-01-14 21:00:00,17774.0
2009-01-14 22:00:00,16276.0
2009-01-14 23:00:00,14883.0
2009-01-15 00:00:00,14043.0
2009-01-15 01:00:00,13620.0
2009-01-15 02:00:00,13446.0
2009-01-15 03:00:00,13478.0
2009-01-15 04:00:00,13846.0
2009-01-15 05:00:00,14993.0
2009-01-15 06:00:00,17126.0
2009-01-15 07:00:00,18367.0
2009-01-15 08:00:00,18601.0
2009-01-15 09:00:00,18725.0
2009-01-15 10:00:00,18854.0
2009-01-15 11:00:00,18832.0
2009-01-15 12:00:00,18608.0
2009-01-15 13:00:00,18383.0
2009-01-15 14:00:00,18123.0
2009-01-15 15:00:00,18142.0
2009-01-15 16:00:00,18969.0
2009-01-15 17:00:00,20428.0
2009-01-15 18:00:00,20497.0
2009-01-15 19:00:00,20120.0
2009-01-15 20:00:00,19518.0
2009-01-15 21:00:00,18379.0
2009-01-15 22:00:00,16877.0
2009-01-15 23:00:00,15585.0
2009-01-16 00:00:00,14769.0
2009-01-16 01:00:00,14406.0
2009-01-16 02:00:00,14255.0
2009-01-16 03:00:00,14301.0
2009-01-16 04:00:00,14688.0
2009-01-16 05:00:00,15797.0
2009-01-16 06:00:00,17941.0
2009-01-16 07:00:00,19143.0
2009-01-16 08:00:00,19298.0
2009-01-16 09:00:00,19262.0
2009-01-16 10:00:00,19128.0
2009-01-16 11:00:00,18898.0
2009-01-16 12:00:00,18578.0
2009-01-16 13:00:00,18346.0
2009-01-16 14:00:00,18085.0
2009-01-16 15:00:00,18081.0
2009-01-16 16:00:00,18895.0
2009-01-16 17:00:00,20155.0
2009-01-16 18:00:00,20069.0
2009-01-16 19:00:00,19577.0
2009-01-16 20:00:00,18979.0
2009-01-16 21:00:00,18082.0
2009-01-16 22:00:00,16918.0
2009-01-16 23:00:00,15725.0
2009-01-17 00:00:00,14895.0
2009-01-17 01:00:00,14451.0
2009-01-17 02:00:00,14233.0
2009-01-17 03:00:00,14169.0
2009-01-17 04:00:00,14270.0
2009-01-17 05:00:00,14690.0
2009-01-17 06:00:00,15538.0
2009-01-17 07:00:00,16379.0
2009-01-17 08:00:00,17326.0
2009-01-17 09:00:00,17868.0
2009-01-17 10:00:00,17959.0
2009-01-17 11:00:00,17747.0
2009-01-17 12:00:00,17374.0
2009-01-17 13:00:00,17016.0
2009-01-17 14:00:00,16828.0
2009-01-17 15:00:00,16906.0
2009-01-17 16:00:00,17734.0
2009-01-17 17:00:00,18983.0
2009-01-17 18:00:00,18824.0
2009-01-17 19:00:00,18298.0
2009-01-17 20:00:00,17724.0
2009-01-17 21:00:00,16942.0
2009-01-17 22:00:00,15901.0
2009-01-17 23:00:00,14814.0
2009-01-18 00:00:00,13955.0
2009-01-18 01:00:00,13402.0
2009-01-18 02:00:00,13130.0
2009-01-18 03:00:00,12990.0
2009-01-18 04:00:00,12996.0
2009-01-18 05:00:00,13242.0
2009-01-18 06:00:00,13760.0
2009-01-18 07:00:00,14392.0
2009-01-18 08:00:00,15316.0
2009-01-18 09:00:00,16194.0
2009-01-18 10:00:00,16756.0
2009-01-18 11:00:00,17103.0
2009-01-18 12:00:00,17190.0
2009-01-18 13:00:00,17020.0
2009-01-18 14:00:00,16787.0
2009-01-18 15:00:00,16743.0
2009-01-18 16:00:00,17493.0
2009-01-18 17:00:00,18662.0
2009-01-18 18:00:00,18422.0
2009-01-18 19:00:00,17773.0
2009-01-18 20:00:00,17034.0
2009-01-18 21:00:00,16077.0
2009-01-18 22:00:00,14922.0
2009-01-18 23:00:00,13791.0
2009-01-19 00:00:00,12982.0
2009-01-19 01:00:00,12537.0
2009-01-19 02:00:00,12354.0
2009-01-19 03:00:00,12347.0
2009-01-19 04:00:00,12644.0
2009-01-19 05:00:00,13445.0
2009-01-19 06:00:00,14759.0
2009-01-19 07:00:00,15814.0
2009-01-19 08:00:00,16624.0
2009-01-19 09:00:00,17105.0
2009-01-19 10:00:00,17377.0
2009-01-19 11:00:00,17353.0
2009-01-19 12:00:00,17156.0
2009-01-19 13:00:00,16983.0
2009-01-19 14:00:00,16795.0
2009-01-19 15:00:00,16799.0
2009-01-19 16:00:00,17654.0
2009-01-19 17:00:00,19127.0
2009-01-19 18:00:00,19026.0
2009-01-19 19:00:00,18481.0
2009-01-19 20:00:00,17662.0
2009-01-19 21:00:00,16431.0
2009-01-19 22:00:00,14955.0
2009-01-19 23:00:00,13652.0
2009-01-20 00:00:00,12833.0
2009-01-20 01:00:00,12475.0
2009-01-20 02:00:00,12302.0
2009-01-20 03:00:00,12336.0
2009-01-20 04:00:00,12711.0
2009-01-20 05:00:00,13898.0
2009-01-20 06:00:00,16075.0
2009-01-20 07:00:00,17262.0
2009-01-20 08:00:00,17420.0
2009-01-20 09:00:00,17535.0
2009-01-20 10:00:00,17584.0
2009-01-20 11:00:00,17274.0
2009-01-20 12:00:00,16939.0
2009-01-20 13:00:00,17089.0
2009-01-20 14:00:00,16902.0
2009-01-20 15:00:00,16974.0
2009-01-20 16:00:00,17841.0
2009-01-20 17:00:00,19290.0
2009-01-20 18:00:00,19309.0
2009-01-20 19:00:00,18911.0
2009-01-20 20:00:00,18184.0
2009-01-20 21:00:00,17071.0
2009-01-20 22:00:00,15585.0
2009-01-20 23:00:00,14234.0
2009-01-21 00:00:00,13422.0
2009-01-21 01:00:00,13026.0
2009-01-21 02:00:00,12882.0
2009-01-21 03:00:00,12937.0
2009-01-21 04:00:00,13327.0
2009-01-21 05:00:00,14499.0
2009-01-21 06:00:00,16765.0
2009-01-21 07:00:00,17945.0
2009-01-21 08:00:00,18062.0
2009-01-21 09:00:00,17964.0
2009-01-21 10:00:00,17907.0
2009-01-21 11:00:00,17758.0
2009-01-21 12:00:00,17510.0
2009-01-21 13:00:00,17356.0
2009-01-21 14:00:00,17186.0
2009-01-21 15:00:00,17246.0
2009-01-21 16:00:00,18035.0
2009-01-21 17:00:00,19600.0
2009-01-21 18:00:00,19692.0
2009-01-21 19:00:00,19310.0
2009-01-21 20:00:00,18581.0
2009-01-21 21:00:00,17383.0
2009-01-21 22:00:00,15859.0
2009-01-21 23:00:00,14479.0
2009-01-22 00:00:00,13629.0
2009-01-22 01:00:00,13193.0
2009-01-22 02:00:00,13028.0
2009-01-22 03:00:00,13049.0
2009-01-22 04:00:00,13405.0
2009-01-22 05:00:00,14540.0
2009-01-22 06:00:00,16735.0
2009-01-22 07:00:00,17858.0
2009-01-22 08:00:00,17900.0
2009-01-22 09:00:00,17899.0
2009-01-22 10:00:00,17841.0
2009-01-22 11:00:00,17663.0
2009-01-22 12:00:00,17393.0
2009-01-22 13:00:00,17152.0
2009-01-22 14:00:00,16915.0
2009-01-22 15:00:00,16868.0
2009-01-22 16:00:00,17555.0
2009-01-22 17:00:00,19037.0
2009-01-22 18:00:00,19113.0
2009-01-22 19:00:00,18676.0
2009-01-22 20:00:00,17973.0
2009-01-22 21:00:00,16775.0
2009-01-22 22:00:00,15230.0
2009-01-22 23:00:00,13874.0
2009-01-23 00:00:00,13001.0
2009-01-23 01:00:00,12560.0
2009-01-23 02:00:00,12369.0
2009-01-23 03:00:00,12384.0
2009-01-23 04:00:00,12730.0
2009-01-23 05:00:00,13833.0
2009-01-23 06:00:00,15960.0
2009-01-23 07:00:00,17077.0
2009-01-23 08:00:00,17211.0
2009-01-23 09:00:00,17148.0
2009-01-23 10:00:00,17036.0
2009-01-23 11:00:00,16843.0
2009-01-23 12:00:00,16566.0
2009-01-23 13:00:00,16396.0
2009-01-23 14:00:00,16171.0
2009-01-23 15:00:00,16077.0
2009-01-23 16:00:00,16694.0
2009-01-23 17:00:00,17977.0
2009-01-23 18:00:00,17846.0
2009-01-23 19:00:00,17264.0
2009-01-23 20:00:00,16599.0
2009-01-23 21:00:00,15690.0
2009-01-23 22:00:00,14483.0
2009-01-23 23:00:00,13258.0
2009-01-24 00:00:00,12359.0
2009-01-24 01:00:00,11791.0
2009-01-24 02:00:00,11493.0
2009-01-24 03:00:00,11395.0
2009-01-24 04:00:00,11480.0
2009-01-24 05:00:00,11867.0
2009-01-24 06:00:00,12658.0
2009-01-24 07:00:00,13543.0
2009-01-24 08:00:00,14683.0
2009-01-24 09:00:00,15512.0
2009-01-24 10:00:00,15883.0
2009-01-24 11:00:00,15901.0
2009-01-24 12:00:00,15702.0
2009-01-24 13:00:00,15372.0
2009-01-24 14:00:00,15192.0
2009-01-24 15:00:00,15269.0
2009-01-24 16:00:00,16052.0
2009-01-24 17:00:00,17680.0
2009-01-24 18:00:00,17810.0
2009-01-24 19:00:00,17407.0
2009-01-24 20:00:00,16952.0
2009-01-24 21:00:00,16293.0
2009-01-24 22:00:00,15370.0
2009-01-24 23:00:00,14420.0
2009-01-25 00:00:00,13660.0
2009-01-25 01:00:00,13245.0
2009-01-25 02:00:00,13032.0
2009-01-25 03:00:00,13013.0
2009-01-25 04:00:00,13142.0
2009-01-25 05:00:00,13484.0
2009-01-25 06:00:00,14087.0
2009-01-25 07:00:00,14760.0
2009-01-25 08:00:00,15703.0
2009-01-25 09:00:00,16259.0
2009-01-25 10:00:00,16470.0
2009-01-25 11:00:00,16506.0
2009-01-25 12:00:00,16362.0
2009-01-25 13:00:00,16051.0
2009-01-25 14:00:00,15825.0
2009-01-25 15:00:00,15951.0
2009-01-25 16:00:00,16938.0
2009-01-25 17:00:00,18481.0
2009-01-25 18:00:00,18546.0
2009-01-25 19:00:00,18080.0
2009-01-25 20:00:00,17420.0
2009-01-25 21:00:00,16368.0
2009-01-25 22:00:00,15122.0
2009-01-25 23:00:00,14047.0
2009-01-26 00:00:00,13375.0
2009-01-26 01:00:00,13075.0
2009-01-26 02:00:00,13004.0
2009-01-26 03:00:00,13120.0
2009-01-26 04:00:00,13530.0
2009-01-26 05:00:00,14738.0
2009-01-26 06:00:00,17016.0
2009-01-26 07:00:00,18251.0
2009-01-26 08:00:00,18395.0
2009-01-26 09:00:00,18329.0
2009-01-26 10:00:00,18225.0
2009-01-26 11:00:00,18007.0
2009-01-26 12:00:00,17750.0
2009-01-26 13:00:00,17491.0
2009-01-26 14:00:00,17197.0
2009-01-26 15:00:00,17214.0
2009-01-26 16:00:00,17898.0
2009-01-26 17:00:00,19543.0
2009-01-26 18:00:00,19758.0
2009-01-26 19:00:00,19359.0
2009-01-26 20:00:00,18647.0
2009-01-26 21:00:00,17425.0
2009-01-26 22:00:00,15853.0
2009-01-26 23:00:00,14493.0
2009-01-27 00:00:00,13656.0
2009-01-27 01:00:00,13234.0
2009-01-27 02:00:00,13038.0
2009-01-27 03:00:00,13064.0
2009-01-27 04:00:00,13406.0
2009-01-27 05:00:00,14534.0
2009-01-27 06:00:00,16745.0
2009-01-27 07:00:00,17846.0
2009-01-27 08:00:00,17889.0
2009-01-27 09:00:00,17837.0
2009-01-27 10:00:00,17837.0
2009-01-27 11:00:00,17659.0
2009-01-27 12:00:00,17399.0
2009-01-27 13:00:00,17155.0
2009-01-27 14:00:00,16897.0
2009-01-27 15:00:00,16891.0
2009-01-27 16:00:00,17666.0
2009-01-27 17:00:00,19200.0
2009-01-27 18:00:00,19343.0
2009-01-27 19:00:00,18915.0
2009-01-27 20:00:00,18182.0
2009-01-27 21:00:00,17057.0
2009-01-27 22:00:00,15573.0
2009-01-27 23:00:00,14236.0
2009-01-28 00:00:00,13340.0
2009-01-28 01:00:00,12888.0
2009-01-28 02:00:00,12691.0
2009-01-28 03:00:00,12676.0
2009-01-28 04:00:00,12990.0
2009-01-28 05:00:00,14025.0
2009-01-28 06:00:00,15690.0
2009-01-28 07:00:00,16815.0
2009-01-28 08:00:00,17490.0
2009-01-28 09:00:00,18048.0
2009-01-28 10:00:00,18469.0
2009-01-28 11:00:00,18712.0
2009-01-28 12:00:00,18694.0
2009-01-28 13:00:00,18542.0
2009-01-28 14:00:00,18289.0
2009-01-28 15:00:00,18163.0
2009-01-28 16:00:00,18719.0
2009-01-28 17:00:00,19679.0
2009-01-28 18:00:00,19390.0
2009-01-28 19:00:00,18606.0
2009-01-28 20:00:00,17579.0
2009-01-28 21:00:00,16238.0
2009-01-28 22:00:00,14723.0
2009-01-28 23:00:00,13410.0
2009-01-29 00:00:00,12611.0
2009-01-29 01:00:00,12260.0
2009-01-29 02:00:00,12119.0
2009-01-29 03:00:00,12178.0
2009-01-29 04:00:00,12533.0
2009-01-29 05:00:00,13659.0
2009-01-29 06:00:00,15698.0
2009-01-29 07:00:00,16745.0
2009-01-29 08:00:00,16939.0
2009-01-29 09:00:00,16892.0
2009-01-29 10:00:00,16876.0
2009-01-29 11:00:00,16755.0
2009-01-29 12:00:00,16518.0
2009-01-29 13:00:00,16373.0
2009-01-29 14:00:00,16164.0
2009-01-29 15:00:00,16136.0
2009-01-29 16:00:00,16733.0
2009-01-29 17:00:00,18310.0
2009-01-29 18:00:00,18613.0
2009-01-29 19:00:00,18264.0
2009-01-29 20:00:00,17624.0
2009-01-29 21:00:00,16559.0
2009-01-29 22:00:00,15108.0
2009-01-29 23:00:00,13843.0
2009-01-30 00:00:00,13030.0
2009-01-30 01:00:00,12655.0
2009-01-30 02:00:00,12510.0
2009-01-30 03:00:00,12550.0
2009-01-30 04:00:00,12940.0
2009-01-30 05:00:00,14108.0
2009-01-30 06:00:00,16251.0
2009-01-30 07:00:00,17291.0
2009-01-30 08:00:00,17371.0
2009-01-30 09:00:00,17280.0
2009-01-30 10:00:00,17128.0
2009-01-30 11:00:00,16917.0
2009-01-30 12:00:00,16654.0
2009-01-30 13:00:00,16512.0
2009-01-30 14:00:00,16305.0
2009-01-30 15:00:00,16261.0
2009-01-30 16:00:00,16755.0
2009-01-30 17:00:00,17977.0
2009-01-30 18:00:00,17985.0
2009-01-30 19:00:00,17479.0
2009-01-30 20:00:00,16857.0
2009-01-30 21:00:00,15986.0
2009-01-30 22:00:00,14855.0
2009-01-30 23:00:00,13673.0
2009-01-31 00:00:00,12832.0
2009-01-31 01:00:00,12391.0
2009-01-31 02:00:00,12151.0
2009-01-31 03:00:00,12085.0
2009-01-31 04:00:00,12244.0
2009-01-31 05:00:00,12666.0
2009-01-31 06:00:00,13495.0
2009-01-31 07:00:00,14354.0
2009-01-31 08:00:00,15319.0
2009-01-31 09:00:00,15898.0
2009-01-31 10:00:00,16097.0
2009-01-31 11:00:00,16039.0
2009-01-31 12:00:00,15808.0
2009-01-31 13:00:00,15520.0
2009-01-31 14:00:00,15297.0
2009-01-31 15:00:00,15329.0
2009-01-31 16:00:00,15927.0
2009-01-31 17:00:00,17491.0
2009-01-31 18:00:00,17756.0
2009-01-31 19:00:00,17328.0
2009-01-31 20:00:00,16805.0
2009-01-31 21:00:00,16057.0
2009-01-31 22:00:00,15024.0
2009-01-31 23:00:00,13964.0
2009-02-01 00:00:00,13149.0
2009-02-01 01:00:00,12639.0
2009-02-01 02:00:00,12364.0
2009-02-01 03:00:00,12233.0
2009-02-01 04:00:00,12261.0
2009-02-01 05:00:00,12539.0
2009-02-01 06:00:00,13054.0
2009-02-01 07:00:00,13676.0
2009-02-01 08:00:00,14611.0
2009-02-01 09:00:00,15193.0
2009-02-01 10:00:00,15396.0
2009-02-01 11:00:00,15413.0
2009-02-01 12:00:00,15294.0
2009-02-01 13:00:00,15030.0
2009-02-01 14:00:00,14788.0
2009-02-01 15:00:00,14778.0
2009-02-01 16:00:00,15355.0
2009-02-01 17:00:00,16879.0
2009-02-01 18:00:00,16945.0
2009-02-01 19:00:00,16274.0
2009-02-01 20:00:00,15734.0
2009-02-01 21:00:00,14947.0
2009-02-01 22:00:00,13986.0
2009-02-01 23:00:00,12866.0
2009-02-02 00:00:00,12032.0
2009-02-02 01:00:00,11637.0
2009-02-02 02:00:00,11488.0
2009-02-02 03:00:00,11530.0
2009-02-02 04:00:00,11896.0
2009-02-02 05:00:00,13080.0
2009-02-02 06:00:00,15262.0
2009-02-02 07:00:00,16377.0
2009-02-02 08:00:00,16524.0
2009-02-02 09:00:00,16493.0
2009-02-02 10:00:00,16451.0
2009-02-02 11:00:00,16275.0
2009-02-02 12:00:00,16011.0
2009-02-02 13:00:00,15885.0
2009-02-02 14:00:00,15696.0
2009-02-02 15:00:00,15670.0
2009-02-02 16:00:00,16326.0
2009-02-02 17:00:00,17823.0
2009-02-02 18:00:00,18029.0
2009-02-02 19:00:00,17608.0
2009-02-02 20:00:00,16836.0
2009-02-02 21:00:00,15632.0
2009-02-02 22:00:00,14180.0
2009-02-02 23:00:00,12836.0
2009-02-03 00:00:00,12015.0
2009-02-03 01:00:00,11604.0
2009-02-03 02:00:00,11433.0
2009-02-03 03:00:00,11436.0
2009-02-03 04:00:00,11803.0
2009-02-03 05:00:00,12967.0
2009-02-03 06:00:00,15184.0
2009-02-03 07:00:00,16424.0
2009-02-03 08:00:00,16695.0
2009-02-03 09:00:00,16918.0
2009-02-03 10:00:00,17153.0
2009-02-03 11:00:00,17265.0
2009-02-03 12:00:00,17275.0
2009-02-03 13:00:00,17289.0
2009-02-03 14:00:00,17183.0
2009-02-03 15:00:00,17215.0
2009-02-03 16:00:00,17789.0
2009-02-03 17:00:00,19096.0
2009-02-03 18:00:00,19226.0
2009-02-03 19:00:00,18720.0
2009-02-03 20:00:00,17857.0
2009-02-03 21:00:00,16624.0
2009-02-03 22:00:00,15033.0
2009-02-03 23:00:00,13720.0
2009-02-04 00:00:00,12892.0
2009-02-04 01:00:00,12504.0
2009-02-04 02:00:00,12356.0
2009-02-04 03:00:00,12414.0
2009-02-04 04:00:00,12820.0
2009-02-04 05:00:00,14012.0
2009-02-04 06:00:00,16180.0
2009-02-04 07:00:00,17235.0
2009-02-04 08:00:00,17376.0
2009-02-04 09:00:00,17321.0
2009-02-04 10:00:00,17316.0
2009-02-04 11:00:00,17194.0
2009-02-04 12:00:00,16973.0
2009-02-04 13:00:00,16826.0
2009-02-04 14:00:00,16634.0
2009-02-04 15:00:00,16629.0
2009-02-04 16:00:00,17225.0
2009-02-04 17:00:00,18833.0
2009-02-04 18:00:00,19277.0
2009-02-04 19:00:00,18955.0
2009-02-04 20:00:00,18314.0
2009-02-04 21:00:00,17235.0
2009-02-04 22:00:00,15776.0
2009-02-04 23:00:00,14519.0
2009-02-05 00:00:00,13751.0
2009-02-05 01:00:00,13457.0
2009-02-05 02:00:00,13340.0
2009-02-05 03:00:00,13401.0
2009-02-05 04:00:00,13803.0
2009-02-05 05:00:00,15016.0
2009-02-05 06:00:00,17217.0
2009-02-05 07:00:00,18293.0
2009-02-05 08:00:00,18407.0
2009-02-05 09:00:00,18425.0
2009-02-05 10:00:00,18403.0
2009-02-05 11:00:00,18208.0
2009-02-05 12:00:00,17963.0
2009-02-05 13:00:00,17774.0
2009-02-05 14:00:00,17532.0
2009-02-05 15:00:00,17525.0
2009-02-05 16:00:00,18046.0
2009-02-05 17:00:00,19539.0
2009-02-05 18:00:00,19995.0
2009-02-05 19:00:00,19652.0
2009-02-05 20:00:00,19024.0
2009-02-05 21:00:00,17863.0
2009-02-05 22:00:00,16379.0
2009-02-05 23:00:00,15065.0
2009-02-06 00:00:00,14244.0
2009-02-06 01:00:00,13827.0
2009-02-06 02:00:00,13643.0
2009-02-06 03:00:00,13634.0
2009-02-06 04:00:00,14011.0
2009-02-06 05:00:00,15097.0
2009-02-06 06:00:00,17165.0
2009-02-06 07:00:00,18239.0
2009-02-06 08:00:00,18390.0
2009-02-06 09:00:00,18314.0
2009-02-06 10:00:00,18165.0
2009-02-06 11:00:00,17832.0
2009-02-06 12:00:00,17487.0
2009-02-06 13:00:00,17243.0
2009-02-06 14:00:00,16963.0
2009-02-06 15:00:00,16828.0
2009-02-06 16:00:00,17192.0
2009-02-06 17:00:00,18438.0
2009-02-06 18:00:00,18708.0
2009-02-06 19:00:00,18220.0
2009-02-06 20:00:00,17643.0
2009-02-06 21:00:00,16775.0
2009-02-06 22:00:00,15571.0
2009-02-06 23:00:00,14421.0
2009-02-07 00:00:00,13634.0
2009-02-07 01:00:00,13215.0
2009-02-07 02:00:00,12999.0
2009-02-07 03:00:00,12924.0
2009-02-07 04:00:00,13065.0
2009-02-07 05:00:00,13501.0
2009-02-07 06:00:00,14280.0
2009-02-07 07:00:00,15083.0
2009-02-07 08:00:00,15966.0
2009-02-07 09:00:00,16370.0
2009-02-07 10:00:00,16423.0
2009-02-07 11:00:00,16217.0
2009-02-07 12:00:00,15913.0
2009-02-07 13:00:00,15459.0
2009-02-07 14:00:00,15117.0
2009-02-07 15:00:00,15008.0
2009-02-07 16:00:00,15419.0
2009-02-07 17:00:00,16715.0
2009-02-07 18:00:00,16832.0
2009-02-07 19:00:00,16277.0
2009-02-07 20:00:00,15621.0
2009-02-07 21:00:00,14793.0
2009-02-07 22:00:00,13759.0
2009-02-07 23:00:00,12719.0
2009-02-08 00:00:00,11856.0
2009-02-08 01:00:00,11319.0
2009-02-08 02:00:00,11016.0
2009-02-08 03:00:00,10865.0
2009-02-08 04:00:00,10901.0
2009-02-08 05:00:00,11149.0
2009-02-08 06:00:00,11630.0
2009-02-08 07:00:00,12252.0
2009-02-08 08:00:00,13202.0
2009-02-08 09:00:00,13897.0
2009-02-08 10:00:00,14231.0
2009-02-08 11:00:00,14389.0
2009-02-08 12:00:00,14341.0
2009-02-08 13:00:00,14112.0
2009-02-08 14:00:00,13941.0
2009-02-08 15:00:00,13972.0
2009-02-08 16:00:00,14579.0
2009-02-08 17:00:00,16209.0
2009-02-08 18:00:00,16816.0
2009-02-08 19:00:00,16415.0
2009-02-08 20:00:00,15825.0
2009-02-08 21:00:00,14812.0
2009-02-08 22:00:00,13617.0
2009-02-08 23:00:00,12539.0
2009-02-09 00:00:00,11818.0
2009-02-09 01:00:00,11522.0
2009-02-09 02:00:00,11436.0
2009-02-09 03:00:00,11511.0
2009-02-09 04:00:00,11942.0
2009-02-09 05:00:00,13174.0
2009-02-09 06:00:00,15399.0
2009-02-09 07:00:00,16475.0
2009-02-09 08:00:00,16655.0
2009-02-09 09:00:00,16686.0
2009-02-09 10:00:00,16702.0
2009-02-09 11:00:00,16573.0
2009-02-09 12:00:00,16336.0
2009-02-09 13:00:00,16124.0
2009-02-09 14:00:00,15853.0
2009-02-09 15:00:00,15775.0
2009-02-09 16:00:00,16254.0
2009-02-09 17:00:00,17799.0
2009-02-09 18:00:00,18297.0
2009-02-09 19:00:00,17905.0
2009-02-09 20:00:00,17211.0
2009-02-09 21:00:00,16065.0
2009-02-09 22:00:00,14550.0
2009-02-09 23:00:00,13218.0
2009-02-10 00:00:00,12368.0
2009-02-10 01:00:00,11958.0
2009-02-10 02:00:00,11820.0
2009-02-10 03:00:00,11846.0
2009-02-10 04:00:00,12236.0
2009-02-10 05:00:00,13420.0
2009-02-10 06:00:00,15567.0
2009-02-10 07:00:00,16657.0
2009-02-10 08:00:00,16785.0
2009-02-10 09:00:00,16823.0
2009-02-10 10:00:00,16828.0
2009-02-10 11:00:00,16685.0
2009-02-10 12:00:00,16557.0
2009-02-10 13:00:00,16478.0
2009-02-10 14:00:00,16371.0
2009-02-10 15:00:00,16360.0
2009-02-10 16:00:00,16900.0
2009-02-10 17:00:00,18071.0
2009-02-10 18:00:00,18211.0
2009-02-10 19:00:00,17700.0
2009-02-10 20:00:00,16885.0
2009-02-10 21:00:00,15700.0
2009-02-10 22:00:00,14161.0
2009-02-10 23:00:00,12799.0
2009-02-11 00:00:00,11913.0
2009-02-11 01:00:00,11465.0
2009-02-11 02:00:00,11265.0
2009-02-11 03:00:00,11257.0
2009-02-11 04:00:00,11593.0
2009-02-11 05:00:00,12739.0
2009-02-11 06:00:00,14840.0
2009-02-11 07:00:00,15846.0
2009-02-11 08:00:00,15903.0
2009-02-11 09:00:00,15825.0
2009-02-11 10:00:00,15752.0
2009-02-11 11:00:00,15618.0
2009-02-11 12:00:00,15399.0
2009-02-11 13:00:00,15265.0
2009-02-11 14:00:00,15097.0
2009-02-11 15:00:00,15011.0
2009-02-11 16:00:00,15495.0
2009-02-11 17:00:00,16776.0
2009-02-11 18:00:00,17082.0
2009-02-11 19:00:00,16668.0
2009-02-11 20:00:00,15966.0
2009-02-11 21:00:00,14819.0
2009-02-11 22:00:00,13398.0
2009-02-11 23:00:00,12113.0
2009-02-12 00:00:00,11242.0
2009-02-12 01:00:00,10786.0
2009-02-12 02:00:00,10546.0
2009-02-12 03:00:00,10533.0
2009-02-12 04:00:00,10849.0
2009-02-12 05:00:00,11929.0
2009-02-12 06:00:00,13989.0
2009-02-12 07:00:00,15061.0
2009-02-12 08:00:00,15396.0
2009-02-12 09:00:00,15576.0
2009-02-12 10:00:00,15714.0
2009-02-12 11:00:00,15723.0
2009-02-12 12:00:00,15697.0
2009-02-12 13:00:00,15667.0
2009-02-12 14:00:00,15568.0
2009-02-12 15:00:00,15545.0
2009-02-12 16:00:00,16027.0
2009-02-12 17:00:00,17210.0
2009-02-12 18:00:00,17530.0
2009-02-12 19:00:00,17101.0
2009-02-12 20:00:00,16456.0
2009-02-12 21:00:00,15350.0
2009-02-12 22:00:00,13863.0
2009-02-12 23:00:00,12572.0
2009-02-13 00:00:00,11731.0
2009-02-13 01:00:00,11278.0
2009-02-13 02:00:00,11080.0
2009-02-13 03:00:00,11089.0
2009-02-13 04:00:00,11434.0
2009-02-13 05:00:00,12562.0
2009-02-13 06:00:00,14624.0
2009-02-13 07:00:00,15756.0
2009-02-13 08:00:00,16130.0
2009-02-13 09:00:00,16269.0
2009-02-13 10:00:00,16334.0
2009-02-13 11:00:00,16233.0
2009-02-13 12:00:00,16021.0
2009-02-13 13:00:00,15873.0
2009-02-13 14:00:00,15640.0
2009-02-13 15:00:00,15541.0
2009-02-13 16:00:00,15872.0
2009-02-13 17:00:00,17031.0
2009-02-13 18:00:00,17535.0
2009-02-13 19:00:00,17111.0
2009-02-13 20:00:00,16519.0
2009-02-13 21:00:00,15704.0
2009-02-13 22:00:00,14575.0
2009-02-13 23:00:00,13454.0
2009-02-14 00:00:00,12599.0
2009-02-14 01:00:00,12153.0
2009-02-14 02:00:00,11921.0
2009-02-14 03:00:00,11864.0
2009-02-14 04:00:00,11963.0
2009-02-14 05:00:00,12384.0
2009-02-14 06:00:00,13114.0
2009-02-14 07:00:00,13879.0
2009-02-14 08:00:00,14799.0
2009-02-14 09:00:00,15346.0
2009-02-14 10:00:00,15504.0
2009-02-14 11:00:00,15335.0
2009-02-14 12:00:00,14985.0
2009-02-14 13:00:00,14561.0
2009-02-14 14:00:00,14221.0
2009-02-14 15:00:00,14115.0
2009-02-14 16:00:00,14479.0
2009-02-14 17:00:00,15734.0
2009-02-14 18:00:00,16321.0
2009-02-14 19:00:00,15930.0
2009-02-14 20:00:00,15409.0
2009-02-14 21:00:00,14696.0
2009-02-14 22:00:00,13772.0
2009-02-14 23:00:00,12824.0
2009-02-15 00:00:00,12092.0
2009-02-15 01:00:00,11638.0
2009-02-15 02:00:00,11432.0
2009-02-15 03:00:00,11370.0
2009-02-15 04:00:00,11451.0
2009-02-15 05:00:00,11753.0
2009-02-15 06:00:00,12228.0
2009-02-15 07:00:00,12855.0
2009-02-15 08:00:00,13700.0
2009-02-15 09:00:00,14279.0
2009-02-15 10:00:00,14501.0
2009-02-15 11:00:00,14548.0
2009-02-15 12:00:00,14407.0
2009-02-15 13:00:00,14086.0
2009-02-15 14:00:00,13815.0
2009-02-15 15:00:00,13749.0
2009-02-15 16:00:00,14196.0
2009-02-15 17:00:00,15580.0
2009-02-15 18:00:00,16295.0
2009-02-15 19:00:00,15978.0
2009-02-15 20:00:00,15434.0
2009-02-15 21:00:00,14640.0
2009-02-15 22:00:00,13631.0
2009-02-15 23:00:00,12663.0
2009-02-16 00:00:00,11989.0
2009-02-16 01:00:00,11622.0
2009-02-16 02:00:00,11496.0
2009-02-16 03:00:00,11525.0
2009-02-16 04:00:00,11813.0
2009-02-16 05:00:00,12604.0
2009-02-16 06:00:00,13826.0
2009-02-16 07:00:00,14791.0
2009-02-16 08:00:00,15495.0
2009-02-16 09:00:00,15935.0
2009-02-16 10:00:00,16132.0
2009-02-16 11:00:00,16052.0
2009-02-16 12:00:00,15786.0
2009-02-16 13:00:00,15504.0
2009-02-16 14:00:00,15240.0
2009-02-16 15:00:00,15154.0
2009-02-16 16:00:00,15598.0
2009-02-16 17:00:00,16963.0
2009-02-16 18:00:00,17542.0
2009-02-16 19:00:00,17119.0
2009-02-16 20:00:00,16424.0
2009-02-16 21:00:00,15384.0
2009-02-16 22:00:00,14089.0
2009-02-16 23:00:00,12923.0
2009-02-17 00:00:00,12185.0
2009-02-17 01:00:00,11829.0
2009-02-17 02:00:00,11700.0
2009-02-17 03:00:00,11742.0
2009-02-17 04:00:00,12136.0
2009-02-17 05:00:00,13203.0
2009-02-17 06:00:00,14938.0
2009-02-17 07:00:00,16054.0
2009-02-17 08:00:00,16471.0
2009-02-17 09:00:00,16570.0
2009-02-17 10:00:00,16580.0
2009-02-17 11:00:00,16439.0
2009-02-17 12:00:00,16184.0
2009-02-17 13:00:00,15958.0
2009-02-17 14:00:00,15653.0
2009-02-17 15:00:00,15474.0
2009-02-17 16:00:00,15825.0
2009-02-17 17:00:00,17120.0
2009-02-17 18:00:00,17837.0
2009-02-17 19:00:00,17479.0
2009-02-17 20:00:00,16811.0
2009-02-17 21:00:00,15783.0
2009-02-17 22:00:00,14446.0
2009-02-17 23:00:00,13258.0
2009-02-18 00:00:00,12484.0
2009-02-18 01:00:00,12121.0
2009-02-18 02:00:00,11975.0
2009-02-18 03:00:00,12033.0
2009-02-18 04:00:00,12394.0
2009-02-18 05:00:00,13480.0
2009-02-18 06:00:00,15176.0
2009-02-18 07:00:00,16266.0
2009-02-18 08:00:00,16579.0
2009-02-18 09:00:00,16574.0
2009-02-18 10:00:00,16553.0
2009-02-18 11:00:00,16466.0
2009-02-18 12:00:00,16256.0
2009-02-18 13:00:00,16177.0
2009-02-18 14:00:00,16128.0
2009-02-18 15:00:00,16228.0
2009-02-18 16:00:00,16773.0
2009-02-18 17:00:00,17843.0
2009-02-18 18:00:00,18071.0
2009-02-18 19:00:00,17576.0
2009-02-18 20:00:00,16785.0
2009-02-18 21:00:00,15617.0
2009-02-18 22:00:00,14192.0
2009-02-18 23:00:00,12926.0
2009-02-19 00:00:00,12039.0
2009-02-19 01:00:00,11548.0
2009-02-19 02:00:00,11304.0
2009-02-19 03:00:00,11230.0
2009-02-19 04:00:00,11540.0
2009-02-19 05:00:00,12446.0
2009-02-19 06:00:00,14126.0
2009-02-19 07:00:00,15312.0
2009-02-19 08:00:00,15859.0
2009-02-19 09:00:00,16107.0
2009-02-19 10:00:00,16211.0
2009-02-19 11:00:00,16147.0
2009-02-19 12:00:00,15994.0
2009-02-19 13:00:00,15781.0
2009-02-19 14:00:00,15522.0
2009-02-19 15:00:00,15400.0
2009-02-19 16:00:00,15765.0
2009-02-19 17:00:00,16838.0
2009-02-19 18:00:00,17334.0
2009-02-19 19:00:00,16938.0
2009-02-19 20:00:00,16320.0
2009-02-19 21:00:00,15399.0
2009-02-19 22:00:00,14161.0
2009-02-19 23:00:00,13010.0
2009-02-20 00:00:00,12296.0
2009-02-20 01:00:00,11938.0
2009-02-20 02:00:00,11803.0
2009-02-20 03:00:00,11825.0
2009-02-20 04:00:00,12203.0
2009-02-20 05:00:00,13226.0
2009-02-20 06:00:00,14809.0
2009-02-20 07:00:00,15933.0
2009-02-20 08:00:00,16481.0
2009-02-20 09:00:00,16746.0
2009-02-20 10:00:00,16894.0
2009-02-20 11:00:00,16909.0
2009-02-20 12:00:00,16751.0
2009-02-20 13:00:00,16624.0
2009-02-20 14:00:00,16458.0
2009-02-20 15:00:00,16295.0
2009-02-20 16:00:00,16464.0
2009-02-20 17:00:00,17418.0
2009-02-20 18:00:00,17945.0
2009-02-20 19:00:00,17446.0
2009-02-20 20:00:00,16803.0
2009-02-20 21:00:00,15902.0
2009-02-20 22:00:00,14716.0
2009-02-20 23:00:00,13567.0
2009-02-21 00:00:00,12714.0
2009-02-21 01:00:00,12242.0
2009-02-21 02:00:00,11983.0
2009-02-21 03:00:00,11886.0
2009-02-21 04:00:00,12000.0
2009-02-21 05:00:00,12400.0
2009-02-21 06:00:00,13028.0
2009-02-21 07:00:00,13781.0
2009-02-21 08:00:00,14703.0
2009-02-21 09:00:00,15250.0
2009-02-21 10:00:00,15381.0
2009-02-21 11:00:00,15248.0
2009-02-21 12:00:00,14905.0
2009-02-21 13:00:00,14488.0
2009-02-21 14:00:00,14136.0
2009-02-21 15:00:00,14020.0
2009-02-21 16:00:00,14291.0
2009-02-21 17:00:00,15494.0
2009-02-21 18:00:00,16275.0
2009-02-21 19:00:00,15951.0
2009-02-21 20:00:00,15473.0
2009-02-21 21:00:00,14793.0
2009-02-21 22:00:00,13853.0
2009-02-21 23:00:00,12921.0
2009-02-22 00:00:00,12148.0
2009-02-22 01:00:00,11646.0
2009-02-22 02:00:00,11389.0
2009-02-22 03:00:00,11266.0
2009-02-22 04:00:00,11292.0
2009-02-22 05:00:00,11552.0
2009-02-22 06:00:00,11981.0
2009-02-22 07:00:00,12594.0
2009-02-22 08:00:00,13490.0
2009-02-22 09:00:00,14127.0
2009-02-22 10:00:00,14532.0
2009-02-22 11:00:00,14857.0
2009-02-22 12:00:00,15093.0
2009-02-22 13:00:00,15108.0
2009-02-22 14:00:00,15090.0
2009-02-22 15:00:00,15220.0
2009-02-22 16:00:00,15763.0
2009-02-22 17:00:00,16741.0
2009-02-22 18:00:00,16953.0
2009-02-22 19:00:00,16464.0
2009-02-22 20:00:00,15746.0
2009-02-22 21:00:00,14759.0
2009-02-22 22:00:00,13581.0
2009-02-22 23:00:00,12576.0
2009-02-23 00:00:00,11891.0
2009-02-23 01:00:00,11488.0
2009-02-23 02:00:00,11364.0
2009-02-23 03:00:00,11404.0
2009-02-23 04:00:00,11799.0
2009-02-23 05:00:00,12950.0
2009-02-23 06:00:00,14813.0
2009-02-23 07:00:00,15914.0
2009-02-23 08:00:00,16286.0
2009-02-23 09:00:00,16462.0
2009-02-23 10:00:00,16614.0
2009-02-23 11:00:00,16640.0
2009-02-23 12:00:00,16512.0
2009-02-23 13:00:00,16411.0
2009-02-23 14:00:00,16216.0
2009-02-23 15:00:00,16146.0
2009-02-23 16:00:00,16546.0
2009-02-23 17:00:00,17801.0
2009-02-23 18:00:00,18623.0
2009-02-23 19:00:00,18258.0
2009-02-23 20:00:00,17570.0
2009-02-23 21:00:00,16395.0
2009-02-23 22:00:00,14907.0
2009-02-23 23:00:00,13618.0
2009-02-24 00:00:00,12865.0
2009-02-24 01:00:00,12493.0
2009-02-24 02:00:00,12367.0
2009-02-24 03:00:00,12416.0
2009-02-24 04:00:00,12714.0
2009-02-24 05:00:00,13639.0
2009-02-24 06:00:00,15377.0
2009-02-24 07:00:00,16440.0
2009-02-24 08:00:00,16670.0
2009-02-24 09:00:00,16656.0
2009-02-24 10:00:00,16631.0
2009-02-24 11:00:00,16442.0
2009-02-24 12:00:00,16159.0
2009-02-24 13:00:00,15938.0
2009-02-24 14:00:00,15653.0
2009-02-24 15:00:00,15528.0
2009-02-24 16:00:00,15877.0
2009-02-24 17:00:00,17023.0
2009-02-24 18:00:00,17896.0
2009-02-24 19:00:00,17545.0
2009-02-24 20:00:00,16943.0
2009-02-24 21:00:00,15804.0
2009-02-24 22:00:00,14385.0
2009-02-24 23:00:00,13432.0
2009-02-25 00:00:00,12708.0
2009-02-25 01:00:00,12333.0
2009-02-25 02:00:00,12171.0
2009-02-25 03:00:00,12217.0
2009-02-25 04:00:00,12609.0
2009-02-25 05:00:00,13785.0
2009-02-25 06:00:00,15765.0
2009-02-25 07:00:00,16772.0
2009-02-25 08:00:00,16941.0
2009-02-25 09:00:00,16886.0
2009-02-25 10:00:00,16847.0
2009-02-25 11:00:00,16668.0
2009-02-25 12:00:00,16287.0
2009-02-25 13:00:00,16017.0
2009-02-25 14:00:00,15731.0
2009-02-25 15:00:00,15589.0
2009-02-25 16:00:00,15903.0
2009-02-25 17:00:00,17044.0
2009-02-25 18:00:00,17965.0
2009-02-25 19:00:00,17642.0
2009-02-25 20:00:00,16999.0
2009-02-25 21:00:00,15911.0
2009-02-25 22:00:00,14493.0
2009-02-25 23:00:00,13163.0
2009-02-26 00:00:00,12356.0
2009-02-26 01:00:00,11942.0
2009-02-26 02:00:00,11746.0
2009-02-26 03:00:00,11738.0
2009-02-26 04:00:00,12038.0
2009-02-26 05:00:00,13123.0
2009-02-26 06:00:00,15092.0
2009-02-26 07:00:00,16248.0
2009-02-26 08:00:00,16563.0
2009-02-26 09:00:00,16619.0
2009-02-26 10:00:00,16677.0
2009-02-26 11:00:00,16542.0
2009-02-26 12:00:00,16273.0
2009-02-26 13:00:00,16051.0
2009-02-26 14:00:00,15748.0
2009-02-26 15:00:00,15496.0
2009-02-26 16:00:00,15687.0
2009-02-26 17:00:00,16667.0
2009-02-26 18:00:00,17497.0
2009-02-26 19:00:00,17196.0
2009-02-26 20:00:00,16532.0
2009-02-26 21:00:00,15485.0
2009-02-26 22:00:00,14009.0
2009-02-26 23:00:00,12709.0
2009-02-27 00:00:00,11871.0
2009-02-27 01:00:00,11444.0
2009-02-27 02:00:00,11209.0
2009-02-27 03:00:00,11189.0
2009-02-27 04:00:00,11471.0
2009-02-27 05:00:00,12502.0
2009-02-27 06:00:00,14303.0
2009-02-27 07:00:00,15375.0
2009-02-27 08:00:00,15614.0
2009-02-27 09:00:00,15666.0
2009-02-27 10:00:00,15668.0
2009-02-27 11:00:00,15548.0
2009-02-27 12:00:00,15319.0
2009-02-27 13:00:00,15180.0
2009-02-27 14:00:00,14976.0
2009-02-27 15:00:00,14870.0
2009-02-27 16:00:00,15179.0
2009-02-27 17:00:00,16076.0
2009-02-27 18:00:00,16399.0
2009-02-27 19:00:00,15880.0
2009-02-27 20:00:00,15204.0
2009-02-27 21:00:00,14312.0
2009-02-27 22:00:00,13147.0
2009-02-27 23:00:00,11988.0
2009-02-28 00:00:00,11126.0
2009-02-28 01:00:00,10588.0
2009-02-28 02:00:00,10305.0
2009-02-28 03:00:00,10196.0
2009-02-28 04:00:00,10317.0
2009-02-28 05:00:00,10763.0
2009-02-28 06:00:00,11497.0
2009-02-28 07:00:00,12463.0
2009-02-28 08:00:00,13590.0
2009-02-28 09:00:00,14255.0
2009-02-28 10:00:00,14501.0
2009-02-28 11:00:00,14460.0
2009-02-28 12:00:00,14239.0
2009-02-28 13:00:00,13951.0
2009-02-28 14:00:00,13716.0
2009-02-28 15:00:00,13718.0
2009-02-28 16:00:00,14116.0
2009-02-28 17:00:00,15205.0
2009-02-28 18:00:00,15982.0
2009-02-28 19:00:00,15644.0
2009-02-28 20:00:00,15186.0
2009-02-28 21:00:00,14511.0
2009-02-28 22:00:00,13562.0
2009-02-28 23:00:00,12638.0
2009-03-01 00:00:00,11885.0
2009-03-01 01:00:00,11464.0
2009-03-01 02:00:00,11223.0
2009-03-01 03:00:00,11134.0
2009-03-01 04:00:00,11201.0
2009-03-01 05:00:00,11500.0
2009-03-01 06:00:00,12028.0
2009-03-01 07:00:00,12792.0
2009-03-01 08:00:00,13888.0
2009-03-01 09:00:00,14731.0
2009-03-01 10:00:00,15221.0
2009-03-01 11:00:00,15510.0
2009-03-01 12:00:00,15613.0
2009-03-01 13:00:00,15489.0
2009-03-01 14:00:00,15296.0
2009-03-01 15:00:00,15268.0
2009-03-01 16:00:00,15721.0
2009-03-01 17:00:00,16830.0
2009-03-01 18:00:00,17471.0
2009-03-01 19:00:00,17002.0
2009-03-01 20:00:00,16278.0
2009-03-01 21:00:00,15228.0
2009-03-01 22:00:00,14041.0
2009-03-01 23:00:00,13005.0
2009-03-02 00:00:00,12214.0
2009-03-02 01:00:00,11857.0
2009-03-02 02:00:00,11730.0
2009-03-02 03:00:00,11798.0
2009-03-02 04:00:00,12193.0
2009-03-02 05:00:00,13159.0
2009-03-02 06:00:00,14517.0
2009-03-02 07:00:00,15569.0
2009-03-02 08:00:00,16477.0
2009-03-02 09:00:00,17123.0
2009-03-02 10:00:00,17603.0
2009-03-02 11:00:00,17882.0
2009-03-02 12:00:00,17981.0
2009-03-02 13:00:00,17826.0
2009-03-02 14:00:00,17559.0
2009-03-02 15:00:00,17386.0
2009-03-02 16:00:00,17654.0
2009-03-02 17:00:00,18619.0
2009-03-02 18:00:00,19321.0
2009-03-02 19:00:00,18775.0
2009-03-02 20:00:00,17898.0
2009-03-02 21:00:00,16620.0
2009-03-02 22:00:00,15185.0
2009-03-02 23:00:00,13964.0
2009-03-03 00:00:00,13176.0
2009-03-03 01:00:00,12822.0
2009-03-03 02:00:00,12624.0
2009-03-03 03:00:00,12663.0
2009-03-03 04:00:00,13034.0
2009-03-03 05:00:00,14209.0
2009-03-03 06:00:00,16074.0
2009-03-03 07:00:00,17132.0
2009-03-03 08:00:00,17322.0
2009-03-03 09:00:00,17309.0
2009-03-03 10:00:00,17251.0
2009-03-03 11:00:00,17102.0
2009-03-03 12:00:00,16875.0
2009-03-03 13:00:00,16704.0
2009-03-03 14:00:00,16448.0
2009-03-03 15:00:00,16336.0
2009-03-03 16:00:00,16701.0
2009-03-03 17:00:00,17796.0
2009-03-03 18:00:00,18930.0
2009-03-03 19:00:00,18682.0
2009-03-03 20:00:00,18021.0
2009-03-03 21:00:00,16911.0
2009-03-03 22:00:00,15468.0
2009-03-03 23:00:00,14196.0
2009-03-04 00:00:00,13427.0
2009-03-04 01:00:00,13084.0
2009-03-04 02:00:00,12954.0
2009-03-04 03:00:00,12983.0
2009-03-04 04:00:00,13376.0
2009-03-04 05:00:00,14544.0
2009-03-04 06:00:00,16414.0
2009-03-04 07:00:00,17409.0
2009-03-04 08:00:00,17469.0
2009-03-04 09:00:00,17374.0
2009-03-04 10:00:00,17250.0
2009-03-04 11:00:00,17070.0
2009-03-04 12:00:00,16782.0
2009-03-04 13:00:00,16568.0
2009-03-04 14:00:00,16296.0
2009-03-04 15:00:00,16172.0
2009-03-04 16:00:00,16482.0
2009-03-04 17:00:00,17459.0
2009-03-04 18:00:00,18551.0
2009-03-04 19:00:00,18300.0
2009-03-04 20:00:00,17645.0
2009-03-04 21:00:00,16529.0
2009-03-04 22:00:00,15021.0
2009-03-04 23:00:00,13745.0
2009-03-05 00:00:00,12980.0
2009-03-05 01:00:00,12614.0
2009-03-05 02:00:00,12495.0
2009-03-05 03:00:00,12547.0
2009-03-05 04:00:00,12949.0
2009-03-05 05:00:00,14169.0
2009-03-05 06:00:00,16074.0
2009-03-05 07:00:00,17062.0
2009-03-05 08:00:00,17060.0
2009-03-05 09:00:00,16886.0
2009-03-05 10:00:00,16748.0
2009-03-05 11:00:00,16513.0
2009-03-05 12:00:00,16200.0
2009-03-05 13:00:00,15958.0
2009-03-05 14:00:00,15697.0
2009-03-05 15:00:00,15559.0
2009-03-05 16:00:00,15806.0
2009-03-05 17:00:00,16703.0
2009-03-05 18:00:00,17790.0
2009-03-05 19:00:00,17565.0
2009-03-05 20:00:00,16921.0
2009-03-05 21:00:00,15811.0
2009-03-05 22:00:00,14298.0
2009-03-05 23:00:00,12981.0
2009-03-06 00:00:00,12136.0
2009-03-06 01:00:00,11686.0
2009-03-06 02:00:00,11433.0
2009-03-06 03:00:00,11385.0
2009-03-06 04:00:00,11660.0
2009-03-06 05:00:00,12684.0
2009-03-06 06:00:00,14544.0
2009-03-06 07:00:00,15605.0
2009-03-06 08:00:00,15860.0
2009-03-06 09:00:00,16001.0
2009-03-06 10:00:00,16093.0
2009-03-06 11:00:00,16046.0
2009-03-06 12:00:00,15797.0
2009-03-06 13:00:00,15564.0
2009-03-06 14:00:00,15249.0
2009-03-06 15:00:00,15045.0
2009-03-06 16:00:00,15165.0
2009-03-06 17:00:00,15743.0
2009-03-06 18:00:00,16576.0
2009-03-06 19:00:00,16211.0
2009-03-06 20:00:00,15562.0
2009-03-06 21:00:00,14650.0
2009-03-06 22:00:00,13489.0
2009-03-06 23:00:00,12304.0
2009-03-07 00:00:00,11444.0
2009-03-07 01:00:00,10954.0
2009-03-07 02:00:00,10671.0
2009-03-07 03:00:00,10563.0
2009-03-07 04:00:00,10646.0
2009-03-07 05:00:00,11016.0
2009-03-07 06:00:00,11611.0
2009-03-07 07:00:00,12505.0
2009-03-07 08:00:00,13288.0
2009-03-07 09:00:00,13798.0
2009-03-07 10:00:00,13940.0
2009-03-07 11:00:00,13848.0
2009-03-07 12:00:00,13592.0
2009-03-07 13:00:00,13250.0
2009-03-07 14:00:00,13027.0
2009-03-07 15:00:00,12988.0
2009-03-07 16:00:00,13327.0
2009-03-07 17:00:00,14214.0
2009-03-07 18:00:00,14915.0
2009-03-07 19:00:00,14570.0
2009-03-07 20:00:00,14058.0
2009-03-07 21:00:00,13189.0
2009-03-07 22:00:00,12334.0
2009-03-07 23:00:00,11391.0
2009-03-08 00:00:00,10595.0
2009-03-08 01:00:00,10365.5
2009-03-08 02:00:00,10136.0
2009-03-08 03:00:00,9883.0
2009-03-08 04:00:00,9763.0
2009-03-08 05:00:00,9915.0
2009-03-08 06:00:00,10294.0
2009-03-08 07:00:00,10753.0
2009-03-08 08:00:00,11556.0
2009-03-08 09:00:00,12395.0
2009-03-08 10:00:00,12940.0
2009-03-08 11:00:00,13238.0
2009-03-08 12:00:00,13315.0
2009-03-08 13:00:00,13154.0
2009-03-08 14:00:00,12934.0
2009-03-08 15:00:00,12832.0
2009-03-08 16:00:00,13019.0
2009-03-08 17:00:00,13542.0
2009-03-08 18:00:00,14371.0
2009-03-08 19:00:00,15063.0
2009-03-08 20:00:00,14695.0
2009-03-08 21:00:00,13763.0
2009-03-08 22:00:00,12540.0
2009-03-08 23:00:00,11419.0
2009-03-09 00:00:00,10604.0
2009-03-09 01:00:00,10137.0
2009-03-09 02:00:00,9962.0
2009-03-09 03:00:00,9960.0
2009-03-09 04:00:00,10288.0
2009-03-09 05:00:00,11337.0
2009-03-09 06:00:00,13511.0
2009-03-09 07:00:00,15213.0
2009-03-09 08:00:00,15655.0
2009-03-09 09:00:00,15964.0
2009-03-09 10:00:00,16277.0
2009-03-09 11:00:00,16448.0
2009-03-09 12:00:00,16518.0
2009-03-09 13:00:00,16495.0
2009-03-09 14:00:00,16265.0
2009-03-09 15:00:00,16111.0
2009-03-09 16:00:00,16226.0
2009-03-09 17:00:00,16537.0
2009-03-09 18:00:00,16971.0
2009-03-09 19:00:00,17454.0
2009-03-09 20:00:00,16826.0
2009-03-09 21:00:00,15640.0
2009-03-09 22:00:00,14142.0
2009-03-09 23:00:00,12741.0
2009-03-10 00:00:00,11843.0
2009-03-10 01:00:00,11384.0
2009-03-10 02:00:00,11182.0
2009-03-10 03:00:00,11169.0
2009-03-10 04:00:00,11443.0
2009-03-10 05:00:00,12519.0
2009-03-10 06:00:00,14676.0
2009-03-10 07:00:00,15904.0
2009-03-10 08:00:00,16030.0
2009-03-10 09:00:00,15928.0
2009-03-10 10:00:00,15858.0
2009-03-10 11:00:00,15676.0
2009-03-10 12:00:00,15461.0
2009-03-10 13:00:00,15273.0
2009-03-10 14:00:00,15022.0
2009-03-10 15:00:00,14949.0
2009-03-10 16:00:00,15180.0
2009-03-10 17:00:00,15640.0
2009-03-10 18:00:00,16291.0
2009-03-10 19:00:00,16830.0
2009-03-10 20:00:00,16302.0
2009-03-10 21:00:00,15246.0
2009-03-10 22:00:00,13826.0
2009-03-10 23:00:00,12422.0
2009-03-11 00:00:00,11530.0
2009-03-11 01:00:00,11097.0
2009-03-11 02:00:00,10869.0
2009-03-11 03:00:00,10841.0
2009-03-11 04:00:00,11111.0
2009-03-11 05:00:00,12150.0
2009-03-11 06:00:00,14253.0
2009-03-11 07:00:00,15786.0
2009-03-11 08:00:00,16128.0
2009-03-11 09:00:00,16317.0
2009-03-11 10:00:00,16484.0
2009-03-11 11:00:00,16490.0
2009-03-11 12:00:00,16358.0
2009-03-11 13:00:00,16239.0
2009-03-11 14:00:00,15911.0
2009-03-11 15:00:00,15710.0
2009-03-11 16:00:00,15739.0
2009-03-11 17:00:00,15886.0
2009-03-11 18:00:00,16122.0
2009-03-11 19:00:00,16582.0
2009-03-11 20:00:00,16091.0
2009-03-11 21:00:00,15001.0
2009-03-11 22:00:00,13626.0
2009-03-11 23:00:00,12295.0
2009-03-12 00:00:00,11465.0
2009-03-12 01:00:00,11048.0
2009-03-12 02:00:00,10901.0
2009-03-12 03:00:00,10943.0
2009-03-12 04:00:00,11303.0
2009-03-12 05:00:00,12438.0
2009-03-12 06:00:00,14645.0
2009-03-12 07:00:00,15902.0
2009-03-12 08:00:00,16097.0
2009-03-12 09:00:00,16134.0
2009-03-12 10:00:00,16160.0
2009-03-12 11:00:00,16037.0
2009-03-12 12:00:00,15822.0
2009-03-12 13:00:00,15669.0
2009-03-12 14:00:00,15359.0
2009-03-12 15:00:00,15154.0
2009-03-12 16:00:00,15161.0
2009-03-12 17:00:00,15459.0
2009-03-12 18:00:00,16013.0
2009-03-12 19:00:00,17012.0
2009-03-12 20:00:00,16766.0
2009-03-12 21:00:00,15808.0
2009-03-12 22:00:00,14422.0
2009-03-12 23:00:00,13083.0
2009-03-13 00:00:00,12282.0
2009-03-13 01:00:00,11852.0
2009-03-13 02:00:00,11655.0
2009-03-13 03:00:00,11666.0
2009-03-13 04:00:00,11960.0
2009-03-13 05:00:00,13021.0
2009-03-13 06:00:00,15123.0
2009-03-13 07:00:00,16357.0
2009-03-13 08:00:00,16553.0
2009-03-13 09:00:00,16462.0
2009-03-13 10:00:00,16426.0
2009-03-13 11:00:00,16210.0
2009-03-13 12:00:00,15902.0
2009-03-13 13:00:00,15658.0
2009-03-13 14:00:00,15293.0
2009-03-13 15:00:00,15015.0
2009-03-13 16:00:00,14937.0
2009-03-13 17:00:00,15054.0
2009-03-13 18:00:00,15416.0
2009-03-13 19:00:00,16226.0
2009-03-13 20:00:00,15962.0
2009-03-13 21:00:00,15243.0
2009-03-13 22:00:00,14134.0
2009-03-13 23:00:00,12952.0
2009-03-14 00:00:00,12079.0
2009-03-14 01:00:00,11615.0
2009-03-14 02:00:00,11361.0
2009-03-14 03:00:00,11254.0
2009-03-14 04:00:00,11357.0
2009-03-14 05:00:00,11743.0
2009-03-14 06:00:00,12509.0
2009-03-14 07:00:00,13307.0
2009-03-14 08:00:00,14234.0
2009-03-14 09:00:00,14776.0
2009-03-14 10:00:00,14863.0
2009-03-14 11:00:00,14621.0
2009-03-14 12:00:00,14252.0
2009-03-14 13:00:00,13812.0
2009-03-14 14:00:00,13428.0
2009-03-14 15:00:00,13189.0
2009-03-14 16:00:00,13166.0
2009-03-14 17:00:00,13401.0
2009-03-14 18:00:00,13899.0
2009-03-14 19:00:00,14752.0
2009-03-14 20:00:00,14552.0
2009-03-14 21:00:00,13928.0
2009-03-14 22:00:00,13012.0
2009-03-14 23:00:00,12024.0
2009-03-15 00:00:00,11213.0
2009-03-15 01:00:00,10738.0
2009-03-15 02:00:00,10477.0
2009-03-15 03:00:00,10371.0
2009-03-15 04:00:00,10405.0
2009-03-15 05:00:00,10671.0
2009-03-15 06:00:00,11224.0
2009-03-15 07:00:00,11815.0
2009-03-15 08:00:00,12747.0
2009-03-15 09:00:00,13388.0
2009-03-15 10:00:00,13657.0
2009-03-15 11:00:00,13669.0
2009-03-15 12:00:00,13485.0
2009-03-15 13:00:00,13168.0
2009-03-15 14:00:00,12863.0
2009-03-15 15:00:00,12719.0
2009-03-15 16:00:00,12817.0
2009-03-15 17:00:00,13174.0
2009-03-15 18:00:00,13719.0
2009-03-15 19:00:00,14822.0
2009-03-15 20:00:00,14684.0
2009-03-15 21:00:00,13781.0
2009-03-15 22:00:00,12554.0
2009-03-15 23:00:00,11470.0
2009-03-16 00:00:00,10753.0
2009-03-16 01:00:00,10413.0
2009-03-16 02:00:00,10306.0
2009-03-16 03:00:00,10367.0
2009-03-16 04:00:00,10721.0
2009-03-16 05:00:00,11865.0
2009-03-16 06:00:00,14063.0
2009-03-16 07:00:00,15320.0
2009-03-16 08:00:00,15614.0
2009-03-16 09:00:00,15720.0
2009-03-16 10:00:00,15812.0
2009-03-16 11:00:00,15703.0
2009-03-16 12:00:00,15508.0
2009-03-16 13:00:00,15348.0
2009-03-16 14:00:00,15067.0
2009-03-16 15:00:00,14892.0
2009-03-16 16:00:00,15002.0
2009-03-16 17:00:00,15377.0
2009-03-16 18:00:00,15830.0
2009-03-16 19:00:00,16616.0
2009-03-16 20:00:00,16195.0
2009-03-16 21:00:00,15070.0
2009-03-16 22:00:00,13579.0
2009-03-16 23:00:00,12245.0
2009-03-17 00:00:00,11415.0
2009-03-17 01:00:00,11006.0
2009-03-17 02:00:00,10835.0
2009-03-17 03:00:00,10842.0
2009-03-17 04:00:00,11192.0
2009-03-17 05:00:00,12296.0
2009-03-17 06:00:00,14484.0
2009-03-17 07:00:00,15672.0
2009-03-17 08:00:00,15769.0
2009-03-17 09:00:00,15670.0
2009-03-17 10:00:00,15626.0
2009-03-17 11:00:00,15471.0
2009-03-17 12:00:00,15234.0
2009-03-17 13:00:00,15064.0
2009-03-17 14:00:00,14776.0
2009-03-17 15:00:00,14559.0
2009-03-17 16:00:00,14522.0
2009-03-17 17:00:00,14680.0
2009-03-17 18:00:00,14965.0
2009-03-17 19:00:00,15917.0
2009-03-17 20:00:00,15657.0
2009-03-17 21:00:00,14657.0
2009-03-17 22:00:00,13302.0
2009-03-17 23:00:00,12042.0
2009-03-18 00:00:00,11249.0
2009-03-18 01:00:00,10882.0
2009-03-18 02:00:00,10709.0
2009-03-18 03:00:00,10721.0
2009-03-18 04:00:00,11047.0
2009-03-18 05:00:00,12142.0
2009-03-18 06:00:00,14260.0
2009-03-18 07:00:00,15392.0
2009-03-18 08:00:00,15494.0
2009-03-18 09:00:00,15470.0
2009-03-18 10:00:00,15453.0
2009-03-18 11:00:00,15311.0
2009-03-18 12:00:00,15133.0
2009-03-18 13:00:00,14996.0
2009-03-18 14:00:00,14764.0
2009-03-18 15:00:00,14597.0
2009-03-18 16:00:00,14679.0
2009-03-18 17:00:00,14965.0
2009-03-18 18:00:00,15289.0
2009-03-18 19:00:00,15978.0
2009-03-18 20:00:00,15589.0
2009-03-18 21:00:00,14475.0
2009-03-18 22:00:00,13014.0
2009-03-18 23:00:00,11714.0
2009-03-19 00:00:00,10855.0
2009-03-19 01:00:00,10413.0
2009-03-19 02:00:00,10173.0
2009-03-19 03:00:00,10143.0
2009-03-19 04:00:00,10442.0
2009-03-19 05:00:00,11449.0
2009-03-19 06:00:00,13565.0
2009-03-19 07:00:00,14890.0
2009-03-19 08:00:00,15253.0
2009-03-19 09:00:00,15451.0
2009-03-19 10:00:00,15641.0
2009-03-19 11:00:00,15651.0
2009-03-19 12:00:00,15584.0
2009-03-19 13:00:00,15499.0
2009-03-19 14:00:00,15295.0
2009-03-19 15:00:00,15130.0
2009-03-19 16:00:00,15126.0
2009-03-19 17:00:00,15267.0
2009-03-19 18:00:00,15422.0
2009-03-19 19:00:00,16151.0
2009-03-19 20:00:00,15915.0
2009-03-19 21:00:00,14891.0
2009-03-19 22:00:00,13477.0
2009-03-19 23:00:00,12165.0
2009-03-20 00:00:00,11317.0
2009-03-20 01:00:00,10847.0
2009-03-20 02:00:00,10639.0
2009-03-20 03:00:00,10618.0
2009-03-20 04:00:00,10927.0
2009-03-20 05:00:00,11972.0
2009-03-20 06:00:00,14077.0
2009-03-20 07:00:00,15313.0
2009-03-20 08:00:00,15591.0
2009-03-20 09:00:00,15692.0
2009-03-20 10:00:00,15718.0
2009-03-20 11:00:00,15567.0
2009-03-20 12:00:00,15324.0
2009-03-20 13:00:00,15107.0
2009-03-20 14:00:00,14817.0
2009-03-20 15:00:00,14571.0
2009-03-20 16:00:00,14517.0
2009-03-20 17:00:00,14580.0
2009-03-20 18:00:00,14762.0
2009-03-20 19:00:00,15596.0
2009-03-20 20:00:00,15467.0
2009-03-20 21:00:00,14750.0
2009-03-20 22:00:00,13661.0
2009-03-20 23:00:00,12566.0
2009-03-21 00:00:00,11723.0
2009-03-21 01:00:00,11268.0
2009-03-21 02:00:00,11051.0
2009-03-21 03:00:00,10983.0
2009-03-21 04:00:00,11083.0
2009-03-21 05:00:00,11503.0
2009-03-21 06:00:00,12278.0
2009-03-21 07:00:00,13089.0
2009-03-21 08:00:00,14037.0
2009-03-21 09:00:00,14534.0
2009-03-21 10:00:00,14627.0
2009-03-21 11:00:00,14468.0
2009-03-21 12:00:00,14110.0
2009-03-21 13:00:00,13684.0
2009-03-21 14:00:00,13303.0
2009-03-21 15:00:00,13063.0
2009-03-21 16:00:00,13026.0
2009-03-21 17:00:00,13276.0
2009-03-21 18:00:00,13649.0
2009-03-21 19:00:00,14578.0
2009-03-21 20:00:00,14553.0
2009-03-21 21:00:00,13949.0
2009-03-21 22:00:00,13068.0
2009-03-21 23:00:00,12121.0
2009-03-22 00:00:00,11346.0
2009-03-22 01:00:00,10880.0
2009-03-22 02:00:00,10632.0
2009-03-22 03:00:00,10537.0
2009-03-22 04:00:00,10581.0
2009-03-22 05:00:00,10822.0
2009-03-22 06:00:00,11323.0
2009-03-22 07:00:00,11952.0
2009-03-22 08:00:00,12971.0
2009-03-22 09:00:00,13693.0
2009-03-22 10:00:00,13956.0
2009-03-22 11:00:00,13934.0
2009-03-22 12:00:00,13820.0
2009-03-22 13:00:00,13563.0
2009-03-22 14:00:00,13379.0
2009-03-22 15:00:00,13373.0
2009-03-22 16:00:00,13577.0
2009-03-22 17:00:00,13958.0
2009-03-22 18:00:00,14349.0
2009-03-22 19:00:00,15319.0
2009-03-22 20:00:00,15224.0
2009-03-22 21:00:00,14304.0
2009-03-22 22:00:00,13069.0
2009-03-22 23:00:00,11970.0
2009-03-23 00:00:00,11263.0
2009-03-23 01:00:00,10941.0
2009-03-23 02:00:00,10841.0
2009-03-23 03:00:00,10914.0
2009-03-23 04:00:00,11272.0
2009-03-23 05:00:00,12457.0
2009-03-23 06:00:00,14620.0
2009-03-23 07:00:00,15837.0
2009-03-23 08:00:00,16172.0
2009-03-23 09:00:00,16307.0
2009-03-23 10:00:00,16397.0
2009-03-23 11:00:00,16312.0
2009-03-23 12:00:00,16133.0
2009-03-23 13:00:00,15964.0
2009-03-23 14:00:00,15672.0
2009-03-23 15:00:00,15478.0
2009-03-23 16:00:00,15550.0
2009-03-23 17:00:00,15888.0
2009-03-23 18:00:00,16283.0
2009-03-23 19:00:00,17220.0
2009-03-23 20:00:00,16989.0
2009-03-23 21:00:00,15922.0
2009-03-23 22:00:00,14462.0
2009-03-23 23:00:00,13130.0
2009-03-24 00:00:00,12327.0
2009-03-24 01:00:00,11933.0
2009-03-24 02:00:00,11779.0
2009-03-24 03:00:00,11780.0
2009-03-24 04:00:00,12085.0
2009-03-24 05:00:00,13212.0
2009-03-24 06:00:00,15334.0
2009-03-24 07:00:00,16439.0
2009-03-24 08:00:00,16547.0
2009-03-24 09:00:00,16492.0
2009-03-24 10:00:00,16437.0
2009-03-24 11:00:00,16254.0
2009-03-24 12:00:00,16012.0
2009-03-24 13:00:00,15765.0
2009-03-24 14:00:00,15423.0
2009-03-24 15:00:00,15157.0
2009-03-24 16:00:00,15144.0
2009-03-24 17:00:00,15366.0
2009-03-24 18:00:00,15602.0
2009-03-24 19:00:00,16429.0
2009-03-24 20:00:00,16254.0
2009-03-24 21:00:00,15215.0
2009-03-24 22:00:00,13719.0
2009-03-24 23:00:00,12402.0
2009-03-25 00:00:00,11617.0
2009-03-25 01:00:00,11234.0
2009-03-25 02:00:00,11056.0
2009-03-25 03:00:00,11042.0
2009-03-25 04:00:00,11368.0
2009-03-25 05:00:00,12508.0
2009-03-25 06:00:00,14639.0
2009-03-25 07:00:00,15763.0
2009-03-25 08:00:00,15824.0
2009-03-25 09:00:00,15719.0
2009-03-25 10:00:00,15640.0
2009-03-25 11:00:00,15458.0
2009-03-25 12:00:00,15191.0
2009-03-25 13:00:00,15001.0
2009-03-25 14:00:00,14721.0
2009-03-25 15:00:00,14474.0
2009-03-25 16:00:00,14428.0
2009-03-25 17:00:00,14591.0
2009-03-25 18:00:00,14836.0
2009-03-25 19:00:00,15785.0
2009-03-25 20:00:00,15696.0
2009-03-25 21:00:00,14666.0
2009-03-25 22:00:00,13279.0
2009-03-25 23:00:00,11955.0
2009-03-26 00:00:00,11172.0
2009-03-26 01:00:00,10784.0
2009-03-26 02:00:00,10632.0
2009-03-26 03:00:00,10651.0
2009-03-26 04:00:00,10970.0
2009-03-26 05:00:00,12099.0
2009-03-26 06:00:00,14173.0
2009-03-26 07:00:00,15339.0
2009-03-26 08:00:00,15491.0
2009-03-26 09:00:00,15473.0
2009-03-26 10:00:00,15505.0
2009-03-26 11:00:00,15353.0
2009-03-26 12:00:00,15155.0
2009-03-26 13:00:00,15066.0
2009-03-26 14:00:00,14898.0
2009-03-26 15:00:00,14825.0
2009-03-26 16:00:00,15026.0
2009-03-26 17:00:00,15396.0
2009-03-26 18:00:00,15722.0
2009-03-26 19:00:00,16184.0
2009-03-26 20:00:00,15732.0
2009-03-26 21:00:00,14641.0
2009-03-26 22:00:00,13179.0
2009-03-26 23:00:00,11871.0
2009-03-27 00:00:00,11005.0
2009-03-27 01:00:00,10547.0
2009-03-27 02:00:00,10313.0
2009-03-27 03:00:00,10254.0
2009-03-27 04:00:00,10516.0
2009-03-27 05:00:00,11482.0
2009-03-27 06:00:00,13483.0
2009-03-27 07:00:00,14716.0
2009-03-27 08:00:00,15046.0
2009-03-27 09:00:00,15164.0
2009-03-27 10:00:00,15196.0
2009-03-27 11:00:00,15038.0
2009-03-27 12:00:00,14799.0
2009-03-27 13:00:00,14600.0
2009-03-27 14:00:00,14329.0
2009-03-27 15:00:00,14039.0
2009-03-27 16:00:00,13923.0
2009-03-27 17:00:00,13886.0
2009-03-27 18:00:00,13980.0
2009-03-27 19:00:00,14681.0
2009-03-27 20:00:00,14515.0
2009-03-27 21:00:00,13720.0
2009-03-27 22:00:00,12593.0
2009-03-27 23:00:00,11455.0
2009-03-28 00:00:00,10602.0
2009-03-28 01:00:00,10096.0
2009-03-28 02:00:00,9825.0
2009-03-28 03:00:00,9696.0
2009-03-28 04:00:00,9765.0
2009-03-28 05:00:00,10101.0
2009-03-28 06:00:00,10822.0
2009-03-28 07:00:00,11755.0
2009-03-28 08:00:00,12868.0
2009-03-28 09:00:00,13515.0
2009-03-28 10:00:00,13671.0
2009-03-28 11:00:00,13562.0
2009-03-28 12:00:00,13324.0
2009-03-28 13:00:00,12981.0
2009-03-28 14:00:00,12705.0
2009-03-28 15:00:00,12542.0
2009-03-28 16:00:00,12585.0
2009-03-28 17:00:00,12844.0
2009-03-28 18:00:00,13177.0
2009-03-28 19:00:00,13932.0
2009-03-28 20:00:00,13742.0
2009-03-28 21:00:00,13050.0
2009-03-28 22:00:00,12118.0
2009-03-28 23:00:00,11146.0
2009-03-29 00:00:00,10332.0
2009-03-29 01:00:00,9836.0
2009-03-29 02:00:00,9575.0
2009-03-29 03:00:00,9453.0
2009-03-29 04:00:00,9470.0
2009-03-29 05:00:00,9691.0
2009-03-29 06:00:00,10203.0
2009-03-29 07:00:00,10936.0
2009-03-29 08:00:00,12120.0
2009-03-29 09:00:00,13151.0
2009-03-29 10:00:00,13756.0
2009-03-29 11:00:00,14112.0
2009-03-29 12:00:00,14224.0
2009-03-29 13:00:00,14075.0
2009-03-29 14:00:00,13896.0
2009-03-29 15:00:00,13833.0
2009-03-29 16:00:00,14030.0
2009-03-29 17:00:00,14391.0
2009-03-29 18:00:00,14618.0
2009-03-29 19:00:00,14999.0
2009-03-29 20:00:00,14678.0
2009-03-29 21:00:00,13638.0
2009-03-29 22:00:00,12333.0
2009-03-29 23:00:00,11192.0
2009-03-30 00:00:00,10434.0
2009-03-30 01:00:00,10011.0
2009-03-30 02:00:00,9837.0
2009-03-30 03:00:00,9827.0
2009-03-30 04:00:00,10126.0
2009-03-30 05:00:00,11227.0
2009-03-30 06:00:00,13345.0
2009-03-30 07:00:00,14740.0
2009-03-30 08:00:00,15187.0
2009-03-30 09:00:00,15435.0
2009-03-30 10:00:00,15647.0
2009-03-30 11:00:00,15682.0
2009-03-30 12:00:00,15619.0
2009-03-30 13:00:00,15546.0
2009-03-30 14:00:00,15334.0
2009-03-30 15:00:00,15163.0
2009-03-30 16:00:00,15223.0
2009-03-30 17:00:00,15532.0
2009-03-30 18:00:00,15731.0
2009-03-30 19:00:00,16225.0
2009-03-30 20:00:00,15928.0
2009-03-30 21:00:00,14795.0
2009-03-30 22:00:00,13289.0
2009-03-30 23:00:00,11954.0
2009-03-31 00:00:00,11090.0
2009-03-31 01:00:00,10644.0
2009-03-31 02:00:00,10450.0
2009-03-31 03:00:00,10437.0
2009-03-31 04:00:00,10732.0
2009-03-31 05:00:00,11838.0
2009-03-31 06:00:00,13866.0
2009-03-31 07:00:00,14950.0
2009-03-31 08:00:00,15140.0
2009-03-31 09:00:00,15137.0
2009-03-31 10:00:00,15128.0
2009-03-31 11:00:00,15033.0
2009-03-31 12:00:00,14860.0
2009-03-31 13:00:00,14727.0
2009-03-31 14:00:00,14462.0
2009-03-31 15:00:00,14214.0
2009-03-31 16:00:00,14163.0
2009-03-31 17:00:00,14290.0
2009-03-31 18:00:00,14506.0
2009-03-31 19:00:00,15403.0
2009-03-31 20:00:00,15432.0
2009-03-31 21:00:00,14396.0
2009-03-31 22:00:00,12986.0
2009-03-31 23:00:00,11640.0
2009-04-01 00:00:00,10831.0
2009-04-01 01:00:00,10416.0
2009-04-01 02:00:00,10256.0
2009-04-01 03:00:00,10271.0
2009-04-01 04:00:00,10604.0
2009-04-01 05:00:00,11708.0
2009-04-01 06:00:00,13735.0
2009-04-01 07:00:00,14976.0
2009-04-01 08:00:00,15242.0
2009-04-01 09:00:00,15377.0
2009-04-01 10:00:00,15475.0
2009-04-01 11:00:00,15415.0
2009-04-01 12:00:00,15258.0
2009-04-01 13:00:00,15143.0
2009-04-01 14:00:00,14979.0
2009-04-01 15:00:00,14909.0
2009-04-01 16:00:00,15135.0
2009-04-01 17:00:00,15573.0
2009-04-01 18:00:00,15881.0
2009-04-01 19:00:00,16318.0
2009-04-01 20:00:00,15909.0
2009-04-01 21:00:00,14769.0
2009-04-01 22:00:00,13292.0
2009-04-01 23:00:00,11906.0
2009-04-02 00:00:00,11015.0
2009-04-02 01:00:00,10532.0
2009-04-02 02:00:00,10283.0
2009-04-02 03:00:00,10214.0
2009-04-02 04:00:00,10477.0
2009-04-02 05:00:00,11533.0
2009-04-02 06:00:00,13556.0
2009-04-02 07:00:00,14842.0
2009-04-02 08:00:00,15152.0
2009-04-02 09:00:00,15260.0
2009-04-02 10:00:00,15290.0
2009-04-02 11:00:00,15176.0
2009-04-02 12:00:00,14973.0
2009-04-02 13:00:00,14842.0
2009-04-02 14:00:00,14603.0
2009-04-02 15:00:00,14412.0
2009-04-02 16:00:00,14385.0
2009-04-02 17:00:00,14514.0
2009-04-02 18:00:00,14681.0
2009-04-02 19:00:00,15428.0
2009-04-02 20:00:00,15282.0
2009-04-02 21:00:00,14219.0
2009-04-02 22:00:00,12733.0
2009-04-02 23:00:00,11406.0
2009-04-03 00:00:00,10494.0
2009-04-03 01:00:00,10015.0
2009-04-03 02:00:00,9779.0
2009-04-03 03:00:00,9710.0
2009-04-03 04:00:00,9955.0
2009-04-03 05:00:00,10901.0
2009-04-03 06:00:00,12875.0
2009-04-03 07:00:00,14209.0
2009-04-03 08:00:00,14708.0
2009-04-03 09:00:00,14992.0
2009-04-03 10:00:00,15197.0
2009-04-03 11:00:00,15227.0
2009-04-03 12:00:00,15116.0
2009-04-03 13:00:00,15007.0
2009-04-03 14:00:00,14848.0
2009-04-03 15:00:00,14724.0
2009-04-03 16:00:00,14882.0
2009-04-03 17:00:00,15130.0
2009-04-03 18:00:00,14972.0
2009-04-03 19:00:00,15049.0
2009-04-03 20:00:00,14668.0
2009-04-03 21:00:00,13787.0
2009-04-03 22:00:00,12603.0
2009-04-03 23:00:00,11424.0
2009-04-04 00:00:00,10521.0
2009-04-04 01:00:00,9927.0
2009-04-04 02:00:00,9642.0
2009-04-04 03:00:00,9501.0
2009-04-04 04:00:00,9545.0
2009-04-04 05:00:00,9890.0
2009-04-04 06:00:00,10564.0
2009-04-04 07:00:00,11470.0
2009-04-04 08:00:00,12578.0
2009-04-04 09:00:00,13345.0
2009-04-04 10:00:00,13623.0
2009-04-04 11:00:00,13664.0
2009-04-04 12:00:00,13541.0
2009-04-04 13:00:00,13314.0
2009-04-04 14:00:00,13149.0
2009-04-04 15:00:00,13090.0
2009-04-04 16:00:00,13197.0
2009-04-04 17:00:00,13441.0
2009-04-04 18:00:00,13640.0
2009-04-04 19:00:00,14189.0
2009-04-04 20:00:00,14125.0
2009-04-04 21:00:00,13495.0
2009-04-04 22:00:00,12506.0
2009-04-04 23:00:00,11500.0
2009-04-05 00:00:00,10732.0
2009-04-05 01:00:00,10218.0
2009-04-05 02:00:00,9927.0
2009-04-05 03:00:00,9798.0
2009-04-05 04:00:00,9843.0
2009-04-05 05:00:00,10101.0
2009-04-05 06:00:00,10497.0
2009-04-05 07:00:00,11206.0
2009-04-05 08:00:00,12152.0
2009-04-05 09:00:00,12829.0
2009-04-05 10:00:00,13075.0
2009-04-05 11:00:00,13120.0
2009-04-05 12:00:00,13020.0
2009-04-05 13:00:00,12764.0
2009-04-05 14:00:00,12493.0
2009-04-05 15:00:00,12363.0
2009-04-05 16:00:00,12492.0
2009-04-05 17:00:00,12812.0
2009-04-05 18:00:00,13147.0
2009-04-05 19:00:00,13997.0
2009-04-05 20:00:00,14260.0
2009-04-05 21:00:00,13367.0
2009-04-05 22:00:00,12098.0
2009-04-05 23:00:00,10936.0
2009-04-06 00:00:00,10140.0
2009-04-06 01:00:00,9744.0
2009-04-06 02:00:00,9622.0
2009-04-06 03:00:00,9652.0
2009-04-06 04:00:00,10035.0
2009-04-06 05:00:00,11173.0
2009-04-06 06:00:00,13140.0
2009-04-06 07:00:00,14438.0
2009-04-06 08:00:00,14863.0
2009-04-06 09:00:00,15145.0
2009-04-06 10:00:00,15464.0
2009-04-06 11:00:00,15602.0
2009-04-06 12:00:00,15604.0
2009-04-06 13:00:00,15610.0
2009-04-06 14:00:00,15575.0
2009-04-06 15:00:00,15694.0
2009-04-06 16:00:00,15976.0
2009-04-06 17:00:00,16266.0
2009-04-06 18:00:00,16165.0
2009-04-06 19:00:00,16253.0
2009-04-06 20:00:00,15781.0
2009-04-06 21:00:00,14603.0
2009-04-06 22:00:00,13058.0
2009-04-06 23:00:00,11705.0
2009-04-07 00:00:00,10788.0
2009-04-07 01:00:00,10300.0
2009-04-07 02:00:00,10077.0
2009-04-07 03:00:00,10015.0
2009-04-07 04:00:00,10309.0
2009-04-07 05:00:00,11373.0
2009-04-07 06:00:00,13417.0
2009-04-07 07:00:00,14745.0
2009-04-07 08:00:00,15057.0
2009-04-07 09:00:00,15195.0
2009-04-07 10:00:00,15284.0
2009-04-07 11:00:00,15256.0
2009-04-07 12:00:00,15123.0
2009-04-07 13:00:00,15015.0
2009-04-07 14:00:00,14823.0
2009-04-07 15:00:00,14702.0
2009-04-07 16:00:00,14861.0
2009-04-07 17:00:00,15178.0
2009-04-07 18:00:00,15405.0
2009-04-07 19:00:00,15984.0
2009-04-07 20:00:00,15796.0
2009-04-07 21:00:00,14767.0
2009-04-07 22:00:00,13282.0
2009-04-07 23:00:00,11939.0
2009-04-08 00:00:00,11084.0
2009-04-08 01:00:00,10658.0
2009-04-08 02:00:00,10459.0
2009-04-08 03:00:00,10447.0
2009-04-08 04:00:00,10772.0
2009-04-08 05:00:00,11893.0
2009-04-08 06:00:00,13843.0
2009-04-08 07:00:00,15066.0
2009-04-08 08:00:00,15344.0
2009-04-08 09:00:00,15433.0
2009-04-08 10:00:00,15552.0
2009-04-08 11:00:00,15538.0
2009-04-08 12:00:00,15374.0
2009-04-08 13:00:00,15249.0
2009-04-08 14:00:00,15038.0
2009-04-08 15:00:00,14861.0
2009-04-08 16:00:00,14917.0
2009-04-08 17:00:00,15158.0
2009-04-08 18:00:00,15264.0
2009-04-08 19:00:00,15863.0
2009-04-08 20:00:00,15884.0
2009-04-08 21:00:00,14825.0
2009-04-08 22:00:00,13386.0
2009-04-08 23:00:00,12019.0
2009-04-09 00:00:00,11158.0
2009-04-09 01:00:00,10730.0
2009-04-09 02:00:00,10533.0
2009-04-09 03:00:00,10505.0
2009-04-09 04:00:00,10853.0
2009-04-09 05:00:00,11929.0
2009-04-09 06:00:00,13808.0
2009-04-09 07:00:00,14945.0
2009-04-09 08:00:00,15108.0
2009-04-09 09:00:00,15101.0
2009-04-09 10:00:00,15080.0
2009-04-09 11:00:00,14989.0
2009-04-09 12:00:00,14786.0
2009-04-09 13:00:00,14647.0
2009-04-09 14:00:00,14377.0
2009-04-09 15:00:00,14132.0
2009-04-09 16:00:00,14029.0
2009-04-09 17:00:00,14064.0
2009-04-09 18:00:00,14100.0
2009-04-09 19:00:00,14702.0
2009-04-09 20:00:00,14910.0
2009-04-09 21:00:00,14057.0
2009-04-09 22:00:00,12739.0
2009-04-09 23:00:00,11481.0
2009-04-10 00:00:00,10606.0
2009-04-10 01:00:00,10158.0
2009-04-10 02:00:00,9957.0
2009-04-10 03:00:00,9917.0
2009-04-10 04:00:00,10184.0
2009-04-10 05:00:00,11047.0
2009-04-10 06:00:00,12422.0
2009-04-10 07:00:00,13524.0
2009-04-10 08:00:00,14060.0
2009-04-10 09:00:00,14316.0
2009-04-10 10:00:00,14419.0
2009-04-10 11:00:00,14358.0
2009-04-10 12:00:00,14183.0
2009-04-10 13:00:00,14038.0
2009-04-10 14:00:00,13813.0
2009-04-10 15:00:00,13585.0
2009-04-10 16:00:00,13608.0
2009-04-10 17:00:00,13783.0
2009-04-10 18:00:00,13891.0
2009-04-10 19:00:00,14299.0
2009-04-10 20:00:00,14179.0
2009-04-10 21:00:00,13390.0
2009-04-10 22:00:00,12303.0
2009-04-10 23:00:00,11159.0
2009-04-11 00:00:00,10327.0
2009-04-11 01:00:00,9821.0
2009-04-11 02:00:00,9531.0
2009-04-11 03:00:00,9423.0
2009-04-11 04:00:00,9459.0
2009-04-11 05:00:00,9785.0
2009-04-11 06:00:00,10392.0
2009-04-11 07:00:00,11358.0
2009-04-11 08:00:00,12625.0
2009-04-11 09:00:00,13594.0
2009-04-11 10:00:00,14092.0
2009-04-11 11:00:00,14246.0
2009-04-11 12:00:00,14208.0
2009-04-11 13:00:00,14040.0
2009-04-11 14:00:00,13876.0
2009-04-11 15:00:00,13832.0
2009-04-11 16:00:00,13951.0
2009-04-11 17:00:00,14103.0
2009-04-11 18:00:00,14129.0
2009-04-11 19:00:00,14435.0
2009-04-11 20:00:00,14459.0
2009-04-11 21:00:00,13810.0
2009-04-11 22:00:00,12841.0
2009-04-11 23:00:00,11720.0
2009-04-12 00:00:00,10845.0
2009-04-12 01:00:00,10312.0
2009-04-12 02:00:00,10009.0
2009-04-12 03:00:00,9899.0
2009-04-12 04:00:00,9963.0
2009-04-12 05:00:00,10268.0
2009-04-12 06:00:00,10681.0
2009-04-12 07:00:00,11596.0
2009-04-12 08:00:00,12597.0
2009-04-12 09:00:00,13222.0
2009-04-12 10:00:00,13461.0
2009-04-12 11:00:00,13454.0
2009-04-12 12:00:00,13250.0
2009-04-12 13:00:00,12740.0
2009-04-12 14:00:00,12228.0
2009-04-12 15:00:00,11966.0
2009-04-12 16:00:00,11972.0
2009-04-12 17:00:00,12198.0
2009-04-12 18:00:00,12658.0
2009-04-12 19:00:00,13698.0
2009-04-12 20:00:00,14331.0
2009-04-12 21:00:00,13679.0
2009-04-12 22:00:00,12572.0
2009-04-12 23:00:00,11511.0
2009-04-13 00:00:00,10797.0
2009-04-13 01:00:00,10464.0
2009-04-13 02:00:00,10299.0
2009-04-13 03:00:00,10357.0
2009-04-13 04:00:00,10711.0
2009-04-13 05:00:00,11793.0
2009-04-13 06:00:00,13486.0
2009-04-13 07:00:00,14803.0
2009-04-13 08:00:00,15237.0
2009-04-13 09:00:00,15395.0
2009-04-13 10:00:00,15494.0
2009-04-13 11:00:00,15402.0
2009-04-13 12:00:00,15203.0
2009-04-13 13:00:00,14996.0
2009-04-13 14:00:00,14659.0
2009-04-13 15:00:00,14324.0
2009-04-13 16:00:00,14237.0
2009-04-13 17:00:00,14311.0
2009-04-13 18:00:00,14439.0
2009-04-13 19:00:00,15120.0
2009-04-13 20:00:00,15366.0
2009-04-13 21:00:00,14331.0
2009-04-13 22:00:00,12866.0
2009-04-13 23:00:00,11554.0
2009-04-14 00:00:00,10704.0
2009-04-14 01:00:00,10288.0
2009-04-14 02:00:00,10076.0
2009-04-14 03:00:00,10071.0
2009-04-14 04:00:00,10379.0
2009-04-14 05:00:00,11460.0
2009-04-14 06:00:00,13248.0
2009-04-14 07:00:00,14487.0
2009-04-14 08:00:00,14797.0
2009-04-14 09:00:00,14924.0
2009-04-14 10:00:00,15007.0
2009-04-14 11:00:00,14961.0
2009-04-14 12:00:00,14812.0
2009-04-14 13:00:00,14671.0
2009-04-14 14:00:00,14429.0
2009-04-14 15:00:00,14205.0
2009-04-14 16:00:00,14189.0
2009-04-14 17:00:00,14315.0
2009-04-14 18:00:00,14418.0
2009-04-14 19:00:00,15033.0
2009-04-14 20:00:00,15171.0
2009-04-14 21:00:00,14175.0
2009-04-14 22:00:00,12716.0
2009-04-14 23:00:00,11408.0
2009-04-15 00:00:00,10556.0
2009-04-15 01:00:00,10158.0
2009-04-15 02:00:00,9971.0
2009-04-15 03:00:00,9951.0
2009-04-15 04:00:00,10279.0
2009-04-15 05:00:00,11361.0
2009-04-15 06:00:00,13073.0
2009-04-15 07:00:00,14328.0
2009-04-15 08:00:00,14631.0
2009-04-15 09:00:00,14769.0
2009-04-15 10:00:00,14859.0
2009-04-15 11:00:00,14813.0
2009-04-15 12:00:00,14662.0
2009-04-15 13:00:00,14537.0
2009-04-15 14:00:00,14311.0
2009-04-15 15:00:00,14070.0
2009-04-15 16:00:00,13989.0
2009-04-15 17:00:00,14023.0
2009-04-15 18:00:00,14079.0
2009-04-15 19:00:00,14693.0
2009-04-15 20:00:00,15140.0
2009-04-15 21:00:00,14186.0
2009-04-15 22:00:00,12776.0
2009-04-15 23:00:00,11438.0
2009-04-16 00:00:00,10639.0
2009-04-16 01:00:00,10241.0
2009-04-16 02:00:00,10054.0
2009-04-16 03:00:00,10082.0
2009-04-16 04:00:00,10416.0
2009-04-16 05:00:00,11506.0
2009-04-16 06:00:00,13225.0
2009-04-16 07:00:00,14432.0
2009-04-16 08:00:00,14728.0
2009-04-16 09:00:00,14839.0
2009-04-16 10:00:00,14905.0
2009-04-16 11:00:00,14829.0
2009-04-16 12:00:00,14635.0
2009-04-16 13:00:00,14510.0
2009-04-16 14:00:00,14255.0
2009-04-16 15:00:00,14006.0
2009-04-16 16:00:00,13960.0
2009-04-16 17:00:00,13976.0
2009-04-16 18:00:00,13952.0
2009-04-16 19:00:00,14543.0
2009-04-16 20:00:00,14995.0
2009-04-16 21:00:00,14123.0
2009-04-16 22:00:00,12687.0
2009-04-16 23:00:00,11383.0
2009-04-17 00:00:00,10568.0
2009-04-17 01:00:00,10146.0
2009-04-17 02:00:00,9973.0
2009-04-17 03:00:00,9951.0
2009-04-17 04:00:00,10266.0
2009-04-17 05:00:00,11258.0
2009-04-17 06:00:00,12871.0
2009-04-17 07:00:00,14076.0
2009-04-17 08:00:00,14420.0
2009-04-17 09:00:00,14589.0
2009-04-17 10:00:00,14696.0
2009-04-17 11:00:00,14644.0
2009-04-17 12:00:00,14452.0
2009-04-17 13:00:00,14296.0
2009-04-17 14:00:00,14068.0
2009-04-17 15:00:00,13811.0
2009-04-17 16:00:00,13682.0
2009-04-17 17:00:00,13573.0
2009-04-17 18:00:00,13435.0
2009-04-17 19:00:00,13788.0
2009-04-17 20:00:00,14126.0
2009-04-17 21:00:00,13357.0
2009-04-17 22:00:00,12276.0
2009-04-17 23:00:00,11090.0
2009-04-18 00:00:00,10185.0
2009-04-18 01:00:00,9653.0
2009-04-18 02:00:00,9369.0
2009-04-18 03:00:00,9256.0
2009-04-18 04:00:00,9321.0
2009-04-18 05:00:00,9666.0
2009-04-18 06:00:00,10133.0
2009-04-18 07:00:00,11074.0
2009-04-18 08:00:00,12112.0
2009-04-18 09:00:00,12760.0
2009-04-18 10:00:00,13064.0
2009-04-18 11:00:00,13079.0
2009-04-18 12:00:00,12931.0
2009-04-18 13:00:00,12687.0
2009-04-18 14:00:00,12486.0
2009-04-18 15:00:00,12391.0
2009-04-18 16:00:00,12490.0
2009-04-18 17:00:00,12647.0
2009-04-18 18:00:00,12790.0
2009-04-18 19:00:00,13209.0
2009-04-18 20:00:00,13333.0
2009-04-18 21:00:00,12686.0
2009-04-18 22:00:00,11704.0
2009-04-18 23:00:00,10694.0
2009-04-19 00:00:00,9879.0
2009-04-19 01:00:00,9409.0
2009-04-19 02:00:00,9134.0
2009-04-19 03:00:00,9004.0
2009-04-19 04:00:00,9024.0
2009-04-19 05:00:00,9239.0
2009-04-19 06:00:00,9510.0
2009-04-19 07:00:00,10295.0
2009-04-19 08:00:00,11263.0
2009-04-19 09:00:00,11964.0
2009-04-19 10:00:00,12322.0
2009-04-19 11:00:00,12429.0
2009-04-19 12:00:00,12371.0
2009-04-19 13:00:00,12184.0
2009-04-19 14:00:00,11972.0
2009-04-19 15:00:00,11872.0
2009-04-19 16:00:00,11992.0
2009-04-19 17:00:00,12273.0
2009-04-19 18:00:00,12478.0
2009-04-19 19:00:00,13089.0
2009-04-19 20:00:00,13571.0
2009-04-19 21:00:00,12774.0
2009-04-19 22:00:00,11646.0
2009-04-19 23:00:00,10604.0
2009-04-20 00:00:00,9871.0
2009-04-20 01:00:00,9510.0
2009-04-20 02:00:00,9368.0
2009-04-20 03:00:00,9402.0
2009-04-20 04:00:00,9709.0
2009-04-20 05:00:00,10613.0
2009-04-20 06:00:00,12029.0
2009-04-20 07:00:00,13365.0
2009-04-20 08:00:00,14027.0
2009-04-20 09:00:00,14367.0
2009-04-20 10:00:00,14605.0
2009-04-20 11:00:00,14649.0
2009-04-20 12:00:00,14565.0
2009-04-20 13:00:00,14481.0
2009-04-20 14:00:00,14311.0
2009-04-20 15:00:00,14219.0
2009-04-20 16:00:00,14429.0
2009-04-20 17:00:00,14843.0
2009-04-20 18:00:00,15035.0
2009-04-20 19:00:00,15338.0
2009-04-20 20:00:00,15171.0
2009-04-20 21:00:00,14096.0
2009-04-20 22:00:00,12691.0
2009-04-20 23:00:00,11410.0
2009-04-21 00:00:00,10591.0
2009-04-21 01:00:00,10135.0
2009-04-21 02:00:00,9920.0
2009-04-21 03:00:00,9870.0
2009-04-21 04:00:00,10105.0
2009-04-21 05:00:00,11033.0
2009-04-21 06:00:00,12638.0
2009-04-21 07:00:00,14033.0
2009-04-21 08:00:00,14682.0
2009-04-21 09:00:00,15038.0
2009-04-21 10:00:00,15326.0
2009-04-21 11:00:00,15423.0
2009-04-21 12:00:00,15325.0
2009-04-21 13:00:00,15267.0
2009-04-21 14:00:00,15103.0
2009-04-21 15:00:00,15004.0
2009-04-21 16:00:00,15099.0
2009-04-21 17:00:00,15298.0
2009-04-21 18:00:00,15332.0
2009-04-21 19:00:00,15453.0
2009-04-21 20:00:00,15175.0
2009-04-21 21:00:00,14131.0
2009-04-21 22:00:00,12722.0
2009-04-21 23:00:00,11405.0
2009-04-22 00:00:00,10523.0
2009-04-22 01:00:00,10045.0
2009-04-22 02:00:00,9782.0
2009-04-22 03:00:00,9715.0
2009-04-22 04:00:00,9944.0
2009-04-22 05:00:00,10842.0
2009-04-22 06:00:00,12322.0
2009-04-22 07:00:00,13686.0
2009-04-22 08:00:00,14302.0
2009-04-22 09:00:00,14619.0
2009-04-22 10:00:00,14824.0
2009-04-22 11:00:00,14839.0
2009-04-22 12:00:00,14769.0
2009-04-22 13:00:00,14726.0
2009-04-22 14:00:00,14610.0
2009-04-22 15:00:00,14506.0
2009-04-22 16:00:00,14605.0
2009-04-22 17:00:00,14772.0
2009-04-22 18:00:00,14767.0
2009-04-22 19:00:00,14970.0
2009-04-22 20:00:00,14928.0
2009-04-22 21:00:00,13943.0
2009-04-22 22:00:00,12591.0
2009-04-22 23:00:00,11320.0
2009-04-23 00:00:00,10494.0
2009-04-23 01:00:00,10050.0
2009-04-23 02:00:00,9810.0
2009-04-23 03:00:00,9770.0
2009-04-23 04:00:00,10030.0
2009-04-23 05:00:00,10956.0
2009-04-23 06:00:00,12457.0
2009-04-23 07:00:00,13795.0
2009-04-23 08:00:00,14366.0
2009-04-23 09:00:00,14664.0
2009-04-23 10:00:00,14852.0
2009-04-23 11:00:00,14841.0
2009-04-23 12:00:00,14686.0
2009-04-23 13:00:00,14593.0
2009-04-23 14:00:00,14384.0
2009-04-23 15:00:00,14153.0
2009-04-23 16:00:00,14104.0
2009-04-23 17:00:00,14137.0
2009-04-23 18:00:00,14115.0
2009-04-23 19:00:00,14508.0
2009-04-23 20:00:00,14960.0
2009-04-23 21:00:00,14080.0
2009-04-23 22:00:00,12754.0
2009-04-23 23:00:00,11463.0
2009-04-24 00:00:00,10583.0
2009-04-24 01:00:00,10113.0
2009-04-24 02:00:00,9886.0
2009-04-24 03:00:00,9825.0
2009-04-24 04:00:00,10093.0
2009-04-24 05:00:00,10980.0
2009-04-24 06:00:00,12363.0
2009-04-24 07:00:00,13616.0
2009-04-24 08:00:00,14146.0
2009-04-24 09:00:00,14428.0
2009-04-24 10:00:00,14570.0
2009-04-24 11:00:00,14533.0
2009-04-24 12:00:00,14380.0
2009-04-24 13:00:00,14284.0
2009-04-24 14:00:00,14077.0
2009-04-24 15:00:00,13868.0
2009-04-24 16:00:00,13775.0
2009-04-24 17:00:00,13632.0
2009-04-24 18:00:00,13420.0
2009-04-24 19:00:00,13613.0
2009-04-24 20:00:00,14119.0
2009-04-24 21:00:00,13412.0
2009-04-24 22:00:00,12255.0
2009-04-24 23:00:00,11095.0
2009-04-25 00:00:00,10167.0
2009-04-25 01:00:00,9613.0
2009-04-25 02:00:00,9347.0
2009-04-25 03:00:00,9205.0
2009-04-25 04:00:00,9256.0
2009-04-25 05:00:00,9550.0
2009-04-25 06:00:00,10018.0
2009-04-25 07:00:00,11026.0
2009-04-25 08:00:00,12064.0
2009-04-25 09:00:00,12733.0
2009-04-25 10:00:00,13045.0
2009-04-25 11:00:00,13130.0
2009-04-25 12:00:00,13114.0
2009-04-25 13:00:00,13029.0
2009-04-25 14:00:00,12968.0
2009-04-25 15:00:00,12983.0
2009-04-25 16:00:00,13097.0
2009-04-25 17:00:00,13255.0
2009-04-25 18:00:00,13224.0
2009-04-25 19:00:00,13441.0
2009-04-25 20:00:00,13948.0
2009-04-25 21:00:00,13386.0
2009-04-25 22:00:00,12303.0
2009-04-25 23:00:00,11245.0
2009-04-26 00:00:00,10390.0
2009-04-26 01:00:00,9825.0
2009-04-26 02:00:00,9509.0
2009-04-26 03:00:00,9336.0
2009-04-26 04:00:00,9305.0
2009-04-26 05:00:00,9415.0
2009-04-26 06:00:00,9646.0
2009-04-26 07:00:00,10524.0
2009-04-26 08:00:00,11689.0
2009-04-26 09:00:00,12651.0
2009-04-26 10:00:00,13270.0
2009-04-26 11:00:00,13655.0
2009-04-26 12:00:00,13846.0
2009-04-26 13:00:00,13877.0
2009-04-26 14:00:00,13890.0
2009-04-26 15:00:00,13989.0
2009-04-26 16:00:00,14211.0
2009-04-26 17:00:00,14381.0
2009-04-26 18:00:00,14340.0
2009-04-26 19:00:00,14579.0
2009-04-26 20:00:00,14950.0
2009-04-26 21:00:00,14029.0
2009-04-26 22:00:00,12587.0
2009-04-26 23:00:00,11306.0
2009-04-27 00:00:00,10375.0
2009-04-27 01:00:00,9836.0
2009-04-27 02:00:00,9564.0
2009-04-27 03:00:00,9458.0
2009-04-27 04:00:00,9662.0
2009-04-27 05:00:00,10573.0
2009-04-27 06:00:00,12193.0
2009-04-27 07:00:00,13633.0
2009-04-27 08:00:00,14341.0
2009-04-27 09:00:00,14838.0
2009-04-27 10:00:00,15266.0
2009-04-27 11:00:00,15493.0
2009-04-27 12:00:00,15615.0
2009-04-27 13:00:00,15768.0
2009-04-27 14:00:00,15762.0
2009-04-27 15:00:00,15749.0
2009-04-27 16:00:00,15756.0
2009-04-27 17:00:00,15673.0
2009-04-27 18:00:00,15367.0
2009-04-27 19:00:00,15409.0
2009-04-27 20:00:00,15902.0
2009-04-27 21:00:00,14829.0
2009-04-27 22:00:00,13141.0
2009-04-27 23:00:00,11611.0
2009-04-28 00:00:00,10653.0
2009-04-28 01:00:00,10115.0
2009-04-28 02:00:00,9840.0
2009-04-28 03:00:00,9748.0
2009-04-28 04:00:00,9985.0
2009-04-28 05:00:00,10874.0
2009-04-28 06:00:00,12579.0
2009-04-28 07:00:00,14182.0
2009-04-28 08:00:00,15063.0
2009-04-28 09:00:00,15779.0
2009-04-28 10:00:00,16347.0
2009-04-28 11:00:00,16940.0
2009-04-28 12:00:00,17197.0
2009-04-28 13:00:00,17505.0
2009-04-28 14:00:00,17730.0
2009-04-28 15:00:00,17745.0
2009-04-28 16:00:00,17700.0
2009-04-28 17:00:00,17438.0
2009-04-28 18:00:00,16909.0
2009-04-28 19:00:00,16778.0
2009-04-28 20:00:00,16874.0
2009-04-28 21:00:00,15566.0
2009-04-28 22:00:00,13744.0
2009-04-28 23:00:00,12043.0
2009-04-29 00:00:00,10901.0
2009-04-29 01:00:00,10245.0
2009-04-29 02:00:00,9831.0
2009-04-29 03:00:00,9645.0
2009-04-29 04:00:00,9817.0
2009-04-29 05:00:00,10605.0
2009-04-29 06:00:00,12187.0
2009-04-29 07:00:00,13543.0
2009-04-29 08:00:00,14077.0
2009-04-29 09:00:00,14387.0
2009-04-29 10:00:00,14655.0
2009-04-29 11:00:00,14753.0
2009-04-29 12:00:00,14707.0
2009-04-29 13:00:00,14724.0
2009-04-29 14:00:00,14597.0
2009-04-29 15:00:00,14457.0
2009-04-29 16:00:00,14436.0
2009-04-29 17:00:00,14396.0
2009-04-29 18:00:00,14156.0
2009-04-29 19:00:00,14305.0
2009-04-29 20:00:00,14857.0
2009-04-29 21:00:00,13937.0
2009-04-29 22:00:00,12430.0
2009-04-29 23:00:00,11027.0
2009-04-30 00:00:00,10136.0
2009-04-30 01:00:00,9675.0
2009-04-30 02:00:00,9443.0
2009-04-30 03:00:00,9414.0
2009-04-30 04:00:00,9671.0
2009-04-30 05:00:00,10570.0
2009-04-30 06:00:00,12260.0
2009-04-30 07:00:00,13621.0
2009-04-30 08:00:00,14102.0
2009-04-30 09:00:00,14405.0
2009-04-30 10:00:00,14698.0
2009-04-30 11:00:00,14790.0
2009-04-30 12:00:00,14755.0
2009-04-30 13:00:00,14721.0
2009-04-30 14:00:00,14550.0
2009-04-30 15:00:00,14339.0
2009-04-30 16:00:00,14225.0
2009-04-30 17:00:00,14145.0
2009-04-30 18:00:00,14025.0
2009-04-30 19:00:00,14339.0
2009-04-30 20:00:00,14802.0
2009-04-30 21:00:00,13859.0
2009-04-30 22:00:00,12415.0
2009-04-30 23:00:00,11034.0
2009-05-01 00:00:00,10122.0
2009-05-01 01:00:00,9651.0
2009-05-01 02:00:00,9426.0
2009-05-01 03:00:00,9379.0
2009-05-01 04:00:00,9606.0
2009-05-01 05:00:00,10490.0
2009-05-01 06:00:00,12200.0
2009-05-01 07:00:00,13692.0
2009-05-01 08:00:00,14326.0
2009-05-01 09:00:00,14725.0
2009-05-01 10:00:00,15019.0
2009-05-01 11:00:00,15095.0
2009-05-01 12:00:00,15036.0
2009-05-01 13:00:00,14977.0
2009-05-01 14:00:00,14797.0
2009-05-01 15:00:00,14608.0
2009-05-01 16:00:00,14556.0
2009-05-01 17:00:00,14453.0
2009-05-01 18:00:00,14163.0
2009-05-01 19:00:00,14165.0
2009-05-01 20:00:00,14509.0
2009-05-01 21:00:00,13763.0
2009-05-01 22:00:00,12574.0
2009-05-01 23:00:00,11317.0
2009-05-02 00:00:00,10322.0
2009-05-02 01:00:00,9785.0
2009-05-02 02:00:00,9476.0
2009-05-02 03:00:00,9321.0
2009-05-02 04:00:00,9329.0
2009-05-02 05:00:00,9564.0
2009-05-02 06:00:00,10048.0
2009-05-02 07:00:00,11000.0
2009-05-02 08:00:00,12081.0
2009-05-02 09:00:00,12787.0
2009-05-02 10:00:00,13111.0
2009-05-02 11:00:00,13156.0
2009-05-02 12:00:00,13040.0
2009-05-02 13:00:00,12821.0
2009-05-02 14:00:00,12635.0
2009-05-02 15:00:00,12536.0
2009-05-02 16:00:00,12556.0
2009-05-02 17:00:00,12664.0
2009-05-02 18:00:00,12639.0
2009-05-02 19:00:00,12959.0
2009-05-02 20:00:00,13463.0
2009-05-02 21:00:00,12866.0
2009-05-02 22:00:00,11843.0
2009-05-02 23:00:00,10827.0
2009-05-03 00:00:00,9883.0
2009-05-03 01:00:00,9364.0
2009-05-03 02:00:00,9011.0
2009-05-03 03:00:00,8893.0
2009-05-03 04:00:00,8923.0
2009-05-03 05:00:00,9040.0
2009-05-03 06:00:00,9301.0
2009-05-03 07:00:00,10111.0
2009-05-03 08:00:00,11156.0
2009-05-03 09:00:00,11944.0
2009-05-03 10:00:00,12392.0
2009-05-03 11:00:00,12647.0
2009-05-03 12:00:00,12707.0
2009-05-03 13:00:00,12617.0
2009-05-03 14:00:00,12530.0
2009-05-03 15:00:00,12536.0
2009-05-03 16:00:00,12717.0
2009-05-03 17:00:00,13042.0
2009-05-03 18:00:00,13213.0
2009-05-03 19:00:00,13550.0
2009-05-03 20:00:00,13803.0
2009-05-03 21:00:00,12903.0
2009-05-03 22:00:00,11594.0
2009-05-03 23:00:00,10454.0
2009-05-04 00:00:00,9677.0
2009-05-04 01:00:00,9259.0
2009-05-04 02:00:00,9084.0
2009-05-04 03:00:00,9064.0
2009-05-04 04:00:00,9362.0
2009-05-04 05:00:00,10318.0
2009-05-04 06:00:00,12097.0
2009-05-04 07:00:00,13565.0
2009-05-04 08:00:00,14173.0
2009-05-04 09:00:00,14530.0
2009-05-04 10:00:00,14831.0
2009-05-04 11:00:00,14935.0
2009-05-04 12:00:00,14899.0
2009-05-04 13:00:00,14882.0
2009-05-04 14:00:00,14721.0
2009-05-04 15:00:00,14548.0
2009-05-04 16:00:00,14554.0
2009-05-04 17:00:00,14684.0
2009-05-04 18:00:00,14743.0
2009-05-04 19:00:00,14946.0
2009-05-04 20:00:00,15041.0
2009-05-04 21:00:00,13962.0
2009-05-04 22:00:00,12428.0
2009-05-04 23:00:00,11074.0
2009-05-05 00:00:00,10186.0
2009-05-05 01:00:00,9683.0
2009-05-05 02:00:00,9419.0
2009-05-05 03:00:00,9382.0
2009-05-05 04:00:00,9628.0
2009-05-05 05:00:00,10551.0
2009-05-05 06:00:00,12353.0
2009-05-05 07:00:00,13862.0
2009-05-05 08:00:00,14429.0
2009-05-05 09:00:00,14704.0
2009-05-05 10:00:00,14984.0
2009-05-05 11:00:00,15084.0
2009-05-05 12:00:00,15078.0
2009-05-05 13:00:00,15038.0
2009-05-05 14:00:00,14865.0
2009-05-05 15:00:00,14745.0
2009-05-05 16:00:00,14877.0
2009-05-05 17:00:00,15096.0
2009-05-05 18:00:00,15092.0
2009-05-05 19:00:00,15160.0
2009-05-05 20:00:00,15080.0
2009-05-05 21:00:00,14044.0
2009-05-05 22:00:00,12533.0
2009-05-05 23:00:00,11173.0
2009-05-06 00:00:00,10291.0
2009-05-06 01:00:00,9826.0
2009-05-06 02:00:00,9586.0
2009-05-06 03:00:00,9521.0
2009-05-06 04:00:00,9808.0
2009-05-06 05:00:00,10744.0
2009-05-06 06:00:00,12596.0
2009-05-06 07:00:00,13987.0
2009-05-06 08:00:00,14467.0
2009-05-06 09:00:00,14692.0
2009-05-06 10:00:00,14863.0
2009-05-06 11:00:00,14896.0
2009-05-06 12:00:00,14819.0
2009-05-06 13:00:00,14797.0
2009-05-06 14:00:00,14660.0
2009-05-06 15:00:00,14527.0
2009-05-06 16:00:00,14473.0
2009-05-06 17:00:00,14428.0
2009-05-06 18:00:00,14328.0
2009-05-06 19:00:00,14647.0
2009-05-06 20:00:00,15059.0
2009-05-06 21:00:00,14093.0
2009-05-06 22:00:00,12574.0
2009-05-06 23:00:00,11123.0
2009-05-07 00:00:00,10227.0
2009-05-07 01:00:00,9728.0
2009-05-07 02:00:00,9481.0
2009-05-07 03:00:00,9428.0
2009-05-07 04:00:00,9675.0
2009-05-07 05:00:00,10581.0
2009-05-07 06:00:00,12447.0
2009-05-07 07:00:00,13964.0
2009-05-07 08:00:00,14571.0
2009-05-07 09:00:00,14902.0
2009-05-07 10:00:00,15197.0
2009-05-07 11:00:00,15298.0
2009-05-07 12:00:00,15286.0
2009-05-07 13:00:00,15308.0
2009-05-07 14:00:00,15211.0
2009-05-07 15:00:00,15120.0
2009-05-07 16:00:00,15110.0
2009-05-07 17:00:00,15141.0
2009-05-07 18:00:00,15068.0
2009-05-07 19:00:00,15167.0
2009-05-07 20:00:00,15268.0
2009-05-07 21:00:00,14273.0
2009-05-07 22:00:00,12762.0
2009-05-07 23:00:00,11327.0
2009-05-08 00:00:00,10390.0
2009-05-08 01:00:00,9849.0
2009-05-08 02:00:00,9570.0
2009-05-08 03:00:00,9491.0
2009-05-08 04:00:00,9674.0
2009-05-08 05:00:00,10466.0
2009-05-08 06:00:00,12186.0
2009-05-08 07:00:00,13657.0
2009-05-08 08:00:00,14331.0
2009-05-08 09:00:00,14770.0
2009-05-08 10:00:00,15104.0
2009-05-08 11:00:00,15283.0
2009-05-08 12:00:00,15220.0
2009-05-08 13:00:00,15189.0
2009-05-08 14:00:00,15041.0
2009-05-08 15:00:00,14890.0
2009-05-08 16:00:00,14803.0
2009-05-08 17:00:00,14571.0
2009-05-08 18:00:00,14220.0
2009-05-08 19:00:00,14154.0
2009-05-08 20:00:00,14666.0
2009-05-08 21:00:00,14016.0
2009-05-08 22:00:00,12796.0
2009-05-08 23:00:00,11474.0
2009-05-09 00:00:00,10492.0
2009-05-09 01:00:00,9910.0
2009-05-09 02:00:00,9566.0
2009-05-09 03:00:00,9401.0
2009-05-09 04:00:00,9419.0
2009-05-09 05:00:00,9624.0
2009-05-09 06:00:00,10162.0
2009-05-09 07:00:00,11236.0
2009-05-09 08:00:00,12393.0
2009-05-09 09:00:00,13193.0
2009-05-09 10:00:00,13570.0
2009-05-09 11:00:00,13786.0
2009-05-09 12:00:00,13646.0
2009-05-09 13:00:00,13508.0
2009-05-09 14:00:00,13303.0
2009-05-09 15:00:00,13256.0
2009-05-09 16:00:00,13335.0
2009-05-09 17:00:00,13459.0
2009-05-09 18:00:00,13446.0
2009-05-09 19:00:00,13579.0
2009-05-09 20:00:00,13973.0
2009-05-09 21:00:00,13230.0
2009-05-09 22:00:00,12444.0
2009-05-09 23:00:00,11338.0
2009-05-10 00:00:00,10381.0
2009-05-10 01:00:00,9734.0
2009-05-10 02:00:00,9324.0
2009-05-10 03:00:00,9110.0
2009-05-10 04:00:00,9078.0
2009-05-10 05:00:00,9074.0
2009-05-10 06:00:00,9389.0
2009-05-10 07:00:00,10325.0
2009-05-10 08:00:00,11420.0
2009-05-10 09:00:00,12201.0
2009-05-10 10:00:00,12542.0
2009-05-10 11:00:00,12636.0
2009-05-10 12:00:00,12562.0
2009-05-10 13:00:00,12359.0
2009-05-10 14:00:00,12196.0
2009-05-10 15:00:00,12149.0
2009-05-10 16:00:00,12221.0
2009-05-10 17:00:00,12396.0
2009-05-10 18:00:00,12533.0
2009-05-10 19:00:00,12829.0
2009-05-10 20:00:00,13523.0
2009-05-10 21:00:00,12936.0
2009-05-10 22:00:00,11697.0
2009-05-10 23:00:00,10543.0
2009-05-11 00:00:00,9688.0
2009-05-11 01:00:00,9243.0
2009-05-11 02:00:00,9066.0
2009-05-11 03:00:00,9042.0
2009-05-11 04:00:00,9333.0
2009-05-11 05:00:00,10217.0
2009-05-11 06:00:00,12010.0
2009-05-11 07:00:00,13484.0
2009-05-11 08:00:00,14084.0
2009-05-11 09:00:00,14410.0
2009-05-11 10:00:00,14704.0
2009-05-11 11:00:00,14824.0
2009-05-11 12:00:00,14825.0
2009-05-11 13:00:00,14788.0
2009-05-11 14:00:00,14617.0
2009-05-11 15:00:00,14445.0
2009-05-11 16:00:00,14410.0
2009-05-11 17:00:00,14398.0
2009-05-11 18:00:00,14244.0
2009-05-11 19:00:00,14347.0
2009-05-11 20:00:00,14873.0
2009-05-11 21:00:00,13973.0
2009-05-11 22:00:00,12386.0
2009-05-11 23:00:00,10976.0
2009-05-12 00:00:00,10093.0
2009-05-12 01:00:00,9636.0
2009-05-12 02:00:00,9392.0
2009-05-12 03:00:00,9327.0
2009-05-12 04:00:00,9624.0
2009-05-12 05:00:00,10462.0
2009-05-12 06:00:00,12277.0
2009-05-12 07:00:00,13721.0
2009-05-12 08:00:00,14217.0
2009-05-12 09:00:00,14510.0
2009-05-12 10:00:00,14837.0
2009-05-12 11:00:00,14965.0
2009-05-12 12:00:00,14963.0
2009-05-12 13:00:00,14957.0
2009-05-12 14:00:00,14776.0
2009-05-12 15:00:00,14604.0
2009-05-12 16:00:00,14555.0
2009-05-12 17:00:00,14535.0
2009-05-12 18:00:00,14339.0
2009-05-12 19:00:00,14363.0
2009-05-12 20:00:00,14811.0
2009-05-12 21:00:00,13979.0
2009-05-12 22:00:00,12485.0
2009-05-12 23:00:00,11123.0
2009-05-13 00:00:00,10188.0
2009-05-13 01:00:00,9737.0
2009-05-13 02:00:00,9518.0
2009-05-13 03:00:00,9477.0
2009-05-13 04:00:00,9773.0
2009-05-13 05:00:00,10622.0
2009-05-13 06:00:00,12407.0
2009-05-13 07:00:00,13842.0
2009-05-13 08:00:00,14364.0
2009-05-13 09:00:00,14690.0
2009-05-13 10:00:00,15004.0
2009-05-13 11:00:00,15117.0
2009-05-13 12:00:00,15088.0
2009-05-13 13:00:00,15088.0
2009-05-13 14:00:00,14926.0
2009-05-13 15:00:00,14770.0
2009-05-13 16:00:00,14713.0
2009-05-13 17:00:00,14609.0
2009-05-13 18:00:00,14362.0
2009-05-13 19:00:00,14368.0
2009-05-13 20:00:00,14945.0
2009-05-13 21:00:00,14118.0
2009-05-13 22:00:00,12588.0
2009-05-13 23:00:00,11162.0
2009-05-14 00:00:00,10230.0
2009-05-14 01:00:00,9756.0
2009-05-14 02:00:00,9485.0
2009-05-14 03:00:00,9434.0
2009-05-14 04:00:00,9675.0
2009-05-14 05:00:00,10455.0
2009-05-14 06:00:00,12279.0
2009-05-14 07:00:00,13797.0
2009-05-14 08:00:00,14386.0
2009-05-14 09:00:00,14755.0
2009-05-14 10:00:00,15022.0
2009-05-14 11:00:00,15124.0
2009-05-14 12:00:00,15036.0
2009-05-14 13:00:00,15060.0
2009-05-14 14:00:00,14892.0
2009-05-14 15:00:00,14798.0
2009-05-14 16:00:00,14850.0
2009-05-14 17:00:00,15012.0
2009-05-14 18:00:00,15065.0
2009-05-14 19:00:00,15105.0
2009-05-14 20:00:00,15129.0
2009-05-14 21:00:00,14131.0
2009-05-14 22:00:00,12685.0
2009-05-14 23:00:00,11320.0
2009-05-15 00:00:00,10350.0
2009-05-15 01:00:00,9875.0
2009-05-15 02:00:00,9596.0
2009-05-15 03:00:00,9532.0
2009-05-15 04:00:00,9775.0
2009-05-15 05:00:00,10628.0
2009-05-15 06:00:00,12384.0
2009-05-15 07:00:00,13873.0
2009-05-15 08:00:00,14456.0
2009-05-15 09:00:00,14846.0
2009-05-15 10:00:00,15177.0
2009-05-15 11:00:00,15302.0
2009-05-15 12:00:00,15318.0
2009-05-15 13:00:00,15358.0
2009-05-15 14:00:00,15296.0
2009-05-15 15:00:00,15171.0
2009-05-15 16:00:00,15070.0
2009-05-15 17:00:00,14821.0
2009-05-15 18:00:00,14416.0
2009-05-15 19:00:00,14225.0
2009-05-15 20:00:00,14693.0
2009-05-15 21:00:00,14084.0
2009-05-15 22:00:00,12848.0
2009-05-15 23:00:00,11539.0
2009-05-16 00:00:00,10549.0
2009-05-16 01:00:00,9889.0
2009-05-16 02:00:00,9532.0
2009-05-16 03:00:00,9352.0
2009-05-16 04:00:00,9350.0
2009-05-16 05:00:00,9490.0
2009-05-16 06:00:00,10062.0
2009-05-16 07:00:00,11143.0
2009-05-16 08:00:00,12317.0
2009-05-16 09:00:00,13063.0
2009-05-16 10:00:00,13455.0
2009-05-16 11:00:00,13583.0
2009-05-16 12:00:00,13515.0
2009-05-16 13:00:00,13311.0
2009-05-16 14:00:00,13107.0
2009-05-16 15:00:00,13003.0
2009-05-16 16:00:00,13065.0
2009-05-16 17:00:00,13252.0
2009-05-16 18:00:00,13330.0
2009-05-16 19:00:00,13513.0
2009-05-16 20:00:00,13786.0
2009-05-16 21:00:00,13218.0
2009-05-16 22:00:00,12238.0
2009-05-16 23:00:00,11227.0
2009-05-17 00:00:00,10332.0
2009-05-17 01:00:00,9827.0
2009-05-17 02:00:00,9526.0
2009-05-17 03:00:00,9346.0
2009-05-17 04:00:00,9324.0
2009-05-17 05:00:00,9432.0
2009-05-17 06:00:00,9756.0
2009-05-17 07:00:00,10567.0
2009-05-17 08:00:00,11638.0
2009-05-17 09:00:00,12464.0
2009-05-17 10:00:00,12911.0
2009-05-17 11:00:00,13149.0
2009-05-17 12:00:00,13183.0
2009-05-17 13:00:00,12974.0
2009-05-17 14:00:00,12748.0
2009-05-17 15:00:00,12649.0
2009-05-17 16:00:00,12811.0
2009-05-17 17:00:00,13116.0
2009-05-17 18:00:00,13261.0
2009-05-17 19:00:00,13426.0
2009-05-17 20:00:00,13892.0
2009-05-17 21:00:00,13174.0
2009-05-17 22:00:00,11941.0
2009-05-17 23:00:00,10693.0
2009-05-18 00:00:00,9845.0
2009-05-18 01:00:00,9407.0
2009-05-18 02:00:00,9201.0
2009-05-18 03:00:00,9178.0
2009-05-18 04:00:00,9486.0
2009-05-18 05:00:00,10405.0
2009-05-18 06:00:00,12250.0
2009-05-18 07:00:00,13789.0
2009-05-18 08:00:00,14397.0
2009-05-18 09:00:00,14682.0
2009-05-18 10:00:00,14918.0
2009-05-18 11:00:00,14990.0
2009-05-18 12:00:00,14905.0
2009-05-18 13:00:00,14809.0
2009-05-18 14:00:00,14641.0
2009-05-18 15:00:00,14471.0
2009-05-18 16:00:00,14463.0
2009-05-18 17:00:00,14529.0
2009-05-18 18:00:00,14426.0
2009-05-18 19:00:00,14473.0
2009-05-18 20:00:00,14923.0
2009-05-18 21:00:00,14086.0
2009-05-18 22:00:00,12564.0
2009-05-18 23:00:00,11237.0
2009-05-19 00:00:00,10324.0
2009-05-19 01:00:00,9870.0
2009-05-19 02:00:00,9664.0
2009-05-19 03:00:00,9653.0
2009-05-19 04:00:00,9927.0
2009-05-19 05:00:00,10780.0
2009-05-19 06:00:00,12600.0
2009-05-19 07:00:00,13960.0
2009-05-19 08:00:00,14378.0
2009-05-19 09:00:00,14642.0
2009-05-19 10:00:00,14875.0
2009-05-19 11:00:00,14996.0
2009-05-19 12:00:00,14930.0
2009-05-19 13:00:00,14949.0
2009-05-19 14:00:00,14844.0
2009-05-19 15:00:00,14722.0
2009-05-19 16:00:00,14680.0
2009-05-19 17:00:00,14652.0
2009-05-19 18:00:00,14423.0
2009-05-19 19:00:00,14408.0
2009-05-19 20:00:00,14890.0
2009-05-19 21:00:00,14197.0
2009-05-19 22:00:00,12636.0
2009-05-19 23:00:00,11195.0
2009-05-20 00:00:00,10260.0
2009-05-20 01:00:00,9782.0
2009-05-20 02:00:00,9533.0
2009-05-20 03:00:00,9470.0
2009-05-20 04:00:00,9736.0
2009-05-20 05:00:00,10524.0
2009-05-20 06:00:00,12300.0
2009-05-20 07:00:00,13806.0
2009-05-20 08:00:00,14439.0
2009-05-20 09:00:00,14898.0
2009-05-20 10:00:00,15287.0
2009-05-20 11:00:00,15549.0
2009-05-20 12:00:00,15653.0
2009-05-20 13:00:00,15868.0
2009-05-20 14:00:00,15861.0
2009-05-20 15:00:00,15786.0
2009-05-20 16:00:00,15755.0
2009-05-20 17:00:00,15631.0
2009-05-20 18:00:00,15292.0
2009-05-20 19:00:00,15127.0
2009-05-20 20:00:00,15514.0
2009-05-20 21:00:00,14799.0
2009-05-20 22:00:00,13253.0
2009-05-20 23:00:00,11696.0
2009-05-21 00:00:00,10614.0
2009-05-21 01:00:00,10061.0
2009-05-21 02:00:00,9722.0
2009-05-21 03:00:00,9621.0
2009-05-21 04:00:00,9873.0
2009-05-21 05:00:00,10611.0
2009-05-21 06:00:00,12465.0
2009-05-21 07:00:00,14122.0
2009-05-21 08:00:00,14970.0
2009-05-21 09:00:00,15619.0
2009-05-21 10:00:00,16241.0
2009-05-21 11:00:00,16656.0
2009-05-21 12:00:00,16878.0
2009-05-21 13:00:00,17177.0
2009-05-21 14:00:00,17290.0
2009-05-21 15:00:00,17340.0
2009-05-21 16:00:00,17312.0
2009-05-21 17:00:00,17042.0
2009-05-21 18:00:00,16505.0
2009-05-21 19:00:00,16082.0
2009-05-21 20:00:00,16311.0
2009-05-21 21:00:00,15619.0
2009-05-21 22:00:00,13866.0
2009-05-21 23:00:00,12187.0
2009-05-22 00:00:00,11068.0
2009-05-22 01:00:00,10439.0
2009-05-22 02:00:00,10076.0
2009-05-22 03:00:00,9871.0
2009-05-22 04:00:00,10079.0
2009-05-22 05:00:00,10701.0
2009-05-22 06:00:00,12433.0
2009-05-22 07:00:00,14120.0
2009-05-22 08:00:00,15091.0
2009-05-22 09:00:00,15799.0
2009-05-22 10:00:00,16430.0
2009-05-22 11:00:00,16876.0
2009-05-22 12:00:00,17169.0
2009-05-22 13:00:00,17362.0
2009-05-22 14:00:00,17407.0
2009-05-22 15:00:00,17387.0
2009-05-22 16:00:00,17315.0
2009-05-22 17:00:00,16998.0
2009-05-22 18:00:00,16426.0
2009-05-22 19:00:00,16001.0
2009-05-22 20:00:00,16190.0
2009-05-22 21:00:00,15526.0
2009-05-22 22:00:00,14122.0
2009-05-22 23:00:00,12633.0
2009-05-23 00:00:00,11502.0
2009-05-23 01:00:00,10791.0
2009-05-23 02:00:00,10340.0
2009-05-23 03:00:00,10063.0
2009-05-23 04:00:00,9963.0
2009-05-23 05:00:00,9990.0
2009-05-23 06:00:00,10445.0
2009-05-23 07:00:00,11395.0
2009-05-23 08:00:00,12421.0
2009-05-23 09:00:00,13107.0
2009-05-23 10:00:00,13442.0
2009-05-23 11:00:00,13516.0
2009-05-23 12:00:00,13429.0
2009-05-23 13:00:00,13217.0
2009-05-23 14:00:00,13036.0
2009-05-23 15:00:00,12944.0
2009-05-23 16:00:00,12953.0
2009-05-23 17:00:00,13045.0
2009-05-23 18:00:00,13000.0
2009-05-23 19:00:00,12972.0
2009-05-23 20:00:00,13389.0
2009-05-23 21:00:00,13032.0
2009-05-23 22:00:00,12047.0
2009-05-23 23:00:00,10963.0
2009-05-24 00:00:00,10117.0
2009-05-24 01:00:00,9543.0
2009-05-24 02:00:00,9261.0
2009-05-24 03:00:00,9095.0
2009-05-24 04:00:00,9095.0
2009-05-24 05:00:00,9128.0
2009-05-24 06:00:00,9415.0
2009-05-24 07:00:00,10201.0
2009-05-24 08:00:00,11310.0
2009-05-24 09:00:00,12285.0
2009-05-24 10:00:00,12933.0
2009-05-24 11:00:00,13362.0
2009-05-24 12:00:00,13637.0
2009-05-24 13:00:00,13635.0
2009-05-24 14:00:00,13536.0
2009-05-24 15:00:00,13490.0
2009-05-24 16:00:00,13550.0
2009-05-24 17:00:00,13676.0
2009-05-24 18:00:00,13583.0
2009-05-24 19:00:00,13437.0
2009-05-24 20:00:00,13761.0
2009-05-24 21:00:00,13514.0
2009-05-24 22:00:00,12533.0
2009-05-24 23:00:00,11468.0
2009-05-25 00:00:00,10519.0
2009-05-25 01:00:00,9949.0
2009-05-25 02:00:00,9602.0
2009-05-25 03:00:00,9410.0
2009-05-25 04:00:00,9407.0
2009-05-25 05:00:00,9430.0
2009-05-25 06:00:00,9880.0
2009-05-25 07:00:00,10840.0
2009-05-25 08:00:00,11999.0
2009-05-25 09:00:00,12905.0
2009-05-25 10:00:00,13430.0
2009-05-25 11:00:00,13727.0
2009-05-25 12:00:00,13819.0
2009-05-25 13:00:00,13737.0
2009-05-25 14:00:00,13650.0
2009-05-25 15:00:00,13664.0
2009-05-25 16:00:00,13819.0
2009-05-25 17:00:00,14052.0
2009-05-25 18:00:00,13971.0
2009-05-25 19:00:00,13956.0
2009-05-25 20:00:00,14419.0
2009-05-25 21:00:00,13863.0
2009-05-25 22:00:00,12375.0
2009-05-25 23:00:00,10928.0
2009-05-26 00:00:00,9977.0
2009-05-26 01:00:00,9487.0
2009-05-26 02:00:00,9217.0
2009-05-26 03:00:00,9133.0
2009-05-26 04:00:00,9392.0
2009-05-26 05:00:00,10082.0
2009-05-26 06:00:00,11913.0
2009-05-26 07:00:00,13478.0
2009-05-26 08:00:00,14165.0
2009-05-26 09:00:00,14593.0
2009-05-26 10:00:00,14926.0
2009-05-26 11:00:00,15059.0
2009-05-26 12:00:00,15077.0
2009-05-26 13:00:00,15063.0
2009-05-26 14:00:00,14895.0
2009-05-26 15:00:00,14708.0
2009-05-26 16:00:00,14631.0
2009-05-26 17:00:00,14596.0
2009-05-26 18:00:00,14430.0
2009-05-26 19:00:00,14403.0
2009-05-26 20:00:00,14794.0
2009-05-26 21:00:00,13990.0
2009-05-26 22:00:00,12446.0
2009-05-26 23:00:00,11056.0
2009-05-27 00:00:00,10172.0
2009-05-27 01:00:00,9693.0
2009-05-27 02:00:00,9454.0
2009-05-27 03:00:00,9400.0
2009-05-27 04:00:00,9656.0
2009-05-27 05:00:00,10482.0
2009-05-27 06:00:00,12269.0
2009-05-27 07:00:00,13807.0
2009-05-27 08:00:00,14441.0
2009-05-27 09:00:00,14800.0
2009-05-27 10:00:00,15089.0
2009-05-27 11:00:00,15213.0
2009-05-27 12:00:00,15176.0
2009-05-27 13:00:00,15166.0
2009-05-27 14:00:00,15009.0
2009-05-27 15:00:00,14915.0
2009-05-27 16:00:00,15021.0
2009-05-27 17:00:00,15156.0
2009-05-27 18:00:00,15001.0
2009-05-27 19:00:00,14958.0
2009-05-27 20:00:00,15080.0
2009-05-27 21:00:00,14169.0
2009-05-27 22:00:00,12658.0
2009-05-27 23:00:00,11288.0
2009-05-28 00:00:00,10359.0
2009-05-28 01:00:00,9865.0
2009-05-28 02:00:00,9622.0
2009-05-28 03:00:00,9559.0
2009-05-28 04:00:00,9801.0
2009-05-28 05:00:00,10658.0
2009-05-28 06:00:00,12476.0
2009-05-28 07:00:00,14011.0
2009-05-28 08:00:00,14608.0
2009-05-28 09:00:00,14927.0
2009-05-28 10:00:00,15182.0
2009-05-28 11:00:00,15239.0
2009-05-28 12:00:00,15185.0
2009-05-28 13:00:00,15151.0
2009-05-28 14:00:00,14942.0
2009-05-28 15:00:00,14822.0
2009-05-28 16:00:00,14922.0
2009-05-28 17:00:00,15049.0
2009-05-28 18:00:00,14986.0
2009-05-28 19:00:00,14954.0
2009-05-28 20:00:00,15035.0
2009-05-28 21:00:00,14139.0
2009-05-28 22:00:00,12662.0
2009-05-28 23:00:00,11320.0
2009-05-29 00:00:00,10410.0
2009-05-29 01:00:00,9903.0
2009-05-29 02:00:00,9646.0
2009-05-29 03:00:00,9563.0
2009-05-29 04:00:00,9810.0
2009-05-29 05:00:00,10622.0
2009-05-29 06:00:00,12364.0
2009-05-29 07:00:00,13878.0
2009-05-29 08:00:00,14539.0
2009-05-29 09:00:00,14888.0
2009-05-29 10:00:00,15185.0
2009-05-29 11:00:00,15279.0
2009-05-29 12:00:00,15236.0
2009-05-29 13:00:00,15129.0
2009-05-29 14:00:00,14965.0
2009-05-29 15:00:00,14778.0
2009-05-29 16:00:00,14749.0
2009-05-29 17:00:00,14634.0
2009-05-29 18:00:00,14355.0
2009-05-29 19:00:00,14240.0
2009-05-29 20:00:00,14452.0
2009-05-29 21:00:00,13961.0
2009-05-29 22:00:00,12754.0
2009-05-29 23:00:00,11506.0
2009-05-30 00:00:00,10527.0
2009-05-30 01:00:00,9954.0
2009-05-30 02:00:00,9616.0
2009-05-30 03:00:00,9448.0
2009-05-30 04:00:00,9486.0
2009-05-30 05:00:00,9595.0
2009-05-30 06:00:00,10174.0
2009-05-30 07:00:00,11256.0
2009-05-30 08:00:00,12469.0
2009-05-30 09:00:00,13335.0
2009-05-30 10:00:00,13824.0
2009-05-30 11:00:00,14000.0
2009-05-30 12:00:00,13997.0
2009-05-30 13:00:00,13846.0
2009-05-30 14:00:00,13728.0
2009-05-30 15:00:00,13649.0
2009-05-30 16:00:00,13687.0
2009-05-30 17:00:00,13727.0
2009-05-30 18:00:00,13608.0
2009-05-30 19:00:00,13390.0
2009-05-30 20:00:00,13706.0
2009-05-30 21:00:00,13469.0
2009-05-30 22:00:00,12424.0
2009-05-30 23:00:00,11272.0
2009-05-31 00:00:00,10318.0
2009-05-31 01:00:00,9717.0
2009-05-31 02:00:00,9353.0
2009-05-31 03:00:00,9160.0
2009-05-31 04:00:00,9118.0
2009-05-31 05:00:00,9004.0
2009-05-31 06:00:00,9392.0
2009-05-31 07:00:00,10294.0
2009-05-31 08:00:00,11490.0
2009-05-31 09:00:00,12404.0
2009-05-31 10:00:00,12988.0
2009-05-31 11:00:00,13348.0
2009-05-31 12:00:00,13512.0
2009-05-31 13:00:00,13496.0
2009-05-31 14:00:00,13438.0
2009-05-31 15:00:00,13451.0
2009-05-31 16:00:00,13597.0
2009-05-31 17:00:00,13813.0
2009-05-31 18:00:00,13786.0
2009-05-31 19:00:00,13601.0
2009-05-31 20:00:00,13762.0
2009-05-31 21:00:00,13272.0
2009-05-31 22:00:00,11907.0
2009-05-31 23:00:00,10646.0
2009-06-01 00:00:00,9801.0
2009-06-01 01:00:00,9366.0
2009-06-01 02:00:00,9171.0
2009-06-01 03:00:00,9135.0
2009-06-01 04:00:00,9435.0
2009-06-01 05:00:00,10182.0
2009-06-01 06:00:00,12016.0
2009-06-01 07:00:00,13509.0
2009-06-01 08:00:00,14177.0
2009-06-01 09:00:00,14565.0
2009-06-01 10:00:00,14930.0
2009-06-01 11:00:00,15090.0
2009-06-01 12:00:00,15122.0
2009-06-01 13:00:00,15187.0
2009-06-01 14:00:00,15113.0
2009-06-01 15:00:00,15014.0
2009-06-01 16:00:00,14972.0
2009-06-01 17:00:00,14902.0
2009-06-01 18:00:00,14661.0
2009-06-01 19:00:00,14579.0
2009-06-01 20:00:00,14910.0
2009-06-01 21:00:00,14238.0
2009-06-01 22:00:00,12684.0
2009-06-01 23:00:00,11255.0
2009-06-02 00:00:00,10288.0
2009-06-02 01:00:00,9844.0
2009-06-02 02:00:00,9589.0
2009-06-02 03:00:00,9513.0
2009-06-02 04:00:00,9766.0
2009-06-02 05:00:00,10476.0
2009-06-02 06:00:00,12378.0
2009-06-02 07:00:00,13969.0
2009-06-02 08:00:00,14716.0
2009-06-02 09:00:00,15187.0
2009-06-02 10:00:00,15597.0
2009-06-02 11:00:00,15781.0
2009-06-02 12:00:00,15826.0
2009-06-02 13:00:00,15955.0
2009-06-02 14:00:00,15992.0
2009-06-02 15:00:00,15985.0
2009-06-02 16:00:00,16045.0
2009-06-02 17:00:00,15900.0
2009-06-02 18:00:00,15533.0
2009-06-02 19:00:00,15275.0
2009-06-02 20:00:00,15535.0
2009-06-02 21:00:00,14996.0
2009-06-02 22:00:00,13331.0
2009-06-02 23:00:00,11796.0
2009-06-03 00:00:00,10777.0
2009-06-03 01:00:00,10195.0
2009-06-03 02:00:00,9863.0
2009-06-03 03:00:00,9764.0
2009-06-03 04:00:00,9990.0
2009-06-03 05:00:00,10686.0
2009-06-03 06:00:00,12471.0
2009-06-03 07:00:00,13990.0
2009-06-03 08:00:00,14711.0
2009-06-03 09:00:00,15194.0
2009-06-03 10:00:00,15622.0
2009-06-03 11:00:00,15834.0
2009-06-03 12:00:00,15875.0
2009-06-03 13:00:00,15872.0
2009-06-03 14:00:00,15710.0
2009-06-03 15:00:00,15508.0
2009-06-03 16:00:00,15410.0
2009-06-03 17:00:00,15288.0
2009-06-03 18:00:00,14938.0
2009-06-03 19:00:00,14827.0
2009-06-03 20:00:00,15118.0
2009-06-03 21:00:00,14401.0
2009-06-03 22:00:00,12864.0
2009-06-03 23:00:00,11452.0
2009-06-04 00:00:00,10512.0
2009-06-04 01:00:00,9999.0
2009-06-04 02:00:00,9729.0
2009-06-04 03:00:00,9638.0
2009-06-04 04:00:00,9870.0
2009-06-04 05:00:00,10679.0
2009-06-04 06:00:00,12450.0
2009-06-04 07:00:00,14001.0
2009-06-04 08:00:00,14697.0
2009-06-04 09:00:00,15137.0
2009-06-04 10:00:00,15570.0
2009-06-04 11:00:00,15815.0
2009-06-04 12:00:00,15900.0
2009-06-04 13:00:00,15995.0
2009-06-04 14:00:00,15952.0
2009-06-04 15:00:00,15816.0
2009-06-04 16:00:00,15704.0
2009-06-04 17:00:00,15461.0
2009-06-04 18:00:00,15068.0
2009-06-04 19:00:00,14917.0
2009-06-04 20:00:00,15279.0
2009-06-04 21:00:00,14716.0
2009-06-04 22:00:00,13179.0
2009-06-04 23:00:00,11668.0
2009-06-05 00:00:00,10644.0
2009-06-05 01:00:00,10083.0
2009-06-05 02:00:00,9803.0
2009-06-05 03:00:00,9702.0
2009-06-05 04:00:00,9918.0
2009-06-05 05:00:00,10617.0
2009-06-05 06:00:00,12311.0
2009-06-05 07:00:00,13878.0
2009-06-05 08:00:00,14590.0
2009-06-05 09:00:00,15038.0
2009-06-05 10:00:00,15370.0
2009-06-05 11:00:00,15496.0
2009-06-05 12:00:00,15453.0
2009-06-05 13:00:00,15365.0
2009-06-05 14:00:00,15150.0
2009-06-05 15:00:00,14903.0
2009-06-05 16:00:00,14809.0
2009-06-05 17:00:00,14675.0
2009-06-05 18:00:00,14356.0
2009-06-05 19:00:00,14143.0
2009-06-05 20:00:00,14265.0
2009-06-05 21:00:00,13769.0
2009-06-05 22:00:00,12616.0
2009-06-05 23:00:00,11329.0
2009-06-06 00:00:00,10383.0
2009-06-06 01:00:00,9821.0
2009-06-06 02:00:00,9524.0
2009-06-06 03:00:00,9345.0
2009-06-06 04:00:00,9369.0
2009-06-06 05:00:00,9455.0
2009-06-06 06:00:00,10100.0
2009-06-06 07:00:00,11187.0
2009-06-06 08:00:00,12359.0
2009-06-06 09:00:00,13118.0
2009-06-06 10:00:00,13551.0
2009-06-06 11:00:00,13710.0
2009-06-06 12:00:00,13742.0
2009-06-06 13:00:00,13635.0
2009-06-06 14:00:00,13558.0
2009-06-06 15:00:00,13557.0
2009-06-06 16:00:00,13632.0
2009-06-06 17:00:00,13725.0
2009-06-06 18:00:00,13623.0
2009-06-06 19:00:00,13486.0
2009-06-06 20:00:00,13768.0
2009-06-06 21:00:00,13613.0
2009-06-06 22:00:00,12607.0
2009-06-06 23:00:00,11469.0
2009-06-07 00:00:00,10509.0
2009-06-07 01:00:00,9927.0
2009-06-07 02:00:00,9589.0
2009-06-07 03:00:00,9388.0
2009-06-07 04:00:00,9333.0
2009-06-07 05:00:00,9263.0
2009-06-07 06:00:00,9629.0
2009-06-07 07:00:00,10526.0
2009-06-07 08:00:00,11713.0
2009-06-07 09:00:00,12658.0
2009-06-07 10:00:00,13261.0
2009-06-07 11:00:00,13619.0
2009-06-07 12:00:00,13787.0
2009-06-07 13:00:00,13776.0
2009-06-07 14:00:00,13793.0
2009-06-07 15:00:00,13882.0
2009-06-07 16:00:00,14095.0
2009-06-07 17:00:00,14294.0
2009-06-07 18:00:00,14338.0
2009-06-07 19:00:00,14354.0
2009-06-07 20:00:00,14655.0
2009-06-07 21:00:00,14098.0
2009-06-07 22:00:00,12740.0
2009-06-07 23:00:00,11430.0
2009-06-08 00:00:00,10546.0
2009-06-08 01:00:00,10020.0
2009-06-08 02:00:00,9755.0
2009-06-08 03:00:00,9684.0
2009-06-08 04:00:00,9931.0
2009-06-08 05:00:00,10713.0
2009-06-08 06:00:00,12487.0
2009-06-08 07:00:00,14054.0
2009-06-08 08:00:00,14851.0
2009-06-08 09:00:00,15393.0
2009-06-08 10:00:00,15877.0
2009-06-08 11:00:00,16125.0
2009-06-08 12:00:00,16245.0
2009-06-08 13:00:00,16369.0
2009-06-08 14:00:00,16375.0
2009-06-08 15:00:00,16337.0
2009-06-08 16:00:00,16321.0
2009-06-08 17:00:00,16129.0
2009-06-08 18:00:00,15666.0
2009-06-08 19:00:00,15310.0
2009-06-08 20:00:00,15539.0
2009-06-08 21:00:00,14978.0
2009-06-08 22:00:00,13346.0
2009-06-08 23:00:00,11808.0
2009-06-09 00:00:00,10781.0
2009-06-09 01:00:00,10227.0
2009-06-09 02:00:00,9927.0
2009-06-09 03:00:00,9827.0
2009-06-09 04:00:00,10067.0
2009-06-09 05:00:00,10864.0
2009-06-09 06:00:00,12655.0
2009-06-09 07:00:00,14261.0
2009-06-09 08:00:00,14932.0
2009-06-09 09:00:00,15366.0
2009-06-09 10:00:00,15697.0
2009-06-09 11:00:00,15776.0
2009-06-09 12:00:00,15701.0
2009-06-09 13:00:00,15608.0
2009-06-09 14:00:00,15396.0
2009-06-09 15:00:00,15246.0
2009-06-09 16:00:00,15327.0
2009-06-09 17:00:00,15397.0
2009-06-09 18:00:00,15216.0
2009-06-09 19:00:00,15029.0
2009-06-09 20:00:00,15017.0
2009-06-09 21:00:00,14173.0
2009-06-09 22:00:00,12669.0
2009-06-09 23:00:00,11305.0
2009-06-10 00:00:00,10390.0
2009-06-10 01:00:00,9914.0
2009-06-10 02:00:00,9629.0
2009-06-10 03:00:00,9578.0
2009-06-10 04:00:00,9811.0
2009-06-10 05:00:00,10608.0
2009-06-10 06:00:00,12416.0
2009-06-10 07:00:00,14004.0
2009-06-10 08:00:00,14647.0
2009-06-10 09:00:00,15024.0
2009-06-10 10:00:00,15341.0
2009-06-10 11:00:00,15508.0
2009-06-10 12:00:00,15525.0
2009-06-10 13:00:00,15519.0
2009-06-10 14:00:00,15395.0
2009-06-10 15:00:00,15269.0
2009-06-10 16:00:00,15264.0
2009-06-10 17:00:00,15218.0
2009-06-10 18:00:00,14996.0
2009-06-10 19:00:00,14911.0
2009-06-10 20:00:00,15099.0
2009-06-10 21:00:00,14424.0
2009-06-10 22:00:00,12942.0
2009-06-10 23:00:00,11505.0
2009-06-11 00:00:00,10537.0
2009-06-11 01:00:00,10045.0
2009-06-11 02:00:00,9753.0
2009-06-11 03:00:00,9644.0
2009-06-11 04:00:00,9891.0
2009-06-11 05:00:00,10665.0
2009-06-11 06:00:00,12453.0
2009-06-11 07:00:00,14019.0
2009-06-11 08:00:00,14722.0
2009-06-11 09:00:00,15129.0
2009-06-11 10:00:00,15478.0
2009-06-11 11:00:00,15579.0
2009-06-11 12:00:00,15503.0
2009-06-11 13:00:00,15490.0
2009-06-11 14:00:00,15352.0
2009-06-11 15:00:00,15231.0
2009-06-11 16:00:00,15204.0
2009-06-11 17:00:00,15176.0
2009-06-11 18:00:00,14984.0
2009-06-11 19:00:00,14949.0
2009-06-11 20:00:00,15149.0
2009-06-11 21:00:00,14427.0
2009-06-11 22:00:00,12967.0
2009-06-11 23:00:00,11570.0
2009-06-12 00:00:00,10610.0
2009-06-12 01:00:00,10083.0
2009-06-12 02:00:00,9799.0
2009-06-12 03:00:00,9718.0
2009-06-12 04:00:00,9937.0
2009-06-12 05:00:00,10779.0
2009-06-12 06:00:00,12489.0
2009-06-12 07:00:00,14136.0
2009-06-12 08:00:00,15013.0
2009-06-12 09:00:00,15543.0
2009-06-12 10:00:00,15935.0
2009-06-12 11:00:00,16097.0
2009-06-12 12:00:00,16140.0
2009-06-12 13:00:00,16199.0
2009-06-12 14:00:00,16121.0
2009-06-12 15:00:00,16010.0
2009-06-12 16:00:00,15951.0
2009-06-12 17:00:00,15772.0
2009-06-12 18:00:00,15373.0
2009-06-12 19:00:00,15021.0
2009-06-12 20:00:00,15098.0
2009-06-12 21:00:00,14846.0
2009-06-12 22:00:00,13659.0
2009-06-12 23:00:00,12278.0
2009-06-13 00:00:00,11154.0
2009-06-13 01:00:00,10452.0
2009-06-13 02:00:00,10021.0
2009-06-13 03:00:00,9816.0
2009-06-13 04:00:00,9805.0
2009-06-13 05:00:00,9825.0
2009-06-13 06:00:00,10468.0
2009-06-13 07:00:00,11641.0
2009-06-13 08:00:00,12930.0
2009-06-13 09:00:00,13833.0
2009-06-13 10:00:00,14377.0
2009-06-13 11:00:00,14608.0
2009-06-13 12:00:00,14637.0
2009-06-13 13:00:00,14543.0
2009-06-13 14:00:00,14428.0
2009-06-13 15:00:00,14341.0
2009-06-13 16:00:00,14332.0
2009-06-13 17:00:00,14315.0
2009-06-13 18:00:00,14123.0
2009-06-13 19:00:00,13965.0
2009-06-13 20:00:00,14241.0
2009-06-13 21:00:00,13947.0
2009-06-13 22:00:00,12956.0
2009-06-13 23:00:00,11824.0
2009-06-14 00:00:00,10864.0
2009-06-14 01:00:00,10245.0
2009-06-14 02:00:00,9826.0
2009-06-14 03:00:00,9646.0
2009-06-14 04:00:00,9581.0
2009-06-14 05:00:00,9598.0
2009-06-14 06:00:00,9857.0
2009-06-14 07:00:00,10589.0
2009-06-14 08:00:00,11675.0
2009-06-14 09:00:00,12632.0
2009-06-14 10:00:00,13300.0
2009-06-14 11:00:00,13689.0
2009-06-14 12:00:00,13833.0
2009-06-14 13:00:00,13743.0
2009-06-14 14:00:00,13577.0
2009-06-14 15:00:00,13519.0
2009-06-14 16:00:00,13639.0
2009-06-14 17:00:00,13830.0
2009-06-14 18:00:00,13823.0
2009-06-14 19:00:00,13749.0
2009-06-14 20:00:00,14024.0
2009-06-14 21:00:00,13686.0
2009-06-14 22:00:00,12436.0
2009-06-14 23:00:00,11118.0
2009-06-15 00:00:00,10218.0
2009-06-15 01:00:00,9737.0
2009-06-15 02:00:00,9510.0
2009-06-15 03:00:00,9436.0
2009-06-15 04:00:00,9727.0
2009-06-15 05:00:00,10535.0
2009-06-15 06:00:00,12334.0
2009-06-15 07:00:00,13941.0
2009-06-15 08:00:00,14766.0
2009-06-15 09:00:00,15265.0
2009-06-15 10:00:00,15659.0
2009-06-15 11:00:00,15843.0
2009-06-15 12:00:00,15877.0
2009-06-15 13:00:00,15959.0
2009-06-15 14:00:00,15818.0
2009-06-15 15:00:00,15642.0
2009-06-15 16:00:00,15595.0
2009-06-15 17:00:00,15537.0
2009-06-15 18:00:00,15222.0
2009-06-15 19:00:00,15016.0
2009-06-15 20:00:00,15108.0
2009-06-15 21:00:00,14439.0
2009-06-15 22:00:00,12877.0
2009-06-15 23:00:00,11467.0
2009-06-16 00:00:00,10505.0
2009-06-16 01:00:00,10016.0
2009-06-16 02:00:00,9738.0
2009-06-16 03:00:00,9623.0
2009-06-16 04:00:00,9878.0
2009-06-16 05:00:00,10650.0
2009-06-16 06:00:00,12403.0
2009-06-16 07:00:00,13979.0
2009-06-16 08:00:00,14688.0
2009-06-16 09:00:00,15051.0
2009-06-16 10:00:00,15423.0
2009-06-16 11:00:00,15621.0
2009-06-16 12:00:00,15675.0
2009-06-16 13:00:00,15738.0
2009-06-16 14:00:00,15666.0
2009-06-16 15:00:00,15551.0
2009-06-16 16:00:00,15509.0
2009-06-16 17:00:00,15404.0
2009-06-16 18:00:00,15057.0
2009-06-16 19:00:00,14777.0
2009-06-16 20:00:00,14957.0
2009-06-16 21:00:00,14609.0
2009-06-16 22:00:00,13017.0
2009-06-16 23:00:00,11538.0
2009-06-17 00:00:00,10535.0
2009-06-17 01:00:00,9988.0
2009-06-17 02:00:00,9706.0
2009-06-17 03:00:00,9602.0
2009-06-17 04:00:00,9808.0
2009-06-17 05:00:00,10475.0
2009-06-17 06:00:00,12234.0
2009-06-17 07:00:00,13827.0
2009-06-17 08:00:00,14630.0
2009-06-17 09:00:00,15151.0
2009-06-17 10:00:00,15593.0
2009-06-17 11:00:00,15837.0
2009-06-17 12:00:00,15921.0
2009-06-17 13:00:00,16026.0
2009-06-17 14:00:00,15952.0
2009-06-17 15:00:00,15827.0
2009-06-17 16:00:00,15725.0
2009-06-17 17:00:00,15518.0
2009-06-17 18:00:00,15067.0
2009-06-17 19:00:00,14774.0
2009-06-17 20:00:00,15029.0
2009-06-17 21:00:00,14651.0
2009-06-17 22:00:00,13119.0
2009-06-17 23:00:00,11639.0
2009-06-18 00:00:00,10623.0
2009-06-18 01:00:00,10091.0
2009-06-18 02:00:00,9789.0
2009-06-18 03:00:00,9698.0
2009-06-18 04:00:00,9915.0
2009-06-18 05:00:00,10643.0
2009-06-18 06:00:00,12326.0
2009-06-18 07:00:00,13952.0
2009-06-18 08:00:00,14773.0
2009-06-18 09:00:00,15294.0
2009-06-18 10:00:00,15737.0
2009-06-18 11:00:00,15961.0
2009-06-18 12:00:00,15987.0
2009-06-18 13:00:00,16005.0
2009-06-18 14:00:00,15856.0
2009-06-18 15:00:00,15719.0
2009-06-18 16:00:00,15707.0
2009-06-18 17:00:00,15695.0
2009-06-18 18:00:00,15497.0
2009-06-18 19:00:00,15315.0
2009-06-18 20:00:00,15335.0
2009-06-18 21:00:00,14586.0
2009-06-18 22:00:00,13131.0
2009-06-18 23:00:00,11786.0
2009-06-19 00:00:00,10859.0
2009-06-19 01:00:00,10341.0
2009-06-19 02:00:00,10076.0
2009-06-19 03:00:00,9976.0
2009-06-19 04:00:00,10175.0
2009-06-19 05:00:00,10954.0
2009-06-19 06:00:00,12593.0
2009-06-19 07:00:00,14265.0
2009-06-19 08:00:00,15247.0
2009-06-19 09:00:00,15851.0
2009-06-19 10:00:00,16305.0
2009-06-19 11:00:00,16513.0
2009-06-19 12:00:00,16537.0
2009-06-19 13:00:00,16587.0
2009-06-19 14:00:00,16498.0
2009-06-19 15:00:00,16339.0
2009-06-19 16:00:00,16270.0
2009-06-19 17:00:00,16072.0
2009-06-19 18:00:00,15641.0
2009-06-19 19:00:00,15229.0
2009-06-19 20:00:00,15257.0
2009-06-19 21:00:00,14976.0
2009-06-19 22:00:00,13761.0
2009-06-19 23:00:00,12378.0
2009-06-20 00:00:00,11248.0
2009-06-20 01:00:00,10642.0
2009-06-20 02:00:00,10244.0
2009-06-20 03:00:00,10023.0
2009-06-20 04:00:00,9973.0
2009-06-20 05:00:00,9992.0
2009-06-20 06:00:00,10647.0
2009-06-20 07:00:00,11815.0
2009-06-20 08:00:00,13179.0
2009-06-20 09:00:00,14174.0
2009-06-20 10:00:00,14714.0
2009-06-20 11:00:00,14978.0
2009-06-20 12:00:00,15024.0
2009-06-20 13:00:00,14928.0
2009-06-20 14:00:00,14779.0
2009-06-20 15:00:00,14638.0
2009-06-20 16:00:00,14614.0
2009-06-20 17:00:00,14612.0
2009-06-20 18:00:00,14486.0
2009-06-20 19:00:00,14421.0
2009-06-20 20:00:00,14601.0
2009-06-20 21:00:00,14251.0
2009-06-20 22:00:00,13213.0
2009-06-20 23:00:00,12050.0
2009-06-21 00:00:00,11085.0
2009-06-21 01:00:00,10438.0
2009-06-21 02:00:00,10061.0
2009-06-21 03:00:00,9850.0
2009-06-21 04:00:00,9823.0
2009-06-21 05:00:00,9827.0
2009-06-21 06:00:00,10136.0
2009-06-21 07:00:00,10948.0
2009-06-21 08:00:00,12079.0
2009-06-21 09:00:00,13058.0
2009-06-21 10:00:00,13706.0
2009-06-21 11:00:00,14120.0
2009-06-21 12:00:00,14251.0
2009-06-21 13:00:00,14120.0
2009-06-21 14:00:00,13954.0
2009-06-21 15:00:00,13860.0
2009-06-21 16:00:00,13919.0
2009-06-21 17:00:00,14090.0
2009-06-21 18:00:00,14084.0
2009-06-21 19:00:00,14099.0
2009-06-21 20:00:00,14362.0
2009-06-21 21:00:00,14035.0
2009-06-21 22:00:00,12861.0
2009-06-21 23:00:00,11635.0
2009-06-22 00:00:00,10681.0
2009-06-22 01:00:00,10210.0
2009-06-22 02:00:00,9948.0
2009-06-22 03:00:00,9878.0
2009-06-22 04:00:00,10113.0
2009-06-22 05:00:00,10944.0
2009-06-22 06:00:00,12592.0
2009-06-22 07:00:00,14254.0
2009-06-22 08:00:00,15168.0
2009-06-22 09:00:00,15751.0
2009-06-22 10:00:00,16216.0
2009-06-22 11:00:00,16456.0
2009-06-22 12:00:00,16459.0
2009-06-22 13:00:00,16426.0
2009-06-22 14:00:00,16241.0
2009-06-22 15:00:00,16015.0
2009-06-22 16:00:00,15987.0
2009-06-22 17:00:00,16012.0
2009-06-22 18:00:00,15806.0
2009-06-22 19:00:00,15582.0
2009-06-22 20:00:00,15510.0
2009-06-22 21:00:00,14751.0
2009-06-22 22:00:00,13326.0
2009-06-22 23:00:00,11932.0
2009-06-23 00:00:00,10980.0
2009-06-23 01:00:00,10432.0
2009-06-23 02:00:00,10132.0
2009-06-23 03:00:00,10046.0
2009-06-23 04:00:00,10270.0
2009-06-23 05:00:00,11035.0
2009-06-23 06:00:00,12634.0
2009-06-23 07:00:00,14291.0
2009-06-23 08:00:00,15215.0
2009-06-23 09:00:00,15801.0
2009-06-23 10:00:00,16257.0
2009-06-23 11:00:00,16481.0
2009-06-23 12:00:00,16561.0
2009-06-23 13:00:00,16587.0
2009-06-23 14:00:00,16484.0
2009-06-23 15:00:00,16298.0
2009-06-23 16:00:00,16231.0
2009-06-23 17:00:00,16208.0
2009-06-23 18:00:00,15967.0
2009-06-23 19:00:00,15785.0
2009-06-23 20:00:00,15815.0
2009-06-23 21:00:00,15202.0
2009-06-23 22:00:00,13748.0
2009-06-23 23:00:00,12271.0
2009-06-24 00:00:00,11232.0
2009-06-24 01:00:00,10620.0
2009-06-24 02:00:00,10305.0
2009-06-24 03:00:00,10180.0
2009-06-24 04:00:00,10389.0
2009-06-24 05:00:00,11114.0
2009-06-24 06:00:00,12673.0
2009-06-24 07:00:00,14294.0
2009-06-24 08:00:00,15292.0
2009-06-24 09:00:00,15868.0
2009-06-24 10:00:00,16344.0
2009-06-24 11:00:00,16577.0
2009-06-24 12:00:00,16638.0
2009-06-24 13:00:00,16686.0
2009-06-24 14:00:00,16561.0
2009-06-24 15:00:00,16350.0
2009-06-24 16:00:00,16247.0
2009-06-24 17:00:00,16111.0
2009-06-24 18:00:00,15838.0
2009-06-24 19:00:00,15660.0
2009-06-24 20:00:00,15725.0
2009-06-24 21:00:00,15203.0
2009-06-24 22:00:00,13817.0
2009-06-24 23:00:00,12334.0
2009-06-25 00:00:00,11246.0
2009-06-25 01:00:00,10688.0
2009-06-25 02:00:00,10376.0
2009-06-25 03:00:00,10267.0
2009-06-25 04:00:00,10468.0
2009-06-25 05:00:00,11190.0
2009-06-25 06:00:00,12739.0
2009-06-25 07:00:00,14485.0
2009-06-25 08:00:00,15601.0
2009-06-25 09:00:00,16354.0
2009-06-25 10:00:00,16970.0
2009-06-25 11:00:00,17264.0
2009-06-25 12:00:00,17399.0
2009-06-25 13:00:00,17565.0
2009-06-25 14:00:00,17578.0
2009-06-25 15:00:00,17566.0
2009-06-25 16:00:00,17592.0
2009-06-25 17:00:00,17494.0
2009-06-25 18:00:00,17070.0
2009-06-25 19:00:00,16697.0
2009-06-25 20:00:00,16778.0
2009-06-25 21:00:00,16467.0
2009-06-25 22:00:00,14958.0
2009-06-25 23:00:00,13313.0
2009-06-26 00:00:00,12090.0
2009-06-26 01:00:00,11397.0
2009-06-26 02:00:00,10973.0
2009-06-26 03:00:00,10804.0
2009-06-26 04:00:00,10963.0
2009-06-26 05:00:00,11553.0
2009-06-26 06:00:00,12970.0
2009-06-26 07:00:00,14705.0
2009-06-26 08:00:00,15978.0
2009-06-26 09:00:00,16852.0
2009-06-26 10:00:00,17584.0
2009-06-26 11:00:00,18005.0
2009-06-26 12:00:00,18170.0
2009-06-26 13:00:00,18166.0
2009-06-26 14:00:00,17924.0
2009-06-26 15:00:00,17802.0
2009-06-26 16:00:00,17786.0
2009-06-26 17:00:00,17343.0
2009-06-26 18:00:00,16719.0
2009-06-26 19:00:00,16269.0
2009-06-26 20:00:00,16141.0
2009-06-26 21:00:00,15624.0
2009-06-26 22:00:00,14384.0
2009-06-26 23:00:00,12935.0
2009-06-27 00:00:00,11818.0
2009-06-27 01:00:00,11112.0
2009-06-27 02:00:00,10668.0
2009-06-27 03:00:00,10383.0
2009-06-27 04:00:00,10359.0
2009-06-27 05:00:00,10366.0
2009-06-27 06:00:00,11000.0
2009-06-27 07:00:00,12235.0
2009-06-27 08:00:00,13658.0
2009-06-27 09:00:00,14813.0
2009-06-27 10:00:00,15547.0
2009-06-27 11:00:00,15928.0
2009-06-27 12:00:00,16020.0
2009-06-27 13:00:00,15920.0
2009-06-27 14:00:00,15818.0
2009-06-27 15:00:00,15696.0
2009-06-27 16:00:00,15586.0
2009-06-27 17:00:00,15448.0
2009-06-27 18:00:00,15110.0
2009-06-27 19:00:00,14796.0
2009-06-27 20:00:00,14866.0
2009-06-27 21:00:00,14640.0
2009-06-27 22:00:00,13603.0
2009-06-27 23:00:00,12384.0
2009-06-28 00:00:00,11334.0
2009-06-28 01:00:00,10690.0
2009-06-28 02:00:00,10281.0
2009-06-28 03:00:00,10016.0
2009-06-28 04:00:00,9960.0
2009-06-28 05:00:00,9953.0
2009-06-28 06:00:00,10247.0
2009-06-28 07:00:00,10990.0
2009-06-28 08:00:00,12102.0
2009-06-28 09:00:00,13037.0
2009-06-28 10:00:00,13714.0
2009-06-28 11:00:00,14182.0
2009-06-28 12:00:00,14421.0
2009-06-28 13:00:00,14425.0
2009-06-28 14:00:00,14384.0
2009-06-28 15:00:00,14383.0
2009-06-28 16:00:00,14544.0
2009-06-28 17:00:00,14768.0
2009-06-28 18:00:00,14781.0
2009-06-28 19:00:00,14664.0
2009-06-28 20:00:00,14778.0
2009-06-28 21:00:00,14460.0
2009-06-28 22:00:00,13309.0
2009-06-28 23:00:00,12035.0
2009-06-29 00:00:00,11080.0
2009-06-29 01:00:00,10517.0
2009-06-29 02:00:00,10259.0
2009-06-29 03:00:00,10174.0
2009-06-29 04:00:00,10424.0
2009-06-29 05:00:00,11138.0
2009-06-29 06:00:00,12588.0
2009-06-29 07:00:00,14278.0
2009-06-29 08:00:00,15426.0
2009-06-29 09:00:00,16209.0
2009-06-29 10:00:00,16860.0
2009-06-29 11:00:00,17227.0
2009-06-29 12:00:00,17430.0
2009-06-29 13:00:00,17602.0
2009-06-29 14:00:00,17685.0
2009-06-29 15:00:00,17640.0
2009-06-29 16:00:00,17718.0
2009-06-29 17:00:00,17666.0
2009-06-29 18:00:00,17283.0
2009-06-29 19:00:00,16871.0
2009-06-29 20:00:00,16768.0
2009-06-29 21:00:00,16257.0
2009-06-29 22:00:00,14688.0
2009-06-29 23:00:00,13025.0
2009-06-30 00:00:00,11826.0
2009-06-30 01:00:00,11107.0
2009-06-30 02:00:00,10734.0
2009-06-30 03:00:00,10536.0
2009-06-30 04:00:00,10703.0
2009-06-30 05:00:00,11302.0
2009-06-30 06:00:00,12758.0
2009-06-30 07:00:00,14459.0
2009-06-30 08:00:00,15530.0
2009-06-30 09:00:00,16288.0
2009-06-30 10:00:00,16941.0
2009-06-30 11:00:00,17360.0
2009-06-30 12:00:00,17605.0
2009-06-30 13:00:00,17821.0
2009-06-30 14:00:00,17809.0
2009-06-30 15:00:00,17697.0
2009-06-30 16:00:00,17646.0
2009-06-30 17:00:00,17443.0
2009-06-30 18:00:00,16923.0
2009-06-30 19:00:00,16524.0
2009-06-30 20:00:00,16463.0
2009-06-30 21:00:00,15768.0
2009-06-30 22:00:00,14218.0
2009-06-30 23:00:00,12702.0
2009-07-01 00:00:00,11595.0
2009-07-01 01:00:00,10970.0
2009-07-01 02:00:00,10622.0
2009-07-01 03:00:00,10480.0
2009-07-01 04:00:00,10658.0
2009-07-01 05:00:00,11294.0
2009-07-01 06:00:00,12745.0
2009-07-01 07:00:00,14387.0
2009-07-01 08:00:00,15441.0
2009-07-01 09:00:00,16132.0
2009-07-01 10:00:00,16705.0
2009-07-01 11:00:00,16930.0
2009-07-01 12:00:00,16966.0
2009-07-01 13:00:00,16899.0
2009-07-01 14:00:00,16742.0
2009-07-01 15:00:00,16521.0
2009-07-01 16:00:00,16468.0
2009-07-01 17:00:00,16394.0
2009-07-01 18:00:00,16001.0
2009-07-01 19:00:00,15654.0
2009-07-01 20:00:00,15683.0
2009-07-01 21:00:00,15199.0
2009-07-01 22:00:00,13806.0
2009-07-01 23:00:00,12382.0
2009-07-02 00:00:00,11299.0
2009-07-02 01:00:00,10661.0
2009-07-02 02:00:00,10324.0
2009-07-02 03:00:00,10194.0
2009-07-02 04:00:00,10368.0
2009-07-02 05:00:00,11054.0
2009-07-02 06:00:00,12403.0
2009-07-02 07:00:00,13987.0
2009-07-02 08:00:00,15096.0
2009-07-02 09:00:00,15778.0
2009-07-02 10:00:00,16325.0
2009-07-02 11:00:00,16624.0
2009-07-02 12:00:00,16735.0
2009-07-02 13:00:00,16758.0
2009-07-02 14:00:00,16636.0
2009-07-02 15:00:00,16385.0
2009-07-02 16:00:00,16292.0
2009-07-02 17:00:00,16235.0
2009-07-02 18:00:00,15960.0
2009-07-02 19:00:00,15644.0
2009-07-02 20:00:00,15596.0
2009-07-02 21:00:00,14994.0
2009-07-02 22:00:00,13690.0
2009-07-02 23:00:00,12350.0
2009-07-03 00:00:00,11256.0
2009-07-03 01:00:00,10590.0
2009-07-03 02:00:00,10205.0
2009-07-03 03:00:00,10015.0
2009-07-03 04:00:00,10080.0
2009-07-03 05:00:00,10261.0
2009-07-03 06:00:00,10928.0
2009-07-03 07:00:00,12102.0
2009-07-03 08:00:00,13349.0
2009-07-03 09:00:00,14319.0
2009-07-03 10:00:00,15026.0
2009-07-03 11:00:00,15440.0
2009-07-03 12:00:00,15637.0
2009-07-03 13:00:00,15632.0
2009-07-03 14:00:00,15591.0
2009-07-03 15:00:00,15559.0
2009-07-03 16:00:00,15627.0
2009-07-03 17:00:00,15560.0
2009-07-03 18:00:00,15209.0
2009-07-03 19:00:00,14811.0
2009-07-03 20:00:00,14819.0
2009-07-03 21:00:00,14581.0
2009-07-03 22:00:00,13569.0
2009-07-03 23:00:00,12381.0
2009-07-04 00:00:00,11294.0
2009-07-04 01:00:00,10616.0
2009-07-04 02:00:00,10169.0
2009-07-04 03:00:00,9910.0
2009-07-04 04:00:00,9841.0
2009-07-04 05:00:00,9754.0
2009-07-04 06:00:00,10205.0
2009-07-04 07:00:00,11232.0
2009-07-04 08:00:00,12537.0
2009-07-04 09:00:00,13560.0
2009-07-04 10:00:00,14183.0
2009-07-04 11:00:00,14455.0
2009-07-04 12:00:00,14476.0
2009-07-04 13:00:00,14308.0
2009-07-04 14:00:00,14102.0
2009-07-04 15:00:00,13957.0
2009-07-04 16:00:00,13942.0
2009-07-04 17:00:00,13885.0
2009-07-04 18:00:00,13637.0
2009-07-04 19:00:00,13254.0
2009-07-04 20:00:00,13173.0
2009-07-04 21:00:00,12968.0
2009-07-04 22:00:00,12416.0
2009-07-04 23:00:00,11580.0
2009-07-05 00:00:00,10647.0
2009-07-05 01:00:00,10014.0
2009-07-05 02:00:00,9615.0
2009-07-05 03:00:00,9403.0
2009-07-05 04:00:00,9320.0
2009-07-05 05:00:00,9191.0
2009-07-05 06:00:00,9545.0
2009-07-05 07:00:00,10380.0
2009-07-05 08:00:00,11549.0
2009-07-05 09:00:00,12582.0
2009-07-05 10:00:00,13273.0
2009-07-05 11:00:00,13700.0
2009-07-05 12:00:00,13891.0
2009-07-05 13:00:00,13907.0
2009-07-05 14:00:00,13894.0
2009-07-05 15:00:00,13994.0
2009-07-05 16:00:00,14234.0
2009-07-05 17:00:00,14471.0
2009-07-05 18:00:00,14454.0
2009-07-05 19:00:00,14247.0
2009-07-05 20:00:00,14357.0
2009-07-05 21:00:00,14296.0
2009-07-05 22:00:00,13187.0
2009-07-05 23:00:00,11891.0
2009-07-06 00:00:00,10856.0
2009-07-06 01:00:00,10272.0
2009-07-06 02:00:00,9945.0
2009-07-06 03:00:00,9833.0
2009-07-06 04:00:00,10005.0
2009-07-06 05:00:00,10493.0
2009-07-06 06:00:00,11882.0
2009-07-06 07:00:00,13704.0
2009-07-06 08:00:00,15055.0
2009-07-06 09:00:00,16025.0
2009-07-06 10:00:00,16793.0
2009-07-06 11:00:00,17176.0
2009-07-06 12:00:00,17396.0
2009-07-06 13:00:00,17538.0
2009-07-06 14:00:00,17556.0
2009-07-06 15:00:00,17538.0
2009-07-06 16:00:00,17571.0
2009-07-06 17:00:00,17484.0
2009-07-06 18:00:00,17046.0
2009-07-06 19:00:00,16554.0
2009-07-06 20:00:00,16510.0
2009-07-06 21:00:00,16019.0
2009-07-06 22:00:00,14433.0
2009-07-06 23:00:00,12835.0
2009-07-07 00:00:00,11665.0
2009-07-07 01:00:00,10983.0
2009-07-07 02:00:00,10603.0
2009-07-07 03:00:00,10443.0
2009-07-07 04:00:00,10617.0
2009-07-07 05:00:00,11219.0
2009-07-07 06:00:00,12642.0
2009-07-07 07:00:00,14273.0
2009-07-07 08:00:00,15293.0
2009-07-07 09:00:00,16041.0
2009-07-07 10:00:00,16654.0
2009-07-07 11:00:00,16991.0
2009-07-07 12:00:00,17129.0
2009-07-07 13:00:00,17015.0
2009-07-07 14:00:00,16621.0
2009-07-07 15:00:00,16346.0
2009-07-07 16:00:00,16429.0
2009-07-07 17:00:00,16355.0
2009-07-07 18:00:00,15943.0
2009-07-07 19:00:00,15611.0
2009-07-07 20:00:00,15580.0
2009-07-07 21:00:00,14931.0
2009-07-07 22:00:00,13529.0
2009-07-07 23:00:00,12111.0
2009-07-08 00:00:00,11113.0
2009-07-08 01:00:00,10527.0
2009-07-08 02:00:00,10200.0
2009-07-08 03:00:00,10068.0
2009-07-08 04:00:00,10286.0
2009-07-08 05:00:00,10943.0
2009-07-08 06:00:00,12313.0
2009-07-08 07:00:00,13929.0
2009-07-08 08:00:00,14971.0
2009-07-08 09:00:00,15663.0
2009-07-08 10:00:00,16208.0
2009-07-08 11:00:00,16540.0
2009-07-08 12:00:00,16635.0
2009-07-08 13:00:00,16714.0
2009-07-08 14:00:00,16651.0
2009-07-08 15:00:00,16454.0
2009-07-08 16:00:00,16384.0
2009-07-08 17:00:00,16259.0
2009-07-08 18:00:00,15908.0
2009-07-08 19:00:00,15541.0
2009-07-08 20:00:00,15511.0
2009-07-08 21:00:00,14965.0
2009-07-08 22:00:00,13560.0
2009-07-08 23:00:00,12077.0
2009-07-09 00:00:00,11032.0
2009-07-09 01:00:00,10436.0
2009-07-09 02:00:00,10117.0
2009-07-09 03:00:00,9977.0
2009-07-09 04:00:00,10131.0
2009-07-09 05:00:00,10725.0
2009-07-09 06:00:00,12109.0
2009-07-09 07:00:00,13639.0
2009-07-09 08:00:00,14620.0
2009-07-09 09:00:00,15202.0
2009-07-09 10:00:00,15635.0
2009-07-09 11:00:00,15834.0
2009-07-09 12:00:00,15905.0
2009-07-09 13:00:00,15941.0
2009-07-09 14:00:00,15863.0
2009-07-09 15:00:00,15720.0
2009-07-09 16:00:00,15678.0
2009-07-09 17:00:00,15581.0
2009-07-09 18:00:00,15272.0
2009-07-09 19:00:00,14953.0
2009-07-09 20:00:00,15098.0
2009-07-09 21:00:00,14805.0
2009-07-09 22:00:00,13441.0
2009-07-09 23:00:00,11976.0
2009-07-10 00:00:00,10873.0
2009-07-10 01:00:00,10251.0
2009-07-10 02:00:00,9900.0
2009-07-10 03:00:00,9770.0
2009-07-10 04:00:00,9910.0
2009-07-10 05:00:00,10412.0
2009-07-10 06:00:00,11725.0
2009-07-10 07:00:00,13387.0
2009-07-10 08:00:00,14593.0
2009-07-10 09:00:00,15416.0
2009-07-10 10:00:00,15978.0
2009-07-10 11:00:00,16257.0
2009-07-10 12:00:00,16334.0
2009-07-10 13:00:00,16414.0
2009-07-10 14:00:00,16389.0
2009-07-10 15:00:00,16333.0
2009-07-10 16:00:00,16314.0
2009-07-10 17:00:00,16132.0
2009-07-10 18:00:00,15657.0
2009-07-10 19:00:00,15141.0
2009-07-10 20:00:00,15073.0
2009-07-10 21:00:00,14808.0
2009-07-10 22:00:00,13563.0
2009-07-10 23:00:00,12210.0
2009-07-11 00:00:00,11107.0
2009-07-11 01:00:00,10442.0
2009-07-11 02:00:00,10026.0
2009-07-11 03:00:00,9822.0
2009-07-11 04:00:00,9763.0
2009-07-11 05:00:00,9787.0
2009-07-11 06:00:00,10345.0
2009-07-11 07:00:00,11467.0
2009-07-11 08:00:00,12838.0
2009-07-11 09:00:00,13897.0
2009-07-11 10:00:00,14525.0
2009-07-11 11:00:00,14862.0
2009-07-11 12:00:00,14959.0
2009-07-11 13:00:00,14873.0
2009-07-11 14:00:00,14804.0
2009-07-11 15:00:00,14714.0
2009-07-11 16:00:00,14676.0
2009-07-11 17:00:00,14562.0
2009-07-11 18:00:00,14286.0
2009-07-11 19:00:00,14057.0
2009-07-11 20:00:00,14303.0
2009-07-11 21:00:00,14059.0
2009-07-11 22:00:00,13102.0
2009-07-11 23:00:00,12004.0
2009-07-12 00:00:00,11111.0
2009-07-12 01:00:00,10530.0
2009-07-12 02:00:00,10174.0
2009-07-12 03:00:00,9986.0
2009-07-12 04:00:00,9941.0
2009-07-12 05:00:00,9968.0
2009-07-12 06:00:00,10260.0
2009-07-12 07:00:00,11094.0
2009-07-12 08:00:00,12323.0
2009-07-12 09:00:00,13398.0
2009-07-12 10:00:00,14219.0
2009-07-12 11:00:00,14749.0
2009-07-12 12:00:00,14989.0
2009-07-12 13:00:00,14983.0
2009-07-12 14:00:00,14929.0
2009-07-12 15:00:00,14963.0
2009-07-12 16:00:00,15135.0
2009-07-12 17:00:00,15310.0
2009-07-12 18:00:00,15191.0
2009-07-12 19:00:00,14911.0
2009-07-12 20:00:00,15051.0
2009-07-12 21:00:00,14808.0
2009-07-12 22:00:00,13480.0
2009-07-12 23:00:00,12089.0
2009-07-13 00:00:00,11034.0
2009-07-13 01:00:00,10399.0
2009-07-13 02:00:00,10063.0
2009-07-13 03:00:00,9947.0
2009-07-13 04:00:00,10129.0
2009-07-13 05:00:00,10728.0
2009-07-13 06:00:00,12149.0
2009-07-13 07:00:00,13900.0
2009-07-13 08:00:00,15134.0
2009-07-13 09:00:00,15979.0
2009-07-13 10:00:00,16610.0
2009-07-13 11:00:00,16933.0
2009-07-13 12:00:00,17048.0
2009-07-13 13:00:00,17149.0
2009-07-13 14:00:00,17087.0
2009-07-13 15:00:00,16948.0
2009-07-13 16:00:00,16862.0
2009-07-13 17:00:00,16721.0
2009-07-13 18:00:00,16283.0
2009-07-13 19:00:00,15861.0
2009-07-13 20:00:00,15926.0
2009-07-13 21:00:00,15403.0
2009-07-13 22:00:00,13902.0
2009-07-13 23:00:00,12371.0
2009-07-14 00:00:00,11292.0
2009-07-14 01:00:00,10643.0
2009-07-14 02:00:00,10296.0
2009-07-14 03:00:00,10117.0
2009-07-14 04:00:00,10288.0
2009-07-14 05:00:00,10847.0
2009-07-14 06:00:00,12257.0
2009-07-14 07:00:00,14017.0
2009-07-14 08:00:00,15111.0
2009-07-14 09:00:00,15807.0
2009-07-14 10:00:00,16406.0
2009-07-14 11:00:00,16736.0
2009-07-14 12:00:00,16850.0
2009-07-14 13:00:00,17005.0
2009-07-14 14:00:00,16947.0
2009-07-14 15:00:00,16778.0
2009-07-14 16:00:00,16685.0
2009-07-14 17:00:00,16521.0
2009-07-14 18:00:00,16116.0
2009-07-14 19:00:00,15778.0
2009-07-14 20:00:00,15874.0
2009-07-14 21:00:00,15390.0
2009-07-14 22:00:00,13886.0
2009-07-14 23:00:00,12383.0
2009-07-15 00:00:00,11264.0
2009-07-15 01:00:00,10648.0
2009-07-15 02:00:00,10271.0
2009-07-15 03:00:00,10143.0
2009-07-15 04:00:00,10313.0
2009-07-15 05:00:00,10866.0
2009-07-15 06:00:00,12316.0
2009-07-15 07:00:00,14095.0
2009-07-15 08:00:00,15239.0
2009-07-15 09:00:00,15982.0
2009-07-15 10:00:00,16615.0
2009-07-15 11:00:00,16979.0
2009-07-15 12:00:00,17111.0
2009-07-15 13:00:00,17304.0
2009-07-15 14:00:00,17389.0
2009-07-15 15:00:00,17416.0
2009-07-15 16:00:00,17497.0
2009-07-15 17:00:00,17387.0
2009-07-15 18:00:00,16869.0
2009-07-15 19:00:00,16376.0
2009-07-15 20:00:00,16498.0
2009-07-15 21:00:00,16061.0
2009-07-15 22:00:00,14550.0
2009-07-15 23:00:00,12953.0
2009-07-16 00:00:00,11845.0
2009-07-16 01:00:00,11210.0
2009-07-16 02:00:00,10816.0
2009-07-16 03:00:00,10678.0
2009-07-16 04:00:00,10862.0
2009-07-16 05:00:00,11552.0
2009-07-16 06:00:00,13021.0
2009-07-16 07:00:00,14792.0
2009-07-16 08:00:00,16034.0
2009-07-16 09:00:00,16906.0
2009-07-16 10:00:00,17607.0
2009-07-16 11:00:00,18020.0
2009-07-16 12:00:00,18120.0
2009-07-16 13:00:00,18340.0
2009-07-16 14:00:00,18445.0
2009-07-16 15:00:00,18474.0
2009-07-16 16:00:00,18506.0
2009-07-16 17:00:00,18426.0
2009-07-16 18:00:00,18063.0
2009-07-16 19:00:00,17762.0
2009-07-16 20:00:00,17859.0
2009-07-16 21:00:00,17128.0
2009-07-16 22:00:00,15532.0
2009-07-16 23:00:00,13880.0
2009-07-17 00:00:00,12743.0
2009-07-17 01:00:00,12025.0
2009-07-17 02:00:00,11586.0
2009-07-17 03:00:00,11327.0
2009-07-17 04:00:00,11465.0
2009-07-17 05:00:00,12016.0
2009-07-17 06:00:00,13423.0
2009-07-17 07:00:00,15263.0
2009-07-17 08:00:00,16677.0
2009-07-17 09:00:00,17798.0
2009-07-17 10:00:00,18689.0
2009-07-17 11:00:00,19266.0
2009-07-17 12:00:00,19600.0
2009-07-17 13:00:00,19881.0
2009-07-17 14:00:00,19961.0
2009-07-17 15:00:00,19761.0
2009-07-17 16:00:00,19381.0
2009-07-17 17:00:00,18890.0
2009-07-17 18:00:00,18252.0
2009-07-17 19:00:00,17859.0
2009-07-17 20:00:00,17841.0
2009-07-17 21:00:00,17205.0
2009-07-17 22:00:00,15784.0
2009-07-17 23:00:00,14285.0
2009-07-18 00:00:00,13144.0
2009-07-18 01:00:00,12329.0
2009-07-18 02:00:00,11854.0
2009-07-18 03:00:00,11597.0
2009-07-18 04:00:00,11552.0
2009-07-18 05:00:00,11715.0
2009-07-18 06:00:00,12179.0
2009-07-18 07:00:00,13245.0
2009-07-18 08:00:00,14659.0
2009-07-18 09:00:00,15866.0
2009-07-18 10:00:00,16751.0
2009-07-18 11:00:00,17290.0
2009-07-18 12:00:00,17622.0
2009-07-18 13:00:00,17802.0
2009-07-18 14:00:00,17905.0
2009-07-18 15:00:00,17971.0
2009-07-18 16:00:00,17975.0
2009-07-18 17:00:00,17870.0
2009-07-18 18:00:00,17471.0
2009-07-18 19:00:00,16857.0
2009-07-18 20:00:00,16741.0
2009-07-18 21:00:00,16353.0
2009-07-18 22:00:00,15079.0
2009-07-18 23:00:00,13660.0
2009-07-19 00:00:00,12452.0
2009-07-19 01:00:00,11633.0
2009-07-19 02:00:00,11086.0
2009-07-19 03:00:00,10731.0
2009-07-19 04:00:00,10578.0
2009-07-19 05:00:00,10406.0
2009-07-19 06:00:00,10762.0
2009-07-19 07:00:00,11772.0
2009-07-19 08:00:00,13080.0
2009-07-19 09:00:00,14157.0
2009-07-19 10:00:00,14885.0
2009-07-19 11:00:00,15349.0
2009-07-19 12:00:00,15595.0
2009-07-19 13:00:00,15663.0
2009-07-19 14:00:00,15705.0
2009-07-19 15:00:00,15776.0
2009-07-19 16:00:00,15999.0
2009-07-19 17:00:00,16199.0
2009-07-19 18:00:00,16099.0
2009-07-19 19:00:00,15780.0
2009-07-19 20:00:00,15979.0
2009-07-19 21:00:00,15765.0
2009-07-19 22:00:00,14436.0
2009-07-19 23:00:00,13000.0
2009-07-20 00:00:00,11922.0
2009-07-20 01:00:00,11253.0
2009-07-20 02:00:00,10883.0
2009-07-20 03:00:00,10716.0
2009-07-20 04:00:00,10914.0
2009-07-20 05:00:00,11523.0
2009-07-20 06:00:00,12993.0
2009-07-20 07:00:00,14863.0
2009-07-20 08:00:00,16292.0
2009-07-20 09:00:00,17362.0
2009-07-20 10:00:00,18214.0
2009-07-20 11:00:00,18752.0
2009-07-20 12:00:00,18963.0
2009-07-20 13:00:00,19093.0
2009-07-20 14:00:00,19072.0
2009-07-20 15:00:00,18944.0
2009-07-20 16:00:00,18837.0
2009-07-20 17:00:00,18626.0
2009-07-20 18:00:00,18127.0
2009-07-20 19:00:00,17643.0
2009-07-20 20:00:00,17747.0
2009-07-20 21:00:00,17129.0
2009-07-20 22:00:00,15483.0
2009-07-20 23:00:00,13784.0
2009-07-21 00:00:00,12574.0
2009-07-21 01:00:00,11850.0
2009-07-21 02:00:00,11465.0
2009-07-21 03:00:00,11285.0
2009-07-21 04:00:00,11462.0
2009-07-21 05:00:00,12196.0
2009-07-21 06:00:00,13630.0
2009-07-21 07:00:00,15204.0
2009-07-21 08:00:00,16171.0
2009-07-21 09:00:00,16793.0
2009-07-21 10:00:00,17230.0
2009-07-21 11:00:00,17368.0
2009-07-21 12:00:00,17338.0
2009-07-21 13:00:00,17302.0
2009-07-21 14:00:00,17099.0
2009-07-21 15:00:00,16847.0
2009-07-21 16:00:00,16780.0
2009-07-21 17:00:00,16766.0
2009-07-21 18:00:00,16518.0
2009-07-21 19:00:00,16267.0
2009-07-21 20:00:00,16227.0
2009-07-21 21:00:00,15444.0
2009-07-21 22:00:00,14026.0
2009-07-21 23:00:00,12639.0
2009-07-22 00:00:00,11670.0
2009-07-22 01:00:00,11079.0
2009-07-22 02:00:00,10771.0
2009-07-22 03:00:00,10653.0
2009-07-22 04:00:00,10898.0
2009-07-22 05:00:00,11647.0
2009-07-22 06:00:00,13084.0
2009-07-22 07:00:00,14767.0
2009-07-22 08:00:00,15892.0
2009-07-22 09:00:00,16636.0
2009-07-22 10:00:00,17233.0
2009-07-22 11:00:00,17591.0
2009-07-22 12:00:00,17829.0
2009-07-22 13:00:00,18121.0
2009-07-22 14:00:00,18324.0
2009-07-22 15:00:00,18391.0
2009-07-22 16:00:00,18462.0
2009-07-22 17:00:00,18360.0
2009-07-22 18:00:00,17925.0
2009-07-22 19:00:00,17465.0
2009-07-22 20:00:00,17631.0
2009-07-22 21:00:00,17084.0
2009-07-22 22:00:00,15462.0
2009-07-22 23:00:00,13766.0
2009-07-23 00:00:00,12507.0
2009-07-23 01:00:00,11749.0
2009-07-23 02:00:00,11335.0
2009-07-23 03:00:00,11152.0
2009-07-23 04:00:00,11326.0
2009-07-23 05:00:00,12011.0
2009-07-23 06:00:00,13461.0
2009-07-23 07:00:00,15256.0
2009-07-23 08:00:00,16453.0
2009-07-23 09:00:00,17241.0
2009-07-23 10:00:00,17941.0
2009-07-23 11:00:00,18351.0
2009-07-23 12:00:00,18369.0
2009-07-23 13:00:00,18255.0
2009-07-23 14:00:00,17931.0
2009-07-23 15:00:00,17514.0
2009-07-23 16:00:00,17259.0
2009-07-23 17:00:00,17110.0
2009-07-23 18:00:00,16761.0
2009-07-23 19:00:00,16510.0
2009-07-23 20:00:00,16461.0
2009-07-23 21:00:00,15626.0
2009-07-23 22:00:00,14176.0
2009-07-23 23:00:00,12774.0
2009-07-24 00:00:00,11713.0
2009-07-24 01:00:00,11133.0
2009-07-24 02:00:00,10783.0
2009-07-24 03:00:00,10624.0
2009-07-24 04:00:00,10805.0
2009-07-24 05:00:00,11476.0
2009-07-24 06:00:00,12742.0
2009-07-24 07:00:00,14301.0
2009-07-24 08:00:00,15455.0
2009-07-24 09:00:00,16251.0
2009-07-24 10:00:00,16845.0
2009-07-24 11:00:00,17139.0
2009-07-24 12:00:00,17178.0
2009-07-24 13:00:00,17241.0
2009-07-24 14:00:00,17140.0
2009-07-24 15:00:00,16976.0
2009-07-24 16:00:00,16911.0
2009-07-24 17:00:00,16726.0
2009-07-24 18:00:00,16296.0
2009-07-24 19:00:00,15946.0
2009-07-24 20:00:00,16152.0
2009-07-24 21:00:00,15694.0
2009-07-24 22:00:00,14414.0
2009-07-24 23:00:00,13004.0
2009-07-25 00:00:00,11873.0
2009-07-25 01:00:00,11187.0
2009-07-25 02:00:00,10758.0
2009-07-25 03:00:00,10510.0
2009-07-25 04:00:00,10486.0
2009-07-25 05:00:00,10586.0
2009-07-25 06:00:00,11058.0
2009-07-25 07:00:00,12210.0
2009-07-25 08:00:00,13648.0
2009-07-25 09:00:00,14852.0
2009-07-25 10:00:00,15651.0
2009-07-25 11:00:00,16175.0
2009-07-25 12:00:00,16444.0
2009-07-25 13:00:00,16564.0
2009-07-25 14:00:00,16645.0
2009-07-25 15:00:00,16844.0
2009-07-25 16:00:00,17022.0
2009-07-25 17:00:00,17048.0
2009-07-25 18:00:00,16785.0
2009-07-25 19:00:00,16348.0
2009-07-25 20:00:00,16545.0
2009-07-25 21:00:00,16179.0
2009-07-25 22:00:00,14987.0
2009-07-25 23:00:00,13720.0
2009-07-26 00:00:00,12673.0
2009-07-26 01:00:00,11991.0
2009-07-26 02:00:00,11546.0
2009-07-26 03:00:00,11285.0
2009-07-26 04:00:00,11212.0
2009-07-26 05:00:00,11290.0
2009-07-26 06:00:00,11575.0
2009-07-26 07:00:00,12421.0
2009-07-26 08:00:00,13721.0
2009-07-26 09:00:00,14884.0
2009-07-26 10:00:00,15830.0
2009-07-26 11:00:00,16647.0
2009-07-26 12:00:00,17274.0
2009-07-26 13:00:00,17588.0
2009-07-26 14:00:00,17768.0
2009-07-26 15:00:00,17950.0
2009-07-26 16:00:00,18188.0
2009-07-26 17:00:00,18297.0
2009-07-26 18:00:00,18111.0
2009-07-26 19:00:00,17837.0
2009-07-26 20:00:00,18018.0
2009-07-26 21:00:00,17423.0
2009-07-26 22:00:00,15994.0
2009-07-26 23:00:00,14480.0
2009-07-27 00:00:00,13340.0
2009-07-27 01:00:00,12627.0
2009-07-27 02:00:00,12203.0
2009-07-27 03:00:00,12055.0
2009-07-27 04:00:00,12304.0
2009-07-27 05:00:00,13098.0
2009-07-27 06:00:00,14618.0
2009-07-27 07:00:00,16532.0
2009-07-27 08:00:00,18013.0
2009-07-27 09:00:00,19177.0
2009-07-27 10:00:00,20174.0
2009-07-27 11:00:00,20911.0
2009-07-27 12:00:00,21377.0
2009-07-27 13:00:00,21734.0
2009-07-27 14:00:00,21901.0
2009-07-27 15:00:00,21807.0
2009-07-27 16:00:00,21657.0
2009-07-27 17:00:00,21219.0
2009-07-27 18:00:00,20508.0
2009-07-27 19:00:00,19872.0
2009-07-27 20:00:00,19829.0
2009-07-27 21:00:00,18921.0
2009-07-27 22:00:00,17068.0
2009-07-27 23:00:00,15273.0
2009-07-28 00:00:00,13955.0
2009-07-28 01:00:00,13109.0
2009-07-28 02:00:00,12608.0
2009-07-28 03:00:00,12351.0
2009-07-28 04:00:00,12482.0
2009-07-28 05:00:00,13149.0
2009-07-28 06:00:00,14642.0
2009-07-28 07:00:00,16565.0
2009-07-28 08:00:00,17995.0
2009-07-28 09:00:00,19157.0
2009-07-28 10:00:00,20190.0
2009-07-28 11:00:00,20949.0
2009-07-28 12:00:00,21440.0
2009-07-28 13:00:00,21866.0
2009-07-28 14:00:00,22051.0
2009-07-28 15:00:00,22114.0
2009-07-28 16:00:00,22177.0
2009-07-28 17:00:00,21929.0
2009-07-28 18:00:00,21295.0
2009-07-28 19:00:00,20661.0
2009-07-28 20:00:00,20675.0
2009-07-28 21:00:00,19775.0
2009-07-28 22:00:00,17887.0
2009-07-28 23:00:00,16027.0
2009-07-29 00:00:00,14661.0
2009-07-29 01:00:00,13818.0
2009-07-29 02:00:00,13299.0
2009-07-29 03:00:00,13081.0
2009-07-29 04:00:00,13202.0
2009-07-29 05:00:00,13943.0
2009-07-29 06:00:00,15485.0
2009-07-29 07:00:00,17336.0
2009-07-29 08:00:00,18605.0
2009-07-29 09:00:00,19576.0
2009-07-29 10:00:00,20443.0
2009-07-29 11:00:00,21044.0
2009-07-29 12:00:00,21409.0
2009-07-29 13:00:00,21793.0
2009-07-29 14:00:00,21884.0
2009-07-29 15:00:00,21537.0
2009-07-29 16:00:00,21232.0
2009-07-29 17:00:00,20939.0
2009-07-29 18:00:00,20467.0
2009-07-29 19:00:00,20135.0
2009-07-29 20:00:00,20158.0
2009-07-29 21:00:00,19166.0
2009-07-29 22:00:00,17391.0
2009-07-29 23:00:00,15681.0
2009-07-30 00:00:00,14397.0
2009-07-30 01:00:00,13656.0
2009-07-30 02:00:00,13222.0
2009-07-30 03:00:00,13040.0
2009-07-30 04:00:00,13232.0
2009-07-30 05:00:00,14032.0
2009-07-30 06:00:00,15581.0
2009-07-30 07:00:00,17383.0
2009-07-30 08:00:00,18641.0
2009-07-30 09:00:00,19583.0
2009-07-30 10:00:00,20328.0
2009-07-30 11:00:00,20724.0
2009-07-30 12:00:00,21098.0
2009-07-30 13:00:00,21614.0
2009-07-30 14:00:00,21889.0
2009-07-30 15:00:00,22046.0
2009-07-30 16:00:00,22115.0
2009-07-30 17:00:00,21930.0
2009-07-30 18:00:00,21308.0
2009-07-30 19:00:00,20497.0
2009-07-30 20:00:00,20405.0
2009-07-30 21:00:00,19482.0
2009-07-30 22:00:00,17490.0
2009-07-30 23:00:00,15545.0
2009-07-31 00:00:00,14039.0
2009-07-31 01:00:00,13134.0
2009-07-31 02:00:00,12537.0
2009-07-31 03:00:00,12213.0
2009-07-31 04:00:00,12269.0
2009-07-31 05:00:00,12816.0
2009-07-31 06:00:00,14181.0
2009-07-31 07:00:00,16058.0
2009-07-31 08:00:00,17461.0
2009-07-31 09:00:00,18487.0
2009-07-31 10:00:00,19193.0
2009-07-31 11:00:00,19375.0
2009-07-31 12:00:00,19283.0
2009-07-31 13:00:00,19298.0
2009-07-31 14:00:00,19293.0
2009-07-31 15:00:00,19127.0
2009-07-31 16:00:00,18699.0
2009-07-31 17:00:00,18178.0
2009-07-31 18:00:00,17594.0
2009-07-31 19:00:00,17287.0
2009-07-31 20:00:00,17233.0
2009-07-31 21:00:00,16559.0
2009-07-31 22:00:00,15263.0
2009-07-31 23:00:00,13858.0
2009-08-01 00:00:00,12733.0
2009-08-01 01:00:00,11991.0
2009-08-01 02:00:00,11514.0
2009-08-01 03:00:00,11199.0
2009-08-01 04:00:00,11102.0
2009-08-01 05:00:00,11188.0
2009-08-01 06:00:00,11616.0
2009-08-01 07:00:00,12850.0
2009-08-01 08:00:00,14390.0
2009-08-01 09:00:00,15649.0
2009-08-01 10:00:00,16541.0
2009-08-01 11:00:00,17086.0
2009-08-01 12:00:00,17435.0
2009-08-01 13:00:00,17616.0
2009-08-01 14:00:00,17806.0
2009-08-01 15:00:00,18028.0
2009-08-01 16:00:00,18206.0
2009-08-01 17:00:00,18218.0
2009-08-01 18:00:00,17878.0
2009-08-01 19:00:00,17279.0
2009-08-01 20:00:00,17406.0
2009-08-01 21:00:00,16868.0
2009-08-01 22:00:00,15571.0
2009-08-01 23:00:00,14121.0
2009-08-02 00:00:00,12891.0
2009-08-02 01:00:00,12094.0
2009-08-02 02:00:00,11589.0
2009-08-02 03:00:00,11289.0
2009-08-02 04:00:00,11172.0
2009-08-02 05:00:00,11206.0
2009-08-02 06:00:00,11457.0
2009-08-02 07:00:00,12295.0
2009-08-02 08:00:00,13512.0
2009-08-02 09:00:00,14618.0
2009-08-02 10:00:00,15452.0
2009-08-02 11:00:00,16026.0
2009-08-02 12:00:00,16294.0
2009-08-02 13:00:00,16309.0
2009-08-02 14:00:00,16191.0
2009-08-02 15:00:00,16133.0
2009-08-02 16:00:00,16336.0
2009-08-02 17:00:00,16617.0
2009-08-02 18:00:00,16701.0
2009-08-02 19:00:00,16682.0
2009-08-02 20:00:00,17094.0
2009-08-02 21:00:00,16541.0
2009-08-02 22:00:00,15271.0
2009-08-02 23:00:00,13902.0
2009-08-03 00:00:00,12813.0
2009-08-03 01:00:00,12164.0
2009-08-03 02:00:00,11782.0
2009-08-03 03:00:00,11621.0
2009-08-03 04:00:00,11812.0
2009-08-03 05:00:00,12537.0
2009-08-03 06:00:00,13918.0
2009-08-03 07:00:00,15845.0
2009-08-03 08:00:00,17383.0
2009-08-03 09:00:00,18509.0
2009-08-03 10:00:00,19390.0
2009-08-03 11:00:00,20004.0
2009-08-03 12:00:00,20388.0
2009-08-03 13:00:00,20736.0
2009-08-03 14:00:00,20902.0
2009-08-03 15:00:00,20957.0
2009-08-03 16:00:00,20985.0
2009-08-03 17:00:00,20792.0
2009-08-03 18:00:00,20177.0
2009-08-03 19:00:00,19547.0
2009-08-03 20:00:00,19621.0
2009-08-03 21:00:00,18620.0
2009-08-03 22:00:00,16717.0
2009-08-03 23:00:00,14865.0
2009-08-04 00:00:00,13554.0
2009-08-04 01:00:00,12693.0
2009-08-04 02:00:00,12170.0
2009-08-04 03:00:00,11886.0
2009-08-04 04:00:00,12004.0
2009-08-04 05:00:00,12684.0
2009-08-04 06:00:00,14039.0
2009-08-04 07:00:00,15803.0
2009-08-04 08:00:00,17137.0
2009-08-04 09:00:00,18228.0
2009-08-04 10:00:00,19210.0
2009-08-04 11:00:00,19999.0
2009-08-04 12:00:00,20563.0
2009-08-04 13:00:00,21042.0
2009-08-04 14:00:00,21294.0
2009-08-04 15:00:00,21407.0
2009-08-04 16:00:00,21478.0
2009-08-04 17:00:00,21287.0
2009-08-04 18:00:00,20614.0
2009-08-04 19:00:00,19903.0
2009-08-04 20:00:00,19994.0
2009-08-04 21:00:00,19022.0
2009-08-04 22:00:00,17175.0
2009-08-04 23:00:00,15424.0
2009-08-05 00:00:00,14112.0
2009-08-05 01:00:00,13316.0
2009-08-05 02:00:00,12885.0
2009-08-05 03:00:00,12703.0
2009-08-05 04:00:00,12903.0
2009-08-05 05:00:00,13725.0
2009-08-05 06:00:00,15244.0
2009-08-05 07:00:00,17163.0
2009-08-05 08:00:00,18618.0
2009-08-05 09:00:00,19839.0
2009-08-05 10:00:00,21075.0
2009-08-05 11:00:00,21936.0
2009-08-05 12:00:00,22390.0
2009-08-05 13:00:00,22716.0
2009-08-05 14:00:00,22604.0
2009-08-05 15:00:00,22111.0
2009-08-05 16:00:00,21832.0
2009-08-05 17:00:00,21493.0
2009-08-05 18:00:00,20788.0
2009-08-05 19:00:00,20143.0
2009-08-05 20:00:00,20011.0
2009-08-05 21:00:00,18810.0
2009-08-05 22:00:00,16811.0
2009-08-05 23:00:00,14849.0
2009-08-06 00:00:00,13418.0
2009-08-06 01:00:00,12528.0
2009-08-06 02:00:00,11976.0
2009-08-06 03:00:00,11680.0
2009-08-06 04:00:00,11756.0
2009-08-06 05:00:00,12336.0
2009-08-06 06:00:00,13573.0
2009-08-06 07:00:00,15274.0
2009-08-06 08:00:00,16492.0
2009-08-06 09:00:00,17341.0
2009-08-06 10:00:00,18028.0
2009-08-06 11:00:00,18438.0
2009-08-06 12:00:00,18565.0
2009-08-06 13:00:00,18700.0
2009-08-06 14:00:00,18690.0
2009-08-06 15:00:00,18557.0
2009-08-06 16:00:00,18589.0
2009-08-06 17:00:00,18406.0
2009-08-06 18:00:00,17895.0
2009-08-06 19:00:00,17408.0
2009-08-06 20:00:00,17686.0
2009-08-06 21:00:00,16894.0
2009-08-06 22:00:00,15355.0
2009-08-06 23:00:00,13735.0
2009-08-07 00:00:00,12499.0
2009-08-07 01:00:00,11750.0
2009-08-07 02:00:00,11270.0
2009-08-07 03:00:00,11019.0
2009-08-07 04:00:00,11122.0
2009-08-07 05:00:00,11695.0
2009-08-07 06:00:00,12807.0
2009-08-07 07:00:00,14500.0
2009-08-07 08:00:00,15790.0
2009-08-07 09:00:00,16691.0
2009-08-07 10:00:00,17331.0
2009-08-07 11:00:00,17674.0
2009-08-07 12:00:00,17836.0
2009-08-07 13:00:00,17980.0
2009-08-07 14:00:00,17924.0
2009-08-07 15:00:00,17801.0
2009-08-07 16:00:00,17658.0
2009-08-07 17:00:00,17365.0
2009-08-07 18:00:00,16731.0
2009-08-07 19:00:00,16167.0
2009-08-07 20:00:00,16356.0
2009-08-07 21:00:00,15594.0
2009-08-07 22:00:00,14279.0
2009-08-07 23:00:00,12892.0
2009-08-08 00:00:00,11771.0
2009-08-08 01:00:00,10995.0
2009-08-08 02:00:00,10516.0
2009-08-08 03:00:00,10252.0
2009-08-08 04:00:00,10196.0
2009-08-08 05:00:00,10307.0
2009-08-08 06:00:00,10674.0
2009-08-08 07:00:00,11748.0
2009-08-08 08:00:00,13046.0
2009-08-08 09:00:00,14032.0
2009-08-08 10:00:00,14576.0
2009-08-08 11:00:00,14803.0
2009-08-08 12:00:00,14826.0
2009-08-08 13:00:00,14802.0
2009-08-08 14:00:00,14726.0
2009-08-08 15:00:00,14726.0
2009-08-08 16:00:00,14787.0
2009-08-08 17:00:00,14773.0
2009-08-08 18:00:00,14558.0
2009-08-08 19:00:00,14358.0
2009-08-08 20:00:00,14694.0
2009-08-08 21:00:00,14176.0
2009-08-08 22:00:00,13125.0
2009-08-08 23:00:00,11976.0
2009-08-09 00:00:00,11055.0
2009-08-09 01:00:00,10445.0
2009-08-09 02:00:00,10079.0
2009-08-09 03:00:00,9905.0
2009-08-09 04:00:00,9877.0
2009-08-09 05:00:00,9957.0
2009-08-09 06:00:00,10168.0
2009-08-09 07:00:00,11035.0
2009-08-09 08:00:00,12264.0
2009-08-09 09:00:00,13276.0
2009-08-09 10:00:00,13952.0
2009-08-09 11:00:00,14400.0
2009-08-09 12:00:00,14631.0
2009-08-09 13:00:00,14605.0
2009-08-09 14:00:00,14500.0
2009-08-09 15:00:00,14461.0
2009-08-09 16:00:00,14626.0
2009-08-09 17:00:00,14918.0
2009-08-09 18:00:00,15040.0
2009-08-09 19:00:00,15123.0
2009-08-09 20:00:00,15351.0
2009-08-09 21:00:00,14719.0
2009-08-09 22:00:00,13668.0
2009-08-09 23:00:00,12585.0
2009-08-10 00:00:00,11756.0
2009-08-10 01:00:00,11323.0
2009-08-10 02:00:00,11094.0
2009-08-10 03:00:00,11072.0
2009-08-10 04:00:00,11389.0
2009-08-10 05:00:00,12289.0
2009-08-10 06:00:00,13752.0
2009-08-10 07:00:00,15604.0
2009-08-10 08:00:00,17204.0
2009-08-10 09:00:00,18561.0
2009-08-10 10:00:00,19730.0
2009-08-10 11:00:00,20579.0
2009-08-10 12:00:00,21245.0
2009-08-10 13:00:00,21849.0
2009-08-10 14:00:00,22151.0
2009-08-10 15:00:00,22289.0
2009-08-10 16:00:00,22583.0
2009-08-10 17:00:00,22560.0
2009-08-10 18:00:00,22152.0
2009-08-10 19:00:00,21646.0
2009-08-10 20:00:00,21698.0
2009-08-10 21:00:00,20445.0
2009-08-10 22:00:00,18406.0
2009-08-10 23:00:00,16461.0
2009-08-11 00:00:00,15055.0
2009-08-11 01:00:00,14226.0
2009-08-11 02:00:00,13688.0
2009-08-11 03:00:00,13437.0
2009-08-11 04:00:00,13582.0
2009-08-11 05:00:00,14332.0
2009-08-11 06:00:00,15756.0
2009-08-11 07:00:00,17591.0
2009-08-11 08:00:00,19088.0
2009-08-11 09:00:00,20309.0
2009-08-11 10:00:00,21391.0
2009-08-11 11:00:00,22049.0
2009-08-11 12:00:00,22397.0
2009-08-11 13:00:00,22701.0
2009-08-11 14:00:00,22793.0
2009-08-11 15:00:00,22780.0
2009-08-11 16:00:00,22688.0
2009-08-11 17:00:00,22290.0
2009-08-11 18:00:00,21458.0
2009-08-11 19:00:00,20734.0
2009-08-11 20:00:00,20570.0
2009-08-11 21:00:00,19292.0
2009-08-11 22:00:00,17379.0
2009-08-11 23:00:00,15546.0
2009-08-12 00:00:00,14210.0
2009-08-12 01:00:00,13360.0
2009-08-12 02:00:00,12837.0
2009-08-12 03:00:00,12572.0
2009-08-12 04:00:00,12704.0
2009-08-12 05:00:00,13445.0
2009-08-12 06:00:00,14834.0
2009-08-12 07:00:00,16400.0
2009-08-12 08:00:00,17455.0
2009-08-12 09:00:00,18147.0
2009-08-12 10:00:00,18752.0
2009-08-12 11:00:00,19132.0
2009-08-12 12:00:00,19318.0
2009-08-12 13:00:00,19454.0
2009-08-12 14:00:00,19352.0
2009-08-12 15:00:00,19110.0
2009-08-12 16:00:00,18908.0
2009-08-12 17:00:00,18620.0
2009-08-12 18:00:00,18198.0
2009-08-12 19:00:00,18057.0
2009-08-12 20:00:00,18171.0
2009-08-12 21:00:00,17209.0
2009-08-12 22:00:00,15675.0
2009-08-12 23:00:00,14132.0
2009-08-13 00:00:00,12961.0
2009-08-13 01:00:00,12290.0
2009-08-13 02:00:00,11894.0
2009-08-13 03:00:00,11711.0
2009-08-13 04:00:00,11911.0
2009-08-13 05:00:00,12719.0
2009-08-13 06:00:00,14136.0
2009-08-13 07:00:00,15679.0
2009-08-13 08:00:00,16658.0
2009-08-13 09:00:00,17319.0
2009-08-13 10:00:00,17792.0
2009-08-13 11:00:00,17963.0
2009-08-13 12:00:00,17944.0
2009-08-13 13:00:00,17941.0
2009-08-13 14:00:00,17812.0
2009-08-13 15:00:00,17584.0
2009-08-13 16:00:00,17441.0
2009-08-13 17:00:00,17292.0
2009-08-13 18:00:00,16905.0
2009-08-13 19:00:00,16714.0
2009-08-13 20:00:00,17020.0
2009-08-13 21:00:00,16229.0
2009-08-13 22:00:00,14749.0
2009-08-13 23:00:00,13238.0
2009-08-14 00:00:00,12099.0
2009-08-14 01:00:00,11419.0
2009-08-14 02:00:00,11025.0
2009-08-14 03:00:00,10847.0
2009-08-14 04:00:00,10995.0
2009-08-14 05:00:00,11660.0
2009-08-14 06:00:00,12831.0
2009-08-14 07:00:00,14522.0
2009-08-14 08:00:00,15923.0
2009-08-14 09:00:00,17010.0
2009-08-14 10:00:00,17926.0
2009-08-14 11:00:00,18660.0
2009-08-14 12:00:00,19193.0
2009-08-14 13:00:00,19699.0
2009-08-14 14:00:00,20024.0
2009-08-14 15:00:00,20203.0
2009-08-14 16:00:00,20319.0
2009-08-14 17:00:00,20143.0
2009-08-14 18:00:00,19497.0
2009-08-14 19:00:00,18841.0
2009-08-14 20:00:00,18943.0
2009-08-14 21:00:00,17997.0
2009-08-14 22:00:00,16434.0
2009-08-14 23:00:00,14815.0
2009-08-15 00:00:00,13486.0
2009-08-15 01:00:00,12610.0
2009-08-15 02:00:00,12029.0
2009-08-15 03:00:00,11731.0
2009-08-15 04:00:00,11611.0
2009-08-15 05:00:00,11757.0
2009-08-15 06:00:00,12149.0
2009-08-15 07:00:00,13389.0
2009-08-15 08:00:00,15059.0
2009-08-15 09:00:00,16608.0
2009-08-15 10:00:00,17899.0
2009-08-15 11:00:00,18789.0
2009-08-15 12:00:00,19302.0
2009-08-15 13:00:00,19545.0
2009-08-15 14:00:00,19695.0
2009-08-15 15:00:00,19841.0
2009-08-15 16:00:00,19988.0
2009-08-15 17:00:00,19946.0
2009-08-15 18:00:00,19489.0
2009-08-15 19:00:00,18935.0
2009-08-15 20:00:00,19088.0
2009-08-15 21:00:00,18297.0
2009-08-15 22:00:00,16895.0
2009-08-15 23:00:00,15363.0
2009-08-16 00:00:00,14079.0
2009-08-16 01:00:00,13204.0
2009-08-16 02:00:00,12582.0
2009-08-16 03:00:00,12203.0
2009-08-16 04:00:00,12007.0
2009-08-16 05:00:00,11987.0
2009-08-16 06:00:00,12114.0
2009-08-16 07:00:00,13145.0
2009-08-16 08:00:00,14741.0
2009-08-16 09:00:00,16331.0
2009-08-16 10:00:00,17792.0
2009-08-16 11:00:00,18999.0
2009-08-16 12:00:00,19776.0
2009-08-16 13:00:00,20191.0
2009-08-16 14:00:00,20428.0
2009-08-16 15:00:00,20623.0
2009-08-16 16:00:00,20804.0
2009-08-16 17:00:00,20876.0
2009-08-16 18:00:00,20535.0
2009-08-16 19:00:00,20239.0
2009-08-16 20:00:00,20481.0
2009-08-16 21:00:00,19520.0
2009-08-16 22:00:00,17803.0
2009-08-16 23:00:00,16116.0
2009-08-17 00:00:00,14832.0
2009-08-17 01:00:00,14005.0
2009-08-17 02:00:00,13522.0
2009-08-17 03:00:00,13271.0
2009-08-17 04:00:00,13381.0
2009-08-17 05:00:00,14182.0
2009-08-17 06:00:00,15545.0
2009-08-17 07:00:00,17486.0
2009-08-17 08:00:00,19162.0
2009-08-17 09:00:00,20673.0
2009-08-17 10:00:00,22031.0
2009-08-17 11:00:00,22988.0
2009-08-17 12:00:00,23531.0
2009-08-17 13:00:00,24149.0
2009-08-17 14:00:00,24115.0
2009-08-17 15:00:00,24056.0
2009-08-17 16:00:00,24059.0
2009-08-17 17:00:00,23897.0
2009-08-17 18:00:00,23296.0
2009-08-17 19:00:00,22767.0
2009-08-17 20:00:00,22845.0
2009-08-17 21:00:00,21455.0
2009-08-17 22:00:00,19319.0
2009-08-17 23:00:00,17299.0
2009-08-18 00:00:00,15788.0
2009-08-18 01:00:00,14839.0
2009-08-18 02:00:00,14258.0
2009-08-18 03:00:00,13928.0
2009-08-18 04:00:00,13965.0
2009-08-18 05:00:00,14660.0
2009-08-18 06:00:00,16001.0
2009-08-18 07:00:00,17947.0
2009-08-18 08:00:00,19691.0
2009-08-18 09:00:00,21204.0
2009-08-18 10:00:00,22588.0
2009-08-18 11:00:00,23648.0
2009-08-18 12:00:00,24267.0
2009-08-18 13:00:00,24675.0
2009-08-18 14:00:00,24723.0
2009-08-18 15:00:00,24542.0
2009-08-18 16:00:00,24401.0
2009-08-18 17:00:00,24066.0
2009-08-18 18:00:00,23227.0
2009-08-18 19:00:00,22562.0
2009-08-18 20:00:00,22543.0
2009-08-18 21:00:00,21200.0
2009-08-18 22:00:00,19226.0
2009-08-18 23:00:00,17379.0
2009-08-19 00:00:00,15981.0
2009-08-19 01:00:00,15093.0
2009-08-19 02:00:00,14552.0
2009-08-19 03:00:00,14298.0
2009-08-19 04:00:00,14371.0
2009-08-19 05:00:00,15122.0
2009-08-19 06:00:00,16493.0
2009-08-19 07:00:00,18320.0
2009-08-19 08:00:00,19785.0
2009-08-19 09:00:00,21050.0
2009-08-19 10:00:00,22156.0
2009-08-19 11:00:00,23018.0
2009-08-19 12:00:00,23611.0
2009-08-19 13:00:00,24153.0
2009-08-19 14:00:00,24360.0
2009-08-19 15:00:00,24324.0
2009-08-19 16:00:00,24276.0
2009-08-19 17:00:00,23862.0
2009-08-19 18:00:00,23098.0
2009-08-19 19:00:00,22497.0
2009-08-19 20:00:00,22511.0
2009-08-19 21:00:00,21154.0
2009-08-19 22:00:00,19100.0
2009-08-19 23:00:00,17132.0
2009-08-20 00:00:00,15669.0
2009-08-20 01:00:00,14730.0
2009-08-20 02:00:00,14123.0
2009-08-20 03:00:00,13781.0
2009-08-20 04:00:00,13815.0
2009-08-20 05:00:00,14486.0
2009-08-20 06:00:00,15715.0
2009-08-20 07:00:00,17424.0
2009-08-20 08:00:00,18870.0
2009-08-20 09:00:00,20104.0
2009-08-20 10:00:00,21224.0
2009-08-20 11:00:00,22083.0
2009-08-20 12:00:00,22760.0
2009-08-20 13:00:00,23295.0
2009-08-20 14:00:00,23476.0
2009-08-20 15:00:00,23376.0
2009-08-20 16:00:00,23384.0
2009-08-20 17:00:00,23081.0
2009-08-20 18:00:00,22349.0
2009-08-20 19:00:00,21890.0
2009-08-20 20:00:00,21927.0
2009-08-20 21:00:00,20745.0
2009-08-20 22:00:00,18887.0
2009-08-20 23:00:00,17092.0
2009-08-21 00:00:00,15783.0
2009-08-21 01:00:00,14963.0
2009-08-21 02:00:00,14516.0
2009-08-21 03:00:00,14350.0
2009-08-21 04:00:00,14551.0
2009-08-21 05:00:00,15399.0
2009-08-21 06:00:00,16873.0
2009-08-21 07:00:00,18668.0
2009-08-21 08:00:00,20151.0
2009-08-21 09:00:00,21354.0
2009-08-21 10:00:00,22411.0
2009-08-21 11:00:00,23274.0
2009-08-21 12:00:00,23922.0
2009-08-21 13:00:00,24424.0
2009-08-21 14:00:00,24609.0
2009-08-21 15:00:00,24505.0
2009-08-21 16:00:00,24120.0
2009-08-21 17:00:00,23209.0
2009-08-21 18:00:00,22059.0
2009-08-21 19:00:00,21432.0
2009-08-21 20:00:00,21102.0
2009-08-21 21:00:00,20018.0
2009-08-21 22:00:00,18493.0
2009-08-21 23:00:00,16903.0
2009-08-22 00:00:00,15625.0
2009-08-22 01:00:00,14799.0
2009-08-22 02:00:00,14284.0
2009-08-22 03:00:00,13958.0
2009-08-22 04:00:00,13873.0
2009-08-22 05:00:00,14077.0
2009-08-22 06:00:00,14527.0
2009-08-22 07:00:00,15688.0
2009-08-22 08:00:00,17332.0
2009-08-22 09:00:00,18845.0
2009-08-22 10:00:00,20009.0
2009-08-22 11:00:00,20726.0
2009-08-22 12:00:00,21040.0
2009-08-22 13:00:00,21110.0
2009-08-22 14:00:00,20966.0
2009-08-22 15:00:00,20802.0
2009-08-22 16:00:00,20698.0
2009-08-22 17:00:00,20453.0
2009-08-22 18:00:00,19892.0
2009-08-22 19:00:00,19567.0
2009-08-22 20:00:00,19624.0
2009-08-22 21:00:00,18743.0
2009-08-22 22:00:00,17410.0
2009-08-22 23:00:00,15976.0
2009-08-23 00:00:00,14784.0
2009-08-23 01:00:00,13963.0
2009-08-23 02:00:00,13434.0
2009-08-23 03:00:00,13097.0
2009-08-23 04:00:00,12934.0
2009-08-23 05:00:00,12990.0
2009-08-23 06:00:00,13147.0
2009-08-23 07:00:00,13912.0
2009-08-23 08:00:00,15213.0
2009-08-23 09:00:00,16596.0
2009-08-23 10:00:00,17797.0
2009-08-23 11:00:00,18718.0
2009-08-23 12:00:00,19340.0
2009-08-23 13:00:00,19729.0
2009-08-23 14:00:00,19924.0
2009-08-23 15:00:00,19955.0
2009-08-23 16:00:00,20053.0
2009-08-23 17:00:00,20070.0
2009-08-23 18:00:00,19808.0
2009-08-23 19:00:00,19734.0
2009-08-23 20:00:00,19731.0
2009-08-23 21:00:00,18688.0
2009-08-23 22:00:00,17157.0
2009-08-23 23:00:00,15597.0
2009-08-24 00:00:00,14369.0
2009-08-24 01:00:00,13596.0
2009-08-24 02:00:00,13144.0
2009-08-24 03:00:00,12926.0
2009-08-24 04:00:00,13108.0
2009-08-24 05:00:00,13950.0
2009-08-24 06:00:00,15356.0
2009-08-24 07:00:00,17005.0
2009-08-24 08:00:00,18337.0
2009-08-24 09:00:00,19385.0
2009-08-24 10:00:00,20338.0
2009-08-24 11:00:00,21030.0
2009-08-24 12:00:00,21330.0
2009-08-24 13:00:00,21680.0
2009-08-24 14:00:00,21901.0
2009-08-24 15:00:00,21906.0
2009-08-24 16:00:00,21785.0
2009-08-24 17:00:00,21467.0
2009-08-24 18:00:00,20795.0
2009-08-24 19:00:00,20390.0
2009-08-24 20:00:00,20321.0
2009-08-24 21:00:00,19003.0
2009-08-24 22:00:00,17095.0
2009-08-24 23:00:00,15311.0
2009-08-25 00:00:00,13988.0
2009-08-25 01:00:00,13164.0
2009-08-25 02:00:00,12658.0
2009-08-25 03:00:00,12397.0
2009-08-25 04:00:00,12499.0
2009-08-25 05:00:00,13235.0
2009-08-25 06:00:00,14545.0
2009-08-25 07:00:00,16205.0
2009-08-25 08:00:00,17581.0
2009-08-25 09:00:00,18716.0
2009-08-25 10:00:00,19674.0
2009-08-25 11:00:00,20367.0
2009-08-25 12:00:00,20829.0
2009-08-25 13:00:00,21287.0
2009-08-25 14:00:00,21517.0
2009-08-25 15:00:00,21535.0
2009-08-25 16:00:00,21486.0
2009-08-25 17:00:00,21162.0
2009-08-25 18:00:00,20431.0
2009-08-25 19:00:00,20094.0
2009-08-25 20:00:00,20166.0
2009-08-25 21:00:00,18884.0
2009-08-25 22:00:00,17032.0
2009-08-25 23:00:00,15244.0
2009-08-26 00:00:00,13973.0
2009-08-26 01:00:00,13159.0
2009-08-26 02:00:00,12664.0
2009-08-26 03:00:00,12439.0
2009-08-26 04:00:00,12570.0
2009-08-26 05:00:00,13356.0
2009-08-26 06:00:00,14770.0
2009-08-26 07:00:00,16458.0
2009-08-26 08:00:00,17889.0
2009-08-26 09:00:00,19085.0
2009-08-26 10:00:00,20094.0
2009-08-26 11:00:00,20807.0
2009-08-26 12:00:00,21296.0
2009-08-26 13:00:00,21757.0
2009-08-26 14:00:00,21912.0
2009-08-26 15:00:00,21750.0
2009-08-26 16:00:00,21381.0
2009-08-26 17:00:00,20931.0
2009-08-26 18:00:00,20358.0
2009-08-26 19:00:00,20316.0
2009-08-26 20:00:00,20147.0
2009-08-26 21:00:00,18757.0
2009-08-26 22:00:00,16841.0
2009-08-26 23:00:00,15012.0
2009-08-27 00:00:00,13593.0
2009-08-27 01:00:00,12631.0
2009-08-27 02:00:00,12046.0
2009-08-27 03:00:00,11689.0
2009-08-27 04:00:00,11710.0
2009-08-27 05:00:00,12350.0
2009-08-27 06:00:00,13493.0
2009-08-27 07:00:00,14879.0
2009-08-27 08:00:00,15871.0
2009-08-27 09:00:00,16545.0
2009-08-27 10:00:00,17071.0
2009-08-27 11:00:00,17379.0
2009-08-27 12:00:00,17592.0
2009-08-27 13:00:00,17821.0
2009-08-27 14:00:00,17896.0
2009-08-27 15:00:00,17856.0
2009-08-27 16:00:00,17772.0
2009-08-27 17:00:00,17472.0
2009-08-27 18:00:00,16868.0
2009-08-27 19:00:00,16745.0
2009-08-27 20:00:00,16801.0
2009-08-27 21:00:00,15699.0
2009-08-27 22:00:00,14163.0
2009-08-27 23:00:00,12758.0
2009-08-28 00:00:00,11753.0
2009-08-28 01:00:00,11155.0
2009-08-28 02:00:00,10809.0
2009-08-28 03:00:00,10655.0
2009-08-28 04:00:00,10819.0
2009-08-28 05:00:00,11578.0
2009-08-28 06:00:00,12849.0
2009-08-28 07:00:00,14202.0
2009-08-28 08:00:00,15198.0
2009-08-28 09:00:00,15936.0
2009-08-28 10:00:00,16477.0
2009-08-28 11:00:00,16738.0
2009-08-28 12:00:00,16726.0
2009-08-28 13:00:00,16722.0
2009-08-28 14:00:00,16555.0
2009-08-28 15:00:00,16262.0
2009-08-28 16:00:00,16045.0
2009-08-28 17:00:00,15860.0
2009-08-28 18:00:00,15667.0
2009-08-28 19:00:00,15785.0
2009-08-28 20:00:00,15588.0
2009-08-28 21:00:00,14698.0
2009-08-28 22:00:00,13520.0
2009-08-28 23:00:00,12243.0
2009-08-29 00:00:00,11291.0
2009-08-29 01:00:00,10633.0
2009-08-29 02:00:00,10299.0
2009-08-29 03:00:00,10145.0
2009-08-29 04:00:00,10121.0
2009-08-29 05:00:00,10398.0
2009-08-29 06:00:00,10944.0
2009-08-29 07:00:00,11861.0
2009-08-29 08:00:00,13062.0
2009-08-29 09:00:00,14123.0
2009-08-29 10:00:00,14741.0
2009-08-29 11:00:00,15005.0
2009-08-29 12:00:00,14949.0
2009-08-29 13:00:00,14863.0
2009-08-29 14:00:00,14590.0
2009-08-29 15:00:00,14428.0
2009-08-29 16:00:00,14410.0
2009-08-29 17:00:00,14454.0
2009-08-29 18:00:00,14310.0
2009-08-29 19:00:00,14444.0
2009-08-29 20:00:00,14329.0
2009-08-29 21:00:00,13654.0
2009-08-29 22:00:00,12583.0
2009-08-29 23:00:00,11496.0
2009-08-30 00:00:00,10648.0
2009-08-30 01:00:00,10084.0
2009-08-30 02:00:00,9757.0
2009-08-30 03:00:00,9581.0
2009-08-30 04:00:00,9565.0
2009-08-30 05:00:00,9754.0
2009-08-30 06:00:00,10010.0
2009-08-30 07:00:00,10775.0
2009-08-30 08:00:00,11813.0
2009-08-30 09:00:00,12810.0
2009-08-30 10:00:00,13478.0
2009-08-30 11:00:00,13935.0
2009-08-30 12:00:00,14241.0
2009-08-30 13:00:00,14374.0
2009-08-30 14:00:00,14491.0
2009-08-30 15:00:00,14653.0
2009-08-30 16:00:00,14908.0
2009-08-30 17:00:00,15172.0
2009-08-30 18:00:00,15225.0
2009-08-30 19:00:00,15623.0
2009-08-30 20:00:00,15821.0
2009-08-30 21:00:00,14842.0
2009-08-30 22:00:00,13577.0
2009-08-30 23:00:00,12246.0
2009-08-31 00:00:00,11301.0
2009-08-31 01:00:00,10688.0
2009-08-31 02:00:00,10336.0
2009-08-31 03:00:00,10205.0
2009-08-31 04:00:00,10392.0
2009-08-31 05:00:00,11248.0
2009-08-31 06:00:00,12577.0
2009-08-31 07:00:00,13993.0
2009-08-31 08:00:00,15017.0
2009-08-31 09:00:00,15760.0
2009-08-31 10:00:00,16240.0
2009-08-31 11:00:00,16433.0
2009-08-31 12:00:00,16416.0
2009-08-31 13:00:00,16448.0
2009-08-31 14:00:00,16359.0
2009-08-31 15:00:00,16238.0
2009-08-31 16:00:00,16221.0
2009-08-31 17:00:00,16076.0
2009-08-31 18:00:00,15770.0
2009-08-31 19:00:00,15985.0
2009-08-31 20:00:00,15982.0
2009-08-31 21:00:00,14771.0
2009-08-31 22:00:00,13193.0
2009-08-31 23:00:00,11743.0
2009-09-01 00:00:00,10798.0
2009-09-01 01:00:00,10270.0
2009-09-01 02:00:00,9975.0
2009-09-01 03:00:00,9876.0
2009-09-01 04:00:00,10079.0
2009-09-01 05:00:00,10962.0
2009-09-01 06:00:00,12480.0
2009-09-01 07:00:00,13792.0
2009-09-01 08:00:00,14616.0
2009-09-01 09:00:00,15271.0
2009-09-01 10:00:00,15817.0
2009-09-01 11:00:00,16076.0
2009-09-01 12:00:00,16170.0
2009-09-01 13:00:00,16310.0
2009-09-01 14:00:00,16311.0
2009-09-01 15:00:00,16234.0
2009-09-01 16:00:00,16214.0
2009-09-01 17:00:00,16116.0
2009-09-01 18:00:00,15788.0
2009-09-01 19:00:00,16040.0
2009-09-01 20:00:00,16028.0
2009-09-01 21:00:00,14822.0
2009-09-01 22:00:00,13187.0
2009-09-01 23:00:00,11755.0
2009-09-02 00:00:00,10790.0
2009-09-02 01:00:00,10263.0
2009-09-02 02:00:00,9977.0
2009-09-02 03:00:00,9876.0
2009-09-02 04:00:00,10091.0
2009-09-02 05:00:00,11012.0
2009-09-02 06:00:00,12627.0
2009-09-02 07:00:00,13947.0
2009-09-02 08:00:00,14727.0
2009-09-02 09:00:00,15374.0
2009-09-02 10:00:00,15985.0
2009-09-02 11:00:00,16361.0
2009-09-02 12:00:00,16530.0
2009-09-02 13:00:00,16709.0
2009-09-02 14:00:00,16752.0
2009-09-02 15:00:00,16722.0
2009-09-02 16:00:00,16723.0
2009-09-02 17:00:00,16548.0
2009-09-02 18:00:00,16149.0
2009-09-02 19:00:00,16371.0
2009-09-02 20:00:00,16325.0
2009-09-02 21:00:00,15117.0
2009-09-02 22:00:00,13482.0
2009-09-02 23:00:00,11986.0
2009-09-03 00:00:00,11020.0
2009-09-03 01:00:00,10465.0
2009-09-03 02:00:00,10165.0
2009-09-03 03:00:00,10065.0
2009-09-03 04:00:00,10271.0
2009-09-03 05:00:00,11206.0
2009-09-03 06:00:00,12821.0
2009-09-03 07:00:00,14141.0
2009-09-03 08:00:00,14989.0
2009-09-03 09:00:00,15707.0
2009-09-03 10:00:00,16307.0
2009-09-03 11:00:00,16666.0
2009-09-03 12:00:00,16806.0
2009-09-03 13:00:00,17024.0
2009-09-03 14:00:00,17128.0
2009-09-03 15:00:00,17167.0
2009-09-03 16:00:00,17167.0
2009-09-03 17:00:00,16936.0
2009-09-03 18:00:00,16483.0
2009-09-03 19:00:00,16696.0
2009-09-03 20:00:00,16581.0
2009-09-03 21:00:00,15393.0
2009-09-03 22:00:00,13751.0
2009-09-03 23:00:00,12232.0
2009-09-04 00:00:00,11228.0
2009-09-04 01:00:00,10630.0
2009-09-04 02:00:00,10285.0
2009-09-04 03:00:00,10152.0
2009-09-04 04:00:00,10327.0
2009-09-04 05:00:00,11135.0
2009-09-04 06:00:00,12547.0
2009-09-04 07:00:00,13941.0
2009-09-04 08:00:00,15019.0
2009-09-04 09:00:00,15890.0
2009-09-04 10:00:00,16588.0
2009-09-04 11:00:00,17057.0
2009-09-04 12:00:00,17315.0
2009-09-04 13:00:00,17509.0
2009-09-04 14:00:00,17568.0
2009-09-04 15:00:00,17505.0
2009-09-04 16:00:00,17436.0
2009-09-04 17:00:00,17171.0
2009-09-04 18:00:00,16566.0
2009-09-04 19:00:00,16589.0
2009-09-04 20:00:00,16449.0
2009-09-04 21:00:00,15416.0
2009-09-04 22:00:00,14087.0
2009-09-04 23:00:00,12675.0
2009-09-05 00:00:00,11634.0
2009-09-05 01:00:00,10991.0
2009-09-05 02:00:00,10583.0
2009-09-05 03:00:00,10358.0
2009-09-05 04:00:00,10325.0
2009-09-05 05:00:00,10571.0
2009-09-05 06:00:00,10957.0
2009-09-05 07:00:00,11853.0
2009-09-05 08:00:00,13144.0
2009-09-05 09:00:00,14197.0
2009-09-05 10:00:00,14931.0
2009-09-05 11:00:00,15386.0
2009-09-05 12:00:00,15619.0
2009-09-05 13:00:00,15663.0
2009-09-05 14:00:00,15669.0
2009-09-05 15:00:00,15673.0
2009-09-05 16:00:00,15761.0
2009-09-05 17:00:00,15750.0
2009-09-05 18:00:00,15495.0
2009-09-05 19:00:00,15712.0
2009-09-05 20:00:00,15637.0
2009-09-05 21:00:00,14776.0
2009-09-05 22:00:00,13582.0
2009-09-05 23:00:00,12330.0
2009-09-06 00:00:00,11319.0
2009-09-06 01:00:00,10640.0
2009-09-06 02:00:00,10195.0
2009-09-06 03:00:00,9899.0
2009-09-06 04:00:00,9793.0
2009-09-06 05:00:00,9897.0
2009-09-06 06:00:00,10036.0
2009-09-06 07:00:00,10722.0
2009-09-06 08:00:00,11829.0
2009-09-06 09:00:00,12695.0
2009-09-06 10:00:00,13184.0
2009-09-06 11:00:00,13464.0
2009-09-06 12:00:00,13539.0
2009-09-06 13:00:00,13430.0
2009-09-06 14:00:00,13300.0
2009-09-06 15:00:00,13238.0
2009-09-06 16:00:00,13261.0
2009-09-06 17:00:00,13342.0
2009-09-06 18:00:00,13264.0
2009-09-06 19:00:00,13698.0
2009-09-06 20:00:00,13645.0
2009-09-06 21:00:00,12941.0
2009-09-06 22:00:00,11997.0
2009-09-06 23:00:00,10992.0
2009-09-07 00:00:00,10188.0
2009-09-07 01:00:00,9681.0
2009-09-07 02:00:00,9392.0
2009-09-07 03:00:00,9262.0
2009-09-07 04:00:00,9328.0
2009-09-07 05:00:00,9589.0
2009-09-07 06:00:00,9890.0
2009-09-07 07:00:00,10614.0
2009-09-07 08:00:00,11770.0
2009-09-07 09:00:00,12845.0
2009-09-07 10:00:00,13511.0
2009-09-07 11:00:00,13809.0
2009-09-07 12:00:00,13881.0
2009-09-07 13:00:00,13810.0
2009-09-07 14:00:00,13746.0
2009-09-07 15:00:00,13783.0
2009-09-07 16:00:00,14001.0
2009-09-07 17:00:00,14273.0
2009-09-07 18:00:00,14377.0
2009-09-07 19:00:00,15094.0
2009-09-07 20:00:00,15017.0
2009-09-07 21:00:00,13892.0
2009-09-07 22:00:00,12427.0
2009-09-07 23:00:00,11171.0
2009-09-08 00:00:00,10343.0
2009-09-08 01:00:00,9909.0
2009-09-08 02:00:00,9700.0
2009-09-08 03:00:00,9658.0
2009-09-08 04:00:00,9949.0
2009-09-08 05:00:00,10929.0
2009-09-08 06:00:00,12795.0
2009-09-08 07:00:00,14147.0
2009-09-08 08:00:00,14905.0
2009-09-08 09:00:00,15514.0
2009-09-08 10:00:00,16065.0
2009-09-08 11:00:00,16426.0
2009-09-08 12:00:00,16632.0
2009-09-08 13:00:00,16884.0
2009-09-08 14:00:00,16880.0
2009-09-08 15:00:00,16801.0
2009-09-08 16:00:00,16736.0
2009-09-08 17:00:00,16593.0
2009-09-08 18:00:00,16398.0
2009-09-08 19:00:00,16902.0
2009-09-08 20:00:00,16580.0
2009-09-08 21:00:00,15300.0
2009-09-08 22:00:00,13644.0
2009-09-08 23:00:00,12184.0
2009-09-09 00:00:00,11208.0
2009-09-09 01:00:00,10681.0
2009-09-09 02:00:00,10387.0
2009-09-09 03:00:00,10285.0
2009-09-09 04:00:00,10540.0
2009-09-09 05:00:00,11517.0
2009-09-09 06:00:00,13361.0
2009-09-09 07:00:00,14588.0
2009-09-09 08:00:00,15174.0
2009-09-09 09:00:00,15575.0
2009-09-09 10:00:00,15951.0
2009-09-09 11:00:00,16198.0
2009-09-09 12:00:00,16293.0
2009-09-09 13:00:00,16418.0
2009-09-09 14:00:00,16359.0
2009-09-09 15:00:00,16231.0
2009-09-09 16:00:00,16174.0
2009-09-09 17:00:00,15994.0
2009-09-09 18:00:00,15695.0
2009-09-09 19:00:00,16188.0
2009-09-09 20:00:00,15835.0
2009-09-09 21:00:00,14608.0
2009-09-09 22:00:00,13025.0
2009-09-09 23:00:00,11593.0
2009-09-10 00:00:00,10678.0
2009-09-10 01:00:00,10172.0
2009-09-10 02:00:00,9856.0
2009-09-10 03:00:00,9785.0
2009-09-10 04:00:00,10026.0
2009-09-10 05:00:00,10972.0
2009-09-10 06:00:00,12752.0
2009-09-10 07:00:00,13976.0
2009-09-10 08:00:00,14614.0
2009-09-10 09:00:00,15113.0
2009-09-10 10:00:00,15493.0
2009-09-10 11:00:00,15640.0
2009-09-10 12:00:00,15641.0
2009-09-10 13:00:00,15728.0
2009-09-10 14:00:00,15603.0
2009-09-10 15:00:00,15448.0
2009-09-10 16:00:00,15333.0
2009-09-10 17:00:00,15202.0
2009-09-10 18:00:00,15152.0
2009-09-10 19:00:00,15788.0
2009-09-10 20:00:00,15441.0
2009-09-10 21:00:00,14317.0
2009-09-10 22:00:00,12784.0
2009-09-10 23:00:00,11428.0
2009-09-11 00:00:00,10556.0
2009-09-11 01:00:00,10058.0
2009-09-11 02:00:00,9797.0
2009-09-11 03:00:00,9692.0
2009-09-11 04:00:00,9958.0
2009-09-11 05:00:00,10876.0
2009-09-11 06:00:00,12700.0
2009-09-11 07:00:00,13993.0
2009-09-11 08:00:00,14625.0
2009-09-11 09:00:00,15062.0
2009-09-11 10:00:00,15376.0
2009-09-11 11:00:00,15520.0
2009-09-11 12:00:00,15482.0
2009-09-11 13:00:00,15478.0
2009-09-11 14:00:00,15327.0
2009-09-11 15:00:00,15199.0
2009-09-11 16:00:00,15221.0
2009-09-11 17:00:00,15261.0
2009-09-11 18:00:00,15269.0
2009-09-11 19:00:00,15449.0
2009-09-11 20:00:00,14991.0
2009-09-11 21:00:00,14069.0
2009-09-11 22:00:00,12918.0
2009-09-11 23:00:00,11734.0
2009-09-12 00:00:00,10852.0
2009-09-12 01:00:00,10311.0
2009-09-12 02:00:00,9993.0
2009-09-12 03:00:00,9840.0
2009-09-12 04:00:00,9897.0
2009-09-12 05:00:00,10218.0
2009-09-12 06:00:00,10886.0
2009-09-12 07:00:00,11795.0
2009-09-12 08:00:00,12978.0
2009-09-12 09:00:00,13874.0
2009-09-12 10:00:00,14373.0
2009-09-12 11:00:00,14569.0
2009-09-12 12:00:00,14546.0
2009-09-12 13:00:00,14392.0
2009-09-12 14:00:00,14203.0
2009-09-12 15:00:00,14083.0
2009-09-12 16:00:00,14174.0
2009-09-12 17:00:00,14359.0
2009-09-12 18:00:00,14481.0
2009-09-12 19:00:00,14855.0
2009-09-12 20:00:00,14543.0
2009-09-12 21:00:00,13801.0
2009-09-12 22:00:00,12786.0
2009-09-12 23:00:00,11750.0
2009-09-13 00:00:00,10866.0
2009-09-13 01:00:00,10313.0
2009-09-13 02:00:00,9977.0
2009-09-13 03:00:00,9804.0
2009-09-13 04:00:00,9780.0
2009-09-13 05:00:00,9987.0
2009-09-13 06:00:00,10353.0
2009-09-13 07:00:00,11043.0
2009-09-13 08:00:00,12190.0
2009-09-13 09:00:00,13195.0
2009-09-13 10:00:00,13855.0
2009-09-13 11:00:00,14311.0
2009-09-13 12:00:00,14552.0
2009-09-13 13:00:00,14620.0
2009-09-13 14:00:00,14636.0
2009-09-13 15:00:00,14727.0
2009-09-13 16:00:00,14909.0
2009-09-13 17:00:00,15105.0
2009-09-13 18:00:00,15242.0
2009-09-13 19:00:00,15840.0
2009-09-13 20:00:00,15492.0
2009-09-13 21:00:00,14326.0
2009-09-13 22:00:00,12910.0
2009-09-13 23:00:00,11622.0
2009-09-14 00:00:00,10720.0
2009-09-14 01:00:00,10175.0
2009-09-14 02:00:00,9885.0
2009-09-14 03:00:00,9808.0
2009-09-14 04:00:00,10060.0
2009-09-14 05:00:00,11029.0
2009-09-14 06:00:00,12835.0
2009-09-14 07:00:00,14122.0
2009-09-14 08:00:00,14924.0
2009-09-14 09:00:00,15568.0
2009-09-14 10:00:00,16052.0
2009-09-14 11:00:00,16341.0
2009-09-14 12:00:00,16485.0
2009-09-14 13:00:00,16633.0
2009-09-14 14:00:00,16665.0
2009-09-14 15:00:00,16610.0
2009-09-14 16:00:00,16619.0
2009-09-14 17:00:00,16526.0
2009-09-14 18:00:00,16333.0
2009-09-14 19:00:00,16837.0
2009-09-14 20:00:00,16333.0
2009-09-14 21:00:00,15066.0
2009-09-14 22:00:00,13491.0
2009-09-14 23:00:00,12047.0
2009-09-15 00:00:00,11033.0
2009-09-15 01:00:00,10495.0
2009-09-15 02:00:00,10186.0
2009-09-15 03:00:00,10056.0
2009-09-15 04:00:00,10293.0
2009-09-15 05:00:00,11282.0
2009-09-15 06:00:00,13112.0
2009-09-15 07:00:00,14372.0
2009-09-15 08:00:00,15149.0
2009-09-15 09:00:00,15824.0
2009-09-15 10:00:00,16354.0
2009-09-15 11:00:00,16617.0
2009-09-15 12:00:00,16728.0
2009-09-15 13:00:00,16845.0
2009-09-15 14:00:00,16798.0
2009-09-15 15:00:00,16700.0
2009-09-15 16:00:00,16656.0
2009-09-15 17:00:00,16493.0
2009-09-15 18:00:00,16288.0
2009-09-15 19:00:00,16839.0
2009-09-15 20:00:00,16345.0
2009-09-15 21:00:00,15078.0
2009-09-15 22:00:00,13462.0
2009-09-15 23:00:00,12028.0
2009-09-16 00:00:00,11015.0
2009-09-16 01:00:00,10462.0
2009-09-16 02:00:00,10171.0
2009-09-16 03:00:00,10066.0
2009-09-16 04:00:00,10291.0
2009-09-16 05:00:00,11294.0
2009-09-16 06:00:00,13152.0
2009-09-16 07:00:00,14380.0
2009-09-16 08:00:00,14919.0
2009-09-16 09:00:00,15324.0
2009-09-16 10:00:00,15622.0
2009-09-16 11:00:00,15717.0
2009-09-16 12:00:00,15732.0
2009-09-16 13:00:00,15759.0
2009-09-16 14:00:00,15634.0
2009-09-16 15:00:00,15471.0
2009-09-16 16:00:00,15454.0
2009-09-16 17:00:00,15424.0
2009-09-16 18:00:00,15425.0
2009-09-16 19:00:00,15988.0
2009-09-16 20:00:00,15565.0
2009-09-16 21:00:00,14368.0
2009-09-16 22:00:00,12855.0
2009-09-16 23:00:00,11469.0
2009-09-17 00:00:00,10547.0
2009-09-17 01:00:00,10040.0
2009-09-17 02:00:00,9765.0
2009-09-17 03:00:00,9682.0
2009-09-17 04:00:00,9920.0
2009-09-17 05:00:00,10874.0
2009-09-17 06:00:00,12780.0
2009-09-17 07:00:00,14019.0
2009-09-17 08:00:00,14545.0
2009-09-17 09:00:00,14873.0
2009-09-17 10:00:00,15185.0
2009-09-17 11:00:00,15276.0
2009-09-17 12:00:00,15250.0
2009-09-17 13:00:00,15258.0
2009-09-17 14:00:00,15106.0
2009-09-17 15:00:00,14933.0
2009-09-17 16:00:00,14917.0
2009-09-17 17:00:00,14927.0
2009-09-17 18:00:00,14995.0
2009-09-17 19:00:00,15664.0
2009-09-17 20:00:00,15220.0
2009-09-17 21:00:00,14114.0
2009-09-17 22:00:00,12610.0
2009-09-17 23:00:00,11238.0
2009-09-18 00:00:00,10350.0
2009-09-18 01:00:00,9860.0
2009-09-18 02:00:00,9597.0
2009-09-18 03:00:00,9554.0
2009-09-18 04:00:00,9811.0
2009-09-18 05:00:00,10772.0
2009-09-18 06:00:00,12562.0
2009-09-18 07:00:00,13791.0
2009-09-18 08:00:00,14414.0
2009-09-18 09:00:00,14905.0
2009-09-18 10:00:00,15302.0
2009-09-18 11:00:00,15477.0
2009-09-18 12:00:00,15482.0
2009-09-18 13:00:00,15537.0
2009-09-18 14:00:00,15464.0
2009-09-18 15:00:00,15299.0
2009-09-18 16:00:00,15223.0
2009-09-18 17:00:00,15118.0
2009-09-18 18:00:00,15019.0
2009-09-18 19:00:00,15438.0
2009-09-18 20:00:00,14975.0
2009-09-18 21:00:00,14027.0
2009-09-18 22:00:00,12752.0
2009-09-18 23:00:00,11477.0
2009-09-19 00:00:00,10530.0
2009-09-19 01:00:00,9949.0
2009-09-19 02:00:00,9597.0
2009-09-19 03:00:00,9426.0
2009-09-19 04:00:00,9454.0
2009-09-19 05:00:00,9768.0
2009-09-19 06:00:00,10315.0
2009-09-19 07:00:00,11224.0
2009-09-19 08:00:00,12343.0
2009-09-19 09:00:00,13061.0
2009-09-19 10:00:00,13382.0
2009-09-19 11:00:00,13463.0
2009-09-19 12:00:00,13403.0
2009-09-19 13:00:00,13239.0
2009-09-19 14:00:00,13094.0
2009-09-19 15:00:00,13030.0
2009-09-19 16:00:00,13111.0
2009-09-19 17:00:00,13293.0
2009-09-19 18:00:00,13479.0
2009-09-19 19:00:00,14070.0
2009-09-19 20:00:00,13757.0
2009-09-19 21:00:00,13010.0
2009-09-19 22:00:00,11969.0
2009-09-19 23:00:00,10905.0
2009-09-20 00:00:00,10087.0
2009-09-20 01:00:00,9577.0
2009-09-20 02:00:00,9306.0
2009-09-20 03:00:00,9152.0
2009-09-20 04:00:00,9167.0
2009-09-20 05:00:00,9420.0
2009-09-20 06:00:00,9762.0
2009-09-20 07:00:00,10484.0
2009-09-20 08:00:00,11559.0
2009-09-20 09:00:00,12385.0
2009-09-20 10:00:00,12825.0
2009-09-20 11:00:00,13072.0
2009-09-20 12:00:00,13197.0
2009-09-20 13:00:00,13180.0
2009-09-20 14:00:00,13100.0
2009-09-20 15:00:00,13100.0
2009-09-20 16:00:00,13328.0
2009-09-20 17:00:00,13669.0
2009-09-20 18:00:00,14011.0
2009-09-20 19:00:00,14773.0
2009-09-20 20:00:00,14276.0
2009-09-20 21:00:00,13204.0
2009-09-20 22:00:00,11876.0
2009-09-20 23:00:00,10731.0
2009-09-21 00:00:00,9952.0
2009-09-21 01:00:00,9523.0
2009-09-21 02:00:00,9320.0
2009-09-21 03:00:00,9293.0
2009-09-21 04:00:00,9599.0
2009-09-21 05:00:00,10604.0
2009-09-21 06:00:00,12491.0
2009-09-21 07:00:00,13778.0
2009-09-21 08:00:00,14401.0
2009-09-21 09:00:00,14886.0
2009-09-21 10:00:00,15371.0
2009-09-21 11:00:00,15651.0
2009-09-21 12:00:00,15787.0
2009-09-21 13:00:00,15944.0
2009-09-21 14:00:00,15915.0
2009-09-21 15:00:00,15838.0
2009-09-21 16:00:00,15843.0
2009-09-21 17:00:00,15807.0
2009-09-21 18:00:00,15843.0
2009-09-21 19:00:00,16369.0
2009-09-21 20:00:00,15662.0
2009-09-21 21:00:00,14403.0
2009-09-21 22:00:00,12852.0
2009-09-21 23:00:00,11424.0
2009-09-22 00:00:00,10484.0
2009-09-22 01:00:00,9994.0
2009-09-22 02:00:00,9745.0
2009-09-22 03:00:00,9671.0
2009-09-22 04:00:00,9952.0
2009-09-22 05:00:00,10973.0
2009-09-22 06:00:00,12930.0
2009-09-22 07:00:00,14243.0
2009-09-22 08:00:00,14860.0
2009-09-22 09:00:00,15350.0
2009-09-22 10:00:00,15812.0
2009-09-22 11:00:00,16140.0
2009-09-22 12:00:00,16224.0
2009-09-22 13:00:00,16300.0
2009-09-22 14:00:00,16190.0
2009-09-22 15:00:00,16042.0
2009-09-22 16:00:00,15998.0
2009-09-22 17:00:00,15999.0
2009-09-22 18:00:00,16218.0
2009-09-22 19:00:00,16778.0
2009-09-22 20:00:00,16148.0
2009-09-22 21:00:00,14923.0
2009-09-22 22:00:00,13349.0
2009-09-22 23:00:00,11937.0
2009-09-23 00:00:00,10999.0
2009-09-23 01:00:00,10492.0
2009-09-23 02:00:00,10224.0
2009-09-23 03:00:00,10158.0
2009-09-23 04:00:00,10446.0
2009-09-23 05:00:00,11503.0
2009-09-23 06:00:00,13533.0
2009-09-23 07:00:00,14853.0
2009-09-23 08:00:00,15556.0
2009-09-23 09:00:00,16126.0
2009-09-23 10:00:00,16640.0
2009-09-23 11:00:00,16962.0
2009-09-23 12:00:00,17130.0
2009-09-23 13:00:00,17372.0
2009-09-23 14:00:00,17468.0
2009-09-23 15:00:00,17396.0
2009-09-23 16:00:00,17368.0
2009-09-23 17:00:00,17258.0
2009-09-23 18:00:00,17396.0
2009-09-23 19:00:00,17960.0
2009-09-23 20:00:00,17380.0
2009-09-23 21:00:00,16122.0
2009-09-23 22:00:00,14514.0
2009-09-23 23:00:00,13053.0
2009-09-24 00:00:00,12051.0
2009-09-24 01:00:00,11488.0
2009-09-24 02:00:00,11150.0
2009-09-24 03:00:00,11022.0
2009-09-24 04:00:00,11297.0
2009-09-24 05:00:00,12320.0
2009-09-24 06:00:00,14374.0
2009-09-24 07:00:00,15695.0
2009-09-24 08:00:00,16467.0
2009-09-24 09:00:00,17123.0
2009-09-24 10:00:00,17666.0
2009-09-24 11:00:00,17931.0
2009-09-24 12:00:00,17931.0
2009-09-24 13:00:00,17906.0
2009-09-24 14:00:00,17682.0
2009-09-24 15:00:00,17422.0
2009-09-24 16:00:00,17223.0
2009-09-24 17:00:00,16916.0
2009-09-24 18:00:00,16789.0
2009-09-24 19:00:00,17186.0
2009-09-24 20:00:00,16454.0
2009-09-24 21:00:00,15144.0
2009-09-24 22:00:00,13485.0
2009-09-24 23:00:00,11988.0
2009-09-25 00:00:00,10952.0
2009-09-25 01:00:00,10378.0
2009-09-25 02:00:00,10036.0
2009-09-25 03:00:00,9889.0
2009-09-25 04:00:00,10092.0
2009-09-25 05:00:00,10977.0
2009-09-25 06:00:00,12753.0
2009-09-25 07:00:00,13921.0
2009-09-25 08:00:00,14522.0
2009-09-25 09:00:00,14925.0
2009-09-25 10:00:00,15245.0
2009-09-25 11:00:00,15283.0
2009-09-25 12:00:00,15223.0
2009-09-25 13:00:00,15214.0
2009-09-25 14:00:00,15036.0
2009-09-25 15:00:00,14844.0
2009-09-25 16:00:00,14702.0
2009-09-25 17:00:00,14551.0
2009-09-25 18:00:00,14610.0
2009-09-25 19:00:00,15040.0
2009-09-25 20:00:00,14501.0
2009-09-25 21:00:00,13600.0
2009-09-25 22:00:00,12418.0
2009-09-25 23:00:00,11181.0
2009-09-26 00:00:00,10244.0
2009-09-26 01:00:00,9727.0
2009-09-26 02:00:00,9414.0
2009-09-26 03:00:00,9289.0
2009-09-26 04:00:00,9332.0
2009-09-26 05:00:00,9705.0
2009-09-26 06:00:00,10343.0
2009-09-26 07:00:00,11222.0
2009-09-26 08:00:00,12315.0
2009-09-26 09:00:00,12965.0
2009-09-26 10:00:00,13238.0
2009-09-26 11:00:00,13253.0
2009-09-26 12:00:00,13115.0
2009-09-26 13:00:00,12912.0
2009-09-26 14:00:00,12738.0
2009-09-26 15:00:00,12650.0
2009-09-26 16:00:00,12754.0
2009-09-26 17:00:00,12970.0
2009-09-26 18:00:00,13488.0
2009-09-26 19:00:00,13999.0
2009-09-26 20:00:00,13571.0
2009-09-26 21:00:00,12848.0
2009-09-26 22:00:00,11845.0
2009-09-26 23:00:00,10811.0
2009-09-27 00:00:00,10002.0
2009-09-27 01:00:00,9509.0
2009-09-27 02:00:00,9222.0
2009-09-27 03:00:00,9085.0
2009-09-27 04:00:00,9106.0
2009-09-27 05:00:00,9332.0
2009-09-27 06:00:00,9796.0
2009-09-27 07:00:00,10511.0
2009-09-27 08:00:00,11653.0
2009-09-27 09:00:00,12654.0
2009-09-27 10:00:00,13327.0
2009-09-27 11:00:00,13740.0
2009-09-27 12:00:00,13962.0
2009-09-27 13:00:00,13961.0
2009-09-27 14:00:00,13877.0
2009-09-27 15:00:00,13851.0
2009-09-27 16:00:00,14085.0
2009-09-27 17:00:00,14447.0
2009-09-27 18:00:00,14883.0
2009-09-27 19:00:00,15090.0
2009-09-27 20:00:00,14462.0
2009-09-27 21:00:00,13448.0
2009-09-27 22:00:00,12230.0
2009-09-27 23:00:00,11101.0
2009-09-28 00:00:00,10305.0
2009-09-28 01:00:00,9846.0
2009-09-28 02:00:00,9618.0
2009-09-28 03:00:00,9571.0
2009-09-28 04:00:00,9842.0
2009-09-28 05:00:00,10801.0
2009-09-28 06:00:00,12643.0
2009-09-28 07:00:00,13897.0
2009-09-28 08:00:00,14664.0
2009-09-28 09:00:00,15273.0
2009-09-28 10:00:00,15722.0
2009-09-28 11:00:00,15971.0
2009-09-28 12:00:00,16032.0
2009-09-28 13:00:00,16116.0
2009-09-28 14:00:00,16011.0
2009-09-28 15:00:00,15825.0
2009-09-28 16:00:00,15768.0
2009-09-28 17:00:00,15905.0
2009-09-28 18:00:00,16366.0
2009-09-28 19:00:00,16609.0
2009-09-28 20:00:00,15860.0
2009-09-28 21:00:00,14587.0
2009-09-28 22:00:00,12984.0
2009-09-28 23:00:00,11594.0
2009-09-29 00:00:00,10649.0
2009-09-29 01:00:00,10125.0
2009-09-29 02:00:00,9833.0
2009-09-29 03:00:00,9726.0
2009-09-29 04:00:00,9959.0
2009-09-29 05:00:00,10899.0
2009-09-29 06:00:00,12843.0
2009-09-29 07:00:00,14012.0
2009-09-29 08:00:00,14544.0
2009-09-29 09:00:00,14975.0
2009-09-29 10:00:00,15320.0
2009-09-29 11:00:00,15467.0
2009-09-29 12:00:00,15488.0
2009-09-29 13:00:00,15533.0
2009-09-29 14:00:00,15325.0
2009-09-29 15:00:00,15210.0
2009-09-29 16:00:00,15220.0
2009-09-29 17:00:00,15396.0
2009-09-29 18:00:00,15850.0
2009-09-29 19:00:00,16134.0
2009-09-29 20:00:00,15406.0
2009-09-29 21:00:00,14187.0
2009-09-29 22:00:00,12659.0
2009-09-29 23:00:00,11296.0
2009-09-30 00:00:00,10392.0
2009-09-30 01:00:00,9897.0
2009-09-30 02:00:00,9620.0
2009-09-30 03:00:00,9523.0
2009-09-30 04:00:00,9768.0
2009-09-30 05:00:00,10735.0
2009-09-30 06:00:00,12712.0
2009-09-30 07:00:00,13967.0
2009-09-30 08:00:00,14439.0
2009-09-30 09:00:00,14739.0
2009-09-30 10:00:00,14977.0
2009-09-30 11:00:00,15043.0
2009-09-30 12:00:00,15014.0
2009-09-30 13:00:00,14948.0
2009-09-30 14:00:00,14799.0
2009-09-30 15:00:00,14616.0
2009-09-30 16:00:00,14656.0
2009-09-30 17:00:00,14864.0
2009-09-30 18:00:00,15433.0
2009-09-30 19:00:00,15799.0
2009-09-30 20:00:00,15174.0
2009-09-30 21:00:00,14001.0
2009-09-30 22:00:00,12466.0
2009-09-30 23:00:00,11105.0
2009-10-01 00:00:00,10285.0
2009-10-01 01:00:00,9832.0
2009-10-01 02:00:00,9603.0
2009-10-01 03:00:00,9554.0
2009-10-01 04:00:00,9826.0
2009-10-01 05:00:00,10836.0
2009-10-01 06:00:00,12895.0
2009-10-01 07:00:00,14128.0
2009-10-01 08:00:00,14535.0
2009-10-01 09:00:00,14744.0
2009-10-01 10:00:00,14927.0
2009-10-01 11:00:00,14974.0
2009-10-01 12:00:00,14892.0
2009-10-01 13:00:00,14859.0
2009-10-01 14:00:00,14689.0
2009-10-01 15:00:00,14551.0
2009-10-01 16:00:00,14646.0
2009-10-01 17:00:00,14914.0
2009-10-01 18:00:00,15567.0
2009-10-01 19:00:00,15950.0
2009-10-01 20:00:00,15327.0
2009-10-01 21:00:00,14195.0
2009-10-01 22:00:00,12707.0
2009-10-01 23:00:00,11324.0
2009-10-02 00:00:00,10458.0
2009-10-02 01:00:00,9968.0
2009-10-02 02:00:00,9726.0
2009-10-02 03:00:00,9668.0
2009-10-02 04:00:00,9939.0
2009-10-02 05:00:00,10889.0
2009-10-02 06:00:00,12894.0
2009-10-02 07:00:00,14084.0
2009-10-02 08:00:00,14496.0
2009-10-02 09:00:00,14694.0
2009-10-02 10:00:00,14897.0
2009-10-02 11:00:00,14903.0
2009-10-02 12:00:00,14822.0
2009-10-02 13:00:00,14752.0
2009-10-02 14:00:00,14557.0
2009-10-02 15:00:00,14375.0
2009-10-02 16:00:00,14389.0
2009-10-02 17:00:00,14554.0
2009-10-02 18:00:00,15109.0
2009-10-02 19:00:00,15205.0
2009-10-02 20:00:00,14630.0
2009-10-02 21:00:00,13741.0
2009-10-02 22:00:00,12554.0
2009-10-02 23:00:00,11291.0
2009-10-03 00:00:00,10397.0
2009-10-03 01:00:00,9881.0
2009-10-03 02:00:00,9586.0
2009-10-03 03:00:00,9439.0
2009-10-03 04:00:00,9492.0
2009-10-03 05:00:00,9837.0
2009-10-03 06:00:00,10596.0
2009-10-03 07:00:00,11562.0
2009-10-03 08:00:00,12809.0
2009-10-03 09:00:00,13804.0
2009-10-03 10:00:00,14336.0
2009-10-03 11:00:00,14560.0
2009-10-03 12:00:00,14555.0
2009-10-03 13:00:00,14344.0
2009-10-03 14:00:00,14126.0
2009-10-03 15:00:00,13991.0
2009-10-03 16:00:00,14130.0
2009-10-03 17:00:00,14407.0
2009-10-03 18:00:00,14749.0
2009-10-03 19:00:00,14685.0
2009-10-03 20:00:00,14192.0
2009-10-03 21:00:00,13424.0
2009-10-03 22:00:00,12376.0
2009-10-03 23:00:00,11314.0
2009-10-04 00:00:00,10435.0
2009-10-04 01:00:00,9879.0
2009-10-04 02:00:00,9542.0
2009-10-04 03:00:00,9361.0
2009-10-04 04:00:00,9330.0
2009-10-04 05:00:00,9539.0
2009-10-04 06:00:00,10010.0
2009-10-04 07:00:00,10683.0
2009-10-04 08:00:00,11759.0
2009-10-04 09:00:00,12630.0
2009-10-04 10:00:00,13128.0
2009-10-04 11:00:00,13420.0
2009-10-04 12:00:00,13521.0
2009-10-04 13:00:00,13447.0
2009-10-04 14:00:00,13320.0
2009-10-04 15:00:00,13303.0
2009-10-04 16:00:00,13447.0
2009-10-04 17:00:00,13825.0
2009-10-04 18:00:00,14605.0
2009-10-04 19:00:00,15034.0
2009-10-04 20:00:00,14385.0
2009-10-04 21:00:00,13250.0
2009-10-04 22:00:00,11943.0
2009-10-04 23:00:00,10786.0
2009-10-05 00:00:00,9971.0
2009-10-05 01:00:00,9495.0
2009-10-05 02:00:00,9302.0
2009-10-05 03:00:00,9250.0
2009-10-05 04:00:00,9578.0
2009-10-05 05:00:00,10589.0
2009-10-05 06:00:00,12631.0
2009-10-05 07:00:00,13880.0
2009-10-05 08:00:00,14378.0
2009-10-05 09:00:00,14764.0
2009-10-05 10:00:00,15103.0
2009-10-05 11:00:00,15238.0
2009-10-05 12:00:00,15241.0
2009-10-05 13:00:00,15225.0
2009-10-05 14:00:00,15054.0
2009-10-05 15:00:00,14865.0
2009-10-05 16:00:00,14867.0
2009-10-05 17:00:00,15044.0
2009-10-05 18:00:00,15735.0
2009-10-05 19:00:00,16025.0
2009-10-05 20:00:00,15258.0
2009-10-05 21:00:00,14072.0
2009-10-05 22:00:00,12558.0
2009-10-05 23:00:00,11169.0
2009-10-06 00:00:00,10266.0
2009-10-06 01:00:00,9784.0
2009-10-06 02:00:00,9545.0
2009-10-06 03:00:00,9475.0
2009-10-06 04:00:00,9735.0
2009-10-06 05:00:00,10754.0
2009-10-06 06:00:00,12822.0
2009-10-06 07:00:00,13979.0
2009-10-06 08:00:00,14393.0
2009-10-06 09:00:00,14670.0
2009-10-06 10:00:00,14951.0
2009-10-06 11:00:00,15082.0
2009-10-06 12:00:00,15073.0
2009-10-06 13:00:00,15112.0
2009-10-06 14:00:00,14962.0
2009-10-06 15:00:00,14803.0
2009-10-06 16:00:00,14803.0
2009-10-06 17:00:00,14995.0
2009-10-06 18:00:00,15795.0
2009-10-06 19:00:00,16068.0
2009-10-06 20:00:00,15331.0
2009-10-06 21:00:00,14161.0
2009-10-06 22:00:00,12624.0
2009-10-06 23:00:00,11246.0
2009-10-07 00:00:00,10352.0
2009-10-07 01:00:00,9893.0
2009-10-07 02:00:00,9634.0
2009-10-07 03:00:00,9602.0
2009-10-07 04:00:00,9872.0
2009-10-07 05:00:00,10870.0
2009-10-07 06:00:00,12998.0
2009-10-07 07:00:00,14546.0
2009-10-07 08:00:00,15089.0
2009-10-07 09:00:00,15435.0
2009-10-07 10:00:00,15726.0
2009-10-07 11:00:00,15762.0
2009-10-07 12:00:00,15536.0
2009-10-07 13:00:00,15442.0
2009-10-07 14:00:00,15179.0
2009-10-07 15:00:00,14940.0
2009-10-07 16:00:00,14934.0
2009-10-07 17:00:00,15122.0
2009-10-07 18:00:00,15784.0
2009-10-07 19:00:00,15965.0
2009-10-07 20:00:00,15307.0
2009-10-07 21:00:00,14111.0
2009-10-07 22:00:00,12581.0
2009-10-07 23:00:00,11226.0
2009-10-08 00:00:00,10332.0
2009-10-08 01:00:00,9843.0
2009-10-08 02:00:00,9582.0
2009-10-08 03:00:00,9543.0
2009-10-08 04:00:00,9816.0
2009-10-08 05:00:00,10804.0
2009-10-08 06:00:00,12871.0
2009-10-08 07:00:00,14021.0
2009-10-08 08:00:00,14454.0
2009-10-08 09:00:00,14737.0
2009-10-08 10:00:00,14968.0
2009-10-08 11:00:00,15023.0
2009-10-08 12:00:00,14974.0
2009-10-08 13:00:00,14952.0
2009-10-08 14:00:00,14796.0
2009-10-08 15:00:00,14611.0
2009-10-08 16:00:00,14586.0
2009-10-08 17:00:00,14739.0
2009-10-08 18:00:00,15610.0
2009-10-08 19:00:00,15849.0
2009-10-08 20:00:00,15221.0
2009-10-08 21:00:00,14103.0
2009-10-08 22:00:00,12650.0
2009-10-08 23:00:00,11299.0
2009-10-09 00:00:00,10375.0
2009-10-09 01:00:00,9850.0
2009-10-09 02:00:00,9595.0
2009-10-09 03:00:00,9542.0
2009-10-09 04:00:00,9800.0
2009-10-09 05:00:00,10715.0
2009-10-09 06:00:00,12643.0
2009-10-09 07:00:00,13932.0
2009-10-09 08:00:00,14524.0
2009-10-09 09:00:00,14864.0
2009-10-09 10:00:00,15116.0
2009-10-09 11:00:00,15213.0
2009-10-09 12:00:00,15189.0
2009-10-09 13:00:00,15172.0
2009-10-09 14:00:00,15029.0
2009-10-09 15:00:00,14873.0
2009-10-09 16:00:00,14984.0
2009-10-09 17:00:00,15310.0
2009-10-09 18:00:00,15688.0
2009-10-09 19:00:00,15448.0
2009-10-09 20:00:00,14809.0
2009-10-09 21:00:00,13892.0
2009-10-09 22:00:00,12726.0
2009-10-09 23:00:00,11506.0
2009-10-10 00:00:00,10562.0
2009-10-10 01:00:00,9983.0
2009-10-10 02:00:00,9647.0
2009-10-10 03:00:00,9496.0
2009-10-10 04:00:00,9535.0
2009-10-10 05:00:00,9892.0
2009-10-10 06:00:00,10642.0
2009-10-10 07:00:00,11476.0
2009-10-10 08:00:00,12547.0
2009-10-10 09:00:00,13354.0
2009-10-10 10:00:00,13733.0
2009-10-10 11:00:00,13722.0
2009-10-10 12:00:00,13549.0
2009-10-10 13:00:00,13288.0
2009-10-10 14:00:00,13002.0
2009-10-10 15:00:00,12792.0
2009-10-10 16:00:00,12836.0
2009-10-10 17:00:00,13118.0
2009-10-10 18:00:00,13953.0
2009-10-10 19:00:00,14120.0
2009-10-10 20:00:00,13634.0
2009-10-10 21:00:00,12951.0
2009-10-10 22:00:00,11997.0
2009-10-10 23:00:00,10997.0
2009-10-11 00:00:00,10180.0
2009-10-11 01:00:00,9670.0
2009-10-11 02:00:00,9387.0
2009-10-11 03:00:00,9265.0
2009-10-11 04:00:00,9307.0
2009-10-11 05:00:00,9553.0
2009-10-11 06:00:00,10074.0
2009-10-11 07:00:00,10715.0
2009-10-11 08:00:00,11765.0
2009-10-11 09:00:00,12485.0
2009-10-11 10:00:00,12810.0
2009-10-11 11:00:00,12894.0
2009-10-11 12:00:00,12870.0
2009-10-11 13:00:00,12720.0
2009-10-11 14:00:00,12564.0
2009-10-11 15:00:00,12507.0
2009-10-11 16:00:00,12749.0
2009-10-11 17:00:00,13186.0
2009-10-11 18:00:00,14091.0
2009-10-11 19:00:00,14259.0
2009-10-11 20:00:00,13800.0
2009-10-11 21:00:00,12917.0
2009-10-11 22:00:00,11852.0
2009-10-11 23:00:00,10807.0
2009-10-12 00:00:00,10049.0
2009-10-12 01:00:00,9644.0
2009-10-12 02:00:00,9428.0
2009-10-12 03:00:00,9424.0
2009-10-12 04:00:00,9686.0
2009-10-12 05:00:00,10420.0
2009-10-12 06:00:00,11704.0
2009-10-12 07:00:00,12806.0
2009-10-12 08:00:00,13735.0
2009-10-12 09:00:00,14340.0
2009-10-12 10:00:00,14610.0
2009-10-12 11:00:00,14612.0
2009-10-12 12:00:00,14442.0
2009-10-12 13:00:00,14293.0
2009-10-12 14:00:00,14127.0
2009-10-12 15:00:00,14024.0
2009-10-12 16:00:00,14230.0
2009-10-12 17:00:00,14876.0
2009-10-12 18:00:00,15896.0
2009-10-12 19:00:00,15881.0
2009-10-12 20:00:00,15146.0
2009-10-12 21:00:00,13987.0
2009-10-12 22:00:00,12499.0
2009-10-12 23:00:00,11173.0
2009-10-13 00:00:00,10282.0
2009-10-13 01:00:00,9821.0
2009-10-13 02:00:00,9608.0
2009-10-13 03:00:00,9585.0
2009-10-13 04:00:00,9886.0
2009-10-13 05:00:00,10940.0
2009-10-13 06:00:00,13070.0
2009-10-13 07:00:00,14546.0
2009-10-13 08:00:00,15033.0
2009-10-13 09:00:00,15368.0
2009-10-13 10:00:00,15609.0
2009-10-13 11:00:00,15622.0
2009-10-13 12:00:00,15500.0
2009-10-13 13:00:00,15362.0
2009-10-13 14:00:00,15133.0
2009-10-13 15:00:00,14959.0
2009-10-13 16:00:00,15008.0
2009-10-13 17:00:00,15427.0
2009-10-13 18:00:00,16357.0
2009-10-13 19:00:00,16340.0
2009-10-13 20:00:00,15629.0
2009-10-13 21:00:00,14485.0
2009-10-13 22:00:00,12949.0
2009-10-13 23:00:00,11571.0
2009-10-14 00:00:00,10681.0
2009-10-14 01:00:00,10236.0
2009-10-14 02:00:00,10038.0
2009-10-14 03:00:00,10034.0
2009-10-14 04:00:00,10343.0
2009-10-14 05:00:00,11462.0
2009-10-14 06:00:00,13668.0
2009-10-14 07:00:00,14873.0
2009-10-14 08:00:00,15129.0
2009-10-14 09:00:00,15215.0
2009-10-14 10:00:00,15262.0
2009-10-14 11:00:00,15207.0
2009-10-14 12:00:00,15049.0
2009-10-14 13:00:00,14962.0
2009-10-14 14:00:00,14794.0
2009-10-14 15:00:00,14672.0
2009-10-14 16:00:00,14823.0
2009-10-14 17:00:00,15314.0
2009-10-14 18:00:00,16366.0
2009-10-14 19:00:00,16456.0
2009-10-14 20:00:00,15822.0
2009-10-14 21:00:00,14686.0
2009-10-14 22:00:00,13141.0
2009-10-14 23:00:00,11780.0
2009-10-15 00:00:00,10927.0
2009-10-15 01:00:00,10474.0
2009-10-15 02:00:00,10273.0
2009-10-15 03:00:00,10272.0
2009-10-15 04:00:00,10564.0
2009-10-15 05:00:00,11655.0
2009-10-15 06:00:00,13881.0
2009-10-15 07:00:00,15141.0
2009-10-15 08:00:00,15408.0
2009-10-15 09:00:00,15571.0
2009-10-15 10:00:00,15676.0
2009-10-15 11:00:00,15691.0
2009-10-15 12:00:00,15610.0
2009-10-15 13:00:00,15560.0
2009-10-15 14:00:00,15444.0
2009-10-15 15:00:00,15404.0
2009-10-15 16:00:00,15700.0
2009-10-15 17:00:00,16290.0
2009-10-15 18:00:00,17086.0
2009-10-15 19:00:00,16947.0
2009-10-15 20:00:00,16297.0
2009-10-15 21:00:00,15146.0
2009-10-15 22:00:00,13603.0
2009-10-15 23:00:00,12203.0
2009-10-16 00:00:00,11286.0
2009-10-16 01:00:00,10808.0
2009-10-16 02:00:00,10569.0
2009-10-16 03:00:00,10526.0
2009-10-16 04:00:00,10807.0
2009-10-16 05:00:00,11839.0
2009-10-16 06:00:00,13940.0
2009-10-16 07:00:00,15266.0
2009-10-16 08:00:00,15641.0
2009-10-16 09:00:00,15864.0
2009-10-16 10:00:00,15971.0
2009-10-16 11:00:00,15852.0
2009-10-16 12:00:00,15629.0
2009-10-16 13:00:00,15481.0
2009-10-16 14:00:00,15198.0
2009-10-16 15:00:00,14991.0
2009-10-16 16:00:00,15039.0
2009-10-16 17:00:00,15359.0
2009-10-16 18:00:00,16116.0
2009-10-16 19:00:00,15935.0
2009-10-16 20:00:00,15352.0
2009-10-16 21:00:00,14505.0
2009-10-16 22:00:00,13291.0
2009-10-16 23:00:00,12047.0
2009-10-17 00:00:00,11112.0
2009-10-17 01:00:00,10586.0
2009-10-17 02:00:00,10303.0
2009-10-17 03:00:00,10213.0
2009-10-17 04:00:00,10280.0
2009-10-17 05:00:00,10686.0
2009-10-17 06:00:00,11501.0
2009-10-17 07:00:00,12375.0
2009-10-17 08:00:00,13351.0
2009-10-17 09:00:00,13926.0
2009-10-17 10:00:00,14053.0
2009-10-17 11:00:00,13960.0
2009-10-17 12:00:00,13784.0
2009-10-17 13:00:00,13492.0
2009-10-17 14:00:00,13305.0
2009-10-17 15:00:00,13258.0
2009-10-17 16:00:00,13483.0
2009-10-17 17:00:00,14040.0
2009-10-17 18:00:00,14919.0
2009-10-17 19:00:00,14741.0
2009-10-17 20:00:00,14245.0
2009-10-17 21:00:00,13545.0
2009-10-17 22:00:00,12608.0
2009-10-17 23:00:00,11593.0
2009-10-18 00:00:00,10749.0
2009-10-18 01:00:00,10219.0
2009-10-18 02:00:00,9905.0
2009-10-18 03:00:00,9763.0
2009-10-18 04:00:00,9762.0
2009-10-18 05:00:00,9998.0
2009-10-18 06:00:00,10539.0
2009-10-18 07:00:00,11313.0
2009-10-18 08:00:00,12419.0
2009-10-18 09:00:00,13424.0
2009-10-18 10:00:00,14082.0
2009-10-18 11:00:00,14525.0
2009-10-18 12:00:00,14751.0
2009-10-18 13:00:00,14737.0
2009-10-18 14:00:00,14650.0
2009-10-18 15:00:00,14718.0
2009-10-18 16:00:00,15025.0
2009-10-18 17:00:00,15562.0
2009-10-18 18:00:00,16178.0
2009-10-18 19:00:00,15895.0
2009-10-18 20:00:00,15252.0
2009-10-18 21:00:00,14205.0
2009-10-18 22:00:00,12872.0
2009-10-18 23:00:00,11679.0
2009-10-19 00:00:00,10874.0
2009-10-19 01:00:00,10467.0
2009-10-19 02:00:00,10271.0
2009-10-19 03:00:00,10259.0
2009-10-19 04:00:00,10589.0
2009-10-19 05:00:00,11740.0
2009-10-19 06:00:00,13977.0
2009-10-19 07:00:00,15215.0
2009-10-19 08:00:00,15459.0
2009-10-19 09:00:00,15576.0
2009-10-19 10:00:00,15630.0
2009-10-19 11:00:00,15518.0
2009-10-19 12:00:00,15310.0
2009-10-19 13:00:00,15154.0
2009-10-19 14:00:00,14919.0
2009-10-19 15:00:00,14727.0
2009-10-19 16:00:00,14827.0
2009-10-19 17:00:00,15343.0
2009-10-19 18:00:00,16479.0
2009-10-19 19:00:00,16463.0
2009-10-19 20:00:00,15841.0
2009-10-19 21:00:00,14735.0
2009-10-19 22:00:00,13255.0
2009-10-19 23:00:00,11915.0
2009-10-20 00:00:00,11047.0
2009-10-20 01:00:00,10601.0
2009-10-20 02:00:00,10425.0
2009-10-20 03:00:00,10416.0
2009-10-20 04:00:00,10734.0
2009-10-20 05:00:00,11885.0
2009-10-20 06:00:00,14087.0
2009-10-20 07:00:00,15271.0
2009-10-20 08:00:00,15472.0
2009-10-20 09:00:00,15504.0
2009-10-20 10:00:00,15522.0
2009-10-20 11:00:00,15453.0
2009-10-20 12:00:00,15283.0
2009-10-20 13:00:00,15174.0
2009-10-20 14:00:00,14964.0
2009-10-20 15:00:00,14833.0
2009-10-20 16:00:00,14903.0
2009-10-20 17:00:00,15318.0
2009-10-20 18:00:00,16376.0
2009-10-20 19:00:00,16287.0
2009-10-20 20:00:00,15573.0
2009-10-20 21:00:00,14413.0
2009-10-20 22:00:00,12905.0
2009-10-20 23:00:00,11574.0
2009-10-21 00:00:00,10627.0
2009-10-21 01:00:00,10154.0
2009-10-21 02:00:00,9937.0
2009-10-21 03:00:00,9898.0
2009-10-21 04:00:00,10172.0
2009-10-21 05:00:00,11221.0
2009-10-21 06:00:00,13409.0
2009-10-21 07:00:00,14651.0
2009-10-21 08:00:00,14921.0
2009-10-21 09:00:00,15034.0
2009-10-21 10:00:00,15184.0
2009-10-21 11:00:00,15233.0
2009-10-21 12:00:00,15154.0
2009-10-21 13:00:00,15166.0
2009-10-21 14:00:00,15012.0
2009-10-21 15:00:00,14873.0
2009-10-21 16:00:00,14946.0
2009-10-21 17:00:00,15366.0
2009-10-21 18:00:00,16279.0
2009-10-21 19:00:00,16122.0
2009-10-21 20:00:00,15427.0
2009-10-21 21:00:00,14273.0
2009-10-21 22:00:00,12801.0
2009-10-21 23:00:00,11421.0
2009-10-22 00:00:00,10516.0
2009-10-22 01:00:00,10057.0
2009-10-22 02:00:00,9810.0
2009-10-22 03:00:00,9751.0
2009-10-22 04:00:00,9985.0
2009-10-22 05:00:00,11035.0
2009-10-22 06:00:00,13174.0
2009-10-22 07:00:00,14445.0
2009-10-22 08:00:00,14775.0
2009-10-22 09:00:00,15007.0
2009-10-22 10:00:00,15194.0
2009-10-22 11:00:00,15277.0
2009-10-22 12:00:00,15243.0
2009-10-22 13:00:00,15277.0
2009-10-22 14:00:00,15112.0
2009-10-22 15:00:00,14925.0
2009-10-22 16:00:00,14953.0
2009-10-22 17:00:00,15371.0
2009-10-22 18:00:00,16262.0
2009-10-22 19:00:00,16117.0
2009-10-22 20:00:00,15439.0
2009-10-22 21:00:00,14306.0
2009-10-22 22:00:00,12824.0
2009-10-22 23:00:00,11495.0
2009-10-23 00:00:00,10519.0
2009-10-23 01:00:00,10010.0
2009-10-23 02:00:00,9744.0
2009-10-23 03:00:00,9664.0
2009-10-23 04:00:00,9900.0
2009-10-23 05:00:00,10878.0
2009-10-23 06:00:00,12952.0
2009-10-23 07:00:00,14227.0
2009-10-23 08:00:00,14623.0
2009-10-23 09:00:00,14904.0
2009-10-23 10:00:00,15068.0
2009-10-23 11:00:00,15017.0
2009-10-23 12:00:00,14878.0
2009-10-23 13:00:00,14753.0
2009-10-23 14:00:00,14545.0
2009-10-23 15:00:00,14417.0
2009-10-23 16:00:00,14563.0
2009-10-23 17:00:00,15128.0
2009-10-23 18:00:00,15837.0
2009-10-23 19:00:00,15474.0
2009-10-23 20:00:00,14865.0
2009-10-23 21:00:00,14030.0
2009-10-23 22:00:00,12884.0
2009-10-23 23:00:00,11752.0
2009-10-24 00:00:00,10839.0
2009-10-24 01:00:00,10300.0
2009-10-24 02:00:00,9998.0
2009-10-24 03:00:00,9851.0
2009-10-24 04:00:00,9894.0
2009-10-24 05:00:00,10239.0
2009-10-24 06:00:00,10958.0
2009-10-24 07:00:00,11863.0
2009-10-24 08:00:00,12992.0
2009-10-24 09:00:00,13929.0
2009-10-24 10:00:00,14414.0
2009-10-24 11:00:00,14559.0
2009-10-24 12:00:00,14485.0
2009-10-24 13:00:00,14303.0
2009-10-24 14:00:00,14125.0
2009-10-24 15:00:00,14024.0
2009-10-24 16:00:00,14170.0
2009-10-24 17:00:00,14716.0
2009-10-24 18:00:00,15161.0
2009-10-24 19:00:00,14752.0
2009-10-24 20:00:00,14204.0
2009-10-24 21:00:00,13461.0
2009-10-24 22:00:00,12494.0
2009-10-24 23:00:00,11461.0
2009-10-25 00:00:00,10570.0
2009-10-25 01:00:00,9969.0
2009-10-25 02:00:00,9613.0
2009-10-25 03:00:00,9388.0
2009-10-25 04:00:00,9337.0
2009-10-25 05:00:00,9487.0
2009-10-25 06:00:00,9959.0
2009-10-25 07:00:00,10509.0
2009-10-25 08:00:00,11490.0
2009-10-25 09:00:00,12317.0
2009-10-25 10:00:00,12732.0
2009-10-25 11:00:00,12942.0
2009-10-25 12:00:00,12958.0
2009-10-25 13:00:00,12828.0
2009-10-25 14:00:00,12666.0
2009-10-25 15:00:00,12619.0
2009-10-25 16:00:00,12914.0
2009-10-25 17:00:00,13632.0
2009-10-25 18:00:00,14873.0
2009-10-25 19:00:00,14753.0
2009-10-25 20:00:00,14158.0
2009-10-25 21:00:00,13144.0
2009-10-25 22:00:00,11934.0
2009-10-25 23:00:00,10853.0
2009-10-26 00:00:00,10072.0
2009-10-26 01:00:00,9642.0
2009-10-26 02:00:00,9453.0
2009-10-26 03:00:00,9452.0
2009-10-26 04:00:00,9807.0
2009-10-26 05:00:00,10933.0
2009-10-26 06:00:00,13175.0
2009-10-26 07:00:00,14513.0
2009-10-26 08:00:00,14840.0
2009-10-26 09:00:00,14973.0
2009-10-26 10:00:00,15111.0
2009-10-26 11:00:00,15103.0
2009-10-26 12:00:00,14999.0
2009-10-26 13:00:00,14936.0
2009-10-26 14:00:00,14745.0
2009-10-26 15:00:00,14591.0
2009-10-26 16:00:00,14673.0
2009-10-26 17:00:00,15287.0
2009-10-26 18:00:00,16416.0
2009-10-26 19:00:00,16190.0
2009-10-26 20:00:00,15455.0
2009-10-26 21:00:00,14303.0
2009-10-26 22:00:00,12791.0
2009-10-26 23:00:00,11489.0
2009-10-27 00:00:00,10624.0
2009-10-27 01:00:00,10195.0
2009-10-27 02:00:00,9984.0
2009-10-27 03:00:00,9955.0
2009-10-27 04:00:00,10246.0
2009-10-27 05:00:00,11318.0
2009-10-27 06:00:00,13509.0
2009-10-27 07:00:00,14912.0
2009-10-27 08:00:00,15199.0
2009-10-27 09:00:00,15365.0
2009-10-27 10:00:00,15579.0
2009-10-27 11:00:00,15599.0
2009-10-27 12:00:00,15495.0
2009-10-27 13:00:00,15394.0
2009-10-27 14:00:00,15291.0
2009-10-27 15:00:00,15304.0
2009-10-27 16:00:00,15634.0
2009-10-27 17:00:00,16360.0
2009-10-27 18:00:00,16840.0
2009-10-27 19:00:00,16438.0
2009-10-27 20:00:00,15693.0
2009-10-27 21:00:00,14502.0
2009-10-27 22:00:00,12962.0
2009-10-27 23:00:00,11608.0
2009-10-28 00:00:00,10695.0
2009-10-28 01:00:00,10224.0
2009-10-28 02:00:00,9979.0
2009-10-28 03:00:00,9909.0
2009-10-28 04:00:00,10168.0
2009-10-28 05:00:00,11219.0
2009-10-28 06:00:00,13382.0
2009-10-28 07:00:00,14917.0
2009-10-28 08:00:00,15243.0
2009-10-28 09:00:00,15467.0
2009-10-28 10:00:00,15675.0
2009-10-28 11:00:00,15740.0
2009-10-28 12:00:00,15683.0
2009-10-28 13:00:00,15671.0
2009-10-28 14:00:00,15567.0
2009-10-28 15:00:00,15624.0
2009-10-28 16:00:00,15983.0
2009-10-28 17:00:00,16556.0
2009-10-28 18:00:00,16947.0
2009-10-28 19:00:00,16540.0
2009-10-28 20:00:00,15821.0
2009-10-28 21:00:00,14656.0
2009-10-28 22:00:00,13141.0
2009-10-28 23:00:00,11812.0
2009-10-29 00:00:00,10883.0
2009-10-29 01:00:00,10379.0
2009-10-29 02:00:00,10115.0
2009-10-29 03:00:00,10056.0
2009-10-29 04:00:00,10328.0
2009-10-29 05:00:00,11418.0
2009-10-29 06:00:00,13604.0
2009-10-29 07:00:00,14946.0
2009-10-29 08:00:00,15141.0
2009-10-29 09:00:00,15241.0
2009-10-29 10:00:00,15305.0
2009-10-29 11:00:00,15252.0
2009-10-29 12:00:00,15115.0
2009-10-29 13:00:00,14993.0
2009-10-29 14:00:00,14802.0
2009-10-29 15:00:00,14651.0
2009-10-29 16:00:00,14712.0
2009-10-29 17:00:00,15281.0
2009-10-29 18:00:00,16367.0
2009-10-29 19:00:00,16205.0
2009-10-29 20:00:00,15597.0
2009-10-29 21:00:00,14536.0
2009-10-29 22:00:00,13051.0
2009-10-29 23:00:00,11705.0
2009-10-30 00:00:00,10765.0
2009-10-30 01:00:00,10252.0
2009-10-30 02:00:00,9975.0
2009-10-30 03:00:00,9898.0
2009-10-30 04:00:00,10149.0
2009-10-30 05:00:00,11152.0
2009-10-30 06:00:00,13229.0
2009-10-30 07:00:00,14635.0
2009-10-30 08:00:00,14916.0
2009-10-30 09:00:00,15069.0
2009-10-30 10:00:00,15152.0
2009-10-30 11:00:00,15086.0
2009-10-30 12:00:00,14899.0
2009-10-30 13:00:00,14784.0
2009-10-30 14:00:00,14542.0
2009-10-30 15:00:00,14373.0
2009-10-30 16:00:00,14427.0
2009-10-30 17:00:00,14973.0
2009-10-30 18:00:00,15718.0
2009-10-30 19:00:00,15305.0
2009-10-30 20:00:00,14703.0
2009-10-30 21:00:00,13874.0
2009-10-30 22:00:00,12715.0
2009-10-30 23:00:00,11524.0
2009-10-31 00:00:00,10606.0
2009-10-31 01:00:00,10068.0
2009-10-31 02:00:00,9755.0
2009-10-31 03:00:00,9601.0
2009-10-31 04:00:00,9638.0
2009-10-31 05:00:00,9987.0
2009-10-31 06:00:00,10719.0
2009-10-31 07:00:00,11622.0
2009-10-31 08:00:00,12678.0
2009-10-31 09:00:00,13483.0
2009-10-31 10:00:00,13890.0
2009-10-31 11:00:00,14003.0
2009-10-31 12:00:00,13936.0
2009-10-31 13:00:00,13798.0
2009-10-31 14:00:00,13637.0
2009-10-31 15:00:00,13565.0
2009-10-31 16:00:00,13758.0
2009-10-31 17:00:00,14237.0
2009-10-31 18:00:00,14489.0
2009-10-31 19:00:00,14078.0
2009-10-31 20:00:00,13713.0
2009-10-31 21:00:00,13058.0
2009-10-31 22:00:00,12109.0
2009-10-31 23:00:00,11119.0
2009-11-01 00:00:00,10260.0
2009-11-01 01:00:00,19042.0
2009-11-01 02:00:00,9140.0
2009-11-01 03:00:00,9086.0
2009-11-01 04:00:00,9158.0
2009-11-01 05:00:00,9469.0
2009-11-01 06:00:00,10033.0
2009-11-01 07:00:00,10976.0
2009-11-01 08:00:00,12048.0
2009-11-01 09:00:00,12689.0
2009-11-01 10:00:00,12934.0
2009-11-01 11:00:00,13055.0
2009-11-01 12:00:00,13041.0
2009-11-01 13:00:00,12936.0
2009-11-01 14:00:00,12842.0
2009-11-01 15:00:00,12978.0
2009-11-01 16:00:00,13902.0
2009-11-01 17:00:00,15419.0
2009-11-01 18:00:00,15278.0
2009-11-01 19:00:00,14722.0
2009-11-01 20:00:00,13967.0
2009-11-01 21:00:00,12926.0
2009-11-01 22:00:00,11754.0
2009-11-01 23:00:00,10803.0
2009-11-02 00:00:00,10105.0
2009-11-02 01:00:00,9775.0
2009-11-02 02:00:00,9658.0
2009-11-02 03:00:00,9731.0
2009-11-02 04:00:00,10150.0
2009-11-02 05:00:00,11407.0
2009-11-02 06:00:00,13384.0
2009-11-02 07:00:00,14525.0
2009-11-02 08:00:00,14869.0
2009-11-02 09:00:00,15036.0
2009-11-02 10:00:00,15169.0
2009-11-02 11:00:00,15175.0
2009-11-02 12:00:00,15094.0
2009-11-02 13:00:00,15001.0
2009-11-02 14:00:00,14859.0
2009-11-02 15:00:00,14894.0
2009-11-02 16:00:00,15751.0
2009-11-02 17:00:00,17064.0
2009-11-02 18:00:00,16901.0
2009-11-02 19:00:00,16306.0
2009-11-02 20:00:00,15466.0
2009-11-02 21:00:00,14221.0
2009-11-02 22:00:00,12760.0
2009-11-02 23:00:00,11518.0
2009-11-03 00:00:00,10710.0
2009-11-03 01:00:00,10281.0
2009-11-03 02:00:00,10098.0
2009-11-03 03:00:00,10113.0
2009-11-03 04:00:00,10479.0
2009-11-03 05:00:00,11671.0
2009-11-03 06:00:00,13495.0
2009-11-03 07:00:00,14579.0
2009-11-03 08:00:00,14888.0
2009-11-03 09:00:00,15024.0
2009-11-03 10:00:00,15088.0
2009-11-03 11:00:00,15055.0
2009-11-03 12:00:00,14954.0
2009-11-03 13:00:00,14917.0
2009-11-03 14:00:00,14781.0
2009-11-03 15:00:00,14761.0
2009-11-03 16:00:00,15595.0
2009-11-03 17:00:00,16887.0
2009-11-03 18:00:00,16738.0
2009-11-03 19:00:00,16170.0
2009-11-03 20:00:00,15387.0
2009-11-03 21:00:00,14188.0
2009-11-03 22:00:00,12743.0
2009-11-03 23:00:00,11479.0
2009-11-04 00:00:00,10701.0
2009-11-04 01:00:00,10304.0
2009-11-04 02:00:00,10142.0
2009-11-04 03:00:00,10161.0
2009-11-04 04:00:00,10529.0
2009-11-04 05:00:00,11735.0
2009-11-04 06:00:00,13691.0
2009-11-04 07:00:00,14743.0
2009-11-04 08:00:00,14974.0
2009-11-04 09:00:00,15059.0
2009-11-04 10:00:00,15133.0
2009-11-04 11:00:00,15065.0
2009-11-04 12:00:00,14889.0
2009-11-04 13:00:00,14847.0
2009-11-04 14:00:00,14723.0
2009-11-04 15:00:00,14789.0
2009-11-04 16:00:00,15763.0
2009-11-04 17:00:00,17089.0
2009-11-04 18:00:00,16972.0
2009-11-04 19:00:00,16460.0
2009-11-04 20:00:00,15688.0
2009-11-04 21:00:00,14502.0
2009-11-04 22:00:00,13023.0
2009-11-04 23:00:00,11767.0
2009-11-05 00:00:00,10942.0
2009-11-05 01:00:00,10484.0
2009-11-05 02:00:00,10283.0
2009-11-05 03:00:00,10271.0
2009-11-05 04:00:00,10624.0
2009-11-05 05:00:00,11753.0
2009-11-05 06:00:00,13766.0
2009-11-05 07:00:00,14934.0
2009-11-05 08:00:00,15208.0
2009-11-05 09:00:00,15306.0
2009-11-05 10:00:00,15418.0
2009-11-05 11:00:00,15457.0
2009-11-05 12:00:00,15399.0
2009-11-05 13:00:00,15384.0
2009-11-05 14:00:00,15273.0
2009-11-05 15:00:00,15284.0
2009-11-05 16:00:00,16152.0
2009-11-05 17:00:00,17245.0
2009-11-05 18:00:00,17061.0
2009-11-05 19:00:00,16574.0
2009-11-05 20:00:00,15801.0
2009-11-05 21:00:00,14629.0
2009-11-05 22:00:00,13149.0
2009-11-05 23:00:00,11872.0
2009-11-06 00:00:00,11076.0
2009-11-06 01:00:00,10624.0
2009-11-06 02:00:00,10429.0
2009-11-06 03:00:00,10436.0
2009-11-06 04:00:00,10797.0
2009-11-06 05:00:00,11917.0
2009-11-06 06:00:00,13840.0
2009-11-06 07:00:00,14981.0
2009-11-06 08:00:00,15319.0
2009-11-06 09:00:00,15401.0
2009-11-06 10:00:00,15464.0
2009-11-06 11:00:00,15437.0
2009-11-06 12:00:00,15288.0
2009-11-06 13:00:00,15177.0
2009-11-06 14:00:00,15013.0
2009-11-06 15:00:00,14999.0
2009-11-06 16:00:00,15811.0
2009-11-06 17:00:00,16882.0
2009-11-06 18:00:00,16592.0
2009-11-06 19:00:00,16028.0
2009-11-06 20:00:00,15381.0
2009-11-06 21:00:00,14496.0
2009-11-06 22:00:00,13310.0
2009-11-06 23:00:00,12180.0
2009-11-07 00:00:00,11359.0
2009-11-07 01:00:00,10911.0
2009-11-07 02:00:00,10668.0
2009-11-07 03:00:00,10598.0
2009-11-07 04:00:00,10736.0
2009-11-07 05:00:00,11225.0
2009-11-07 06:00:00,11943.0
2009-11-07 07:00:00,12815.0
2009-11-07 08:00:00,13661.0
2009-11-07 09:00:00,14062.0
2009-11-07 10:00:00,14088.0
2009-11-07 11:00:00,13940.0
2009-11-07 12:00:00,13665.0
2009-11-07 13:00:00,13370.0
2009-11-07 14:00:00,13195.0
2009-11-07 15:00:00,13268.0
2009-11-07 16:00:00,14256.0
2009-11-07 17:00:00,15586.0
2009-11-07 18:00:00,15356.0
2009-11-07 19:00:00,14840.0
2009-11-07 20:00:00,14285.0
2009-11-07 21:00:00,13532.0
2009-11-07 22:00:00,12562.0
2009-11-07 23:00:00,11561.0
2009-11-08 00:00:00,10755.0
2009-11-08 01:00:00,10234.0
2009-11-08 02:00:00,9929.0
2009-11-08 03:00:00,9792.0
2009-11-08 04:00:00,9821.0
2009-11-08 05:00:00,10091.0
2009-11-08 06:00:00,10502.0
2009-11-08 07:00:00,11216.0
2009-11-08 08:00:00,12119.0
2009-11-08 09:00:00,12691.0
2009-11-08 10:00:00,12919.0
2009-11-08 11:00:00,13011.0
2009-11-08 12:00:00,13020.0
2009-11-08 13:00:00,12897.0
2009-11-08 14:00:00,12797.0
2009-11-08 15:00:00,12896.0
2009-11-08 16:00:00,13930.0
2009-11-08 17:00:00,15433.0
2009-11-08 18:00:00,15277.0
2009-11-08 19:00:00,14773.0
2009-11-08 20:00:00,14098.0
2009-11-08 21:00:00,13037.0
2009-11-08 22:00:00,11874.0
2009-11-08 23:00:00,10850.0
2009-11-09 00:00:00,10200.0
2009-11-09 01:00:00,9843.0
2009-11-09 02:00:00,9725.0
2009-11-09 03:00:00,9786.0
2009-11-09 04:00:00,10216.0
2009-11-09 05:00:00,11423.0
2009-11-09 06:00:00,13443.0
2009-11-09 07:00:00,14560.0
2009-11-09 08:00:00,14861.0
2009-11-09 09:00:00,14989.0
2009-11-09 10:00:00,15150.0
2009-11-09 11:00:00,15151.0
2009-11-09 12:00:00,15050.0
2009-11-09 13:00:00,15002.0
2009-11-09 14:00:00,14815.0
2009-11-09 15:00:00,14807.0
2009-11-09 16:00:00,15831.0
2009-11-09 17:00:00,17001.0
2009-11-09 18:00:00,16733.0
2009-11-09 19:00:00,16105.0
2009-11-09 20:00:00,15249.0
2009-11-09 21:00:00,13974.0
2009-11-09 22:00:00,12486.0
2009-11-09 23:00:00,11178.0
2009-11-10 00:00:00,10358.0
2009-11-10 01:00:00,9925.0
2009-11-10 02:00:00,9709.0
2009-11-10 03:00:00,9668.0
2009-11-10 04:00:00,10021.0
2009-11-10 05:00:00,11083.0
2009-11-10 06:00:00,13074.0
2009-11-10 07:00:00,14208.0
2009-11-10 08:00:00,14618.0
2009-11-10 09:00:00,14863.0
2009-11-10 10:00:00,15069.0
2009-11-10 11:00:00,15116.0
2009-11-10 12:00:00,15040.0
2009-11-10 13:00:00,14967.0
2009-11-10 14:00:00,14799.0
2009-11-10 15:00:00,14808.0
2009-11-10 16:00:00,15786.0
2009-11-10 17:00:00,16741.0
2009-11-10 18:00:00,16452.0
2009-11-10 19:00:00,15823.0
2009-11-10 20:00:00,15042.0
2009-11-10 21:00:00,13923.0
2009-11-10 22:00:00,12516.0
2009-11-10 23:00:00,11320.0
2009-11-11 00:00:00,10456.0
2009-11-11 01:00:00,9997.0
2009-11-11 02:00:00,9758.0
2009-11-11 03:00:00,9723.0
2009-11-11 04:00:00,9987.0
2009-11-11 05:00:00,10815.0
2009-11-11 06:00:00,12194.0
2009-11-11 07:00:00,13332.0
2009-11-11 08:00:00,14111.0
2009-11-11 09:00:00,14546.0
2009-11-11 10:00:00,14798.0
2009-11-11 11:00:00,14844.0
2009-11-11 12:00:00,14765.0
2009-11-11 13:00:00,14707.0
2009-11-11 14:00:00,14624.0
2009-11-11 15:00:00,14678.0
2009-11-11 16:00:00,15779.0
2009-11-11 17:00:00,16892.0
2009-11-11 18:00:00,16686.0
2009-11-11 19:00:00,16145.0
2009-11-11 20:00:00,15410.0
2009-11-11 21:00:00,14258.0
2009-11-11 22:00:00,12844.0
2009-11-11 23:00:00,11615.0
2009-11-12 00:00:00,10822.0
2009-11-12 01:00:00,10337.0
2009-11-12 02:00:00,10140.0
2009-11-12 03:00:00,10151.0
2009-11-12 04:00:00,10478.0
2009-11-12 05:00:00,11613.0
2009-11-12 06:00:00,13653.0
2009-11-12 07:00:00,14783.0
2009-11-12 08:00:00,15101.0
2009-11-12 09:00:00,15209.0
2009-11-12 10:00:00,15271.0
2009-11-12 11:00:00,15274.0
2009-11-12 12:00:00,15142.0
2009-11-12 13:00:00,15081.0
2009-11-12 14:00:00,14968.0
2009-11-12 15:00:00,15024.0
2009-11-12 16:00:00,16096.0
2009-11-12 17:00:00,17158.0
2009-11-12 18:00:00,16947.0
2009-11-12 19:00:00,16456.0
2009-11-12 20:00:00,15727.0
2009-11-12 21:00:00,14544.0
2009-11-12 22:00:00,13100.0
2009-11-12 23:00:00,11812.0
2009-11-13 00:00:00,10963.0
2009-11-13 01:00:00,10498.0
2009-11-13 02:00:00,10291.0
2009-11-13 03:00:00,10254.0
2009-11-13 04:00:00,10571.0
2009-11-13 05:00:00,11634.0
2009-11-13 06:00:00,13623.0
2009-11-13 07:00:00,14779.0
2009-11-13 08:00:00,15193.0
2009-11-13 09:00:00,15327.0
2009-11-13 10:00:00,15437.0
2009-11-13 11:00:00,15375.0
2009-11-13 12:00:00,15233.0
2009-11-13 13:00:00,15166.0
2009-11-13 14:00:00,15024.0
2009-11-13 15:00:00,15127.0
2009-11-13 16:00:00,16057.0
2009-11-13 17:00:00,16669.0
2009-11-13 18:00:00,16267.0
2009-11-13 19:00:00,15639.0
2009-11-13 20:00:00,14947.0
2009-11-13 21:00:00,14010.0
2009-11-13 22:00:00,12826.0
2009-11-13 23:00:00,11659.0
2009-11-14 00:00:00,10780.0
2009-11-14 01:00:00,10251.0
2009-11-14 02:00:00,9935.0
2009-11-14 03:00:00,9789.0
2009-11-14 04:00:00,9873.0
2009-11-14 05:00:00,10280.0
2009-11-14 06:00:00,11024.0
2009-11-14 07:00:00,11930.0
2009-11-14 08:00:00,13078.0
2009-11-14 09:00:00,13917.0
2009-11-14 10:00:00,14386.0
2009-11-14 11:00:00,14538.0
2009-11-14 12:00:00,14472.0
2009-11-14 13:00:00,14289.0
2009-11-14 14:00:00,14161.0
2009-11-14 15:00:00,14253.0
2009-11-14 16:00:00,15059.0
2009-11-14 17:00:00,15614.0
2009-11-14 18:00:00,15240.0
2009-11-14 19:00:00,14663.0
2009-11-14 20:00:00,14025.0
2009-11-14 21:00:00,13231.0
2009-11-14 22:00:00,12232.0
2009-11-14 23:00:00,11226.0
2009-11-15 00:00:00,10405.0
2009-11-15 01:00:00,9848.0
2009-11-15 02:00:00,9548.0
2009-11-15 03:00:00,9379.0
2009-11-15 04:00:00,9383.0
2009-11-15 05:00:00,9623.0
2009-11-15 06:00:00,10053.0
2009-11-15 07:00:00,10736.0
2009-11-15 08:00:00,11751.0
2009-11-15 09:00:00,12559.0
2009-11-15 10:00:00,13027.0
2009-11-15 11:00:00,13271.0
2009-11-15 12:00:00,13341.0
2009-11-15 13:00:00,13214.0
2009-11-15 14:00:00,13070.0
2009-11-15 15:00:00,13201.0
2009-11-15 16:00:00,14502.0
2009-11-15 17:00:00,15627.0
2009-11-15 18:00:00,15430.0
2009-11-15 19:00:00,14916.0
2009-11-15 20:00:00,14235.0
2009-11-15 21:00:00,13198.0
2009-11-15 22:00:00,12062.0
2009-11-15 23:00:00,10999.0
2009-11-16 00:00:00,10124.0
2009-11-16 01:00:00,9668.0
2009-11-16 02:00:00,9450.0
2009-11-16 03:00:00,9448.0
2009-11-16 04:00:00,9786.0
2009-11-16 05:00:00,10888.0
2009-11-16 06:00:00,12862.0
2009-11-16 07:00:00,13975.0
2009-11-16 08:00:00,14412.0
2009-11-16 09:00:00,14674.0
2009-11-16 10:00:00,14877.0
2009-11-16 11:00:00,14937.0
2009-11-16 12:00:00,14825.0
2009-11-16 13:00:00,14767.0
2009-11-16 14:00:00,14623.0
2009-11-16 15:00:00,14567.0
2009-11-16 16:00:00,15595.0
2009-11-16 17:00:00,16869.0
2009-11-16 18:00:00,16698.0
2009-11-16 19:00:00,16148.0
2009-11-16 20:00:00,15411.0
2009-11-16 21:00:00,14243.0
2009-11-16 22:00:00,12799.0
2009-11-16 23:00:00,11496.0
2009-11-17 00:00:00,10707.0
2009-11-17 01:00:00,10280.0
2009-11-17 02:00:00,10096.0
2009-11-17 03:00:00,10082.0
2009-11-17 04:00:00,10430.0
2009-11-17 05:00:00,11579.0
2009-11-17 06:00:00,13627.0
2009-11-17 07:00:00,14722.0
2009-11-17 08:00:00,14999.0
2009-11-17 09:00:00,15055.0
2009-11-17 10:00:00,14992.0
2009-11-17 11:00:00,15038.0
2009-11-17 12:00:00,14882.0
2009-11-17 13:00:00,14755.0
2009-11-17 14:00:00,14675.0
2009-11-17 15:00:00,14694.0
2009-11-17 16:00:00,15818.0
2009-11-17 17:00:00,17086.0
2009-11-17 18:00:00,16957.0
2009-11-17 19:00:00,16513.0
2009-11-17 20:00:00,15831.0
2009-11-17 21:00:00,14712.0
2009-11-17 22:00:00,13252.0
2009-11-17 23:00:00,11958.0
2009-11-18 00:00:00,11132.0
2009-11-18 01:00:00,10756.0
2009-11-18 02:00:00,10562.0
2009-11-18 03:00:00,10572.0
2009-11-18 04:00:00,10933.0
2009-11-18 05:00:00,12061.0
2009-11-18 06:00:00,14131.0
2009-11-18 07:00:00,15260.0
2009-11-18 08:00:00,15452.0
2009-11-18 09:00:00,15471.0
2009-11-18 10:00:00,15460.0
2009-11-18 11:00:00,15320.0
2009-11-18 12:00:00,15102.0
2009-11-18 13:00:00,14949.0
2009-11-18 14:00:00,14793.0
2009-11-18 15:00:00,14849.0
2009-11-18 16:00:00,15994.0
2009-11-18 17:00:00,17194.0
2009-11-18 18:00:00,17058.0
2009-11-18 19:00:00,16609.0
2009-11-18 20:00:00,15935.0
2009-11-18 21:00:00,14796.0
2009-11-18 22:00:00,13334.0
2009-11-18 23:00:00,12037.0
2009-11-19 00:00:00,11202.0
2009-11-19 01:00:00,10775.0
2009-11-19 02:00:00,10571.0
2009-11-19 03:00:00,10570.0
2009-11-19 04:00:00,10925.0
2009-11-19 05:00:00,12071.0
2009-11-19 06:00:00,14119.0
2009-11-19 07:00:00,15179.0
2009-11-19 08:00:00,15328.0
2009-11-19 09:00:00,15319.0
2009-11-19 10:00:00,15349.0
2009-11-19 11:00:00,15311.0
2009-11-19 12:00:00,15178.0
2009-11-19 13:00:00,15123.0
2009-11-19 14:00:00,15007.0
2009-11-19 15:00:00,15065.0
2009-11-19 16:00:00,16112.0
2009-11-19 17:00:00,17037.0
2009-11-19 18:00:00,16823.0
2009-11-19 19:00:00,16303.0
2009-11-19 20:00:00,15565.0
2009-11-19 21:00:00,14400.0
2009-11-19 22:00:00,12914.0
2009-11-19 23:00:00,11610.0
2009-11-20 00:00:00,10743.0
2009-11-20 01:00:00,10236.0
2009-11-20 02:00:00,9983.0
2009-11-20 03:00:00,9926.0
2009-11-20 04:00:00,10222.0
2009-11-20 05:00:00,11246.0
2009-11-20 06:00:00,13222.0
2009-11-20 07:00:00,14563.0
2009-11-20 08:00:00,15074.0
2009-11-20 09:00:00,15309.0
2009-11-20 10:00:00,15448.0
2009-11-20 11:00:00,15381.0
2009-11-20 12:00:00,15148.0
2009-11-20 13:00:00,14947.0
2009-11-20 14:00:00,14664.0
2009-11-20 15:00:00,14529.0
2009-11-20 16:00:00,15399.0
2009-11-20 17:00:00,16240.0
2009-11-20 18:00:00,15873.0
2009-11-20 19:00:00,15297.0
2009-11-20 20:00:00,14670.0
2009-11-20 21:00:00,13807.0
2009-11-20 22:00:00,12687.0
2009-11-20 23:00:00,11538.0
2009-11-21 00:00:00,10661.0
2009-11-21 01:00:00,10163.0
2009-11-21 02:00:00,9886.0
2009-11-21 03:00:00,9789.0
2009-11-21 04:00:00,9897.0
2009-11-21 05:00:00,10338.0
2009-11-21 06:00:00,11115.0
2009-11-21 07:00:00,11962.0
2009-11-21 08:00:00,12955.0
2009-11-21 09:00:00,13550.0
2009-11-21 10:00:00,13818.0
2009-11-21 11:00:00,13799.0
2009-11-21 12:00:00,13609.0
2009-11-21 13:00:00,13351.0
2009-11-21 14:00:00,13154.0
2009-11-21 15:00:00,13214.0
2009-11-21 16:00:00,14377.0
2009-11-21 17:00:00,15413.0
2009-11-21 18:00:00,15154.0
2009-11-21 19:00:00,14654.0
2009-11-21 20:00:00,14101.0
2009-11-21 21:00:00,13349.0
2009-11-21 22:00:00,12361.0
2009-11-21 23:00:00,11310.0
2009-11-22 00:00:00,10566.0
2009-11-22 01:00:00,10084.0
2009-11-22 02:00:00,9847.0
2009-11-22 03:00:00,9765.0
2009-11-22 04:00:00,9806.0
2009-11-22 05:00:00,10114.0
2009-11-22 06:00:00,10650.0
2009-11-22 07:00:00,11337.0
2009-11-22 08:00:00,12257.0
2009-11-22 09:00:00,12883.0
2009-11-22 10:00:00,13168.0
2009-11-22 11:00:00,13276.0
2009-11-22 12:00:00,13319.0
2009-11-22 13:00:00,13230.0
2009-11-22 14:00:00,13189.0
2009-11-22 15:00:00,13428.0
2009-11-22 16:00:00,14802.0
2009-11-22 17:00:00,15904.0
2009-11-22 18:00:00,15786.0
2009-11-22 19:00:00,15345.0
2009-11-22 20:00:00,14694.0
2009-11-22 21:00:00,13674.0
2009-11-22 22:00:00,12423.0
2009-11-22 23:00:00,11306.0
2009-11-23 00:00:00,10536.0
2009-11-23 01:00:00,10112.0
2009-11-23 02:00:00,9933.0
2009-11-23 03:00:00,9941.0
2009-11-23 04:00:00,10292.0
2009-11-23 05:00:00,11450.0
2009-11-23 06:00:00,13517.0
2009-11-23 07:00:00,14771.0
2009-11-23 08:00:00,15177.0
2009-11-23 09:00:00,15408.0
2009-11-23 10:00:00,15600.0
2009-11-23 11:00:00,15666.0
2009-11-23 12:00:00,15601.0
2009-11-23 13:00:00,15572.0
2009-11-23 14:00:00,15511.0
2009-11-23 15:00:00,15729.0
2009-11-23 16:00:00,16810.0
2009-11-23 17:00:00,17486.0
2009-11-23 18:00:00,17200.0
2009-11-23 19:00:00,16639.0
2009-11-23 20:00:00,15860.0
2009-11-23 21:00:00,14692.0
2009-11-23 22:00:00,13165.0
2009-11-23 23:00:00,11754.0
2009-11-24 00:00:00,10897.0
2009-11-24 01:00:00,10330.0
2009-11-24 02:00:00,10130.0
2009-11-24 03:00:00,10051.0
2009-11-24 04:00:00,10378.0
2009-11-24 05:00:00,11477.0
2009-11-24 06:00:00,13503.0
2009-11-24 07:00:00,14785.0
2009-11-24 08:00:00,15135.0
2009-11-24 09:00:00,15390.0
2009-11-24 10:00:00,15545.0
2009-11-24 11:00:00,15560.0
2009-11-24 12:00:00,15442.0
2009-11-24 13:00:00,15361.0
2009-11-24 14:00:00,15208.0
2009-11-24 15:00:00,15254.0
2009-11-24 16:00:00,16309.0
2009-11-24 17:00:00,17109.0
2009-11-24 18:00:00,16881.0
2009-11-24 19:00:00,16391.0
2009-11-24 20:00:00,15664.0
2009-11-24 21:00:00,14553.0
2009-11-24 22:00:00,13150.0
2009-11-24 23:00:00,11791.0
2009-11-25 00:00:00,10798.0
2009-11-25 01:00:00,10261.0
2009-11-25 02:00:00,9979.0
2009-11-25 03:00:00,9933.0
2009-11-25 04:00:00,10210.0
2009-11-25 05:00:00,11191.0
2009-11-25 06:00:00,13003.0
2009-11-25 07:00:00,14300.0
2009-11-25 08:00:00,14935.0
2009-11-25 09:00:00,15305.0
2009-11-25 10:00:00,15521.0
2009-11-25 11:00:00,15571.0
2009-11-25 12:00:00,15490.0
2009-11-25 13:00:00,15457.0
2009-11-25 14:00:00,15349.0
2009-11-25 15:00:00,15393.0
2009-11-25 16:00:00,16295.0
2009-11-25 17:00:00,16848.0
2009-11-25 18:00:00,16453.0
2009-11-25 19:00:00,15866.0
2009-11-25 20:00:00,15158.0
2009-11-25 21:00:00,14146.0
2009-11-25 22:00:00,12886.0
2009-11-25 23:00:00,11559.0
2009-11-26 00:00:00,10543.0
2009-11-26 01:00:00,9920.0
2009-11-26 02:00:00,9585.0
2009-11-26 03:00:00,9413.0
2009-11-26 04:00:00,9484.0
2009-11-26 05:00:00,9856.0
2009-11-26 06:00:00,10575.0
2009-11-26 07:00:00,11454.0
2009-11-26 08:00:00,12667.0
2009-11-26 09:00:00,13657.0
2009-11-26 10:00:00,14223.0
2009-11-26 11:00:00,14409.0
2009-11-26 12:00:00,14060.0
2009-11-26 13:00:00,13247.0
2009-11-26 14:00:00,12485.0
2009-11-26 15:00:00,12097.0
2009-11-26 16:00:00,12582.0
2009-11-26 17:00:00,12922.0
2009-11-26 18:00:00,12861.0
2009-11-26 19:00:00,12780.0
2009-11-26 20:00:00,12619.0
2009-11-26 21:00:00,12207.0
2009-11-26 22:00:00,11485.0
2009-11-26 23:00:00,10621.0
2009-11-27 00:00:00,9934.0
2009-11-27 01:00:00,9518.0
2009-11-27 02:00:00,9333.0
2009-11-27 03:00:00,9347.0
2009-11-27 04:00:00,9571.0
2009-11-27 05:00:00,10125.0
2009-11-27 06:00:00,10987.0
2009-11-27 07:00:00,11790.0
2009-11-27 08:00:00,12746.0
2009-11-27 09:00:00,13524.0
2009-11-27 10:00:00,14028.0
2009-11-27 11:00:00,14288.0
2009-11-27 12:00:00,14323.0
2009-11-27 13:00:00,14209.0
2009-11-27 14:00:00,14108.0
2009-11-27 15:00:00,14254.0
2009-11-27 16:00:00,15233.0
2009-11-27 17:00:00,15781.0
2009-11-27 18:00:00,15473.0
2009-11-27 19:00:00,14988.0
2009-11-27 20:00:00,14440.0
2009-11-27 21:00:00,13691.0
2009-11-27 22:00:00,12699.0
2009-11-27 23:00:00,11622.0
2009-11-28 00:00:00,10803.0
2009-11-28 01:00:00,10280.0
2009-11-28 02:00:00,9973.0
2009-11-28 03:00:00,9859.0
2009-11-28 04:00:00,9929.0
2009-11-28 05:00:00,10283.0
2009-11-28 06:00:00,10947.0
2009-11-28 07:00:00,11656.0
2009-11-28 08:00:00,12701.0
2009-11-28 09:00:00,13474.0
2009-11-28 10:00:00,13781.0
2009-11-28 11:00:00,13812.0
2009-11-28 12:00:00,13651.0
2009-11-28 13:00:00,13364.0
2009-11-28 14:00:00,13152.0
2009-11-28 15:00:00,13264.0
2009-11-28 16:00:00,14515.0
2009-11-28 17:00:00,15497.0
2009-11-28 18:00:00,15288.0
2009-11-28 19:00:00,14854.0
2009-11-28 20:00:00,14363.0
2009-11-28 21:00:00,13690.0
2009-11-28 22:00:00,12732.0
2009-11-28 23:00:00,11683.0
2009-11-29 00:00:00,10818.0
2009-11-29 01:00:00,10278.0
2009-11-29 02:00:00,9977.0
2009-11-29 03:00:00,9861.0
2009-11-29 04:00:00,9914.0
2009-11-29 05:00:00,10182.0
2009-11-29 06:00:00,10690.0
2009-11-29 07:00:00,11250.0
2009-11-29 08:00:00,12133.0
2009-11-29 09:00:00,12803.0
2009-11-29 10:00:00,13139.0
2009-11-29 11:00:00,13237.0
2009-11-29 12:00:00,13223.0
2009-11-29 13:00:00,13090.0
2009-11-29 14:00:00,12997.0
2009-11-29 15:00:00,13195.0
2009-11-29 16:00:00,14736.0
2009-11-29 17:00:00,15954.0
2009-11-29 18:00:00,15871.0
2009-11-29 19:00:00,15458.0
2009-11-29 20:00:00,14773.0
2009-11-29 21:00:00,13680.0
2009-11-29 22:00:00,12360.0
2009-11-29 23:00:00,11201.0
2009-11-30 00:00:00,10392.0
2009-11-30 01:00:00,9940.0
2009-11-30 02:00:00,9735.0
2009-11-30 03:00:00,9723.0
2009-11-30 04:00:00,10086.0
2009-11-30 05:00:00,11214.0
2009-11-30 06:00:00,13288.0
2009-11-30 07:00:00,14549.0
2009-11-30 08:00:00,14922.0
2009-11-30 09:00:00,15229.0
2009-11-30 10:00:00,15496.0
2009-11-30 11:00:00,15627.0
2009-11-30 12:00:00,15644.0
2009-11-30 13:00:00,15644.0
2009-11-30 14:00:00,15608.0
2009-11-30 15:00:00,15876.0
2009-11-30 16:00:00,16980.0
2009-11-30 17:00:00,17665.0
2009-11-30 18:00:00,17457.0
2009-11-30 19:00:00,16977.0
2009-11-30 20:00:00,16235.0
2009-11-30 21:00:00,15066.0
2009-11-30 22:00:00,13606.0
2009-11-30 23:00:00,12181.0
2009-12-01 00:00:00,11260.0
2009-12-01 01:00:00,10770.0
2009-12-01 02:00:00,10600.0
2009-12-01 03:00:00,10641.0
2009-12-01 04:00:00,10999.0
2009-12-01 05:00:00,12194.0
2009-12-01 06:00:00,14329.0
2009-12-01 07:00:00,15428.0
2009-12-01 08:00:00,15652.0
2009-12-01 09:00:00,15715.0
2009-12-01 10:00:00,15751.0
2009-12-01 11:00:00,15672.0
2009-12-01 12:00:00,15519.0
2009-12-01 13:00:00,15433.0
2009-12-01 14:00:00,15321.0
2009-12-01 15:00:00,15512.0
2009-12-01 16:00:00,16872.0
2009-12-01 17:00:00,17967.0
2009-12-01 18:00:00,17862.0
2009-12-01 19:00:00,17406.0
2009-12-01 20:00:00,16717.0
2009-12-01 21:00:00,15560.0
2009-12-01 22:00:00,13928.0
2009-12-01 23:00:00,12494.0
2009-12-02 00:00:00,11567.0
2009-12-02 01:00:00,11074.0
2009-12-02 02:00:00,10861.0
2009-12-02 03:00:00,10853.0
2009-12-02 04:00:00,11208.0
2009-12-02 05:00:00,12396.0
2009-12-02 06:00:00,14507.0
2009-12-02 07:00:00,15562.0
2009-12-02 08:00:00,15732.0
2009-12-02 09:00:00,15673.0
2009-12-02 10:00:00,15606.0
2009-12-02 11:00:00,15500.0
2009-12-02 12:00:00,15311.0
2009-12-02 13:00:00,15225.0
2009-12-02 14:00:00,15126.0
2009-12-02 15:00:00,15339.0
2009-12-02 16:00:00,16752.0
2009-12-02 17:00:00,17623.0
2009-12-02 18:00:00,17416.0
2009-12-02 19:00:00,16934.0
2009-12-02 20:00:00,16203.0
2009-12-02 21:00:00,15006.0
2009-12-02 22:00:00,13381.0
2009-12-02 23:00:00,11947.0
2009-12-03 00:00:00,10965.0
2009-12-03 01:00:00,10446.0
2009-12-03 02:00:00,10190.0
2009-12-03 03:00:00,10134.0
2009-12-03 04:00:00,10405.0
2009-12-03 05:00:00,11513.0
2009-12-03 06:00:00,13597.0
2009-12-03 07:00:00,14874.0
2009-12-03 08:00:00,15052.0
2009-12-03 09:00:00,15197.0
2009-12-03 10:00:00,15332.0
2009-12-03 11:00:00,15315.0
2009-12-03 12:00:00,15182.0
2009-12-03 13:00:00,15108.0
2009-12-03 14:00:00,14994.0
2009-12-03 15:00:00,15063.0
2009-12-03 16:00:00,16225.0
2009-12-03 17:00:00,17084.0
2009-12-03 18:00:00,16845.0
2009-12-03 19:00:00,16393.0
2009-12-03 20:00:00,15692.0
2009-12-03 21:00:00,14564.0
2009-12-03 22:00:00,13038.0
2009-12-03 23:00:00,11597.0
2009-12-04 00:00:00,10653.0
2009-12-04 01:00:00,10158.0
2009-12-04 02:00:00,9944.0
2009-12-04 03:00:00,9919.0
2009-12-04 04:00:00,10250.0
2009-12-04 05:00:00,11338.0
2009-12-04 06:00:00,13438.0
2009-12-04 07:00:00,14590.0
2009-12-04 08:00:00,14886.0
2009-12-04 09:00:00,14982.0
2009-12-04 10:00:00,15037.0
2009-12-04 11:00:00,14953.0
2009-12-04 12:00:00,14804.0
2009-12-04 13:00:00,14716.0
2009-12-04 14:00:00,14552.0
2009-12-04 15:00:00,14676.0
2009-12-04 16:00:00,16010.0
2009-12-04 17:00:00,16852.0
2009-12-04 18:00:00,16562.0
2009-12-04 19:00:00,16062.0
2009-12-04 20:00:00,15515.0
2009-12-04 21:00:00,14639.0
2009-12-04 22:00:00,13443.0
2009-12-04 23:00:00,12169.0
2009-12-05 00:00:00,11193.0
2009-12-05 01:00:00,10619.0
2009-12-05 02:00:00,10309.0
2009-12-05 03:00:00,10193.0
2009-12-05 04:00:00,10290.0
2009-12-05 05:00:00,10738.0
2009-12-05 06:00:00,11549.0
2009-12-05 07:00:00,12507.0
2009-12-05 08:00:00,13631.0
2009-12-05 09:00:00,14359.0
2009-12-05 10:00:00,14651.0
2009-12-05 11:00:00,14774.0
2009-12-05 12:00:00,14785.0
2009-12-05 13:00:00,14784.0
2009-12-05 14:00:00,14821.0
2009-12-05 15:00:00,15167.0
2009-12-05 16:00:00,16372.0
2009-12-05 17:00:00,17009.0
2009-12-05 18:00:00,16771.0
2009-12-05 19:00:00,16278.0
2009-12-05 20:00:00,15720.0
2009-12-05 21:00:00,14953.0
2009-12-05 22:00:00,13874.0
2009-12-05 23:00:00,12725.0
2009-12-06 00:00:00,11745.0
2009-12-06 01:00:00,11153.0
2009-12-06 02:00:00,10839.0
2009-12-06 03:00:00,10709.0
2009-12-06 04:00:00,10777.0
2009-12-06 05:00:00,11074.0
2009-12-06 06:00:00,11663.0
2009-12-06 07:00:00,12312.0
2009-12-06 08:00:00,13260.0
2009-12-06 09:00:00,13925.0
2009-12-06 10:00:00,14233.0
2009-12-06 11:00:00,14407.0
2009-12-06 12:00:00,14473.0
2009-12-06 13:00:00,14365.0
2009-12-06 14:00:00,14307.0
2009-12-06 15:00:00,14571.0
2009-12-06 16:00:00,16255.0
2009-12-06 17:00:00,17571.0
2009-12-06 18:00:00,17530.0
2009-12-06 19:00:00,17143.0
2009-12-06 20:00:00,16513.0
2009-12-06 21:00:00,15420.0
2009-12-06 22:00:00,13959.0
2009-12-06 23:00:00,12653.0
2009-12-07 00:00:00,11799.0
2009-12-07 01:00:00,11363.0
2009-12-07 02:00:00,11189.0
2009-12-07 03:00:00,11217.0
2009-12-07 04:00:00,11614.0
2009-12-07 05:00:00,12831.0
2009-12-07 06:00:00,15072.0
2009-12-07 07:00:00,16292.0
2009-12-07 08:00:00,16534.0
2009-12-07 09:00:00,16599.0
2009-12-07 10:00:00,16583.0
2009-12-07 11:00:00,16583.0
2009-12-07 12:00:00,16587.0
2009-12-07 13:00:00,16545.0
2009-12-07 14:00:00,16462.0
2009-12-07 15:00:00,16690.0
2009-12-07 16:00:00,18076.0
2009-12-07 17:00:00,19022.0
2009-12-07 18:00:00,18849.0
2009-12-07 19:00:00,18347.0
2009-12-07 20:00:00,17606.0
2009-12-07 21:00:00,16363.0
2009-12-07 22:00:00,14654.0
2009-12-07 23:00:00,13129.0
2009-12-08 00:00:00,12145.0
2009-12-08 01:00:00,11645.0
2009-12-08 02:00:00,11465.0
2009-12-08 03:00:00,11475.0
2009-12-08 04:00:00,11827.0
2009-12-08 05:00:00,13034.0
2009-12-08 06:00:00,15254.0
2009-12-08 07:00:00,16357.0
2009-12-08 08:00:00,16421.0
2009-12-08 09:00:00,16347.0
2009-12-08 10:00:00,16288.0
2009-12-08 11:00:00,16157.0
2009-12-08 12:00:00,15967.0
2009-12-08 13:00:00,15886.0
2009-12-08 14:00:00,15778.0
2009-12-08 15:00:00,15953.0
2009-12-08 16:00:00,17517.0
2009-12-08 17:00:00,18764.0
2009-12-08 18:00:00,18694.0
2009-12-08 19:00:00,18286.0
2009-12-08 20:00:00,17620.0
2009-12-08 21:00:00,16469.0
2009-12-08 22:00:00,14808.0
2009-12-08 23:00:00,13252.0
2009-12-09 00:00:00,12255.0
2009-12-09 01:00:00,11746.0
2009-12-09 02:00:00,11538.0
2009-12-09 03:00:00,11532.0
2009-12-09 04:00:00,11877.0
2009-12-09 05:00:00,12995.0
2009-12-09 06:00:00,14887.0
2009-12-09 07:00:00,16252.0
2009-12-09 08:00:00,16880.0
2009-12-09 09:00:00,17342.0
2009-12-09 10:00:00,17659.0
2009-12-09 11:00:00,17833.0
2009-12-09 12:00:00,17770.0
2009-12-09 13:00:00,17561.0
2009-12-09 14:00:00,17201.0
2009-12-09 15:00:00,17262.0
2009-12-09 16:00:00,18355.0
2009-12-09 17:00:00,19134.0
2009-12-09 18:00:00,18772.0
2009-12-09 19:00:00,18084.0
2009-12-09 20:00:00,17225.0
2009-12-09 21:00:00,15930.0
2009-12-09 22:00:00,14262.0
2009-12-09 23:00:00,12758.0
2009-12-10 00:00:00,11762.0
2009-12-10 01:00:00,11227.0
2009-12-10 02:00:00,11018.0
2009-12-10 03:00:00,11022.0
2009-12-10 04:00:00,11373.0
2009-12-10 05:00:00,12516.0
2009-12-10 06:00:00,14688.0
2009-12-10 07:00:00,15807.0
2009-12-10 08:00:00,15912.0
2009-12-10 09:00:00,15947.0
2009-12-10 10:00:00,15952.0
2009-12-10 11:00:00,15908.0
2009-12-10 12:00:00,15824.0
2009-12-10 13:00:00,15814.0
2009-12-10 14:00:00,15788.0
2009-12-10 15:00:00,16047.0
2009-12-10 16:00:00,17522.0
2009-12-10 17:00:00,18699.0
2009-12-10 18:00:00,18643.0
2009-12-10 19:00:00,18291.0
2009-12-10 20:00:00,17689.0
2009-12-10 21:00:00,16638.0
2009-12-10 22:00:00,15077.0
2009-12-10 23:00:00,13587.0
2009-12-11 00:00:00,12635.0
2009-12-11 01:00:00,12196.0
2009-12-11 02:00:00,12026.0
2009-12-11 03:00:00,12064.0
2009-12-11 04:00:00,12451.0
2009-12-11 05:00:00,13610.0
2009-12-11 06:00:00,15784.0
2009-12-11 07:00:00,16975.0
2009-12-11 08:00:00,17195.0
2009-12-11 09:00:00,17275.0
2009-12-11 10:00:00,17256.0
2009-12-11 11:00:00,17166.0
2009-12-11 12:00:00,17005.0
2009-12-11 13:00:00,16937.0
2009-12-11 14:00:00,16872.0
2009-12-11 15:00:00,17074.0
2009-12-11 16:00:00,18455.0
2009-12-11 17:00:00,19453.0
2009-12-11 18:00:00,19155.0
2009-12-11 19:00:00,18601.0
2009-12-11 20:00:00,17990.0
2009-12-11 21:00:00,17058.0
2009-12-11 22:00:00,15748.0
2009-12-11 23:00:00,14356.0
2009-12-12 00:00:00,13306.0
2009-12-12 01:00:00,12739.0
2009-12-12 02:00:00,12452.0
2009-12-12 03:00:00,12354.0
2009-12-12 04:00:00,12467.0
2009-12-12 05:00:00,12923.0
2009-12-12 06:00:00,13787.0
2009-12-12 07:00:00,14674.0
2009-12-12 08:00:00,15627.0
2009-12-12 09:00:00,16114.0
2009-12-12 10:00:00,16186.0
2009-12-12 11:00:00,16086.0
2009-12-12 12:00:00,15818.0
2009-12-12 13:00:00,15475.0
2009-12-12 14:00:00,15275.0
2009-12-12 15:00:00,15474.0
2009-12-12 16:00:00,16948.0
2009-12-12 17:00:00,18097.0
2009-12-12 18:00:00,17903.0
2009-12-12 19:00:00,17401.0
2009-12-12 20:00:00,16909.0
2009-12-12 21:00:00,16204.0
2009-12-12 22:00:00,15156.0
2009-12-12 23:00:00,13943.0
2009-12-13 00:00:00,12978.0
2009-12-13 01:00:00,12397.0
2009-12-13 02:00:00,12100.0
2009-12-13 03:00:00,12016.0
2009-12-13 04:00:00,12093.0
2009-12-13 05:00:00,12415.0
2009-12-13 06:00:00,13020.0
2009-12-13 07:00:00,13681.0
2009-12-13 08:00:00,14601.0
2009-12-13 09:00:00,15195.0
2009-12-13 10:00:00,15437.0
2009-12-13 11:00:00,15603.0
2009-12-13 12:00:00,15762.0
2009-12-13 13:00:00,15770.0
2009-12-13 14:00:00,15806.0
2009-12-13 15:00:00,16130.0
2009-12-13 16:00:00,17394.0
2009-12-13 17:00:00,18018.0
2009-12-13 18:00:00,17807.0
2009-12-13 19:00:00,17298.0
2009-12-13 20:00:00,16545.0
2009-12-13 21:00:00,15393.0
2009-12-13 22:00:00,13887.0
2009-12-13 23:00:00,12524.0
2009-12-14 00:00:00,11578.0
2009-12-14 01:00:00,11099.0
2009-12-14 02:00:00,10922.0
2009-12-14 03:00:00,10952.0
2009-12-14 04:00:00,11363.0
2009-12-14 05:00:00,12558.0
2009-12-14 06:00:00,14759.0
2009-12-14 07:00:00,15988.0
2009-12-14 08:00:00,16236.0
2009-12-14 09:00:00,16306.0
2009-12-14 10:00:00,16222.0
2009-12-14 11:00:00,16062.0
2009-12-14 12:00:00,15877.0
2009-12-14 13:00:00,15747.0
2009-12-14 14:00:00,15652.0
2009-12-14 15:00:00,15910.0
2009-12-14 16:00:00,17558.0
2009-12-14 17:00:00,18726.0
2009-12-14 18:00:00,18625.0
2009-12-14 19:00:00,18154.0
2009-12-14 20:00:00,17437.0
2009-12-14 21:00:00,16216.0
2009-12-14 22:00:00,14523.0
2009-12-14 23:00:00,12849.0
2009-12-15 00:00:00,11783.0
2009-12-15 01:00:00,11246.0
2009-12-15 02:00:00,10990.0
2009-12-15 03:00:00,10926.0
2009-12-15 04:00:00,11240.0
2009-12-15 05:00:00,12367.0
2009-12-15 06:00:00,14529.0
2009-12-15 07:00:00,15829.0
2009-12-15 08:00:00,16016.0
2009-12-15 09:00:00,16112.0
2009-12-15 10:00:00,16147.0
2009-12-15 11:00:00,16074.0
2009-12-15 12:00:00,15908.0
2009-12-15 13:00:00,15854.0
2009-12-15 14:00:00,15716.0
2009-12-15 15:00:00,15894.0
2009-12-15 16:00:00,17366.0
2009-12-15 17:00:00,18399.0
2009-12-15 18:00:00,18294.0
2009-12-15 19:00:00,17868.0
2009-12-15 20:00:00,17233.0
2009-12-15 21:00:00,16116.0
2009-12-15 22:00:00,14476.0
2009-12-15 23:00:00,12927.0
2009-12-16 00:00:00,11909.0
2009-12-16 01:00:00,11447.0
2009-12-16 02:00:00,11303.0
2009-12-16 03:00:00,11363.0
2009-12-16 04:00:00,11802.0
2009-12-16 05:00:00,13083.0
2009-12-16 06:00:00,15395.0
2009-12-16 07:00:00,16645.0
2009-12-16 08:00:00,16798.0
2009-12-16 09:00:00,16861.0
2009-12-16 10:00:00,16870.0
2009-12-16 11:00:00,16779.0
2009-12-16 12:00:00,16624.0
2009-12-16 13:00:00,16591.0
2009-12-16 14:00:00,16520.0
2009-12-16 15:00:00,16834.0
2009-12-16 16:00:00,18382.0
2009-12-16 17:00:00,19573.0
2009-12-16 18:00:00,19480.0
2009-12-16 19:00:00,19091.0
2009-12-16 20:00:00,18526.0
2009-12-16 21:00:00,17411.0
2009-12-16 22:00:00,15775.0
2009-12-16 23:00:00,14140.0
2009-12-17 00:00:00,13107.0
2009-12-17 01:00:00,12610.0
2009-12-17 02:00:00,12410.0
2009-12-17 03:00:00,12454.0
2009-12-17 04:00:00,12876.0
2009-12-17 05:00:00,14181.0
2009-12-17 06:00:00,16468.0
2009-12-17 07:00:00,17722.0
2009-12-17 08:00:00,17900.0
2009-12-17 09:00:00,17953.0
2009-12-17 10:00:00,17960.0
2009-12-17 11:00:00,17846.0
2009-12-17 12:00:00,17602.0
2009-12-17 13:00:00,17491.0
2009-12-17 14:00:00,17388.0
2009-12-17 15:00:00,17681.0
2009-12-17 16:00:00,19204.0
2009-12-17 17:00:00,20520.0
2009-12-17 18:00:00,20481.0
2009-12-17 19:00:00,20180.0
2009-12-17 20:00:00,19652.0
2009-12-17 21:00:00,18594.0
2009-12-17 22:00:00,16959.0
2009-12-17 23:00:00,15388.0
2009-12-18 00:00:00,14353.0
2009-12-18 01:00:00,13829.0
2009-12-18 02:00:00,13614.0
2009-12-18 03:00:00,13610.0
2009-12-18 04:00:00,13970.0
2009-12-18 05:00:00,15108.0
2009-12-18 06:00:00,17261.0
2009-12-18 07:00:00,18448.0
2009-12-18 08:00:00,18597.0
2009-12-18 09:00:00,18538.0
2009-12-18 10:00:00,18352.0
2009-12-18 11:00:00,18064.0
2009-12-18 12:00:00,17636.0
2009-12-18 13:00:00,17373.0
2009-12-18 14:00:00,17140.0
2009-12-18 15:00:00,17300.0
2009-12-18 16:00:00,18746.0
2009-12-18 17:00:00,19799.0
2009-12-18 18:00:00,19575.0
2009-12-18 19:00:00,19117.0
2009-12-18 20:00:00,18579.0
2009-12-18 21:00:00,17754.0
2009-12-18 22:00:00,16487.0
2009-12-18 23:00:00,15083.0
2009-12-19 00:00:00,13934.0
2009-12-19 01:00:00,13296.0
2009-12-19 02:00:00,12979.0
2009-12-19 03:00:00,12885.0
2009-12-19 04:00:00,13011.0
2009-12-19 05:00:00,13474.0
2009-12-19 06:00:00,14354.0
2009-12-19 07:00:00,15411.0
2009-12-19 08:00:00,16501.0
2009-12-19 09:00:00,17091.0
2009-12-19 10:00:00,17221.0
2009-12-19 11:00:00,17149.0
2009-12-19 12:00:00,16926.0
2009-12-19 13:00:00,16679.0
2009-12-19 14:00:00,16577.0
2009-12-19 15:00:00,16842.0
2009-12-19 16:00:00,18211.0
2009-12-19 17:00:00,19093.0
2009-12-19 18:00:00,18887.0
2009-12-19 19:00:00,18387.0
2009-12-19 20:00:00,17808.0
2009-12-19 21:00:00,17032.0
2009-12-19 22:00:00,15882.0
2009-12-19 23:00:00,14657.0
2009-12-20 00:00:00,13606.0
2009-12-20 01:00:00,12992.0
2009-12-20 02:00:00,12681.0
2009-12-20 03:00:00,12537.0
2009-12-20 04:00:00,12575.0
2009-12-20 05:00:00,12836.0
2009-12-20 06:00:00,13416.0
2009-12-20 07:00:00,14206.0
2009-12-20 08:00:00,15310.0
2009-12-20 09:00:00,16259.0
2009-12-20 10:00:00,16814.0
2009-12-20 11:00:00,17174.0
2009-12-20 12:00:00,17359.0
2009-12-20 13:00:00,17289.0
2009-12-20 14:00:00,17153.0
2009-12-20 15:00:00,17275.0
2009-12-20 16:00:00,18795.0
2009-12-20 17:00:00,19801.0
2009-12-20 18:00:00,19588.0
2009-12-20 19:00:00,19102.0
2009-12-20 20:00:00,18397.0
2009-12-20 21:00:00,17261.0
2009-12-20 22:00:00,15799.0
2009-12-20 23:00:00,14368.0
2009-12-21 00:00:00,13396.0
2009-12-21 01:00:00,12929.0
2009-12-21 02:00:00,12748.0
2009-12-21 03:00:00,12750.0
2009-12-21 04:00:00,13117.0
2009-12-21 05:00:00,14204.0
2009-12-21 06:00:00,16231.0
2009-12-21 07:00:00,17448.0
2009-12-21 08:00:00,17754.0
2009-12-21 09:00:00,17798.0
2009-12-21 10:00:00,17767.0
2009-12-21 11:00:00,17622.0
2009-12-21 12:00:00,17396.0
2009-12-21 13:00:00,17255.0
2009-12-21 14:00:00,17107.0
2009-12-21 15:00:00,17255.0
2009-12-21 16:00:00,18668.0
2009-12-21 17:00:00,20025.0
2009-12-21 18:00:00,19971.0
2009-12-21 19:00:00,19579.0
2009-12-21 20:00:00,18993.0
2009-12-21 21:00:00,17879.0
2009-12-21 22:00:00,16286.0
2009-12-21 23:00:00,14692.0
2009-12-22 00:00:00,13577.0
2009-12-22 01:00:00,13031.0
2009-12-22 02:00:00,12781.0
2009-12-22 03:00:00,12780.0
2009-12-22 04:00:00,13146.0
2009-12-22 05:00:00,14281.0
2009-12-22 06:00:00,16403.0
2009-12-22 07:00:00,17583.0
2009-12-22 08:00:00,17737.0
2009-12-22 09:00:00,17699.0
2009-12-22 10:00:00,17633.0
2009-12-22 11:00:00,17477.0
2009-12-22 12:00:00,17194.0
2009-12-22 13:00:00,17023.0
2009-12-22 14:00:00,16908.0
2009-12-22 15:00:00,17118.0
2009-12-22 16:00:00,18566.0
2009-12-22 17:00:00,19871.0
2009-12-22 18:00:00,19861.0
2009-12-22 19:00:00,19545.0
2009-12-22 20:00:00,19008.0
2009-12-22 21:00:00,18016.0
2009-12-22 22:00:00,16465.0
2009-12-22 23:00:00,14891.0
2009-12-23 00:00:00,13789.0
2009-12-23 01:00:00,13234.0
2009-12-23 02:00:00,13010.0
2009-12-23 03:00:00,13021.0
2009-12-23 04:00:00,13386.0
2009-12-23 05:00:00,14473.0
2009-12-23 06:00:00,16475.0
2009-12-23 07:00:00,17717.0
2009-12-23 08:00:00,18000.0
2009-12-23 09:00:00,18017.0
2009-12-23 10:00:00,17919.0
2009-12-23 11:00:00,17713.0
2009-12-23 12:00:00,17391.0
2009-12-23 13:00:00,17299.0
2009-12-23 14:00:00,17213.0
2009-12-23 15:00:00,17387.0
2009-12-23 16:00:00,18755.0
2009-12-23 17:00:00,19944.0
2009-12-23 18:00:00,19857.0
2009-12-23 19:00:00,19478.0
2009-12-23 20:00:00,18931.0
2009-12-23 21:00:00,17984.0
2009-12-23 22:00:00,16556.0
2009-12-23 23:00:00,14991.0
2009-12-24 00:00:00,13791.0
2009-12-24 01:00:00,13037.0
2009-12-24 02:00:00,12645.0
2009-12-24 03:00:00,12509.0
2009-12-24 04:00:00,12652.0
2009-12-24 05:00:00,13284.0
2009-12-24 06:00:00,14491.0
2009-12-24 07:00:00,15581.0
2009-12-24 08:00:00,16432.0
2009-12-24 09:00:00,16833.0
2009-12-24 10:00:00,16831.0
2009-12-24 11:00:00,16619.0
2009-12-24 12:00:00,16169.0
2009-12-24 13:00:00,15851.0
2009-12-24 14:00:00,15618.0
2009-12-24 15:00:00,15624.0
2009-12-24 16:00:00,16760.0
2009-12-24 17:00:00,17546.0
2009-12-24 18:00:00,16787.0
2009-12-24 19:00:00,16057.0
2009-12-24 20:00:00,15633.0
2009-12-24 21:00:00,15239.0
2009-12-24 22:00:00,14551.0
2009-12-24 23:00:00,13588.0
2009-12-25 00:00:00,12617.0
2009-12-25 01:00:00,11941.0
2009-12-25 02:00:00,11564.0
2009-12-25 03:00:00,11429.0
2009-12-25 04:00:00,11515.0
2009-12-25 05:00:00,11880.0
2009-12-25 06:00:00,12584.0
2009-12-25 07:00:00,13373.0
2009-12-25 08:00:00,14224.0
2009-12-25 09:00:00,14733.0
2009-12-25 10:00:00,14920.0
2009-12-25 11:00:00,14990.0
2009-12-25 12:00:00,14876.0
2009-12-25 13:00:00,14536.0
2009-12-25 14:00:00,14204.0
2009-12-25 15:00:00,14184.0
2009-12-25 16:00:00,15034.0
2009-12-25 17:00:00,15487.0
2009-12-25 18:00:00,15396.0
2009-12-25 19:00:00,15241.0
2009-12-25 20:00:00,15035.0
2009-12-25 21:00:00,14551.0
2009-12-25 22:00:00,13655.0
2009-12-25 23:00:00,12618.0
2009-12-26 00:00:00,11767.0
2009-12-26 01:00:00,11234.0
2009-12-26 02:00:00,10978.0
2009-12-26 03:00:00,10899.0
2009-12-26 04:00:00,10982.0
2009-12-26 05:00:00,11334.0
2009-12-26 06:00:00,12022.0
2009-12-26 07:00:00,12785.0
2009-12-26 08:00:00,13765.0
2009-12-26 09:00:00,14678.0
2009-12-26 10:00:00,15250.0
2009-12-26 11:00:00,15482.0
2009-12-26 12:00:00,15430.0
2009-12-26 13:00:00,15173.0
2009-12-26 14:00:00,14998.0
2009-12-26 15:00:00,15149.0
2009-12-26 16:00:00,16337.0
2009-12-26 17:00:00,17053.0
2009-12-26 18:00:00,16876.0
2009-12-26 19:00:00,16407.0
2009-12-26 20:00:00,15873.0
2009-12-26 21:00:00,15041.0
2009-12-26 22:00:00,13909.0
2009-12-26 23:00:00,12680.0
2009-12-27 00:00:00,11685.0
2009-12-27 01:00:00,11036.0
2009-12-27 02:00:00,10665.0
2009-12-27 03:00:00,10490.0
2009-12-27 04:00:00,10478.0
2009-12-27 05:00:00,10666.0
2009-12-27 06:00:00,11117.0
2009-12-27 07:00:00,11790.0
2009-12-27 08:00:00,12710.0
2009-12-27 09:00:00,13612.0
2009-12-27 10:00:00,14166.0
2009-12-27 11:00:00,14436.0
2009-12-27 12:00:00,14454.0
2009-12-27 13:00:00,14259.0
2009-12-27 14:00:00,13988.0
2009-12-27 15:00:00,13977.0
2009-12-27 16:00:00,15169.0
2009-12-27 17:00:00,16374.0
2009-12-27 18:00:00,16357.0
2009-12-27 19:00:00,16000.0
2009-12-27 20:00:00,15478.0
2009-12-27 21:00:00,14665.0
2009-12-27 22:00:00,13551.0
2009-12-27 23:00:00,12411.0
2009-12-28 00:00:00,11576.0
2009-12-28 01:00:00,11126.0
2009-12-28 02:00:00,10949.0
2009-12-28 03:00:00,10976.0
2009-12-28 04:00:00,11318.0
2009-12-28 05:00:00,12195.0
2009-12-28 06:00:00,13619.0
2009-12-28 07:00:00,14790.0
2009-12-28 08:00:00,15555.0
2009-12-28 09:00:00,16123.0
2009-12-28 10:00:00,16485.0
2009-12-28 11:00:00,16563.0
2009-12-28 12:00:00,16587.0
2009-12-28 13:00:00,16573.0
2009-12-28 14:00:00,16418.0
2009-12-28 15:00:00,16439.0
2009-12-28 16:00:00,17513.0
2009-12-28 17:00:00,18690.0
2009-12-28 18:00:00,18555.0
2009-12-28 19:00:00,18049.0
2009-12-28 20:00:00,17371.0
2009-12-28 21:00:00,16308.0
2009-12-28 22:00:00,14903.0
2009-12-28 23:00:00,13554.0
2009-12-29 00:00:00,12592.0
2009-12-29 01:00:00,12023.0
2009-12-29 02:00:00,11767.0
2009-12-29 03:00:00,11741.0
2009-12-29 04:00:00,12080.0
2009-12-29 05:00:00,13022.0
2009-12-29 06:00:00,14555.0
2009-12-29 07:00:00,15792.0
2009-12-29 08:00:00,16636.0
2009-12-29 09:00:00,17241.0
2009-12-29 10:00:00,17613.0
2009-12-29 11:00:00,17721.0
2009-12-29 12:00:00,17655.0
2009-12-29 13:00:00,17625.0
2009-12-29 14:00:00,17570.0
2009-12-29 15:00:00,17739.0
2009-12-29 16:00:00,19078.0
2009-12-29 17:00:00,20476.0
2009-12-29 18:00:00,20403.0
2009-12-29 19:00:00,19925.0
2009-12-29 20:00:00,19270.0
2009-12-29 21:00:00,18193.0
2009-12-29 22:00:00,16760.0
2009-12-29 23:00:00,15397.0
2009-12-30 00:00:00,14409.0
2009-12-30 01:00:00,13852.0
2009-12-30 02:00:00,13561.0
2009-12-30 03:00:00,13535.0
2009-12-30 04:00:00,13831.0
2009-12-30 05:00:00,14630.0
2009-12-30 06:00:00,16044.0
2009-12-30 07:00:00,17117.0
2009-12-30 08:00:00,17750.0
2009-12-30 09:00:00,18011.0
2009-12-30 10:00:00,18060.0
2009-12-30 11:00:00,17884.0
2009-12-30 12:00:00,17589.0
2009-12-30 13:00:00,17307.0
2009-12-30 14:00:00,17056.0
2009-12-30 15:00:00,17091.0
2009-12-30 16:00:00,18263.0
2009-12-30 17:00:00,19438.0
2009-12-30 18:00:00,19237.0
2009-12-30 19:00:00,18771.0
2009-12-30 20:00:00,18145.0
2009-12-30 21:00:00,17109.0
2009-12-30 22:00:00,15687.0
2009-12-30 23:00:00,14264.0
2009-12-31 00:00:00,13234.0
2009-12-31 01:00:00,12623.0
2009-12-31 02:00:00,12305.0
2009-12-31 03:00:00,12224.0
2009-12-31 04:00:00,12459.0
2009-12-31 05:00:00,13194.0
2009-12-31 06:00:00,14438.0
2009-12-31 07:00:00,15495.0
2009-12-31 08:00:00,16253.0
2009-12-31 09:00:00,16850.0
2009-12-31 10:00:00,17220.0
2009-12-31 11:00:00,17281.0
2009-12-31 12:00:00,17141.0
2009-12-31 13:00:00,16938.0
2009-12-31 14:00:00,16607.0
2009-12-31 15:00:00,16470.0
2009-12-31 16:00:00,17514.0
2009-12-31 17:00:00,18564.0
2009-12-31 18:00:00,18050.0
2009-12-31 19:00:00,17146.0
2009-12-31 20:00:00,16273.0
2009-12-31 21:00:00,15423.0
2009-12-31 22:00:00,14524.0
2009-12-31 23:00:00,13727.0
2010-01-01 00:00:00,12946.0
2010-01-01 01:00:00,12262.0
2010-01-01 02:00:00,11792.0
2010-01-01 03:00:00,11513.0
2010-01-01 04:00:00,11522.0
2010-01-01 05:00:00,11821.0
2010-01-01 06:00:00,12263.0
2010-01-01 07:00:00,12581.0
2010-01-01 08:00:00,13194.0
2010-01-01 09:00:00,13974.0
2010-01-01 10:00:00,14602.0
2010-01-01 11:00:00,14892.0
2010-01-01 12:00:00,14913.0
2010-01-01 13:00:00,14795.0
2010-01-01 14:00:00,14687.0
2010-01-01 15:00:00,14839.0
2010-01-01 16:00:00,15997.0
2010-01-01 17:00:00,17028.0
2010-01-01 18:00:00,16820.0
2010-01-01 19:00:00,16336.0
2010-01-01 20:00:00,15797.0
2010-01-01 21:00:00,15027.0
2010-01-01 22:00:00,14014.0
2010-01-01 23:00:00,12945.0
2010-01-02 00:00:00,12093.0
2010-01-02 01:00:00,11538.0
2010-01-02 02:00:00,11273.0
2010-01-02 03:00:00,11190.0
2010-01-02 04:00:00,11294.0
2010-01-02 05:00:00,11669.0
2010-01-02 06:00:00,12352.0
2010-01-02 07:00:00,13076.0
2010-01-02 08:00:00,14032.0
2010-01-02 09:00:00,14947.0
2010-01-02 10:00:00,15530.0
2010-01-02 11:00:00,15809.0
2010-01-02 12:00:00,15861.0
2010-01-02 13:00:00,15718.0
2010-01-02 14:00:00,15603.0
2010-01-02 15:00:00,15768.0
2010-01-02 16:00:00,16977.0
2010-01-02 17:00:00,18132.0
2010-01-02 18:00:00,18019.0
2010-01-02 19:00:00,17547.0
2010-01-02 20:00:00,17032.0
2010-01-02 21:00:00,16234.0
2010-01-02 22:00:00,15219.0
2010-01-02 23:00:00,14170.0
2010-01-03 00:00:00,13317.0
2010-01-03 01:00:00,12788.0
2010-01-03 02:00:00,12514.0
2010-01-03 03:00:00,12392.0
2010-01-03 04:00:00,12431.0
2010-01-03 05:00:00,12744.0
2010-01-03 06:00:00,13277.0
2010-01-03 07:00:00,13823.0
2010-01-03 08:00:00,14721.0
2010-01-03 09:00:00,15603.0
2010-01-03 10:00:00,16170.0
2010-01-03 11:00:00,16546.0
2010-01-03 12:00:00,16674.0
2010-01-03 13:00:00,16590.0
2010-01-03 14:00:00,16474.0
2010-01-03 15:00:00,16687.0
2010-01-03 16:00:00,18041.0
2010-01-03 17:00:00,19123.0
2010-01-03 18:00:00,18877.0
2010-01-03 19:00:00,18304.0
2010-01-03 20:00:00,17474.0
2010-01-03 21:00:00,16293.0
2010-01-03 22:00:00,14900.0
2010-01-03 23:00:00,13646.0
2010-01-04 00:00:00,12820.0
2010-01-04 01:00:00,12345.0
2010-01-04 02:00:00,12137.0
2010-01-04 03:00:00,12196.0
2010-01-04 04:00:00,12587.0
2010-01-04 05:00:00,13763.0
2010-01-04 06:00:00,15774.0
2010-01-04 07:00:00,16885.0
2010-01-04 08:00:00,17064.0
2010-01-04 09:00:00,17102.0
2010-01-04 10:00:00,17128.0
2010-01-04 11:00:00,17095.0
2010-01-04 12:00:00,16967.0
2010-01-04 13:00:00,16831.0
2010-01-04 14:00:00,16670.0
2010-01-04 15:00:00,16811.0
2010-01-04 16:00:00,17963.0
2010-01-04 17:00:00,19368.0
2010-01-04 18:00:00,19329.0
2010-01-04 19:00:00,18893.0
2010-01-04 20:00:00,18178.0
2010-01-04 21:00:00,16985.0
2010-01-04 22:00:00,15416.0
2010-01-04 23:00:00,14035.0
2010-01-05 00:00:00,13116.0
2010-01-05 01:00:00,12669.0
2010-01-05 02:00:00,12449.0
2010-01-05 03:00:00,12436.0
2010-01-05 04:00:00,12789.0
2010-01-05 05:00:00,13889.0
2010-01-05 06:00:00,15972.0
2010-01-05 07:00:00,17167.0
2010-01-05 08:00:00,17300.0
2010-01-05 09:00:00,17391.0
2010-01-05 10:00:00,17440.0
2010-01-05 11:00:00,17386.0
2010-01-05 12:00:00,17256.0
2010-01-05 13:00:00,17150.0
2010-01-05 14:00:00,17016.0
2010-01-05 15:00:00,17026.0
2010-01-05 16:00:00,18088.0
2010-01-05 17:00:00,19336.0
2010-01-05 18:00:00,19291.0
2010-01-05 19:00:00,18815.0
2010-01-05 20:00:00,18081.0
2010-01-05 21:00:00,16873.0
2010-01-05 22:00:00,15302.0
2010-01-05 23:00:00,13897.0
2010-01-06 00:00:00,12969.0
2010-01-06 01:00:00,12497.0
2010-01-06 02:00:00,12307.0
2010-01-06 03:00:00,12281.0
2010-01-06 04:00:00,12621.0
2010-01-06 05:00:00,13764.0
2010-01-06 06:00:00,15909.0
2010-01-06 07:00:00,17082.0
2010-01-06 08:00:00,17111.0
2010-01-06 09:00:00,17083.0
2010-01-06 10:00:00,17091.0
2010-01-06 11:00:00,17007.0
2010-01-06 12:00:00,16824.0
2010-01-06 13:00:00,16706.0
2010-01-06 14:00:00,16558.0
2010-01-06 15:00:00,16707.0
2010-01-06 16:00:00,17882.0
2010-01-06 17:00:00,19234.0
2010-01-06 18:00:00,19211.0
2010-01-06 19:00:00,18768.0
2010-01-06 20:00:00,18061.0
2010-01-06 21:00:00,16890.0
2010-01-06 22:00:00,15305.0
2010-01-06 23:00:00,13893.0
2010-01-07 00:00:00,12990.0
2010-01-07 01:00:00,12514.0
2010-01-07 02:00:00,12309.0
2010-01-07 03:00:00,12317.0
2010-01-07 04:00:00,12674.0
2010-01-07 05:00:00,13769.0
2010-01-07 06:00:00,15872.0
2010-01-07 07:00:00,17016.0
2010-01-07 08:00:00,17065.0
2010-01-07 09:00:00,17016.0
2010-01-07 10:00:00,16961.0
2010-01-07 11:00:00,16822.0
2010-01-07 12:00:00,16560.0
2010-01-07 13:00:00,16403.0
2010-01-07 14:00:00,16208.0
2010-01-07 15:00:00,16270.0
2010-01-07 16:00:00,17339.0
2010-01-07 17:00:00,18702.0
2010-01-07 18:00:00,18678.0
2010-01-07 19:00:00,18272.0
2010-01-07 20:00:00,17644.0
2010-01-07 21:00:00,16519.0
2010-01-07 22:00:00,15035.0
2010-01-07 23:00:00,13679.0
2010-01-08 00:00:00,12786.0
2010-01-08 01:00:00,12302.0
2010-01-08 02:00:00,12080.0
2010-01-08 03:00:00,12081.0
2010-01-08 04:00:00,12430.0
2010-01-08 05:00:00,13516.0
2010-01-08 06:00:00,15536.0
2010-01-08 07:00:00,16811.0
2010-01-08 08:00:00,17093.0
2010-01-08 09:00:00,17221.0
2010-01-08 10:00:00,17277.0
2010-01-08 11:00:00,17228.0
2010-01-08 12:00:00,17048.0
2010-01-08 13:00:00,16948.0
2010-01-08 14:00:00,16810.0
2010-01-08 15:00:00,16850.0
2010-01-08 16:00:00,17781.0
2010-01-08 17:00:00,18792.0
2010-01-08 18:00:00,18570.0
2010-01-08 19:00:00,18040.0
2010-01-08 20:00:00,17416.0
2010-01-08 21:00:00,16537.0
2010-01-08 22:00:00,15361.0
2010-01-08 23:00:00,14158.0
2010-01-09 00:00:00,13239.0
2010-01-09 01:00:00,12701.0
2010-01-09 02:00:00,12449.0
2010-01-09 03:00:00,12360.0
2010-01-09 04:00:00,12512.0
2010-01-09 05:00:00,12962.0
2010-01-09 06:00:00,13782.0
2010-01-09 07:00:00,14601.0
2010-01-09 08:00:00,15553.0
2010-01-09 09:00:00,16188.0
2010-01-09 10:00:00,16400.0
2010-01-09 11:00:00,16331.0
2010-01-09 12:00:00,16087.0
2010-01-09 13:00:00,15785.0
2010-01-09 14:00:00,15599.0
2010-01-09 15:00:00,15731.0
2010-01-09 16:00:00,16817.0
2010-01-09 17:00:00,18191.0
2010-01-09 18:00:00,18126.0
2010-01-09 19:00:00,17703.0
2010-01-09 20:00:00,17211.0
2010-01-09 21:00:00,16522.0
2010-01-09 22:00:00,15551.0
2010-01-09 23:00:00,14531.0
2010-01-10 00:00:00,13721.0
2010-01-10 01:00:00,13236.0
2010-01-10 02:00:00,12966.0
2010-01-10 03:00:00,12893.0
2010-01-10 04:00:00,12986.0
2010-01-10 05:00:00,13314.0
2010-01-10 06:00:00,13925.0
2010-01-10 07:00:00,14564.0
2010-01-10 08:00:00,15471.0
2010-01-10 09:00:00,16067.0
2010-01-10 10:00:00,16304.0
2010-01-10 11:00:00,16381.0
2010-01-10 12:00:00,16323.0
2010-01-10 13:00:00,16081.0
2010-01-10 14:00:00,15901.0
2010-01-10 15:00:00,15995.0
2010-01-10 16:00:00,17172.0
2010-01-10 17:00:00,18594.0
2010-01-10 18:00:00,18588.0
2010-01-10 19:00:00,18153.0
2010-01-10 20:00:00,17532.0
2010-01-10 21:00:00,16455.0
2010-01-10 22:00:00,15141.0
2010-01-10 23:00:00,13998.0
2010-01-11 00:00:00,13290.0
2010-01-11 01:00:00,12922.0
2010-01-11 02:00:00,12797.0
2010-01-11 03:00:00,12844.0
2010-01-11 04:00:00,13262.0
2010-01-11 05:00:00,14448.0
2010-01-11 06:00:00,16647.0
2010-01-11 07:00:00,17820.0
2010-01-11 08:00:00,17899.0
2010-01-11 09:00:00,17805.0
2010-01-11 10:00:00,17766.0
2010-01-11 11:00:00,17592.0
2010-01-11 12:00:00,17326.0
2010-01-11 13:00:00,17142.0
2010-01-11 14:00:00,16893.0
2010-01-11 15:00:00,16966.0
2010-01-11 16:00:00,18010.0
2010-01-11 17:00:00,19343.0
2010-01-11 18:00:00,19265.0
2010-01-11 19:00:00,18749.0
2010-01-11 20:00:00,17959.0
2010-01-11 21:00:00,16716.0
2010-01-11 22:00:00,15158.0
2010-01-11 23:00:00,13783.0
2010-01-12 00:00:00,12926.0
2010-01-12 01:00:00,12481.0
2010-01-12 02:00:00,12288.0
2010-01-12 03:00:00,12284.0
2010-01-12 04:00:00,12604.0
2010-01-12 05:00:00,13740.0
2010-01-12 06:00:00,15922.0
2010-01-12 07:00:00,17088.0
2010-01-12 08:00:00,17164.0
2010-01-12 09:00:00,17167.0
2010-01-12 10:00:00,17237.0
2010-01-12 11:00:00,17184.0
2010-01-12 12:00:00,16968.0
2010-01-12 13:00:00,16781.0
2010-01-12 14:00:00,16662.0
2010-01-12 15:00:00,16783.0
2010-01-12 16:00:00,17790.0
2010-01-12 17:00:00,19274.0
2010-01-12 18:00:00,19323.0
2010-01-12 19:00:00,18940.0
2010-01-12 20:00:00,18230.0
2010-01-12 21:00:00,17128.0
2010-01-12 22:00:00,15701.0
2010-01-12 23:00:00,14390.0
2010-01-13 00:00:00,13571.0
2010-01-13 01:00:00,13152.0
2010-01-13 02:00:00,12980.0
2010-01-13 03:00:00,13035.0
2010-01-13 04:00:00,13407.0
2010-01-13 05:00:00,14578.0
2010-01-13 06:00:00,16788.0
2010-01-13 07:00:00,17979.0
2010-01-13 08:00:00,18076.0
2010-01-13 09:00:00,18035.0
2010-01-13 10:00:00,17983.0
2010-01-13 11:00:00,17860.0
2010-01-13 12:00:00,17646.0
2010-01-13 13:00:00,17535.0
2010-01-13 14:00:00,17387.0
2010-01-13 15:00:00,17476.0
2010-01-13 16:00:00,18404.0
2010-01-13 17:00:00,19549.0
2010-01-13 18:00:00,19404.0
2010-01-13 19:00:00,18897.0
2010-01-13 20:00:00,18100.0
2010-01-13 21:00:00,16871.0
2010-01-13 22:00:00,15319.0
2010-01-13 23:00:00,13942.0
2010-01-14 00:00:00,13081.0
2010-01-14 01:00:00,12632.0
2010-01-14 02:00:00,12438.0
2010-01-14 03:00:00,12452.0
2010-01-14 04:00:00,12809.0
2010-01-14 05:00:00,13959.0
2010-01-14 06:00:00,16147.0
2010-01-14 07:00:00,17337.0
2010-01-14 08:00:00,17377.0
2010-01-14 09:00:00,17266.0
2010-01-14 10:00:00,17155.0
2010-01-14 11:00:00,16959.0
2010-01-14 12:00:00,16679.0
2010-01-14 13:00:00,16461.0
2010-01-14 14:00:00,16231.0
2010-01-14 15:00:00,16258.0
2010-01-14 16:00:00,17116.0
2010-01-14 17:00:00,18567.0
2010-01-14 18:00:00,18555.0
2010-01-14 19:00:00,18149.0
2010-01-14 20:00:00,17486.0
2010-01-14 21:00:00,16319.0
2010-01-14 22:00:00,14791.0
2010-01-14 23:00:00,13474.0
2010-01-15 00:00:00,12586.0
2010-01-15 01:00:00,12082.0
2010-01-15 02:00:00,11852.0
2010-01-15 03:00:00,11856.0
2010-01-15 04:00:00,12196.0
2010-01-15 05:00:00,13258.0
2010-01-15 06:00:00,15330.0
2010-01-15 07:00:00,16532.0
2010-01-15 08:00:00,16715.0
2010-01-15 09:00:00,16817.0
2010-01-15 10:00:00,16855.0
2010-01-15 11:00:00,16651.0
2010-01-15 12:00:00,16321.0
2010-01-15 13:00:00,16114.0
2010-01-15 14:00:00,15904.0
2010-01-15 15:00:00,15953.0
2010-01-15 16:00:00,16755.0
2010-01-15 17:00:00,17636.0
2010-01-15 18:00:00,17346.0
2010-01-15 19:00:00,16777.0
2010-01-15 20:00:00,16131.0
2010-01-15 21:00:00,15238.0
2010-01-15 22:00:00,14071.0
2010-01-15 23:00:00,12883.0
2010-01-16 00:00:00,11997.0
2010-01-16 01:00:00,11476.0
2010-01-16 02:00:00,11227.0
2010-01-16 03:00:00,11143.0
2010-01-16 04:00:00,11264.0
2010-01-16 05:00:00,11676.0
2010-01-16 06:00:00,12479.0
2010-01-16 07:00:00,13314.0
2010-01-16 08:00:00,14216.0
2010-01-16 09:00:00,14781.0
2010-01-16 10:00:00,14963.0
2010-01-16 11:00:00,14857.0
2010-01-16 12:00:00,14596.0
2010-01-16 13:00:00,14216.0
2010-01-16 14:00:00,13976.0
2010-01-16 15:00:00,13990.0
2010-01-16 16:00:00,14886.0
2010-01-16 17:00:00,16275.0
2010-01-16 18:00:00,16203.0
2010-01-16 19:00:00,15750.0
2010-01-16 20:00:00,15251.0
2010-01-16 21:00:00,14550.0
2010-01-16 22:00:00,13621.0
2010-01-16 23:00:00,12640.0
2010-01-17 00:00:00,11826.0
2010-01-17 01:00:00,11332.0
2010-01-17 02:00:00,11084.0
2010-01-17 03:00:00,10989.0
2010-01-17 04:00:00,11055.0
2010-01-17 05:00:00,11375.0
2010-01-17 06:00:00,11950.0
2010-01-17 07:00:00,12622.0
2010-01-17 08:00:00,13555.0
2010-01-17 09:00:00,14260.0
2010-01-17 10:00:00,14615.0
2010-01-17 11:00:00,14838.0
2010-01-17 12:00:00,14960.0
2010-01-17 13:00:00,14929.0
2010-01-17 14:00:00,14873.0
2010-01-17 15:00:00,15069.0
2010-01-17 16:00:00,16051.0
2010-01-17 17:00:00,16923.0
2010-01-17 18:00:00,16759.0
2010-01-17 19:00:00,16171.0
2010-01-17 20:00:00,15537.0
2010-01-17 21:00:00,14617.0
2010-01-17 22:00:00,13535.0
2010-01-17 23:00:00,12566.0
2010-01-18 00:00:00,11799.0
2010-01-18 01:00:00,11367.0
2010-01-18 02:00:00,11179.0
2010-01-18 03:00:00,11181.0
2010-01-18 04:00:00,11493.0
2010-01-18 05:00:00,12359.0
2010-01-18 06:00:00,13685.0
2010-01-18 07:00:00,14842.0
2010-01-18 08:00:00,15709.0
2010-01-18 09:00:00,16425.0
2010-01-18 10:00:00,16923.0
2010-01-18 11:00:00,17081.0
2010-01-18 12:00:00,16997.0
2010-01-18 13:00:00,16748.0
2010-01-18 14:00:00,16466.0
2010-01-18 15:00:00,16384.0
2010-01-18 16:00:00,17192.0
2010-01-18 17:00:00,18464.0
2010-01-18 18:00:00,18263.0
2010-01-18 19:00:00,17686.0
2010-01-18 20:00:00,16841.0
2010-01-18 21:00:00,15623.0
2010-01-18 22:00:00,14156.0
2010-01-18 23:00:00,12839.0
2010-01-19 00:00:00,11971.0
2010-01-19 01:00:00,11516.0
2010-01-19 02:00:00,11307.0
2010-01-19 03:00:00,11292.0
2010-01-19 04:00:00,11661.0
2010-01-19 05:00:00,12770.0
2010-01-19 06:00:00,14917.0
2010-01-19 07:00:00,16207.0
2010-01-19 08:00:00,16431.0
2010-01-19 09:00:00,16596.0
2010-01-19 10:00:00,16777.0
2010-01-19 11:00:00,16810.0
2010-01-19 12:00:00,16763.0
2010-01-19 13:00:00,16726.0
2010-01-19 14:00:00,16569.0
2010-01-19 15:00:00,16572.0
2010-01-19 16:00:00,17294.0
2010-01-19 17:00:00,18334.0
2010-01-19 18:00:00,18193.0
2010-01-19 19:00:00,17679.0
2010-01-19 20:00:00,16915.0
2010-01-19 21:00:00,15759.0
2010-01-19 22:00:00,14264.0
2010-01-19 23:00:00,12907.0
2010-01-20 00:00:00,12018.0
2010-01-20 01:00:00,11555.0
2010-01-20 02:00:00,11364.0
2010-01-20 03:00:00,11353.0
2010-01-20 04:00:00,11738.0
2010-01-20 05:00:00,12886.0
2010-01-20 06:00:00,14988.0
2010-01-20 07:00:00,16165.0
2010-01-20 08:00:00,16296.0
2010-01-20 09:00:00,16344.0
2010-01-20 10:00:00,16456.0
2010-01-20 11:00:00,16503.0
2010-01-20 12:00:00,16406.0
2010-01-20 13:00:00,16343.0
2010-01-20 14:00:00,16157.0
2010-01-20 15:00:00,16095.0
2010-01-20 16:00:00,16847.0
2010-01-20 17:00:00,18271.0
2010-01-20 18:00:00,18271.0
2010-01-20 19:00:00,17827.0
2010-01-20 20:00:00,17101.0
2010-01-20 21:00:00,15995.0
2010-01-20 22:00:00,14511.0
2010-01-20 23:00:00,13179.0
2010-01-21 00:00:00,12342.0
2010-01-21 01:00:00,11920.0
2010-01-21 02:00:00,11732.0
2010-01-21 03:00:00,11750.0
2010-01-21 04:00:00,12125.0
2010-01-21 05:00:00,13302.0
2010-01-21 06:00:00,15464.0
2010-01-21 07:00:00,16597.0
2010-01-21 08:00:00,16628.0
2010-01-21 09:00:00,16534.0
2010-01-21 10:00:00,16459.0
2010-01-21 11:00:00,16311.0
2010-01-21 12:00:00,16057.0
2010-01-21 13:00:00,15895.0
2010-01-21 14:00:00,15684.0
2010-01-21 15:00:00,15672.0
2010-01-21 16:00:00,16441.0
2010-01-21 17:00:00,17973.0
2010-01-21 18:00:00,18071.0
2010-01-21 19:00:00,17688.0
2010-01-21 20:00:00,17098.0
2010-01-21 21:00:00,16023.0
2010-01-21 22:00:00,14588.0
2010-01-21 23:00:00,13308.0
2010-01-22 00:00:00,12483.0
2010-01-22 01:00:00,12058.0
2010-01-22 02:00:00,11872.0
2010-01-22 03:00:00,11906.0
2010-01-22 04:00:00,12245.0
2010-01-22 05:00:00,13369.0
2010-01-22 06:00:00,15484.0
2010-01-22 07:00:00,16678.0
2010-01-22 08:00:00,16819.0
2010-01-22 09:00:00,16811.0
2010-01-22 10:00:00,16765.0
2010-01-22 11:00:00,16540.0
2010-01-22 12:00:00,16253.0
2010-01-22 13:00:00,16063.0
2010-01-22 14:00:00,15856.0
2010-01-22 15:00:00,15870.0
2010-01-22 16:00:00,16595.0
2010-01-22 17:00:00,17758.0
2010-01-22 18:00:00,17663.0
2010-01-22 19:00:00,17131.0
2010-01-22 20:00:00,16540.0
2010-01-22 21:00:00,15721.0
2010-01-22 22:00:00,14612.0
2010-01-22 23:00:00,13417.0
2010-01-23 00:00:00,12589.0
2010-01-23 01:00:00,12111.0
2010-01-23 02:00:00,11878.0
2010-01-23 03:00:00,11831.0
2010-01-23 04:00:00,11975.0
2010-01-23 05:00:00,12435.0
2010-01-23 06:00:00,13280.0
2010-01-23 07:00:00,14118.0
2010-01-23 08:00:00,15029.0
2010-01-23 09:00:00,15522.0
2010-01-23 10:00:00,15653.0
2010-01-23 11:00:00,15478.0
2010-01-23 12:00:00,15146.0
2010-01-23 13:00:00,14742.0
2010-01-23 14:00:00,14466.0
2010-01-23 15:00:00,14443.0
2010-01-23 16:00:00,15154.0
2010-01-23 17:00:00,16693.0
2010-01-23 18:00:00,16768.0
2010-01-23 19:00:00,16351.0
2010-01-23 20:00:00,15880.0
2010-01-23 21:00:00,15183.0
2010-01-23 22:00:00,14245.0
2010-01-23 23:00:00,13297.0
2010-01-24 00:00:00,12504.0
2010-01-24 01:00:00,12054.0
2010-01-24 02:00:00,11805.0
2010-01-24 03:00:00,11706.0
2010-01-24 04:00:00,11766.0
2010-01-24 05:00:00,12035.0
2010-01-24 06:00:00,12576.0
2010-01-24 07:00:00,13238.0
2010-01-24 08:00:00,14170.0
2010-01-24 09:00:00,14829.0
2010-01-24 10:00:00,15092.0
2010-01-24 11:00:00,15158.0
2010-01-24 12:00:00,15161.0
2010-01-24 13:00:00,15077.0
2010-01-24 14:00:00,15058.0
2010-01-24 15:00:00,15245.0
2010-01-24 16:00:00,16114.0
2010-01-24 17:00:00,17171.0
2010-01-24 18:00:00,17076.0
2010-01-24 19:00:00,16504.0
2010-01-24 20:00:00,15803.0
2010-01-24 21:00:00,14701.0
2010-01-24 22:00:00,13431.0
2010-01-24 23:00:00,12239.0
2010-01-25 00:00:00,11420.0
2010-01-25 01:00:00,10976.0
2010-01-25 02:00:00,10756.0
2010-01-25 03:00:00,10746.0
2010-01-25 04:00:00,11065.0
2010-01-25 05:00:00,12162.0
2010-01-25 06:00:00,14219.0
2010-01-25 07:00:00,15552.0
2010-01-25 08:00:00,15868.0
2010-01-25 09:00:00,16033.0
2010-01-25 10:00:00,16271.0
2010-01-25 11:00:00,16394.0
2010-01-25 12:00:00,16406.0
2010-01-25 13:00:00,16400.0
2010-01-25 14:00:00,16245.0
2010-01-25 15:00:00,16303.0
2010-01-25 16:00:00,16858.0
2010-01-25 17:00:00,17716.0
2010-01-25 18:00:00,17475.0
2010-01-25 19:00:00,16830.0
2010-01-25 20:00:00,15991.0
2010-01-25 21:00:00,14758.0
2010-01-25 22:00:00,13311.0
2010-01-25 23:00:00,11979.0
2010-01-26 00:00:00,11144.0
2010-01-26 01:00:00,10703.0
2010-01-26 02:00:00,10502.0
2010-01-26 03:00:00,10519.0
2010-01-26 04:00:00,10885.0
2010-01-26 05:00:00,12026.0
2010-01-26 06:00:00,14216.0
2010-01-26 07:00:00,15514.0
2010-01-26 08:00:00,15667.0
2010-01-26 09:00:00,15660.0
2010-01-26 10:00:00,15739.0
2010-01-26 11:00:00,15745.0
2010-01-26 12:00:00,15676.0
2010-01-26 13:00:00,15664.0
2010-01-26 14:00:00,15587.0
2010-01-26 15:00:00,15662.0
2010-01-26 16:00:00,16324.0
2010-01-26 17:00:00,17714.0
2010-01-26 18:00:00,17806.0
2010-01-26 19:00:00,17374.0
2010-01-26 20:00:00,16663.0
2010-01-26 21:00:00,15564.0
2010-01-26 22:00:00,14098.0
2010-01-26 23:00:00,12799.0
2010-01-27 00:00:00,11963.0
2010-01-27 01:00:00,11536.0
2010-01-27 02:00:00,11359.0
2010-01-27 03:00:00,11378.0
2010-01-27 04:00:00,11771.0
2010-01-27 05:00:00,12949.0
2010-01-27 06:00:00,15116.0
2010-01-27 07:00:00,16235.0
2010-01-27 08:00:00,16280.0
2010-01-27 09:00:00,16218.0
2010-01-27 10:00:00,16166.0
2010-01-27 11:00:00,16057.0
2010-01-27 12:00:00,15878.0
2010-01-27 13:00:00,15826.0
2010-01-27 14:00:00,15751.0
2010-01-27 15:00:00,15864.0
2010-01-27 16:00:00,16556.0
2010-01-27 17:00:00,17894.0
2010-01-27 18:00:00,17988.0
2010-01-27 19:00:00,17599.0
2010-01-27 20:00:00,16939.0
2010-01-27 21:00:00,15832.0
2010-01-27 22:00:00,14441.0
2010-01-27 23:00:00,13108.0
2010-01-28 00:00:00,12238.0
2010-01-28 01:00:00,11814.0
2010-01-28 02:00:00,11648.0
2010-01-28 03:00:00,11679.0
2010-01-28 04:00:00,12041.0
2010-01-28 05:00:00,13218.0
2010-01-28 06:00:00,15381.0
2010-01-28 07:00:00,16507.0
2010-01-28 08:00:00,16648.0
2010-01-28 09:00:00,16798.0
2010-01-28 10:00:00,16900.0
2010-01-28 11:00:00,16908.0
2010-01-28 12:00:00,16821.0
2010-01-28 13:00:00,16751.0
2010-01-28 14:00:00,16543.0
2010-01-28 15:00:00,16507.0
2010-01-28 16:00:00,17082.0
2010-01-28 17:00:00,18411.0
2010-01-28 18:00:00,18600.0
2010-01-28 19:00:00,18350.0
2010-01-28 20:00:00,17820.0
2010-01-28 21:00:00,16791.0
2010-01-28 22:00:00,15373.0
2010-01-28 23:00:00,14155.0
2010-01-29 00:00:00,13406.0
2010-01-29 01:00:00,13073.0
2010-01-29 02:00:00,12947.0
2010-01-29 03:00:00,13016.0
2010-01-29 04:00:00,13431.0
2010-01-29 05:00:00,14594.0
2010-01-29 06:00:00,16702.0
2010-01-29 07:00:00,17853.0
2010-01-29 08:00:00,18091.0
2010-01-29 09:00:00,18149.0
2010-01-29 10:00:00,18188.0
2010-01-29 11:00:00,18107.0
2010-01-29 12:00:00,17873.0
2010-01-29 13:00:00,17707.0
2010-01-29 14:00:00,17510.0
2010-01-29 15:00:00,17522.0
2010-01-29 16:00:00,18122.0
2010-01-29 17:00:00,19480.0
2010-01-29 18:00:00,19557.0
2010-01-29 19:00:00,19106.0
2010-01-29 20:00:00,18514.0
2010-01-29 21:00:00,17643.0
2010-01-29 22:00:00,16472.0
2010-01-29 23:00:00,15322.0
2010-01-30 00:00:00,14479.0
2010-01-30 01:00:00,14015.0
2010-01-30 02:00:00,13783.0
2010-01-30 03:00:00,13735.0
2010-01-30 04:00:00,13846.0
2010-01-30 05:00:00,14280.0
2010-01-30 06:00:00,15070.0
2010-01-30 07:00:00,15894.0
2010-01-30 08:00:00,16859.0
2010-01-30 09:00:00,17444.0
2010-01-30 10:00:00,17596.0
2010-01-30 11:00:00,17489.0
2010-01-30 12:00:00,17178.0
2010-01-30 13:00:00,16839.0
2010-01-30 14:00:00,16625.0
2010-01-30 15:00:00,16658.0
2010-01-30 16:00:00,17217.0
2010-01-30 17:00:00,18405.0
2010-01-30 18:00:00,18369.0
2010-01-30 19:00:00,17853.0
2010-01-30 20:00:00,17308.0
2010-01-30 21:00:00,16543.0
2010-01-30 22:00:00,15577.0
2010-01-30 23:00:00,14565.0
2010-01-31 00:00:00,13762.0
2010-01-31 01:00:00,13280.0
2010-01-31 02:00:00,13034.0
2010-01-31 03:00:00,12951.0
2010-01-31 04:00:00,13032.0
2010-01-31 05:00:00,13365.0
2010-01-31 06:00:00,13942.0
2010-01-31 07:00:00,14596.0
2010-01-31 08:00:00,15454.0
2010-01-31 09:00:00,16022.0
2010-01-31 10:00:00,16201.0
2010-01-31 11:00:00,16229.0
2010-01-31 12:00:00,16069.0
2010-01-31 13:00:00,15782.0
2010-01-31 14:00:00,15523.0
2010-01-31 15:00:00,15562.0
2010-01-31 16:00:00,16284.0
2010-01-31 17:00:00,17924.0
2010-01-31 18:00:00,18238.0
2010-01-31 19:00:00,17879.0
2010-01-31 20:00:00,17237.0
2010-01-31 21:00:00,16212.0
2010-01-31 22:00:00,14924.0
2010-01-31 23:00:00,13775.0
2010-02-01 00:00:00,12986.0
2010-02-01 01:00:00,12598.0
2010-02-01 02:00:00,12468.0
2010-02-01 03:00:00,12512.0
2010-02-01 04:00:00,12921.0
2010-02-01 05:00:00,14103.0
2010-02-01 06:00:00,16276.0
2010-02-01 07:00:00,17362.0
2010-02-01 08:00:00,17463.0
2010-02-01 09:00:00,17416.0
2010-02-01 10:00:00,17404.0
2010-02-01 11:00:00,17240.0
2010-02-01 12:00:00,16987.0
2010-02-01 13:00:00,16783.0
2010-02-01 14:00:00,16543.0
2010-02-01 15:00:00,16527.0
2010-02-01 16:00:00,17133.0
2010-02-01 17:00:00,18734.0
2010-02-01 18:00:00,19000.0
2010-02-01 19:00:00,18577.0
2010-02-01 20:00:00,17854.0
2010-02-01 21:00:00,16656.0
2010-02-01 22:00:00,15173.0
2010-02-01 23:00:00,13847.0
2010-02-02 00:00:00,13003.0
2010-02-02 01:00:00,12610.0
2010-02-02 02:00:00,12474.0
2010-02-02 03:00:00,12523.0
2010-02-02 04:00:00,12911.0
2010-02-02 05:00:00,14111.0
2010-02-02 06:00:00,16299.0
2010-02-02 07:00:00,17364.0
2010-02-02 08:00:00,17451.0
2010-02-02 09:00:00,17412.0
2010-02-02 10:00:00,17390.0
2010-02-02 11:00:00,17266.0
2010-02-02 12:00:00,17078.0
2010-02-02 13:00:00,16946.0
2010-02-02 14:00:00,16749.0
2010-02-02 15:00:00,16775.0
2010-02-02 16:00:00,17387.0
2010-02-02 17:00:00,18815.0
2010-02-02 18:00:00,18954.0
2010-02-02 19:00:00,18530.0
2010-02-02 20:00:00,17805.0
2010-02-02 21:00:00,16620.0
2010-02-02 22:00:00,15098.0
2010-02-02 23:00:00,13777.0
2010-02-03 00:00:00,12898.0
2010-02-03 01:00:00,12443.0
2010-02-03 02:00:00,12241.0
2010-02-03 03:00:00,12239.0
2010-02-03 04:00:00,12570.0
2010-02-03 05:00:00,13726.0
2010-02-03 06:00:00,15784.0
2010-02-03 07:00:00,16955.0
2010-02-03 08:00:00,17210.0
2010-02-03 09:00:00,17194.0
2010-02-03 10:00:00,17165.0
2010-02-03 11:00:00,17008.0
2010-02-03 12:00:00,16793.0
2010-02-03 13:00:00,16660.0
2010-02-03 14:00:00,16576.0
2010-02-03 15:00:00,16650.0
2010-02-03 16:00:00,17269.0
2010-02-03 17:00:00,18532.0
2010-02-03 18:00:00,18658.0
2010-02-03 19:00:00,18211.0
2010-02-03 20:00:00,17530.0
2010-02-03 21:00:00,16388.0
2010-02-03 22:00:00,14908.0
2010-02-03 23:00:00,13589.0
2010-02-04 00:00:00,12785.0
2010-02-04 01:00:00,12372.0
2010-02-04 02:00:00,12222.0
2010-02-04 03:00:00,12257.0
2010-02-04 04:00:00,12650.0
2010-02-04 05:00:00,13834.0
2010-02-04 06:00:00,16021.0
2010-02-04 07:00:00,17089.0
2010-02-04 08:00:00,17175.0
2010-02-04 09:00:00,17160.0
2010-02-04 10:00:00,17134.0
2010-02-04 11:00:00,16985.0
2010-02-04 12:00:00,16744.0
2010-02-04 13:00:00,16564.0
2010-02-04 14:00:00,16352.0
2010-02-04 15:00:00,16305.0
2010-02-04 16:00:00,16851.0
2010-02-04 17:00:00,18368.0
2010-02-04 18:00:00,18701.0
2010-02-04 19:00:00,18351.0
2010-02-04 20:00:00,17770.0
2010-02-04 21:00:00,16644.0
2010-02-04 22:00:00,15164.0
2010-02-04 23:00:00,13870.0
2010-02-05 00:00:00,13034.0
2010-02-05 01:00:00,12619.0
2010-02-05 02:00:00,12460.0
2010-02-05 03:00:00,12482.0
2010-02-05 04:00:00,12861.0
2010-02-05 05:00:00,14030.0
2010-02-05 06:00:00,16117.0
2010-02-05 07:00:00,17170.0
2010-02-05 08:00:00,17274.0
2010-02-05 09:00:00,17168.0
2010-02-05 10:00:00,17028.0
2010-02-05 11:00:00,16832.0
2010-02-05 12:00:00,16542.0
2010-02-05 13:00:00,16340.0
2010-02-05 14:00:00,16170.0
2010-02-05 15:00:00,16178.0
2010-02-05 16:00:00,16695.0
2010-02-05 17:00:00,17829.0
2010-02-05 18:00:00,17835.0
2010-02-05 19:00:00,17310.0
2010-02-05 20:00:00,16706.0
2010-02-05 21:00:00,15862.0
2010-02-05 22:00:00,14703.0
2010-02-05 23:00:00,13550.0
2010-02-06 00:00:00,12700.0
2010-02-06 01:00:00,12249.0
2010-02-06 02:00:00,12044.0
2010-02-06 03:00:00,12003.0
2010-02-06 04:00:00,12140.0
2010-02-06 05:00:00,12632.0
2010-02-06 06:00:00,13483.0
2010-02-06 07:00:00,14436.0
2010-02-06 08:00:00,15592.0
2010-02-06 09:00:00,16360.0
2010-02-06 10:00:00,16666.0
2010-02-06 11:00:00,16657.0
2010-02-06 12:00:00,16412.0
2010-02-06 13:00:00,16114.0
2010-02-06 14:00:00,15930.0
2010-02-06 15:00:00,15925.0
2010-02-06 16:00:00,16400.0
2010-02-06 17:00:00,17598.0
2010-02-06 18:00:00,17762.0
2010-02-06 19:00:00,17316.0
2010-02-06 20:00:00,16787.0
2010-02-06 21:00:00,16040.0
2010-02-06 22:00:00,15101.0
2010-02-06 23:00:00,14078.0
2010-02-07 00:00:00,13331.0
2010-02-07 01:00:00,12887.0
2010-02-07 02:00:00,12673.0
2010-02-07 03:00:00,12591.0
2010-02-07 04:00:00,12661.0
2010-02-07 05:00:00,12970.0
2010-02-07 06:00:00,13537.0
2010-02-07 07:00:00,14180.0
2010-02-07 08:00:00,15107.0
2010-02-07 09:00:00,15710.0
2010-02-07 10:00:00,15934.0
2010-02-07 11:00:00,15986.0
2010-02-07 12:00:00,15875.0
2010-02-07 13:00:00,15618.0
2010-02-07 14:00:00,15411.0
2010-02-07 15:00:00,15448.0
2010-02-07 16:00:00,16050.0
2010-02-07 17:00:00,17547.0
2010-02-07 18:00:00,17779.0
2010-02-07 19:00:00,17111.0
2010-02-07 20:00:00,16575.0
2010-02-07 21:00:00,15745.0
2010-02-07 22:00:00,14789.0
2010-02-07 23:00:00,13559.0
2010-02-08 00:00:00,12763.0
2010-02-08 01:00:00,12395.0
2010-02-08 02:00:00,12274.0
2010-02-08 03:00:00,12320.0
2010-02-08 04:00:00,12725.0
2010-02-08 05:00:00,13886.0
2010-02-08 06:00:00,15991.0
2010-02-08 07:00:00,17117.0
2010-02-08 08:00:00,17307.0
2010-02-08 09:00:00,17371.0
2010-02-08 10:00:00,17398.0
2010-02-08 11:00:00,17243.0
2010-02-08 12:00:00,16971.0
2010-02-08 13:00:00,16802.0
2010-02-08 14:00:00,16587.0
2010-02-08 15:00:00,16579.0
2010-02-08 16:00:00,17096.0
2010-02-08 17:00:00,18540.0
2010-02-08 18:00:00,18967.0
2010-02-08 19:00:00,18549.0
2010-02-08 20:00:00,17826.0
2010-02-08 21:00:00,16643.0
2010-02-08 22:00:00,15148.0
2010-02-08 23:00:00,13799.0
2010-02-09 00:00:00,13005.0
2010-02-09 01:00:00,12595.0
2010-02-09 02:00:00,12421.0
2010-02-09 03:00:00,12455.0
2010-02-09 04:00:00,12825.0
2010-02-09 05:00:00,14007.0
2010-02-09 06:00:00,16132.0
2010-02-09 07:00:00,17120.0
2010-02-09 08:00:00,17137.0
2010-02-09 09:00:00,17017.0
2010-02-09 10:00:00,16883.0
2010-02-09 11:00:00,16649.0
2010-02-09 12:00:00,16337.0
2010-02-09 13:00:00,16077.0
2010-02-09 14:00:00,15822.0
2010-02-09 15:00:00,15801.0
2010-02-09 16:00:00,16289.0
2010-02-09 17:00:00,17701.0
2010-02-09 18:00:00,18129.0
2010-02-09 19:00:00,17710.0
2010-02-09 20:00:00,17026.0
2010-02-09 21:00:00,15928.0
2010-02-09 22:00:00,14500.0
2010-02-09 23:00:00,13190.0
2010-02-10 00:00:00,12294.0
2010-02-10 01:00:00,11865.0
2010-02-10 02:00:00,11647.0
2010-02-10 03:00:00,11658.0
2010-02-10 04:00:00,11978.0
2010-02-10 05:00:00,13024.0
2010-02-10 06:00:00,14797.0
2010-02-10 07:00:00,15920.0
2010-02-10 08:00:00,16476.0
2010-02-10 09:00:00,16802.0
2010-02-10 10:00:00,17103.0
2010-02-10 11:00:00,17283.0
2010-02-10 12:00:00,17304.0
2010-02-10 13:00:00,17268.0
2010-02-10 14:00:00,17124.0
2010-02-10 15:00:00,17050.0
2010-02-10 16:00:00,17517.0
2010-02-10 17:00:00,18738.0
2010-02-10 18:00:00,18718.0
2010-02-10 19:00:00,18031.0
2010-02-10 20:00:00,17145.0
2010-02-10 21:00:00,15919.0
2010-02-10 22:00:00,14499.0
2010-02-10 23:00:00,13199.0
2010-02-11 00:00:00,12394.0
2010-02-11 01:00:00,11985.0
2010-02-11 02:00:00,11801.0
2010-02-11 03:00:00,11819.0
2010-02-11 04:00:00,12178.0
2010-02-11 05:00:00,13305.0
2010-02-11 06:00:00,15315.0
2010-02-11 07:00:00,16354.0
2010-02-11 08:00:00,16637.0
2010-02-11 09:00:00,16621.0
2010-02-11 10:00:00,16583.0
2010-02-11 11:00:00,16441.0
2010-02-11 12:00:00,16198.0
2010-02-11 13:00:00,15992.0
2010-02-11 14:00:00,15760.0
2010-02-11 15:00:00,15677.0
2010-02-11 16:00:00,16078.0
2010-02-11 17:00:00,17428.0
2010-02-11 18:00:00,17979.0
2010-02-11 19:00:00,17645.0
2010-02-11 20:00:00,17060.0
2010-02-11 21:00:00,16015.0
2010-02-11 22:00:00,14632.0
2010-02-11 23:00:00,13360.0
2010-02-12 00:00:00,12553.0
2010-02-12 01:00:00,12126.0
2010-02-12 02:00:00,11959.0
2010-02-12 03:00:00,11994.0
2010-02-12 04:00:00,12341.0
2010-02-12 05:00:00,13490.0
2010-02-12 06:00:00,15512.0
2010-02-12 07:00:00,16513.0
2010-02-12 08:00:00,16702.0
2010-02-12 09:00:00,16670.0
2010-02-12 10:00:00,16618.0
2010-02-12 11:00:00,16418.0
2010-02-12 12:00:00,16105.0
2010-02-12 13:00:00,15867.0
2010-02-12 14:00:00,15574.0
2010-02-12 15:00:00,15447.0
2010-02-12 16:00:00,15796.0
2010-02-12 17:00:00,16963.0
2010-02-12 18:00:00,17435.0
2010-02-12 19:00:00,17035.0
2010-02-12 20:00:00,16485.0
2010-02-12 21:00:00,15657.0
2010-02-12 22:00:00,14620.0
2010-02-12 23:00:00,13542.0
2010-02-13 00:00:00,12709.0
2010-02-13 01:00:00,12182.0
2010-02-13 02:00:00,11943.0
2010-02-13 03:00:00,11879.0
2010-02-13 04:00:00,12011.0
2010-02-13 05:00:00,12456.0
2010-02-13 06:00:00,13224.0
2010-02-13 07:00:00,14031.0
2010-02-13 08:00:00,15043.0
2010-02-13 09:00:00,15599.0
2010-02-13 10:00:00,15670.0
2010-02-13 11:00:00,15518.0
2010-02-13 12:00:00,15195.0
2010-02-13 13:00:00,14840.0
2010-02-13 14:00:00,14666.0
2010-02-13 15:00:00,14658.0
2010-02-13 16:00:00,15119.0
2010-02-13 17:00:00,16324.0
2010-02-13 18:00:00,16658.0
2010-02-13 19:00:00,16257.0
2010-02-13 20:00:00,15757.0
2010-02-13 21:00:00,15044.0
2010-02-13 22:00:00,14125.0
2010-02-13 23:00:00,13146.0
2010-02-14 00:00:00,12330.0
2010-02-14 01:00:00,11831.0
2010-02-14 02:00:00,11569.0
2010-02-14 03:00:00,11469.0
2010-02-14 04:00:00,11510.0
2010-02-14 05:00:00,11793.0
2010-02-14 06:00:00,12304.0
2010-02-14 07:00:00,12896.0
2010-02-14 08:00:00,13764.0
2010-02-14 09:00:00,14294.0
2010-02-14 10:00:00,14498.0
2010-02-14 11:00:00,14549.0
2010-02-14 12:00:00,14446.0
2010-02-14 13:00:00,14228.0
2010-02-14 14:00:00,14085.0
2010-02-14 15:00:00,14177.0
2010-02-14 16:00:00,14715.0
2010-02-14 17:00:00,15964.0
2010-02-14 18:00:00,16389.0
2010-02-14 19:00:00,15933.0
2010-02-14 20:00:00,15378.0
2010-02-14 21:00:00,14562.0
2010-02-14 22:00:00,13534.0
2010-02-14 23:00:00,12538.0
2010-02-15 00:00:00,11790.0
2010-02-15 01:00:00,11372.0
2010-02-15 02:00:00,11207.0
2010-02-15 03:00:00,11217.0
2010-02-15 04:00:00,11486.0
2010-02-15 05:00:00,12250.0
2010-02-15 06:00:00,13448.0
2010-02-15 07:00:00,14392.0
2010-02-15 08:00:00,15187.0
2010-02-15 09:00:00,15720.0
2010-02-15 10:00:00,15993.0
2010-02-15 11:00:00,15960.0
2010-02-15 12:00:00,15709.0
2010-02-15 13:00:00,15450.0
2010-02-15 14:00:00,15188.0
2010-02-15 15:00:00,15082.0
2010-02-15 16:00:00,15491.0
2010-02-15 17:00:00,16880.0
2010-02-15 18:00:00,17390.0
2010-02-15 19:00:00,16943.0
2010-02-15 20:00:00,16280.0
2010-02-15 21:00:00,15198.0
2010-02-15 22:00:00,13981.0
2010-02-15 23:00:00,12820.0
2010-02-16 00:00:00,11960.0
2010-02-16 01:00:00,11499.0
2010-02-16 02:00:00,11294.0
2010-02-16 03:00:00,11295.0
2010-02-16 04:00:00,11659.0
2010-02-16 05:00:00,12673.0
2010-02-16 06:00:00,14281.0
2010-02-16 07:00:00,15453.0
2010-02-16 08:00:00,16183.0
2010-02-16 09:00:00,16591.0
2010-02-16 10:00:00,16902.0
2010-02-16 11:00:00,17057.0
2010-02-16 12:00:00,17041.0
2010-02-16 13:00:00,16964.0
2010-02-16 14:00:00,16769.0
2010-02-16 15:00:00,16668.0
2010-02-16 16:00:00,17019.0
2010-02-16 17:00:00,18117.0
2010-02-16 18:00:00,18341.0
2010-02-16 19:00:00,17773.0
2010-02-16 20:00:00,16943.0
2010-02-16 21:00:00,15817.0
2010-02-16 22:00:00,14465.0
2010-02-16 23:00:00,13224.0
2010-02-17 00:00:00,12367.0
2010-02-17 01:00:00,11902.0
2010-02-17 02:00:00,11688.0
2010-02-17 03:00:00,11684.0
2010-02-17 04:00:00,12026.0
2010-02-17 05:00:00,13033.0
2010-02-17 06:00:00,14644.0
2010-02-17 07:00:00,15689.0
2010-02-17 08:00:00,16077.0
2010-02-17 09:00:00,16217.0
2010-02-17 10:00:00,16346.0
2010-02-17 11:00:00,16355.0
2010-02-17 12:00:00,16242.0
2010-02-17 13:00:00,16206.0
2010-02-17 14:00:00,16082.0
2010-02-17 15:00:00,16043.0
2010-02-17 16:00:00,16424.0
2010-02-17 17:00:00,17513.0
2010-02-17 18:00:00,17869.0
2010-02-17 19:00:00,17378.0
2010-02-17 20:00:00,16749.0
2010-02-17 21:00:00,15689.0
2010-02-17 22:00:00,14360.0
2010-02-17 23:00:00,13085.0
2010-02-18 00:00:00,12191.0
2010-02-18 01:00:00,11714.0
2010-02-18 02:00:00,11482.0
2010-02-18 03:00:00,11445.0
2010-02-18 04:00:00,11777.0
2010-02-18 05:00:00,12795.0
2010-02-18 06:00:00,14441.0
2010-02-18 07:00:00,15526.0
2010-02-18 08:00:00,15992.0
2010-02-18 09:00:00,16108.0
2010-02-18 10:00:00,16130.0
2010-02-18 11:00:00,16033.0
2010-02-18 12:00:00,15803.0
2010-02-18 13:00:00,15643.0
2010-02-18 14:00:00,15441.0
2010-02-18 15:00:00,15318.0
2010-02-18 16:00:00,15632.0
2010-02-18 17:00:00,16782.0
2010-02-18 18:00:00,17433.0
2010-02-18 19:00:00,17105.0
2010-02-18 20:00:00,16503.0
2010-02-18 21:00:00,15526.0
2010-02-18 22:00:00,14241.0
2010-02-18 23:00:00,13027.0
2010-02-19 00:00:00,12177.0
2010-02-19 01:00:00,11687.0
2010-02-19 02:00:00,11450.0
2010-02-19 03:00:00,11415.0
2010-02-19 04:00:00,11719.0
2010-02-19 05:00:00,12697.0
2010-02-19 06:00:00,14264.0
2010-02-19 07:00:00,15404.0
2010-02-19 08:00:00,16011.0
2010-02-19 09:00:00,16184.0
2010-02-19 10:00:00,16228.0
2010-02-19 11:00:00,16090.0
2010-02-19 12:00:00,15894.0
2010-02-19 13:00:00,15692.0
2010-02-19 14:00:00,15465.0
2010-02-19 15:00:00,15305.0
2010-02-19 16:00:00,15546.0
2010-02-19 17:00:00,16504.0
2010-02-19 18:00:00,17018.0
2010-02-19 19:00:00,16565.0
2010-02-19 20:00:00,15980.0
2010-02-19 21:00:00,15127.0
2010-02-19 22:00:00,14004.0
2010-02-19 23:00:00,12876.0
2010-02-20 00:00:00,11993.0
2010-02-20 01:00:00,11527.0
2010-02-20 02:00:00,11267.0
2010-02-20 03:00:00,11153.0
2010-02-20 04:00:00,11235.0
2010-02-20 05:00:00,11634.0
2010-02-20 06:00:00,12293.0
2010-02-20 07:00:00,13031.0
2010-02-20 08:00:00,13926.0
2010-02-20 09:00:00,14464.0
2010-02-20 10:00:00,14635.0
2010-02-20 11:00:00,14538.0
2010-02-20 12:00:00,14241.0
2010-02-20 13:00:00,13879.0
2010-02-20 14:00:00,13597.0
2010-02-20 15:00:00,13516.0
2010-02-20 16:00:00,13865.0
2010-02-20 17:00:00,15026.0
2010-02-20 18:00:00,15707.0
2010-02-20 19:00:00,15358.0
2010-02-20 20:00:00,14879.0
2010-02-20 21:00:00,14192.0
2010-02-20 22:00:00,13285.0
2010-02-20 23:00:00,12341.0
2010-02-21 00:00:00,11563.0
2010-02-21 01:00:00,11081.0
2010-02-21 02:00:00,10830.0
2010-02-21 03:00:00,10742.0
2010-02-21 04:00:00,10820.0
2010-02-21 05:00:00,11128.0
2010-02-21 06:00:00,11586.0
2010-02-21 07:00:00,12206.0
2010-02-21 08:00:00,13178.0
2010-02-21 09:00:00,13892.0
2010-02-21 10:00:00,14196.0
2010-02-21 11:00:00,14299.0
2010-02-21 12:00:00,14241.0
2010-02-21 13:00:00,14016.0
2010-02-21 14:00:00,13808.0
2010-02-21 15:00:00,13807.0
2010-02-21 16:00:00,14303.0
2010-02-21 17:00:00,15651.0
2010-02-21 18:00:00,16541.0
2010-02-21 19:00:00,16246.0
2010-02-21 20:00:00,15644.0
2010-02-21 21:00:00,14707.0
2010-02-21 22:00:00,13499.0
2010-02-21 23:00:00,12399.0
2010-02-22 00:00:00,11690.0
2010-02-22 01:00:00,11343.0
2010-02-22 02:00:00,11222.0
2010-02-22 03:00:00,11268.0
2010-02-22 04:00:00,11660.0
2010-02-22 05:00:00,12836.0
2010-02-22 06:00:00,14787.0
2010-02-22 07:00:00,15829.0
2010-02-22 08:00:00,16032.0
2010-02-22 09:00:00,15995.0
2010-02-22 10:00:00,15962.0
2010-02-22 11:00:00,15805.0
2010-02-22 12:00:00,15558.0
2010-02-22 13:00:00,15368.0
2010-02-22 14:00:00,15141.0
2010-02-22 15:00:00,15112.0
2010-02-22 16:00:00,15556.0
2010-02-22 17:00:00,16756.0
2010-02-22 18:00:00,17392.0
2010-02-22 19:00:00,16981.0
2010-02-22 20:00:00,16290.0
2010-02-22 21:00:00,15166.0
2010-02-22 22:00:00,13745.0
2010-02-22 23:00:00,12476.0
2010-02-23 00:00:00,11702.0
2010-02-23 01:00:00,11281.0
2010-02-23 02:00:00,11100.0
2010-02-23 03:00:00,11052.0
2010-02-23 04:00:00,11381.0
2010-02-23 05:00:00,12496.0
2010-02-23 06:00:00,14465.0
2010-02-23 07:00:00,15630.0
2010-02-23 08:00:00,16005.0
2010-02-23 09:00:00,16189.0
2010-02-23 10:00:00,16378.0
2010-02-23 11:00:00,16456.0
2010-02-23 12:00:00,16405.0
2010-02-23 13:00:00,16332.0
2010-02-23 14:00:00,16198.0
2010-02-23 15:00:00,16280.0
2010-02-23 16:00:00,16801.0
2010-02-23 17:00:00,17797.0
2010-02-23 18:00:00,17993.0
2010-02-23 19:00:00,17503.0
2010-02-23 20:00:00,16714.0
2010-02-23 21:00:00,15524.0
2010-02-23 22:00:00,14087.0
2010-02-23 23:00:00,12766.0
2010-02-24 00:00:00,11929.0
2010-02-24 01:00:00,11489.0
2010-02-24 02:00:00,11266.0
2010-02-24 03:00:00,11227.0
2010-02-24 04:00:00,11521.0
2010-02-24 05:00:00,12577.0
2010-02-24 06:00:00,14418.0
2010-02-24 07:00:00,15626.0
2010-02-24 08:00:00,16121.0
2010-02-24 09:00:00,16365.0
2010-02-24 10:00:00,16587.0
2010-02-24 11:00:00,16692.0
2010-02-24 12:00:00,16602.0
2010-02-24 13:00:00,16515.0
2010-02-24 14:00:00,16350.0
2010-02-24 15:00:00,16285.0
2010-02-24 16:00:00,16647.0
2010-02-24 17:00:00,17525.0
2010-02-24 18:00:00,17782.0
2010-02-24 19:00:00,17237.0
2010-02-24 20:00:00,16489.0
2010-02-24 21:00:00,15304.0
2010-02-24 22:00:00,13857.0
2010-02-24 23:00:00,12532.0
2010-02-25 00:00:00,11671.0
2010-02-25 01:00:00,11209.0
2010-02-25 02:00:00,10973.0
2010-02-25 03:00:00,10940.0
2010-02-25 04:00:00,11233.0
2010-02-25 05:00:00,12314.0
2010-02-25 06:00:00,14275.0
2010-02-25 07:00:00,15532.0
2010-02-25 08:00:00,15948.0
2010-02-25 09:00:00,16176.0
2010-02-25 10:00:00,16372.0
2010-02-25 11:00:00,16394.0
2010-02-25 12:00:00,16313.0
2010-02-25 13:00:00,16267.0
2010-02-25 14:00:00,16162.0
2010-02-25 15:00:00,16246.0
2010-02-25 16:00:00,16678.0
2010-02-25 17:00:00,17560.0
2010-02-25 18:00:00,17713.0
2010-02-25 19:00:00,17244.0
2010-02-25 20:00:00,16484.0
2010-02-25 21:00:00,15367.0
2010-02-25 22:00:00,13782.0
2010-02-25 23:00:00,12086.0
2010-02-26 00:00:00,11083.0
2010-02-26 01:00:00,10615.0
2010-02-26 02:00:00,10419.0
2010-02-26 03:00:00,10480.0
2010-02-26 04:00:00,10827.0
2010-02-26 05:00:00,11846.0
2010-02-26 06:00:00,13556.0
2010-02-26 07:00:00,14645.0
2010-02-26 08:00:00,15136.0
2010-02-26 09:00:00,15451.0
2010-02-26 10:00:00,15724.0
2010-02-26 11:00:00,15810.0
2010-02-26 12:00:00,15732.0
2010-02-26 13:00:00,15646.0
2010-02-26 14:00:00,15479.0
2010-02-26 15:00:00,15438.0
2010-02-26 16:00:00,15754.0
2010-02-26 17:00:00,16447.0
2010-02-26 18:00:00,16790.0
2010-02-26 19:00:00,16332.0
2010-02-26 20:00:00,15728.0
2010-02-26 21:00:00,14868.0
2010-02-26 22:00:00,13758.0
2010-02-26 23:00:00,12639.0
2010-02-27 00:00:00,11776.0
2010-02-27 01:00:00,11266.0
2010-02-27 02:00:00,10971.0
2010-02-27 03:00:00,10861.0
2010-02-27 04:00:00,10943.0
2010-02-27 05:00:00,11326.0
2010-02-27 06:00:00,11976.0
2010-02-27 07:00:00,12773.0
2010-02-27 08:00:00,13782.0
2010-02-27 09:00:00,14448.0
2010-02-27 10:00:00,14761.0
2010-02-27 11:00:00,14787.0
2010-02-27 12:00:00,14662.0
2010-02-27 13:00:00,14467.0
2010-02-27 14:00:00,14335.0
2010-02-27 15:00:00,14358.0
2010-02-27 16:00:00,14649.0
2010-02-27 17:00:00,15523.0
2010-02-27 18:00:00,16039.0
2010-02-27 19:00:00,15609.0
2010-02-27 20:00:00,15125.0
2010-02-27 21:00:00,14439.0
2010-02-27 22:00:00,13481.0
2010-02-27 23:00:00,12501.0
2010-02-28 00:00:00,11679.0
2010-02-28 01:00:00,11202.0
2010-02-28 02:00:00,10930.0
2010-02-28 03:00:00,10820.0
2010-02-28 04:00:00,10864.0
2010-02-28 05:00:00,11116.0
2010-02-28 06:00:00,11562.0
2010-02-28 07:00:00,12236.0
2010-02-28 08:00:00,13193.0
2010-02-28 09:00:00,13873.0
2010-02-28 10:00:00,14239.0
2010-02-28 11:00:00,14413.0
2010-02-28 12:00:00,14494.0
2010-02-28 13:00:00,14455.0
2010-02-28 14:00:00,14391.0
2010-02-28 15:00:00,14450.0
2010-02-28 16:00:00,14896.0
2010-02-28 17:00:00,15817.0
2010-02-28 18:00:00,16563.0
2010-02-28 19:00:00,16219.0
2010-02-28 20:00:00,15602.0
2010-02-28 21:00:00,14585.0
2010-02-28 22:00:00,13344.0
2010-02-28 23:00:00,12259.0
2010-03-01 00:00:00,11544.0
2010-03-01 01:00:00,11175.0
2010-03-01 02:00:00,11016.0
2010-03-01 03:00:00,11047.0
2010-03-01 04:00:00,11424.0
2010-03-01 05:00:00,12559.0
2010-03-01 06:00:00,14538.0
2010-03-01 07:00:00,15693.0
2010-03-01 08:00:00,16066.0
2010-03-01 09:00:00,16182.0
2010-03-01 10:00:00,16246.0
2010-03-01 11:00:00,16180.0
2010-03-01 12:00:00,15991.0
2010-03-01 13:00:00,15817.0
2010-03-01 14:00:00,15570.0
2010-03-01 15:00:00,15475.0
2010-03-01 16:00:00,15810.0
2010-03-01 17:00:00,16820.0
2010-03-01 18:00:00,17571.0
2010-03-01 19:00:00,17190.0
2010-03-01 20:00:00,16458.0
2010-03-01 21:00:00,15261.0
2010-03-01 22:00:00,13818.0
2010-03-01 23:00:00,12495.0
2010-03-02 00:00:00,11614.0
2010-03-02 01:00:00,11168.0
2010-03-02 02:00:00,10964.0
2010-03-02 03:00:00,10955.0
2010-03-02 04:00:00,11314.0
2010-03-02 05:00:00,12442.0
2010-03-02 06:00:00,14335.0
2010-03-02 07:00:00,15408.0
2010-03-02 08:00:00,15556.0
2010-03-02 09:00:00,15542.0
2010-03-02 10:00:00,15511.0
2010-03-02 11:00:00,15406.0
2010-03-02 12:00:00,15239.0
2010-03-02 13:00:00,15129.0
2010-03-02 14:00:00,14965.0
2010-03-02 15:00:00,14908.0
2010-03-02 16:00:00,15256.0
2010-03-02 17:00:00,16349.0
2010-03-02 18:00:00,17163.0
2010-03-02 19:00:00,16842.0
2010-03-02 20:00:00,16164.0
2010-03-02 21:00:00,15038.0
2010-03-02 22:00:00,13614.0
2010-03-02 23:00:00,12328.0
2010-03-03 00:00:00,11517.0
2010-03-03 01:00:00,11078.0
2010-03-03 02:00:00,10893.0
2010-03-03 03:00:00,10878.0
2010-03-03 04:00:00,11221.0
2010-03-03 05:00:00,12365.0
2010-03-03 06:00:00,14442.0
2010-03-03 07:00:00,15748.0
2010-03-03 08:00:00,16135.0
2010-03-03 09:00:00,16310.0
2010-03-03 10:00:00,16416.0
2010-03-03 11:00:00,16422.0
2010-03-03 12:00:00,16355.0
2010-03-03 13:00:00,16293.0
2010-03-03 14:00:00,16172.0
2010-03-03 15:00:00,16210.0
2010-03-03 16:00:00,16554.0
2010-03-03 17:00:00,17433.0
2010-03-03 18:00:00,17904.0
2010-03-03 19:00:00,17508.0
2010-03-03 20:00:00,16769.0
2010-03-03 21:00:00,15595.0
2010-03-03 22:00:00,14120.0
2010-03-03 23:00:00,12774.0
2010-03-04 00:00:00,11918.0
2010-03-04 01:00:00,11468.0
2010-03-04 02:00:00,11240.0
2010-03-04 03:00:00,11225.0
2010-03-04 04:00:00,11553.0
2010-03-04 05:00:00,12676.0
2010-03-04 06:00:00,14605.0
2010-03-04 07:00:00,15704.0
2010-03-04 08:00:00,15990.0
2010-03-04 09:00:00,16072.0
2010-03-04 10:00:00,16139.0
2010-03-04 11:00:00,16104.0
2010-03-04 12:00:00,15962.0
2010-03-04 13:00:00,15886.0
2010-03-04 14:00:00,15761.0
2010-03-04 15:00:00,15786.0
2010-03-04 16:00:00,16129.0
2010-03-04 17:00:00,17010.0
2010-03-04 18:00:00,17611.0
2010-03-04 19:00:00,17291.0
2010-03-04 20:00:00,16593.0
2010-03-04 21:00:00,15485.0
2010-03-04 22:00:00,14042.0
2010-03-04 23:00:00,12734.0
2010-03-05 00:00:00,11872.0
2010-03-05 01:00:00,11427.0
2010-03-05 02:00:00,11213.0
2010-03-05 03:00:00,11193.0
2010-03-05 04:00:00,11524.0
2010-03-05 05:00:00,12630.0
2010-03-05 06:00:00,14513.0
2010-03-05 07:00:00,15680.0
2010-03-05 08:00:00,15994.0
2010-03-05 09:00:00,16040.0
2010-03-05 10:00:00,16017.0
2010-03-05 11:00:00,15869.0
2010-03-05 12:00:00,15594.0
2010-03-05 13:00:00,15379.0
2010-03-05 14:00:00,15092.0
2010-03-05 15:00:00,14919.0
2010-03-05 16:00:00,15060.0
2010-03-05 17:00:00,15756.0
2010-03-05 18:00:00,16627.0
2010-03-05 19:00:00,16297.0
2010-03-05 20:00:00,15755.0
2010-03-05 21:00:00,14951.0
2010-03-05 22:00:00,13838.0
2010-03-05 23:00:00,12726.0
2010-03-06 00:00:00,11913.0
2010-03-06 01:00:00,11437.0
2010-03-06 02:00:00,11212.0
2010-03-06 03:00:00,11149.0
2010-03-06 04:00:00,11273.0
2010-03-06 05:00:00,11771.0
2010-03-06 06:00:00,12379.0
2010-03-06 07:00:00,13207.0
2010-03-06 08:00:00,14012.0
2010-03-06 09:00:00,14421.0
2010-03-06 10:00:00,14468.0
2010-03-06 11:00:00,14253.0
2010-03-06 12:00:00,13890.0
2010-03-06 13:00:00,13498.0
2010-03-06 14:00:00,13175.0
2010-03-06 15:00:00,13023.0
2010-03-06 16:00:00,13219.0
2010-03-06 17:00:00,14041.0
2010-03-06 18:00:00,15110.0
2010-03-06 19:00:00,14859.0
2010-03-06 20:00:00,14411.0
2010-03-06 21:00:00,13739.0
2010-03-06 22:00:00,12830.0
2010-03-06 23:00:00,11907.0
2010-03-07 00:00:00,11169.0
2010-03-07 01:00:00,10746.0
2010-03-07 02:00:00,10520.0
2010-03-07 03:00:00,10458.0
2010-03-07 04:00:00,10557.0
2010-03-07 05:00:00,10874.0
2010-03-07 06:00:00,11255.0
2010-03-07 07:00:00,11948.0
2010-03-07 08:00:00,12775.0
2010-03-07 09:00:00,13287.0
2010-03-07 10:00:00,13452.0
2010-03-07 11:00:00,13452.0
2010-03-07 12:00:00,13313.0
2010-03-07 13:00:00,13027.0
2010-03-07 14:00:00,12765.0
2010-03-07 15:00:00,12726.0
2010-03-07 16:00:00,13101.0
2010-03-07 17:00:00,14096.0
2010-03-07 18:00:00,15394.0
2010-03-07 19:00:00,15199.0
2010-03-07 20:00:00,14545.0
2010-03-07 21:00:00,13595.0
2010-03-07 22:00:00,12415.0
2010-03-07 23:00:00,11382.0
2010-03-08 00:00:00,10676.0
2010-03-08 01:00:00,10299.0
2010-03-08 02:00:00,10163.0
2010-03-08 03:00:00,10214.0
2010-03-08 04:00:00,10624.0
2010-03-08 05:00:00,11846.0
2010-03-08 06:00:00,13716.0
2010-03-08 07:00:00,14830.0
2010-03-08 08:00:00,15075.0
2010-03-08 09:00:00,15125.0
2010-03-08 10:00:00,15192.0
2010-03-08 11:00:00,15137.0
2010-03-08 12:00:00,14971.0
2010-03-08 13:00:00,14827.0
2010-03-08 14:00:00,14613.0
2010-03-08 15:00:00,14473.0
2010-03-08 16:00:00,14656.0
2010-03-08 17:00:00,15456.0
2010-03-08 18:00:00,16547.0
2010-03-08 19:00:00,16260.0
2010-03-08 20:00:00,15556.0
2010-03-08 21:00:00,14378.0
2010-03-08 22:00:00,12920.0
2010-03-08 23:00:00,11657.0
2010-03-09 00:00:00,10887.0
2010-03-09 01:00:00,10490.0
2010-03-09 02:00:00,10357.0
2010-03-09 03:00:00,10386.0
2010-03-09 04:00:00,10767.0
2010-03-09 05:00:00,11950.0
2010-03-09 06:00:00,13783.0
2010-03-09 07:00:00,14903.0
2010-03-09 08:00:00,15102.0
2010-03-09 09:00:00,15138.0
2010-03-09 10:00:00,15176.0
2010-03-09 11:00:00,15071.0
2010-03-09 12:00:00,14911.0
2010-03-09 13:00:00,14800.0
2010-03-09 14:00:00,14595.0
2010-03-09 15:00:00,14489.0
2010-03-09 16:00:00,14682.0
2010-03-09 17:00:00,15438.0
2010-03-09 18:00:00,16587.0
2010-03-09 19:00:00,16399.0
2010-03-09 20:00:00,15757.0
2010-03-09 21:00:00,14652.0
2010-03-09 22:00:00,13220.0
2010-03-09 23:00:00,11998.0
2010-03-10 00:00:00,11241.0
2010-03-10 01:00:00,10872.0
2010-03-10 02:00:00,10739.0
2010-03-10 03:00:00,10796.0
2010-03-10 04:00:00,11174.0
2010-03-10 05:00:00,12352.0
2010-03-10 06:00:00,14181.0
2010-03-10 07:00:00,15241.0
2010-03-10 08:00:00,15337.0
2010-03-10 09:00:00,15285.0
2010-03-10 10:00:00,15265.0
2010-03-10 11:00:00,15141.0
2010-03-10 12:00:00,14931.0
2010-03-10 13:00:00,14793.0
2010-03-10 14:00:00,14569.0
2010-03-10 15:00:00,14453.0
2010-03-10 16:00:00,14629.0
2010-03-10 17:00:00,15362.0
2010-03-10 18:00:00,16501.0
2010-03-10 19:00:00,16300.0
2010-03-10 20:00:00,15684.0
2010-03-10 21:00:00,14562.0
2010-03-10 22:00:00,13109.0
2010-03-10 23:00:00,11861.0
2010-03-11 00:00:00,11074.0
2010-03-11 01:00:00,10671.0
2010-03-11 02:00:00,10475.0
2010-03-11 03:00:00,10482.0
2010-03-11 04:00:00,10802.0
2010-03-11 05:00:00,11916.0
2010-03-11 06:00:00,13755.0
2010-03-11 07:00:00,14909.0
2010-03-11 08:00:00,15212.0
2010-03-11 09:00:00,15318.0
2010-03-11 10:00:00,15433.0
2010-03-11 11:00:00,15405.0
2010-03-11 12:00:00,15280.0
2010-03-11 13:00:00,15279.0
2010-03-11 14:00:00,15179.0
2010-03-11 15:00:00,15189.0
2010-03-11 16:00:00,15531.0
2010-03-11 17:00:00,16291.0
2010-03-11 18:00:00,16863.0
2010-03-11 19:00:00,16514.0
2010-03-11 20:00:00,15803.0
2010-03-11 21:00:00,14693.0
2010-03-11 22:00:00,13227.0
2010-03-11 23:00:00,11943.0
2010-03-12 00:00:00,11101.0
2010-03-12 01:00:00,10661.0
2010-03-12 02:00:00,10454.0
2010-03-12 03:00:00,10431.0
2010-03-12 04:00:00,10734.0
2010-03-12 05:00:00,11797.0
2010-03-12 06:00:00,13623.0
2010-03-12 07:00:00,14891.0
2010-03-12 08:00:00,15292.0
2010-03-12 09:00:00,15472.0
2010-03-12 10:00:00,15580.0
2010-03-12 11:00:00,15505.0
2010-03-12 12:00:00,15308.0
2010-03-12 13:00:00,15155.0
2010-03-12 14:00:00,14935.0
2010-03-12 15:00:00,14828.0
2010-03-12 16:00:00,15028.0
2010-03-12 17:00:00,15585.0
2010-03-12 18:00:00,16245.0
2010-03-12 19:00:00,15854.0
2010-03-12 20:00:00,15273.0
2010-03-12 21:00:00,14411.0
2010-03-12 22:00:00,13271.0
2010-03-12 23:00:00,12155.0
2010-03-13 00:00:00,11316.0
2010-03-13 01:00:00,10827.0
2010-03-13 02:00:00,10582.0
2010-03-13 03:00:00,10500.0
2010-03-13 04:00:00,10600.0
2010-03-13 05:00:00,11076.0
2010-03-13 06:00:00,11754.0
2010-03-13 07:00:00,12728.0
2010-03-13 08:00:00,13893.0
2010-03-13 09:00:00,14681.0
2010-03-13 10:00:00,15029.0
2010-03-13 11:00:00,15132.0
2010-03-13 12:00:00,14998.0
2010-03-13 13:00:00,14774.0
2010-03-13 14:00:00,14644.0
2010-03-13 15:00:00,14669.0
2010-03-13 16:00:00,14949.0
2010-03-13 17:00:00,15531.0
2010-03-13 18:00:00,15781.0
2010-03-13 19:00:00,15313.0
2010-03-13 20:00:00,14625.0
2010-03-13 21:00:00,13882.0
2010-03-13 22:00:00,12865.0
2010-03-13 23:00:00,11956.0
2010-03-14 00:00:00,11220.0
2010-03-14 01:00:00,11000.0
2010-03-14 02:00:00,10780.0
2010-03-14 03:00:00,10399.0
2010-03-14 04:00:00,10336.0
2010-03-14 05:00:00,10439.0
2010-03-14 06:00:00,10811.0
2010-03-14 07:00:00,11323.0
2010-03-14 08:00:00,12186.0
2010-03-14 09:00:00,13125.0
2010-03-14 10:00:00,13833.0
2010-03-14 11:00:00,14357.0
2010-03-14 12:00:00,14558.0
2010-03-14 13:00:00,14494.0
2010-03-14 14:00:00,14328.0
2010-03-14 15:00:00,14272.0
2010-03-14 16:00:00,14458.0
2010-03-14 17:00:00,14871.0
2010-03-14 18:00:00,15361.0
2010-03-14 19:00:00,15768.0
2010-03-14 20:00:00,15305.0
2010-03-14 21:00:00,14422.0
2010-03-14 22:00:00,13201.0
2010-03-14 23:00:00,11999.0
2010-03-15 00:00:00,11209.0
2010-03-15 01:00:00,10712.0
2010-03-15 02:00:00,10498.0
2010-03-15 03:00:00,10480.0
2010-03-15 04:00:00,10783.0
2010-03-15 05:00:00,11784.0
2010-03-15 06:00:00,13816.0
2010-03-15 07:00:00,15262.0
2010-03-15 08:00:00,15729.0
2010-03-15 09:00:00,16020.0
2010-03-15 10:00:00,16299.0
2010-03-15 11:00:00,16442.0
2010-03-15 12:00:00,16419.0
2010-03-15 13:00:00,16361.0
2010-03-15 14:00:00,16174.0
2010-03-15 15:00:00,16085.0
2010-03-15 16:00:00,16215.0
2010-03-15 17:00:00,16572.0
2010-03-15 18:00:00,16914.0
2010-03-15 19:00:00,17268.0
2010-03-15 20:00:00,16728.0
2010-03-15 21:00:00,15591.0
2010-03-15 22:00:00,14085.0
2010-03-15 23:00:00,12683.0
2010-03-16 00:00:00,11746.0
2010-03-16 01:00:00,11210.0
2010-03-16 02:00:00,10964.0
2010-03-16 03:00:00,10892.0
2010-03-16 04:00:00,11201.0
2010-03-16 05:00:00,12220.0
2010-03-16 06:00:00,14244.0
2010-03-16 07:00:00,15359.0
2010-03-16 08:00:00,15517.0
2010-03-16 09:00:00,15500.0
2010-03-16 10:00:00,15511.0
2010-03-16 11:00:00,15404.0
2010-03-16 12:00:00,15193.0
2010-03-16 13:00:00,15061.0
2010-03-16 14:00:00,14773.0
2010-03-16 15:00:00,14526.0
2010-03-16 16:00:00,14457.0
2010-03-16 17:00:00,14593.0
2010-03-16 18:00:00,14954.0
2010-03-16 19:00:00,16025.0
2010-03-16 20:00:00,15814.0
2010-03-16 21:00:00,14818.0
2010-03-16 22:00:00,13461.0
2010-03-16 23:00:00,12160.0
2010-03-17 00:00:00,11245.0
2010-03-17 01:00:00,10783.0
2010-03-17 02:00:00,10607.0
2010-03-17 03:00:00,10630.0
2010-03-17 04:00:00,10939.0
2010-03-17 05:00:00,11996.0
2010-03-17 06:00:00,14052.0
2010-03-17 07:00:00,15219.0
2010-03-17 08:00:00,15375.0
2010-03-17 09:00:00,15299.0
2010-03-17 10:00:00,15258.0
2010-03-17 11:00:00,15161.0
2010-03-17 12:00:00,14965.0
2010-03-17 13:00:00,14860.0
2010-03-17 14:00:00,14639.0
2010-03-17 15:00:00,14436.0
2010-03-17 16:00:00,14335.0
2010-03-17 17:00:00,14375.0
2010-03-17 18:00:00,14560.0
2010-03-17 19:00:00,15496.0
2010-03-17 20:00:00,15309.0
2010-03-17 21:00:00,14343.0
2010-03-17 22:00:00,12952.0
2010-03-17 23:00:00,11672.0
2010-03-18 00:00:00,10797.0
2010-03-18 01:00:00,10331.0
2010-03-18 02:00:00,10141.0
2010-03-18 03:00:00,10139.0
2010-03-18 04:00:00,10440.0
2010-03-18 05:00:00,11488.0
2010-03-18 06:00:00,13522.0
2010-03-18 07:00:00,14667.0
2010-03-18 08:00:00,14900.0
2010-03-18 09:00:00,14957.0
2010-03-18 10:00:00,15057.0
2010-03-18 11:00:00,15029.0
2010-03-18 12:00:00,14883.0
2010-03-18 13:00:00,14809.0
2010-03-18 14:00:00,14579.0
2010-03-18 15:00:00,14391.0
2010-03-18 16:00:00,14335.0
2010-03-18 17:00:00,14396.0
2010-03-18 18:00:00,14615.0
2010-03-18 19:00:00,15529.0
2010-03-18 20:00:00,15300.0
2010-03-18 21:00:00,14275.0
2010-03-18 22:00:00,12825.0
2010-03-18 23:00:00,11518.0
2010-03-19 00:00:00,10645.0
2010-03-19 01:00:00,10151.0
2010-03-19 02:00:00,9933.0
2010-03-19 03:00:00,9907.0
2010-03-19 04:00:00,10191.0
2010-03-19 05:00:00,11199.0
2010-03-19 06:00:00,13175.0
2010-03-19 07:00:00,14345.0
2010-03-19 08:00:00,14647.0
2010-03-19 09:00:00,14751.0
2010-03-19 10:00:00,14871.0
2010-03-19 11:00:00,14810.0
2010-03-19 12:00:00,14683.0
2010-03-19 13:00:00,14598.0
2010-03-19 14:00:00,14365.0
2010-03-19 15:00:00,14152.0
2010-03-19 16:00:00,13983.0
2010-03-19 17:00:00,13903.0
2010-03-19 18:00:00,13952.0
2010-03-19 19:00:00,14702.0
2010-03-19 20:00:00,14469.0
2010-03-19 21:00:00,13707.0
2010-03-19 22:00:00,12573.0
2010-03-19 23:00:00,11440.0
2010-03-20 00:00:00,10539.0
2010-03-20 01:00:00,9998.0
2010-03-20 02:00:00,9709.0
2010-03-20 03:00:00,9584.0
2010-03-20 04:00:00,9666.0
2010-03-20 05:00:00,10062.0
2010-03-20 06:00:00,10793.0
2010-03-20 07:00:00,11609.0
2010-03-20 08:00:00,12630.0
2010-03-20 09:00:00,13290.0
2010-03-20 10:00:00,13549.0
2010-03-20 11:00:00,13478.0
2010-03-20 12:00:00,13218.0
2010-03-20 13:00:00,12927.0
2010-03-20 14:00:00,12678.0
2010-03-20 15:00:00,12581.0
2010-03-20 16:00:00,12630.0
2010-03-20 17:00:00,12786.0
2010-03-20 18:00:00,13012.0
2010-03-20 19:00:00,13838.0
2010-03-20 20:00:00,13643.0
2010-03-20 21:00:00,12951.0
2010-03-20 22:00:00,11998.0
2010-03-20 23:00:00,11000.0
2010-03-21 00:00:00,10166.0
2010-03-21 01:00:00,9627.0
2010-03-21 02:00:00,9346.0
2010-03-21 03:00:00,9217.0
2010-03-21 04:00:00,9237.0
2010-03-21 05:00:00,9477.0
2010-03-21 06:00:00,9932.0
2010-03-21 07:00:00,10544.0
2010-03-21 08:00:00,11579.0
2010-03-21 09:00:00,12380.0
2010-03-21 10:00:00,12770.0
2010-03-21 11:00:00,12962.0
2010-03-21 12:00:00,12972.0
2010-03-21 13:00:00,12799.0
2010-03-21 14:00:00,12599.0
2010-03-21 15:00:00,12511.0
2010-03-21 16:00:00,12668.0
2010-03-21 17:00:00,13057.0
2010-03-21 18:00:00,13581.0
2010-03-21 19:00:00,14552.0
2010-03-21 20:00:00,14297.0
2010-03-21 21:00:00,13330.0
2010-03-21 22:00:00,12069.0
2010-03-21 23:00:00,10968.0
2010-03-22 00:00:00,10163.0
2010-03-22 01:00:00,9760.0
2010-03-22 02:00:00,9593.0
2010-03-22 03:00:00,9589.0
2010-03-22 04:00:00,9891.0
2010-03-22 05:00:00,10974.0
2010-03-22 06:00:00,13088.0
2010-03-22 07:00:00,14434.0
2010-03-22 08:00:00,14890.0
2010-03-22 09:00:00,15089.0
2010-03-22 10:00:00,15267.0
2010-03-22 11:00:00,15310.0
2010-03-22 12:00:00,15283.0
2010-03-22 13:00:00,15227.0
2010-03-22 14:00:00,15118.0
2010-03-22 15:00:00,15105.0
2010-03-22 16:00:00,15289.0
2010-03-22 17:00:00,15691.0
2010-03-22 18:00:00,15992.0
2010-03-22 19:00:00,16272.0
2010-03-22 20:00:00,15654.0
2010-03-22 21:00:00,14484.0
2010-03-22 22:00:00,12987.0
2010-03-22 23:00:00,11647.0
2010-03-23 00:00:00,10815.0
2010-03-23 01:00:00,10345.0
2010-03-23 02:00:00,10120.0
2010-03-23 03:00:00,10069.0
2010-03-23 04:00:00,10369.0
2010-03-23 05:00:00,11423.0
2010-03-23 06:00:00,13550.0
2010-03-23 07:00:00,14961.0
2010-03-23 08:00:00,15405.0
2010-03-23 09:00:00,15659.0
2010-03-23 10:00:00,15839.0
2010-03-23 11:00:00,15858.0
2010-03-23 12:00:00,15770.0
2010-03-23 13:00:00,15636.0
2010-03-23 14:00:00,15457.0
2010-03-23 15:00:00,15406.0
2010-03-23 16:00:00,15616.0
2010-03-23 17:00:00,16018.0
2010-03-23 18:00:00,16258.0
2010-03-23 19:00:00,16486.0
2010-03-23 20:00:00,15923.0
2010-03-23 21:00:00,14767.0
2010-03-23 22:00:00,13316.0
2010-03-23 23:00:00,11977.0
2010-03-24 00:00:00,11075.0
2010-03-24 01:00:00,10596.0
2010-03-24 02:00:00,10381.0
2010-03-24 03:00:00,10335.0
2010-03-24 04:00:00,10636.0
2010-03-24 05:00:00,11709.0
2010-03-24 06:00:00,13834.0
2010-03-24 07:00:00,15103.0
2010-03-24 08:00:00,15437.0
2010-03-24 09:00:00,15550.0
2010-03-24 10:00:00,15600.0
2010-03-24 11:00:00,15530.0
2010-03-24 12:00:00,15320.0
2010-03-24 13:00:00,15189.0
2010-03-24 14:00:00,14927.0
2010-03-24 15:00:00,14732.0
2010-03-24 16:00:00,14684.0
2010-03-24 17:00:00,14817.0
2010-03-24 18:00:00,14998.0
2010-03-24 19:00:00,15878.0
2010-03-24 20:00:00,15748.0
2010-03-24 21:00:00,14738.0
2010-03-24 22:00:00,13292.0
2010-03-24 23:00:00,11953.0
2010-03-25 00:00:00,11084.0
2010-03-25 01:00:00,10644.0
2010-03-25 02:00:00,10425.0
2010-03-25 03:00:00,10429.0
2010-03-25 04:00:00,10748.0
2010-03-25 05:00:00,11858.0
2010-03-25 06:00:00,13895.0
2010-03-25 07:00:00,14985.0
2010-03-25 08:00:00,15100.0
2010-03-25 09:00:00,15073.0
2010-03-25 10:00:00,15112.0
2010-03-25 11:00:00,15024.0
2010-03-25 12:00:00,14887.0
2010-03-25 13:00:00,14804.0
2010-03-25 14:00:00,14622.0
2010-03-25 15:00:00,14512.0
2010-03-25 16:00:00,14540.0
2010-03-25 17:00:00,14678.0
2010-03-25 18:00:00,14921.0
2010-03-25 19:00:00,15678.0
2010-03-25 20:00:00,15418.0
2010-03-25 21:00:00,14394.0
2010-03-25 22:00:00,12944.0
2010-03-25 23:00:00,11608.0
2010-03-26 00:00:00,10737.0
2010-03-26 01:00:00,10229.0
2010-03-26 02:00:00,10000.0
2010-03-26 03:00:00,9962.0
2010-03-26 04:00:00,10234.0
2010-03-26 05:00:00,11261.0
2010-03-26 06:00:00,13322.0
2010-03-26 07:00:00,14757.0
2010-03-26 08:00:00,15286.0
2010-03-26 09:00:00,15516.0
2010-03-26 10:00:00,15672.0
2010-03-26 11:00:00,15650.0
2010-03-26 12:00:00,15450.0
2010-03-26 13:00:00,15268.0
2010-03-26 14:00:00,14970.0
2010-03-26 15:00:00,14710.0
2010-03-26 16:00:00,14598.0
2010-03-26 17:00:00,14611.0
2010-03-26 18:00:00,14813.0
2010-03-26 19:00:00,15585.0
2010-03-26 20:00:00,15528.0
2010-03-26 21:00:00,14857.0
2010-03-26 22:00:00,13794.0
2010-03-26 23:00:00,12668.0
2010-03-27 00:00:00,11812.0
2010-03-27 01:00:00,11316.0
2010-03-27 02:00:00,11098.0
2010-03-27 03:00:00,11024.0
2010-03-27 04:00:00,11162.0
2010-03-27 05:00:00,11607.0
2010-03-27 06:00:00,12357.0
2010-03-27 07:00:00,13223.0
2010-03-27 08:00:00,14174.0
2010-03-27 09:00:00,14713.0
2010-03-27 10:00:00,14841.0
2010-03-27 11:00:00,14660.0
2010-03-27 12:00:00,14336.0
2010-03-27 13:00:00,13924.0
2010-03-27 14:00:00,13521.0
2010-03-27 15:00:00,13290.0
2010-03-27 16:00:00,13305.0
2010-03-27 17:00:00,13541.0
2010-03-27 18:00:00,13890.0
2010-03-27 19:00:00,14822.0
2010-03-27 20:00:00,14808.0
2010-03-27 21:00:00,14204.0
2010-03-27 22:00:00,13286.0
2010-03-27 23:00:00,12283.0
2010-03-28 00:00:00,11501.0
2010-03-28 01:00:00,11009.0
2010-03-28 02:00:00,10750.0
2010-03-28 03:00:00,10665.0
2010-03-28 04:00:00,10718.0
2010-03-28 05:00:00,10965.0
2010-03-28 06:00:00,11409.0
2010-03-28 07:00:00,12048.0
2010-03-28 08:00:00,12954.0
2010-03-28 09:00:00,13640.0
2010-03-28 10:00:00,13958.0
2010-03-28 11:00:00,14044.0
2010-03-28 12:00:00,14004.0
2010-03-28 13:00:00,13808.0
2010-03-28 14:00:00,13594.0
2010-03-28 15:00:00,13547.0
2010-03-28 16:00:00,13823.0
2010-03-28 17:00:00,14372.0
2010-03-28 18:00:00,14872.0
2010-03-28 19:00:00,15409.0
2010-03-28 20:00:00,15034.0
2010-03-28 21:00:00,14035.0
2010-03-28 22:00:00,12724.0
2010-03-28 23:00:00,11565.0
2010-03-29 00:00:00,10770.0
2010-03-29 01:00:00,10315.0
2010-03-29 02:00:00,10107.0
2010-03-29 03:00:00,10066.0
2010-03-29 04:00:00,10380.0
2010-03-29 05:00:00,11483.0
2010-03-29 06:00:00,13582.0
2010-03-29 07:00:00,14959.0
2010-03-29 08:00:00,15452.0
2010-03-29 09:00:00,15731.0
2010-03-29 10:00:00,16049.0
2010-03-29 11:00:00,16042.0
2010-03-29 12:00:00,15976.0
2010-03-29 13:00:00,15875.0
2010-03-29 14:00:00,15657.0
2010-03-29 15:00:00,15579.0
2010-03-29 16:00:00,15793.0
2010-03-29 17:00:00,16157.0
2010-03-29 18:00:00,16280.0
2010-03-29 19:00:00,16370.0
2010-03-29 20:00:00,15812.0
2010-03-29 21:00:00,14614.0
2010-03-29 22:00:00,13124.0
2010-03-29 23:00:00,11775.0
2010-03-30 00:00:00,10885.0
2010-03-30 01:00:00,10402.0
2010-03-30 02:00:00,10149.0
2010-03-30 03:00:00,10114.0
2010-03-30 04:00:00,10452.0
2010-03-30 05:00:00,11555.0
2010-03-30 06:00:00,13680.0
2010-03-30 07:00:00,15079.0
2010-03-30 08:00:00,15567.0
2010-03-30 09:00:00,15880.0
2010-03-30 10:00:00,16148.0
2010-03-30 11:00:00,16221.0
2010-03-30 12:00:00,16220.0
2010-03-30 13:00:00,16198.0
2010-03-30 14:00:00,16017.0
2010-03-30 15:00:00,15950.0
2010-03-30 16:00:00,16079.0
2010-03-30 17:00:00,16363.0
2010-03-30 18:00:00,16470.0
2010-03-30 19:00:00,16668.0
2010-03-30 20:00:00,16130.0
2010-03-30 21:00:00,15000.0
2010-03-30 22:00:00,13545.0
2010-03-30 23:00:00,12176.0
2010-03-31 00:00:00,11254.0
2010-03-31 01:00:00,10720.0
2010-03-31 02:00:00,10458.0
2010-03-31 03:00:00,10412.0
2010-03-31 04:00:00,10666.0
2010-03-31 05:00:00,11681.0
2010-03-31 06:00:00,13690.0
2010-03-31 07:00:00,14946.0
2010-03-31 08:00:00,15341.0
2010-03-31 09:00:00,15518.0
2010-03-31 10:00:00,15640.0
2010-03-31 11:00:00,15599.0
2010-03-31 12:00:00,15488.0
2010-03-31 13:00:00,15430.0
2010-03-31 14:00:00,15269.0
2010-03-31 15:00:00,15154.0
2010-03-31 16:00:00,15251.0
2010-03-31 17:00:00,15464.0
2010-03-31 18:00:00,15625.0
2010-03-31 19:00:00,16151.0
2010-03-31 20:00:00,15899.0
2010-03-31 21:00:00,14844.0
2010-03-31 22:00:00,13369.0
2010-03-31 23:00:00,12004.0
2010-04-01 00:00:00,11066.0
2010-04-01 01:00:00,10524.0
2010-04-01 02:00:00,10280.0
2010-04-01 03:00:00,10219.0
2010-04-01 04:00:00,10496.0
2010-04-01 05:00:00,11515.0
2010-04-01 06:00:00,13427.0
2010-04-01 07:00:00,14630.0
2010-04-01 08:00:00,15000.0
2010-04-01 09:00:00,15128.0
2010-04-01 10:00:00,15187.0
2010-04-01 11:00:00,15093.0
2010-04-01 12:00:00,14918.0
2010-04-01 13:00:00,14772.0
2010-04-01 14:00:00,14561.0
2010-04-01 15:00:00,14334.0
2010-04-01 16:00:00,14244.0
2010-04-01 17:00:00,14237.0
2010-04-01 18:00:00,14263.0
2010-04-01 19:00:00,15024.0
2010-04-01 20:00:00,15121.0
2010-04-01 21:00:00,14249.0
2010-04-01 22:00:00,12888.0
2010-04-01 23:00:00,11578.0
2010-04-02 00:00:00,10645.0
2010-04-02 01:00:00,10122.0
2010-04-02 02:00:00,9861.0
2010-04-02 03:00:00,9802.0
2010-04-02 04:00:00,10015.0
2010-04-02 05:00:00,10846.0
2010-04-02 06:00:00,12219.0
2010-04-02 07:00:00,13315.0
2010-04-02 08:00:00,13949.0
2010-04-02 09:00:00,14289.0
2010-04-02 10:00:00,14480.0
2010-04-02 11:00:00,14459.0
2010-04-02 12:00:00,14327.0
2010-04-02 13:00:00,14235.0
2010-04-02 14:00:00,14031.0
2010-04-02 15:00:00,13817.0
2010-04-02 16:00:00,13725.0
2010-04-02 17:00:00,13710.0
2010-04-02 18:00:00,13651.0
2010-04-02 19:00:00,14254.0
2010-04-02 20:00:00,14266.0
2010-04-02 21:00:00,13526.0
2010-04-02 22:00:00,12394.0
2010-04-02 23:00:00,11272.0
2010-04-03 00:00:00,10376.0
2010-04-03 01:00:00,9804.0
2010-04-03 02:00:00,9510.0
2010-04-03 03:00:00,9379.0
2010-04-03 04:00:00,9432.0
2010-04-03 05:00:00,9772.0
2010-04-03 06:00:00,10327.0
2010-04-03 07:00:00,11259.0
2010-04-03 08:00:00,12370.0
2010-04-03 09:00:00,13085.0
2010-04-03 10:00:00,13405.0
2010-04-03 11:00:00,13409.0
2010-04-03 12:00:00,13274.0
2010-04-03 13:00:00,13055.0
2010-04-03 14:00:00,12857.0
2010-04-03 15:00:00,12763.0
2010-04-03 16:00:00,12817.0
2010-04-03 17:00:00,12930.0
2010-04-03 18:00:00,13060.0
2010-04-03 19:00:00,13804.0
2010-04-03 20:00:00,13907.0
2010-04-03 21:00:00,13257.0
2010-04-03 22:00:00,12271.0
2010-04-03 23:00:00,11145.0
2010-04-04 00:00:00,10195.0
2010-04-04 01:00:00,9590.0
2010-04-04 02:00:00,9248.0
2010-04-04 03:00:00,9067.0
2010-04-04 04:00:00,9077.0
2010-04-04 05:00:00,9318.0
2010-04-04 06:00:00,9729.0
2010-04-04 07:00:00,10553.0
2010-04-04 08:00:00,11663.0
2010-04-04 09:00:00,12419.0
2010-04-04 10:00:00,12768.0
2010-04-04 11:00:00,12882.0
2010-04-04 12:00:00,12756.0
2010-04-04 13:00:00,12320.0
2010-04-04 14:00:00,11938.0
2010-04-04 15:00:00,11725.0
2010-04-04 16:00:00,11675.0
2010-04-04 17:00:00,11773.0
2010-04-04 18:00:00,12114.0
2010-04-04 19:00:00,13274.0
2010-04-04 20:00:00,13605.0
2010-04-04 21:00:00,12868.0
2010-04-04 22:00:00,11728.0
2010-04-04 23:00:00,10619.0
2010-04-05 00:00:00,9816.0
2010-04-05 01:00:00,9367.0
2010-04-05 02:00:00,9153.0
2010-04-05 03:00:00,9123.0
2010-04-05 04:00:00,9436.0
2010-04-05 05:00:00,10488.0
2010-04-05 06:00:00,12331.0
2010-04-05 07:00:00,13617.0
2010-04-05 08:00:00,14171.0
2010-04-05 09:00:00,14572.0
2010-04-05 10:00:00,14901.0
2010-04-05 11:00:00,15004.0
2010-04-05 12:00:00,14975.0
2010-04-05 13:00:00,14963.0
2010-04-05 14:00:00,14801.0
2010-04-05 15:00:00,14647.0
2010-04-05 16:00:00,14592.0
2010-04-05 17:00:00,14646.0
2010-04-05 18:00:00,14645.0
2010-04-05 19:00:00,15282.0
2010-04-05 20:00:00,15330.0
2010-04-05 21:00:00,14210.0
2010-04-05 22:00:00,12677.0
2010-04-05 23:00:00,11298.0
2010-04-06 00:00:00,10367.0
2010-04-06 01:00:00,9859.0
2010-04-06 02:00:00,9602.0
2010-04-06 03:00:00,9547.0
2010-04-06 04:00:00,9809.0
2010-04-06 05:00:00,10837.0
2010-04-06 06:00:00,12682.0
2010-04-06 07:00:00,13943.0
2010-04-06 08:00:00,14446.0
2010-04-06 09:00:00,14787.0
2010-04-06 10:00:00,15039.0
2010-04-06 11:00:00,15128.0
2010-04-06 12:00:00,15079.0
2010-04-06 13:00:00,15044.0
2010-04-06 14:00:00,14898.0
2010-04-06 15:00:00,14746.0
2010-04-06 16:00:00,14716.0
2010-04-06 17:00:00,14768.0
2010-04-06 18:00:00,14811.0
2010-04-06 19:00:00,15330.0
2010-04-06 20:00:00,15217.0
2010-04-06 21:00:00,14120.0
2010-04-06 22:00:00,12653.0
2010-04-06 23:00:00,11265.0
2010-04-07 00:00:00,10341.0
2010-04-07 01:00:00,9811.0
2010-04-07 02:00:00,9576.0
2010-04-07 03:00:00,9528.0
2010-04-07 04:00:00,9797.0
2010-04-07 05:00:00,10829.0
2010-04-07 06:00:00,12662.0
2010-04-07 07:00:00,13889.0
2010-04-07 08:00:00,14316.0
2010-04-07 09:00:00,14653.0
2010-04-07 10:00:00,15057.0
2010-04-07 11:00:00,15369.0
2010-04-07 12:00:00,15526.0
2010-04-07 13:00:00,15689.0
2010-04-07 14:00:00,15738.0
2010-04-07 15:00:00,15712.0
2010-04-07 16:00:00,15710.0
2010-04-07 17:00:00,15641.0
2010-04-07 18:00:00,15463.0
2010-04-07 19:00:00,15981.0
2010-04-07 20:00:00,16077.0
2010-04-07 21:00:00,14951.0
2010-04-07 22:00:00,13356.0
2010-04-07 23:00:00,11897.0
2010-04-08 00:00:00,10898.0
2010-04-08 01:00:00,10316.0
2010-04-08 02:00:00,9974.0
2010-04-08 03:00:00,9827.0
2010-04-08 04:00:00,10037.0
2010-04-08 05:00:00,10996.0
2010-04-08 06:00:00,12758.0
2010-04-08 07:00:00,14023.0
2010-04-08 08:00:00,14566.0
2010-04-08 09:00:00,14921.0
2010-04-08 10:00:00,15233.0
2010-04-08 11:00:00,15353.0
2010-04-08 12:00:00,15341.0
2010-04-08 13:00:00,15331.0
2010-04-08 14:00:00,15161.0
2010-04-08 15:00:00,14966.0
2010-04-08 16:00:00,14864.0
2010-04-08 17:00:00,14823.0
2010-04-08 18:00:00,14775.0
2010-04-08 19:00:00,15306.0
2010-04-08 20:00:00,15272.0
2010-04-08 21:00:00,14224.0
2010-04-08 22:00:00,12704.0
2010-04-08 23:00:00,11355.0
2010-04-09 00:00:00,10462.0
2010-04-09 01:00:00,9961.0
2010-04-09 02:00:00,9698.0
2010-04-09 03:00:00,9617.0
2010-04-09 04:00:00,9868.0
2010-04-09 05:00:00,10808.0
2010-04-09 06:00:00,12665.0
2010-04-09 07:00:00,14030.0
2010-04-09 08:00:00,14554.0
2010-04-09 09:00:00,14863.0
2010-04-09 10:00:00,15098.0
2010-04-09 11:00:00,15160.0
2010-04-09 12:00:00,15030.0
2010-04-09 13:00:00,14926.0
2010-04-09 14:00:00,14723.0
2010-04-09 15:00:00,14597.0
2010-04-09 16:00:00,14656.0
2010-04-09 17:00:00,14730.0
2010-04-09 18:00:00,14741.0
2010-04-09 19:00:00,14909.0
2010-04-09 20:00:00,14654.0
2010-04-09 21:00:00,13805.0
2010-04-09 22:00:00,12684.0
2010-04-09 23:00:00,11490.0
2010-04-10 00:00:00,10626.0
2010-04-10 01:00:00,10114.0
2010-04-10 02:00:00,9836.0
2010-04-10 03:00:00,9715.0
2010-04-10 04:00:00,9795.0
2010-04-10 05:00:00,10189.0
2010-04-10 06:00:00,10863.0
2010-04-10 07:00:00,11813.0
2010-04-10 08:00:00,12865.0
2010-04-10 09:00:00,13523.0
2010-04-10 10:00:00,13752.0
2010-04-10 11:00:00,13687.0
2010-04-10 12:00:00,13423.0
2010-04-10 13:00:00,13098.0
2010-04-10 14:00:00,12781.0
2010-04-10 15:00:00,12591.0
2010-04-10 16:00:00,12585.0
2010-04-10 17:00:00,12714.0
2010-04-10 18:00:00,12827.0
2010-04-10 19:00:00,13436.0
2010-04-10 20:00:00,13721.0
2010-04-10 21:00:00,13104.0
2010-04-10 22:00:00,12193.0
2010-04-10 23:00:00,11159.0
2010-04-11 00:00:00,10348.0
2010-04-11 01:00:00,9851.0
2010-04-11 02:00:00,9536.0
2010-04-11 03:00:00,9390.0
2010-04-11 04:00:00,9412.0
2010-04-11 05:00:00,9648.0
2010-04-11 06:00:00,9990.0
2010-04-11 07:00:00,10687.0
2010-04-11 08:00:00,11633.0
2010-04-11 09:00:00,12399.0
2010-04-11 10:00:00,12788.0
2010-04-11 11:00:00,12922.0
2010-04-11 12:00:00,12905.0
2010-04-11 13:00:00,12741.0
2010-04-11 14:00:00,12540.0
2010-04-11 15:00:00,12458.0
2010-04-11 16:00:00,12590.0
2010-04-11 17:00:00,12868.0
2010-04-11 18:00:00,13039.0
2010-04-11 19:00:00,13747.0
2010-04-11 20:00:00,14056.0
2010-04-11 21:00:00,13148.0
2010-04-11 22:00:00,11879.0
2010-04-11 23:00:00,10721.0
2010-04-12 00:00:00,9918.0
2010-04-12 01:00:00,9517.0
2010-04-12 02:00:00,9336.0
2010-04-12 03:00:00,9327.0
2010-04-12 04:00:00,9672.0
2010-04-12 05:00:00,10780.0
2010-04-12 06:00:00,12560.0
2010-04-12 07:00:00,13819.0
2010-04-12 08:00:00,14209.0
2010-04-12 09:00:00,14477.0
2010-04-12 10:00:00,14686.0
2010-04-12 11:00:00,14739.0
2010-04-12 12:00:00,14665.0
2010-04-12 13:00:00,14598.0
2010-04-12 14:00:00,14414.0
2010-04-12 15:00:00,14236.0
2010-04-12 16:00:00,14217.0
2010-04-12 17:00:00,14303.0
2010-04-12 18:00:00,14319.0
2010-04-12 19:00:00,14881.0
2010-04-12 20:00:00,15052.0
2010-04-12 21:00:00,14016.0
2010-04-12 22:00:00,12546.0
2010-04-12 23:00:00,11220.0
2010-04-13 00:00:00,10374.0
2010-04-13 01:00:00,9935.0
2010-04-13 02:00:00,9751.0
2010-04-13 03:00:00,9736.0
2010-04-13 04:00:00,10046.0
2010-04-13 05:00:00,11128.0
2010-04-13 06:00:00,12884.0
2010-04-13 07:00:00,14118.0
2010-04-13 08:00:00,14447.0
2010-04-13 09:00:00,14589.0
2010-04-13 10:00:00,14710.0
2010-04-13 11:00:00,14681.0
2010-04-13 12:00:00,14597.0
2010-04-13 13:00:00,14530.0
2010-04-13 14:00:00,14354.0
2010-04-13 15:00:00,14158.0
2010-04-13 16:00:00,14116.0
2010-04-13 17:00:00,14185.0
2010-04-13 18:00:00,14213.0
2010-04-13 19:00:00,14817.0
2010-04-13 20:00:00,15089.0
2010-04-13 21:00:00,14099.0
2010-04-13 22:00:00,12653.0
2010-04-13 23:00:00,11352.0
2010-04-14 00:00:00,10507.0
2010-04-14 01:00:00,10041.0
2010-04-14 02:00:00,9854.0
2010-04-14 03:00:00,9848.0
2010-04-14 04:00:00,10173.0
2010-04-14 05:00:00,11280.0
2010-04-14 06:00:00,13032.0
2010-04-14 07:00:00,14251.0
2010-04-14 08:00:00,14500.0
2010-04-14 09:00:00,14607.0
2010-04-14 10:00:00,14714.0
2010-04-14 11:00:00,14719.0
2010-04-14 12:00:00,14625.0
2010-04-14 13:00:00,14584.0
2010-04-14 14:00:00,14405.0
2010-04-14 15:00:00,14260.0
2010-04-14 16:00:00,14219.0
2010-04-14 17:00:00,14229.0
2010-04-14 18:00:00,14158.0
2010-04-14 19:00:00,14657.0
2010-04-14 20:00:00,15010.0
2010-04-14 21:00:00,14005.0
2010-04-14 22:00:00,12561.0
2010-04-14 23:00:00,11222.0
2010-04-15 00:00:00,10345.0
2010-04-15 01:00:00,9891.0
2010-04-15 02:00:00,9680.0
2010-04-15 03:00:00,9646.0
2010-04-15 04:00:00,9926.0
2010-04-15 05:00:00,10959.0
2010-04-15 06:00:00,12643.0
2010-04-15 07:00:00,13876.0
2010-04-15 08:00:00,14242.0
2010-04-15 09:00:00,14437.0
2010-04-15 10:00:00,14600.0
2010-04-15 11:00:00,14653.0
2010-04-15 12:00:00,14571.0
2010-04-15 13:00:00,14540.0
2010-04-15 14:00:00,14353.0
2010-04-15 15:00:00,14157.0
2010-04-15 16:00:00,14071.0
2010-04-15 17:00:00,14073.0
2010-04-15 18:00:00,14049.0
2010-04-15 19:00:00,14654.0
2010-04-15 20:00:00,14878.0
2010-04-15 21:00:00,13963.0
2010-04-15 22:00:00,12511.0
2010-04-15 23:00:00,11225.0
2010-04-16 00:00:00,10384.0
2010-04-16 01:00:00,9931.0
2010-04-16 02:00:00,9714.0
2010-04-16 03:00:00,9651.0
2010-04-16 04:00:00,9941.0
2010-04-16 05:00:00,10920.0
2010-04-16 06:00:00,12662.0
2010-04-16 07:00:00,14044.0
2010-04-16 08:00:00,14638.0
2010-04-16 09:00:00,14930.0
2010-04-16 10:00:00,15045.0
2010-04-16 11:00:00,15026.0
2010-04-16 12:00:00,14954.0
2010-04-16 13:00:00,14898.0
2010-04-16 14:00:00,14719.0
2010-04-16 15:00:00,14564.0
2010-04-16 16:00:00,14667.0
2010-04-16 17:00:00,14841.0
2010-04-16 18:00:00,14889.0
2010-04-16 19:00:00,15066.0
2010-04-16 20:00:00,14824.0
2010-04-16 21:00:00,14010.0
2010-04-16 22:00:00,12840.0
2010-04-16 23:00:00,11668.0
2010-04-17 00:00:00,10815.0
2010-04-17 01:00:00,10277.0
2010-04-17 02:00:00,9989.0
2010-04-17 03:00:00,9847.0
2010-04-17 04:00:00,9892.0
2010-04-17 05:00:00,10275.0
2010-04-17 06:00:00,10894.0
2010-04-17 07:00:00,11859.0
2010-04-17 08:00:00,12991.0
2010-04-17 09:00:00,13834.0
2010-04-17 10:00:00,14236.0
2010-04-17 11:00:00,14284.0
2010-04-17 12:00:00,14101.0
2010-04-17 13:00:00,13829.0
2010-04-17 14:00:00,13551.0
2010-04-17 15:00:00,13413.0
2010-04-17 16:00:00,13474.0
2010-04-17 17:00:00,13732.0
2010-04-17 18:00:00,13902.0
2010-04-17 19:00:00,14147.0
2010-04-17 20:00:00,14097.0
2010-04-17 21:00:00,13437.0
2010-04-17 22:00:00,12468.0
2010-04-17 23:00:00,11440.0
2010-04-18 00:00:00,10610.0
2010-04-18 01:00:00,10085.0
2010-04-18 02:00:00,9800.0
2010-04-18 03:00:00,9659.0
2010-04-18 04:00:00,9685.0
2010-04-18 05:00:00,9943.0
2010-04-18 06:00:00,10274.0
2010-04-18 07:00:00,11013.0
2010-04-18 08:00:00,11983.0
2010-04-18 09:00:00,12668.0
2010-04-18 10:00:00,13031.0
2010-04-18 11:00:00,13188.0
2010-04-18 12:00:00,13151.0
2010-04-18 13:00:00,12945.0
2010-04-18 14:00:00,12763.0
2010-04-18 15:00:00,12726.0
2010-04-18 16:00:00,12900.0
2010-04-18 17:00:00,13178.0
2010-04-18 18:00:00,13385.0
2010-04-18 19:00:00,13855.0
2010-04-18 20:00:00,14005.0
2010-04-18 21:00:00,13208.0
2010-04-18 22:00:00,12103.0
2010-04-18 23:00:00,11041.0
2010-04-19 00:00:00,10271.0
2010-04-19 01:00:00,9861.0
2010-04-19 02:00:00,9696.0
2010-04-19 03:00:00,9697.0
2010-04-19 04:00:00,10021.0
2010-04-19 05:00:00,10949.0
2010-04-19 06:00:00,12261.0
2010-04-19 07:00:00,13482.0
2010-04-19 08:00:00,14115.0
2010-04-19 09:00:00,14464.0
2010-04-19 10:00:00,14697.0
2010-04-19 11:00:00,14688.0
2010-04-19 12:00:00,14554.0
2010-04-19 13:00:00,14420.0
2010-04-19 14:00:00,14192.0
2010-04-19 15:00:00,13981.0
2010-04-19 16:00:00,13976.0
2010-04-19 17:00:00,14042.0
2010-04-19 18:00:00,13997.0
2010-04-19 19:00:00,14419.0
2010-04-19 20:00:00,14772.0
2010-04-19 21:00:00,13861.0
2010-04-19 22:00:00,12514.0
2010-04-19 23:00:00,11238.0
2010-04-20 00:00:00,10391.0
2010-04-20 01:00:00,9937.0
2010-04-20 02:00:00,9732.0
2010-04-20 03:00:00,9696.0
2010-04-20 04:00:00,9999.0
2010-04-20 05:00:00,10955.0
2010-04-20 06:00:00,12348.0
2010-04-20 07:00:00,13624.0
2010-04-20 08:00:00,14178.0
2010-04-20 09:00:00,14476.0
2010-04-20 10:00:00,14702.0
2010-04-20 11:00:00,14768.0
2010-04-20 12:00:00,14703.0
2010-04-20 13:00:00,14641.0
2010-04-20 14:00:00,14486.0
2010-04-20 15:00:00,14279.0
2010-04-20 16:00:00,14202.0
2010-04-20 17:00:00,14202.0
2010-04-20 18:00:00,14084.0
2010-04-20 19:00:00,14433.0
2010-04-20 20:00:00,14746.0
2010-04-20 21:00:00,13785.0
2010-04-20 22:00:00,12453.0
2010-04-20 23:00:00,11163.0
2010-04-21 00:00:00,10294.0
2010-04-21 01:00:00,9818.0
2010-04-21 02:00:00,9581.0
2010-04-21 03:00:00,9537.0
2010-04-21 04:00:00,9839.0
2010-04-21 05:00:00,10767.0
2010-04-21 06:00:00,12140.0
2010-04-21 07:00:00,13444.0
2010-04-21 08:00:00,14033.0
2010-04-21 09:00:00,14401.0
2010-04-21 10:00:00,14663.0
2010-04-21 11:00:00,14749.0
2010-04-21 12:00:00,14691.0
2010-04-21 13:00:00,14659.0
2010-04-21 14:00:00,14475.0
2010-04-21 15:00:00,14296.0
2010-04-21 16:00:00,14202.0
2010-04-21 17:00:00,14121.0
2010-04-21 18:00:00,14064.0
2010-04-21 19:00:00,14534.0
2010-04-21 20:00:00,14749.0
2010-04-21 21:00:00,13841.0
2010-04-21 22:00:00,12499.0
2010-04-21 23:00:00,11173.0
2010-04-22 00:00:00,10269.0
2010-04-22 01:00:00,9754.0
2010-04-22 02:00:00,9509.0
2010-04-22 03:00:00,9436.0
2010-04-22 04:00:00,9706.0
2010-04-22 05:00:00,10601.0
2010-04-22 06:00:00,11957.0
2010-04-22 07:00:00,13296.0
2010-04-22 08:00:00,13984.0
2010-04-22 09:00:00,14380.0
2010-04-22 10:00:00,14694.0
2010-04-22 11:00:00,14857.0
2010-04-22 12:00:00,14837.0
2010-04-22 13:00:00,14844.0
2010-04-22 14:00:00,14667.0
2010-04-22 15:00:00,14461.0
2010-04-22 16:00:00,14395.0
2010-04-22 17:00:00,14327.0
2010-04-22 18:00:00,14225.0
2010-04-22 19:00:00,14469.0
2010-04-22 20:00:00,14639.0
2010-04-22 21:00:00,13758.0
2010-04-22 22:00:00,12432.0
2010-04-22 23:00:00,11151.0
2010-04-23 00:00:00,10267.0
2010-04-23 01:00:00,9762.0
2010-04-23 02:00:00,9512.0
2010-04-23 03:00:00,9445.0
2010-04-23 04:00:00,9691.0
2010-04-23 05:00:00,10552.0
2010-04-23 06:00:00,11865.0
2010-04-23 07:00:00,13229.0
2010-04-23 08:00:00,13940.0
2010-04-23 09:00:00,14316.0
2010-04-23 10:00:00,14550.0
2010-04-23 11:00:00,14585.0
2010-04-23 12:00:00,14461.0
2010-04-23 13:00:00,14364.0
2010-04-23 14:00:00,14166.0
2010-04-23 15:00:00,13952.0
2010-04-23 16:00:00,13838.0
2010-04-23 17:00:00,13717.0
2010-04-23 18:00:00,13550.0
2010-04-23 19:00:00,13787.0
2010-04-23 20:00:00,14155.0
2010-04-23 21:00:00,13410.0
2010-04-23 22:00:00,12310.0
2010-04-23 23:00:00,11156.0
2010-04-24 00:00:00,10285.0
2010-04-24 01:00:00,9758.0
2010-04-24 02:00:00,9480.0
2010-04-24 03:00:00,9375.0
2010-04-24 04:00:00,9467.0
2010-04-24 05:00:00,9813.0
2010-04-24 06:00:00,10326.0
2010-04-24 07:00:00,11296.0
2010-04-24 08:00:00,12199.0
2010-04-24 09:00:00,12777.0
2010-04-24 10:00:00,12989.0
2010-04-24 11:00:00,12940.0
2010-04-24 12:00:00,12771.0
2010-04-24 13:00:00,12525.0
2010-04-24 14:00:00,12326.0
2010-04-24 15:00:00,12227.0
2010-04-24 16:00:00,12274.0
2010-04-24 17:00:00,12416.0
2010-04-24 18:00:00,12462.0
2010-04-24 19:00:00,12846.0
2010-04-24 20:00:00,13295.0
2010-04-24 21:00:00,12684.0
2010-04-24 22:00:00,11722.0
2010-04-24 23:00:00,10732.0
2010-04-25 00:00:00,9915.0
2010-04-25 01:00:00,9406.0
2010-04-25 02:00:00,9119.0
2010-04-25 03:00:00,8994.0
2010-04-25 04:00:00,9034.0
2010-04-25 05:00:00,9209.0
2010-04-25 06:00:00,9465.0
2010-04-25 07:00:00,10235.0
2010-04-25 08:00:00,11255.0
2010-04-25 09:00:00,12080.0
2010-04-25 10:00:00,12584.0
2010-04-25 11:00:00,12854.0
2010-04-25 12:00:00,12918.0
2010-04-25 13:00:00,12802.0
2010-04-25 14:00:00,12642.0
2010-04-25 15:00:00,12576.0
2010-04-25 16:00:00,12724.0
2010-04-25 17:00:00,13068.0
2010-04-25 18:00:00,13351.0
2010-04-25 19:00:00,13716.0
2010-04-25 20:00:00,13884.0
2010-04-25 21:00:00,12950.0
2010-04-25 22:00:00,11719.0
2010-04-25 23:00:00,10600.0
2010-04-26 00:00:00,9792.0
2010-04-26 01:00:00,9361.0
2010-04-26 02:00:00,9177.0
2010-04-26 03:00:00,9160.0
2010-04-26 04:00:00,9465.0
2010-04-26 05:00:00,10501.0
2010-04-26 06:00:00,12263.0
2010-04-26 07:00:00,13657.0
2010-04-26 08:00:00,14181.0
2010-04-26 09:00:00,14470.0
2010-04-26 10:00:00,14720.0
2010-04-26 11:00:00,14790.0
2010-04-26 12:00:00,14728.0
2010-04-26 13:00:00,14702.0
2010-04-26 14:00:00,14516.0
2010-04-26 15:00:00,14361.0
2010-04-26 16:00:00,14409.0
2010-04-26 17:00:00,14588.0
2010-04-26 18:00:00,14733.0
2010-04-26 19:00:00,15045.0
2010-04-26 20:00:00,14992.0
2010-04-26 21:00:00,13920.0
2010-04-26 22:00:00,12431.0
2010-04-26 23:00:00,11096.0
2010-04-27 00:00:00,10231.0
2010-04-27 01:00:00,9771.0
2010-04-27 02:00:00,9548.0
2010-04-27 03:00:00,9484.0
2010-04-27 04:00:00,9750.0
2010-04-27 05:00:00,10711.0
2010-04-27 06:00:00,12525.0
2010-04-27 07:00:00,13948.0
2010-04-27 08:00:00,14421.0
2010-04-27 09:00:00,14674.0
2010-04-27 10:00:00,14900.0
2010-04-27 11:00:00,14981.0
2010-04-27 12:00:00,14921.0
2010-04-27 13:00:00,14875.0
2010-04-27 14:00:00,14729.0
2010-04-27 15:00:00,14645.0
2010-04-27 16:00:00,14767.0
2010-04-27 17:00:00,14953.0
2010-04-27 18:00:00,14998.0
2010-04-27 19:00:00,15178.0
2010-04-27 20:00:00,15280.0
2010-04-27 21:00:00,14327.0
2010-04-27 22:00:00,12878.0
2010-04-27 23:00:00,11560.0
2010-04-28 00:00:00,10692.0
2010-04-28 01:00:00,10231.0
2010-04-28 02:00:00,10027.0
2010-04-28 03:00:00,10013.0
2010-04-28 04:00:00,10316.0
2010-04-28 05:00:00,11356.0
2010-04-28 06:00:00,13112.0
2010-04-28 07:00:00,14399.0
2010-04-28 08:00:00,14798.0
2010-04-28 09:00:00,15054.0
2010-04-28 10:00:00,15258.0
2010-04-28 11:00:00,15250.0
2010-04-28 12:00:00,15122.0
2010-04-28 13:00:00,15047.0
2010-04-28 14:00:00,14864.0
2010-04-28 15:00:00,14749.0
2010-04-28 16:00:00,14828.0
2010-04-28 17:00:00,15019.0
2010-04-28 18:00:00,15119.0
2010-04-28 19:00:00,15357.0
2010-04-28 20:00:00,15561.0
2010-04-28 21:00:00,14594.0
2010-04-28 22:00:00,13116.0
2010-04-28 23:00:00,11748.0
2010-04-29 00:00:00,10876.0
2010-04-29 01:00:00,10407.0
2010-04-29 02:00:00,10176.0
2010-04-29 03:00:00,10150.0
2010-04-29 04:00:00,10425.0
2010-04-29 05:00:00,11421.0
2010-04-29 06:00:00,13170.0
2010-04-29 07:00:00,14380.0
2010-04-29 08:00:00,14630.0
2010-04-29 09:00:00,14724.0
2010-04-29 10:00:00,14829.0
2010-04-29 11:00:00,14813.0
2010-04-29 12:00:00,14691.0
2010-04-29 13:00:00,14601.0
2010-04-29 14:00:00,14391.0
2010-04-29 15:00:00,14143.0
2010-04-29 16:00:00,14075.0
2010-04-29 17:00:00,14080.0
2010-04-29 18:00:00,14031.0
2010-04-29 19:00:00,14351.0
2010-04-29 20:00:00,14963.0
2010-04-29 21:00:00,14147.0
2010-04-29 22:00:00,12787.0
2010-04-29 23:00:00,11477.0
2010-04-30 00:00:00,10602.0
2010-04-30 01:00:00,10130.0
2010-04-30 02:00:00,9901.0
2010-04-30 03:00:00,9855.0
2010-04-30 04:00:00,10136.0
2010-04-30 05:00:00,11045.0
2010-04-30 06:00:00,12680.0
2010-04-30 07:00:00,13885.0
2010-04-30 08:00:00,14283.0
2010-04-30 09:00:00,14507.0
2010-04-30 10:00:00,14682.0
2010-04-30 11:00:00,14710.0
2010-04-30 12:00:00,14628.0
2010-04-30 13:00:00,14632.0
2010-04-30 14:00:00,14498.0
2010-04-30 15:00:00,14355.0
2010-04-30 16:00:00,14287.0
2010-04-30 17:00:00,14114.0
2010-04-30 18:00:00,13849.0
2010-04-30 19:00:00,13938.0
2010-04-30 20:00:00,14374.0
2010-04-30 21:00:00,13694.0
2010-04-30 22:00:00,12543.0
2010-04-30 23:00:00,11323.0
2010-05-01 00:00:00,10370.0
2010-05-01 01:00:00,9823.0
2010-05-01 02:00:00,9498.0
2010-05-01 03:00:00,9355.0
2010-05-01 04:00:00,9396.0
2010-05-01 05:00:00,9649.0
2010-05-01 06:00:00,10222.0
2010-05-01 07:00:00,11266.0
2010-05-01 08:00:00,12320.0
2010-05-01 09:00:00,13014.0
2010-05-01 10:00:00,13291.0
2010-05-01 11:00:00,13389.0
2010-05-01 12:00:00,13344.0
2010-05-01 13:00:00,13238.0
2010-05-01 14:00:00,13164.0
2010-05-01 15:00:00,13131.0
2010-05-01 16:00:00,13185.0
2010-05-01 17:00:00,13266.0
2010-05-01 18:00:00,13206.0
2010-05-01 19:00:00,13474.0
2010-05-01 20:00:00,13907.0
2010-05-01 21:00:00,13311.0
2010-05-01 22:00:00,12306.0
2010-05-01 23:00:00,11229.0
2010-05-02 00:00:00,10319.0
2010-05-02 01:00:00,9767.0
2010-05-02 02:00:00,9437.0
2010-05-02 03:00:00,9279.0
2010-05-02 04:00:00,9254.0
2010-05-02 05:00:00,9376.0
2010-05-02 06:00:00,9674.0
2010-05-02 07:00:00,10486.0
2010-05-02 08:00:00,11564.0
2010-05-02 09:00:00,12440.0
2010-05-02 10:00:00,13024.0
2010-05-02 11:00:00,13511.0
2010-05-02 12:00:00,13915.0
2010-05-02 13:00:00,14118.0
2010-05-02 14:00:00,14231.0
2010-05-02 15:00:00,14348.0
2010-05-02 16:00:00,14673.0
2010-05-02 17:00:00,15013.0
2010-05-02 18:00:00,15148.0
2010-05-02 19:00:00,15469.0
2010-05-02 20:00:00,16030.0
2010-05-02 21:00:00,15201.0
2010-05-02 22:00:00,13825.0
2010-05-02 23:00:00,12514.0
2010-05-03 00:00:00,11592.0
2010-05-03 01:00:00,11036.0
2010-05-03 02:00:00,10761.0
2010-05-03 03:00:00,10672.0
2010-05-03 04:00:00,10895.0
2010-05-03 05:00:00,11888.0
2010-05-03 06:00:00,13712.0
2010-05-03 07:00:00,15298.0
2010-05-03 08:00:00,16067.0
2010-05-03 09:00:00,16578.0
2010-05-03 10:00:00,16917.0
2010-05-03 11:00:00,17022.0
2010-05-03 12:00:00,17052.0
2010-05-03 13:00:00,17275.0
2010-05-03 14:00:00,17357.0
2010-05-03 15:00:00,17265.0
2010-05-03 16:00:00,16977.0
2010-05-03 17:00:00,16735.0
2010-05-03 18:00:00,16411.0
2010-05-03 19:00:00,16257.0
2010-05-03 20:00:00,16583.0
2010-05-03 21:00:00,15529.0
2010-05-03 22:00:00,13833.0
2010-05-03 23:00:00,12213.0
2010-05-04 00:00:00,11103.0
2010-05-04 01:00:00,10506.0
2010-05-04 02:00:00,10164.0
2010-05-04 03:00:00,10015.0
2010-05-04 04:00:00,10204.0
2010-05-04 05:00:00,10989.0
2010-05-04 06:00:00,12710.0
2010-05-04 07:00:00,14271.0
2010-05-04 08:00:00,15051.0
2010-05-04 09:00:00,15615.0
2010-05-04 10:00:00,16125.0
2010-05-04 11:00:00,16388.0
2010-05-04 12:00:00,16483.0
2010-05-04 13:00:00,16597.0
2010-05-04 14:00:00,16423.0
2010-05-04 15:00:00,16204.0
2010-05-04 16:00:00,16008.0
2010-05-04 17:00:00,15681.0
2010-05-04 18:00:00,15282.0
2010-05-04 19:00:00,15148.0
2010-05-04 20:00:00,15400.0
2010-05-04 21:00:00,14485.0
2010-05-04 22:00:00,12957.0
2010-05-04 23:00:00,11513.0
2010-05-05 00:00:00,10558.0
2010-05-05 01:00:00,10015.0
2010-05-05 02:00:00,9720.0
2010-05-05 03:00:00,9620.0
2010-05-05 04:00:00,9825.0
2010-05-05 05:00:00,10664.0
2010-05-05 06:00:00,12386.0
2010-05-05 07:00:00,13882.0
2010-05-05 08:00:00,14520.0
2010-05-05 09:00:00,15005.0
2010-05-05 10:00:00,15342.0
2010-05-05 11:00:00,15526.0
2010-05-05 12:00:00,15617.0
2010-05-05 13:00:00,15789.0
2010-05-05 14:00:00,15828.0
2010-05-05 15:00:00,15843.0
2010-05-05 16:00:00,15834.0
2010-05-05 17:00:00,15671.0
2010-05-05 18:00:00,15390.0
2010-05-05 19:00:00,15276.0
2010-05-05 20:00:00,15797.0
2010-05-05 21:00:00,14870.0
2010-05-05 22:00:00,13263.0
2010-05-05 23:00:00,11749.0
2010-05-06 00:00:00,10748.0
2010-05-06 01:00:00,10175.0
2010-05-06 02:00:00,9880.0
2010-05-06 03:00:00,9774.0
2010-05-06 04:00:00,10015.0
2010-05-06 05:00:00,10897.0
2010-05-06 06:00:00,12651.0
2010-05-06 07:00:00,14162.0
2010-05-06 08:00:00,14817.0
2010-05-06 09:00:00,15240.0
2010-05-06 10:00:00,15589.0
2010-05-06 11:00:00,15766.0
2010-05-06 12:00:00,15839.0
2010-05-06 13:00:00,15965.0
2010-05-06 14:00:00,15883.0
2010-05-06 15:00:00,15762.0
2010-05-06 16:00:00,15674.0
2010-05-06 17:00:00,15496.0
2010-05-06 18:00:00,15118.0
2010-05-06 19:00:00,14983.0
2010-05-06 20:00:00,15398.0
2010-05-06 21:00:00,14534.0
2010-05-06 22:00:00,13023.0
2010-05-06 23:00:00,11565.0
2010-05-07 00:00:00,10544.0
2010-05-07 01:00:00,9979.0
2010-05-07 02:00:00,9687.0
2010-05-07 03:00:00,9603.0
2010-05-07 04:00:00,9846.0
2010-05-07 05:00:00,10570.0
2010-05-07 06:00:00,12251.0
2010-05-07 07:00:00,13644.0
2010-05-07 08:00:00,14240.0
2010-05-07 09:00:00,14606.0
2010-05-07 10:00:00,14873.0
2010-05-07 11:00:00,14978.0
2010-05-07 12:00:00,14964.0
2010-05-07 13:00:00,15001.0
2010-05-07 14:00:00,14887.0
2010-05-07 15:00:00,14740.0
2010-05-07 16:00:00,14668.0
2010-05-07 17:00:00,14496.0
2010-05-07 18:00:00,14181.0
2010-05-07 19:00:00,14133.0
2010-05-07 20:00:00,14567.0
2010-05-07 21:00:00,13902.0
2010-05-07 22:00:00,12691.0
2010-05-07 23:00:00,11395.0
2010-05-08 00:00:00,10446.0
2010-05-08 01:00:00,9882.0
2010-05-08 02:00:00,9565.0
2010-05-08 03:00:00,9427.0
2010-05-08 04:00:00,9468.0
2010-05-08 05:00:00,9765.0
2010-05-08 06:00:00,10268.0
2010-05-08 07:00:00,11211.0
2010-05-08 08:00:00,12432.0
2010-05-08 09:00:00,13369.0
2010-05-08 10:00:00,13899.0
2010-05-08 11:00:00,14105.0
2010-05-08 12:00:00,13978.0
2010-05-08 13:00:00,13752.0
2010-05-08 14:00:00,13557.0
2010-05-08 15:00:00,13402.0
2010-05-08 16:00:00,13419.0
2010-05-08 17:00:00,13511.0
2010-05-08 18:00:00,13384.0
2010-05-08 19:00:00,13346.0
2010-05-08 20:00:00,13649.0
2010-05-08 21:00:00,13114.0
2010-05-08 22:00:00,12150.0
2010-05-08 23:00:00,11087.0
2010-05-09 00:00:00,10193.0
2010-05-09 01:00:00,9651.0
2010-05-09 02:00:00,9361.0
2010-05-09 03:00:00,9221.0
2010-05-09 04:00:00,9245.0
2010-05-09 05:00:00,9301.0
2010-05-09 06:00:00,9664.0
2010-05-09 07:00:00,10550.0
2010-05-09 08:00:00,11616.0
2010-05-09 09:00:00,12375.0
2010-05-09 10:00:00,12713.0
2010-05-09 11:00:00,12772.0
2010-05-09 12:00:00,12642.0
2010-05-09 13:00:00,12402.0
2010-05-09 14:00:00,12199.0
2010-05-09 15:00:00,12133.0
2010-05-09 16:00:00,12267.0
2010-05-09 17:00:00,12517.0
2010-05-09 18:00:00,12754.0
2010-05-09 19:00:00,13264.0
2010-05-09 20:00:00,13893.0
2010-05-09 21:00:00,13290.0
2010-05-09 22:00:00,12110.0
2010-05-09 23:00:00,10971.0
2010-05-10 00:00:00,10160.0
2010-05-10 01:00:00,9768.0
2010-05-10 02:00:00,9581.0
2010-05-10 03:00:00,9588.0
2010-05-10 04:00:00,9927.0
2010-05-10 05:00:00,10862.0
2010-05-10 06:00:00,12704.0
2010-05-10 07:00:00,14085.0
2010-05-10 08:00:00,14558.0
2010-05-10 09:00:00,14798.0
2010-05-10 10:00:00,14987.0
2010-05-10 11:00:00,15012.0
2010-05-10 12:00:00,14919.0
2010-05-10 13:00:00,14816.0
2010-05-10 14:00:00,14614.0
2010-05-10 15:00:00,14449.0
2010-05-10 16:00:00,14457.0
2010-05-10 17:00:00,14508.0
2010-05-10 18:00:00,14499.0
2010-05-10 19:00:00,14654.0
2010-05-10 20:00:00,15161.0
2010-05-10 21:00:00,14327.0
2010-05-10 22:00:00,12830.0
2010-05-10 23:00:00,11454.0
2010-05-11 00:00:00,10581.0
2010-05-11 01:00:00,10148.0
2010-05-11 02:00:00,9969.0
2010-05-11 03:00:00,9952.0
2010-05-11 04:00:00,10262.0
2010-05-11 05:00:00,11186.0
2010-05-11 06:00:00,12972.0
2010-05-11 07:00:00,14236.0
2010-05-11 08:00:00,14566.0
2010-05-11 09:00:00,14710.0
2010-05-11 10:00:00,14742.0
2010-05-11 11:00:00,14831.0
2010-05-11 12:00:00,14737.0
2010-05-11 13:00:00,14671.0
2010-05-11 14:00:00,14544.0
2010-05-11 15:00:00,14413.0
2010-05-11 16:00:00,14434.0
2010-05-11 17:00:00,14492.0
2010-05-11 18:00:00,14486.0
2010-05-11 19:00:00,14698.0
2010-05-11 20:00:00,15110.0
2010-05-11 21:00:00,14226.0
2010-05-11 22:00:00,12728.0
2010-05-11 23:00:00,11321.0
2010-05-12 00:00:00,10426.0
2010-05-12 01:00:00,9967.0
2010-05-12 02:00:00,9738.0
2010-05-12 03:00:00,9696.0
2010-05-12 04:00:00,9958.0
2010-05-12 05:00:00,10879.0
2010-05-12 06:00:00,12706.0
2010-05-12 07:00:00,14137.0
2010-05-12 08:00:00,14640.0
2010-05-12 09:00:00,14890.0
2010-05-12 10:00:00,15105.0
2010-05-12 11:00:00,15173.0
2010-05-12 12:00:00,15093.0
2010-05-12 13:00:00,15028.0
2010-05-12 14:00:00,14877.0
2010-05-12 15:00:00,14811.0
2010-05-12 16:00:00,14883.0
2010-05-12 17:00:00,15011.0
2010-05-12 18:00:00,14966.0
2010-05-12 19:00:00,14989.0
2010-05-12 20:00:00,15243.0
2010-05-12 21:00:00,14406.0
2010-05-12 22:00:00,12927.0
2010-05-12 23:00:00,11545.0
2010-05-13 00:00:00,10654.0
2010-05-13 01:00:00,10201.0
2010-05-13 02:00:00,10021.0
2010-05-13 03:00:00,10002.0
2010-05-13 04:00:00,10294.0
2010-05-13 05:00:00,11184.0
2010-05-13 06:00:00,12983.0
2010-05-13 07:00:00,14258.0
2010-05-13 08:00:00,14584.0
2010-05-13 09:00:00,14781.0
2010-05-13 10:00:00,14969.0
2010-05-13 11:00:00,14996.0
2010-05-13 12:00:00,14919.0
2010-05-13 13:00:00,14925.0
2010-05-13 14:00:00,14801.0
2010-05-13 15:00:00,14661.0
2010-05-13 16:00:00,14612.0
2010-05-13 17:00:00,14544.0
2010-05-13 18:00:00,14376.0
2010-05-13 19:00:00,14546.0
2010-05-13 20:00:00,15080.0
2010-05-13 21:00:00,14310.0
2010-05-13 22:00:00,12848.0
2010-05-13 23:00:00,11468.0
2010-05-14 00:00:00,10498.0
2010-05-14 01:00:00,9956.0
2010-05-14 02:00:00,9695.0
2010-05-14 03:00:00,9609.0
2010-05-14 04:00:00,9814.0
2010-05-14 05:00:00,10665.0
2010-05-14 06:00:00,12406.0
2010-05-14 07:00:00,13898.0
2010-05-14 08:00:00,14480.0
2010-05-14 09:00:00,14813.0
2010-05-14 10:00:00,15072.0
2010-05-14 11:00:00,15112.0
2010-05-14 12:00:00,15061.0
2010-05-14 13:00:00,15060.0
2010-05-14 14:00:00,14968.0
2010-05-14 15:00:00,14912.0
2010-05-14 16:00:00,14912.0
2010-05-14 17:00:00,14775.0
2010-05-14 18:00:00,14456.0
2010-05-14 19:00:00,14361.0
2010-05-14 20:00:00,14769.0
2010-05-14 21:00:00,14203.0
2010-05-14 22:00:00,13016.0
2010-05-14 23:00:00,11730.0
2010-05-15 00:00:00,10748.0
2010-05-15 01:00:00,10156.0
2010-05-15 02:00:00,9798.0
2010-05-15 03:00:00,9613.0
2010-05-15 04:00:00,9613.0
2010-05-15 05:00:00,9726.0
2010-05-15 06:00:00,10319.0
2010-05-15 07:00:00,11464.0
2010-05-15 08:00:00,12628.0
2010-05-15 09:00:00,13316.0
2010-05-15 10:00:00,13581.0
2010-05-15 11:00:00,13621.0
2010-05-15 12:00:00,13493.0
2010-05-15 13:00:00,13287.0
2010-05-15 14:00:00,13120.0
2010-05-15 15:00:00,13022.0
2010-05-15 16:00:00,13087.0
2010-05-15 17:00:00,13235.0
2010-05-15 18:00:00,13227.0
2010-05-15 19:00:00,13228.0
2010-05-15 20:00:00,13665.0
2010-05-15 21:00:00,13246.0
2010-05-15 22:00:00,12275.0
2010-05-15 23:00:00,11227.0
2010-05-16 00:00:00,10279.0
2010-05-16 01:00:00,9711.0
2010-05-16 02:00:00,9416.0
2010-05-16 03:00:00,9237.0
2010-05-16 04:00:00,9238.0
2010-05-16 05:00:00,9209.0
2010-05-16 06:00:00,9553.0
2010-05-16 07:00:00,10417.0
2010-05-16 08:00:00,11505.0
2010-05-16 09:00:00,12332.0
2010-05-16 10:00:00,12766.0
2010-05-16 11:00:00,13003.0
2010-05-16 12:00:00,13056.0
2010-05-16 13:00:00,12950.0
2010-05-16 14:00:00,12828.0
2010-05-16 15:00:00,12837.0
2010-05-16 16:00:00,13023.0
2010-05-16 17:00:00,13284.0
2010-05-16 18:00:00,13375.0
2010-05-16 19:00:00,13479.0
2010-05-16 20:00:00,14007.0
2010-05-16 21:00:00,13417.0
2010-05-16 22:00:00,12125.0
2010-05-16 23:00:00,10876.0
2010-05-17 00:00:00,10017.0
2010-05-17 01:00:00,9563.0
2010-05-17 02:00:00,9361.0
2010-05-17 03:00:00,9328.0
2010-05-17 04:00:00,9602.0
2010-05-17 05:00:00,10412.0
2010-05-17 06:00:00,12214.0
2010-05-17 07:00:00,13733.0
2010-05-17 08:00:00,14421.0
2010-05-17 09:00:00,14897.0
2010-05-17 10:00:00,15319.0
2010-05-17 11:00:00,15520.0
2010-05-17 12:00:00,15564.0
2010-05-17 13:00:00,15619.0
2010-05-17 14:00:00,15518.0
2010-05-17 15:00:00,15391.0
2010-05-17 16:00:00,15315.0
2010-05-17 17:00:00,15177.0
2010-05-17 18:00:00,14899.0
2010-05-17 19:00:00,14918.0
2010-05-17 20:00:00,15293.0
2010-05-17 21:00:00,14399.0
2010-05-17 22:00:00,12823.0
2010-05-17 23:00:00,11400.0
2010-05-18 00:00:00,10446.0
2010-05-18 01:00:00,9945.0
2010-05-18 02:00:00,9675.0
2010-05-18 03:00:00,9607.0
2010-05-18 04:00:00,9833.0
2010-05-18 05:00:00,10626.0
2010-05-18 06:00:00,12409.0
2010-05-18 07:00:00,13890.0
2010-05-18 08:00:00,14455.0
2010-05-18 09:00:00,14793.0
2010-05-18 10:00:00,15106.0
2010-05-18 11:00:00,15244.0
2010-05-18 12:00:00,15234.0
2010-05-18 13:00:00,15206.0
2010-05-18 14:00:00,15021.0
2010-05-18 15:00:00,14887.0
2010-05-18 16:00:00,14956.0
2010-05-18 17:00:00,15108.0
2010-05-18 18:00:00,15091.0
2010-05-18 19:00:00,15196.0
2010-05-18 20:00:00,15184.0
2010-05-18 21:00:00,14171.0
2010-05-18 22:00:00,12697.0
2010-05-18 23:00:00,11403.0
2010-05-19 00:00:00,10500.0
2010-05-19 01:00:00,9991.0
2010-05-19 02:00:00,9747.0
2010-05-19 03:00:00,9677.0
2010-05-19 04:00:00,9897.0
2010-05-19 05:00:00,10812.0
2010-05-19 06:00:00,12584.0
2010-05-19 07:00:00,14049.0
2010-05-19 08:00:00,14615.0
2010-05-19 09:00:00,14956.0
2010-05-19 10:00:00,15223.0
2010-05-19 11:00:00,15321.0
2010-05-19 12:00:00,15260.0
2010-05-19 13:00:00,15250.0
2010-05-19 14:00:00,15088.0
2010-05-19 15:00:00,14989.0
2010-05-19 16:00:00,15067.0
2010-05-19 17:00:00,15153.0
2010-05-19 18:00:00,15057.0
2010-05-19 19:00:00,15037.0
2010-05-19 20:00:00,15162.0
2010-05-19 21:00:00,14302.0
2010-05-19 22:00:00,12833.0
2010-05-19 23:00:00,11431.0
2010-05-20 00:00:00,10508.0
2010-05-20 01:00:00,10020.0
2010-05-20 02:00:00,9769.0
2010-05-20 03:00:00,9688.0
2010-05-20 04:00:00,9927.0
2010-05-20 05:00:00,10725.0
2010-05-20 06:00:00,12521.0
2010-05-20 07:00:00,14011.0
2010-05-20 08:00:00,14626.0
2010-05-20 09:00:00,15084.0
2010-05-20 10:00:00,15494.0
2010-05-20 11:00:00,15725.0
2010-05-20 12:00:00,15842.0
2010-05-20 13:00:00,16041.0
2010-05-20 14:00:00,16112.0
2010-05-20 15:00:00,16146.0
2010-05-20 16:00:00,16193.0
2010-05-20 17:00:00,16088.0
2010-05-20 18:00:00,15751.0
2010-05-20 19:00:00,15571.0
2010-05-20 20:00:00,16009.0
2010-05-20 21:00:00,15362.0
2010-05-20 22:00:00,13776.0
2010-05-20 23:00:00,12209.0
2010-05-21 00:00:00,11088.0
2010-05-21 01:00:00,10456.0
2010-05-21 02:00:00,10116.0
2010-05-21 03:00:00,9974.0
2010-05-21 04:00:00,10184.0
2010-05-21 05:00:00,10872.0
2010-05-21 06:00:00,12655.0
2010-05-21 07:00:00,14284.0
2010-05-21 08:00:00,15101.0
2010-05-21 09:00:00,15655.0
2010-05-21 10:00:00,16085.0
2010-05-21 11:00:00,16302.0
2010-05-21 12:00:00,16335.0
2010-05-21 13:00:00,16388.0
2010-05-21 14:00:00,16277.0
2010-05-21 15:00:00,16109.0
2010-05-21 16:00:00,15948.0
2010-05-21 17:00:00,15571.0
2010-05-21 18:00:00,14981.0
2010-05-21 19:00:00,14633.0
2010-05-21 20:00:00,14915.0
2010-05-21 21:00:00,14377.0
2010-05-21 22:00:00,13090.0
2010-05-21 23:00:00,11758.0
2010-05-22 00:00:00,10725.0
2010-05-22 01:00:00,10117.0
2010-05-22 02:00:00,9769.0
2010-05-22 03:00:00,9581.0
2010-05-22 04:00:00,9593.0
2010-05-22 05:00:00,9696.0
2010-05-22 06:00:00,10325.0
2010-05-22 07:00:00,11452.0
2010-05-22 08:00:00,12592.0
2010-05-22 09:00:00,13336.0
2010-05-22 10:00:00,13756.0
2010-05-22 11:00:00,13982.0
2010-05-22 12:00:00,14028.0
2010-05-22 13:00:00,13949.0
2010-05-22 14:00:00,13866.0
2010-05-22 15:00:00,13843.0
2010-05-22 16:00:00,13914.0
2010-05-22 17:00:00,13970.0
2010-05-22 18:00:00,13804.0
2010-05-22 19:00:00,13758.0
2010-05-22 20:00:00,14184.0
2010-05-22 21:00:00,13800.0
2010-05-22 22:00:00,12771.0
2010-05-22 23:00:00,11646.0
2010-05-23 00:00:00,10710.0
2010-05-23 01:00:00,10123.0
2010-05-23 02:00:00,9778.0
2010-05-23 03:00:00,9594.0
2010-05-23 04:00:00,9562.0
2010-05-23 05:00:00,9575.0
2010-05-23 06:00:00,9893.0
2010-05-23 07:00:00,10741.0
2010-05-23 08:00:00,11846.0
2010-05-23 09:00:00,12710.0
2010-05-23 10:00:00,13284.0
2010-05-23 11:00:00,13672.0
2010-05-23 12:00:00,13899.0
2010-05-23 13:00:00,13965.0
2010-05-23 14:00:00,13937.0
2010-05-23 15:00:00,13953.0
2010-05-23 16:00:00,14138.0
2010-05-23 17:00:00,14357.0
2010-05-23 18:00:00,14379.0
2010-05-23 19:00:00,14389.0
2010-05-23 20:00:00,14847.0
2010-05-23 21:00:00,14376.0
2010-05-23 22:00:00,13033.0
2010-05-23 23:00:00,11720.0
2010-05-24 00:00:00,10772.0
2010-05-24 01:00:00,10250.0
2010-05-24 02:00:00,9978.0
2010-05-24 03:00:00,9921.0
2010-05-24 04:00:00,10182.0
2010-05-24 05:00:00,10953.0
2010-05-24 06:00:00,12826.0
2010-05-24 07:00:00,14518.0
2010-05-24 08:00:00,15416.0
2010-05-24 09:00:00,16135.0
2010-05-24 10:00:00,16744.0
2010-05-24 11:00:00,17172.0
2010-05-24 12:00:00,17384.0
2010-05-24 13:00:00,17609.0
2010-05-24 14:00:00,17705.0
2010-05-24 15:00:00,17788.0
2010-05-24 16:00:00,17869.0
2010-05-24 17:00:00,17768.0
2010-05-24 18:00:00,17384.0
2010-05-24 19:00:00,17131.0
2010-05-24 20:00:00,17305.0
2010-05-24 21:00:00,16530.0
2010-05-24 22:00:00,14761.0
2010-05-24 23:00:00,13113.0
2010-05-25 00:00:00,11912.0
2010-05-25 01:00:00,11203.0
2010-05-25 02:00:00,10805.0
2010-05-25 03:00:00,10640.0
2010-05-25 04:00:00,10831.0
2010-05-25 05:00:00,11550.0
2010-05-25 06:00:00,13475.0
2010-05-25 07:00:00,15303.0
2010-05-25 08:00:00,16387.0
2010-05-25 09:00:00,17280.0
2010-05-25 10:00:00,18130.0
2010-05-25 11:00:00,18784.0
2010-05-25 12:00:00,19213.0
2010-05-25 13:00:00,19623.0
2010-05-25 14:00:00,19833.0
2010-05-25 15:00:00,20026.0
2010-05-25 16:00:00,20076.0
2010-05-25 17:00:00,19870.0
2010-05-25 18:00:00,19359.0
2010-05-25 19:00:00,18951.0
2010-05-25 20:00:00,18969.0
2010-05-25 21:00:00,18131.0
2010-05-25 22:00:00,16195.0
2010-05-25 23:00:00,14300.0
2010-05-26 00:00:00,12982.0
2010-05-26 01:00:00,12194.0
2010-05-26 02:00:00,11744.0
2010-05-26 03:00:00,11520.0
2010-05-26 04:00:00,11667.0
2010-05-26 05:00:00,12370.0
2010-05-26 06:00:00,14351.0
2010-05-26 07:00:00,16265.0
2010-05-26 08:00:00,17539.0
2010-05-26 09:00:00,18655.0
2010-05-26 10:00:00,19723.0
2010-05-26 11:00:00,20592.0
2010-05-26 12:00:00,21205.0
2010-05-26 13:00:00,21765.0
2010-05-26 14:00:00,22128.0
2010-05-26 15:00:00,22417.0
2010-05-26 16:00:00,22491.0
2010-05-26 17:00:00,22209.0
2010-05-26 18:00:00,21576.0
2010-05-26 19:00:00,21002.0
2010-05-26 20:00:00,20960.0
2010-05-26 21:00:00,19740.0
2010-05-26 22:00:00,17371.0
2010-05-26 23:00:00,15087.0
2010-05-27 00:00:00,13439.0
2010-05-27 01:00:00,12439.0
2010-05-27 02:00:00,11857.0
2010-05-27 03:00:00,11542.0
2010-05-27 04:00:00,11615.0
2010-05-27 05:00:00,12221.0
2010-05-27 06:00:00,13787.0
2010-05-27 07:00:00,15138.0
2010-05-27 08:00:00,15703.0
2010-05-27 09:00:00,16143.0
2010-05-27 10:00:00,16618.0
2010-05-27 11:00:00,16947.0
2010-05-27 12:00:00,17089.0
2010-05-27 13:00:00,17288.0
2010-05-27 14:00:00,17402.0
2010-05-27 15:00:00,17465.0
2010-05-27 16:00:00,17436.0
2010-05-27 17:00:00,17191.0
2010-05-27 18:00:00,16648.0
2010-05-27 19:00:00,16185.0
2010-05-27 20:00:00,16284.0
2010-05-27 21:00:00,15625.0
2010-05-27 22:00:00,13983.0
2010-05-27 23:00:00,12381.0
2010-05-28 00:00:00,11262.0
2010-05-28 01:00:00,10628.0
2010-05-28 02:00:00,10291.0
2010-05-28 03:00:00,10167.0
2010-05-28 04:00:00,10323.0
2010-05-28 05:00:00,10911.0
2010-05-28 06:00:00,12624.0
2010-05-28 07:00:00,14231.0
2010-05-28 08:00:00,15130.0
2010-05-28 09:00:00,15681.0
2010-05-28 10:00:00,16105.0
2010-05-28 11:00:00,16331.0
2010-05-28 12:00:00,16360.0
2010-05-28 13:00:00,16443.0
2010-05-28 14:00:00,16360.0
2010-05-28 15:00:00,16267.0
2010-05-28 16:00:00,16156.0
2010-05-28 17:00:00,15923.0
2010-05-28 18:00:00,15407.0
2010-05-28 19:00:00,14973.0
2010-05-28 20:00:00,15146.0
2010-05-28 21:00:00,14656.0
2010-05-28 22:00:00,13408.0
2010-05-28 23:00:00,12070.0
2010-05-29 00:00:00,10997.0
2010-05-29 01:00:00,10315.0
2010-05-29 02:00:00,9927.0
2010-05-29 03:00:00,9735.0
2010-05-29 04:00:00,9729.0
2010-05-29 05:00:00,9766.0
2010-05-29 06:00:00,10305.0
2010-05-29 07:00:00,11372.0
2010-05-29 08:00:00,12565.0
2010-05-29 09:00:00,13492.0
2010-05-29 10:00:00,14099.0
2010-05-29 11:00:00,14450.0
2010-05-29 12:00:00,14618.0
2010-05-29 13:00:00,14612.0
2010-05-29 14:00:00,14575.0
2010-05-29 15:00:00,14511.0
2010-05-29 16:00:00,14498.0
2010-05-29 17:00:00,14586.0
2010-05-29 18:00:00,14515.0
2010-05-29 19:00:00,14358.0
2010-05-29 20:00:00,14646.0
2010-05-29 21:00:00,14321.0
2010-05-29 22:00:00,13286.0
2010-05-29 23:00:00,12103.0
2010-05-30 00:00:00,11139.0
2010-05-30 01:00:00,10519.0
2010-05-30 02:00:00,10140.0
2010-05-30 03:00:00,9941.0
2010-05-30 04:00:00,9869.0
2010-05-30 05:00:00,9772.0
2010-05-30 06:00:00,10177.0
2010-05-30 07:00:00,11153.0
2010-05-30 08:00:00,12328.0
2010-05-30 09:00:00,13214.0
2010-05-30 10:00:00,13791.0
2010-05-30 11:00:00,14153.0
2010-05-30 12:00:00,14339.0
2010-05-30 13:00:00,14374.0
2010-05-30 14:00:00,14414.0
2010-05-30 15:00:00,14500.0
2010-05-30 16:00:00,14616.0
2010-05-30 17:00:00,14708.0
2010-05-30 18:00:00,14486.0
2010-05-30 19:00:00,14213.0
2010-05-30 20:00:00,14477.0
2010-05-30 21:00:00,14359.0
2010-05-30 22:00:00,13375.0
2010-05-30 23:00:00,12167.0
2010-05-31 00:00:00,11180.0
2010-05-31 01:00:00,10526.0
2010-05-31 02:00:00,10131.0
2010-05-31 03:00:00,9919.0
2010-05-31 04:00:00,9903.0
2010-05-31 05:00:00,9893.0
2010-05-31 06:00:00,10446.0
2010-05-31 07:00:00,11477.0
2010-05-31 08:00:00,12673.0
2010-05-31 09:00:00,13618.0
2010-05-31 10:00:00,14205.0
2010-05-31 11:00:00,14609.0
2010-05-31 12:00:00,14802.0
2010-05-31 13:00:00,14773.0
2010-05-31 14:00:00,14742.0
2010-05-31 15:00:00,14798.0
2010-05-31 16:00:00,14924.0
2010-05-31 17:00:00,15012.0
2010-05-31 18:00:00,14851.0
2010-05-31 19:00:00,14699.0
2010-05-31 20:00:00,15085.0
2010-05-31 21:00:00,14562.0
2010-05-31 22:00:00,13087.0
2010-05-31 23:00:00,11695.0
2010-06-01 00:00:00,10783.0
2010-06-01 01:00:00,10306.0
2010-06-01 02:00:00,10068.0
2010-06-01 03:00:00,10038.0
2010-06-01 04:00:00,10342.0
2010-06-01 05:00:00,11213.0
2010-06-01 06:00:00,13125.0
2010-06-01 07:00:00,14842.0
2010-06-01 08:00:00,15852.0
2010-06-01 09:00:00,16741.0
2010-06-01 10:00:00,17577.0
2010-06-01 11:00:00,18270.0
2010-06-01 12:00:00,18742.0
2010-06-01 13:00:00,19100.0
2010-06-01 14:00:00,18984.0
2010-06-01 15:00:00,18647.0
2010-06-01 16:00:00,18538.0
2010-06-01 17:00:00,18370.0
2010-06-01 18:00:00,18031.0
2010-06-01 19:00:00,17674.0
2010-06-01 20:00:00,17576.0
2010-06-01 21:00:00,16879.0
2010-06-01 22:00:00,15132.0
2010-06-01 23:00:00,13413.0
2010-06-02 00:00:00,12238.0
2010-06-02 01:00:00,11505.0
2010-06-02 02:00:00,11091.0
2010-06-02 03:00:00,10868.0
2010-06-02 04:00:00,11011.0
2010-06-02 05:00:00,11677.0
2010-06-02 06:00:00,13544.0
2010-06-02 07:00:00,15254.0
2010-06-02 08:00:00,16216.0
2010-06-02 09:00:00,16940.0
2010-06-02 10:00:00,17608.0
2010-06-02 11:00:00,18096.0
2010-06-02 12:00:00,18373.0
2010-06-02 13:00:00,18697.0
2010-06-02 14:00:00,18839.0
2010-06-02 15:00:00,18901.0
2010-06-02 16:00:00,18911.0
2010-06-02 17:00:00,18598.0
2010-06-02 18:00:00,17984.0
2010-06-02 19:00:00,17444.0
2010-06-02 20:00:00,17500.0
2010-06-02 21:00:00,16810.0
2010-06-02 22:00:00,15001.0
2010-06-02 23:00:00,13289.0
2010-06-03 00:00:00,12102.0
2010-06-03 01:00:00,11424.0
2010-06-03 02:00:00,11078.0
2010-06-03 03:00:00,10962.0
2010-06-03 04:00:00,11214.0
2010-06-03 05:00:00,12012.0
2010-06-03 06:00:00,13845.0
2010-06-03 07:00:00,15445.0
2010-06-03 08:00:00,16251.0
2010-06-03 09:00:00,16966.0
2010-06-03 10:00:00,17698.0
2010-06-03 11:00:00,18222.0
2010-06-03 12:00:00,18600.0
2010-06-03 13:00:00,18912.0
2010-06-03 14:00:00,19075.0
2010-06-03 15:00:00,19276.0
2010-06-03 16:00:00,19384.0
2010-06-03 17:00:00,19222.0
2010-06-03 18:00:00,18720.0
2010-06-03 19:00:00,18360.0
2010-06-03 20:00:00,18360.0
2010-06-03 21:00:00,17647.0
2010-06-03 22:00:00,15829.0
2010-06-03 23:00:00,14045.0
2010-06-04 00:00:00,12687.0
2010-06-04 01:00:00,11880.0
2010-06-04 02:00:00,11428.0
2010-06-04 03:00:00,11201.0
2010-06-04 04:00:00,11361.0
2010-06-04 05:00:00,12057.0
2010-06-04 06:00:00,13859.0
2010-06-04 07:00:00,15511.0
2010-06-04 08:00:00,16443.0
2010-06-04 09:00:00,17279.0
2010-06-04 10:00:00,18107.0
2010-06-04 11:00:00,18703.0
2010-06-04 12:00:00,19082.0
2010-06-04 13:00:00,19414.0
2010-06-04 14:00:00,19600.0
2010-06-04 15:00:00,19704.0
2010-06-04 16:00:00,19637.0
2010-06-04 17:00:00,19182.0
2010-06-04 18:00:00,18376.0
2010-06-04 19:00:00,17728.0
2010-06-04 20:00:00,17779.0
2010-06-04 21:00:00,17265.0
2010-06-04 22:00:00,15814.0
2010-06-04 23:00:00,14234.0
2010-06-05 00:00:00,12941.0
2010-06-05 01:00:00,12147.0
2010-06-05 02:00:00,11657.0
2010-06-05 03:00:00,11327.0
2010-06-05 04:00:00,11307.0
2010-06-05 05:00:00,11488.0
2010-06-05 06:00:00,12091.0
2010-06-05 07:00:00,13126.0
2010-06-05 08:00:00,14491.0
2010-06-05 09:00:00,15797.0
2010-06-05 10:00:00,16815.0
2010-06-05 11:00:00,17508.0
2010-06-05 12:00:00,17847.0
2010-06-05 13:00:00,18011.0
2010-06-05 14:00:00,18197.0
2010-06-05 15:00:00,18251.0
2010-06-05 16:00:00,18177.0
2010-06-05 17:00:00,18114.0
2010-06-05 18:00:00,17840.0
2010-06-05 19:00:00,17489.0
2010-06-05 20:00:00,17576.0
2010-06-05 21:00:00,17188.0
2010-06-05 22:00:00,15927.0
2010-06-05 23:00:00,14437.0
2010-06-06 00:00:00,13224.0
2010-06-06 01:00:00,12412.0
2010-06-06 02:00:00,11880.0
2010-06-06 03:00:00,11547.0
2010-06-06 04:00:00,11385.0
2010-06-06 05:00:00,11333.0
2010-06-06 06:00:00,11653.0
2010-06-06 07:00:00,12558.0
2010-06-06 08:00:00,13767.0
2010-06-06 09:00:00,14815.0
2010-06-06 10:00:00,15613.0
2010-06-06 11:00:00,16213.0
2010-06-06 12:00:00,16615.0
2010-06-06 13:00:00,16815.0
2010-06-06 14:00:00,16952.0
2010-06-06 15:00:00,16847.0
2010-06-06 16:00:00,16690.0
2010-06-06 17:00:00,16825.0
2010-06-06 18:00:00,16646.0
2010-06-06 19:00:00,16080.0
2010-06-06 20:00:00,15714.0
2010-06-06 21:00:00,14969.0
2010-06-06 22:00:00,13469.0
2010-06-06 23:00:00,11971.0
2010-06-07 00:00:00,10887.0
2010-06-07 01:00:00,10295.0
2010-06-07 02:00:00,10004.0
2010-06-07 03:00:00,9897.0
2010-06-07 04:00:00,10105.0
2010-06-07 05:00:00,10799.0
2010-06-07 06:00:00,12585.0
2010-06-07 07:00:00,14173.0
2010-06-07 08:00:00,14990.0
2010-06-07 09:00:00,15593.0
2010-06-07 10:00:00,16082.0
2010-06-07 11:00:00,16348.0
2010-06-07 12:00:00,16428.0
2010-06-07 13:00:00,16484.0
2010-06-07 14:00:00,16386.0
2010-06-07 15:00:00,16330.0
2010-06-07 16:00:00,16267.0
2010-06-07 17:00:00,16125.0
2010-06-07 18:00:00,15703.0
2010-06-07 19:00:00,15376.0
2010-06-07 20:00:00,15503.0
2010-06-07 21:00:00,15001.0
2010-06-07 22:00:00,13407.0
2010-06-07 23:00:00,11864.0
2010-06-08 00:00:00,10847.0
2010-06-08 01:00:00,10287.0
2010-06-08 02:00:00,9964.0
2010-06-08 03:00:00,9852.0
2010-06-08 04:00:00,10033.0
2010-06-08 05:00:00,10713.0
2010-06-08 06:00:00,12479.0
2010-06-08 07:00:00,14024.0
2010-06-08 08:00:00,14806.0
2010-06-08 09:00:00,15300.0
2010-06-08 10:00:00,15694.0
2010-06-08 11:00:00,15873.0
2010-06-08 12:00:00,15886.0
2010-06-08 13:00:00,15897.0
2010-06-08 14:00:00,15801.0
2010-06-08 15:00:00,15722.0
2010-06-08 16:00:00,15671.0
2010-06-08 17:00:00,15567.0
2010-06-08 18:00:00,15235.0
2010-06-08 19:00:00,14968.0
2010-06-08 20:00:00,15156.0
2010-06-08 21:00:00,14669.0
2010-06-08 22:00:00,13173.0
2010-06-08 23:00:00,11722.0
2010-06-09 00:00:00,10671.0
2010-06-09 01:00:00,10081.0
2010-06-09 02:00:00,9770.0
2010-06-09 03:00:00,9660.0
2010-06-09 04:00:00,9876.0
2010-06-09 05:00:00,10544.0
2010-06-09 06:00:00,12271.0
2010-06-09 07:00:00,13829.0
2010-06-09 08:00:00,14561.0
2010-06-09 09:00:00,15078.0
2010-06-09 10:00:00,15514.0
2010-06-09 11:00:00,15707.0
2010-06-09 12:00:00,15783.0
2010-06-09 13:00:00,15775.0
2010-06-09 14:00:00,15565.0
2010-06-09 15:00:00,15422.0
2010-06-09 16:00:00,15412.0
2010-06-09 17:00:00,15395.0
2010-06-09 18:00:00,15213.0
2010-06-09 19:00:00,15034.0
2010-06-09 20:00:00,15062.0
2010-06-09 21:00:00,14352.0
2010-06-09 22:00:00,12868.0
2010-06-09 23:00:00,11498.0
2010-06-10 00:00:00,10570.0
2010-06-10 01:00:00,10069.0
2010-06-10 02:00:00,9826.0
2010-06-10 03:00:00,9745.0
2010-06-10 04:00:00,9973.0
2010-06-10 05:00:00,10801.0
2010-06-10 06:00:00,12584.0
2010-06-10 07:00:00,14111.0
2010-06-10 08:00:00,14786.0
2010-06-10 09:00:00,15195.0
2010-06-10 10:00:00,15546.0
2010-06-10 11:00:00,15702.0
2010-06-10 12:00:00,15697.0
2010-06-10 13:00:00,15755.0
2010-06-10 14:00:00,15706.0
2010-06-10 15:00:00,15616.0
2010-06-10 16:00:00,15623.0
2010-06-10 17:00:00,15615.0
2010-06-10 18:00:00,15390.0
2010-06-10 19:00:00,15179.0
2010-06-10 20:00:00,15258.0
2010-06-10 21:00:00,14665.0
2010-06-10 22:00:00,13234.0
2010-06-10 23:00:00,11842.0
2010-06-11 00:00:00,10829.0
2010-06-11 01:00:00,10226.0
2010-06-11 02:00:00,9907.0
2010-06-11 03:00:00,9818.0
2010-06-11 04:00:00,10020.0
2010-06-11 05:00:00,10726.0
2010-06-11 06:00:00,12442.0
2010-06-11 07:00:00,13961.0
2010-06-11 08:00:00,14689.0
2010-06-11 09:00:00,15142.0
2010-06-11 10:00:00,15486.0
2010-06-11 11:00:00,15628.0
2010-06-11 12:00:00,15628.0
2010-06-11 13:00:00,15632.0
2010-06-11 14:00:00,15534.0
2010-06-11 15:00:00,15401.0
2010-06-11 16:00:00,15348.0
2010-06-11 17:00:00,15110.0
2010-06-11 18:00:00,14683.0
2010-06-11 19:00:00,14381.0
2010-06-11 20:00:00,14532.0
2010-06-11 21:00:00,14373.0
2010-06-11 22:00:00,13224.0
2010-06-11 23:00:00,11911.0
2010-06-12 00:00:00,10888.0
2010-06-12 01:00:00,10316.0
2010-06-12 02:00:00,9974.0
2010-06-12 03:00:00,9826.0
2010-06-12 04:00:00,9836.0
2010-06-12 05:00:00,9960.0
2010-06-12 06:00:00,10598.0
2010-06-12 07:00:00,11706.0
2010-06-12 08:00:00,12949.0
2010-06-12 09:00:00,13825.0
2010-06-12 10:00:00,14324.0
2010-06-12 11:00:00,14520.0
2010-06-12 12:00:00,14540.0
2010-06-12 13:00:00,14390.0
2010-06-12 14:00:00,14202.0
2010-06-12 15:00:00,14056.0
2010-06-12 16:00:00,14101.0
2010-06-12 17:00:00,14225.0
2010-06-12 18:00:00,14160.0
2010-06-12 19:00:00,14068.0
2010-06-12 20:00:00,14189.0
2010-06-12 21:00:00,13776.0
2010-06-12 22:00:00,12806.0
2010-06-12 23:00:00,11699.0
2010-06-13 00:00:00,10817.0
2010-06-13 01:00:00,10229.0
2010-06-13 02:00:00,9900.0
2010-06-13 03:00:00,9704.0
2010-06-13 04:00:00,9674.0
2010-06-13 05:00:00,9706.0
2010-06-13 06:00:00,10059.0
2010-06-13 07:00:00,10904.0
2010-06-13 08:00:00,12040.0
2010-06-13 09:00:00,13009.0
2010-06-13 10:00:00,13645.0
2010-06-13 11:00:00,14014.0
2010-06-13 12:00:00,14131.0
2010-06-13 13:00:00,14033.0
2010-06-13 14:00:00,13890.0
2010-06-13 15:00:00,13818.0
2010-06-13 16:00:00,13946.0
2010-06-13 17:00:00,14194.0
2010-06-13 18:00:00,14260.0
2010-06-13 19:00:00,14296.0
2010-06-13 20:00:00,14497.0
2010-06-13 21:00:00,14053.0
2010-06-13 22:00:00,12826.0
2010-06-13 23:00:00,11595.0
2010-06-14 00:00:00,10660.0
2010-06-14 01:00:00,10137.0
2010-06-14 02:00:00,9897.0
2010-06-14 03:00:00,9844.0
2010-06-14 04:00:00,10143.0
2010-06-14 05:00:00,10954.0
2010-06-14 06:00:00,12701.0
2010-06-14 07:00:00,14292.0
2010-06-14 08:00:00,15119.0
2010-06-14 09:00:00,15676.0
2010-06-14 10:00:00,16147.0
2010-06-14 11:00:00,16464.0
2010-06-14 12:00:00,16665.0
2010-06-14 13:00:00,16835.0
2010-06-14 14:00:00,16860.0
2010-06-14 15:00:00,16932.0
2010-06-14 16:00:00,17019.0
2010-06-14 17:00:00,16974.0
2010-06-14 18:00:00,16701.0
2010-06-14 19:00:00,16438.0
2010-06-14 20:00:00,16448.0
2010-06-14 21:00:00,15963.0
2010-06-14 22:00:00,14330.0
2010-06-14 23:00:00,12702.0
2010-06-15 00:00:00,11578.0
2010-06-15 01:00:00,10890.0
2010-06-15 02:00:00,10472.0
2010-06-15 03:00:00,10277.0
2010-06-15 04:00:00,10393.0
2010-06-15 05:00:00,11013.0
2010-06-15 06:00:00,12754.0
2010-06-15 07:00:00,14402.0
2010-06-15 08:00:00,15298.0
2010-06-15 09:00:00,15884.0
2010-06-15 10:00:00,16407.0
2010-06-15 11:00:00,16730.0
2010-06-15 12:00:00,16885.0
2010-06-15 13:00:00,17097.0
2010-06-15 14:00:00,17187.0
2010-06-15 15:00:00,17239.0
2010-06-15 16:00:00,17275.0
2010-06-15 17:00:00,17101.0
2010-06-15 18:00:00,16588.0
2010-06-15 19:00:00,16159.0
2010-06-15 20:00:00,16165.0
2010-06-15 21:00:00,15735.0
2010-06-15 22:00:00,14120.0
2010-06-15 23:00:00,12479.0
2010-06-16 00:00:00,11307.0
2010-06-16 01:00:00,10640.0
2010-06-16 02:00:00,10290.0
2010-06-16 03:00:00,10137.0
2010-06-16 04:00:00,10300.0
2010-06-16 05:00:00,10945.0
2010-06-16 06:00:00,12565.0
2010-06-16 07:00:00,14167.0
2010-06-16 08:00:00,15064.0
2010-06-16 09:00:00,15640.0
2010-06-16 10:00:00,16163.0
2010-06-16 11:00:00,16545.0
2010-06-16 12:00:00,16659.0
2010-06-16 13:00:00,16748.0
2010-06-16 14:00:00,16666.0
2010-06-16 15:00:00,16519.0
2010-06-16 16:00:00,16379.0
2010-06-16 17:00:00,16215.0
2010-06-16 18:00:00,15875.0
2010-06-16 19:00:00,15743.0
2010-06-16 20:00:00,15886.0
2010-06-16 21:00:00,15334.0
2010-06-16 22:00:00,13884.0
2010-06-16 23:00:00,12455.0
2010-06-17 00:00:00,11502.0
2010-06-17 01:00:00,10998.0
2010-06-17 02:00:00,10719.0
2010-06-17 03:00:00,10618.0
2010-06-17 04:00:00,10872.0
2010-06-17 05:00:00,11637.0
2010-06-17 06:00:00,13484.0
2010-06-17 07:00:00,15343.0
2010-06-17 08:00:00,16250.0
2010-06-17 09:00:00,16687.0
2010-06-17 10:00:00,16925.0
2010-06-17 11:00:00,17101.0
2010-06-17 12:00:00,17116.0
2010-06-17 13:00:00,17156.0
2010-06-17 14:00:00,16978.0
2010-06-17 15:00:00,16744.0
2010-06-17 16:00:00,16528.0
2010-06-17 17:00:00,16282.0
2010-06-17 18:00:00,15953.0
2010-06-17 19:00:00,15707.0
2010-06-17 20:00:00,15766.0
2010-06-17 21:00:00,15406.0
2010-06-17 22:00:00,14034.0
2010-06-17 23:00:00,12606.0
2010-06-18 00:00:00,11498.0
2010-06-18 01:00:00,10757.0
2010-06-18 02:00:00,10363.0
2010-06-18 03:00:00,10213.0
2010-06-18 04:00:00,10385.0
2010-06-18 05:00:00,10983.0
2010-06-18 06:00:00,12640.0
2010-06-18 07:00:00,14448.0
2010-06-18 08:00:00,15712.0
2010-06-18 09:00:00,16660.0
2010-06-18 10:00:00,17467.0
2010-06-18 11:00:00,18061.0
2010-06-18 12:00:00,18455.0
2010-06-18 13:00:00,18887.0
2010-06-18 14:00:00,19184.0
2010-06-18 15:00:00,19305.0
2010-06-18 16:00:00,19289.0
2010-06-18 17:00:00,19179.0
2010-06-18 18:00:00,18696.0
2010-06-18 19:00:00,18014.0
2010-06-18 20:00:00,17724.0
2010-06-18 21:00:00,17310.0
2010-06-18 22:00:00,15811.0
2010-06-18 23:00:00,14132.0
2010-06-19 00:00:00,12780.0
2010-06-19 01:00:00,11854.0
2010-06-19 02:00:00,11299.0
2010-06-19 03:00:00,10955.0
2010-06-19 04:00:00,10823.0
2010-06-19 05:00:00,10770.0
2010-06-19 06:00:00,11524.0
2010-06-19 07:00:00,12927.0
2010-06-19 08:00:00,14498.0
2010-06-19 09:00:00,15679.0
2010-06-19 10:00:00,16454.0
2010-06-19 11:00:00,16875.0
2010-06-19 12:00:00,17075.0
2010-06-19 13:00:00,17124.0
2010-06-19 14:00:00,17227.0
2010-06-19 15:00:00,17377.0
2010-06-19 16:00:00,17491.0
2010-06-19 17:00:00,17422.0
2010-06-19 18:00:00,17008.0
2010-06-19 19:00:00,16395.0
2010-06-19 20:00:00,16199.0
2010-06-19 21:00:00,16006.0
2010-06-19 22:00:00,14875.0
2010-06-19 23:00:00,13529.0
2010-06-20 00:00:00,12425.0
2010-06-20 01:00:00,11725.0
2010-06-20 02:00:00,11288.0
2010-06-20 03:00:00,11027.0
2010-06-20 04:00:00,10948.0
2010-06-20 05:00:00,10861.0
2010-06-20 06:00:00,11313.0
2010-06-20 07:00:00,12421.0
2010-06-20 08:00:00,13881.0
2010-06-20 09:00:00,15255.0
2010-06-20 10:00:00,16509.0
2010-06-20 11:00:00,17541.0
2010-06-20 12:00:00,18258.0
2010-06-20 13:00:00,18621.0
2010-06-20 14:00:00,18849.0
2010-06-20 15:00:00,18790.0
2010-06-20 16:00:00,18807.0
2010-06-20 17:00:00,18786.0
2010-06-20 18:00:00,18558.0
2010-06-20 19:00:00,18308.0
2010-06-20 20:00:00,18362.0
2010-06-20 21:00:00,18135.0
2010-06-20 22:00:00,16561.0
2010-06-20 23:00:00,14814.0
2010-06-21 00:00:00,13494.0
2010-06-21 01:00:00,12664.0
2010-06-21 02:00:00,12184.0
2010-06-21 03:00:00,11962.0
2010-06-21 04:00:00,12047.0
2010-06-21 05:00:00,12620.0
2010-06-21 06:00:00,14416.0
2010-06-21 07:00:00,16470.0
2010-06-21 08:00:00,17947.0
2010-06-21 09:00:00,19084.0
2010-06-21 10:00:00,20022.0
2010-06-21 11:00:00,20629.0
2010-06-21 12:00:00,20873.0
2010-06-21 13:00:00,21193.0
2010-06-21 14:00:00,21419.0
2010-06-21 15:00:00,21561.0
2010-06-21 16:00:00,21619.0
2010-06-21 17:00:00,21484.0
2010-06-21 18:00:00,20907.0
2010-06-21 19:00:00,20184.0
2010-06-21 20:00:00,19771.0
2010-06-21 21:00:00,19058.0
2010-06-21 22:00:00,17020.0
2010-06-21 23:00:00,14950.0
2010-06-22 00:00:00,13466.0
2010-06-22 01:00:00,12567.0
2010-06-22 02:00:00,11996.0
2010-06-22 03:00:00,11712.0
2010-06-22 04:00:00,11769.0
2010-06-22 05:00:00,12319.0
2010-06-22 06:00:00,13881.0
2010-06-22 07:00:00,15593.0
2010-06-22 08:00:00,16718.0
2010-06-22 09:00:00,17597.0
2010-06-22 10:00:00,18479.0
2010-06-22 11:00:00,19096.0
2010-06-22 12:00:00,19425.0
2010-06-22 13:00:00,19773.0
2010-06-22 14:00:00,19797.0
2010-06-22 15:00:00,19495.0
2010-06-22 16:00:00,19202.0
2010-06-22 17:00:00,18827.0
2010-06-22 18:00:00,18385.0
2010-06-22 19:00:00,18028.0
2010-06-22 20:00:00,18067.0
2010-06-22 21:00:00,17393.0
2010-06-22 22:00:00,15799.0
2010-06-22 23:00:00,14179.0
2010-06-23 00:00:00,13007.0
2010-06-23 01:00:00,12329.0
2010-06-23 02:00:00,11944.0
2010-06-23 03:00:00,11787.0
2010-06-23 04:00:00,12002.0
2010-06-23 05:00:00,12797.0
2010-06-23 06:00:00,14470.0
2010-06-23 07:00:00,16341.0
2010-06-23 08:00:00,17807.0
2010-06-23 09:00:00,18980.0
2010-06-23 10:00:00,19802.0
2010-06-23 11:00:00,20292.0
2010-06-23 12:00:00,20633.0
2010-06-23 13:00:00,20988.0
2010-06-23 14:00:00,21214.0
2010-06-23 15:00:00,21377.0
2010-06-23 16:00:00,21539.0
2010-06-23 17:00:00,21474.0
2010-06-23 18:00:00,20974.0
2010-06-23 19:00:00,20348.0
2010-06-23 20:00:00,20036.0
2010-06-23 21:00:00,19484.0
2010-06-23 22:00:00,17626.0
2010-06-23 23:00:00,15626.0
2010-06-24 00:00:00,14155.0
2010-06-24 01:00:00,13256.0
2010-06-24 02:00:00,12709.0
2010-06-24 03:00:00,12463.0
2010-06-24 04:00:00,12575.0
2010-06-24 05:00:00,13180.0
2010-06-24 06:00:00,14901.0
2010-06-24 07:00:00,16949.0
2010-06-24 08:00:00,18470.0
2010-06-24 09:00:00,19685.0
2010-06-24 10:00:00,20892.0
2010-06-24 11:00:00,21838.0
2010-06-24 12:00:00,22512.0
2010-06-24 13:00:00,23057.0
2010-06-24 14:00:00,22644.0
2010-06-24 15:00:00,22358.0
2010-06-24 16:00:00,22388.0
2010-06-24 17:00:00,21950.0
2010-06-24 18:00:00,21169.0
2010-06-24 19:00:00,20404.0
2010-06-24 20:00:00,20054.0
2010-06-24 21:00:00,19520.0
2010-06-24 22:00:00,17783.0
2010-06-24 23:00:00,15838.0
2010-06-25 00:00:00,14260.0
2010-06-25 01:00:00,13262.0
2010-06-25 02:00:00,12603.0
2010-06-25 03:00:00,12220.0
2010-06-25 04:00:00,12185.0
2010-06-25 05:00:00,12589.0
2010-06-25 06:00:00,14107.0
2010-06-25 07:00:00,15928.0
2010-06-25 08:00:00,17204.0
2010-06-25 09:00:00,18114.0
2010-06-25 10:00:00,18783.0
2010-06-25 11:00:00,19232.0
2010-06-25 12:00:00,19501.0
2010-06-25 13:00:00,19801.0
2010-06-25 14:00:00,20000.0
2010-06-25 15:00:00,20067.0
2010-06-25 16:00:00,20048.0
2010-06-25 17:00:00,19704.0
2010-06-25 18:00:00,18987.0
2010-06-25 19:00:00,18183.0
2010-06-25 20:00:00,17870.0
2010-06-25 21:00:00,17528.0
2010-06-25 22:00:00,16147.0
2010-06-25 23:00:00,14550.0
2010-06-26 00:00:00,13256.0
2010-06-26 01:00:00,12395.0
2010-06-26 02:00:00,11823.0
2010-06-26 03:00:00,11526.0
2010-06-26 04:00:00,11433.0
2010-06-26 05:00:00,11430.0
2010-06-26 06:00:00,12062.0
2010-06-26 07:00:00,13339.0
2010-06-26 08:00:00,14812.0
2010-06-26 09:00:00,16060.0
2010-06-26 10:00:00,16945.0
2010-06-26 11:00:00,17510.0
2010-06-26 12:00:00,17807.0
2010-06-26 13:00:00,17958.0
2010-06-26 14:00:00,18037.0
2010-06-26 15:00:00,18067.0
2010-06-26 16:00:00,17869.0
2010-06-26 17:00:00,17561.0
2010-06-26 18:00:00,17122.0
2010-06-26 19:00:00,16722.0
2010-06-26 20:00:00,16705.0
2010-06-26 21:00:00,16348.0
2010-06-26 22:00:00,15210.0
2010-06-26 23:00:00,13878.0
2010-06-27 00:00:00,12777.0
2010-06-27 01:00:00,12069.0
2010-06-27 02:00:00,11588.0
2010-06-27 03:00:00,11285.0
2010-06-27 04:00:00,11130.0
2010-06-27 05:00:00,10996.0
2010-06-27 06:00:00,11410.0
2010-06-27 07:00:00,12459.0
2010-06-27 08:00:00,13789.0
2010-06-27 09:00:00,15032.0
2010-06-27 10:00:00,16013.0
2010-06-27 11:00:00,16859.0
2010-06-27 12:00:00,17494.0
2010-06-27 13:00:00,17835.0
2010-06-27 14:00:00,17981.0
2010-06-27 15:00:00,18144.0
2010-06-27 16:00:00,18435.0
2010-06-27 17:00:00,18671.0
2010-06-27 18:00:00,18521.0
2010-06-27 19:00:00,18308.0
2010-06-27 20:00:00,18423.0
2010-06-27 21:00:00,18065.0
2010-06-27 22:00:00,16648.0
2010-06-27 23:00:00,15099.0
2010-06-28 00:00:00,13951.0
2010-06-28 01:00:00,13264.0
2010-06-28 02:00:00,12864.0
2010-06-28 03:00:00,12743.0
2010-06-28 04:00:00,13013.0
2010-06-28 05:00:00,13799.0
2010-06-28 06:00:00,15539.0
2010-06-28 07:00:00,17654.0
2010-06-28 08:00:00,19409.0
2010-06-28 09:00:00,20928.0
2010-06-28 10:00:00,22127.0
2010-06-28 11:00:00,23011.0
2010-06-28 12:00:00,23537.0
2010-06-28 13:00:00,23886.0
2010-06-28 14:00:00,23896.0
2010-06-28 15:00:00,23439.0
2010-06-28 16:00:00,23009.0
2010-06-28 17:00:00,22500.0
2010-06-28 18:00:00,21887.0
2010-06-28 19:00:00,21359.0
2010-06-28 20:00:00,21046.0
2010-06-28 21:00:00,20360.0
2010-06-28 22:00:00,18501.0
2010-06-28 23:00:00,16577.0
2010-06-29 00:00:00,15167.0
2010-06-29 01:00:00,14315.0
2010-06-29 02:00:00,13777.0
2010-06-29 03:00:00,13504.0
2010-06-29 04:00:00,13615.0
2010-06-29 05:00:00,14236.0
2010-06-29 06:00:00,15941.0
2010-06-29 07:00:00,17880.0
2010-06-29 08:00:00,19116.0
2010-06-29 09:00:00,20210.0
2010-06-29 10:00:00,21221.0
2010-06-29 11:00:00,21905.0
2010-06-29 12:00:00,22291.0
2010-06-29 13:00:00,22607.0
2010-06-29 14:00:00,22673.0
2010-06-29 15:00:00,22475.0
2010-06-29 16:00:00,22182.0
2010-06-29 17:00:00,21828.0
2010-06-29 18:00:00,21122.0
2010-06-29 19:00:00,20189.0
2010-06-29 20:00:00,19552.0
2010-06-29 21:00:00,18807.0
2010-06-29 22:00:00,16863.0
2010-06-29 23:00:00,14820.0
2010-06-30 00:00:00,13301.0
2010-06-30 01:00:00,12348.0
2010-06-30 02:00:00,11742.0
2010-06-30 03:00:00,11402.0
2010-06-30 04:00:00,11422.0
2010-06-30 05:00:00,11832.0
2010-06-30 06:00:00,13259.0
2010-06-30 07:00:00,14895.0
2010-06-30 08:00:00,15892.0
2010-06-30 09:00:00,16540.0
2010-06-30 10:00:00,17053.0
2010-06-30 11:00:00,17369.0
2010-06-30 12:00:00,17492.0
2010-06-30 13:00:00,17687.0
2010-06-30 14:00:00,17734.0
2010-06-30 15:00:00,17693.0
2010-06-30 16:00:00,17638.0
2010-06-30 17:00:00,17415.0
2010-06-30 18:00:00,16856.0
2010-06-30 19:00:00,16298.0
2010-06-30 20:00:00,16185.0
2010-06-30 21:00:00,15832.0
2010-06-30 22:00:00,14374.0
2010-06-30 23:00:00,12758.0
2010-07-01 00:00:00,11616.0
2010-07-01 01:00:00,10944.0
2010-07-01 02:00:00,10528.0
2010-07-01 03:00:00,10360.0
2010-07-01 04:00:00,10507.0
2010-07-01 05:00:00,11020.0
2010-07-01 06:00:00,12444.0
2010-07-01 07:00:00,14085.0
2010-07-01 08:00:00,15169.0
2010-07-01 09:00:00,15866.0
2010-07-01 10:00:00,16363.0
2010-07-01 11:00:00,16573.0
2010-07-01 12:00:00,16618.0
2010-07-01 13:00:00,16700.0
2010-07-01 14:00:00,16649.0
2010-07-01 15:00:00,16514.0
2010-07-01 16:00:00,16362.0
2010-07-01 17:00:00,16144.0
2010-07-01 18:00:00,15747.0
2010-07-01 19:00:00,15414.0
2010-07-01 20:00:00,15446.0
2010-07-01 21:00:00,15178.0
2010-07-01 22:00:00,13854.0
2010-07-01 23:00:00,12407.0
2010-07-02 00:00:00,11317.0
2010-07-02 01:00:00,10668.0
2010-07-02 02:00:00,10297.0
2010-07-02 03:00:00,10159.0
2010-07-02 04:00:00,10308.0
2010-07-02 05:00:00,10752.0
2010-07-02 06:00:00,12110.0
2010-07-02 07:00:00,13739.0
2010-07-02 08:00:00,14922.0
2010-07-02 09:00:00,15712.0
2010-07-02 10:00:00,16275.0
2010-07-02 11:00:00,16552.0
2010-07-02 12:00:00,16622.0
2010-07-02 13:00:00,16730.0
2010-07-02 14:00:00,16770.0
2010-07-02 15:00:00,16765.0
2010-07-02 16:00:00,16808.0
2010-07-02 17:00:00,16725.0
2010-07-02 18:00:00,16276.0
2010-07-02 19:00:00,15690.0
2010-07-02 20:00:00,15543.0
2010-07-02 21:00:00,15229.0
2010-07-02 22:00:00,14043.0
2010-07-02 23:00:00,12681.0
2010-07-03 00:00:00,11583.0
2010-07-03 01:00:00,10865.0
2010-07-03 02:00:00,10437.0
2010-07-03 03:00:00,10176.0
2010-07-03 04:00:00,10114.0
2010-07-03 05:00:00,10094.0
2010-07-03 06:00:00,10649.0
2010-07-03 07:00:00,11750.0
2010-07-03 08:00:00,13148.0
2010-07-03 09:00:00,14312.0
2010-07-03 10:00:00,15105.0
2010-07-03 11:00:00,15616.0
2010-07-03 12:00:00,15937.0
2010-07-03 13:00:00,16108.0
2010-07-03 14:00:00,16386.0
2010-07-03 15:00:00,16717.0
2010-07-03 16:00:00,17093.0
2010-07-03 17:00:00,17378.0
2010-07-03 18:00:00,17291.0
2010-07-03 19:00:00,16870.0
2010-07-03 20:00:00,16607.0
2010-07-03 21:00:00,16370.0
2010-07-03 22:00:00,15367.0
2010-07-03 23:00:00,14136.0
2010-07-04 00:00:00,12945.0
2010-07-04 01:00:00,12061.0
2010-07-04 02:00:00,11511.0
2010-07-04 03:00:00,11161.0
2010-07-04 04:00:00,10968.0
2010-07-04 05:00:00,10766.0
2010-07-04 06:00:00,11158.0
2010-07-04 07:00:00,12242.0
2010-07-04 08:00:00,13682.0
2010-07-04 09:00:00,15101.0
2010-07-04 10:00:00,16343.0
2010-07-04 11:00:00,17294.0
2010-07-04 12:00:00,17893.0
2010-07-04 13:00:00,18202.0
2010-07-04 14:00:00,18340.0
2010-07-04 15:00:00,18414.0
2010-07-04 16:00:00,18519.0
2010-07-04 17:00:00,18496.0
2010-07-04 18:00:00,18180.0
2010-07-04 19:00:00,17663.0
2010-07-04 20:00:00,17376.0
2010-07-04 21:00:00,17011.0
2010-07-04 22:00:00,16176.0
2010-07-04 23:00:00,15045.0
2010-07-05 00:00:00,13822.0
2010-07-05 01:00:00,12918.0
2010-07-05 02:00:00,12317.0
2010-07-05 03:00:00,11951.0
2010-07-05 04:00:00,11806.0
2010-07-05 05:00:00,11765.0
2010-07-05 06:00:00,12409.0
2010-07-05 07:00:00,13749.0
2010-07-05 08:00:00,15420.0
2010-07-05 09:00:00,17177.0
2010-07-05 10:00:00,18707.0
2010-07-05 11:00:00,19849.0
2010-07-05 12:00:00,20610.0
2010-07-05 13:00:00,21114.0
2010-07-05 14:00:00,21534.0
2010-07-05 15:00:00,21934.0
2010-07-05 16:00:00,22334.0
2010-07-05 17:00:00,22548.0
2010-07-05 18:00:00,22349.0
2010-07-05 19:00:00,21827.0
2010-07-05 20:00:00,21549.0
2010-07-05 21:00:00,21051.0
2010-07-05 22:00:00,19249.0
2010-07-05 23:00:00,17291.0
2010-07-06 00:00:00,15852.0
2010-07-06 01:00:00,14962.0
2010-07-06 02:00:00,14429.0
2010-07-06 03:00:00,14161.0
2010-07-06 04:00:00,14246.0
2010-07-06 05:00:00,14836.0
2010-07-06 06:00:00,16594.0
2010-07-06 07:00:00,19061.0
2010-07-06 08:00:00,21257.0
2010-07-06 09:00:00,23072.0
2010-07-06 10:00:00,24524.0
2010-07-06 11:00:00,25488.0
2010-07-06 12:00:00,26083.0
2010-07-06 13:00:00,26584.0
2010-07-06 14:00:00,26705.0
2010-07-06 15:00:00,26684.0
2010-07-06 16:00:00,26568.0
2010-07-06 17:00:00,26371.0
2010-07-06 18:00:00,25877.0
2010-07-06 19:00:00,25204.0
2010-07-06 20:00:00,24799.0
2010-07-06 21:00:00,24011.0
2010-07-06 22:00:00,21885.0
2010-07-06 23:00:00,19671.0
2010-07-07 00:00:00,18010.0
2010-07-07 01:00:00,16906.0
2010-07-07 02:00:00,16218.0
2010-07-07 03:00:00,15803.0
2010-07-07 04:00:00,15747.0
2010-07-07 05:00:00,16120.0
2010-07-07 06:00:00,17681.0
2010-07-07 07:00:00,19739.0
2010-07-07 08:00:00,21408.0
2010-07-07 09:00:00,22854.0
2010-07-07 10:00:00,24055.0
2010-07-07 11:00:00,24996.0
2010-07-07 12:00:00,25600.0
2010-07-07 13:00:00,26005.0
2010-07-07 14:00:00,26123.0
2010-07-07 15:00:00,26163.0
2010-07-07 16:00:00,26048.0
2010-07-07 17:00:00,25645.0
2010-07-07 18:00:00,24862.0
2010-07-07 19:00:00,24021.0
2010-07-07 20:00:00,23645.0
2010-07-07 21:00:00,22935.0
2010-07-07 22:00:00,20925.0
2010-07-07 23:00:00,18771.0
2010-07-08 00:00:00,17190.0
2010-07-08 01:00:00,16172.0
2010-07-08 02:00:00,15540.0
2010-07-08 03:00:00,15209.0
2010-07-08 04:00:00,15259.0
2010-07-08 05:00:00,15767.0
2010-07-08 06:00:00,17228.0
2010-07-08 07:00:00,18944.0
2010-07-08 08:00:00,20207.0
2010-07-08 09:00:00,21250.0
2010-07-08 10:00:00,22252.0
2010-07-08 11:00:00,22988.0
2010-07-08 12:00:00,23553.0
2010-07-08 13:00:00,24034.0
2010-07-08 14:00:00,24336.0
2010-07-08 15:00:00,24460.0
2010-07-08 16:00:00,24465.0
2010-07-08 17:00:00,24189.0
2010-07-08 18:00:00,23530.0
2010-07-08 19:00:00,22624.0
2010-07-08 20:00:00,22140.0
2010-07-08 21:00:00,21554.0
2010-07-08 22:00:00,19747.0
2010-07-08 23:00:00,17777.0
2010-07-09 00:00:00,16284.0
2010-07-09 01:00:00,15342.0
2010-07-09 02:00:00,14787.0
2010-07-09 03:00:00,14455.0
2010-07-09 04:00:00,14503.0
2010-07-09 05:00:00,14996.0
2010-07-09 06:00:00,16542.0
2010-07-09 07:00:00,18482.0
2010-07-09 08:00:00,20032.0
2010-07-09 09:00:00,21249.0
2010-07-09 10:00:00,22292.0
2010-07-09 11:00:00,23018.0
2010-07-09 12:00:00,23477.0
2010-07-09 13:00:00,23898.0
2010-07-09 14:00:00,24073.0
2010-07-09 15:00:00,24044.0
2010-07-09 16:00:00,23896.0
2010-07-09 17:00:00,23527.0
2010-07-09 18:00:00,22723.0
2010-07-09 19:00:00,21849.0
2010-07-09 20:00:00,21470.0
2010-07-09 21:00:00,20986.0
2010-07-09 22:00:00,19441.0
2010-07-09 23:00:00,17691.0
2010-07-10 00:00:00,16279.0
2010-07-10 01:00:00,15308.0
2010-07-10 02:00:00,14677.0
2010-07-10 03:00:00,14304.0
2010-07-10 04:00:00,14180.0
2010-07-10 05:00:00,14165.0
2010-07-10 06:00:00,14782.0
2010-07-10 07:00:00,16067.0
2010-07-10 08:00:00,17665.0
2010-07-10 09:00:00,19097.0
2010-07-10 10:00:00,20101.0
2010-07-10 11:00:00,20434.0
2010-07-10 12:00:00,20334.0
2010-07-10 13:00:00,19983.0
2010-07-10 14:00:00,19403.0
2010-07-10 15:00:00,18860.0
2010-07-10 16:00:00,18597.0
2010-07-10 17:00:00,18436.0
2010-07-10 18:00:00,18116.0
2010-07-10 19:00:00,17818.0
2010-07-10 20:00:00,17870.0
2010-07-10 21:00:00,17611.0
2010-07-10 22:00:00,16509.0
2010-07-10 23:00:00,15198.0
2010-07-11 00:00:00,14046.0
2010-07-11 01:00:00,13247.0
2010-07-11 02:00:00,12704.0
2010-07-11 03:00:00,12368.0
2010-07-11 04:00:00,12230.0
2010-07-11 05:00:00,12118.0
2010-07-11 06:00:00,12473.0
2010-07-11 07:00:00,13548.0
2010-07-11 08:00:00,15042.0
2010-07-11 09:00:00,16519.0
2010-07-11 10:00:00,17709.0
2010-07-11 11:00:00,18634.0
2010-07-11 12:00:00,19256.0
2010-07-11 13:00:00,19636.0
2010-07-11 14:00:00,19971.0
2010-07-11 15:00:00,20274.0
2010-07-11 16:00:00,20556.0
2010-07-11 17:00:00,20687.0
2010-07-11 18:00:00,20401.0
2010-07-11 19:00:00,19802.0
2010-07-11 20:00:00,19549.0
2010-07-11 21:00:00,19157.0
2010-07-11 22:00:00,17632.0
2010-07-11 23:00:00,15987.0
2010-07-12 00:00:00,14692.0
2010-07-12 01:00:00,13872.0
2010-07-12 02:00:00,13364.0
2010-07-12 03:00:00,13125.0
2010-07-12 04:00:00,13255.0
2010-07-12 05:00:00,13861.0
2010-07-12 06:00:00,15468.0
2010-07-12 07:00:00,17473.0
2010-07-12 08:00:00,19117.0
2010-07-12 09:00:00,20534.0
2010-07-12 10:00:00,21844.0
2010-07-12 11:00:00,22781.0
2010-07-12 12:00:00,23286.0
2010-07-12 13:00:00,23629.0
2010-07-12 14:00:00,23689.0
2010-07-12 15:00:00,23747.0
2010-07-12 16:00:00,23736.0
2010-07-12 17:00:00,23383.0
2010-07-12 18:00:00,22650.0
2010-07-12 19:00:00,21861.0
2010-07-12 20:00:00,21606.0
2010-07-12 21:00:00,20888.0
2010-07-12 22:00:00,19032.0
2010-07-12 23:00:00,17108.0
2010-07-13 00:00:00,15697.0
2010-07-13 01:00:00,14880.0
2010-07-13 02:00:00,14377.0
2010-07-13 03:00:00,14118.0
2010-07-13 04:00:00,14249.0
2010-07-13 05:00:00,14972.0
2010-07-13 06:00:00,16486.0
2010-07-13 07:00:00,18390.0
2010-07-13 08:00:00,19838.0
2010-07-13 09:00:00,21005.0
2010-07-13 10:00:00,22085.0
2010-07-13 11:00:00,22909.0
2010-07-13 12:00:00,23373.0
2010-07-13 13:00:00,23679.0
2010-07-13 14:00:00,23612.0
2010-07-13 15:00:00,23265.0
2010-07-13 16:00:00,22891.0
2010-07-13 17:00:00,22491.0
2010-07-13 18:00:00,21889.0
2010-07-13 19:00:00,21464.0
2010-07-13 20:00:00,21367.0
2010-07-13 21:00:00,20510.0
2010-07-13 22:00:00,18793.0
2010-07-13 23:00:00,17056.0
2010-07-14 00:00:00,15776.0
2010-07-14 01:00:00,15002.0
2010-07-14 02:00:00,14540.0
2010-07-14 03:00:00,14358.0
2010-07-14 04:00:00,14524.0
2010-07-14 05:00:00,15283.0
2010-07-14 06:00:00,16763.0
2010-07-14 07:00:00,18440.0
2010-07-14 08:00:00,19450.0
2010-07-14 09:00:00,20011.0
2010-07-14 10:00:00,20441.0
2010-07-14 11:00:00,20651.0
2010-07-14 12:00:00,20690.0
2010-07-14 13:00:00,20685.0
2010-07-14 14:00:00,20472.0
2010-07-14 15:00:00,20202.0
2010-07-14 16:00:00,20047.0
2010-07-14 17:00:00,19932.0
2010-07-14 18:00:00,19556.0
2010-07-14 19:00:00,19161.0
2010-07-14 20:00:00,19104.0
2010-07-14 21:00:00,18628.0
2010-07-14 22:00:00,17080.0
2010-07-14 23:00:00,15401.0
2010-07-15 00:00:00,14171.0
2010-07-15 01:00:00,13402.0
2010-07-15 02:00:00,12945.0
2010-07-15 03:00:00,12760.0
2010-07-15 04:00:00,12917.0
2010-07-15 05:00:00,13593.0
2010-07-15 06:00:00,15053.0
2010-07-15 07:00:00,16716.0
2010-07-15 08:00:00,17821.0
2010-07-15 09:00:00,18665.0
2010-07-15 10:00:00,19504.0
2010-07-15 11:00:00,20196.0
2010-07-15 12:00:00,20644.0
2010-07-15 13:00:00,21071.0
2010-07-15 14:00:00,21255.0
2010-07-15 15:00:00,21368.0
2010-07-15 16:00:00,21511.0
2010-07-15 17:00:00,21414.0
2010-07-15 18:00:00,20863.0
2010-07-15 19:00:00,20120.0
2010-07-15 20:00:00,19935.0
2010-07-15 21:00:00,19374.0
2010-07-15 22:00:00,17671.0
2010-07-15 23:00:00,15855.0
2010-07-16 00:00:00,14499.0
2010-07-16 01:00:00,13649.0
2010-07-16 02:00:00,13153.0
2010-07-16 03:00:00,12923.0
2010-07-16 04:00:00,13083.0
2010-07-16 05:00:00,13791.0
2010-07-16 06:00:00,15195.0
2010-07-16 07:00:00,16936.0
2010-07-16 08:00:00,18275.0
2010-07-16 09:00:00,19539.0
2010-07-16 10:00:00,20785.0
2010-07-16 11:00:00,21839.0
2010-07-16 12:00:00,22628.0
2010-07-16 13:00:00,23405.0
2010-07-16 14:00:00,23865.0
2010-07-16 15:00:00,24091.0
2010-07-16 16:00:00,24150.0
2010-07-16 17:00:00,23888.0
2010-07-16 18:00:00,23152.0
2010-07-16 19:00:00,22332.0
2010-07-16 20:00:00,21684.0
2010-07-16 21:00:00,20694.0
2010-07-16 22:00:00,19028.0
2010-07-16 23:00:00,17269.0
2010-07-17 00:00:00,15863.0
2010-07-17 01:00:00,14915.0
2010-07-17 02:00:00,14275.0
2010-07-17 03:00:00,13864.0
2010-07-17 04:00:00,13674.0
2010-07-17 05:00:00,13615.0
2010-07-17 06:00:00,14199.0
2010-07-17 07:00:00,15663.0
2010-07-17 08:00:00,17456.0
2010-07-17 09:00:00,19043.0
2010-07-17 10:00:00,20285.0
2010-07-17 11:00:00,21102.0
2010-07-17 12:00:00,21575.0
2010-07-17 13:00:00,21828.0
2010-07-17 14:00:00,22050.0
2010-07-17 15:00:00,22233.0
2010-07-17 16:00:00,22347.0
2010-07-17 17:00:00,22242.0
2010-07-17 18:00:00,21692.0
2010-07-17 19:00:00,20968.0
2010-07-17 20:00:00,20703.0
2010-07-17 21:00:00,20233.0
2010-07-17 22:00:00,18792.0
2010-07-17 23:00:00,17154.0
2010-07-18 00:00:00,15775.0
2010-07-18 01:00:00,14819.0
2010-07-18 02:00:00,14095.0
2010-07-18 03:00:00,13597.0
2010-07-18 04:00:00,13304.0
2010-07-18 05:00:00,13076.0
2010-07-18 06:00:00,13344.0
2010-07-18 07:00:00,14545.0
2010-07-18 08:00:00,16255.0
2010-07-18 09:00:00,17896.0
2010-07-18 10:00:00,19252.0
2010-07-18 11:00:00,20212.0
2010-07-18 12:00:00,20751.0
2010-07-18 13:00:00,20991.0
2010-07-18 14:00:00,21160.0
2010-07-18 15:00:00,21297.0
2010-07-18 16:00:00,21475.0
2010-07-18 17:00:00,21536.0
2010-07-18 18:00:00,21103.0
2010-07-18 19:00:00,20515.0
2010-07-18 20:00:00,20253.0
2010-07-18 21:00:00,19696.0
2010-07-18 22:00:00,17977.0
2010-07-18 23:00:00,16160.0
2010-07-19 00:00:00,14784.0
2010-07-19 01:00:00,13908.0
2010-07-19 02:00:00,13373.0
2010-07-19 03:00:00,13067.0
2010-07-19 04:00:00,13134.0
2010-07-19 05:00:00,13704.0
2010-07-19 06:00:00,15166.0
2010-07-19 07:00:00,17130.0
2010-07-19 08:00:00,18718.0
2010-07-19 09:00:00,19879.0
2010-07-19 10:00:00,20624.0
2010-07-19 11:00:00,21010.0
2010-07-19 12:00:00,21031.0
2010-07-19 13:00:00,21068.0
2010-07-19 14:00:00,21358.0
2010-07-19 15:00:00,22018.0
2010-07-19 16:00:00,22472.0
2010-07-19 17:00:00,22480.0
2010-07-19 18:00:00,21953.0
2010-07-19 19:00:00,21327.0
2010-07-19 20:00:00,21046.0
2010-07-19 21:00:00,20157.0
2010-07-19 22:00:00,18319.0
2010-07-19 23:00:00,16464.0
2010-07-20 00:00:00,15085.0
2010-07-20 01:00:00,14229.0
2010-07-20 02:00:00,13662.0
2010-07-20 03:00:00,13370.0
2010-07-20 04:00:00,13459.0
2010-07-20 05:00:00,14081.0
2010-07-20 06:00:00,15531.0
2010-07-20 07:00:00,17315.0
2010-07-20 08:00:00,18602.0
2010-07-20 09:00:00,19712.0
2010-07-20 10:00:00,20698.0
2010-07-20 11:00:00,21293.0
2010-07-20 12:00:00,21511.0
2010-07-20 13:00:00,21562.0
2010-07-20 14:00:00,21429.0
2010-07-20 15:00:00,21525.0
2010-07-20 16:00:00,21773.0
2010-07-20 17:00:00,21694.0
2010-07-20 18:00:00,21217.0
2010-07-20 19:00:00,20534.0
2010-07-20 20:00:00,20274.0
2010-07-20 21:00:00,19561.0
2010-07-20 22:00:00,17767.0
2010-07-20 23:00:00,15902.0
2010-07-21 00:00:00,14534.0
2010-07-21 01:00:00,13713.0
2010-07-21 02:00:00,13176.0
2010-07-21 03:00:00,12905.0
2010-07-21 04:00:00,13043.0
2010-07-21 05:00:00,13693.0
2010-07-21 06:00:00,15198.0
2010-07-21 07:00:00,17063.0
2010-07-21 08:00:00,18483.0
2010-07-21 09:00:00,19641.0
2010-07-21 10:00:00,20811.0
2010-07-21 11:00:00,21830.0
2010-07-21 12:00:00,22497.0
2010-07-21 13:00:00,23149.0
2010-07-21 14:00:00,23522.0
2010-07-21 15:00:00,23448.0
2010-07-21 16:00:00,22899.0
2010-07-21 17:00:00,22155.0
2010-07-21 18:00:00,21344.0
2010-07-21 19:00:00,20665.0
2010-07-21 20:00:00,20313.0
2010-07-21 21:00:00,19421.0
2010-07-21 22:00:00,17656.0
2010-07-21 23:00:00,15863.0
2010-07-22 00:00:00,14417.0
2010-07-22 01:00:00,13531.0
2010-07-22 02:00:00,12994.0
2010-07-22 03:00:00,12714.0
2010-07-22 04:00:00,12764.0
2010-07-22 05:00:00,13318.0
2010-07-22 06:00:00,14741.0
2010-07-22 07:00:00,16611.0
2010-07-22 08:00:00,17922.0
2010-07-22 09:00:00,18895.0
2010-07-22 10:00:00,19686.0
2010-07-22 11:00:00,20200.0
2010-07-22 12:00:00,20422.0
2010-07-22 13:00:00,20692.0
2010-07-22 14:00:00,20825.0
2010-07-22 15:00:00,20876.0
2010-07-22 16:00:00,20917.0
2010-07-22 17:00:00,20686.0
2010-07-22 18:00:00,19992.0
2010-07-22 19:00:00,19312.0
2010-07-22 20:00:00,19276.0
2010-07-22 21:00:00,18724.0
2010-07-22 22:00:00,17068.0
2010-07-22 23:00:00,15275.0
2010-07-23 00:00:00,13928.0
2010-07-23 01:00:00,13071.0
2010-07-23 02:00:00,12532.0
2010-07-23 03:00:00,12254.0
2010-07-23 04:00:00,12308.0
2010-07-23 05:00:00,12842.0
2010-07-23 06:00:00,14199.0
2010-07-23 07:00:00,15948.0
2010-07-23 08:00:00,17184.0
2010-07-23 09:00:00,18057.0
2010-07-23 10:00:00,18655.0
2010-07-23 11:00:00,18937.0
2010-07-23 12:00:00,18955.0
2010-07-23 13:00:00,18933.0
2010-07-23 14:00:00,18629.0
2010-07-23 15:00:00,18210.0
2010-07-23 16:00:00,17921.0
2010-07-23 17:00:00,17821.0
2010-07-23 18:00:00,17551.0
2010-07-23 19:00:00,17409.0
2010-07-23 20:00:00,17454.0
2010-07-23 21:00:00,16875.0
2010-07-23 22:00:00,15761.0
2010-07-23 23:00:00,14488.0
2010-07-24 00:00:00,13457.0
2010-07-24 01:00:00,12806.0
2010-07-24 02:00:00,12423.0
2010-07-24 03:00:00,12226.0
2010-07-24 04:00:00,12229.0
2010-07-24 05:00:00,12458.0
2010-07-24 06:00:00,13061.0
2010-07-24 07:00:00,14355.0
2010-07-24 08:00:00,16028.0
2010-07-24 09:00:00,17593.0
2010-07-24 10:00:00,18891.0
2010-07-24 11:00:00,19852.0
2010-07-24 12:00:00,20548.0
2010-07-24 13:00:00,21004.0
2010-07-24 14:00:00,21122.0
2010-07-24 15:00:00,20954.0
2010-07-24 16:00:00,20610.0
2010-07-24 17:00:00,20627.0
2010-07-24 18:00:00,20340.0
2010-07-24 19:00:00,19839.0
2010-07-24 20:00:00,19794.0
2010-07-24 21:00:00,19264.0
2010-07-24 22:00:00,17988.0
2010-07-24 23:00:00,16549.0
2010-07-25 00:00:00,15362.0
2010-07-25 01:00:00,14543.0
2010-07-25 02:00:00,14010.0
2010-07-25 03:00:00,13712.0
2010-07-25 04:00:00,13595.0
2010-07-25 05:00:00,13597.0
2010-07-25 06:00:00,13873.0
2010-07-25 07:00:00,15021.0
2010-07-25 08:00:00,16529.0
2010-07-25 09:00:00,17964.0
2010-07-25 10:00:00,19111.0
2010-07-25 11:00:00,19996.0
2010-07-25 12:00:00,20603.0
2010-07-25 13:00:00,20791.0
2010-07-25 14:00:00,20659.0
2010-07-25 15:00:00,20234.0
2010-07-25 16:00:00,19776.0
2010-07-25 17:00:00,19604.0
2010-07-25 18:00:00,19307.0
2010-07-25 19:00:00,18848.0
2010-07-25 20:00:00,18753.0
2010-07-25 21:00:00,18181.0
2010-07-25 22:00:00,16549.0
2010-07-25 23:00:00,14757.0
2010-07-26 00:00:00,13388.0
2010-07-26 01:00:00,12519.0
2010-07-26 02:00:00,11974.0
2010-07-26 03:00:00,11731.0
2010-07-26 04:00:00,11834.0
2010-07-26 05:00:00,12371.0
2010-07-26 06:00:00,13773.0
2010-07-26 07:00:00,15567.0
2010-07-26 08:00:00,16862.0
2010-07-26 09:00:00,17782.0
2010-07-26 10:00:00,18495.0
2010-07-26 11:00:00,18949.0
2010-07-26 12:00:00,19247.0
2010-07-26 13:00:00,19594.0
2010-07-26 14:00:00,19778.0
2010-07-26 15:00:00,19846.0
2010-07-26 16:00:00,19939.0
2010-07-26 17:00:00,19853.0
2010-07-26 18:00:00,19296.0
2010-07-26 19:00:00,18604.0
2010-07-26 20:00:00,18461.0
2010-07-26 21:00:00,17771.0
2010-07-26 22:00:00,16052.0
2010-07-26 23:00:00,14326.0
2010-07-27 00:00:00,13044.0
2010-07-27 01:00:00,12290.0
2010-07-27 02:00:00,11799.0
2010-07-27 03:00:00,11565.0
2010-07-27 04:00:00,11673.0
2010-07-27 05:00:00,12262.0
2010-07-27 06:00:00,13629.0
2010-07-27 07:00:00,15475.0
2010-07-27 08:00:00,16844.0
2010-07-27 09:00:00,17929.0
2010-07-27 10:00:00,18891.0
2010-07-27 11:00:00,19552.0
2010-07-27 12:00:00,20096.0
2010-07-27 13:00:00,20713.0
2010-07-27 14:00:00,21128.0
2010-07-27 15:00:00,21437.0
2010-07-27 16:00:00,21700.0
2010-07-27 17:00:00,21744.0
2010-07-27 18:00:00,21268.0
2010-07-27 19:00:00,20548.0
2010-07-27 20:00:00,20339.0
2010-07-27 21:00:00,19535.0
2010-07-27 22:00:00,17637.0
2010-07-27 23:00:00,15730.0
2010-07-28 00:00:00,14309.0
2010-07-28 01:00:00,13402.0
2010-07-28 02:00:00,12815.0
2010-07-28 03:00:00,12521.0
2010-07-28 04:00:00,12591.0
2010-07-28 05:00:00,13156.0
2010-07-28 06:00:00,14539.0
2010-07-28 07:00:00,16487.0
2010-07-28 08:00:00,18057.0
2010-07-28 09:00:00,19442.0
2010-07-28 10:00:00,20678.0
2010-07-28 11:00:00,21507.0
2010-07-28 12:00:00,22035.0
2010-07-28 13:00:00,22590.0
2010-07-28 14:00:00,22929.0
2010-07-28 15:00:00,23166.0
2010-07-28 16:00:00,23266.0
2010-07-28 17:00:00,23067.0
2010-07-28 18:00:00,22411.0
2010-07-28 19:00:00,21689.0
2010-07-28 20:00:00,21632.0
2010-07-28 21:00:00,20895.0
2010-07-28 22:00:00,19090.0
2010-07-28 23:00:00,17269.0
2010-07-29 00:00:00,15916.0
2010-07-29 01:00:00,15103.0
2010-07-29 02:00:00,14600.0
2010-07-29 03:00:00,14380.0
2010-07-29 04:00:00,14514.0
2010-07-29 05:00:00,15278.0
2010-07-29 06:00:00,16752.0
2010-07-29 07:00:00,18472.0
2010-07-29 08:00:00,19528.0
2010-07-29 09:00:00,20307.0
2010-07-29 10:00:00,20985.0
2010-07-29 11:00:00,21521.0
2010-07-29 12:00:00,22013.0
2010-07-29 13:00:00,22570.0
2010-07-29 14:00:00,22861.0
2010-07-29 15:00:00,22993.0
2010-07-29 16:00:00,22965.0
2010-07-29 17:00:00,22573.0
2010-07-29 18:00:00,21730.0
2010-07-29 19:00:00,20701.0
2010-07-29 20:00:00,20250.0
2010-07-29 21:00:00,19289.0
2010-07-29 22:00:00,17307.0
2010-07-29 23:00:00,15346.0
2010-07-30 00:00:00,13865.0
2010-07-30 01:00:00,12904.0
2010-07-30 02:00:00,12255.0
2010-07-30 03:00:00,11901.0
2010-07-30 04:00:00,11898.0
2010-07-30 05:00:00,12375.0
2010-07-30 06:00:00,13509.0
2010-07-30 07:00:00,15154.0
2010-07-30 08:00:00,16446.0
2010-07-30 09:00:00,17349.0
2010-07-30 10:00:00,17999.0
2010-07-30 11:00:00,18430.0
2010-07-30 12:00:00,18544.0
2010-07-30 13:00:00,18750.0
2010-07-30 14:00:00,18716.0
2010-07-30 15:00:00,18596.0
2010-07-30 16:00:00,18557.0
2010-07-30 17:00:00,18300.0
2010-07-30 18:00:00,17702.0
2010-07-30 19:00:00,17034.0
2010-07-30 20:00:00,16976.0
2010-07-30 21:00:00,16419.0
2010-07-30 22:00:00,15051.0
2010-07-30 23:00:00,13614.0
2010-07-31 00:00:00,12416.0
2010-07-31 01:00:00,11617.0
2010-07-31 02:00:00,11096.0
2010-07-31 03:00:00,10778.0
2010-07-31 04:00:00,10675.0
2010-07-31 05:00:00,10730.0
2010-07-31 06:00:00,11115.0
2010-07-31 07:00:00,12186.0
2010-07-31 08:00:00,13456.0
2010-07-31 09:00:00,14444.0
2010-07-31 10:00:00,15075.0
2010-07-31 11:00:00,15378.0
2010-07-31 12:00:00,15542.0
2010-07-31 13:00:00,15615.0
2010-07-31 14:00:00,15638.0
2010-07-31 15:00:00,15715.0
2010-07-31 16:00:00,15818.0
2010-07-31 17:00:00,15865.0
2010-07-31 18:00:00,15617.0
2010-07-31 19:00:00,15215.0
2010-07-31 20:00:00,15399.0
2010-07-31 21:00:00,15015.0
2010-07-31 22:00:00,13924.0
2010-07-31 23:00:00,12752.0
2010-08-01 00:00:00,11775.0
2010-08-01 01:00:00,11098.0
2010-08-01 02:00:00,10660.0
2010-08-01 03:00:00,10425.0
2010-08-01 04:00:00,10322.0
2010-08-01 05:00:00,10312.0
2010-08-01 06:00:00,10507.0
2010-08-01 07:00:00,11391.0
2010-08-01 08:00:00,12630.0
2010-08-01 09:00:00,13705.0
2010-08-01 10:00:00,14508.0
2010-08-01 11:00:00,15142.0
2010-08-01 12:00:00,15535.0
2010-08-01 13:00:00,15672.0
2010-08-01 14:00:00,15709.0
2010-08-01 15:00:00,15802.0
2010-08-01 16:00:00,15989.0
2010-08-01 17:00:00,16108.0
2010-08-01 18:00:00,15878.0
2010-08-01 19:00:00,15584.0
2010-08-01 20:00:00,15939.0
2010-08-01 21:00:00,15464.0
2010-08-01 22:00:00,14224.0
2010-08-01 23:00:00,12937.0
2010-08-02 00:00:00,11988.0
2010-08-02 01:00:00,11410.0
2010-08-02 02:00:00,11087.0
2010-08-02 03:00:00,11000.0
2010-08-02 04:00:00,11219.0
2010-08-02 05:00:00,11949.0
2010-08-02 06:00:00,13212.0
2010-08-02 07:00:00,14923.0
2010-08-02 08:00:00,16214.0
2010-08-02 09:00:00,17199.0
2010-08-02 10:00:00,18003.0
2010-08-02 11:00:00,18592.0
2010-08-02 12:00:00,18987.0
2010-08-02 13:00:00,19380.0
2010-08-02 14:00:00,19486.0
2010-08-02 15:00:00,19509.0
2010-08-02 16:00:00,19515.0
2010-08-02 17:00:00,19286.0
2010-08-02 18:00:00,18701.0
2010-08-02 19:00:00,18203.0
2010-08-02 20:00:00,18278.0
2010-08-02 21:00:00,17476.0
2010-08-02 22:00:00,15885.0
2010-08-02 23:00:00,14297.0
2010-08-03 00:00:00,13136.0
2010-08-03 01:00:00,12430.0
2010-08-03 02:00:00,12004.0
2010-08-03 03:00:00,11856.0
2010-08-03 04:00:00,12032.0
2010-08-03 05:00:00,12794.0
2010-08-03 06:00:00,14174.0
2010-08-03 07:00:00,15916.0
2010-08-03 08:00:00,17189.0
2010-08-03 09:00:00,18189.0
2010-08-03 10:00:00,19101.0
2010-08-03 11:00:00,19782.0
2010-08-03 12:00:00,20168.0
2010-08-03 13:00:00,20615.0
2010-08-03 14:00:00,20918.0
2010-08-03 15:00:00,21020.0
2010-08-03 16:00:00,21091.0
2010-08-03 17:00:00,20966.0
2010-08-03 18:00:00,20424.0
2010-08-03 19:00:00,19905.0
2010-08-03 20:00:00,19986.0
2010-08-03 21:00:00,19208.0
2010-08-03 22:00:00,17517.0
2010-08-03 23:00:00,15867.0
2010-08-04 00:00:00,14625.0
2010-08-04 01:00:00,13894.0
2010-08-04 02:00:00,13468.0
2010-08-04 03:00:00,13305.0
2010-08-04 04:00:00,13478.0
2010-08-04 05:00:00,14275.0
2010-08-04 06:00:00,15711.0
2010-08-04 07:00:00,17543.0
2010-08-04 08:00:00,18922.0
2010-08-04 09:00:00,20035.0
2010-08-04 10:00:00,21057.0
2010-08-04 11:00:00,21891.0
2010-08-04 12:00:00,22615.0
2010-08-04 13:00:00,23313.0
2010-08-04 14:00:00,23687.0
2010-08-04 15:00:00,23967.0
2010-08-04 16:00:00,24114.0
2010-08-04 17:00:00,24042.0
2010-08-04 18:00:00,23458.0
2010-08-04 19:00:00,22801.0
2010-08-04 20:00:00,22805.0
2010-08-04 21:00:00,21865.0
2010-08-04 22:00:00,19885.0
2010-08-04 23:00:00,17893.0
2010-08-05 00:00:00,16430.0
2010-08-05 01:00:00,15552.0
2010-08-05 02:00:00,14984.0
2010-08-05 03:00:00,14718.0
2010-08-05 04:00:00,14833.0
2010-08-05 05:00:00,15642.0
2010-08-05 06:00:00,17070.0
2010-08-05 07:00:00,18715.0
2010-08-05 08:00:00,19916.0
2010-08-05 09:00:00,20953.0
2010-08-05 10:00:00,21894.0
2010-08-05 11:00:00,22650.0
2010-08-05 12:00:00,23303.0
2010-08-05 13:00:00,23848.0
2010-08-05 14:00:00,23997.0
2010-08-05 15:00:00,23596.0
2010-08-05 16:00:00,23003.0
2010-08-05 17:00:00,22616.0
2010-08-05 18:00:00,22103.0
2010-08-05 19:00:00,21532.0
2010-08-05 20:00:00,21436.0
2010-08-05 21:00:00,20544.0
2010-08-05 22:00:00,18707.0
2010-08-05 23:00:00,16840.0
2010-08-06 00:00:00,15430.0
2010-08-06 01:00:00,14506.0
2010-08-06 02:00:00,13920.0
2010-08-06 03:00:00,13588.0
2010-08-06 04:00:00,13628.0
2010-08-06 05:00:00,14211.0
2010-08-06 06:00:00,15435.0
2010-08-06 07:00:00,17268.0
2010-08-06 08:00:00,18730.0
2010-08-06 09:00:00,19721.0
2010-08-06 10:00:00,20497.0
2010-08-06 11:00:00,21051.0
2010-08-06 12:00:00,21338.0
2010-08-06 13:00:00,21525.0
2010-08-06 14:00:00,21440.0
2010-08-06 15:00:00,21243.0
2010-08-06 16:00:00,20942.0
2010-08-06 17:00:00,20358.0
2010-08-06 18:00:00,19288.0
2010-08-06 19:00:00,18191.0
2010-08-06 20:00:00,17846.0
2010-08-06 21:00:00,16886.0
2010-08-06 22:00:00,15315.0
2010-08-06 23:00:00,13711.0
2010-08-07 00:00:00,12431.0
2010-08-07 01:00:00,11609.0
2010-08-07 02:00:00,11071.0
2010-08-07 03:00:00,10779.0
2010-08-07 04:00:00,10703.0
2010-08-07 05:00:00,10874.0
2010-08-07 06:00:00,11241.0
2010-08-07 07:00:00,12214.0
2010-08-07 08:00:00,13468.0
2010-08-07 09:00:00,14507.0
2010-08-07 10:00:00,15193.0
2010-08-07 11:00:00,15534.0
2010-08-07 12:00:00,15633.0
2010-08-07 13:00:00,15645.0
2010-08-07 14:00:00,15694.0
2010-08-07 15:00:00,15786.0
2010-08-07 16:00:00,15965.0
2010-08-07 17:00:00,16061.0
2010-08-07 18:00:00,15831.0
2010-08-07 19:00:00,15466.0
2010-08-07 20:00:00,15676.0
2010-08-07 21:00:00,15168.0
2010-08-07 22:00:00,14088.0
2010-08-07 23:00:00,12911.0
2010-08-08 00:00:00,11933.0
2010-08-08 01:00:00,11268.0
2010-08-08 02:00:00,10885.0
2010-08-08 03:00:00,10695.0
2010-08-08 04:00:00,10658.0
2010-08-08 05:00:00,10727.0
2010-08-08 06:00:00,10907.0
2010-08-08 07:00:00,11813.0
2010-08-08 08:00:00,13130.0
2010-08-08 09:00:00,14307.0
2010-08-08 10:00:00,15321.0
2010-08-08 11:00:00,16180.0
2010-08-08 12:00:00,16803.0
2010-08-08 13:00:00,17189.0
2010-08-08 14:00:00,17464.0
2010-08-08 15:00:00,17616.0
2010-08-08 16:00:00,17824.0
2010-08-08 17:00:00,18021.0
2010-08-08 18:00:00,17878.0
2010-08-08 19:00:00,17634.0
2010-08-08 20:00:00,18060.0
2010-08-08 21:00:00,17541.0
2010-08-08 22:00:00,16281.0
2010-08-08 23:00:00,14885.0
2010-08-09 00:00:00,13856.0
2010-08-09 01:00:00,13202.0
2010-08-09 02:00:00,12815.0
2010-08-09 03:00:00,12726.0
2010-08-09 04:00:00,12983.0
2010-08-09 05:00:00,13832.0
2010-08-09 06:00:00,15205.0
2010-08-09 07:00:00,16958.0
2010-08-09 08:00:00,18445.0
2010-08-09 09:00:00,19883.0
2010-08-09 10:00:00,21171.0
2010-08-09 11:00:00,22178.0
2010-08-09 12:00:00,22869.0
2010-08-09 13:00:00,23484.0
2010-08-09 14:00:00,23826.0
2010-08-09 15:00:00,23963.0
2010-08-09 16:00:00,23904.0
2010-08-09 17:00:00,23637.0
2010-08-09 18:00:00,23060.0
2010-08-09 19:00:00,22462.0
2010-08-09 20:00:00,22416.0
2010-08-09 21:00:00,21218.0
2010-08-09 22:00:00,19213.0
2010-08-09 23:00:00,17242.0
2010-08-10 00:00:00,15784.0
2010-08-10 01:00:00,14898.0
2010-08-10 02:00:00,14303.0
2010-08-10 03:00:00,13999.0
2010-08-10 04:00:00,14086.0
2010-08-10 05:00:00,14830.0
2010-08-10 06:00:00,16131.0
2010-08-10 07:00:00,17827.0
2010-08-10 08:00:00,19164.0
2010-08-10 09:00:00,20276.0
2010-08-10 10:00:00,21295.0
2010-08-10 11:00:00,22119.0
2010-08-10 12:00:00,22690.0
2010-08-10 13:00:00,23222.0
2010-08-10 14:00:00,23500.0
2010-08-10 15:00:00,23662.0
2010-08-10 16:00:00,23726.0
2010-08-10 17:00:00,23471.0
2010-08-10 18:00:00,22749.0
2010-08-10 19:00:00,22020.0
2010-08-10 20:00:00,21943.0
2010-08-10 21:00:00,20819.0
2010-08-10 22:00:00,18871.0
2010-08-10 23:00:00,16944.0
2010-08-11 00:00:00,15521.0
2010-08-11 01:00:00,14626.0
2010-08-11 02:00:00,14024.0
2010-08-11 03:00:00,13702.0
2010-08-11 04:00:00,13713.0
2010-08-11 05:00:00,14365.0
2010-08-11 06:00:00,15601.0
2010-08-11 07:00:00,17273.0
2010-08-11 08:00:00,18548.0
2010-08-11 09:00:00,19598.0
2010-08-11 10:00:00,20495.0
2010-08-11 11:00:00,21134.0
2010-08-11 12:00:00,21561.0
2010-08-11 13:00:00,21998.0
2010-08-11 14:00:00,22219.0
2010-08-11 15:00:00,22256.0
2010-08-11 16:00:00,22165.0
2010-08-11 17:00:00,21775.0
2010-08-11 18:00:00,20905.0
2010-08-11 19:00:00,20104.0
2010-08-11 20:00:00,20070.0
2010-08-11 21:00:00,18939.0
2010-08-11 22:00:00,17094.0
2010-08-11 23:00:00,15320.0
2010-08-12 00:00:00,14033.0
2010-08-12 01:00:00,13234.0
2010-08-12 02:00:00,12718.0
2010-08-12 03:00:00,12489.0
2010-08-12 04:00:00,12622.0
2010-08-12 05:00:00,13315.0
2010-08-12 06:00:00,14568.0
2010-08-12 07:00:00,16063.0
2010-08-12 08:00:00,17235.0
2010-08-12 09:00:00,18158.0
2010-08-12 10:00:00,18894.0
2010-08-12 11:00:00,19340.0
2010-08-12 12:00:00,19537.0
2010-08-12 13:00:00,19686.0
2010-08-12 14:00:00,19566.0
2010-08-12 15:00:00,19303.0
2010-08-12 16:00:00,19070.0
2010-08-12 17:00:00,18671.0
2010-08-12 18:00:00,18096.0
2010-08-12 19:00:00,17855.0
2010-08-12 20:00:00,17989.0
2010-08-12 21:00:00,17105.0
2010-08-12 22:00:00,15624.0
2010-08-12 23:00:00,14126.0
2010-08-13 00:00:00,13002.0
2010-08-13 01:00:00,12300.0
2010-08-13 02:00:00,11877.0
2010-08-13 03:00:00,11700.0
2010-08-13 04:00:00,11883.0
2010-08-13 05:00:00,12582.0
2010-08-13 06:00:00,13737.0
2010-08-13 07:00:00,15278.0
2010-08-13 08:00:00,16483.0
2010-08-13 09:00:00,17363.0
2010-08-13 10:00:00,18008.0
2010-08-13 11:00:00,18393.0
2010-08-13 12:00:00,18537.0
2010-08-13 13:00:00,18742.0
2010-08-13 14:00:00,18764.0
2010-08-13 15:00:00,18637.0
2010-08-13 16:00:00,18519.0
2010-08-13 17:00:00,18214.0
2010-08-13 18:00:00,17490.0
2010-08-13 19:00:00,16827.0
2010-08-13 20:00:00,16904.0
2010-08-13 21:00:00,16107.0
2010-08-13 22:00:00,14753.0
2010-08-13 23:00:00,13320.0
2010-08-14 00:00:00,12205.0
2010-08-14 01:00:00,11479.0
2010-08-14 02:00:00,11005.0
2010-08-14 03:00:00,10746.0
2010-08-14 04:00:00,10695.0
2010-08-14 05:00:00,10846.0
2010-08-14 06:00:00,11207.0
2010-08-14 07:00:00,12290.0
2010-08-14 08:00:00,13733.0
2010-08-14 09:00:00,14767.0
2010-08-14 10:00:00,15405.0
2010-08-14 11:00:00,15764.0
2010-08-14 12:00:00,15922.0
2010-08-14 13:00:00,15972.0
2010-08-14 14:00:00,15970.0
2010-08-14 15:00:00,15971.0
2010-08-14 16:00:00,16068.0
2010-08-14 17:00:00,16046.0
2010-08-14 18:00:00,15740.0
2010-08-14 19:00:00,15389.0
2010-08-14 20:00:00,15655.0
2010-08-14 21:00:00,15075.0
2010-08-14 22:00:00,14000.0
2010-08-14 23:00:00,12844.0
2010-08-15 00:00:00,11869.0
2010-08-15 01:00:00,11197.0
2010-08-15 02:00:00,10788.0
2010-08-15 03:00:00,10533.0
2010-08-15 04:00:00,10486.0
2010-08-15 05:00:00,10588.0
2010-08-15 06:00:00,10752.0
2010-08-15 07:00:00,11578.0
2010-08-15 08:00:00,12784.0
2010-08-15 09:00:00,13796.0
2010-08-15 10:00:00,14514.0
2010-08-15 11:00:00,14980.0
2010-08-15 12:00:00,15268.0
2010-08-15 13:00:00,15343.0
2010-08-15 14:00:00,15277.0
2010-08-15 15:00:00,15253.0
2010-08-15 16:00:00,15378.0
2010-08-15 17:00:00,15572.0
2010-08-15 18:00:00,15575.0
2010-08-15 19:00:00,15733.0
2010-08-15 20:00:00,16130.0
2010-08-15 21:00:00,15529.0
2010-08-15 22:00:00,14367.0
2010-08-15 23:00:00,13199.0
2010-08-16 00:00:00,12335.0
2010-08-16 01:00:00,11781.0
2010-08-16 02:00:00,11486.0
2010-08-16 03:00:00,11423.0
2010-08-16 04:00:00,11713.0
2010-08-16 05:00:00,12612.0
2010-08-16 06:00:00,14078.0
2010-08-16 07:00:00,15672.0
2010-08-16 08:00:00,16829.0
2010-08-16 09:00:00,17679.0
2010-08-16 10:00:00,18270.0
2010-08-16 11:00:00,18729.0
2010-08-16 12:00:00,18923.0
2010-08-16 13:00:00,19192.0
2010-08-16 14:00:00,19265.0
2010-08-16 15:00:00,19325.0
2010-08-16 16:00:00,19466.0
2010-08-16 17:00:00,19615.0
2010-08-16 18:00:00,19455.0
2010-08-16 19:00:00,19353.0
2010-08-16 20:00:00,19630.0
2010-08-16 21:00:00,18754.0
2010-08-16 22:00:00,17191.0
2010-08-16 23:00:00,15610.0
2010-08-17 00:00:00,14465.0
2010-08-17 01:00:00,13757.0
2010-08-17 02:00:00,13325.0
2010-08-17 03:00:00,13123.0
2010-08-17 04:00:00,13285.0
2010-08-17 05:00:00,14115.0
2010-08-17 06:00:00,15483.0
2010-08-17 07:00:00,17124.0
2010-08-17 08:00:00,18514.0
2010-08-17 09:00:00,19607.0
2010-08-17 10:00:00,20554.0
2010-08-17 11:00:00,21315.0
2010-08-17 12:00:00,21874.0
2010-08-17 13:00:00,22332.0
2010-08-17 14:00:00,22592.0
2010-08-17 15:00:00,22542.0
2010-08-17 16:00:00,22317.0
2010-08-17 17:00:00,21844.0
2010-08-17 18:00:00,21112.0
2010-08-17 19:00:00,20597.0
2010-08-17 20:00:00,20559.0
2010-08-17 21:00:00,19300.0
2010-08-17 22:00:00,17391.0
2010-08-17 23:00:00,15564.0
2010-08-18 00:00:00,14181.0
2010-08-18 01:00:00,13285.0
2010-08-18 02:00:00,12670.0
2010-08-18 03:00:00,12360.0
2010-08-18 04:00:00,12430.0
2010-08-18 05:00:00,13086.0
2010-08-18 06:00:00,14218.0
2010-08-18 07:00:00,15684.0
2010-08-18 08:00:00,16776.0
2010-08-18 09:00:00,17612.0
2010-08-18 10:00:00,18273.0
2010-08-18 11:00:00,18719.0
2010-08-18 12:00:00,19053.0
2010-08-18 13:00:00,19497.0
2010-08-18 14:00:00,19740.0
2010-08-18 15:00:00,19847.0
2010-08-18 16:00:00,19693.0
2010-08-18 17:00:00,19274.0
2010-08-18 18:00:00,18750.0
2010-08-18 19:00:00,18570.0
2010-08-18 20:00:00,18701.0
2010-08-18 21:00:00,17687.0
2010-08-18 22:00:00,16059.0
2010-08-18 23:00:00,14415.0
2010-08-19 00:00:00,13156.0
2010-08-19 01:00:00,12350.0
2010-08-19 02:00:00,11882.0
2010-08-19 03:00:00,11666.0
2010-08-19 04:00:00,11776.0
2010-08-19 05:00:00,12459.0
2010-08-19 06:00:00,13628.0
2010-08-19 07:00:00,15279.0
2010-08-19 08:00:00,16646.0
2010-08-19 09:00:00,17821.0
2010-08-19 10:00:00,18871.0
2010-08-19 11:00:00,19640.0
2010-08-19 12:00:00,20227.0
2010-08-19 13:00:00,20757.0
2010-08-19 14:00:00,21049.0
2010-08-19 15:00:00,21229.0
2010-08-19 16:00:00,21263.0
2010-08-19 17:00:00,21015.0
2010-08-19 18:00:00,20366.0
2010-08-19 19:00:00,19865.0
2010-08-19 20:00:00,19886.0
2010-08-19 21:00:00,18776.0
2010-08-19 22:00:00,17014.0
2010-08-19 23:00:00,15309.0
2010-08-20 00:00:00,14037.0
2010-08-20 01:00:00,13211.0
2010-08-20 02:00:00,12673.0
2010-08-20 03:00:00,12410.0
2010-08-20 04:00:00,12499.0
2010-08-20 05:00:00,13197.0
2010-08-20 06:00:00,14338.0
2010-08-20 07:00:00,15910.0
2010-08-20 08:00:00,17155.0
2010-08-20 09:00:00,18184.0
2010-08-20 10:00:00,19004.0
2010-08-20 11:00:00,19512.0
2010-08-20 12:00:00,19730.0
2010-08-20 13:00:00,19945.0
2010-08-20 14:00:00,19993.0
2010-08-20 15:00:00,19934.0
2010-08-20 16:00:00,19749.0
2010-08-20 17:00:00,19289.0
2010-08-20 18:00:00,18397.0
2010-08-20 19:00:00,17616.0
2010-08-20 20:00:00,17494.0
2010-08-20 21:00:00,16398.0
2010-08-20 22:00:00,14900.0
2010-08-20 23:00:00,13399.0
2010-08-21 00:00:00,12198.0
2010-08-21 01:00:00,11413.0
2010-08-21 02:00:00,10921.0
2010-08-21 03:00:00,10614.0
2010-08-21 04:00:00,10554.0
2010-08-21 05:00:00,10747.0
2010-08-21 06:00:00,11079.0
2010-08-21 07:00:00,12074.0
2010-08-21 08:00:00,13353.0
2010-08-21 09:00:00,14380.0
2010-08-21 10:00:00,15058.0
2010-08-21 11:00:00,15444.0
2010-08-21 12:00:00,15599.0
2010-08-21 13:00:00,15613.0
2010-08-21 14:00:00,15537.0
2010-08-21 15:00:00,15442.0
2010-08-21 16:00:00,15401.0
2010-08-21 17:00:00,15392.0
2010-08-21 18:00:00,15293.0
2010-08-21 19:00:00,15470.0
2010-08-21 20:00:00,15665.0
2010-08-21 21:00:00,15070.0
2010-08-21 22:00:00,14095.0
2010-08-21 23:00:00,13011.0
2010-08-22 00:00:00,12103.0
2010-08-22 01:00:00,11528.0
2010-08-22 02:00:00,11186.0
2010-08-22 03:00:00,11018.0
2010-08-22 04:00:00,11015.0
2010-08-22 05:00:00,11167.0
2010-08-22 06:00:00,11414.0
2010-08-22 07:00:00,12110.0
2010-08-22 08:00:00,13215.0
2010-08-22 09:00:00,14199.0
2010-08-22 10:00:00,14934.0
2010-08-22 11:00:00,15416.0
2010-08-22 12:00:00,15645.0
2010-08-22 13:00:00,15567.0
2010-08-22 14:00:00,15435.0
2010-08-22 15:00:00,15357.0
2010-08-22 16:00:00,15467.0
2010-08-22 17:00:00,15667.0
2010-08-22 18:00:00,15688.0
2010-08-22 19:00:00,15749.0
2010-08-22 20:00:00,15620.0
2010-08-22 21:00:00,14825.0
2010-08-22 22:00:00,13695.0
2010-08-22 23:00:00,12564.0
2010-08-23 00:00:00,11711.0
2010-08-23 01:00:00,11229.0
2010-08-23 02:00:00,10959.0
2010-08-23 03:00:00,10919.0
2010-08-23 04:00:00,11205.0
2010-08-23 05:00:00,12034.0
2010-08-23 06:00:00,13467.0
2010-08-23 07:00:00,14847.0
2010-08-23 08:00:00,15841.0
2010-08-23 09:00:00,16510.0
2010-08-23 10:00:00,16926.0
2010-08-23 11:00:00,17084.0
2010-08-23 12:00:00,17012.0
2010-08-23 13:00:00,16937.0
2010-08-23 14:00:00,16719.0
2010-08-23 15:00:00,16443.0
2010-08-23 16:00:00,16340.0
2010-08-23 17:00:00,16298.0
2010-08-23 18:00:00,16129.0
2010-08-23 19:00:00,16173.0
2010-08-23 20:00:00,15989.0
2010-08-23 21:00:00,14979.0
2010-08-23 22:00:00,13594.0
2010-08-23 23:00:00,12317.0
2010-08-24 00:00:00,11369.0
2010-08-24 01:00:00,10834.0
2010-08-24 02:00:00,10523.0
2010-08-24 03:00:00,10423.0
2010-08-24 04:00:00,10651.0
2010-08-24 05:00:00,11504.0
2010-08-24 06:00:00,12825.0
2010-08-24 07:00:00,14219.0
2010-08-24 08:00:00,15181.0
2010-08-24 09:00:00,15860.0
2010-08-24 10:00:00,16318.0
2010-08-24 11:00:00,16536.0
2010-08-24 12:00:00,16560.0
2010-08-24 13:00:00,16572.0
2010-08-24 14:00:00,16400.0
2010-08-24 15:00:00,16216.0
2010-08-24 16:00:00,16161.0
2010-08-24 17:00:00,16155.0
2010-08-24 18:00:00,16058.0
2010-08-24 19:00:00,16140.0
2010-08-24 20:00:00,16073.0
2010-08-24 21:00:00,15094.0
2010-08-24 22:00:00,13707.0
2010-08-24 23:00:00,12378.0
2010-08-25 00:00:00,11416.0
2010-08-25 01:00:00,10885.0
2010-08-25 02:00:00,10594.0
2010-08-25 03:00:00,10537.0
2010-08-25 04:00:00,10738.0
2010-08-25 05:00:00,11612.0
2010-08-25 06:00:00,13104.0
2010-08-25 07:00:00,14477.0
2010-08-25 08:00:00,15441.0
2010-08-25 09:00:00,16128.0
2010-08-25 10:00:00,16650.0
2010-08-25 11:00:00,16922.0
2010-08-25 12:00:00,16976.0
2010-08-25 13:00:00,17044.0
2010-08-25 14:00:00,16959.0
2010-08-25 15:00:00,16793.0
2010-08-25 16:00:00,16719.0
2010-08-25 17:00:00,16677.0
2010-08-25 18:00:00,16446.0
2010-08-25 19:00:00,16554.0
2010-08-25 20:00:00,16552.0
2010-08-25 21:00:00,15613.0
2010-08-25 22:00:00,14174.0
2010-08-25 23:00:00,12818.0
2010-08-26 00:00:00,11835.0
2010-08-26 01:00:00,11236.0
2010-08-26 02:00:00,10901.0
2010-08-26 03:00:00,10780.0
2010-08-26 04:00:00,10975.0
2010-08-26 05:00:00,11825.0
2010-08-26 06:00:00,13223.0
2010-08-26 07:00:00,14773.0
2010-08-26 08:00:00,16016.0
2010-08-26 09:00:00,17000.0
2010-08-26 10:00:00,17773.0
2010-08-26 11:00:00,18284.0
2010-08-26 12:00:00,18579.0
2010-08-26 13:00:00,18864.0
2010-08-26 14:00:00,18972.0
2010-08-26 15:00:00,18945.0
2010-08-26 16:00:00,18826.0
2010-08-26 17:00:00,18451.0
2010-08-26 18:00:00,17749.0
2010-08-26 19:00:00,17493.0
2010-08-26 20:00:00,17512.0
2010-08-26 21:00:00,16388.0
2010-08-26 22:00:00,14737.0
2010-08-26 23:00:00,13169.0
2010-08-27 00:00:00,12008.0
2010-08-27 01:00:00,11298.0
2010-08-27 02:00:00,10872.0
2010-08-27 03:00:00,10671.0
2010-08-27 04:00:00,10790.0
2010-08-27 05:00:00,11450.0
2010-08-27 06:00:00,12579.0
2010-08-27 07:00:00,14089.0
2010-08-27 08:00:00,15264.0
2010-08-27 09:00:00,16074.0
2010-08-27 10:00:00,16637.0
2010-08-27 11:00:00,16969.0
2010-08-27 12:00:00,17111.0
2010-08-27 13:00:00,17296.0
2010-08-27 14:00:00,17323.0
2010-08-27 15:00:00,17243.0
2010-08-27 16:00:00,17201.0
2010-08-27 17:00:00,16920.0
2010-08-27 18:00:00,16342.0
2010-08-27 19:00:00,16081.0
2010-08-27 20:00:00,16091.0
2010-08-27 21:00:00,15173.0
2010-08-27 22:00:00,13851.0
2010-08-27 23:00:00,12500.0
2010-08-28 00:00:00,11454.0
2010-08-28 01:00:00,10781.0
2010-08-28 02:00:00,10365.0
2010-08-28 03:00:00,10138.0
2010-08-28 04:00:00,10121.0
2010-08-28 05:00:00,10388.0
2010-08-28 06:00:00,10749.0
2010-08-28 07:00:00,11740.0
2010-08-28 08:00:00,13022.0
2010-08-28 09:00:00,14041.0
2010-08-28 10:00:00,14683.0
2010-08-28 11:00:00,15018.0
2010-08-28 12:00:00,15185.0
2010-08-28 13:00:00,15250.0
2010-08-28 14:00:00,15371.0
2010-08-28 15:00:00,15582.0
2010-08-28 16:00:00,15797.0
2010-08-28 17:00:00,15849.0
2010-08-28 18:00:00,15623.0
2010-08-28 19:00:00,15629.0
2010-08-28 20:00:00,15787.0
2010-08-28 21:00:00,15032.0
2010-08-28 22:00:00,13896.0
2010-08-28 23:00:00,12701.0
2010-08-29 00:00:00,11702.0
2010-08-29 01:00:00,11035.0
2010-08-29 02:00:00,10621.0
2010-08-29 03:00:00,10376.0
2010-08-29 04:00:00,10307.0
2010-08-29 05:00:00,10425.0
2010-08-29 06:00:00,10597.0
2010-08-29 07:00:00,11501.0
2010-08-29 08:00:00,12808.0
2010-08-29 09:00:00,14115.0
2010-08-29 10:00:00,15201.0
2010-08-29 11:00:00,16185.0
2010-08-29 12:00:00,17029.0
2010-08-29 13:00:00,17690.0
2010-08-29 14:00:00,18269.0
2010-08-29 15:00:00,18810.0
2010-08-29 16:00:00,19298.0
2010-08-29 17:00:00,19626.0
2010-08-29 18:00:00,19412.0
2010-08-29 19:00:00,19284.0
2010-08-29 20:00:00,19279.0
2010-08-29 21:00:00,18050.0
2010-08-29 22:00:00,16362.0
2010-08-29 23:00:00,14664.0
2010-08-30 00:00:00,13465.0
2010-08-30 01:00:00,12655.0
2010-08-30 02:00:00,12127.0
2010-08-30 03:00:00,11875.0
2010-08-30 04:00:00,11990.0
2010-08-30 05:00:00,12759.0
2010-08-30 06:00:00,14086.0
2010-08-30 07:00:00,15706.0
2010-08-30 08:00:00,17094.0
2010-08-30 09:00:00,18380.0
2010-08-30 10:00:00,19529.0
2010-08-30 11:00:00,20418.0
2010-08-30 12:00:00,21119.0
2010-08-30 13:00:00,21828.0
2010-08-30 14:00:00,22285.0
2010-08-30 15:00:00,22554.0
2010-08-30 16:00:00,22683.0
2010-08-30 17:00:00,22514.0
2010-08-30 18:00:00,21833.0
2010-08-30 19:00:00,21455.0
2010-08-30 20:00:00,21201.0
2010-08-30 21:00:00,19643.0
2010-08-30 22:00:00,17577.0
2010-08-30 23:00:00,15685.0
2010-08-31 00:00:00,14355.0
2010-08-31 01:00:00,13538.0
2010-08-31 02:00:00,13031.0
2010-08-31 03:00:00,12772.0
2010-08-31 04:00:00,12906.0
2010-08-31 05:00:00,13821.0
2010-08-31 06:00:00,15358.0
2010-08-31 07:00:00,17041.0
2010-08-31 08:00:00,18517.0
2010-08-31 09:00:00,20081.0
2010-08-31 10:00:00,21593.0
2010-08-31 11:00:00,22814.0
2010-08-31 12:00:00,23780.0
2010-08-31 13:00:00,24564.0
2010-08-31 14:00:00,25006.0
2010-08-31 15:00:00,25258.0
2010-08-31 16:00:00,25341.0
2010-08-31 17:00:00,25055.0
2010-08-31 18:00:00,24326.0
2010-08-31 19:00:00,24037.0
2010-08-31 20:00:00,23708.0
2010-08-31 21:00:00,22014.0
2010-08-31 22:00:00,19659.0
2010-08-31 23:00:00,17547.0
2010-09-01 00:00:00,16006.0
2010-09-01 01:00:00,15034.0
2010-09-01 02:00:00,14375.0
2010-09-01 03:00:00,13994.0
2010-09-01 04:00:00,14031.0
2010-09-01 05:00:00,14905.0
2010-09-01 06:00:00,16468.0
2010-09-01 07:00:00,18038.0
2010-09-01 08:00:00,19419.0
2010-09-01 09:00:00,20879.0
2010-09-01 10:00:00,22314.0
2010-09-01 11:00:00,23450.0
2010-09-01 12:00:00,24223.0
2010-09-01 13:00:00,24937.0
2010-09-01 14:00:00,25334.0
2010-09-01 15:00:00,25500.0
2010-09-01 16:00:00,25495.0
2010-09-01 17:00:00,25061.0
2010-09-01 18:00:00,24283.0
2010-09-01 19:00:00,24009.0
2010-09-01 20:00:00,23647.0
2010-09-01 21:00:00,21985.0
2010-09-01 22:00:00,19683.0
2010-09-01 23:00:00,17579.0
2010-09-02 00:00:00,16076.0
2010-09-02 01:00:00,15120.0
2010-09-02 02:00:00,14449.0
2010-09-02 03:00:00,14079.0
2010-09-02 04:00:00,14134.0
2010-09-02 05:00:00,15021.0
2010-09-02 06:00:00,16607.0
2010-09-02 07:00:00,18102.0
2010-09-02 08:00:00,19476.0
2010-09-02 09:00:00,20922.0
2010-09-02 10:00:00,22338.0
2010-09-02 11:00:00,23484.0
2010-09-02 12:00:00,24307.0
2010-09-02 13:00:00,25078.0
2010-09-02 14:00:00,25457.0
2010-09-02 15:00:00,25574.0
2010-09-02 16:00:00,25518.0
2010-09-02 17:00:00,25029.0
2010-09-02 18:00:00,24184.0
2010-09-02 19:00:00,23897.0
2010-09-02 20:00:00,23545.0
2010-09-02 21:00:00,21872.0
2010-09-02 22:00:00,19608.0
2010-09-02 23:00:00,17550.0
2010-09-03 00:00:00,16051.0
2010-09-03 01:00:00,15109.0
2010-09-03 02:00:00,14446.0
2010-09-03 03:00:00,14086.0
2010-09-03 04:00:00,14125.0
2010-09-03 05:00:00,14939.0
2010-09-03 06:00:00,16405.0
2010-09-03 07:00:00,17715.0
2010-09-03 08:00:00,18824.0
2010-09-03 09:00:00,19959.0
2010-09-03 10:00:00,20888.0
2010-09-03 11:00:00,21555.0
2010-09-03 12:00:00,21755.0
2010-09-03 13:00:00,21823.0
2010-09-03 14:00:00,21793.0
2010-09-03 15:00:00,21513.0
2010-09-03 16:00:00,21257.0
2010-09-03 17:00:00,20969.0
2010-09-03 18:00:00,20567.0
2010-09-03 19:00:00,20600.0
2010-09-03 20:00:00,20180.0
2010-09-03 21:00:00,19075.0
2010-09-03 22:00:00,17570.0
2010-09-03 23:00:00,16014.0
2010-09-04 00:00:00,14778.0
2010-09-04 01:00:00,14010.0
2010-09-04 02:00:00,13509.0
2010-09-04 03:00:00,13242.0
2010-09-04 04:00:00,13160.0
2010-09-04 05:00:00,13338.0
2010-09-04 06:00:00,13599.0
2010-09-04 07:00:00,14225.0
2010-09-04 08:00:00,15407.0
2010-09-04 09:00:00,16449.0
2010-09-04 10:00:00,17016.0
2010-09-04 11:00:00,17208.0
2010-09-04 12:00:00,17149.0
2010-09-04 13:00:00,16938.0
2010-09-04 14:00:00,16702.0
2010-09-04 15:00:00,16503.0
2010-09-04 16:00:00,16350.0
2010-09-04 17:00:00,16164.0
2010-09-04 18:00:00,15735.0
2010-09-04 19:00:00,15815.0
2010-09-04 20:00:00,15721.0
2010-09-04 21:00:00,14904.0
2010-09-04 22:00:00,13725.0
2010-09-04 23:00:00,12485.0
2010-09-05 00:00:00,11502.0
2010-09-05 01:00:00,10842.0
2010-09-05 02:00:00,10417.0
2010-09-05 03:00:00,10153.0
2010-09-05 04:00:00,10061.0
2010-09-05 05:00:00,10154.0
2010-09-05 06:00:00,10255.0
2010-09-05 07:00:00,10992.0
2010-09-05 08:00:00,12093.0
2010-09-05 09:00:00,12997.0
2010-09-05 10:00:00,13558.0
2010-09-05 11:00:00,13827.0
2010-09-05 12:00:00,13922.0
2010-09-05 13:00:00,13849.0
2010-09-05 14:00:00,13744.0
2010-09-05 15:00:00,13684.0
2010-09-05 16:00:00,13770.0
2010-09-05 17:00:00,13880.0
2010-09-05 18:00:00,13802.0
2010-09-05 19:00:00,14069.0
2010-09-05 20:00:00,14032.0
2010-09-05 21:00:00,13338.0
2010-09-05 22:00:00,12400.0
2010-09-05 23:00:00,11367.0
2010-09-06 00:00:00,10557.0
2010-09-06 01:00:00,10031.0
2010-09-06 02:00:00,9737.0
2010-09-06 03:00:00,9592.0
2010-09-06 04:00:00,9632.0
2010-09-06 05:00:00,9891.0
2010-09-06 06:00:00,10157.0
2010-09-06 07:00:00,10918.0
2010-09-06 08:00:00,12087.0
2010-09-06 09:00:00,13221.0
2010-09-06 10:00:00,13958.0
2010-09-06 11:00:00,14298.0
2010-09-06 12:00:00,14412.0
2010-09-06 13:00:00,14414.0
2010-09-06 14:00:00,14422.0
2010-09-06 15:00:00,14524.0
2010-09-06 16:00:00,14796.0
2010-09-06 17:00:00,15047.0
2010-09-06 18:00:00,14989.0
2010-09-06 19:00:00,15531.0
2010-09-06 20:00:00,15496.0
2010-09-06 21:00:00,14424.0
2010-09-06 22:00:00,12989.0
2010-09-06 23:00:00,11755.0
2010-09-07 00:00:00,10940.0
2010-09-07 01:00:00,10511.0
2010-09-07 02:00:00,10310.0
2010-09-07 03:00:00,10317.0
2010-09-07 04:00:00,10609.0
2010-09-07 05:00:00,11686.0
2010-09-07 06:00:00,13567.0
2010-09-07 07:00:00,14965.0
2010-09-07 08:00:00,15852.0
2010-09-07 09:00:00,16646.0
2010-09-07 10:00:00,17292.0
2010-09-07 11:00:00,17907.0
2010-09-07 12:00:00,18452.0
2010-09-07 13:00:00,19021.0
2010-09-07 14:00:00,19345.0
2010-09-07 15:00:00,19510.0
2010-09-07 16:00:00,19523.0
2010-09-07 17:00:00,19374.0
2010-09-07 18:00:00,18927.0
2010-09-07 19:00:00,19187.0
2010-09-07 20:00:00,18963.0
2010-09-07 21:00:00,17629.0
2010-09-07 22:00:00,15815.0
2010-09-07 23:00:00,14211.0
2010-09-08 00:00:00,13135.0
2010-09-08 01:00:00,12492.0
2010-09-08 02:00:00,12121.0
2010-09-08 03:00:00,11976.0
2010-09-08 04:00:00,12192.0
2010-09-08 05:00:00,13202.0
2010-09-08 06:00:00,15114.0
2010-09-08 07:00:00,16449.0
2010-09-08 08:00:00,17155.0
2010-09-08 09:00:00,17907.0
2010-09-08 10:00:00,18673.0
2010-09-08 11:00:00,19252.0
2010-09-08 12:00:00,19590.0
2010-09-08 13:00:00,19893.0
2010-09-08 14:00:00,19890.0
2010-09-08 15:00:00,19721.0
2010-09-08 16:00:00,19396.0
2010-09-08 17:00:00,18773.0
2010-09-08 18:00:00,17996.0
2010-09-08 19:00:00,17987.0
2010-09-08 20:00:00,17473.0
2010-09-08 21:00:00,16097.0
2010-09-08 22:00:00,14365.0
2010-09-08 23:00:00,12802.0
2010-09-09 00:00:00,11694.0
2010-09-09 01:00:00,11097.0
2010-09-09 02:00:00,10740.0
2010-09-09 03:00:00,10604.0
2010-09-09 04:00:00,10786.0
2010-09-09 05:00:00,11687.0
2010-09-09 06:00:00,13278.0
2010-09-09 07:00:00,14521.0
2010-09-09 08:00:00,15317.0
2010-09-09 09:00:00,15886.0
2010-09-09 10:00:00,16288.0
2010-09-09 11:00:00,16433.0
2010-09-09 12:00:00,16463.0
2010-09-09 13:00:00,16523.0
2010-09-09 14:00:00,16402.0
2010-09-09 15:00:00,16190.0
2010-09-09 16:00:00,16096.0
2010-09-09 17:00:00,16006.0
2010-09-09 18:00:00,15918.0
2010-09-09 19:00:00,16367.0
2010-09-09 20:00:00,16039.0
2010-09-09 21:00:00,14932.0
2010-09-09 22:00:00,13405.0
2010-09-09 23:00:00,11989.0
2010-09-10 00:00:00,11074.0
2010-09-10 01:00:00,10545.0
2010-09-10 02:00:00,10263.0
2010-09-10 03:00:00,10178.0
2010-09-10 04:00:00,10400.0
2010-09-10 05:00:00,11331.0
2010-09-10 06:00:00,13016.0
2010-09-10 07:00:00,14234.0
2010-09-10 08:00:00,14878.0
2010-09-10 09:00:00,15389.0
2010-09-10 10:00:00,15740.0
2010-09-10 11:00:00,15849.0
2010-09-10 12:00:00,15811.0
2010-09-10 13:00:00,15822.0
2010-09-10 14:00:00,15660.0
2010-09-10 15:00:00,15435.0
2010-09-10 16:00:00,15273.0
2010-09-10 17:00:00,15078.0
2010-09-10 18:00:00,15012.0
2010-09-10 19:00:00,15390.0
2010-09-10 20:00:00,15114.0
2010-09-10 21:00:00,14232.0
2010-09-10 22:00:00,13005.0
2010-09-10 23:00:00,11798.0
2010-09-11 00:00:00,10889.0
2010-09-11 01:00:00,10306.0
2010-09-11 02:00:00,9977.0
2010-09-11 03:00:00,9810.0
2010-09-11 04:00:00,9819.0
2010-09-11 05:00:00,10125.0
2010-09-11 06:00:00,10616.0
2010-09-11 07:00:00,11571.0
2010-09-11 08:00:00,12724.0
2010-09-11 09:00:00,13572.0
2010-09-11 10:00:00,14016.0
2010-09-11 11:00:00,14173.0
2010-09-11 12:00:00,14188.0
2010-09-11 13:00:00,14119.0
2010-09-11 14:00:00,14051.0
2010-09-11 15:00:00,14040.0
2010-09-11 16:00:00,14130.0
2010-09-11 17:00:00,14197.0
2010-09-11 18:00:00,14127.0
2010-09-11 19:00:00,14586.0
2010-09-11 20:00:00,14383.0
2010-09-11 21:00:00,13620.0
2010-09-11 22:00:00,12545.0
2010-09-11 23:00:00,11468.0
2010-09-12 00:00:00,10600.0
2010-09-12 01:00:00,10064.0
2010-09-12 02:00:00,9737.0
2010-09-12 03:00:00,9571.0
2010-09-12 04:00:00,9525.0
2010-09-12 05:00:00,9729.0
2010-09-12 06:00:00,10017.0
2010-09-12 07:00:00,10685.0
2010-09-12 08:00:00,11763.0
2010-09-12 09:00:00,12631.0
2010-09-12 10:00:00,13149.0
2010-09-12 11:00:00,13454.0
2010-09-12 12:00:00,13580.0
2010-09-12 13:00:00,13548.0
2010-09-12 14:00:00,13417.0
2010-09-12 15:00:00,13376.0
2010-09-12 16:00:00,13538.0
2010-09-12 17:00:00,13834.0
2010-09-12 18:00:00,14168.0
2010-09-12 19:00:00,14736.0
2010-09-12 20:00:00,14360.0
2010-09-12 21:00:00,13307.0
2010-09-12 22:00:00,12081.0
2010-09-12 23:00:00,10981.0
2010-09-13 00:00:00,10228.0
2010-09-13 01:00:00,9818.0
2010-09-13 02:00:00,9632.0
2010-09-13 03:00:00,9612.0
2010-09-13 04:00:00,9920.0
2010-09-13 05:00:00,10971.0
2010-09-13 06:00:00,12894.0
2010-09-13 07:00:00,14190.0
2010-09-13 08:00:00,14780.0
2010-09-13 09:00:00,15230.0
2010-09-13 10:00:00,15615.0
2010-09-13 11:00:00,15757.0
2010-09-13 12:00:00,15758.0
2010-09-13 13:00:00,15834.0
2010-09-13 14:00:00,15742.0
2010-09-13 15:00:00,15671.0
2010-09-13 16:00:00,15677.0
2010-09-13 17:00:00,15753.0
2010-09-13 18:00:00,15791.0
2010-09-13 19:00:00,16198.0
2010-09-13 20:00:00,15752.0
2010-09-13 21:00:00,14580.0
2010-09-13 22:00:00,13064.0
2010-09-13 23:00:00,11693.0
2010-09-14 00:00:00,10798.0
2010-09-14 01:00:00,10299.0
2010-09-14 02:00:00,10042.0
2010-09-14 03:00:00,9967.0
2010-09-14 04:00:00,10208.0
2010-09-14 05:00:00,11184.0
2010-09-14 06:00:00,13024.0
2010-09-14 07:00:00,14256.0
2010-09-14 08:00:00,14925.0
2010-09-14 09:00:00,15478.0
2010-09-14 10:00:00,15923.0
2010-09-14 11:00:00,16213.0
2010-09-14 12:00:00,16303.0
2010-09-14 13:00:00,16325.0
2010-09-14 14:00:00,16244.0
2010-09-14 15:00:00,16127.0
2010-09-14 16:00:00,16062.0
2010-09-14 17:00:00,15938.0
2010-09-14 18:00:00,15738.0
2010-09-14 19:00:00,16219.0
2010-09-14 20:00:00,15852.0
2010-09-14 21:00:00,14626.0
2010-09-14 22:00:00,13044.0
2010-09-14 23:00:00,11640.0
2010-09-15 00:00:00,10682.0
2010-09-15 01:00:00,10157.0
2010-09-15 02:00:00,9887.0
2010-09-15 03:00:00,9803.0
2010-09-15 04:00:00,10034.0
2010-09-15 05:00:00,10994.0
2010-09-15 06:00:00,12772.0
2010-09-15 07:00:00,13944.0
2010-09-15 08:00:00,14506.0
2010-09-15 09:00:00,14946.0
2010-09-15 10:00:00,15268.0
2010-09-15 11:00:00,15404.0
2010-09-15 12:00:00,15396.0
2010-09-15 13:00:00,15454.0
2010-09-15 14:00:00,15391.0
2010-09-15 15:00:00,15328.0
2010-09-15 16:00:00,15362.0
2010-09-15 17:00:00,15351.0
2010-09-15 18:00:00,15284.0
2010-09-15 19:00:00,15864.0
2010-09-15 20:00:00,15453.0
2010-09-15 21:00:00,14325.0
2010-09-15 22:00:00,12792.0
2010-09-15 23:00:00,11399.0
2010-09-16 00:00:00,10473.0
2010-09-16 01:00:00,9992.0
2010-09-16 02:00:00,9754.0
2010-09-16 03:00:00,9678.0
2010-09-16 04:00:00,9898.0
2010-09-16 05:00:00,10869.0
2010-09-16 06:00:00,12675.0
2010-09-16 07:00:00,13861.0
2010-09-16 08:00:00,14390.0
2010-09-16 09:00:00,14822.0
2010-09-16 10:00:00,15186.0
2010-09-16 11:00:00,15370.0
2010-09-16 12:00:00,15433.0
2010-09-16 13:00:00,15554.0
2010-09-16 14:00:00,15500.0
2010-09-16 15:00:00,15394.0
2010-09-16 16:00:00,15490.0
2010-09-16 17:00:00,15786.0
2010-09-16 18:00:00,16054.0
2010-09-16 19:00:00,16245.0
2010-09-16 20:00:00,15714.0
2010-09-16 21:00:00,14654.0
2010-09-16 22:00:00,13251.0
2010-09-16 23:00:00,11986.0
2010-09-17 00:00:00,11100.0
2010-09-17 01:00:00,10613.0
2010-09-17 02:00:00,10327.0
2010-09-17 03:00:00,10271.0
2010-09-17 04:00:00,10519.0
2010-09-17 05:00:00,11547.0
2010-09-17 06:00:00,13555.0
2010-09-17 07:00:00,14922.0
2010-09-17 08:00:00,15551.0
2010-09-17 09:00:00,15996.0
2010-09-17 10:00:00,16287.0
2010-09-17 11:00:00,16299.0
2010-09-17 12:00:00,16117.0
2010-09-17 13:00:00,15971.0
2010-09-17 14:00:00,15698.0
2010-09-17 15:00:00,15451.0
2010-09-17 16:00:00,15337.0
2010-09-17 17:00:00,15192.0
2010-09-17 18:00:00,15077.0
2010-09-17 19:00:00,15439.0
2010-09-17 20:00:00,15012.0
2010-09-17 21:00:00,14121.0
2010-09-17 22:00:00,12885.0
2010-09-17 23:00:00,11638.0
2010-09-18 00:00:00,10708.0
2010-09-18 01:00:00,10124.0
2010-09-18 02:00:00,9808.0
2010-09-18 03:00:00,9673.0
2010-09-18 04:00:00,9708.0
2010-09-18 05:00:00,10059.0
2010-09-18 06:00:00,10675.0
2010-09-18 07:00:00,11588.0
2010-09-18 08:00:00,12670.0
2010-09-18 09:00:00,13422.0
2010-09-18 10:00:00,13783.0
2010-09-18 11:00:00,13900.0
2010-09-18 12:00:00,13859.0
2010-09-18 13:00:00,13700.0
2010-09-18 14:00:00,13497.0
2010-09-18 15:00:00,13366.0
2010-09-18 16:00:00,13416.0
2010-09-18 17:00:00,13581.0
2010-09-18 18:00:00,13761.0
2010-09-18 19:00:00,14347.0
2010-09-18 20:00:00,14011.0
2010-09-18 21:00:00,13264.0
2010-09-18 22:00:00,12254.0
2010-09-18 23:00:00,11153.0
2010-09-19 00:00:00,10334.0
2010-09-19 01:00:00,9790.0
2010-09-19 02:00:00,9481.0
2010-09-19 03:00:00,9337.0
2010-09-19 04:00:00,9328.0
2010-09-19 05:00:00,9544.0
2010-09-19 06:00:00,9839.0
2010-09-19 07:00:00,10563.0
2010-09-19 08:00:00,11709.0
2010-09-19 09:00:00,12636.0
2010-09-19 10:00:00,13203.0
2010-09-19 11:00:00,13586.0
2010-09-19 12:00:00,13828.0
2010-09-19 13:00:00,13896.0
2010-09-19 14:00:00,13913.0
2010-09-19 15:00:00,13974.0
2010-09-19 16:00:00,14221.0
2010-09-19 17:00:00,14604.0
2010-09-19 18:00:00,15028.0
2010-09-19 19:00:00,15508.0
2010-09-19 20:00:00,15066.0
2010-09-19 21:00:00,14009.0
2010-09-19 22:00:00,12700.0
2010-09-19 23:00:00,11491.0
2010-09-20 00:00:00,10679.0
2010-09-20 01:00:00,10206.0
2010-09-20 02:00:00,9951.0
2010-09-20 03:00:00,9864.0
2010-09-20 04:00:00,10096.0
2010-09-20 05:00:00,11076.0
2010-09-20 06:00:00,12886.0
2010-09-20 07:00:00,14043.0
2010-09-20 08:00:00,14665.0
2010-09-20 09:00:00,15180.0
2010-09-20 10:00:00,15579.0
2010-09-20 11:00:00,15759.0
2010-09-20 12:00:00,15791.0
2010-09-20 13:00:00,15847.0
2010-09-20 14:00:00,15746.0
2010-09-20 15:00:00,15632.0
2010-09-20 16:00:00,15589.0
2010-09-20 17:00:00,15569.0
2010-09-20 18:00:00,15555.0
2010-09-20 19:00:00,16097.0
2010-09-20 20:00:00,15495.0
2010-09-20 21:00:00,14260.0
2010-09-20 22:00:00,12732.0
2010-09-20 23:00:00,11350.0
2010-09-21 00:00:00,10433.0
2010-09-21 01:00:00,9939.0
2010-09-21 02:00:00,9667.0
2010-09-21 03:00:00,9592.0
2010-09-21 04:00:00,9840.0
2010-09-21 05:00:00,10834.0
2010-09-21 06:00:00,12681.0
2010-09-21 07:00:00,13834.0
2010-09-21 08:00:00,14334.0
2010-09-21 09:00:00,14730.0
2010-09-21 10:00:00,15103.0
2010-09-21 11:00:00,15261.0
2010-09-21 12:00:00,15351.0
2010-09-21 13:00:00,15437.0
2010-09-21 14:00:00,15393.0
2010-09-21 15:00:00,15346.0
2010-09-21 16:00:00,15370.0
2010-09-21 17:00:00,15374.0
2010-09-21 18:00:00,15457.0
2010-09-21 19:00:00,16086.0
2010-09-21 20:00:00,15539.0
2010-09-21 21:00:00,14385.0
2010-09-21 22:00:00,12868.0
2010-09-21 23:00:00,11519.0
2010-09-22 00:00:00,10668.0
2010-09-22 01:00:00,10201.0
2010-09-22 02:00:00,9967.0
2010-09-22 03:00:00,9908.0
2010-09-22 04:00:00,10180.0
2010-09-22 05:00:00,11215.0
2010-09-22 06:00:00,13105.0
2010-09-22 07:00:00,14391.0
2010-09-22 08:00:00,15091.0
2010-09-22 09:00:00,15693.0
2010-09-22 10:00:00,16247.0
2010-09-22 11:00:00,16675.0
2010-09-22 12:00:00,16971.0
2010-09-22 13:00:00,17369.0
2010-09-22 14:00:00,17583.0
2010-09-22 15:00:00,17678.0
2010-09-22 16:00:00,17775.0
2010-09-22 17:00:00,17680.0
2010-09-22 18:00:00,17699.0
2010-09-22 19:00:00,18240.0
2010-09-22 20:00:00,17622.0
2010-09-22 21:00:00,16322.0
2010-09-22 22:00:00,14716.0
2010-09-22 23:00:00,13210.0
2010-09-23 00:00:00,12152.0
2010-09-23 01:00:00,11532.0
2010-09-23 02:00:00,11131.0
2010-09-23 03:00:00,10916.0
2010-09-23 04:00:00,11046.0
2010-09-23 05:00:00,11983.0
2010-09-23 06:00:00,13729.0
2010-09-23 07:00:00,14818.0
2010-09-23 08:00:00,15382.0
2010-09-23 09:00:00,15853.0
2010-09-23 10:00:00,16341.0
2010-09-23 11:00:00,16624.0
2010-09-23 12:00:00,16805.0
2010-09-23 13:00:00,17040.0
2010-09-23 14:00:00,17031.0
2010-09-23 15:00:00,16890.0
2010-09-23 16:00:00,16775.0
2010-09-23 17:00:00,16499.0
2010-09-23 18:00:00,16418.0
2010-09-23 19:00:00,16947.0
2010-09-23 20:00:00,16325.0
2010-09-23 21:00:00,15112.0
2010-09-23 22:00:00,13568.0
2010-09-23 23:00:00,12154.0
2010-09-24 00:00:00,11193.0
2010-09-24 01:00:00,10644.0
2010-09-24 02:00:00,10339.0
2010-09-24 03:00:00,10255.0
2010-09-24 04:00:00,10497.0
2010-09-24 05:00:00,11508.0
2010-09-24 06:00:00,13459.0
2010-09-24 07:00:00,14786.0
2010-09-24 08:00:00,15485.0
2010-09-24 09:00:00,16044.0
2010-09-24 10:00:00,16562.0
2010-09-24 11:00:00,16972.0
2010-09-24 12:00:00,17322.0
2010-09-24 13:00:00,17756.0
2010-09-24 14:00:00,18017.0
2010-09-24 15:00:00,18067.0
2010-09-24 16:00:00,18023.0
2010-09-24 17:00:00,17715.0
2010-09-24 18:00:00,17531.0
2010-09-24 19:00:00,17827.0
2010-09-24 20:00:00,17225.0
2010-09-24 21:00:00,16223.0
2010-09-24 22:00:00,14874.0
2010-09-24 23:00:00,13497.0
2010-09-25 00:00:00,12455.0
2010-09-25 01:00:00,11804.0
2010-09-25 02:00:00,11425.0
2010-09-25 03:00:00,11219.0
2010-09-25 04:00:00,11241.0
2010-09-25 05:00:00,11603.0
2010-09-25 06:00:00,12284.0
2010-09-25 07:00:00,13267.0
2010-09-25 08:00:00,14597.0
2010-09-25 09:00:00,15616.0
2010-09-25 10:00:00,16319.0
2010-09-25 11:00:00,16839.0
2010-09-25 12:00:00,17136.0
2010-09-25 13:00:00,17216.0
2010-09-25 14:00:00,17222.0
2010-09-25 15:00:00,17161.0
2010-09-25 16:00:00,17061.0
2010-09-25 17:00:00,16847.0
2010-09-25 18:00:00,16605.0
2010-09-25 19:00:00,16774.0
2010-09-25 20:00:00,16105.0
2010-09-25 21:00:00,15095.0
2010-09-25 22:00:00,13811.0
2010-09-25 23:00:00,12498.0
2010-09-26 00:00:00,11446.0
2010-09-26 01:00:00,10753.0
2010-09-26 02:00:00,10321.0
2010-09-26 03:00:00,10030.0
2010-09-26 04:00:00,9953.0
2010-09-26 05:00:00,10096.0
2010-09-26 06:00:00,10436.0
2010-09-26 07:00:00,11014.0
2010-09-26 08:00:00,12103.0
2010-09-26 09:00:00,12962.0
2010-09-26 10:00:00,13474.0
2010-09-26 11:00:00,13833.0
2010-09-26 12:00:00,14001.0
2010-09-26 13:00:00,13964.0
2010-09-26 14:00:00,13875.0
2010-09-26 15:00:00,13828.0
2010-09-26 16:00:00,14068.0
2010-09-26 17:00:00,14434.0
2010-09-26 18:00:00,14917.0
2010-09-26 19:00:00,15217.0
2010-09-26 20:00:00,14617.0
2010-09-26 21:00:00,13545.0
2010-09-26 22:00:00,12329.0
2010-09-26 23:00:00,11220.0
2010-09-27 00:00:00,10426.0
2010-09-27 01:00:00,9998.0
2010-09-27 02:00:00,9801.0
2010-09-27 03:00:00,9765.0
2010-09-27 04:00:00,10063.0
2010-09-27 05:00:00,11116.0
2010-09-27 06:00:00,13160.0
2010-09-27 07:00:00,14472.0
2010-09-27 08:00:00,15006.0
2010-09-27 09:00:00,15428.0
2010-09-27 10:00:00,15766.0
2010-09-27 11:00:00,15910.0
2010-09-27 12:00:00,15895.0
2010-09-27 13:00:00,15854.0
2010-09-27 14:00:00,15716.0
2010-09-27 15:00:00,15632.0
2010-09-27 16:00:00,15784.0
2010-09-27 17:00:00,16120.0
2010-09-27 18:00:00,16493.0
2010-09-27 19:00:00,16503.0
2010-09-27 20:00:00,15764.0
2010-09-27 21:00:00,14602.0
2010-09-27 22:00:00,13130.0
2010-09-27 23:00:00,11810.0
2010-09-28 00:00:00,10926.0
2010-09-28 01:00:00,10472.0
2010-09-28 02:00:00,10250.0
2010-09-28 03:00:00,10202.0
2010-09-28 04:00:00,10510.0
2010-09-28 05:00:00,11631.0
2010-09-28 06:00:00,13741.0
2010-09-28 07:00:00,15131.0
2010-09-28 08:00:00,15864.0
2010-09-28 09:00:00,16443.0
2010-09-28 10:00:00,16952.0
2010-09-28 11:00:00,17209.0
2010-09-28 12:00:00,17268.0
2010-09-28 13:00:00,17313.0
2010-09-28 14:00:00,17248.0
2010-09-28 15:00:00,17154.0
2010-09-28 16:00:00,17306.0
2010-09-28 17:00:00,17535.0
2010-09-28 18:00:00,17834.0
2010-09-28 19:00:00,17978.0
2010-09-28 20:00:00,17291.0
2010-09-28 21:00:00,16101.0
2010-09-28 22:00:00,14515.0
2010-09-28 23:00:00,13059.0
2010-09-29 00:00:00,12084.0
2010-09-29 01:00:00,11488.0
2010-09-29 02:00:00,11143.0
2010-09-29 03:00:00,11009.0
2010-09-29 04:00:00,11190.0
2010-09-29 05:00:00,12234.0
2010-09-29 06:00:00,14254.0
2010-09-29 07:00:00,15452.0
2010-09-29 08:00:00,16148.0
2010-09-29 09:00:00,16746.0
2010-09-29 10:00:00,17270.0
2010-09-29 11:00:00,17632.0
2010-09-29 12:00:00,17806.0
2010-09-29 13:00:00,18019.0
2010-09-29 14:00:00,18014.0
2010-09-29 15:00:00,17920.0
2010-09-29 16:00:00,17776.0
2010-09-29 17:00:00,17542.0
2010-09-29 18:00:00,17764.0
2010-09-29 19:00:00,18121.0
2010-09-29 20:00:00,17397.0
2010-09-29 21:00:00,16092.0
2010-09-29 22:00:00,14434.0
2010-09-29 23:00:00,12898.0
2010-09-30 00:00:00,11872.0
2010-09-30 01:00:00,11269.0
2010-09-30 02:00:00,10961.0
2010-09-30 03:00:00,10861.0
2010-09-30 04:00:00,11126.0
2010-09-30 05:00:00,12203.0
2010-09-30 06:00:00,14299.0
2010-09-30 07:00:00,15692.0
2010-09-30 08:00:00,16411.0
2010-09-30 09:00:00,17090.0
2010-09-30 10:00:00,17665.0
2010-09-30 11:00:00,17991.0
2010-09-30 12:00:00,18112.0
2010-09-30 13:00:00,18192.0
2010-09-30 14:00:00,18189.0
2010-09-30 15:00:00,18119.0
2010-09-30 16:00:00,18215.0
2010-09-30 17:00:00,18299.0
2010-09-30 18:00:00,18709.0
2010-09-30 19:00:00,18927.0
2010-09-30 20:00:00,18341.0
2010-09-30 21:00:00,17201.0
2010-09-30 22:00:00,15605.0
2010-09-30 23:00:00,14118.0
2010-10-01 00:00:00,13111.0
2010-10-01 01:00:00,12495.0
2010-10-01 02:00:00,12167.0
2010-10-01 03:00:00,12046.0
2010-10-01 04:00:00,12286.0
2010-10-01 05:00:00,13362.0
2010-10-01 06:00:00,15454.0
2010-10-01 07:00:00,16725.0
2010-10-01 08:00:00,17252.0
2010-10-01 09:00:00,17717.0
2010-10-01 10:00:00,17946.0
2010-10-01 11:00:00,17957.0
2010-10-01 12:00:00,17726.0
2010-10-01 13:00:00,17433.0
2010-10-01 14:00:00,16973.0
2010-10-01 15:00:00,16627.0
2010-10-01 16:00:00,16397.0
2010-10-01 17:00:00,16288.0
2010-10-01 18:00:00,16315.0
2010-10-01 19:00:00,16104.0
2010-10-01 20:00:00,15395.0
2010-10-01 21:00:00,14413.0
2010-10-01 22:00:00,13171.0
2010-10-01 23:00:00,11887.0
2010-10-02 00:00:00,10895.0
2010-10-02 01:00:00,10307.0
2010-10-02 02:00:00,9952.0
2010-10-02 03:00:00,9739.0
2010-10-02 04:00:00,9741.0
2010-10-02 05:00:00,10037.0
2010-10-02 06:00:00,10649.0
2010-10-02 07:00:00,11446.0
2010-10-02 08:00:00,12540.0
2010-10-02 09:00:00,13239.0
2010-10-02 10:00:00,13495.0
2010-10-02 11:00:00,13557.0
2010-10-02 12:00:00,13447.0
2010-10-02 13:00:00,13282.0
2010-10-02 14:00:00,13136.0
2010-10-02 15:00:00,13079.0
2010-10-02 16:00:00,13174.0
2010-10-02 17:00:00,13379.0
2010-10-02 18:00:00,13847.0
2010-10-02 19:00:00,14213.0
2010-10-02 20:00:00,13760.0
2010-10-02 21:00:00,13024.0
2010-10-02 22:00:00,12047.0
2010-10-02 23:00:00,11009.0
2010-10-03 00:00:00,10179.0
2010-10-03 01:00:00,9646.0
2010-10-03 02:00:00,9332.0
2010-10-03 03:00:00,9173.0
2010-10-03 04:00:00,9186.0
2010-10-03 05:00:00,9399.0
2010-10-03 06:00:00,9829.0
2010-10-03 07:00:00,10469.0
2010-10-03 08:00:00,11504.0
2010-10-03 09:00:00,12292.0
2010-10-03 10:00:00,12694.0
2010-10-03 11:00:00,12917.0
2010-10-03 12:00:00,12982.0
2010-10-03 13:00:00,12887.0
2010-10-03 14:00:00,12767.0
2010-10-03 15:00:00,12767.0
2010-10-03 16:00:00,13011.0
2010-10-03 17:00:00,13496.0
2010-10-03 18:00:00,14407.0
2010-10-03 19:00:00,14792.0
2010-10-03 20:00:00,14229.0
2010-10-03 21:00:00,13162.0
2010-10-03 22:00:00,11930.0
2010-10-03 23:00:00,10804.0
2010-10-04 00:00:00,10025.0
2010-10-04 01:00:00,9616.0
2010-10-04 02:00:00,9416.0
2010-10-04 03:00:00,9409.0
2010-10-04 04:00:00,9739.0
2010-10-04 05:00:00,10761.0
2010-10-04 06:00:00,12822.0
2010-10-04 07:00:00,14112.0
2010-10-04 08:00:00,14560.0
2010-10-04 09:00:00,14878.0
2010-10-04 10:00:00,15158.0
2010-10-04 11:00:00,15194.0
2010-10-04 12:00:00,15147.0
2010-10-04 13:00:00,15125.0
2010-10-04 14:00:00,14971.0
2010-10-04 15:00:00,14882.0
2010-10-04 16:00:00,15049.0
2010-10-04 17:00:00,15507.0
2010-10-04 18:00:00,16162.0
2010-10-04 19:00:00,16230.0
2010-10-04 20:00:00,15516.0
2010-10-04 21:00:00,14322.0
2010-10-04 22:00:00,12847.0
2010-10-04 23:00:00,11504.0
2010-10-05 00:00:00,10561.0
2010-10-05 01:00:00,10056.0
2010-10-05 02:00:00,9804.0
2010-10-05 03:00:00,9749.0
2010-10-05 04:00:00,10014.0
2010-10-05 05:00:00,11023.0
2010-10-05 06:00:00,13089.0
2010-10-05 07:00:00,14362.0
2010-10-05 08:00:00,14792.0
2010-10-05 09:00:00,15085.0
2010-10-05 10:00:00,15315.0
2010-10-05 11:00:00,15402.0
2010-10-05 12:00:00,15364.0
2010-10-05 13:00:00,15344.0
2010-10-05 14:00:00,15197.0
2010-10-05 15:00:00,15135.0
2010-10-05 16:00:00,15297.0
2010-10-05 17:00:00,15703.0
2010-10-05 18:00:00,16245.0
2010-10-05 19:00:00,16297.0
2010-10-05 20:00:00,15590.0
2010-10-05 21:00:00,14436.0
2010-10-05 22:00:00,12893.0
2010-10-05 23:00:00,11533.0
2010-10-06 00:00:00,10646.0
2010-10-06 01:00:00,10145.0
2010-10-06 02:00:00,9899.0
2010-10-06 03:00:00,9853.0
2010-10-06 04:00:00,10102.0
2010-10-06 05:00:00,11095.0
2010-10-06 06:00:00,13167.0
2010-10-06 07:00:00,14543.0
2010-10-06 08:00:00,15029.0
2010-10-06 09:00:00,15372.0
2010-10-06 10:00:00,15618.0
2010-10-06 11:00:00,15718.0
2010-10-06 12:00:00,15652.0
2010-10-06 13:00:00,15616.0
2010-10-06 14:00:00,15464.0
2010-10-06 15:00:00,15360.0
2010-10-06 16:00:00,15458.0
2010-10-06 17:00:00,15812.0
2010-10-06 18:00:00,16253.0
2010-10-06 19:00:00,16234.0
2010-10-06 20:00:00,15524.0
2010-10-06 21:00:00,14371.0
2010-10-06 22:00:00,12865.0
2010-10-06 23:00:00,11507.0
2010-10-07 00:00:00,10608.0
2010-10-07 01:00:00,10078.0
2010-10-07 02:00:00,9818.0
2010-10-07 03:00:00,9793.0
2010-10-07 04:00:00,10050.0
2010-10-07 05:00:00,11045.0
2010-10-07 06:00:00,13052.0
2010-10-07 07:00:00,14216.0
2010-10-07 08:00:00,14642.0
2010-10-07 09:00:00,14947.0
2010-10-07 10:00:00,15225.0
2010-10-07 11:00:00,15330.0
2010-10-07 12:00:00,15283.0
2010-10-07 13:00:00,15264.0
2010-10-07 14:00:00,15122.0
2010-10-07 15:00:00,14964.0
2010-10-07 16:00:00,14951.0
2010-10-07 17:00:00,15078.0
2010-10-07 18:00:00,15727.0
2010-10-07 19:00:00,16045.0
2010-10-07 20:00:00,15439.0
2010-10-07 21:00:00,14337.0
2010-10-07 22:00:00,12859.0
2010-10-07 23:00:00,11508.0
2010-10-08 00:00:00,10555.0
2010-10-08 01:00:00,10047.0
2010-10-08 02:00:00,9780.0
2010-10-08 03:00:00,9714.0
2010-10-08 04:00:00,9958.0
2010-10-08 05:00:00,10923.0
2010-10-08 06:00:00,12814.0
2010-10-08 07:00:00,13955.0
2010-10-08 08:00:00,14440.0
2010-10-08 09:00:00,14777.0
2010-10-08 10:00:00,15025.0
2010-10-08 11:00:00,15106.0
2010-10-08 12:00:00,15076.0
2010-10-08 13:00:00,15080.0
2010-10-08 14:00:00,14933.0
2010-10-08 15:00:00,14798.0
2010-10-08 16:00:00,14731.0
2010-10-08 17:00:00,14717.0
2010-10-08 18:00:00,15163.0
2010-10-08 19:00:00,15314.0
2010-10-08 20:00:00,14711.0
2010-10-08 21:00:00,13843.0
2010-10-08 22:00:00,12650.0
2010-10-08 23:00:00,11428.0
2010-10-09 00:00:00,10478.0
2010-10-09 01:00:00,9934.0
2010-10-09 02:00:00,9617.0
2010-10-09 03:00:00,9480.0
2010-10-09 04:00:00,9507.0
2010-10-09 05:00:00,9852.0
2010-10-09 06:00:00,10539.0
2010-10-09 07:00:00,11322.0
2010-10-09 08:00:00,12386.0
2010-10-09 09:00:00,13084.0
2010-10-09 10:00:00,13360.0
2010-10-09 11:00:00,13363.0
2010-10-09 12:00:00,13216.0
2010-10-09 13:00:00,12984.0
2010-10-09 14:00:00,12744.0
2010-10-09 15:00:00,12651.0
2010-10-09 16:00:00,12767.0
2010-10-09 17:00:00,13112.0
2010-10-09 18:00:00,13836.0
2010-10-09 19:00:00,14059.0
2010-10-09 20:00:00,13579.0
2010-10-09 21:00:00,12909.0
2010-10-09 22:00:00,11956.0
2010-10-09 23:00:00,10965.0
2010-10-10 00:00:00,10153.0
2010-10-10 01:00:00,9668.0
2010-10-10 02:00:00,9390.0
2010-10-10 03:00:00,9273.0
2010-10-10 04:00:00,9309.0
2010-10-10 05:00:00,9551.0
2010-10-10 06:00:00,10053.0
2010-10-10 07:00:00,10697.0
2010-10-10 08:00:00,11713.0
2010-10-10 09:00:00,12398.0
2010-10-10 10:00:00,12675.0
2010-10-10 11:00:00,12781.0
2010-10-10 12:00:00,12753.0
2010-10-10 13:00:00,12585.0
2010-10-10 14:00:00,12455.0
2010-10-10 15:00:00,12433.0
2010-10-10 16:00:00,12699.0
2010-10-10 17:00:00,13139.0
2010-10-10 18:00:00,14009.0
2010-10-10 19:00:00,14237.0
2010-10-10 20:00:00,13709.0
2010-10-10 21:00:00,12856.0
2010-10-10 22:00:00,11824.0
2010-10-10 23:00:00,10817.0
2010-10-11 00:00:00,10055.0
2010-10-11 01:00:00,9595.0
2010-10-11 02:00:00,9376.0
2010-10-11 03:00:00,9344.0
2010-10-11 04:00:00,9566.0
2010-10-11 05:00:00,10286.0
2010-10-11 06:00:00,11477.0
2010-10-11 07:00:00,12472.0
2010-10-11 08:00:00,13450.0
2010-10-11 09:00:00,14153.0
2010-10-11 10:00:00,14569.0
2010-10-11 11:00:00,14718.0
2010-10-11 12:00:00,14628.0
2010-10-11 13:00:00,14564.0
2010-10-11 14:00:00,14412.0
2010-10-11 15:00:00,14343.0
2010-10-11 16:00:00,14487.0
2010-10-11 17:00:00,14871.0
2010-10-11 18:00:00,15710.0
2010-10-11 19:00:00,15799.0
2010-10-11 20:00:00,15065.0
2010-10-11 21:00:00,13903.0
2010-10-11 22:00:00,12468.0
2010-10-11 23:00:00,11179.0
2010-10-12 00:00:00,10329.0
2010-10-12 01:00:00,9846.0
2010-10-12 02:00:00,9599.0
2010-10-12 03:00:00,9564.0
2010-10-12 04:00:00,9822.0
2010-10-12 05:00:00,10841.0
2010-10-12 06:00:00,12892.0
2010-10-12 07:00:00,14148.0
2010-10-12 08:00:00,14541.0
2010-10-12 09:00:00,14771.0
2010-10-12 10:00:00,14970.0
2010-10-12 11:00:00,15094.0
2010-10-12 12:00:00,15098.0
2010-10-12 13:00:00,15103.0
2010-10-12 14:00:00,14946.0
2010-10-12 15:00:00,14797.0
2010-10-12 16:00:00,14835.0
2010-10-12 17:00:00,15191.0
2010-10-12 18:00:00,15994.0
2010-10-12 19:00:00,16050.0
2010-10-12 20:00:00,15332.0
2010-10-12 21:00:00,14177.0
2010-10-12 22:00:00,12640.0
2010-10-12 23:00:00,11299.0
2010-10-13 00:00:00,10405.0
2010-10-13 01:00:00,9922.0
2010-10-13 02:00:00,9702.0
2010-10-13 03:00:00,9679.0
2010-10-13 04:00:00,9964.0
2010-10-13 05:00:00,11038.0
2010-10-13 06:00:00,13112.0
2010-10-13 07:00:00,14269.0
2010-10-13 08:00:00,14567.0
2010-10-13 09:00:00,14741.0
2010-10-13 10:00:00,14865.0
2010-10-13 11:00:00,14912.0
2010-10-13 12:00:00,14866.0
2010-10-13 13:00:00,14876.0
2010-10-13 14:00:00,14750.0
2010-10-13 15:00:00,14649.0
2010-10-13 16:00:00,14730.0
2010-10-13 17:00:00,14995.0
2010-10-13 18:00:00,15821.0
2010-10-13 19:00:00,15987.0
2010-10-13 20:00:00,15301.0
2010-10-13 21:00:00,14209.0
2010-10-13 22:00:00,12708.0
2010-10-13 23:00:00,11353.0
2010-10-14 00:00:00,10463.0
2010-10-14 01:00:00,9978.0
2010-10-14 02:00:00,9774.0
2010-10-14 03:00:00,9765.0
2010-10-14 04:00:00,10062.0
2010-10-14 05:00:00,11144.0
2010-10-14 06:00:00,13215.0
2010-10-14 07:00:00,14340.0
2010-10-14 08:00:00,14612.0
2010-10-14 09:00:00,14779.0
2010-10-14 10:00:00,14959.0
2010-10-14 11:00:00,14990.0
2010-10-14 12:00:00,14921.0
2010-10-14 13:00:00,14915.0
2010-10-14 14:00:00,14768.0
2010-10-14 15:00:00,14671.0
2010-10-14 16:00:00,14802.0
2010-10-14 17:00:00,15277.0
2010-10-14 18:00:00,16133.0
2010-10-14 19:00:00,16071.0
2010-10-14 20:00:00,15422.0
2010-10-14 21:00:00,14304.0
2010-10-14 22:00:00,12794.0
2010-10-14 23:00:00,11489.0
2010-10-15 00:00:00,10586.0
2010-10-15 01:00:00,10091.0
2010-10-15 02:00:00,9839.0
2010-10-15 03:00:00,9804.0
2010-10-15 04:00:00,10049.0
2010-10-15 05:00:00,11036.0
2010-10-15 06:00:00,13038.0
2010-10-15 07:00:00,14364.0
2010-10-15 08:00:00,14790.0
2010-10-15 09:00:00,15055.0
2010-10-15 10:00:00,15246.0
2010-10-15 11:00:00,15261.0
2010-10-15 12:00:00,15128.0
2010-10-15 13:00:00,15048.0
2010-10-15 14:00:00,14865.0
2010-10-15 15:00:00,14729.0
2010-10-15 16:00:00,14830.0
2010-10-15 17:00:00,15184.0
2010-10-15 18:00:00,15760.0
2010-10-15 19:00:00,15513.0
2010-10-15 20:00:00,14908.0
2010-10-15 21:00:00,14035.0
2010-10-15 22:00:00,12843.0
2010-10-15 23:00:00,11650.0
2010-10-16 00:00:00,10711.0
2010-10-16 01:00:00,10167.0
2010-10-16 02:00:00,9860.0
2010-10-16 03:00:00,9741.0
2010-10-16 04:00:00,9801.0
2010-10-16 05:00:00,10182.0
2010-10-16 06:00:00,10995.0
2010-10-16 07:00:00,11838.0
2010-10-16 08:00:00,12852.0
2010-10-16 09:00:00,13508.0
2010-10-16 10:00:00,13768.0
2010-10-16 11:00:00,13756.0
2010-10-16 12:00:00,13619.0
2010-10-16 13:00:00,13367.0
2010-10-16 14:00:00,13147.0
2010-10-16 15:00:00,13045.0
2010-10-16 16:00:00,13190.0
2010-10-16 17:00:00,13620.0
2010-10-16 18:00:00,14481.0
2010-10-16 19:00:00,14457.0
2010-10-16 20:00:00,14008.0
2010-10-16 21:00:00,13300.0
2010-10-16 22:00:00,12338.0
2010-10-16 23:00:00,11323.0
2010-10-17 00:00:00,10485.0
2010-10-17 01:00:00,9945.0
2010-10-17 02:00:00,9667.0
2010-10-17 03:00:00,9558.0
2010-10-17 04:00:00,9585.0
2010-10-17 05:00:00,9854.0
2010-10-17 06:00:00,10387.0
2010-10-17 07:00:00,11032.0
2010-10-17 08:00:00,12007.0
2010-10-17 09:00:00,12705.0
2010-10-17 10:00:00,12982.0
2010-10-17 11:00:00,13109.0
2010-10-17 12:00:00,13144.0
2010-10-17 13:00:00,13043.0
2010-10-17 14:00:00,12898.0
2010-10-17 15:00:00,12921.0
2010-10-17 16:00:00,13142.0
2010-10-17 17:00:00,13777.0
2010-10-17 18:00:00,14829.0
2010-10-17 19:00:00,14873.0
2010-10-17 20:00:00,14249.0
2010-10-17 21:00:00,13214.0
2010-10-17 22:00:00,11969.0
2010-10-17 23:00:00,10863.0
2010-10-18 00:00:00,10078.0
2010-10-18 01:00:00,9667.0
2010-10-18 02:00:00,9497.0
2010-10-18 03:00:00,9465.0
2010-10-18 04:00:00,9819.0
2010-10-18 05:00:00,10945.0
2010-10-18 06:00:00,13107.0
2010-10-18 07:00:00,14278.0
2010-10-18 08:00:00,14619.0
2010-10-18 09:00:00,14835.0
2010-10-18 10:00:00,15020.0
2010-10-18 11:00:00,15055.0
2010-10-18 12:00:00,14968.0
2010-10-18 13:00:00,14929.0
2010-10-18 14:00:00,14739.0
2010-10-18 15:00:00,14562.0
2010-10-18 16:00:00,14678.0
2010-10-18 17:00:00,15221.0
2010-10-18 18:00:00,16260.0
2010-10-18 19:00:00,16171.0
2010-10-18 20:00:00,15442.0
2010-10-18 21:00:00,14265.0
2010-10-18 22:00:00,12787.0
2010-10-18 23:00:00,11445.0
2010-10-19 00:00:00,10569.0
2010-10-19 01:00:00,10105.0
2010-10-19 02:00:00,9897.0
2010-10-19 03:00:00,9887.0
2010-10-19 04:00:00,10208.0
2010-10-19 05:00:00,11338.0
2010-10-19 06:00:00,13524.0
2010-10-19 07:00:00,14798.0
2010-10-19 08:00:00,15032.0
2010-10-19 09:00:00,15070.0
2010-10-19 10:00:00,15067.0
2010-10-19 11:00:00,15035.0
2010-10-19 12:00:00,14925.0
2010-10-19 13:00:00,14885.0
2010-10-19 14:00:00,14720.0
2010-10-19 15:00:00,14607.0
2010-10-19 16:00:00,14708.0
2010-10-19 17:00:00,15143.0
2010-10-19 18:00:00,16208.0
2010-10-19 19:00:00,16181.0
2010-10-19 20:00:00,15518.0
2010-10-19 21:00:00,14420.0
2010-10-19 22:00:00,12921.0
2010-10-19 23:00:00,11571.0
2010-10-20 00:00:00,10707.0
2010-10-20 01:00:00,10238.0
2010-10-20 02:00:00,10004.0
2010-10-20 03:00:00,9978.0
2010-10-20 04:00:00,10284.0
2010-10-20 05:00:00,11372.0
2010-10-20 06:00:00,13543.0
2010-10-20 07:00:00,14733.0
2010-10-20 08:00:00,14970.0
2010-10-20 09:00:00,15061.0
2010-10-20 10:00:00,15132.0
2010-10-20 11:00:00,15130.0
2010-10-20 12:00:00,15040.0
2010-10-20 13:00:00,14999.0
2010-10-20 14:00:00,14797.0
2010-10-20 15:00:00,14661.0
2010-10-20 16:00:00,14762.0
2010-10-20 17:00:00,15265.0
2010-10-20 18:00:00,16193.0
2010-10-20 19:00:00,16101.0
2010-10-20 20:00:00,15429.0
2010-10-20 21:00:00,14310.0
2010-10-20 22:00:00,12826.0
2010-10-20 23:00:00,11481.0
2010-10-21 00:00:00,10611.0
2010-10-21 01:00:00,10140.0
2010-10-21 02:00:00,9934.0
2010-10-21 03:00:00,9905.0
2010-10-21 04:00:00,10217.0
2010-10-21 05:00:00,11295.0
2010-10-21 06:00:00,13440.0
2010-10-21 07:00:00,14580.0
2010-10-21 08:00:00,14897.0
2010-10-21 09:00:00,15154.0
2010-10-21 10:00:00,15354.0
2010-10-21 11:00:00,15433.0
2010-10-21 12:00:00,15378.0
2010-10-21 13:00:00,15307.0
2010-10-21 14:00:00,15085.0
2010-10-21 15:00:00,14959.0
2010-10-21 16:00:00,15011.0
2010-10-21 17:00:00,15369.0
2010-10-21 18:00:00,16288.0
2010-10-21 19:00:00,16235.0
2010-10-21 20:00:00,15628.0
2010-10-21 21:00:00,14541.0
2010-10-21 22:00:00,13069.0
2010-10-21 23:00:00,11749.0
2010-10-22 00:00:00,10849.0
2010-10-22 01:00:00,10378.0
2010-10-22 02:00:00,10170.0
2010-10-22 03:00:00,10129.0
2010-10-22 04:00:00,10421.0
2010-10-22 05:00:00,11489.0
2010-10-22 06:00:00,13599.0
2010-10-22 07:00:00,14803.0
2010-10-22 08:00:00,15084.0
2010-10-22 09:00:00,15208.0
2010-10-22 10:00:00,15283.0
2010-10-22 11:00:00,15253.0
2010-10-22 12:00:00,15106.0
2010-10-22 13:00:00,15023.0
2010-10-22 14:00:00,14836.0
2010-10-22 15:00:00,14718.0
2010-10-22 16:00:00,14795.0
2010-10-22 17:00:00,15181.0
2010-10-22 18:00:00,16000.0
2010-10-22 19:00:00,15806.0
2010-10-22 20:00:00,15241.0
2010-10-22 21:00:00,14473.0
2010-10-22 22:00:00,13348.0
2010-10-22 23:00:00,12104.0
2010-10-23 00:00:00,11178.0
2010-10-23 01:00:00,10631.0
2010-10-23 02:00:00,10332.0
2010-10-23 03:00:00,10203.0
2010-10-23 04:00:00,10251.0
2010-10-23 05:00:00,10650.0
2010-10-23 06:00:00,11487.0
2010-10-23 07:00:00,12338.0
2010-10-23 08:00:00,13314.0
2010-10-23 09:00:00,13868.0
2010-10-23 10:00:00,14004.0
2010-10-23 11:00:00,13843.0
2010-10-23 12:00:00,13561.0
2010-10-23 13:00:00,13285.0
2010-10-23 14:00:00,13001.0
2010-10-23 15:00:00,12892.0
2010-10-23 16:00:00,13039.0
2010-10-23 17:00:00,13595.0
2010-10-23 18:00:00,14604.0
2010-10-23 19:00:00,14412.0
2010-10-23 20:00:00,13938.0
2010-10-23 21:00:00,13271.0
2010-10-23 22:00:00,12360.0
2010-10-23 23:00:00,11357.0
2010-10-24 00:00:00,10528.0
2010-10-24 01:00:00,10017.0
2010-10-24 02:00:00,9728.0
2010-10-24 03:00:00,9592.0
2010-10-24 04:00:00,9608.0
2010-10-24 05:00:00,9858.0
2010-10-24 06:00:00,10398.0
2010-10-24 07:00:00,11066.0
2010-10-24 08:00:00,12076.0
2010-10-24 09:00:00,12916.0
2010-10-24 10:00:00,13315.0
2010-10-24 11:00:00,13532.0
2010-10-24 12:00:00,13636.0
2010-10-24 13:00:00,13587.0
2010-10-24 14:00:00,13446.0
2010-10-24 15:00:00,13428.0
2010-10-24 16:00:00,13795.0
2010-10-24 17:00:00,14587.0
2010-10-24 18:00:00,15313.0
2010-10-24 19:00:00,15051.0
2010-10-24 20:00:00,14436.0
2010-10-24 21:00:00,13365.0
2010-10-24 22:00:00,12138.0
2010-10-24 23:00:00,10991.0
2010-10-25 00:00:00,10194.0
2010-10-25 01:00:00,9778.0
2010-10-25 02:00:00,9570.0
2010-10-25 03:00:00,9562.0
2010-10-25 04:00:00,9855.0
2010-10-25 05:00:00,10939.0
2010-10-25 06:00:00,13096.0
2010-10-25 07:00:00,14463.0
2010-10-25 08:00:00,14818.0
2010-10-25 09:00:00,15069.0
2010-10-25 10:00:00,15276.0
2010-10-25 11:00:00,15328.0
2010-10-25 12:00:00,15275.0
2010-10-25 13:00:00,15238.0
2010-10-25 14:00:00,15072.0
2010-10-25 15:00:00,14979.0
2010-10-25 16:00:00,15122.0
2010-10-25 17:00:00,15800.0
2010-10-25 18:00:00,16612.0
2010-10-25 19:00:00,16282.0
2010-10-25 20:00:00,15535.0
2010-10-25 21:00:00,14359.0
2010-10-25 22:00:00,12887.0
2010-10-25 23:00:00,11550.0
2010-10-26 00:00:00,10646.0
2010-10-26 01:00:00,10151.0
2010-10-26 02:00:00,9916.0
2010-10-26 03:00:00,9847.0
2010-10-26 04:00:00,10096.0
2010-10-26 05:00:00,11135.0
2010-10-26 06:00:00,13250.0
2010-10-26 07:00:00,14554.0
2010-10-26 08:00:00,14818.0
2010-10-26 09:00:00,15128.0
2010-10-26 10:00:00,15432.0
2010-10-26 11:00:00,15633.0
2010-10-26 12:00:00,15637.0
2010-10-26 13:00:00,15683.0
2010-10-26 14:00:00,15523.0
2010-10-26 15:00:00,15319.0
2010-10-26 16:00:00,15341.0
2010-10-26 17:00:00,15878.0
2010-10-26 18:00:00,16690.0
2010-10-26 19:00:00,16386.0
2010-10-26 20:00:00,15642.0
2010-10-26 21:00:00,14501.0
2010-10-26 22:00:00,12998.0
2010-10-26 23:00:00,11647.0
2010-10-27 00:00:00,10764.0
2010-10-27 01:00:00,10277.0
2010-10-27 02:00:00,10034.0
2010-10-27 03:00:00,9984.0
2010-10-27 04:00:00,10271.0
2010-10-27 05:00:00,11328.0
2010-10-27 06:00:00,13529.0
2010-10-27 07:00:00,15023.0
2010-10-27 08:00:00,15480.0
2010-10-27 09:00:00,15832.0
2010-10-27 10:00:00,16153.0
2010-10-27 11:00:00,16312.0
2010-10-27 12:00:00,16277.0
2010-10-27 13:00:00,16259.0
2010-10-27 14:00:00,16123.0
2010-10-27 15:00:00,16039.0
2010-10-27 16:00:00,16185.0
2010-10-27 17:00:00,16719.0
2010-10-27 18:00:00,17142.0
2010-10-27 19:00:00,16774.0
2010-10-27 20:00:00,16056.0
2010-10-27 21:00:00,14882.0
2010-10-27 22:00:00,13326.0
2010-10-27 23:00:00,11908.0
2010-10-28 00:00:00,10923.0
2010-10-28 01:00:00,10370.0
2010-10-28 02:00:00,10064.0
2010-10-28 03:00:00,9950.0
2010-10-28 04:00:00,10182.0
2010-10-28 05:00:00,11197.0
2010-10-28 06:00:00,13319.0
2010-10-28 07:00:00,14564.0
2010-10-28 08:00:00,14908.0
2010-10-28 09:00:00,15289.0
2010-10-28 10:00:00,15612.0
2010-10-28 11:00:00,15659.0
2010-10-28 12:00:00,15584.0
2010-10-28 13:00:00,15582.0
2010-10-28 14:00:00,15418.0
2010-10-28 15:00:00,15269.0
2010-10-28 16:00:00,15199.0
2010-10-28 17:00:00,15465.0
2010-10-28 18:00:00,16298.0
2010-10-28 19:00:00,16095.0
2010-10-28 20:00:00,15393.0
2010-10-28 21:00:00,14262.0
2010-10-28 22:00:00,12755.0
2010-10-28 23:00:00,11381.0
2010-10-29 00:00:00,10431.0
2010-10-29 01:00:00,9901.0
2010-10-29 02:00:00,9644.0
2010-10-29 03:00:00,9574.0
2010-10-29 04:00:00,9806.0
2010-10-29 05:00:00,10781.0
2010-10-29 06:00:00,12838.0
2010-10-29 07:00:00,14097.0
2010-10-29 08:00:00,14379.0
2010-10-29 09:00:00,14631.0
2010-10-29 10:00:00,14831.0
2010-10-29 11:00:00,14851.0
2010-10-29 12:00:00,14759.0
2010-10-29 13:00:00,14672.0
2010-10-29 14:00:00,14457.0
2010-10-29 15:00:00,14318.0
2010-10-29 16:00:00,14417.0
2010-10-29 17:00:00,14882.0
2010-10-29 18:00:00,15588.0
2010-10-29 19:00:00,15240.0
2010-10-29 20:00:00,14675.0
2010-10-29 21:00:00,13883.0
2010-10-29 22:00:00,12753.0
2010-10-29 23:00:00,11591.0
2010-10-30 00:00:00,10694.0
2010-10-30 01:00:00,10182.0
2010-10-30 02:00:00,9896.0
2010-10-30 03:00:00,9786.0
2010-10-30 04:00:00,9863.0
2010-10-30 05:00:00,10276.0
2010-10-30 06:00:00,11091.0
2010-10-30 07:00:00,11991.0
2010-10-30 08:00:00,12965.0
2010-10-30 09:00:00,13564.0
2010-10-30 10:00:00,13754.0
2010-10-30 11:00:00,13709.0
2010-10-30 12:00:00,13535.0
2010-10-30 13:00:00,13294.0
2010-10-30 14:00:00,13077.0
2010-10-30 15:00:00,13012.0
2010-10-30 16:00:00,13285.0
2010-10-30 17:00:00,14059.0
2010-10-30 18:00:00,14789.0
2010-10-30 19:00:00,14438.0
2010-10-30 20:00:00,13924.0
2010-10-30 21:00:00,13205.0
2010-10-30 22:00:00,12233.0
2010-10-30 23:00:00,11223.0
2010-10-31 00:00:00,10407.0
2010-10-31 01:00:00,9899.0
2010-10-31 02:00:00,9600.0
2010-10-31 03:00:00,9442.0
2010-10-31 04:00:00,9454.0
2010-10-31 05:00:00,9666.0
2010-10-31 06:00:00,10182.0
2010-10-31 07:00:00,10846.0
2010-10-31 08:00:00,11765.0
2010-10-31 09:00:00,12540.0
2010-10-31 10:00:00,12938.0
2010-10-31 11:00:00,13180.0
2010-10-31 12:00:00,13250.0
2010-10-31 13:00:00,13194.0
2010-10-31 14:00:00,13127.0
2010-10-31 15:00:00,13203.0
2010-10-31 16:00:00,13452.0
2010-10-31 17:00:00,13989.0
2010-10-31 18:00:00,14446.0
2010-10-31 19:00:00,14258.0
2010-10-31 20:00:00,14075.0
2010-10-31 21:00:00,13418.0
2010-10-31 22:00:00,12293.0
2010-10-31 23:00:00,11221.0
2010-11-01 00:00:00,10507.0
2010-11-01 01:00:00,10135.0
2010-11-01 02:00:00,10009.0
2010-11-01 03:00:00,10026.0
2010-11-01 04:00:00,10413.0
2010-11-01 05:00:00,11550.0
2010-11-01 06:00:00,13770.0
2010-11-01 07:00:00,15098.0
2010-11-01 08:00:00,15353.0
2010-11-01 09:00:00,15444.0
2010-11-01 10:00:00,15528.0
2010-11-01 11:00:00,15465.0
2010-11-01 12:00:00,15282.0
2010-11-01 13:00:00,15156.0
2010-11-01 14:00:00,14956.0
2010-11-01 15:00:00,14841.0
2010-11-01 16:00:00,15118.0
2010-11-01 17:00:00,16044.0
2010-11-01 18:00:00,16996.0
2010-11-01 19:00:00,16664.0
2010-11-01 20:00:00,15958.0
2010-11-01 21:00:00,14819.0
2010-11-01 22:00:00,13369.0
2010-11-01 23:00:00,12013.0
2010-11-02 00:00:00,11099.0
2010-11-02 01:00:00,10632.0
2010-11-02 02:00:00,10421.0
2010-11-02 03:00:00,10396.0
2010-11-02 04:00:00,10703.0
2010-11-02 05:00:00,11792.0
2010-11-02 06:00:00,13813.0
2010-11-02 07:00:00,15091.0
2010-11-02 08:00:00,15354.0
2010-11-02 09:00:00,15495.0
2010-11-02 10:00:00,15583.0
2010-11-02 11:00:00,15547.0
2010-11-02 12:00:00,15362.0
2010-11-02 13:00:00,15171.0
2010-11-02 14:00:00,14893.0
2010-11-02 15:00:00,14730.0
2010-11-02 16:00:00,14873.0
2010-11-02 17:00:00,15700.0
2010-11-02 18:00:00,16847.0
2010-11-02 19:00:00,16685.0
2010-11-02 20:00:00,16075.0
2010-11-02 21:00:00,15037.0
2010-11-02 22:00:00,13560.0
2010-11-02 23:00:00,12237.0
2010-11-03 00:00:00,11413.0
2010-11-03 01:00:00,10970.0
2010-11-03 02:00:00,10791.0
2010-11-03 03:00:00,10795.0
2010-11-03 04:00:00,11128.0
2010-11-03 05:00:00,12261.0
2010-11-03 06:00:00,14489.0
2010-11-03 07:00:00,15767.0
2010-11-03 08:00:00,15896.0
2010-11-03 09:00:00,15894.0
2010-11-03 10:00:00,15785.0
2010-11-03 11:00:00,15566.0
2010-11-03 12:00:00,15278.0
2010-11-03 13:00:00,15101.0
2010-11-03 14:00:00,14901.0
2010-11-03 15:00:00,14757.0
2010-11-03 16:00:00,14935.0
2010-11-03 17:00:00,15803.0
2010-11-03 18:00:00,16876.0
2010-11-03 19:00:00,16655.0
2010-11-03 20:00:00,16014.0
2010-11-03 21:00:00,14915.0
2010-11-03 22:00:00,13433.0
2010-11-03 23:00:00,12128.0
2010-11-04 00:00:00,11269.0
2010-11-04 01:00:00,10804.0
2010-11-04 02:00:00,10578.0
2010-11-04 03:00:00,10522.0
2010-11-04 04:00:00,10803.0
2010-11-04 05:00:00,11865.0
2010-11-04 06:00:00,14005.0
2010-11-04 07:00:00,15428.0
2010-11-04 08:00:00,15666.0
2010-11-04 09:00:00,15869.0
2010-11-04 10:00:00,16045.0
2010-11-04 11:00:00,16091.0
2010-11-04 12:00:00,16014.0
2010-11-04 13:00:00,15995.0
2010-11-04 14:00:00,15857.0
2010-11-04 15:00:00,15832.0
2010-11-04 16:00:00,16090.0
2010-11-04 17:00:00,16794.0
2010-11-04 18:00:00,17054.0
2010-11-04 19:00:00,16593.0
2010-11-04 20:00:00,15853.0
2010-11-04 21:00:00,14697.0
2010-11-04 22:00:00,13212.0
2010-11-04 23:00:00,11878.0
2010-11-05 00:00:00,10954.0
2010-11-05 01:00:00,10457.0
2010-11-05 02:00:00,10205.0
2010-11-05 03:00:00,10131.0
2010-11-05 04:00:00,10362.0
2010-11-05 05:00:00,11346.0
2010-11-05 06:00:00,13402.0
2010-11-05 07:00:00,14889.0
2010-11-05 08:00:00,15177.0
2010-11-05 09:00:00,15396.0
2010-11-05 10:00:00,15540.0
2010-11-05 11:00:00,15498.0
2010-11-05 12:00:00,15340.0
2010-11-05 13:00:00,15224.0
2010-11-05 14:00:00,15006.0
2010-11-05 15:00:00,14782.0
2010-11-05 16:00:00,14857.0
2010-11-05 17:00:00,15419.0
2010-11-05 18:00:00,15979.0
2010-11-05 19:00:00,15551.0
2010-11-05 20:00:00,14932.0
2010-11-05 21:00:00,14115.0
2010-11-05 22:00:00,12987.0
2010-11-05 23:00:00,11851.0
2010-11-06 00:00:00,10953.0
2010-11-06 01:00:00,10447.0
2010-11-06 02:00:00,10150.0
2010-11-06 03:00:00,10014.0
2010-11-06 04:00:00,10102.0
2010-11-06 05:00:00,10505.0
2010-11-06 06:00:00,11296.0
2010-11-06 07:00:00,12323.0
2010-11-06 08:00:00,13278.0
2010-11-06 09:00:00,14066.0
2010-11-06 10:00:00,14398.0
2010-11-06 11:00:00,14378.0
2010-11-06 12:00:00,14064.0
2010-11-06 13:00:00,13791.0
2010-11-06 14:00:00,13530.0
2010-11-06 15:00:00,13417.0
2010-11-06 16:00:00,13746.0
2010-11-06 17:00:00,14611.0
2010-11-06 18:00:00,15201.0
2010-11-06 19:00:00,14880.0
2010-11-06 20:00:00,14372.0
2010-11-06 21:00:00,13721.0
2010-11-06 22:00:00,12804.0
2010-11-06 23:00:00,11870.0
2010-11-07 00:00:00,11006.0
2010-11-07 01:00:00,20621.0
2010-11-07 02:00:00,10005.0
2010-11-07 03:00:00,9981.0
2010-11-07 04:00:00,10121.0
2010-11-07 05:00:00,10527.0
2010-11-07 06:00:00,11097.0
2010-11-07 07:00:00,12028.0
2010-11-07 08:00:00,13101.0
2010-11-07 09:00:00,13681.0
2010-11-07 10:00:00,13860.0
2010-11-07 11:00:00,13969.0
2010-11-07 12:00:00,13959.0
2010-11-07 13:00:00,13862.0
2010-11-07 14:00:00,13835.0
2010-11-07 15:00:00,14082.0
2010-11-07 16:00:00,15154.0
2010-11-07 17:00:00,16229.0
2010-11-07 18:00:00,16053.0
2010-11-07 19:00:00,15565.0
2010-11-07 20:00:00,14837.0
2010-11-07 21:00:00,13726.0
2010-11-07 22:00:00,12512.0
2010-11-07 23:00:00,11491.0
2010-11-08 00:00:00,10849.0
2010-11-08 01:00:00,10544.0
2010-11-08 02:00:00,10412.0
2010-11-08 03:00:00,10468.0
2010-11-08 04:00:00,10901.0
2010-11-08 05:00:00,12153.0
2010-11-08 06:00:00,14265.0
2010-11-08 07:00:00,15496.0
2010-11-08 08:00:00,15901.0
2010-11-08 09:00:00,16105.0
2010-11-08 10:00:00,16288.0
2010-11-08 11:00:00,16272.0
2010-11-08 12:00:00,16075.0
2010-11-08 13:00:00,15960.0
2010-11-08 14:00:00,15845.0
2010-11-08 15:00:00,15971.0
2010-11-08 16:00:00,16803.0
2010-11-08 17:00:00,17747.0
2010-11-08 18:00:00,17480.0
2010-11-08 19:00:00,16901.0
2010-11-08 20:00:00,16090.0
2010-11-08 21:00:00,14820.0
2010-11-08 22:00:00,13310.0
2010-11-08 23:00:00,12005.0
2010-11-09 00:00:00,11195.0
2010-11-09 01:00:00,10784.0
2010-11-09 02:00:00,10588.0
2010-11-09 03:00:00,10569.0
2010-11-09 04:00:00,10902.0
2010-11-09 05:00:00,12107.0
2010-11-09 06:00:00,14119.0
2010-11-09 07:00:00,15135.0
2010-11-09 08:00:00,15372.0
2010-11-09 09:00:00,15483.0
2010-11-09 10:00:00,15565.0
2010-11-09 11:00:00,15532.0
2010-11-09 12:00:00,15410.0
2010-11-09 13:00:00,15359.0
2010-11-09 14:00:00,15253.0
2010-11-09 15:00:00,15354.0
2010-11-09 16:00:00,16247.0
2010-11-09 17:00:00,17281.0
2010-11-09 18:00:00,17061.0
2010-11-09 19:00:00,16526.0
2010-11-09 20:00:00,15726.0
2010-11-09 21:00:00,14559.0
2010-11-09 22:00:00,13079.0
2010-11-09 23:00:00,11769.0
2010-11-10 00:00:00,10956.0
2010-11-10 01:00:00,10511.0
2010-11-10 02:00:00,10301.0
2010-11-10 03:00:00,10270.0
2010-11-10 04:00:00,10604.0
2010-11-10 05:00:00,11776.0
2010-11-10 06:00:00,13855.0
2010-11-10 07:00:00,14951.0
2010-11-10 08:00:00,15279.0
2010-11-10 09:00:00,15380.0
2010-11-10 10:00:00,15461.0
2010-11-10 11:00:00,15392.0
2010-11-10 12:00:00,15230.0
2010-11-10 13:00:00,15202.0
2010-11-10 14:00:00,15080.0
2010-11-10 15:00:00,15101.0
2010-11-10 16:00:00,15956.0
2010-11-10 17:00:00,17098.0
2010-11-10 18:00:00,16918.0
2010-11-10 19:00:00,16390.0
2010-11-10 20:00:00,15712.0
2010-11-10 21:00:00,14687.0
2010-11-10 22:00:00,13335.0
2010-11-10 23:00:00,12096.0
2010-11-11 00:00:00,11258.0
2010-11-11 01:00:00,10820.0
2010-11-11 02:00:00,10614.0
2010-11-11 03:00:00,10613.0
2010-11-11 04:00:00,10925.0
2010-11-11 05:00:00,11856.0
2010-11-11 06:00:00,13315.0
2010-11-11 07:00:00,14375.0
2010-11-11 08:00:00,14987.0
2010-11-11 09:00:00,15246.0
2010-11-11 10:00:00,15314.0
2010-11-11 11:00:00,15217.0
2010-11-11 12:00:00,15017.0
2010-11-11 13:00:00,14908.0
2010-11-11 14:00:00,14759.0
2010-11-11 15:00:00,14763.0
2010-11-11 16:00:00,15653.0
2010-11-11 17:00:00,16962.0
2010-11-11 18:00:00,16799.0
2010-11-11 19:00:00,16340.0
2010-11-11 20:00:00,15674.0
2010-11-11 21:00:00,14645.0
2010-11-11 22:00:00,13267.0
2010-11-11 23:00:00,12046.0
2010-11-12 00:00:00,11234.0
2010-11-12 01:00:00,10822.0
2010-11-12 02:00:00,10635.0
2010-11-12 03:00:00,10622.0
2010-11-12 04:00:00,10951.0
2010-11-12 05:00:00,12046.0
2010-11-12 06:00:00,13906.0
2010-11-12 07:00:00,14942.0
2010-11-12 08:00:00,15191.0
2010-11-12 09:00:00,15227.0
2010-11-12 10:00:00,15219.0
2010-11-12 11:00:00,15099.0
2010-11-12 12:00:00,14900.0
2010-11-12 13:00:00,14777.0
2010-11-12 14:00:00,14596.0
2010-11-12 15:00:00,14541.0
2010-11-12 16:00:00,15311.0
2010-11-12 17:00:00,16359.0
2010-11-12 18:00:00,16078.0
2010-11-12 19:00:00,15496.0
2010-11-12 20:00:00,14887.0
2010-11-12 21:00:00,14054.0
2010-11-12 22:00:00,12953.0
2010-11-12 23:00:00,11810.0
2010-11-13 00:00:00,10996.0
2010-11-13 01:00:00,10519.0
2010-11-13 02:00:00,10293.0
2010-11-13 03:00:00,10219.0
2010-11-13 04:00:00,10379.0
2010-11-13 05:00:00,10861.0
2010-11-13 06:00:00,11609.0
2010-11-13 07:00:00,12454.0
2010-11-13 08:00:00,13283.0
2010-11-13 09:00:00,13697.0
2010-11-13 10:00:00,13727.0
2010-11-13 11:00:00,13572.0
2010-11-13 12:00:00,13320.0
2010-11-13 13:00:00,13037.0
2010-11-13 14:00:00,12838.0
2010-11-13 15:00:00,12908.0
2010-11-13 16:00:00,13945.0
2010-11-13 17:00:00,15132.0
2010-11-13 18:00:00,14864.0
2010-11-13 19:00:00,14388.0
2010-11-13 20:00:00,13896.0
2010-11-13 21:00:00,13203.0
2010-11-13 22:00:00,12305.0
2010-11-13 23:00:00,11365.0
2010-11-14 00:00:00,10628.0
2010-11-14 01:00:00,10203.0
2010-11-14 02:00:00,9964.0
2010-11-14 03:00:00,9888.0
2010-11-14 04:00:00,9975.0
2010-11-14 05:00:00,10302.0
2010-11-14 06:00:00,10793.0
2010-11-14 07:00:00,11494.0
2010-11-14 08:00:00,12376.0
2010-11-14 09:00:00,12930.0
2010-11-14 10:00:00,13169.0
2010-11-14 11:00:00,13236.0
2010-11-14 12:00:00,13233.0
2010-11-14 13:00:00,13116.0
2010-11-14 14:00:00,13055.0
2010-11-14 15:00:00,13288.0
2010-11-14 16:00:00,14576.0
2010-11-14 17:00:00,15788.0
2010-11-14 18:00:00,15589.0
2010-11-14 19:00:00,15088.0
2010-11-14 20:00:00,14445.0
2010-11-14 21:00:00,13404.0
2010-11-14 22:00:00,12250.0
2010-11-14 23:00:00,11184.0
2010-11-15 00:00:00,10418.0
2010-11-15 01:00:00,9989.0
2010-11-15 02:00:00,9783.0
2010-11-15 03:00:00,9785.0
2010-11-15 04:00:00,10159.0
2010-11-15 05:00:00,11312.0
2010-11-15 06:00:00,13342.0
2010-11-15 07:00:00,14537.0
2010-11-15 08:00:00,14909.0
2010-11-15 09:00:00,15134.0
2010-11-15 10:00:00,15309.0
2010-11-15 11:00:00,15315.0
2010-11-15 12:00:00,15262.0
2010-11-15 13:00:00,15233.0
2010-11-15 14:00:00,15077.0
2010-11-15 15:00:00,15212.0
2010-11-15 16:00:00,16225.0
2010-11-15 17:00:00,17114.0
2010-11-15 18:00:00,16867.0
2010-11-15 19:00:00,16330.0
2010-11-15 20:00:00,15531.0
2010-11-15 21:00:00,14343.0
2010-11-15 22:00:00,12853.0
2010-11-15 23:00:00,11531.0
2010-11-16 00:00:00,10677.0
2010-11-16 01:00:00,10198.0
2010-11-16 02:00:00,9989.0
2010-11-16 03:00:00,9959.0
2010-11-16 04:00:00,10282.0
2010-11-16 05:00:00,11411.0
2010-11-16 06:00:00,13496.0
2010-11-16 07:00:00,14668.0
2010-11-16 08:00:00,14914.0
2010-11-16 09:00:00,14995.0
2010-11-16 10:00:00,15011.0
2010-11-16 11:00:00,15136.0
2010-11-16 12:00:00,15087.0
2010-11-16 13:00:00,15063.0
2010-11-16 14:00:00,14990.0
2010-11-16 15:00:00,15081.0
2010-11-16 16:00:00,16163.0
2010-11-16 17:00:00,17005.0
2010-11-16 18:00:00,16759.0
2010-11-16 19:00:00,16247.0
2010-11-16 20:00:00,15484.0
2010-11-16 21:00:00,14350.0
2010-11-16 22:00:00,12902.0
2010-11-16 23:00:00,11590.0
2010-11-17 00:00:00,10728.0
2010-11-17 01:00:00,10271.0
2010-11-17 02:00:00,10048.0
2010-11-17 03:00:00,10019.0
2010-11-17 04:00:00,10336.0
2010-11-17 05:00:00,11406.0
2010-11-17 06:00:00,13492.0
2010-11-17 07:00:00,14777.0
2010-11-17 08:00:00,15145.0
2010-11-17 09:00:00,15249.0
2010-11-17 10:00:00,15306.0
2010-11-17 11:00:00,15261.0
2010-11-17 12:00:00,15113.0
2010-11-17 13:00:00,15082.0
2010-11-17 14:00:00,14927.0
2010-11-17 15:00:00,14952.0
2010-11-17 16:00:00,15938.0
2010-11-17 17:00:00,16873.0
2010-11-17 18:00:00,16614.0
2010-11-17 19:00:00,16147.0
2010-11-17 20:00:00,15438.0
2010-11-17 21:00:00,14335.0
2010-11-17 22:00:00,12881.0
2010-11-17 23:00:00,11583.0
2010-11-18 00:00:00,10760.0
2010-11-18 01:00:00,10312.0
2010-11-18 02:00:00,10105.0
2010-11-18 03:00:00,10077.0
2010-11-18 04:00:00,10422.0
2010-11-18 05:00:00,11580.0
2010-11-18 06:00:00,13605.0
2010-11-18 07:00:00,14627.0
2010-11-18 08:00:00,14854.0
2010-11-18 09:00:00,14960.0
2010-11-18 10:00:00,15079.0
2010-11-18 11:00:00,15052.0
2010-11-18 12:00:00,14910.0
2010-11-18 13:00:00,14873.0
2010-11-18 14:00:00,14779.0
2010-11-18 15:00:00,14852.0
2010-11-18 16:00:00,15985.0
2010-11-18 17:00:00,16973.0
2010-11-18 18:00:00,16783.0
2010-11-18 19:00:00,16392.0
2010-11-18 20:00:00,15720.0
2010-11-18 21:00:00,14658.0
2010-11-18 22:00:00,13210.0
2010-11-18 23:00:00,11937.0
2010-11-19 00:00:00,11110.0
2010-11-19 01:00:00,10671.0
2010-11-19 02:00:00,10472.0
2010-11-19 03:00:00,10487.0
2010-11-19 04:00:00,10862.0
2010-11-19 05:00:00,12034.0
2010-11-19 06:00:00,14038.0
2010-11-19 07:00:00,15039.0
2010-11-19 08:00:00,15234.0
2010-11-19 09:00:00,15363.0
2010-11-19 10:00:00,15454.0
2010-11-19 11:00:00,15428.0
2010-11-19 12:00:00,15209.0
2010-11-19 13:00:00,15113.0
2010-11-19 14:00:00,14986.0
2010-11-19 15:00:00,15025.0
2010-11-19 16:00:00,16058.0
2010-11-19 17:00:00,17037.0
2010-11-19 18:00:00,16783.0
2010-11-19 19:00:00,16289.0
2010-11-19 20:00:00,15698.0
2010-11-19 21:00:00,14893.0
2010-11-19 22:00:00,13732.0
2010-11-19 23:00:00,12623.0
2010-11-20 00:00:00,11731.0
2010-11-20 01:00:00,11224.0
2010-11-20 02:00:00,10945.0
2010-11-20 03:00:00,10843.0
2010-11-20 04:00:00,10950.0
2010-11-20 05:00:00,11392.0
2010-11-20 06:00:00,12162.0
2010-11-20 07:00:00,13049.0
2010-11-20 08:00:00,14070.0
2010-11-20 09:00:00,14664.0
2010-11-20 10:00:00,14740.0
2010-11-20 11:00:00,14520.0
2010-11-20 12:00:00,14248.0
2010-11-20 13:00:00,13963.0
2010-11-20 14:00:00,13709.0
2010-11-20 15:00:00,13768.0
2010-11-20 16:00:00,14915.0
2010-11-20 17:00:00,15940.0
2010-11-20 18:00:00,15683.0
2010-11-20 19:00:00,15196.0
2010-11-20 20:00:00,14642.0
2010-11-20 21:00:00,13957.0
2010-11-20 22:00:00,13028.0
2010-11-20 23:00:00,12052.0
2010-11-21 00:00:00,11254.0
2010-11-21 01:00:00,10806.0
2010-11-21 02:00:00,10584.0
2010-11-21 03:00:00,10506.0
2010-11-21 04:00:00,10599.0
2010-11-21 05:00:00,10935.0
2010-11-21 06:00:00,11514.0
2010-11-21 07:00:00,12203.0
2010-11-21 08:00:00,13143.0
2010-11-21 09:00:00,13743.0
2010-11-21 10:00:00,13918.0
2010-11-21 11:00:00,14002.0
2010-11-21 12:00:00,13956.0
2010-11-21 13:00:00,13843.0
2010-11-21 14:00:00,13778.0
2010-11-21 15:00:00,14017.0
2010-11-21 16:00:00,15406.0
2010-11-21 17:00:00,16649.0
2010-11-21 18:00:00,16447.0
2010-11-21 19:00:00,16074.0
2010-11-21 20:00:00,15449.0
2010-11-21 21:00:00,14425.0
2010-11-21 22:00:00,13174.0
2010-11-21 23:00:00,12034.0
2010-11-22 00:00:00,11229.0
2010-11-22 01:00:00,10801.0
2010-11-22 02:00:00,10613.0
2010-11-22 03:00:00,10608.0
2010-11-22 04:00:00,10962.0
2010-11-22 05:00:00,12105.0
2010-11-22 06:00:00,14147.0
2010-11-22 07:00:00,15375.0
2010-11-22 08:00:00,15718.0
2010-11-22 09:00:00,15883.0
2010-11-22 10:00:00,16010.0
2010-11-22 11:00:00,16033.0
2010-11-22 12:00:00,15865.0
2010-11-22 13:00:00,15714.0
2010-11-22 14:00:00,15492.0
2010-11-22 15:00:00,15495.0
2010-11-22 16:00:00,16472.0
2010-11-22 17:00:00,17362.0
2010-11-22 18:00:00,17132.0
2010-11-22 19:00:00,16599.0
2010-11-22 20:00:00,15783.0
2010-11-22 21:00:00,14635.0
2010-11-22 22:00:00,13118.0
2010-11-22 23:00:00,11740.0
2010-11-23 00:00:00,10816.0
2010-11-23 01:00:00,10323.0
2010-11-23 02:00:00,10085.0
2010-11-23 03:00:00,10029.0
2010-11-23 04:00:00,10335.0
2010-11-23 05:00:00,11448.0
2010-11-23 06:00:00,13481.0
2010-11-23 07:00:00,14549.0
2010-11-23 08:00:00,14823.0
2010-11-23 09:00:00,14977.0
2010-11-23 10:00:00,15098.0
2010-11-23 11:00:00,15145.0
2010-11-23 12:00:00,15114.0
2010-11-23 13:00:00,15155.0
2010-11-23 14:00:00,15105.0
2010-11-23 15:00:00,15233.0
2010-11-23 16:00:00,16180.0
2010-11-23 17:00:00,16929.0
2010-11-23 18:00:00,16692.0
2010-11-23 19:00:00,16214.0
2010-11-23 20:00:00,15519.0
2010-11-23 21:00:00,14479.0
2010-11-23 22:00:00,13103.0
2010-11-23 23:00:00,11801.0
2010-11-24 00:00:00,10871.0
2010-11-24 01:00:00,10376.0
2010-11-24 02:00:00,10173.0
2010-11-24 03:00:00,10182.0
2010-11-24 04:00:00,10518.0
2010-11-24 05:00:00,11630.0
2010-11-24 06:00:00,13453.0
2010-11-24 07:00:00,14628.0
2010-11-24 08:00:00,15188.0
2010-11-24 09:00:00,15496.0
2010-11-24 10:00:00,15655.0
2010-11-24 11:00:00,15646.0
2010-11-24 12:00:00,15463.0
2010-11-24 13:00:00,15366.0
2010-11-24 14:00:00,15218.0
2010-11-24 15:00:00,15209.0
2010-11-24 16:00:00,16384.0
2010-11-24 17:00:00,17379.0
2010-11-24 18:00:00,17154.0
2010-11-24 19:00:00,16672.0
2010-11-24 20:00:00,16025.0
2010-11-24 21:00:00,15114.0
2010-11-24 22:00:00,13865.0
2010-11-24 23:00:00,12578.0
2010-11-25 00:00:00,11623.0
2010-11-25 01:00:00,11068.0
2010-11-25 02:00:00,10760.0
2010-11-25 03:00:00,10685.0
2010-11-25 04:00:00,10820.0
2010-11-25 05:00:00,11285.0
2010-11-25 06:00:00,12020.0
2010-11-25 07:00:00,12947.0
2010-11-25 08:00:00,14112.0
2010-11-25 09:00:00,14991.0
2010-11-25 10:00:00,15433.0
2010-11-25 11:00:00,15387.0
2010-11-25 12:00:00,14904.0
2010-11-25 13:00:00,14094.0
2010-11-25 14:00:00,13365.0
2010-11-25 15:00:00,13049.0
2010-11-25 16:00:00,13569.0
2010-11-25 17:00:00,13832.0
2010-11-25 18:00:00,13749.0
2010-11-25 19:00:00,13693.0
2010-11-25 20:00:00,13507.0
2010-11-25 21:00:00,13070.0
2010-11-25 22:00:00,12292.0
2010-11-25 23:00:00,11412.0
2010-11-26 00:00:00,10732.0
2010-11-26 01:00:00,10363.0
2010-11-26 02:00:00,10190.0
2010-11-26 03:00:00,10173.0
2010-11-26 04:00:00,10393.0
2010-11-26 05:00:00,10954.0
2010-11-26 06:00:00,11773.0
2010-11-26 07:00:00,12527.0
2010-11-26 08:00:00,13355.0
2010-11-26 09:00:00,14020.0
2010-11-26 10:00:00,14429.0
2010-11-26 11:00:00,14495.0
2010-11-26 12:00:00,14350.0
2010-11-26 13:00:00,14184.0
2010-11-26 14:00:00,13999.0
2010-11-26 15:00:00,14060.0
2010-11-26 16:00:00,15135.0
2010-11-26 17:00:00,16001.0
2010-11-26 18:00:00,15780.0
2010-11-26 19:00:00,15384.0
2010-11-26 20:00:00,14884.0
2010-11-26 21:00:00,14188.0
2010-11-26 22:00:00,13236.0
2010-11-26 23:00:00,12185.0
2010-11-27 00:00:00,11362.0
2010-11-27 01:00:00,10881.0
2010-11-27 02:00:00,10601.0
2010-11-27 03:00:00,10487.0
2010-11-27 04:00:00,10594.0
2010-11-27 05:00:00,11001.0
2010-11-27 06:00:00,11715.0
2010-11-27 07:00:00,12470.0
2010-11-27 08:00:00,13430.0
2010-11-27 09:00:00,14032.0
2010-11-27 10:00:00,14253.0
2010-11-27 11:00:00,14246.0
2010-11-27 12:00:00,14157.0
2010-11-27 13:00:00,13929.0
2010-11-27 14:00:00,13808.0
2010-11-27 15:00:00,14017.0
2010-11-27 16:00:00,15295.0
2010-11-27 17:00:00,16205.0
2010-11-27 18:00:00,16015.0
2010-11-27 19:00:00,15582.0
2010-11-27 20:00:00,15113.0
2010-11-27 21:00:00,14462.0
2010-11-27 22:00:00,13528.0
2010-11-27 23:00:00,12545.0
2010-11-28 00:00:00,11734.0
2010-11-28 01:00:00,11263.0
2010-11-28 02:00:00,10999.0
2010-11-28 03:00:00,10945.0
2010-11-28 04:00:00,11018.0
2010-11-28 05:00:00,11342.0
2010-11-28 06:00:00,11860.0
2010-11-28 07:00:00,12461.0
2010-11-28 08:00:00,13326.0
2010-11-28 09:00:00,13922.0
2010-11-28 10:00:00,14176.0
2010-11-28 11:00:00,14259.0
2010-11-28 12:00:00,14240.0
2010-11-28 13:00:00,14042.0
2010-11-28 14:00:00,13909.0
2010-11-28 15:00:00,14134.0
2010-11-28 16:00:00,15656.0
2010-11-28 17:00:00,16802.0
2010-11-28 18:00:00,16722.0
2010-11-28 19:00:00,16339.0
2010-11-28 20:00:00,15680.0
2010-11-28 21:00:00,14584.0
2010-11-28 22:00:00,13263.0
2010-11-28 23:00:00,12147.0
2010-11-29 00:00:00,11401.0
2010-11-29 01:00:00,11052.0
2010-11-29 02:00:00,10907.0
2010-11-29 03:00:00,10970.0
2010-11-29 04:00:00,11395.0
2010-11-29 05:00:00,12647.0
2010-11-29 06:00:00,14779.0
2010-11-29 07:00:00,15886.0
2010-11-29 08:00:00,16064.0
2010-11-29 09:00:00,16030.0
2010-11-29 10:00:00,15945.0
2010-11-29 11:00:00,15780.0
2010-11-29 12:00:00,15564.0
2010-11-29 13:00:00,15421.0
2010-11-29 14:00:00,15234.0
2010-11-29 15:00:00,15357.0
2010-11-29 16:00:00,16730.0
2010-11-29 17:00:00,17973.0
2010-11-29 18:00:00,17917.0
2010-11-29 19:00:00,17503.0
2010-11-29 20:00:00,16792.0
2010-11-29 21:00:00,15580.0
2010-11-29 22:00:00,14021.0
2010-11-29 23:00:00,12630.0
2010-11-30 00:00:00,11724.0
2010-11-30 01:00:00,11273.0
2010-11-30 02:00:00,11086.0
2010-11-30 03:00:00,11067.0
2010-11-30 04:00:00,11400.0
2010-11-30 05:00:00,12546.0
2010-11-30 06:00:00,14623.0
2010-11-30 07:00:00,15669.0
2010-11-30 08:00:00,15802.0
2010-11-30 09:00:00,15814.0
2010-11-30 10:00:00,15839.0
2010-11-30 11:00:00,15778.0
2010-11-30 12:00:00,15658.0
2010-11-30 13:00:00,15635.0
2010-11-30 14:00:00,15569.0
2010-11-30 15:00:00,15799.0
2010-11-30 16:00:00,17095.0
2010-11-30 17:00:00,17846.0
2010-11-30 18:00:00,17648.0
2010-11-30 19:00:00,17195.0
2010-11-30 20:00:00,16419.0
2010-11-30 21:00:00,15198.0
2010-11-30 22:00:00,13558.0
2010-11-30 23:00:00,12104.0
2010-12-01 00:00:00,11172.0
2010-12-01 01:00:00,10657.0
2010-12-01 02:00:00,10395.0
2010-12-01 03:00:00,10369.0
2010-12-01 04:00:00,10658.0
2010-12-01 05:00:00,11752.0
2010-12-01 06:00:00,13830.0
2010-12-01 07:00:00,15048.0
2010-12-01 08:00:00,15345.0
2010-12-01 09:00:00,15532.0
2010-12-01 10:00:00,15649.0
2010-12-01 11:00:00,15698.0
2010-12-01 12:00:00,15628.0
2010-12-01 13:00:00,15670.0
2010-12-01 14:00:00,15633.0
2010-12-01 15:00:00,15890.0
2010-12-01 16:00:00,16932.0
2010-12-01 17:00:00,17466.0
2010-12-01 18:00:00,17171.0
2010-12-01 19:00:00,16683.0
2010-12-01 20:00:00,15989.0
2010-12-01 21:00:00,14854.0
2010-12-01 22:00:00,13331.0
2010-12-01 23:00:00,11949.0
2010-12-02 00:00:00,11030.0
2010-12-02 01:00:00,10623.0
2010-12-02 02:00:00,10434.0
2010-12-02 03:00:00,10449.0
2010-12-02 04:00:00,10826.0
2010-12-02 05:00:00,12031.0
2010-12-02 06:00:00,14204.0
2010-12-02 07:00:00,15315.0
2010-12-02 08:00:00,15474.0
2010-12-02 09:00:00,15550.0
2010-12-02 10:00:00,15580.0
2010-12-02 11:00:00,15507.0
2010-12-02 12:00:00,15358.0
2010-12-02 13:00:00,15302.0
2010-12-02 14:00:00,15212.0
2010-12-02 15:00:00,15418.0
2010-12-02 16:00:00,16765.0
2010-12-02 17:00:00,17899.0
2010-12-02 18:00:00,17843.0
2010-12-02 19:00:00,17505.0
2010-12-02 20:00:00,16897.0
2010-12-02 21:00:00,15791.0
2010-12-02 22:00:00,14263.0
2010-12-02 23:00:00,12837.0
2010-12-03 00:00:00,11903.0
2010-12-03 01:00:00,11443.0
2010-12-03 02:00:00,11210.0
2010-12-03 03:00:00,11212.0
2010-12-03 04:00:00,11573.0
2010-12-03 05:00:00,12686.0
2010-12-03 06:00:00,14789.0
2010-12-03 07:00:00,15922.0
2010-12-03 08:00:00,16172.0
2010-12-03 09:00:00,16232.0
2010-12-03 10:00:00,16195.0
2010-12-03 11:00:00,16083.0
2010-12-03 12:00:00,15935.0
2010-12-03 13:00:00,15903.0
2010-12-03 14:00:00,15816.0
2010-12-03 15:00:00,15983.0
2010-12-03 16:00:00,17167.0
2010-12-03 17:00:00,17858.0
2010-12-03 18:00:00,17539.0
2010-12-03 19:00:00,17016.0
2010-12-03 20:00:00,16418.0
2010-12-03 21:00:00,15556.0
2010-12-03 22:00:00,14328.0
2010-12-03 23:00:00,13013.0
2010-12-04 00:00:00,12031.0
2010-12-04 01:00:00,11492.0
2010-12-04 02:00:00,11188.0
2010-12-04 03:00:00,11071.0
2010-12-04 04:00:00,11195.0
2010-12-04 05:00:00,11644.0
2010-12-04 06:00:00,12521.0
2010-12-04 07:00:00,13396.0
2010-12-04 08:00:00,14301.0
2010-12-04 09:00:00,14806.0
2010-12-04 10:00:00,14949.0
2010-12-04 11:00:00,14857.0
2010-12-04 12:00:00,14643.0
2010-12-04 13:00:00,14411.0
2010-12-04 14:00:00,14292.0
2010-12-04 15:00:00,14500.0
2010-12-04 16:00:00,15897.0
2010-12-04 17:00:00,16935.0
2010-12-04 18:00:00,16740.0
2010-12-04 19:00:00,16311.0
2010-12-04 20:00:00,15817.0
2010-12-04 21:00:00,15124.0
2010-12-04 22:00:00,14115.0
2010-12-04 23:00:00,13010.0
2010-12-05 00:00:00,12095.0
2010-12-05 01:00:00,11524.0
2010-12-05 02:00:00,11208.0
2010-12-05 03:00:00,11106.0
2010-12-05 04:00:00,11169.0
2010-12-05 05:00:00,11493.0
2010-12-05 06:00:00,12100.0
2010-12-05 07:00:00,12787.0
2010-12-05 08:00:00,13801.0
2010-12-05 09:00:00,14534.0
2010-12-05 10:00:00,14867.0
2010-12-05 11:00:00,14998.0
2010-12-05 12:00:00,15004.0
2010-12-05 13:00:00,14920.0
2010-12-05 14:00:00,14851.0
2010-12-05 15:00:00,15125.0
2010-12-05 16:00:00,16724.0
2010-12-05 17:00:00,17864.0
2010-12-05 18:00:00,17774.0
2010-12-05 19:00:00,17374.0
2010-12-05 20:00:00,16745.0
2010-12-05 21:00:00,15655.0
2010-12-05 22:00:00,14196.0
2010-12-05 23:00:00,12917.0
2010-12-06 00:00:00,12067.0
2010-12-06 01:00:00,11641.0
2010-12-06 02:00:00,11523.0
2010-12-06 03:00:00,11565.0
2010-12-06 04:00:00,11969.0
2010-12-06 05:00:00,13217.0
2010-12-06 06:00:00,15361.0
2010-12-06 07:00:00,16510.0
2010-12-06 08:00:00,16798.0
2010-12-06 09:00:00,16894.0
2010-12-06 10:00:00,16982.0
2010-12-06 11:00:00,16966.0
2010-12-06 12:00:00,16843.0
2010-12-06 13:00:00,16787.0
2010-12-06 14:00:00,16720.0
2010-12-06 15:00:00,16977.0
2010-12-06 16:00:00,18468.0
2010-12-06 17:00:00,19563.0
2010-12-06 18:00:00,19454.0
2010-12-06 19:00:00,19035.0
2010-12-06 20:00:00,18291.0
2010-12-06 21:00:00,17007.0
2010-12-06 22:00:00,15453.0
2010-12-06 23:00:00,13888.0
2010-12-07 00:00:00,12774.0
2010-12-07 01:00:00,12207.0
2010-12-07 02:00:00,12000.0
2010-12-07 03:00:00,11967.0
2010-12-07 04:00:00,12290.0
2010-12-07 05:00:00,13470.0
2010-12-07 06:00:00,15592.0
2010-12-07 07:00:00,16618.0
2010-12-07 08:00:00,16729.0
2010-12-07 09:00:00,16767.0
2010-12-07 10:00:00,16768.0
2010-12-07 11:00:00,16704.0
2010-12-07 12:00:00,16560.0
2010-12-07 13:00:00,16480.0
2010-12-07 14:00:00,16369.0
2010-12-07 15:00:00,16607.0
2010-12-07 16:00:00,18120.0
2010-12-07 17:00:00,19308.0
2010-12-07 18:00:00,19229.0
2010-12-07 19:00:00,18811.0
2010-12-07 20:00:00,18104.0
2010-12-07 21:00:00,16870.0
2010-12-07 22:00:00,15209.0
2010-12-07 23:00:00,13664.0
2010-12-08 00:00:00,12712.0
2010-12-08 01:00:00,12259.0
2010-12-08 02:00:00,12043.0
2010-12-08 03:00:00,12016.0
2010-12-08 04:00:00,12395.0
2010-12-08 05:00:00,13589.0
2010-12-08 06:00:00,15770.0
2010-12-08 07:00:00,16846.0
2010-12-08 08:00:00,16944.0
2010-12-08 09:00:00,16956.0
2010-12-08 10:00:00,16961.0
2010-12-08 11:00:00,16886.0
2010-12-08 12:00:00,16715.0
2010-12-08 13:00:00,16632.0
2010-12-08 14:00:00,16560.0
2010-12-08 15:00:00,16824.0
2010-12-08 16:00:00,18337.0
2010-12-08 17:00:00,19559.0
2010-12-08 18:00:00,19494.0
2010-12-08 19:00:00,19089.0
2010-12-08 20:00:00,18429.0
2010-12-08 21:00:00,17270.0
2010-12-08 22:00:00,15647.0
2010-12-08 23:00:00,14129.0
2010-12-09 00:00:00,13178.0
2010-12-09 01:00:00,12736.0
2010-12-09 02:00:00,12521.0
2010-12-09 03:00:00,12545.0
2010-12-09 04:00:00,12944.0
2010-12-09 05:00:00,14150.0
2010-12-09 06:00:00,16336.0
2010-12-09 07:00:00,17435.0
2010-12-09 08:00:00,17515.0
2010-12-09 09:00:00,17494.0
2010-12-09 10:00:00,17482.0
2010-12-09 11:00:00,17376.0
2010-12-09 12:00:00,17166.0
2010-12-09 13:00:00,17066.0
2010-12-09 14:00:00,16960.0
2010-12-09 15:00:00,17201.0
2010-12-09 16:00:00,18723.0
2010-12-09 17:00:00,19915.0
2010-12-09 18:00:00,19834.0
2010-12-09 19:00:00,19480.0
2010-12-09 20:00:00,18884.0
2010-12-09 21:00:00,17766.0
2010-12-09 22:00:00,16145.0
2010-12-09 23:00:00,14633.0
2010-12-10 00:00:00,13718.0
2010-12-10 01:00:00,13271.0
2010-12-10 02:00:00,13109.0
2010-12-10 03:00:00,13136.0
2010-12-10 04:00:00,13497.0
2010-12-10 05:00:00,14663.0
2010-12-10 06:00:00,16786.0
2010-12-10 07:00:00,17897.0
2010-12-10 08:00:00,18087.0
2010-12-10 09:00:00,18110.0
2010-12-10 10:00:00,18050.0
2010-12-10 11:00:00,17842.0
2010-12-10 12:00:00,17523.0
2010-12-10 13:00:00,17420.0
2010-12-10 14:00:00,17402.0
2010-12-10 15:00:00,17676.0
2010-12-10 16:00:00,18911.0
2010-12-10 17:00:00,19548.0
2010-12-10 18:00:00,19192.0
2010-12-10 19:00:00,18599.0
2010-12-10 20:00:00,17940.0
2010-12-10 21:00:00,16954.0
2010-12-10 22:00:00,15599.0
2010-12-10 23:00:00,14196.0
2010-12-11 00:00:00,13090.0
2010-12-11 01:00:00,12457.0
2010-12-11 02:00:00,12116.0
2010-12-11 03:00:00,11956.0
2010-12-11 04:00:00,12057.0
2010-12-11 05:00:00,12510.0
2010-12-11 06:00:00,13375.0
2010-12-11 07:00:00,14282.0
2010-12-11 08:00:00,15198.0
2010-12-11 09:00:00,15582.0
2010-12-11 10:00:00,15563.0
2010-12-11 11:00:00,15316.0
2010-12-11 12:00:00,14969.0
2010-12-11 13:00:00,14644.0
2010-12-11 14:00:00,14482.0
2010-12-11 15:00:00,14729.0
2010-12-11 16:00:00,16291.0
2010-12-11 17:00:00,17272.0
2010-12-11 18:00:00,17063.0
2010-12-11 19:00:00,16606.0
2010-12-11 20:00:00,16114.0
2010-12-11 21:00:00,15433.0
2010-12-11 22:00:00,14403.0
2010-12-11 23:00:00,13243.0
2010-12-12 00:00:00,12316.0
2010-12-12 01:00:00,11735.0
2010-12-12 02:00:00,11413.0
2010-12-12 03:00:00,11244.0
2010-12-12 04:00:00,11267.0
2010-12-12 05:00:00,11488.0
2010-12-12 06:00:00,12022.0
2010-12-12 07:00:00,12785.0
2010-12-12 08:00:00,13840.0
2010-12-12 09:00:00,14797.0
2010-12-12 10:00:00,15371.0
2010-12-12 11:00:00,15670.0
2010-12-12 12:00:00,15838.0
2010-12-12 13:00:00,15796.0
2010-12-12 14:00:00,15699.0
2010-12-12 15:00:00,15844.0
2010-12-12 16:00:00,16901.0
2010-12-12 17:00:00,17408.0
2010-12-12 18:00:00,17171.0
2010-12-12 19:00:00,16660.0
2010-12-12 20:00:00,15986.0
2010-12-12 21:00:00,14814.0
2010-12-12 22:00:00,13324.0
2010-12-12 23:00:00,11975.0
2010-12-13 00:00:00,11007.0
2010-12-13 01:00:00,10501.0
2010-12-13 02:00:00,10276.0
2010-12-13 03:00:00,10234.0
2010-12-13 04:00:00,10565.0
2010-12-13 05:00:00,11677.0
2010-12-13 06:00:00,13805.0
2010-12-13 07:00:00,15196.0
2010-12-13 08:00:00,15517.0
2010-12-13 09:00:00,15695.0
2010-12-13 10:00:00,15909.0
2010-12-13 11:00:00,16015.0
2010-12-13 12:00:00,15970.0
2010-12-13 13:00:00,16016.0
2010-12-13 14:00:00,16006.0
2010-12-13 15:00:00,16294.0
2010-12-13 16:00:00,17553.0
2010-12-13 17:00:00,18454.0
2010-12-13 18:00:00,18349.0
2010-12-13 19:00:00,17951.0
2010-12-13 20:00:00,17296.0
2010-12-13 21:00:00,16167.0
2010-12-13 22:00:00,14594.0
2010-12-13 23:00:00,13101.0
2010-12-14 00:00:00,12089.0
2010-12-14 01:00:00,11628.0
2010-12-14 02:00:00,11467.0
2010-12-14 03:00:00,11514.0
2010-12-14 04:00:00,11941.0
2010-12-14 05:00:00,13184.0
2010-12-14 06:00:00,15388.0
2010-12-14 07:00:00,16671.0
2010-12-14 08:00:00,16968.0
2010-12-14 09:00:00,17048.0
2010-12-14 10:00:00,17025.0
2010-12-14 11:00:00,16965.0
2010-12-14 12:00:00,16791.0
2010-12-14 13:00:00,16808.0
2010-12-14 14:00:00,16806.0
2010-12-14 15:00:00,17161.0
2010-12-14 16:00:00,18698.0
2010-12-14 17:00:00,19814.0
2010-12-14 18:00:00,19741.0
2010-12-14 19:00:00,19429.0
2010-12-14 20:00:00,18868.0
2010-12-14 21:00:00,17773.0
2010-12-14 22:00:00,16116.0
2010-12-14 23:00:00,14534.0
2010-12-15 00:00:00,13499.0
2010-12-15 01:00:00,13023.0
2010-12-15 02:00:00,12819.0
2010-12-15 03:00:00,12865.0
2010-12-15 04:00:00,13257.0
2010-12-15 05:00:00,14437.0
2010-12-15 06:00:00,16623.0
2010-12-15 07:00:00,17795.0
2010-12-15 08:00:00,17932.0
2010-12-15 09:00:00,17876.0
2010-12-15 10:00:00,17891.0
2010-12-15 11:00:00,17894.0
2010-12-15 12:00:00,17796.0
2010-12-15 13:00:00,17807.0
2010-12-15 14:00:00,17776.0
2010-12-15 15:00:00,18023.0
2010-12-15 16:00:00,19383.0
2010-12-15 17:00:00,20342.0
2010-12-15 18:00:00,20178.0
2010-12-15 19:00:00,19862.0
2010-12-15 20:00:00,19232.0
2010-12-15 21:00:00,18092.0
2010-12-15 22:00:00,16376.0
2010-12-15 23:00:00,14745.0
2010-12-16 00:00:00,13712.0
2010-12-16 01:00:00,13175.0
2010-12-16 02:00:00,12961.0
2010-12-16 03:00:00,12945.0
2010-12-16 04:00:00,13289.0
2010-12-16 05:00:00,14454.0
2010-12-16 06:00:00,16591.0
2010-12-16 07:00:00,17712.0
2010-12-16 08:00:00,17756.0
2010-12-16 09:00:00,17650.0
2010-12-16 10:00:00,17493.0
2010-12-16 11:00:00,17285.0
2010-12-16 12:00:00,17017.0
2010-12-16 13:00:00,16916.0
2010-12-16 14:00:00,16808.0
2010-12-16 15:00:00,17046.0
2010-12-16 16:00:00,18499.0
2010-12-16 17:00:00,19633.0
2010-12-16 18:00:00,19575.0
2010-12-16 19:00:00,19224.0
2010-12-16 20:00:00,18649.0
2010-12-16 21:00:00,17626.0
2010-12-16 22:00:00,16025.0
2010-12-16 23:00:00,14484.0
2010-12-17 00:00:00,13473.0
2010-12-17 01:00:00,12994.0
2010-12-17 02:00:00,12784.0
2010-12-17 03:00:00,12808.0
2010-12-17 04:00:00,13177.0
2010-12-17 05:00:00,14350.0
2010-12-17 06:00:00,16464.0
2010-12-17 07:00:00,17613.0
2010-12-17 08:00:00,17730.0
2010-12-17 09:00:00,17597.0
2010-12-17 10:00:00,17402.0
2010-12-17 11:00:00,17144.0
2010-12-17 12:00:00,16819.0
2010-12-17 13:00:00,16620.0
2010-12-17 14:00:00,16449.0
2010-12-17 15:00:00,16626.0
2010-12-17 16:00:00,18044.0
2010-12-17 17:00:00,19105.0
2010-12-17 18:00:00,18897.0
2010-12-17 19:00:00,18384.0
2010-12-17 20:00:00,17880.0
2010-12-17 21:00:00,17103.0
2010-12-17 22:00:00,15855.0
2010-12-17 23:00:00,14474.0
2010-12-18 00:00:00,13394.0
2010-12-18 01:00:00,12768.0
2010-12-18 02:00:00,12472.0
2010-12-18 03:00:00,12375.0
2010-12-18 04:00:00,12490.0
2010-12-18 05:00:00,12965.0
2010-12-18 06:00:00,13875.0
2010-12-18 07:00:00,14784.0
2010-12-18 08:00:00,15706.0
2010-12-18 09:00:00,16136.0
2010-12-18 10:00:00,16109.0
2010-12-18 11:00:00,15839.0
2010-12-18 12:00:00,15484.0
2010-12-18 13:00:00,15137.0
2010-12-18 14:00:00,14956.0
2010-12-18 15:00:00,15201.0
2010-12-18 16:00:00,16726.0
2010-12-18 17:00:00,17780.0
2010-12-18 18:00:00,17602.0
2010-12-18 19:00:00,17188.0
2010-12-18 20:00:00,16732.0
2010-12-18 21:00:00,16053.0
2010-12-18 22:00:00,15050.0
2010-12-18 23:00:00,13892.0
2010-12-19 00:00:00,12883.0
2010-12-19 01:00:00,12298.0
2010-12-19 02:00:00,12028.0
2010-12-19 03:00:00,11902.0
2010-12-19 04:00:00,11958.0
2010-12-19 05:00:00,12301.0
2010-12-19 06:00:00,12949.0
2010-12-19 07:00:00,13722.0
2010-12-19 08:00:00,14720.0
2010-12-19 09:00:00,15391.0
2010-12-19 10:00:00,15680.0
2010-12-19 11:00:00,15745.0
2010-12-19 12:00:00,15719.0
2010-12-19 13:00:00,15634.0
2010-12-19 14:00:00,15586.0
2010-12-19 15:00:00,15844.0
2010-12-19 16:00:00,17334.0
2010-12-19 17:00:00,18365.0
2010-12-19 18:00:00,18296.0
2010-12-19 19:00:00,17969.0
2010-12-19 20:00:00,17423.0
2010-12-19 21:00:00,16433.0
2010-12-19 22:00:00,15114.0
2010-12-19 23:00:00,13675.0
2010-12-20 00:00:00,12627.0
2010-12-20 01:00:00,12119.0
2010-12-20 02:00:00,11927.0
2010-12-20 03:00:00,11977.0
2010-12-20 04:00:00,12376.0
2010-12-20 05:00:00,13581.0
2010-12-20 06:00:00,15710.0
2010-12-20 07:00:00,17065.0
2010-12-20 08:00:00,17354.0
2010-12-20 09:00:00,17477.0
2010-12-20 10:00:00,17625.0
2010-12-20 11:00:00,17672.0
2010-12-20 12:00:00,17392.0
2010-12-20 13:00:00,17338.0
2010-12-20 14:00:00,17301.0
2010-12-20 15:00:00,17617.0
2010-12-20 16:00:00,19000.0
2010-12-20 17:00:00,20111.0
2010-12-20 18:00:00,20042.0
2010-12-20 19:00:00,19636.0
2010-12-20 20:00:00,18963.0
2010-12-20 21:00:00,17786.0
2010-12-20 22:00:00,16102.0
2010-12-20 23:00:00,14480.0
2010-12-21 00:00:00,13375.0
2010-12-21 01:00:00,12767.0
2010-12-21 02:00:00,12493.0
2010-12-21 03:00:00,12457.0
2010-12-21 04:00:00,12790.0
2010-12-21 05:00:00,13898.0
2010-12-21 06:00:00,15953.0
2010-12-21 07:00:00,17209.0
2010-12-21 08:00:00,17434.0
2010-12-21 09:00:00,17469.0
2010-12-21 10:00:00,17388.0
2010-12-21 11:00:00,17199.0
2010-12-21 12:00:00,16910.0
2010-12-21 13:00:00,16764.0
2010-12-21 14:00:00,16634.0
2010-12-21 15:00:00,16812.0
2010-12-21 16:00:00,18158.0
2010-12-21 17:00:00,19350.0
2010-12-21 18:00:00,19261.0
2010-12-21 19:00:00,18871.0
2010-12-21 20:00:00,18284.0
2010-12-21 21:00:00,17201.0
2010-12-21 22:00:00,15582.0
2010-12-21 23:00:00,13974.0
2010-12-22 00:00:00,12850.0
2010-12-22 01:00:00,12260.0
2010-12-22 02:00:00,11970.0
2010-12-22 03:00:00,11940.0
2010-12-22 04:00:00,12293.0
2010-12-22 05:00:00,13422.0
2010-12-22 06:00:00,15455.0
2010-12-22 07:00:00,16644.0
2010-12-22 08:00:00,16864.0
2010-12-22 09:00:00,16869.0
2010-12-22 10:00:00,16835.0
2010-12-22 11:00:00,16776.0
2010-12-22 12:00:00,16580.0
2010-12-22 13:00:00,16514.0
2010-12-22 14:00:00,16487.0
2010-12-22 15:00:00,16770.0
2010-12-22 16:00:00,18168.0
2010-12-22 17:00:00,19177.0
2010-12-22 18:00:00,19079.0
2010-12-22 19:00:00,18707.0
2010-12-22 20:00:00,18133.0
2010-12-22 21:00:00,17070.0
2010-12-22 22:00:00,15537.0
2010-12-22 23:00:00,13962.0
2010-12-23 00:00:00,12817.0
2010-12-23 01:00:00,12210.0
2010-12-23 02:00:00,11917.0
2010-12-23 03:00:00,11893.0
2010-12-23 04:00:00,12190.0
2010-12-23 05:00:00,13186.0
2010-12-23 06:00:00,14992.0
2010-12-23 07:00:00,16226.0
2010-12-23 08:00:00,16700.0
2010-12-23 09:00:00,16946.0
2010-12-23 10:00:00,16990.0
2010-12-23 11:00:00,16877.0
2010-12-23 12:00:00,16583.0
2010-12-23 13:00:00,16406.0
2010-12-23 14:00:00,16225.0
2010-12-23 15:00:00,16368.0
2010-12-23 16:00:00,17754.0
2010-12-23 17:00:00,18867.0
2010-12-23 18:00:00,18668.0
2010-12-23 19:00:00,18214.0
2010-12-23 20:00:00,17642.0
2010-12-23 21:00:00,16742.0
2010-12-23 22:00:00,15412.0
2010-12-23 23:00:00,13971.0
2010-12-24 00:00:00,12813.0
2010-12-24 01:00:00,12163.0
2010-12-24 02:00:00,11819.0
2010-12-24 03:00:00,11722.0
2010-12-24 04:00:00,11885.0
2010-12-24 05:00:00,12448.0
2010-12-24 06:00:00,13391.0
2010-12-24 07:00:00,14275.0
2010-12-24 08:00:00,15219.0
2010-12-24 09:00:00,15768.0
2010-12-24 10:00:00,15913.0
2010-12-24 11:00:00,15815.0
2010-12-24 12:00:00,15532.0
2010-12-24 13:00:00,15285.0
2010-12-24 14:00:00,15165.0
2010-12-24 15:00:00,15308.0
2010-12-24 16:00:00,16590.0
2010-12-24 17:00:00,17377.0
2010-12-24 18:00:00,16731.0
2010-12-24 19:00:00,16057.0
2010-12-24 20:00:00,15687.0
2010-12-24 21:00:00,15305.0
2010-12-24 22:00:00,14718.0
2010-12-24 23:00:00,13793.0
2010-12-25 00:00:00,12814.0
2010-12-25 01:00:00,12177.0
2010-12-25 02:00:00,11811.0
2010-12-25 03:00:00,11667.0
2010-12-25 04:00:00,11707.0
2010-12-25 05:00:00,12025.0
2010-12-25 06:00:00,12684.0
2010-12-25 07:00:00,13487.0
2010-12-25 08:00:00,14381.0
2010-12-25 09:00:00,14990.0
2010-12-25 10:00:00,15255.0
2010-12-25 11:00:00,15302.0
2010-12-25 12:00:00,15116.0
2010-12-25 13:00:00,14665.0
2010-12-25 14:00:00,14211.0
2010-12-25 15:00:00,14120.0
2010-12-25 16:00:00,15030.0
2010-12-25 17:00:00,15706.0
2010-12-25 18:00:00,15715.0
2010-12-25 19:00:00,15625.0
2010-12-25 20:00:00,15463.0
2010-12-25 21:00:00,15027.0
2010-12-25 22:00:00,14195.0
2010-12-25 23:00:00,13178.0
2010-12-26 00:00:00,12332.0
2010-12-26 01:00:00,11837.0
2010-12-26 02:00:00,11560.0
2010-12-26 03:00:00,11468.0
2010-12-26 04:00:00,11574.0
2010-12-26 05:00:00,11894.0
2010-12-26 06:00:00,12532.0
2010-12-26 07:00:00,13323.0
2010-12-26 08:00:00,14335.0
2010-12-26 09:00:00,15192.0
2010-12-26 10:00:00,15675.0
2010-12-26 11:00:00,15973.0
2010-12-26 12:00:00,16206.0
2010-12-26 13:00:00,16317.0
2010-12-26 14:00:00,16383.0
2010-12-26 15:00:00,16641.0
2010-12-26 16:00:00,17976.0
2010-12-26 17:00:00,18844.0
2010-12-26 18:00:00,18679.0
2010-12-26 19:00:00,18026.0
2010-12-26 20:00:00,17256.0
2010-12-26 21:00:00,16237.0
2010-12-26 22:00:00,15052.0
2010-12-26 23:00:00,13847.0
2010-12-27 00:00:00,12973.0
2010-12-27 01:00:00,12438.0
2010-12-27 02:00:00,12197.0
2010-12-27 03:00:00,12165.0
2010-12-27 04:00:00,12365.0
2010-12-27 05:00:00,12989.0
2010-12-27 06:00:00,13926.0
2010-12-27 07:00:00,14726.0
2010-12-27 08:00:00,15550.0
2010-12-27 09:00:00,16327.0
2010-12-27 10:00:00,16897.0
2010-12-27 11:00:00,17261.0
2010-12-27 12:00:00,17327.0
2010-12-27 13:00:00,17179.0
2010-12-27 14:00:00,17068.0
2010-12-27 15:00:00,17138.0
2010-12-27 16:00:00,18580.0
2010-12-27 17:00:00,19854.0
2010-12-27 18:00:00,19606.0
2010-12-27 19:00:00,19021.0
2010-12-27 20:00:00,18288.0
2010-12-27 21:00:00,17218.0
2010-12-27 22:00:00,15857.0
2010-12-27 23:00:00,14593.0
2010-12-28 00:00:00,13703.0
2010-12-28 01:00:00,13237.0
2010-12-28 02:00:00,13034.0
2010-12-28 03:00:00,13015.0
2010-12-28 04:00:00,13287.0
2010-12-28 05:00:00,14090.0
2010-12-28 06:00:00,15434.0
2010-12-28 07:00:00,16409.0
2010-12-28 08:00:00,17013.0
2010-12-28 09:00:00,17329.0
2010-12-28 10:00:00,17450.0
2010-12-28 11:00:00,17358.0
2010-12-28 12:00:00,17111.0
2010-12-28 13:00:00,16853.0
2010-12-28 14:00:00,16653.0
2010-12-28 15:00:00,16686.0
2010-12-28 16:00:00,17930.0
2010-12-28 17:00:00,19201.0
2010-12-28 18:00:00,19022.0
2010-12-28 19:00:00,18544.0
2010-12-28 20:00:00,17865.0
2010-12-28 21:00:00,16802.0
2010-12-28 22:00:00,15401.0
2010-12-28 23:00:00,14021.0
2010-12-29 00:00:00,13006.0
2010-12-29 01:00:00,12416.0
2010-12-29 02:00:00,12140.0
2010-12-29 03:00:00,12063.0
2010-12-29 04:00:00,12277.0
2010-12-29 05:00:00,13081.0
2010-12-29 06:00:00,14430.0
2010-12-29 07:00:00,15500.0
2010-12-29 08:00:00,16154.0
2010-12-29 09:00:00,16510.0
2010-12-29 10:00:00,16654.0
2010-12-29 11:00:00,16667.0
2010-12-29 12:00:00,16528.0
2010-12-29 13:00:00,16426.0
2010-12-29 14:00:00,16227.0
2010-12-29 15:00:00,16235.0
2010-12-29 16:00:00,17410.0
2010-12-29 17:00:00,18589.0
2010-12-29 18:00:00,18391.0
2010-12-29 19:00:00,17910.0
2010-12-29 20:00:00,17325.0
2010-12-29 21:00:00,16303.0
2010-12-29 22:00:00,14961.0
2010-12-29 23:00:00,13637.0
2010-12-30 00:00:00,12727.0
2010-12-30 01:00:00,12237.0
2010-12-30 02:00:00,12035.0
2010-12-30 03:00:00,12039.0
2010-12-30 04:00:00,12332.0
2010-12-30 05:00:00,13193.0
2010-12-30 06:00:00,14586.0
2010-12-30 07:00:00,15661.0
2010-12-30 08:00:00,16268.0
2010-12-30 09:00:00,16483.0
2010-12-30 10:00:00,16466.0
2010-12-30 11:00:00,16282.0
2010-12-30 12:00:00,15915.0
2010-12-30 13:00:00,15618.0
2010-12-30 14:00:00,15342.0
2010-12-30 15:00:00,15337.0
2010-12-30 16:00:00,16542.0
2010-12-30 17:00:00,17900.0
2010-12-30 18:00:00,17764.0
2010-12-30 19:00:00,17336.0
2010-12-30 20:00:00,16756.0
2010-12-30 21:00:00,15899.0
2010-12-30 22:00:00,14675.0
2010-12-30 23:00:00,13368.0
2010-12-31 00:00:00,12443.0
2010-12-31 01:00:00,11857.0
2010-12-31 02:00:00,11554.0
2010-12-31 03:00:00,11457.0
2010-12-31 04:00:00,11638.0
2010-12-31 05:00:00,12183.0
2010-12-31 06:00:00,13082.0
2010-12-31 07:00:00,13812.0
2010-12-31 08:00:00,14561.0
2010-12-31 09:00:00,15089.0
2010-12-31 10:00:00,15236.0
2010-12-31 11:00:00,15094.0
2010-12-31 12:00:00,14812.0
2010-12-31 13:00:00,14516.0
2010-12-31 14:00:00,14314.0
2010-12-31 15:00:00,14422.0
2010-12-31 16:00:00,15755.0
2010-12-31 17:00:00,17008.0
2010-12-31 18:00:00,16623.0
2010-12-31 19:00:00,15823.0
2010-12-31 20:00:00,15069.0
2010-12-31 21:00:00,14336.0
2010-12-31 22:00:00,13585.0
2010-12-31 23:00:00,12813.0
2011-01-01 00:00:00,12055.0
2011-01-01 01:00:00,11430.0
2011-01-01 02:00:00,10966.0
2011-01-01 03:00:00,10725.0
2011-01-01 04:00:00,10672.0
2011-01-01 05:00:00,10852.0
2011-01-01 06:00:00,11255.0
2011-01-01 07:00:00,11583.0
2011-01-01 08:00:00,12238.0
2011-01-01 09:00:00,12877.0
2011-01-01 10:00:00,13349.0
2011-01-01 11:00:00,13510.0
2011-01-01 12:00:00,13492.0
2011-01-01 13:00:00,13314.0
2011-01-01 14:00:00,13156.0
2011-01-01 15:00:00,13364.0
2011-01-01 16:00:00,14632.0
2011-01-01 17:00:00,15653.0
2011-01-01 18:00:00,15504.0
2011-01-01 19:00:00,15088.0
2011-01-01 20:00:00,14579.0
2011-01-01 21:00:00,13882.0
2011-01-01 22:00:00,12931.0
2011-01-01 23:00:00,11883.0
2011-01-02 00:00:00,10978.0
2011-01-02 01:00:00,10406.0
2011-01-02 02:00:00,10089.0
2011-01-02 03:00:00,9982.0
2011-01-02 04:00:00,10031.0
2011-01-02 05:00:00,10289.0
2011-01-02 06:00:00,10818.0
2011-01-02 07:00:00,11444.0
2011-01-02 08:00:00,12346.0
2011-01-02 09:00:00,13274.0
2011-01-02 10:00:00,13816.0
2011-01-02 11:00:00,14103.0
2011-01-02 12:00:00,14228.0
2011-01-02 13:00:00,14154.0
2011-01-02 14:00:00,14055.0
2011-01-02 15:00:00,14197.0
2011-01-02 16:00:00,15453.0
2011-01-02 17:00:00,16531.0
2011-01-02 18:00:00,16410.0
2011-01-02 19:00:00,15954.0
2011-01-02 20:00:00,15337.0
2011-01-02 21:00:00,14347.0
2011-01-02 22:00:00,13178.0
2011-01-02 23:00:00,12106.0
2011-01-03 00:00:00,11400.0
2011-01-03 01:00:00,11059.0
2011-01-03 02:00:00,10959.0
2011-01-03 03:00:00,11073.0
2011-01-03 04:00:00,11485.0
2011-01-03 05:00:00,12645.0
2011-01-03 06:00:00,14725.0
2011-01-03 07:00:00,15863.0
2011-01-03 08:00:00,16076.0
2011-01-03 09:00:00,16222.0
2011-01-03 10:00:00,16358.0
2011-01-03 11:00:00,16362.0
2011-01-03 12:00:00,16229.0
2011-01-03 13:00:00,16123.0
2011-01-03 14:00:00,15976.0
2011-01-03 15:00:00,16127.0
2011-01-03 16:00:00,17359.0
2011-01-03 17:00:00,18818.0
2011-01-03 18:00:00,18724.0
2011-01-03 19:00:00,18269.0
2011-01-03 20:00:00,17559.0
2011-01-03 21:00:00,16383.0
2011-01-03 22:00:00,14881.0
2011-01-03 23:00:00,13520.0
2011-01-04 00:00:00,12630.0
2011-01-04 01:00:00,12223.0
2011-01-04 02:00:00,12070.0
2011-01-04 03:00:00,12105.0
2011-01-04 04:00:00,12466.0
2011-01-04 05:00:00,13624.0
2011-01-04 06:00:00,15680.0
2011-01-04 07:00:00,16827.0
2011-01-04 08:00:00,16894.0
2011-01-04 09:00:00,16847.0
2011-01-04 10:00:00,16845.0
2011-01-04 11:00:00,16779.0
2011-01-04 12:00:00,16610.0
2011-01-04 13:00:00,16421.0
2011-01-04 14:00:00,16175.0
2011-01-04 15:00:00,16249.0
2011-01-04 16:00:00,17339.0
2011-01-04 17:00:00,18676.0
2011-01-04 18:00:00,18639.0
2011-01-04 19:00:00,18216.0
2011-01-04 20:00:00,17534.0
2011-01-04 21:00:00,16384.0
2011-01-04 22:00:00,14845.0
2011-01-04 23:00:00,13479.0
2011-01-05 00:00:00,12632.0
2011-01-05 01:00:00,12181.0
2011-01-05 02:00:00,11998.0
2011-01-05 03:00:00,11987.0
2011-01-05 04:00:00,12359.0
2011-01-05 05:00:00,13478.0
2011-01-05 06:00:00,15551.0
2011-01-05 07:00:00,16696.0
2011-01-05 08:00:00,16742.0
2011-01-05 09:00:00,16655.0
2011-01-05 10:00:00,16611.0
2011-01-05 11:00:00,16546.0
2011-01-05 12:00:00,16377.0
2011-01-05 13:00:00,16341.0
2011-01-05 14:00:00,16188.0
2011-01-05 15:00:00,16279.0
2011-01-05 16:00:00,17408.0
2011-01-05 17:00:00,18744.0
2011-01-05 18:00:00,18697.0
2011-01-05 19:00:00,18282.0
2011-01-05 20:00:00,17644.0
2011-01-05 21:00:00,16496.0
2011-01-05 22:00:00,15017.0
2011-01-05 23:00:00,13694.0
2011-01-06 00:00:00,12863.0
2011-01-06 01:00:00,12439.0
2011-01-06 02:00:00,12292.0
2011-01-06 03:00:00,12344.0
2011-01-06 04:00:00,12718.0
2011-01-06 05:00:00,13904.0
2011-01-06 06:00:00,16029.0
2011-01-06 07:00:00,17209.0
2011-01-06 08:00:00,17242.0
2011-01-06 09:00:00,17157.0
2011-01-06 10:00:00,17064.0
2011-01-06 11:00:00,16939.0
2011-01-06 12:00:00,16737.0
2011-01-06 13:00:00,16610.0
2011-01-06 14:00:00,16399.0
2011-01-06 15:00:00,16456.0
2011-01-06 16:00:00,17520.0
2011-01-06 17:00:00,18882.0
2011-01-06 18:00:00,18883.0
2011-01-06 19:00:00,18518.0
2011-01-06 20:00:00,17871.0
2011-01-06 21:00:00,16774.0
2011-01-06 22:00:00,15286.0
2011-01-06 23:00:00,13974.0
2011-01-07 00:00:00,13089.0
2011-01-07 01:00:00,12614.0
2011-01-07 02:00:00,12371.0
2011-01-07 03:00:00,12354.0
2011-01-07 04:00:00,12688.0
2011-01-07 05:00:00,13755.0
2011-01-07 06:00:00,15759.0
2011-01-07 07:00:00,16988.0
2011-01-07 08:00:00,17158.0
2011-01-07 09:00:00,17185.0
2011-01-07 10:00:00,17229.0
2011-01-07 11:00:00,17168.0
2011-01-07 12:00:00,16993.0
2011-01-07 13:00:00,16859.0
2011-01-07 14:00:00,16649.0
2011-01-07 15:00:00,16692.0
2011-01-07 16:00:00,17595.0
2011-01-07 17:00:00,18505.0
2011-01-07 18:00:00,18263.0
2011-01-07 19:00:00,17665.0
2011-01-07 20:00:00,16977.0
2011-01-07 21:00:00,16045.0
2011-01-07 22:00:00,14819.0
2011-01-07 23:00:00,13580.0
2011-01-08 00:00:00,12657.0
2011-01-08 01:00:00,12131.0
2011-01-08 02:00:00,11847.0
2011-01-08 03:00:00,11750.0
2011-01-08 04:00:00,11845.0
2011-01-08 05:00:00,12241.0
2011-01-08 06:00:00,12999.0
2011-01-08 07:00:00,13835.0
2011-01-08 08:00:00,14820.0
2011-01-08 09:00:00,15611.0
2011-01-08 10:00:00,15986.0
2011-01-08 11:00:00,16089.0
2011-01-08 12:00:00,15932.0
2011-01-08 13:00:00,15671.0
2011-01-08 14:00:00,15477.0
2011-01-08 15:00:00,15587.0
2011-01-08 16:00:00,16593.0
2011-01-08 17:00:00,17575.0
2011-01-08 18:00:00,17351.0
2011-01-08 19:00:00,16784.0
2011-01-08 20:00:00,16210.0
2011-01-08 21:00:00,15412.0
2011-01-08 22:00:00,14424.0
2011-01-08 23:00:00,13362.0
2011-01-09 00:00:00,12456.0
2011-01-09 01:00:00,11925.0
2011-01-09 02:00:00,11643.0
2011-01-09 03:00:00,11551.0
2011-01-09 04:00:00,11641.0
2011-01-09 05:00:00,11958.0
2011-01-09 06:00:00,12509.0
2011-01-09 07:00:00,13132.0
2011-01-09 08:00:00,14024.0
2011-01-09 09:00:00,14714.0
2011-01-09 10:00:00,15057.0
2011-01-09 11:00:00,15258.0
2011-01-09 12:00:00,15290.0
2011-01-09 13:00:00,15188.0
2011-01-09 14:00:00,15086.0
2011-01-09 15:00:00,15258.0
2011-01-09 16:00:00,16475.0
2011-01-09 17:00:00,17923.0
2011-01-09 18:00:00,17910.0
2011-01-09 19:00:00,17449.0
2011-01-09 20:00:00,16836.0
2011-01-09 21:00:00,15762.0
2011-01-09 22:00:00,14483.0
2011-01-09 23:00:00,13364.0
2011-01-10 00:00:00,12609.0
2011-01-10 01:00:00,12230.0
2011-01-10 02:00:00,12109.0
2011-01-10 03:00:00,12174.0
2011-01-10 04:00:00,12593.0
2011-01-10 05:00:00,13797.0
2011-01-10 06:00:00,15966.0
2011-01-10 07:00:00,17113.0
2011-01-10 08:00:00,17255.0
2011-01-10 09:00:00,17279.0
2011-01-10 10:00:00,17256.0
2011-01-10 11:00:00,17149.0
2011-01-10 12:00:00,16906.0
2011-01-10 13:00:00,16745.0
2011-01-10 14:00:00,16503.0
2011-01-10 15:00:00,16542.0
2011-01-10 16:00:00,17568.0
2011-01-10 17:00:00,18992.0
2011-01-10 18:00:00,18960.0
2011-01-10 19:00:00,18569.0
2011-01-10 20:00:00,17847.0
2011-01-10 21:00:00,16679.0
2011-01-10 22:00:00,15193.0
2011-01-10 23:00:00,13867.0
2011-01-11 00:00:00,13028.0
2011-01-11 01:00:00,12573.0
2011-01-11 02:00:00,12417.0
2011-01-11 03:00:00,12466.0
2011-01-11 04:00:00,12870.0
2011-01-11 05:00:00,14051.0
2011-01-11 06:00:00,16218.0
2011-01-11 07:00:00,17342.0
2011-01-11 08:00:00,17413.0
2011-01-11 09:00:00,17413.0
2011-01-11 10:00:00,17388.0
2011-01-11 11:00:00,17251.0
2011-01-11 12:00:00,17055.0
2011-01-11 13:00:00,16885.0
2011-01-11 14:00:00,16704.0
2011-01-11 15:00:00,16781.0
2011-01-11 16:00:00,17719.0
2011-01-11 17:00:00,18885.0
2011-01-11 18:00:00,18774.0
2011-01-11 19:00:00,18291.0
2011-01-11 20:00:00,17587.0
2011-01-11 21:00:00,16511.0
2011-01-11 22:00:00,15121.0
2011-01-11 23:00:00,13864.0
2011-01-12 00:00:00,12948.0
2011-01-12 01:00:00,12479.0
2011-01-12 02:00:00,12233.0
2011-01-12 03:00:00,12207.0
2011-01-12 04:00:00,12427.0
2011-01-12 05:00:00,13080.0
2011-01-12 06:00:00,14058.0
2011-01-12 07:00:00,14825.0
2011-01-12 08:00:00,15503.0
2011-01-12 09:00:00,16175.0
2011-01-12 10:00:00,16637.0
2011-01-12 11:00:00,16919.0
2011-01-12 12:00:00,17011.0
2011-01-12 13:00:00,16888.0
2011-01-12 14:00:00,16709.0
2011-01-12 15:00:00,16737.0
2011-01-12 16:00:00,17732.0
2011-01-12 17:00:00,19091.0
2011-01-12 18:00:00,18776.0
2011-01-12 19:00:00,18047.0
2011-01-12 20:00:00,17174.0
2011-01-12 21:00:00,16010.0
2011-01-12 22:00:00,14639.0
2011-01-12 23:00:00,13491.0
2011-01-13 00:00:00,12668.0
2011-01-13 01:00:00,12291.0
2011-01-13 02:00:00,12134.0
2011-01-13 03:00:00,12179.0
2011-01-13 04:00:00,12535.0
2011-01-13 05:00:00,13604.0
2011-01-13 06:00:00,15416.0
2011-01-13 07:00:00,16502.0
2011-01-13 08:00:00,16836.0
2011-01-13 09:00:00,16958.0
2011-01-13 10:00:00,17061.0
2011-01-13 11:00:00,17037.0
2011-01-13 12:00:00,16877.0
2011-01-13 13:00:00,16787.0
2011-01-13 14:00:00,16609.0
2011-01-13 15:00:00,16656.0
2011-01-13 16:00:00,17569.0
2011-01-13 17:00:00,19001.0
2011-01-13 18:00:00,19021.0
2011-01-13 19:00:00,18647.0
2011-01-13 20:00:00,17992.0
2011-01-13 21:00:00,16872.0
2011-01-13 22:00:00,15427.0
2011-01-13 23:00:00,14157.0
2011-01-14 00:00:00,13286.0
2011-01-14 01:00:00,12882.0
2011-01-14 02:00:00,12727.0
2011-01-14 03:00:00,12764.0
2011-01-14 04:00:00,13101.0
2011-01-14 05:00:00,14221.0
2011-01-14 06:00:00,16255.0
2011-01-14 07:00:00,17407.0
2011-01-14 08:00:00,17632.0
2011-01-14 09:00:00,17752.0
2011-01-14 10:00:00,17788.0
2011-01-14 11:00:00,17668.0
2011-01-14 12:00:00,17409.0
2011-01-14 13:00:00,17221.0
2011-01-14 14:00:00,16944.0
2011-01-14 15:00:00,16865.0
2011-01-14 16:00:00,17596.0
2011-01-14 17:00:00,18754.0
2011-01-14 18:00:00,18607.0
2011-01-14 19:00:00,18197.0
2011-01-14 20:00:00,17675.0
2011-01-14 21:00:00,16874.0
2011-01-14 22:00:00,15744.0
2011-01-14 23:00:00,14594.0
2011-01-15 00:00:00,13795.0
2011-01-15 01:00:00,13346.0
2011-01-15 02:00:00,13132.0
2011-01-15 03:00:00,13078.0
2011-01-15 04:00:00,13209.0
2011-01-15 05:00:00,13649.0
2011-01-15 06:00:00,14477.0
2011-01-15 07:00:00,15360.0
2011-01-15 08:00:00,16258.0
2011-01-15 09:00:00,16743.0
2011-01-15 10:00:00,16760.0
2011-01-15 11:00:00,16532.0
2011-01-15 12:00:00,16212.0
2011-01-15 13:00:00,15901.0
2011-01-15 14:00:00,15746.0
2011-01-15 15:00:00,15824.0
2011-01-15 16:00:00,16753.0
2011-01-15 17:00:00,17805.0
2011-01-15 18:00:00,17580.0
2011-01-15 19:00:00,17003.0
2011-01-15 20:00:00,16460.0
2011-01-15 21:00:00,15628.0
2011-01-15 22:00:00,14560.0
2011-01-15 23:00:00,13486.0
2011-01-16 00:00:00,12562.0
2011-01-16 01:00:00,12028.0
2011-01-16 02:00:00,11725.0
2011-01-16 03:00:00,11603.0
2011-01-16 04:00:00,11657.0
2011-01-16 05:00:00,11948.0
2011-01-16 06:00:00,12533.0
2011-01-16 07:00:00,13172.0
2011-01-16 08:00:00,14019.0
2011-01-16 09:00:00,14636.0
2011-01-16 10:00:00,14951.0
2011-01-16 11:00:00,15068.0
2011-01-16 12:00:00,15039.0
2011-01-16 13:00:00,14937.0
2011-01-16 14:00:00,14853.0
2011-01-16 15:00:00,14982.0
2011-01-16 16:00:00,15936.0
2011-01-16 17:00:00,17170.0
2011-01-16 18:00:00,17194.0
2011-01-16 19:00:00,16666.0
2011-01-16 20:00:00,16357.0
2011-01-16 21:00:00,15555.0
2011-01-16 22:00:00,14546.0
2011-01-16 23:00:00,13568.0
2011-01-17 00:00:00,12839.0
2011-01-17 01:00:00,12493.0
2011-01-17 02:00:00,12365.0
2011-01-17 03:00:00,12399.0
2011-01-17 04:00:00,12746.0
2011-01-17 05:00:00,13607.0
2011-01-17 06:00:00,15022.0
2011-01-17 07:00:00,16140.0
2011-01-17 08:00:00,16927.0
2011-01-17 09:00:00,17428.0
2011-01-17 10:00:00,17647.0
2011-01-17 11:00:00,17640.0
2011-01-17 12:00:00,17419.0
2011-01-17 13:00:00,17204.0
2011-01-17 14:00:00,17007.0
2011-01-17 15:00:00,17042.0
2011-01-17 16:00:00,17931.0
2011-01-17 17:00:00,19464.0
2011-01-17 18:00:00,19459.0
2011-01-17 19:00:00,19027.0
2011-01-17 20:00:00,18286.0
2011-01-17 21:00:00,17103.0
2011-01-17 22:00:00,15646.0
2011-01-17 23:00:00,14342.0
2011-01-18 00:00:00,13483.0
2011-01-18 01:00:00,13024.0
2011-01-18 02:00:00,12793.0
2011-01-18 03:00:00,12777.0
2011-01-18 04:00:00,13128.0
2011-01-18 05:00:00,14222.0
2011-01-18 06:00:00,16015.0
2011-01-18 07:00:00,17133.0
2011-01-18 08:00:00,17521.0
2011-01-18 09:00:00,17886.0
2011-01-18 10:00:00,18229.0
2011-01-18 11:00:00,18382.0
2011-01-18 12:00:00,18332.0
2011-01-18 13:00:00,18155.0
2011-01-18 14:00:00,17845.0
2011-01-18 15:00:00,17751.0
2011-01-18 16:00:00,18396.0
2011-01-18 17:00:00,19389.0
2011-01-18 18:00:00,19081.0
2011-01-18 19:00:00,18372.0
2011-01-18 20:00:00,17378.0
2011-01-18 21:00:00,16064.0
2011-01-18 22:00:00,14548.0
2011-01-18 23:00:00,13227.0
2011-01-19 00:00:00,12374.0
2011-01-19 01:00:00,11914.0
2011-01-19 02:00:00,11687.0
2011-01-19 03:00:00,11677.0
2011-01-19 04:00:00,12012.0
2011-01-19 05:00:00,13083.0
2011-01-19 06:00:00,14991.0
2011-01-19 07:00:00,16149.0
2011-01-19 08:00:00,16397.0
2011-01-19 09:00:00,16461.0
2011-01-19 10:00:00,16523.0
2011-01-19 11:00:00,16582.0
2011-01-19 12:00:00,16533.0
2011-01-19 13:00:00,16470.0
2011-01-19 14:00:00,16340.0
2011-01-19 15:00:00,16331.0
2011-01-19 16:00:00,17072.0
2011-01-19 17:00:00,18270.0
2011-01-19 18:00:00,18249.0
2011-01-19 19:00:00,17819.0
2011-01-19 20:00:00,17107.0
2011-01-19 21:00:00,16003.0
2011-01-19 22:00:00,14604.0
2011-01-19 23:00:00,13283.0
2011-01-20 00:00:00,12422.0
2011-01-20 01:00:00,11986.0
2011-01-20 02:00:00,11793.0
2011-01-20 03:00:00,11815.0
2011-01-20 04:00:00,12187.0
2011-01-20 05:00:00,13387.0
2011-01-20 06:00:00,15519.0
2011-01-20 07:00:00,16601.0
2011-01-20 08:00:00,16670.0
2011-01-20 09:00:00,16645.0
2011-01-20 10:00:00,16700.0
2011-01-20 11:00:00,16691.0
2011-01-20 12:00:00,16478.0
2011-01-20 13:00:00,16405.0
2011-01-20 14:00:00,16200.0
2011-01-20 15:00:00,16242.0
2011-01-20 16:00:00,17039.0
2011-01-20 17:00:00,18485.0
2011-01-20 18:00:00,18526.0
2011-01-20 19:00:00,18145.0
2011-01-20 20:00:00,17522.0
2011-01-20 21:00:00,16419.0
2011-01-20 22:00:00,15007.0
2011-01-20 23:00:00,13721.0
2011-01-21 00:00:00,12829.0
2011-01-21 01:00:00,12393.0
2011-01-21 02:00:00,12181.0
2011-01-21 03:00:00,12176.0
2011-01-21 04:00:00,12517.0
2011-01-21 05:00:00,13534.0
2011-01-21 06:00:00,14965.0
2011-01-21 07:00:00,16015.0
2011-01-21 08:00:00,16662.0
2011-01-21 09:00:00,17159.0
2011-01-21 10:00:00,17441.0
2011-01-21 11:00:00,17517.0
2011-01-21 12:00:00,17408.0
2011-01-21 13:00:00,17220.0
2011-01-21 14:00:00,16984.0
2011-01-21 15:00:00,16891.0
2011-01-21 16:00:00,17439.0
2011-01-21 17:00:00,18759.0
2011-01-21 18:00:00,18664.0
2011-01-21 19:00:00,18117.0
2011-01-21 20:00:00,17469.0
2011-01-21 21:00:00,16578.0
2011-01-21 22:00:00,15433.0
2011-01-21 23:00:00,14311.0
2011-01-22 00:00:00,13466.0
2011-01-22 01:00:00,13021.0
2011-01-22 02:00:00,12774.0
2011-01-22 03:00:00,12697.0
2011-01-22 04:00:00,12831.0
2011-01-22 05:00:00,13250.0
2011-01-22 06:00:00,14080.0
2011-01-22 07:00:00,14891.0
2011-01-22 08:00:00,15789.0
2011-01-22 09:00:00,16259.0
2011-01-22 10:00:00,16414.0
2011-01-22 11:00:00,16263.0
2011-01-22 12:00:00,16003.0
2011-01-22 13:00:00,15721.0
2011-01-22 14:00:00,15532.0
2011-01-22 15:00:00,15569.0
2011-01-22 16:00:00,16296.0
2011-01-22 17:00:00,17798.0
2011-01-22 18:00:00,17848.0
2011-01-22 19:00:00,17430.0
2011-01-22 20:00:00,16961.0
2011-01-22 21:00:00,16325.0
2011-01-22 22:00:00,15394.0
2011-01-22 23:00:00,14465.0
2011-01-23 00:00:00,13721.0
2011-01-23 01:00:00,13300.0
2011-01-23 02:00:00,13085.0
2011-01-23 03:00:00,13038.0
2011-01-23 04:00:00,13128.0
2011-01-23 05:00:00,13440.0
2011-01-23 06:00:00,13991.0
2011-01-23 07:00:00,14635.0
2011-01-23 08:00:00,15516.0
2011-01-23 09:00:00,16103.0
2011-01-23 10:00:00,16303.0
2011-01-23 11:00:00,16369.0
2011-01-23 12:00:00,16357.0
2011-01-23 13:00:00,16228.0
2011-01-23 14:00:00,16176.0
2011-01-23 15:00:00,16337.0
2011-01-23 16:00:00,17259.0
2011-01-23 17:00:00,18935.0
2011-01-23 18:00:00,19114.0
2011-01-23 19:00:00,18755.0
2011-01-23 20:00:00,18203.0
2011-01-23 21:00:00,17270.0
2011-01-23 22:00:00,16087.0
2011-01-23 23:00:00,14982.0
2011-01-24 00:00:00,14288.0
2011-01-24 01:00:00,13995.0
2011-01-24 02:00:00,13923.0
2011-01-24 03:00:00,14040.0
2011-01-24 04:00:00,14472.0
2011-01-24 05:00:00,15689.0
2011-01-24 06:00:00,17834.0
2011-01-24 07:00:00,18981.0
2011-01-24 08:00:00,19178.0
2011-01-24 09:00:00,19224.0
2011-01-24 10:00:00,19239.0
2011-01-24 11:00:00,19119.0
2011-01-24 12:00:00,18866.0
2011-01-24 13:00:00,18647.0
2011-01-24 14:00:00,18339.0
2011-01-24 15:00:00,18295.0
2011-01-24 16:00:00,18968.0
2011-01-24 17:00:00,20595.0
2011-01-24 18:00:00,20776.0
2011-01-24 19:00:00,20434.0
2011-01-24 20:00:00,19729.0
2011-01-24 21:00:00,18537.0
2011-01-24 22:00:00,16961.0
2011-01-24 23:00:00,15559.0
2011-01-25 00:00:00,14660.0
2011-01-25 01:00:00,14204.0
2011-01-25 02:00:00,13990.0
2011-01-25 03:00:00,13953.0
2011-01-25 04:00:00,14255.0
2011-01-25 05:00:00,15292.0
2011-01-25 06:00:00,17167.0
2011-01-25 07:00:00,18216.0
2011-01-25 08:00:00,18399.0
2011-01-25 09:00:00,18491.0
2011-01-25 10:00:00,18544.0
2011-01-25 11:00:00,18468.0
2011-01-25 12:00:00,18207.0
2011-01-25 13:00:00,18000.0
2011-01-25 14:00:00,17687.0
2011-01-25 15:00:00,17558.0
2011-01-25 16:00:00,18029.0
2011-01-25 17:00:00,19425.0
2011-01-25 18:00:00,19596.0
2011-01-25 19:00:00,19231.0
2011-01-25 20:00:00,18552.0
2011-01-25 21:00:00,17460.0
2011-01-25 22:00:00,15997.0
2011-01-25 23:00:00,14661.0
2011-01-26 00:00:00,13799.0
2011-01-26 01:00:00,13386.0
2011-01-26 02:00:00,13221.0
2011-01-26 03:00:00,13250.0
2011-01-26 04:00:00,13581.0
2011-01-26 05:00:00,14716.0
2011-01-26 06:00:00,16757.0
2011-01-26 07:00:00,17860.0
2011-01-26 08:00:00,18026.0
2011-01-26 09:00:00,18115.0
2011-01-26 10:00:00,18161.0
2011-01-26 11:00:00,18053.0
2011-01-26 12:00:00,17872.0
2011-01-26 13:00:00,17808.0
2011-01-26 14:00:00,17651.0
2011-01-26 15:00:00,17651.0
2011-01-26 16:00:00,18270.0
2011-01-26 17:00:00,19509.0
2011-01-26 18:00:00,19455.0
2011-01-26 19:00:00,18859.0
2011-01-26 20:00:00,17985.0
2011-01-26 21:00:00,16769.0
2011-01-26 22:00:00,15333.0
2011-01-26 23:00:00,14019.0
2011-01-27 00:00:00,13181.0
2011-01-27 01:00:00,12739.0
2011-01-27 02:00:00,12561.0
2011-01-27 03:00:00,12577.0
2011-01-27 04:00:00,12868.0
2011-01-27 05:00:00,13710.0
2011-01-27 06:00:00,15023.0
2011-01-27 07:00:00,15888.0
2011-01-27 08:00:00,16428.0
2011-01-27 09:00:00,16732.0
2011-01-27 10:00:00,16926.0
2011-01-27 11:00:00,17079.0
2011-01-27 12:00:00,17061.0
2011-01-27 13:00:00,16927.0
2011-01-27 14:00:00,16737.0
2011-01-27 15:00:00,16690.0
2011-01-27 16:00:00,17205.0
2011-01-27 17:00:00,18709.0
2011-01-27 18:00:00,18874.0
2011-01-27 19:00:00,18420.0
2011-01-27 20:00:00,17726.0
2011-01-27 21:00:00,16628.0
2011-01-27 22:00:00,15188.0
2011-01-27 23:00:00,13939.0
2011-01-28 00:00:00,13101.0
2011-01-28 01:00:00,12710.0
2011-01-28 02:00:00,12552.0
2011-01-28 03:00:00,12586.0
2011-01-28 04:00:00,12959.0
2011-01-28 05:00:00,14059.0
2011-01-28 06:00:00,16085.0
2011-01-28 07:00:00,17138.0
2011-01-28 08:00:00,17266.0
2011-01-28 09:00:00,17224.0
2011-01-28 10:00:00,17179.0
2011-01-28 11:00:00,17015.0
2011-01-28 12:00:00,16716.0
2011-01-28 13:00:00,16573.0
2011-01-28 14:00:00,16334.0
2011-01-28 15:00:00,16266.0
2011-01-28 16:00:00,16778.0
2011-01-28 17:00:00,17988.0
2011-01-28 18:00:00,17961.0
2011-01-28 19:00:00,17468.0
2011-01-28 20:00:00,16878.0
2011-01-28 21:00:00,15995.0
2011-01-28 22:00:00,14820.0
2011-01-28 23:00:00,13660.0
2011-01-29 00:00:00,12774.0
2011-01-29 01:00:00,12260.0
2011-01-29 02:00:00,11974.0
2011-01-29 03:00:00,11889.0
2011-01-29 04:00:00,11983.0
2011-01-29 05:00:00,12412.0
2011-01-29 06:00:00,13194.0
2011-01-29 07:00:00,14031.0
2011-01-29 08:00:00,14974.0
2011-01-29 09:00:00,15469.0
2011-01-29 10:00:00,15600.0
2011-01-29 11:00:00,15506.0
2011-01-29 12:00:00,15281.0
2011-01-29 13:00:00,15083.0
2011-01-29 14:00:00,14901.0
2011-01-29 15:00:00,14954.0
2011-01-29 16:00:00,15580.0
2011-01-29 17:00:00,16880.0
2011-01-29 18:00:00,16907.0
2011-01-29 19:00:00,16432.0
2011-01-29 20:00:00,15912.0
2011-01-29 21:00:00,15206.0
2011-01-29 22:00:00,14273.0
2011-01-29 23:00:00,13302.0
2011-01-30 00:00:00,12532.0
2011-01-30 01:00:00,12084.0
2011-01-30 02:00:00,11854.0
2011-01-30 03:00:00,11779.0
2011-01-30 04:00:00,11855.0
2011-01-30 05:00:00,12182.0
2011-01-30 06:00:00,12782.0
2011-01-30 07:00:00,13436.0
2011-01-30 08:00:00,14382.0
2011-01-30 09:00:00,15008.0
2011-01-30 10:00:00,15243.0
2011-01-30 11:00:00,15304.0
2011-01-30 12:00:00,15201.0
2011-01-30 13:00:00,15051.0
2011-01-30 14:00:00,14943.0
2011-01-30 15:00:00,15044.0
2011-01-30 16:00:00,15760.0
2011-01-30 17:00:00,17363.0
2011-01-30 18:00:00,17647.0
2011-01-30 19:00:00,17297.0
2011-01-30 20:00:00,16662.0
2011-01-30 21:00:00,15672.0
2011-01-30 22:00:00,14464.0
2011-01-30 23:00:00,13372.0
2011-01-31 00:00:00,12642.0
2011-01-31 01:00:00,12330.0
2011-01-31 02:00:00,12235.0
2011-01-31 03:00:00,12337.0
2011-01-31 04:00:00,12795.0
2011-01-31 05:00:00,14053.0
2011-01-31 06:00:00,16278.0
2011-01-31 07:00:00,17355.0
2011-01-31 08:00:00,17449.0
2011-01-31 09:00:00,17378.0
2011-01-31 10:00:00,17362.0
2011-01-31 11:00:00,17196.0
2011-01-31 12:00:00,16981.0
2011-01-31 13:00:00,16803.0
2011-01-31 14:00:00,16597.0
2011-01-31 15:00:00,16628.0
2011-01-31 16:00:00,17265.0
2011-01-31 17:00:00,18877.0
2011-01-31 18:00:00,19236.0
2011-01-31 19:00:00,18907.0
2011-01-31 20:00:00,18282.0
2011-01-31 21:00:00,17192.0
2011-01-31 22:00:00,15721.0
2011-01-31 23:00:00,14379.0
2011-02-01 00:00:00,13523.0
2011-02-01 01:00:00,13085.0
2011-02-01 02:00:00,12899.0
2011-02-01 03:00:00,12909.0
2011-02-01 04:00:00,13261.0
2011-02-01 05:00:00,14369.0
2011-02-01 06:00:00,16309.0
2011-02-01 07:00:00,17419.0
2011-02-01 08:00:00,17774.0
2011-02-01 09:00:00,18104.0
2011-02-01 10:00:00,18392.0
2011-02-01 11:00:00,18545.0
2011-02-01 12:00:00,18537.0
2011-02-01 13:00:00,18416.0
2011-02-01 14:00:00,18143.0
2011-02-01 15:00:00,17957.0
2011-02-01 16:00:00,18426.0
2011-02-01 17:00:00,19633.0
2011-02-01 18:00:00,19579.0
2011-02-01 19:00:00,18905.0
2011-02-01 20:00:00,18018.0
2011-02-01 21:00:00,16836.0
2011-02-01 22:00:00,15421.0
2011-02-01 23:00:00,14219.0
2011-02-02 00:00:00,13368.0
2011-02-02 01:00:00,12894.0
2011-02-02 02:00:00,12666.0
2011-02-02 03:00:00,12632.0
2011-02-02 04:00:00,12909.0
2011-02-02 05:00:00,13660.0
2011-02-02 06:00:00,14811.0
2011-02-02 07:00:00,15718.0
2011-02-02 08:00:00,16551.0
2011-02-02 09:00:00,17244.0
2011-02-02 10:00:00,17768.0
2011-02-02 11:00:00,18032.0
2011-02-02 12:00:00,18000.0
2011-02-02 13:00:00,17792.0
2011-02-02 14:00:00,17542.0
2011-02-02 15:00:00,17451.0
2011-02-02 16:00:00,18010.0
2011-02-02 17:00:00,19257.0
2011-02-02 18:00:00,19185.0
2011-02-02 19:00:00,18532.0
2011-02-02 20:00:00,17650.0
2011-02-02 21:00:00,16441.0
2011-02-02 22:00:00,14980.0
2011-02-02 23:00:00,13759.0
2011-02-03 00:00:00,12994.0
2011-02-03 01:00:00,12616.0
2011-02-03 02:00:00,12444.0
2011-02-03 03:00:00,12494.0
2011-02-03 04:00:00,12893.0
2011-02-03 05:00:00,14026.0
2011-02-03 06:00:00,15959.0
2011-02-03 07:00:00,17013.0
2011-02-03 08:00:00,17295.0
2011-02-03 09:00:00,17295.0
2011-02-03 10:00:00,17325.0
2011-02-03 11:00:00,17189.0
2011-02-03 12:00:00,16954.0
2011-02-03 13:00:00,16753.0
2011-02-03 14:00:00,16531.0
2011-02-03 15:00:00,16472.0
2011-02-03 16:00:00,16944.0
2011-02-03 17:00:00,18375.0
2011-02-03 18:00:00,18822.0
2011-02-03 19:00:00,18589.0
2011-02-03 20:00:00,18042.0
2011-02-03 21:00:00,17070.0
2011-02-03 22:00:00,15694.0
2011-02-03 23:00:00,14452.0
2011-02-04 00:00:00,13641.0
2011-02-04 01:00:00,13234.0
2011-02-04 02:00:00,13094.0
2011-02-04 03:00:00,13147.0
2011-02-04 04:00:00,13525.0
2011-02-04 05:00:00,14663.0
2011-02-04 06:00:00,16663.0
2011-02-04 07:00:00,17606.0
2011-02-04 08:00:00,17632.0
2011-02-04 09:00:00,17480.0
2011-02-04 10:00:00,17313.0
2011-02-04 11:00:00,17046.0
2011-02-04 12:00:00,16719.0
2011-02-04 13:00:00,16488.0
2011-02-04 14:00:00,16203.0
2011-02-04 15:00:00,16115.0
2011-02-04 16:00:00,16531.0
2011-02-04 17:00:00,17767.0
2011-02-04 18:00:00,18014.0
2011-02-04 19:00:00,17590.0
2011-02-04 20:00:00,17072.0
2011-02-04 21:00:00,16275.0
2011-02-04 22:00:00,15171.0
2011-02-04 23:00:00,14060.0
2011-02-05 00:00:00,13228.0
2011-02-05 01:00:00,12743.0
2011-02-05 02:00:00,12514.0
2011-02-05 03:00:00,12442.0
2011-02-05 04:00:00,12582.0
2011-02-05 05:00:00,13023.0
2011-02-05 06:00:00,13802.0
2011-02-05 07:00:00,14588.0
2011-02-05 08:00:00,15566.0
2011-02-05 09:00:00,16129.0
2011-02-05 10:00:00,16309.0
2011-02-05 11:00:00,16235.0
2011-02-05 12:00:00,16058.0
2011-02-05 13:00:00,15822.0
2011-02-05 14:00:00,15659.0
2011-02-05 15:00:00,15688.0
2011-02-05 16:00:00,16300.0
2011-02-05 17:00:00,17366.0
2011-02-05 18:00:00,17333.0
2011-02-05 19:00:00,16717.0
2011-02-05 20:00:00,16049.0
2011-02-05 21:00:00,15174.0
2011-02-05 22:00:00,14071.0
2011-02-05 23:00:00,12989.0
2011-02-06 00:00:00,12173.0
2011-02-06 01:00:00,11670.0
2011-02-06 02:00:00,11390.0
2011-02-06 03:00:00,11265.0
2011-02-06 04:00:00,11326.0
2011-02-06 05:00:00,11611.0
2011-02-06 06:00:00,12169.0
2011-02-06 07:00:00,12764.0
2011-02-06 08:00:00,13638.0
2011-02-06 09:00:00,14233.0
2011-02-06 10:00:00,14516.0
2011-02-06 11:00:00,14634.0
2011-02-06 12:00:00,14581.0
2011-02-06 13:00:00,14426.0
2011-02-06 14:00:00,14318.0
2011-02-06 15:00:00,14427.0
2011-02-06 16:00:00,15070.0
2011-02-06 17:00:00,16589.0
2011-02-06 18:00:00,16734.0
2011-02-06 19:00:00,16051.0
2011-02-06 20:00:00,15515.0
2011-02-06 21:00:00,14783.0
2011-02-06 22:00:00,13852.0
2011-02-06 23:00:00,12771.0
2011-02-07 00:00:00,11901.0
2011-02-07 01:00:00,11470.0
2011-02-07 02:00:00,11352.0
2011-02-07 03:00:00,11378.0
2011-02-07 04:00:00,11783.0
2011-02-07 05:00:00,12961.0
2011-02-07 06:00:00,15049.0
2011-02-07 07:00:00,16053.0
2011-02-07 08:00:00,16228.0
2011-02-07 09:00:00,16266.0
2011-02-07 10:00:00,16214.0
2011-02-07 11:00:00,16114.0
2011-02-07 12:00:00,15943.0
2011-02-07 13:00:00,15881.0
2011-02-07 14:00:00,15758.0
2011-02-07 15:00:00,15816.0
2011-02-07 16:00:00,16428.0
2011-02-07 17:00:00,17780.0
2011-02-07 18:00:00,17967.0
2011-02-07 19:00:00,17544.0
2011-02-07 20:00:00,16814.0
2011-02-07 21:00:00,15643.0
2011-02-07 22:00:00,14171.0
2011-02-07 23:00:00,12901.0
2011-02-08 00:00:00,12018.0
2011-02-08 01:00:00,11597.0
2011-02-08 02:00:00,11409.0
2011-02-08 03:00:00,11421.0
2011-02-08 04:00:00,11748.0
2011-02-08 05:00:00,12873.0
2011-02-08 06:00:00,14836.0
2011-02-08 07:00:00,15881.0
2011-02-08 08:00:00,16222.0
2011-02-08 09:00:00,16351.0
2011-02-08 10:00:00,16465.0
2011-02-08 11:00:00,16506.0
2011-02-08 12:00:00,16399.0
2011-02-08 13:00:00,16355.0
2011-02-08 14:00:00,16255.0
2011-02-08 15:00:00,16311.0
2011-02-08 16:00:00,16911.0
2011-02-08 17:00:00,18437.0
2011-02-08 18:00:00,19001.0
2011-02-08 19:00:00,18753.0
2011-02-08 20:00:00,18190.0
2011-02-08 21:00:00,17182.0
2011-02-08 22:00:00,15767.0
2011-02-08 23:00:00,14480.0
2011-02-09 00:00:00,13676.0
2011-02-09 01:00:00,13300.0
2011-02-09 02:00:00,13128.0
2011-02-09 03:00:00,13163.0
2011-02-09 04:00:00,13504.0
2011-02-09 05:00:00,14645.0
2011-02-09 06:00:00,16718.0
2011-02-09 07:00:00,17648.0
2011-02-09 08:00:00,17736.0
2011-02-09 09:00:00,17660.0
2011-02-09 10:00:00,17580.0
2011-02-09 11:00:00,17412.0
2011-02-09 12:00:00,17160.0
2011-02-09 13:00:00,16947.0
2011-02-09 14:00:00,16697.0
2011-02-09 15:00:00,16679.0
2011-02-09 16:00:00,17225.0
2011-02-09 17:00:00,18606.0
2011-02-09 18:00:00,19007.0
2011-02-09 19:00:00,18692.0
2011-02-09 20:00:00,18020.0
2011-02-09 21:00:00,16906.0
2011-02-09 22:00:00,15403.0
2011-02-09 23:00:00,14014.0
2011-02-10 00:00:00,13139.0
2011-02-10 01:00:00,12690.0
2011-02-10 02:00:00,12510.0
2011-02-10 03:00:00,12498.0
2011-02-10 04:00:00,12822.0
2011-02-10 05:00:00,13995.0
2011-02-10 06:00:00,16100.0
2011-02-10 07:00:00,17127.0
2011-02-10 08:00:00,17223.0
2011-02-10 09:00:00,17148.0
2011-02-10 10:00:00,17081.0
2011-02-10 11:00:00,16974.0
2011-02-10 12:00:00,16765.0
2011-02-10 13:00:00,16648.0
2011-02-10 14:00:00,16436.0
2011-02-10 15:00:00,16429.0
2011-02-10 16:00:00,16938.0
2011-02-10 17:00:00,18306.0
2011-02-10 18:00:00,18914.0
2011-02-10 19:00:00,18687.0
2011-02-10 20:00:00,18117.0
2011-02-10 21:00:00,17113.0
2011-02-10 22:00:00,15715.0
2011-02-10 23:00:00,14476.0
2011-02-11 00:00:00,13719.0
2011-02-11 01:00:00,13329.0
2011-02-11 02:00:00,13215.0
2011-02-11 03:00:00,13267.0
2011-02-11 04:00:00,13666.0
2011-02-11 05:00:00,14832.0
2011-02-11 06:00:00,16847.0
2011-02-11 07:00:00,17842.0
2011-02-11 08:00:00,17926.0
2011-02-11 09:00:00,17796.0
2011-02-11 10:00:00,17633.0
2011-02-11 11:00:00,17361.0
2011-02-11 12:00:00,16990.0
2011-02-11 13:00:00,16741.0
2011-02-11 14:00:00,16450.0
2011-02-11 15:00:00,16364.0
2011-02-11 16:00:00,16716.0
2011-02-11 17:00:00,17847.0
2011-02-11 18:00:00,18248.0
2011-02-11 19:00:00,17837.0
2011-02-11 20:00:00,17291.0
2011-02-11 21:00:00,16485.0
2011-02-11 22:00:00,15377.0
2011-02-11 23:00:00,14213.0
2011-02-12 00:00:00,13384.0
2011-02-12 01:00:00,12949.0
2011-02-12 02:00:00,12746.0
2011-02-12 03:00:00,12692.0
2011-02-12 04:00:00,12810.0
2011-02-12 05:00:00,13220.0
2011-02-12 06:00:00,13987.0
2011-02-12 07:00:00,14760.0
2011-02-12 08:00:00,15699.0
2011-02-12 09:00:00,16146.0
2011-02-12 10:00:00,16242.0
2011-02-12 11:00:00,16057.0
2011-02-12 12:00:00,15751.0
2011-02-12 13:00:00,15455.0
2011-02-12 14:00:00,15224.0
2011-02-12 15:00:00,15136.0
2011-02-12 16:00:00,15472.0
2011-02-12 17:00:00,16647.0
2011-02-12 18:00:00,17074.0
2011-02-12 19:00:00,16666.0
2011-02-12 20:00:00,16159.0
2011-02-12 21:00:00,15473.0
2011-02-12 22:00:00,14525.0
2011-02-12 23:00:00,13549.0
2011-02-13 00:00:00,12736.0
2011-02-13 01:00:00,12282.0
2011-02-13 02:00:00,12034.0
2011-02-13 03:00:00,11964.0
2011-02-13 04:00:00,12054.0
2011-02-13 05:00:00,12375.0
2011-02-13 06:00:00,12918.0
2011-02-13 07:00:00,13602.0
2011-02-13 08:00:00,14604.0
2011-02-13 09:00:00,15289.0
2011-02-13 10:00:00,15550.0
2011-02-13 11:00:00,15635.0
2011-02-13 12:00:00,15638.0
2011-02-13 13:00:00,15489.0
2011-02-13 14:00:00,15292.0
2011-02-13 15:00:00,15186.0
2011-02-13 16:00:00,15615.0
2011-02-13 17:00:00,16930.0
2011-02-13 18:00:00,17343.0
2011-02-13 19:00:00,16934.0
2011-02-13 20:00:00,16254.0
2011-02-13 21:00:00,15194.0
2011-02-13 22:00:00,13930.0
2011-02-13 23:00:00,12809.0
2011-02-14 00:00:00,12000.0
2011-02-14 01:00:00,11561.0
2011-02-14 02:00:00,11363.0
2011-02-14 03:00:00,11350.0
2011-02-14 04:00:00,11703.0
2011-02-14 05:00:00,12824.0
2011-02-14 06:00:00,14878.0
2011-02-14 07:00:00,15863.0
2011-02-14 08:00:00,16026.0
2011-02-14 09:00:00,16029.0
2011-02-14 10:00:00,16034.0
2011-02-14 11:00:00,15892.0
2011-02-14 12:00:00,15686.0
2011-02-14 13:00:00,15489.0
2011-02-14 14:00:00,15234.0
2011-02-14 15:00:00,15142.0
2011-02-14 16:00:00,15591.0
2011-02-14 17:00:00,16899.0
2011-02-14 18:00:00,17335.0
2011-02-14 19:00:00,16958.0
2011-02-14 20:00:00,16269.0
2011-02-14 21:00:00,15242.0
2011-02-14 22:00:00,13954.0
2011-02-14 23:00:00,12788.0
2011-02-15 00:00:00,12072.0
2011-02-15 01:00:00,11771.0
2011-02-15 02:00:00,11722.0
2011-02-15 03:00:00,11836.0
2011-02-15 04:00:00,12276.0
2011-02-15 05:00:00,13515.0
2011-02-15 06:00:00,15608.0
2011-02-15 07:00:00,16666.0
2011-02-15 08:00:00,16911.0
2011-02-15 09:00:00,16984.0
2011-02-15 10:00:00,17045.0
2011-02-15 11:00:00,17019.0
2011-02-15 12:00:00,16861.0
2011-02-15 13:00:00,16723.0
2011-02-15 14:00:00,16512.0
2011-02-15 15:00:00,16483.0
2011-02-15 16:00:00,16958.0
2011-02-15 17:00:00,18316.0
2011-02-15 18:00:00,18991.0
2011-02-15 19:00:00,18652.0
2011-02-15 20:00:00,18008.0
2011-02-15 21:00:00,16915.0
2011-02-15 22:00:00,15452.0
2011-02-15 23:00:00,14169.0
2011-02-16 00:00:00,13356.0
2011-02-16 01:00:00,12937.0
2011-02-16 02:00:00,12744.0
2011-02-16 03:00:00,12738.0
2011-02-16 04:00:00,13100.0
2011-02-16 05:00:00,14267.0
2011-02-16 06:00:00,16311.0
2011-02-16 07:00:00,17237.0
2011-02-16 08:00:00,17314.0
2011-02-16 09:00:00,17224.0
2011-02-16 10:00:00,17057.0
2011-02-16 11:00:00,16811.0
2011-02-16 12:00:00,16519.0
2011-02-16 13:00:00,16269.0
2011-02-16 14:00:00,16017.0
2011-02-16 15:00:00,15943.0
2011-02-16 16:00:00,16416.0
2011-02-16 17:00:00,17680.0
2011-02-16 18:00:00,18104.0
2011-02-16 19:00:00,17671.0
2011-02-16 20:00:00,16938.0
2011-02-16 21:00:00,15813.0
2011-02-16 22:00:00,14331.0
2011-02-16 23:00:00,13017.0
2011-02-17 00:00:00,12153.0
2011-02-17 01:00:00,11708.0
2011-02-17 02:00:00,11531.0
2011-02-17 03:00:00,11536.0
2011-02-17 04:00:00,11908.0
2011-02-17 05:00:00,13025.0
2011-02-17 06:00:00,14977.0
2011-02-17 07:00:00,15933.0
2011-02-17 08:00:00,16078.0
2011-02-17 09:00:00,15995.0
2011-02-17 10:00:00,15904.0
2011-02-17 11:00:00,15645.0
2011-02-17 12:00:00,15393.0
2011-02-17 13:00:00,15236.0
2011-02-17 14:00:00,15009.0
2011-02-17 15:00:00,14916.0
2011-02-17 16:00:00,15277.0
2011-02-17 17:00:00,16515.0
2011-02-17 18:00:00,17049.0
2011-02-17 19:00:00,16682.0
2011-02-17 20:00:00,16032.0
2011-02-17 21:00:00,14979.0
2011-02-17 22:00:00,13586.0
2011-02-17 23:00:00,12331.0
2011-02-18 00:00:00,11509.0
2011-02-18 01:00:00,11059.0
2011-02-18 02:00:00,10873.0
2011-02-18 03:00:00,10830.0
2011-02-18 04:00:00,11150.0
2011-02-18 05:00:00,12211.0
2011-02-18 06:00:00,14121.0
2011-02-18 07:00:00,15102.0
2011-02-18 08:00:00,15343.0
2011-02-18 09:00:00,15371.0
2011-02-18 10:00:00,15418.0
2011-02-18 11:00:00,15418.0
2011-02-18 12:00:00,15230.0
2011-02-18 13:00:00,15019.0
2011-02-18 14:00:00,14743.0
2011-02-18 15:00:00,14539.0
2011-02-18 16:00:00,14718.0
2011-02-18 17:00:00,15683.0
2011-02-18 18:00:00,16186.0
2011-02-18 19:00:00,15735.0
2011-02-18 20:00:00,15101.0
2011-02-18 21:00:00,14284.0
2011-02-18 22:00:00,13196.0
2011-02-18 23:00:00,12088.0
2011-02-19 00:00:00,11279.0
2011-02-19 01:00:00,10818.0
2011-02-19 02:00:00,10586.0
2011-02-19 03:00:00,10551.0
2011-02-19 04:00:00,10697.0
2011-02-19 05:00:00,11169.0
2011-02-19 06:00:00,11894.0
2011-02-19 07:00:00,12776.0
2011-02-19 08:00:00,13887.0
2011-02-19 09:00:00,14590.0
2011-02-19 10:00:00,14954.0
2011-02-19 11:00:00,14995.0
2011-02-19 12:00:00,14896.0
2011-02-19 13:00:00,14730.0
2011-02-19 14:00:00,14604.0
2011-02-19 15:00:00,14630.0
2011-02-19 16:00:00,15059.0
2011-02-19 17:00:00,16280.0
2011-02-19 18:00:00,17012.0
2011-02-19 19:00:00,16738.0
2011-02-19 20:00:00,16352.0
2011-02-19 21:00:00,15725.0
2011-02-19 22:00:00,14774.0
2011-02-19 23:00:00,13858.0
2011-02-20 00:00:00,13135.0
2011-02-20 01:00:00,12720.0
2011-02-20 02:00:00,12525.0
2011-02-20 03:00:00,12469.0
2011-02-20 04:00:00,12528.0
2011-02-20 05:00:00,12854.0
2011-02-20 06:00:00,13372.0
2011-02-20 07:00:00,14028.0
2011-02-20 08:00:00,14864.0
2011-02-20 09:00:00,15364.0
2011-02-20 10:00:00,15516.0
2011-02-20 11:00:00,15473.0
2011-02-20 12:00:00,15239.0
2011-02-20 13:00:00,14828.0
2011-02-20 14:00:00,14496.0
2011-02-20 15:00:00,14386.0
2011-02-20 16:00:00,14805.0
2011-02-20 17:00:00,16074.0
2011-02-20 18:00:00,16839.0
2011-02-20 19:00:00,16470.0
2011-02-20 20:00:00,15863.0
2011-02-20 21:00:00,15032.0
2011-02-20 22:00:00,13982.0
2011-02-20 23:00:00,12931.0
2011-02-21 00:00:00,12208.0
2011-02-21 01:00:00,11795.0
2011-02-21 02:00:00,11615.0
2011-02-21 03:00:00,11593.0
2011-02-21 04:00:00,11908.0
2011-02-21 05:00:00,12684.0
2011-02-21 06:00:00,13801.0
2011-02-21 07:00:00,14764.0
2011-02-21 08:00:00,15671.0
2011-02-21 09:00:00,16329.0
2011-02-21 10:00:00,16731.0
2011-02-21 11:00:00,16854.0
2011-02-21 12:00:00,16659.0
2011-02-21 13:00:00,16418.0
2011-02-21 14:00:00,16167.0
2011-02-21 15:00:00,16024.0
2011-02-21 16:00:00,16548.0
2011-02-21 17:00:00,17881.0
2011-02-21 18:00:00,18435.0
2011-02-21 19:00:00,18036.0
2011-02-21 20:00:00,17370.0
2011-02-21 21:00:00,16399.0
2011-02-21 22:00:00,15109.0
2011-02-21 23:00:00,13979.0
2011-02-22 00:00:00,13241.0
2011-02-22 01:00:00,12867.0
2011-02-22 02:00:00,12693.0
2011-02-22 03:00:00,12731.0
2011-02-22 04:00:00,13155.0
2011-02-22 05:00:00,14264.0
2011-02-22 06:00:00,15926.0
2011-02-22 07:00:00,17000.0
2011-02-22 08:00:00,17443.0
2011-02-22 09:00:00,17501.0
2011-02-22 10:00:00,17420.0
2011-02-22 11:00:00,17231.0
2011-02-22 12:00:00,16886.0
2011-02-22 13:00:00,16619.0
2011-02-22 14:00:00,16286.0
2011-02-22 15:00:00,16090.0
2011-02-22 16:00:00,16383.0
2011-02-22 17:00:00,17522.0
2011-02-22 18:00:00,18409.0
2011-02-22 19:00:00,18088.0
2011-02-22 20:00:00,17464.0
2011-02-22 21:00:00,16452.0
2011-02-22 22:00:00,15124.0
2011-02-22 23:00:00,13935.0
2011-02-23 00:00:00,13136.0
2011-02-23 01:00:00,12802.0
2011-02-23 02:00:00,12654.0
2011-02-23 03:00:00,12704.0
2011-02-23 04:00:00,13095.0
2011-02-23 05:00:00,14125.0
2011-02-23 06:00:00,15748.0
2011-02-23 07:00:00,16783.0
2011-02-23 08:00:00,17063.0
2011-02-23 09:00:00,16998.0
2011-02-23 10:00:00,16915.0
2011-02-23 11:00:00,16688.0
2011-02-23 12:00:00,16342.0
2011-02-23 13:00:00,16067.0
2011-02-23 14:00:00,15766.0
2011-02-23 15:00:00,15598.0
2011-02-23 16:00:00,15897.0
2011-02-23 17:00:00,16972.0
2011-02-23 18:00:00,17859.0
2011-02-23 19:00:00,17574.0
2011-02-23 20:00:00,16989.0
2011-02-23 21:00:00,16013.0
2011-02-23 22:00:00,14740.0
2011-02-23 23:00:00,13574.0
2011-02-24 00:00:00,12826.0
2011-02-24 01:00:00,12495.0
2011-02-24 02:00:00,12359.0
2011-02-24 03:00:00,12411.0
2011-02-24 04:00:00,12816.0
2011-02-24 05:00:00,13907.0
2011-02-24 06:00:00,15510.0
2011-02-24 07:00:00,16552.0
2011-02-24 08:00:00,16801.0
2011-02-24 09:00:00,16698.0
2011-02-24 10:00:00,16562.0
2011-02-24 11:00:00,16372.0
2011-02-24 12:00:00,16114.0
2011-02-24 13:00:00,16020.0
2011-02-24 14:00:00,15884.0
2011-02-24 15:00:00,15855.0
2011-02-24 16:00:00,16148.0
2011-02-24 17:00:00,17165.0
2011-02-24 18:00:00,17634.0
2011-02-24 19:00:00,17193.0
2011-02-24 20:00:00,16515.0
2011-02-24 21:00:00,15476.0
2011-02-24 22:00:00,14146.0
2011-02-24 23:00:00,12948.0
2011-02-25 00:00:00,12080.0
2011-02-25 01:00:00,11597.0
2011-02-25 02:00:00,11351.0
2011-02-25 03:00:00,11310.0
2011-02-25 04:00:00,11617.0
2011-02-25 05:00:00,12550.0
2011-02-25 06:00:00,14087.0
2011-02-25 07:00:00,15289.0
2011-02-25 08:00:00,16077.0
2011-02-25 09:00:00,16535.0
2011-02-25 10:00:00,16847.0
2011-02-25 11:00:00,16992.0
2011-02-25 12:00:00,16934.0
2011-02-25 13:00:00,16831.0
2011-02-25 14:00:00,16626.0
2011-02-25 15:00:00,16418.0
2011-02-25 16:00:00,16639.0
2011-02-25 17:00:00,17385.0
2011-02-25 18:00:00,17607.0
2011-02-25 19:00:00,17091.0
2011-02-25 20:00:00,16442.0
2011-02-25 21:00:00,15595.0
2011-02-25 22:00:00,14484.0
2011-02-25 23:00:00,13427.0
2011-02-26 00:00:00,12585.0
2011-02-26 01:00:00,12100.0
2011-02-26 02:00:00,11841.0
2011-02-26 03:00:00,11751.0
2011-02-26 04:00:00,11876.0
2011-02-26 05:00:00,12329.0
2011-02-26 06:00:00,12979.0
2011-02-26 07:00:00,13816.0
2011-02-26 08:00:00,14692.0
2011-02-26 09:00:00,15189.0
2011-02-26 10:00:00,15320.0
2011-02-26 11:00:00,15219.0
2011-02-26 12:00:00,14963.0
2011-02-26 13:00:00,14668.0
2011-02-26 14:00:00,14404.0
2011-02-26 15:00:00,14288.0
2011-02-26 16:00:00,14609.0
2011-02-26 17:00:00,15720.0
2011-02-26 18:00:00,16402.0
2011-02-26 19:00:00,16020.0
2011-02-26 20:00:00,15513.0
2011-02-26 21:00:00,14794.0
2011-02-26 22:00:00,13840.0
2011-02-26 23:00:00,12861.0
2011-02-27 00:00:00,12110.0
2011-02-27 01:00:00,11630.0
2011-02-27 02:00:00,11365.0
2011-02-27 03:00:00,11250.0
2011-02-27 04:00:00,11295.0
2011-02-27 05:00:00,11591.0
2011-02-27 06:00:00,12072.0
2011-02-27 07:00:00,12719.0
2011-02-27 08:00:00,13638.0
2011-02-27 09:00:00,14367.0
2011-02-27 10:00:00,14781.0
2011-02-27 11:00:00,15015.0
2011-02-27 12:00:00,15041.0
2011-02-27 13:00:00,14887.0
2011-02-27 14:00:00,14727.0
2011-02-27 15:00:00,14744.0
2011-02-27 16:00:00,15140.0
2011-02-27 17:00:00,16237.0
2011-02-27 18:00:00,17117.0
2011-02-27 19:00:00,16775.0
2011-02-27 20:00:00,16098.0
2011-02-27 21:00:00,15085.0
2011-02-27 22:00:00,13897.0
2011-02-27 23:00:00,12840.0
2011-02-28 00:00:00,12075.0
2011-02-28 01:00:00,11628.0
2011-02-28 02:00:00,11466.0
2011-02-28 03:00:00,11519.0
2011-02-28 04:00:00,11898.0
2011-02-28 05:00:00,13042.0
2011-02-28 06:00:00,14999.0
2011-02-28 07:00:00,16159.0
2011-02-28 08:00:00,16665.0
2011-02-28 09:00:00,16991.0
2011-02-28 10:00:00,17245.0
2011-02-28 11:00:00,17286.0
2011-02-28 12:00:00,17126.0
2011-02-28 13:00:00,16865.0
2011-02-28 14:00:00,16508.0
2011-02-28 15:00:00,16281.0
2011-02-28 16:00:00,16468.0
2011-02-28 17:00:00,17370.0
2011-02-28 18:00:00,17863.0
2011-02-28 19:00:00,17364.0
2011-02-28 20:00:00,16592.0
2011-02-28 21:00:00,15435.0
2011-02-28 22:00:00,14002.0
2011-02-28 23:00:00,12747.0
2011-03-01 00:00:00,11951.0
2011-03-01 01:00:00,11588.0
2011-03-01 02:00:00,11480.0
2011-03-01 03:00:00,11521.0
2011-03-01 04:00:00,11916.0
2011-03-01 05:00:00,13116.0
2011-03-01 06:00:00,14922.0
2011-03-01 07:00:00,15900.0
2011-03-01 08:00:00,16215.0
2011-03-01 09:00:00,16214.0
2011-03-01 10:00:00,16162.0
2011-03-01 11:00:00,16028.0
2011-03-01 12:00:00,15788.0
2011-03-01 13:00:00,15588.0
2011-03-01 14:00:00,15355.0
2011-03-01 15:00:00,15296.0
2011-03-01 16:00:00,15630.0
2011-03-01 17:00:00,16714.0
2011-03-01 18:00:00,17748.0
2011-03-01 19:00:00,17524.0
2011-03-01 20:00:00,16950.0
2011-03-01 21:00:00,15937.0
2011-03-01 22:00:00,14518.0
2011-03-01 23:00:00,13265.0
2011-03-02 00:00:00,12487.0
2011-03-02 01:00:00,12098.0
2011-03-02 02:00:00,11919.0
2011-03-02 03:00:00,11909.0
2011-03-02 04:00:00,12259.0
2011-03-02 05:00:00,13316.0
2011-03-02 06:00:00,15135.0
2011-03-02 07:00:00,16069.0
2011-03-02 08:00:00,16142.0
2011-03-02 09:00:00,16076.0
2011-03-02 10:00:00,16079.0
2011-03-02 11:00:00,15992.0
2011-03-02 12:00:00,15804.0
2011-03-02 13:00:00,15660.0
2011-03-02 14:00:00,15492.0
2011-03-02 15:00:00,15501.0
2011-03-02 16:00:00,15841.0
2011-03-02 17:00:00,16801.0
2011-03-02 18:00:00,17812.0
2011-03-02 19:00:00,17686.0
2011-03-02 20:00:00,17156.0
2011-03-02 21:00:00,16182.0
2011-03-02 22:00:00,14846.0
2011-03-02 23:00:00,13652.0
2011-03-03 00:00:00,12943.0
2011-03-03 01:00:00,12639.0
2011-03-03 02:00:00,12561.0
2011-03-03 03:00:00,12630.0
2011-03-03 04:00:00,13067.0
2011-03-03 05:00:00,14252.0
2011-03-03 06:00:00,16178.0
2011-03-03 07:00:00,17189.0
2011-03-03 08:00:00,17380.0
2011-03-03 09:00:00,17348.0
2011-03-03 10:00:00,17313.0
2011-03-03 11:00:00,17167.0
2011-03-03 12:00:00,16856.0
2011-03-03 13:00:00,16627.0
2011-03-03 14:00:00,16324.0
2011-03-03 15:00:00,16187.0
2011-03-03 16:00:00,16460.0
2011-03-03 17:00:00,17377.0
2011-03-03 18:00:00,18429.0
2011-03-03 19:00:00,18272.0
2011-03-03 20:00:00,17738.0
2011-03-03 21:00:00,16729.0
2011-03-03 22:00:00,15345.0
2011-03-03 23:00:00,14050.0
2011-03-04 00:00:00,13268.0
2011-03-04 01:00:00,12917.0
2011-03-04 02:00:00,12755.0
2011-03-04 03:00:00,12792.0
2011-03-04 04:00:00,13165.0
2011-03-04 05:00:00,14267.0
2011-03-04 06:00:00,16110.0
2011-03-04 07:00:00,17048.0
2011-03-04 08:00:00,17112.0
2011-03-04 09:00:00,16964.0
2011-03-04 10:00:00,16782.0
2011-03-04 11:00:00,16488.0
2011-03-04 12:00:00,16129.0
2011-03-04 13:00:00,15886.0
2011-03-04 14:00:00,15604.0
2011-03-04 15:00:00,15484.0
2011-03-04 16:00:00,15731.0
2011-03-04 17:00:00,16558.0
2011-03-04 18:00:00,17360.0
2011-03-04 19:00:00,16969.0
2011-03-04 20:00:00,16372.0
2011-03-04 21:00:00,15529.0
2011-03-04 22:00:00,14347.0
2011-03-04 23:00:00,13216.0
2011-03-05 00:00:00,12324.0
2011-03-05 01:00:00,11800.0
2011-03-05 02:00:00,11499.0
2011-03-05 03:00:00,11345.0
2011-03-05 04:00:00,11399.0
2011-03-05 05:00:00,11774.0
2011-03-05 06:00:00,12442.0
2011-03-05 07:00:00,13306.0
2011-03-05 08:00:00,14308.0
2011-03-05 09:00:00,14918.0
2011-03-05 10:00:00,15119.0
2011-03-05 11:00:00,14990.0
2011-03-05 12:00:00,14655.0
2011-03-05 13:00:00,14287.0
2011-03-05 14:00:00,13953.0
2011-03-05 15:00:00,13759.0
2011-03-05 16:00:00,14003.0
2011-03-05 17:00:00,14882.0
2011-03-05 18:00:00,15550.0
2011-03-05 19:00:00,15146.0
2011-03-05 20:00:00,14588.0
2011-03-05 21:00:00,13851.0
2011-03-05 22:00:00,12912.0
2011-03-05 23:00:00,11905.0
2011-03-06 00:00:00,11082.0
2011-03-06 01:00:00,10575.0
2011-03-06 02:00:00,10273.0
2011-03-06 03:00:00,10131.0
2011-03-06 04:00:00,10151.0
2011-03-06 05:00:00,10407.0
2011-03-06 06:00:00,10808.0
2011-03-06 07:00:00,11488.0
2011-03-06 08:00:00,12486.0
2011-03-06 09:00:00,13233.0
2011-03-06 10:00:00,13663.0
2011-03-06 11:00:00,13926.0
2011-03-06 12:00:00,13996.0
2011-03-06 13:00:00,13891.0
2011-03-06 14:00:00,13795.0
2011-03-06 15:00:00,13866.0
2011-03-06 16:00:00,14370.0
2011-03-06 17:00:00,15340.0
2011-03-06 18:00:00,15843.0
2011-03-06 19:00:00,15458.0
2011-03-06 20:00:00,14782.0
2011-03-06 21:00:00,13776.0
2011-03-06 22:00:00,12596.0
2011-03-06 23:00:00,11565.0
2011-03-07 00:00:00,10850.0
2011-03-07 01:00:00,10488.0
2011-03-07 02:00:00,10341.0
2011-03-07 03:00:00,10366.0
2011-03-07 04:00:00,10693.0
2011-03-07 05:00:00,11806.0
2011-03-07 06:00:00,13721.0
2011-03-07 07:00:00,14970.0
2011-03-07 08:00:00,15406.0
2011-03-07 09:00:00,15696.0
2011-03-07 10:00:00,15946.0
2011-03-07 11:00:00,16015.0
2011-03-07 12:00:00,16005.0
2011-03-07 13:00:00,15913.0
2011-03-07 14:00:00,15698.0
2011-03-07 15:00:00,15586.0
2011-03-07 16:00:00,15899.0
2011-03-07 17:00:00,16876.0
2011-03-07 18:00:00,17982.0
2011-03-07 19:00:00,17714.0
2011-03-07 20:00:00,17024.0
2011-03-07 21:00:00,15897.0
2011-03-07 22:00:00,14418.0
2011-03-07 23:00:00,13162.0
2011-03-08 00:00:00,12397.0
2011-03-08 01:00:00,12017.0
2011-03-08 02:00:00,11873.0
2011-03-08 03:00:00,11893.0
2011-03-08 04:00:00,12279.0
2011-03-08 05:00:00,13444.0
2011-03-08 06:00:00,15238.0
2011-03-08 07:00:00,16197.0
2011-03-08 08:00:00,16316.0
2011-03-08 09:00:00,16210.0
2011-03-08 10:00:00,16131.0
2011-03-08 11:00:00,15952.0
2011-03-08 12:00:00,15705.0
2011-03-08 13:00:00,15500.0
2011-03-08 14:00:00,15228.0
2011-03-08 15:00:00,15097.0
2011-03-08 16:00:00,15392.0
2011-03-08 17:00:00,16325.0
2011-03-08 18:00:00,17465.0
2011-03-08 19:00:00,17265.0
2011-03-08 20:00:00,16671.0
2011-03-08 21:00:00,15624.0
2011-03-08 22:00:00,14193.0
2011-03-08 23:00:00,12956.0
2011-03-09 00:00:00,12191.0
2011-03-09 01:00:00,11805.0
2011-03-09 02:00:00,11660.0
2011-03-09 03:00:00,11696.0
2011-03-09 04:00:00,12078.0
2011-03-09 05:00:00,13219.0
2011-03-09 06:00:00,14987.0
2011-03-09 07:00:00,16017.0
2011-03-09 08:00:00,16167.0
2011-03-09 09:00:00,16166.0
2011-03-09 10:00:00,16179.0
2011-03-09 11:00:00,16083.0
2011-03-09 12:00:00,15885.0
2011-03-09 13:00:00,15816.0
2011-03-09 14:00:00,15731.0
2011-03-09 15:00:00,15775.0
2011-03-09 16:00:00,16243.0
2011-03-09 17:00:00,17180.0
2011-03-09 18:00:00,17808.0
2011-03-09 19:00:00,17460.0
2011-03-09 20:00:00,16786.0
2011-03-09 21:00:00,15677.0
2011-03-09 22:00:00,14198.0
2011-03-09 23:00:00,12880.0
2011-03-10 00:00:00,12024.0
2011-03-10 01:00:00,11590.0
2011-03-10 02:00:00,11390.0
2011-03-10 03:00:00,11373.0
2011-03-10 04:00:00,11705.0
2011-03-10 05:00:00,12839.0
2011-03-10 06:00:00,14699.0
2011-03-10 07:00:00,15871.0
2011-03-10 08:00:00,16174.0
2011-03-10 09:00:00,16303.0
2011-03-10 10:00:00,16429.0
2011-03-10 11:00:00,16423.0
2011-03-10 12:00:00,16319.0
2011-03-10 13:00:00,16280.0
2011-03-10 14:00:00,16117.0
2011-03-10 15:00:00,16097.0
2011-03-10 16:00:00,16437.0
2011-03-10 17:00:00,17218.0
2011-03-10 18:00:00,17594.0
2011-03-10 19:00:00,17184.0
2011-03-10 20:00:00,16477.0
2011-03-10 21:00:00,15370.0
2011-03-10 22:00:00,13919.0
2011-03-10 23:00:00,12616.0
2011-03-11 00:00:00,11746.0
2011-03-11 01:00:00,11256.0
2011-03-11 02:00:00,11028.0
2011-03-11 03:00:00,10968.0
2011-03-11 04:00:00,11252.0
2011-03-11 05:00:00,12281.0
2011-03-11 06:00:00,14041.0
2011-03-11 07:00:00,15207.0
2011-03-11 08:00:00,15605.0
2011-03-11 09:00:00,15818.0
2011-03-11 10:00:00,15986.0
2011-03-11 11:00:00,15990.0
2011-03-11 12:00:00,15794.0
2011-03-11 13:00:00,15634.0
2011-03-11 14:00:00,15391.0
2011-03-11 15:00:00,15193.0
2011-03-11 16:00:00,15331.0
2011-03-11 17:00:00,15726.0
2011-03-11 18:00:00,16302.0
2011-03-11 19:00:00,15912.0
2011-03-11 20:00:00,15328.0
2011-03-11 21:00:00,14511.0
2011-03-11 22:00:00,13369.0
2011-03-11 23:00:00,12214.0
2011-03-12 00:00:00,11391.0
2011-03-12 01:00:00,10905.0
2011-03-12 02:00:00,10673.0
2011-03-12 03:00:00,10605.0
2011-03-12 04:00:00,10743.0
2011-03-12 05:00:00,11163.0
2011-03-12 06:00:00,11763.0
2011-03-12 07:00:00,12707.0
2011-03-12 08:00:00,13642.0
2011-03-12 09:00:00,14184.0
2011-03-12 10:00:00,14405.0
2011-03-12 11:00:00,14307.0
2011-03-12 12:00:00,14026.0
2011-03-12 13:00:00,13711.0
2011-03-12 14:00:00,13410.0
2011-03-12 15:00:00,13295.0
2011-03-12 16:00:00,13615.0
2011-03-12 17:00:00,14368.0
2011-03-12 18:00:00,15192.0
2011-03-12 19:00:00,14900.0
2011-03-12 20:00:00,14419.0
2011-03-12 21:00:00,13722.0
2011-03-12 22:00:00,12772.0
2011-03-12 23:00:00,11810.0
2011-03-13 00:00:00,11037.0
2011-03-13 01:00:00,10807.0
2011-03-13 02:00:00,10577.0
2011-03-13 03:00:00,10345.0
2011-03-13 04:00:00,10288.0
2011-03-13 05:00:00,10467.0
2011-03-13 06:00:00,10908.0
2011-03-13 07:00:00,11352.0
2011-03-13 08:00:00,12123.0
2011-03-13 09:00:00,12988.0
2011-03-13 10:00:00,13659.0
2011-03-13 11:00:00,13974.0
2011-03-13 12:00:00,14044.0
2011-03-13 13:00:00,13865.0
2011-03-13 14:00:00,13588.0
2011-03-13 15:00:00,13472.0
2011-03-13 16:00:00,13587.0
2011-03-13 17:00:00,14001.0
2011-03-13 18:00:00,14658.0
2011-03-13 19:00:00,15527.0
2011-03-13 20:00:00,15235.0
2011-03-13 21:00:00,14356.0
2011-03-13 22:00:00,13113.0
2011-03-13 23:00:00,11979.0
2011-03-14 00:00:00,11153.0
2011-03-14 01:00:00,10714.0
2011-03-14 02:00:00,10533.0
2011-03-14 03:00:00,10548.0
2011-03-14 04:00:00,10885.0
2011-03-14 05:00:00,11948.0
2011-03-14 06:00:00,14032.0
2011-03-14 07:00:00,15291.0
2011-03-14 08:00:00,15645.0
2011-03-14 09:00:00,15813.0
2011-03-14 10:00:00,15996.0
2011-03-14 11:00:00,16030.0
2011-03-14 12:00:00,15936.0
2011-03-14 13:00:00,15846.0
2011-03-14 14:00:00,15603.0
2011-03-14 15:00:00,15463.0
2011-03-14 16:00:00,15591.0
2011-03-14 17:00:00,15971.0
2011-03-14 18:00:00,16410.0
2011-03-14 19:00:00,16959.0
2011-03-14 20:00:00,16524.0
2011-03-14 21:00:00,15529.0
2011-03-14 22:00:00,14113.0
2011-03-14 23:00:00,12842.0
2011-03-15 00:00:00,11958.0
2011-03-15 01:00:00,11531.0
2011-03-15 02:00:00,11360.0
2011-03-15 03:00:00,11369.0
2011-03-15 04:00:00,11699.0
2011-03-15 05:00:00,12777.0
2011-03-15 06:00:00,14844.0
2011-03-15 07:00:00,15989.0
2011-03-15 08:00:00,16116.0
2011-03-15 09:00:00,15994.0
2011-03-15 10:00:00,15942.0
2011-03-15 11:00:00,15794.0
2011-03-15 12:00:00,15547.0
2011-03-15 13:00:00,15361.0
2011-03-15 14:00:00,15097.0
2011-03-15 15:00:00,14940.0
2011-03-15 16:00:00,15015.0
2011-03-15 17:00:00,15351.0
2011-03-15 18:00:00,15826.0
2011-03-15 19:00:00,16654.0
2011-03-15 20:00:00,16328.0
2011-03-15 21:00:00,15392.0
2011-03-15 22:00:00,13921.0
2011-03-15 23:00:00,12623.0
2011-03-16 00:00:00,11745.0
2011-03-16 01:00:00,11284.0
2011-03-16 02:00:00,11046.0
2011-03-16 03:00:00,11020.0
2011-03-16 04:00:00,11293.0
2011-03-16 05:00:00,12332.0
2011-03-16 06:00:00,14337.0
2011-03-16 07:00:00,15666.0
2011-03-16 08:00:00,16039.0
2011-03-16 09:00:00,16226.0
2011-03-16 10:00:00,16442.0
2011-03-16 11:00:00,16517.0
2011-03-16 12:00:00,16408.0
2011-03-16 13:00:00,16282.0
2011-03-16 14:00:00,16032.0
2011-03-16 15:00:00,15799.0
2011-03-16 16:00:00,15714.0
2011-03-16 17:00:00,15870.0
2011-03-16 18:00:00,16114.0
2011-03-16 19:00:00,16662.0
2011-03-16 20:00:00,16256.0
2011-03-16 21:00:00,15258.0
2011-03-16 22:00:00,13865.0
2011-03-16 23:00:00,12514.0
2011-03-17 00:00:00,11602.0
2011-03-17 01:00:00,11124.0
2011-03-17 02:00:00,10907.0
2011-03-17 03:00:00,10878.0
2011-03-17 04:00:00,11162.0
2011-03-17 05:00:00,12207.0
2011-03-17 06:00:00,14229.0
2011-03-17 07:00:00,15278.0
2011-03-17 08:00:00,15393.0
2011-03-17 09:00:00,15345.0
2011-03-17 10:00:00,15325.0
2011-03-17 11:00:00,15196.0
2011-03-17 12:00:00,14973.0
2011-03-17 13:00:00,14863.0
2011-03-17 14:00:00,14647.0
2011-03-17 15:00:00,14434.0
2011-03-17 16:00:00,14352.0
2011-03-17 17:00:00,14365.0
2011-03-17 18:00:00,14609.0
2011-03-17 19:00:00,15505.0
2011-03-17 20:00:00,15231.0
2011-03-17 21:00:00,14313.0
2011-03-17 22:00:00,12956.0
2011-03-17 23:00:00,11736.0
2011-03-18 00:00:00,10894.0
2011-03-18 01:00:00,10436.0
2011-03-18 02:00:00,10208.0
2011-03-18 03:00:00,10167.0
2011-03-18 04:00:00,10417.0
2011-03-18 05:00:00,11362.0
2011-03-18 06:00:00,13272.0
2011-03-18 07:00:00,14443.0
2011-03-18 08:00:00,14767.0
2011-03-18 09:00:00,14836.0
2011-03-18 10:00:00,14927.0
2011-03-18 11:00:00,14869.0
2011-03-18 12:00:00,14736.0
2011-03-18 13:00:00,14632.0
2011-03-18 14:00:00,14382.0
2011-03-18 15:00:00,14136.0
2011-03-18 16:00:00,13986.0
2011-03-18 17:00:00,13968.0
2011-03-18 18:00:00,14039.0
2011-03-18 19:00:00,14753.0
2011-03-18 20:00:00,14504.0
2011-03-18 21:00:00,13759.0
2011-03-18 22:00:00,12651.0
2011-03-18 23:00:00,11527.0
2011-03-19 00:00:00,10631.0
2011-03-19 01:00:00,10093.0
2011-03-19 02:00:00,9823.0
2011-03-19 03:00:00,9709.0
2011-03-19 04:00:00,9785.0
2011-03-19 05:00:00,10183.0
2011-03-19 06:00:00,10937.0
2011-03-19 07:00:00,11756.0
2011-03-19 08:00:00,12821.0
2011-03-19 09:00:00,13596.0
2011-03-19 10:00:00,13962.0
2011-03-19 11:00:00,14040.0
2011-03-19 12:00:00,13881.0
2011-03-19 13:00:00,13562.0
2011-03-19 14:00:00,13252.0
2011-03-19 15:00:00,13061.0
2011-03-19 16:00:00,13065.0
2011-03-19 17:00:00,13288.0
2011-03-19 18:00:00,13599.0
2011-03-19 19:00:00,14428.0
2011-03-19 20:00:00,14331.0
2011-03-19 21:00:00,13798.0
2011-03-19 22:00:00,12941.0
2011-03-19 23:00:00,12018.0
2011-03-20 00:00:00,11235.0
2011-03-20 01:00:00,10775.0
2011-03-20 02:00:00,10563.0
2011-03-20 03:00:00,10487.0
2011-03-20 04:00:00,10559.0
2011-03-20 05:00:00,10870.0
2011-03-20 06:00:00,11397.0
2011-03-20 07:00:00,12026.0
2011-03-20 08:00:00,12902.0
2011-03-20 09:00:00,13500.0
2011-03-20 10:00:00,13741.0
2011-03-20 11:00:00,13783.0
2011-03-20 12:00:00,13652.0
2011-03-20 13:00:00,13361.0
2011-03-20 14:00:00,13049.0
2011-03-20 15:00:00,12895.0
2011-03-20 16:00:00,13023.0
2011-03-20 17:00:00,13438.0
2011-03-20 18:00:00,14039.0
2011-03-20 19:00:00,15182.0
2011-03-20 20:00:00,15034.0
2011-03-20 21:00:00,14152.0
2011-03-20 22:00:00,12929.0
2011-03-20 23:00:00,11806.0
2011-03-21 00:00:00,11055.0
2011-03-21 01:00:00,10663.0
2011-03-21 02:00:00,10502.0
2011-03-21 03:00:00,10503.0
2011-03-21 04:00:00,10822.0
2011-03-21 05:00:00,11934.0
2011-03-21 06:00:00,14063.0
2011-03-21 07:00:00,15299.0
2011-03-21 08:00:00,15732.0
2011-03-21 09:00:00,16039.0
2011-03-21 10:00:00,16276.0
2011-03-21 11:00:00,16421.0
2011-03-21 12:00:00,16448.0
2011-03-21 13:00:00,16411.0
2011-03-21 14:00:00,16228.0
2011-03-21 15:00:00,16167.0
2011-03-21 16:00:00,16344.0
2011-03-21 17:00:00,16763.0
2011-03-21 18:00:00,17026.0
2011-03-21 19:00:00,17203.0
2011-03-21 20:00:00,16558.0
2011-03-21 21:00:00,15386.0
2011-03-21 22:00:00,13851.0
2011-03-21 23:00:00,12522.0
2011-03-22 00:00:00,11643.0
2011-03-22 01:00:00,11184.0
2011-03-22 02:00:00,10978.0
2011-03-22 03:00:00,10953.0
2011-03-22 04:00:00,11230.0
2011-03-22 05:00:00,12308.0
2011-03-22 06:00:00,14343.0
2011-03-22 07:00:00,15413.0
2011-03-22 08:00:00,15605.0
2011-03-22 09:00:00,15650.0
2011-03-22 10:00:00,15753.0
2011-03-22 11:00:00,15754.0
2011-03-22 12:00:00,15655.0
2011-03-22 13:00:00,15590.0
2011-03-22 14:00:00,15376.0
2011-03-22 15:00:00,15279.0
2011-03-22 16:00:00,15441.0
2011-03-22 17:00:00,15813.0
2011-03-22 18:00:00,16122.0
2011-03-22 19:00:00,16676.0
2011-03-22 20:00:00,16280.0
2011-03-22 21:00:00,15222.0
2011-03-22 22:00:00,13747.0
2011-03-22 23:00:00,12453.0
2011-03-23 00:00:00,11617.0
2011-03-23 01:00:00,11165.0
2011-03-23 02:00:00,10976.0
2011-03-23 03:00:00,11013.0
2011-03-23 04:00:00,11325.0
2011-03-23 05:00:00,12431.0
2011-03-23 06:00:00,14506.0
2011-03-23 07:00:00,15625.0
2011-03-23 08:00:00,15871.0
2011-03-23 09:00:00,15869.0
2011-03-23 10:00:00,15879.0
2011-03-23 11:00:00,15805.0
2011-03-23 12:00:00,15747.0
2011-03-23 13:00:00,15701.0
2011-03-23 14:00:00,15524.0
2011-03-23 15:00:00,15483.0
2011-03-23 16:00:00,15677.0
2011-03-23 17:00:00,16110.0
2011-03-23 18:00:00,16440.0
2011-03-23 19:00:00,16915.0
2011-03-23 20:00:00,16459.0
2011-03-23 21:00:00,15382.0
2011-03-23 22:00:00,13968.0
2011-03-23 23:00:00,12644.0
2011-03-24 00:00:00,11785.0
2011-03-24 01:00:00,11343.0
2011-03-24 02:00:00,11144.0
2011-03-24 03:00:00,11148.0
2011-03-24 04:00:00,11452.0
2011-03-24 05:00:00,12550.0
2011-03-24 06:00:00,14604.0
2011-03-24 07:00:00,15734.0
2011-03-24 08:00:00,16027.0
2011-03-24 09:00:00,16172.0
2011-03-24 10:00:00,16162.0
2011-03-24 11:00:00,16011.0
2011-03-24 12:00:00,15797.0
2011-03-24 13:00:00,15666.0
2011-03-24 14:00:00,15407.0
2011-03-24 15:00:00,15215.0
2011-03-24 16:00:00,15177.0
2011-03-24 17:00:00,15363.0
2011-03-24 18:00:00,15632.0
2011-03-24 19:00:00,16430.0
2011-03-24 20:00:00,16248.0
2011-03-24 21:00:00,15321.0
2011-03-24 22:00:00,13938.0
2011-03-24 23:00:00,12689.0
2011-03-25 00:00:00,11866.0
2011-03-25 01:00:00,11439.0
2011-03-25 02:00:00,11272.0
2011-03-25 03:00:00,11286.0
2011-03-25 04:00:00,11590.0
2011-03-25 05:00:00,12667.0
2011-03-25 06:00:00,14643.0
2011-03-25 07:00:00,15700.0
2011-03-25 08:00:00,15852.0
2011-03-25 09:00:00,15802.0
2011-03-25 10:00:00,15759.0
2011-03-25 11:00:00,15614.0
2011-03-25 12:00:00,15377.0
2011-03-25 13:00:00,15184.0
2011-03-25 14:00:00,14909.0
2011-03-25 15:00:00,14684.0
2011-03-25 16:00:00,14648.0
2011-03-25 17:00:00,14758.0
2011-03-25 18:00:00,14939.0
2011-03-25 19:00:00,15709.0
2011-03-25 20:00:00,15625.0
2011-03-25 21:00:00,14953.0
2011-03-25 22:00:00,13895.0
2011-03-25 23:00:00,12805.0
2011-03-26 00:00:00,11998.0
2011-03-26 01:00:00,11542.0
2011-03-26 02:00:00,11304.0
2011-03-26 03:00:00,11265.0
2011-03-26 04:00:00,11391.0
2011-03-26 05:00:00,11872.0
2011-03-26 06:00:00,12652.0
2011-03-26 07:00:00,13495.0
2011-03-26 08:00:00,14409.0
2011-03-26 09:00:00,14952.0
2011-03-26 10:00:00,15116.0
2011-03-26 11:00:00,14988.0
2011-03-26 12:00:00,14687.0
2011-03-26 13:00:00,14301.0
2011-03-26 14:00:00,13931.0
2011-03-26 15:00:00,13747.0
2011-03-26 16:00:00,13778.0
2011-03-26 17:00:00,14020.0
2011-03-26 18:00:00,14326.0
2011-03-26 19:00:00,15203.0
2011-03-26 20:00:00,15153.0
2011-03-26 21:00:00,14556.0
2011-03-26 22:00:00,13639.0
2011-03-26 23:00:00,12667.0
2011-03-27 00:00:00,11919.0
2011-03-27 01:00:00,11460.0
2011-03-27 02:00:00,11241.0
2011-03-27 03:00:00,11160.0
2011-03-27 04:00:00,11231.0
2011-03-27 05:00:00,11542.0
2011-03-27 06:00:00,12017.0
2011-03-27 07:00:00,12661.0
2011-03-27 08:00:00,13505.0
2011-03-27 09:00:00,14094.0
2011-03-27 10:00:00,14325.0
2011-03-27 11:00:00,14387.0
2011-03-27 12:00:00,14268.0
2011-03-27 13:00:00,13975.0
2011-03-27 14:00:00,13663.0
2011-03-27 15:00:00,13510.0
2011-03-27 16:00:00,13598.0
2011-03-27 17:00:00,13978.0
2011-03-27 18:00:00,14430.0
2011-03-27 19:00:00,15479.0
2011-03-27 20:00:00,15493.0
2011-03-27 21:00:00,14609.0
2011-03-27 22:00:00,13399.0
2011-03-27 23:00:00,12328.0
2011-03-28 00:00:00,11628.0
2011-03-28 01:00:00,11283.0
2011-03-28 02:00:00,11185.0
2011-03-28 03:00:00,11257.0
2011-03-28 04:00:00,11630.0
2011-03-28 05:00:00,12818.0
2011-03-28 06:00:00,14877.0
2011-03-28 07:00:00,15962.0
2011-03-28 08:00:00,16160.0
2011-03-28 09:00:00,16192.0
2011-03-28 10:00:00,16196.0
2011-03-28 11:00:00,16067.0
2011-03-28 12:00:00,15820.0
2011-03-28 13:00:00,15597.0
2011-03-28 14:00:00,15226.0
2011-03-28 15:00:00,14967.0
2011-03-28 16:00:00,14965.0
2011-03-28 17:00:00,15233.0
2011-03-28 18:00:00,15498.0
2011-03-28 19:00:00,16376.0
2011-03-28 20:00:00,16252.0
2011-03-28 21:00:00,15200.0
2011-03-28 22:00:00,13708.0
2011-03-28 23:00:00,12437.0
2011-03-29 00:00:00,11634.0
2011-03-29 01:00:00,11219.0
2011-03-29 02:00:00,11062.0
2011-03-29 03:00:00,11103.0
2011-03-29 04:00:00,11462.0
2011-03-29 05:00:00,12640.0
2011-03-29 06:00:00,14664.0
2011-03-29 07:00:00,15696.0
2011-03-29 08:00:00,15801.0
2011-03-29 09:00:00,15751.0
2011-03-29 10:00:00,15720.0
2011-03-29 11:00:00,15586.0
2011-03-29 12:00:00,15344.0
2011-03-29 13:00:00,15184.0
2011-03-29 14:00:00,14911.0
2011-03-29 15:00:00,14711.0
2011-03-29 16:00:00,14772.0
2011-03-29 17:00:00,15039.0
2011-03-29 18:00:00,15273.0
2011-03-29 19:00:00,16145.0
2011-03-29 20:00:00,16089.0
2011-03-29 21:00:00,15089.0
2011-03-29 22:00:00,13647.0
2011-03-29 23:00:00,12369.0
2011-03-30 00:00:00,11558.0
2011-03-30 01:00:00,11160.0
2011-03-30 02:00:00,10970.0
2011-03-30 03:00:00,10995.0
2011-03-30 04:00:00,11340.0
2011-03-30 05:00:00,12489.0
2011-03-30 06:00:00,14471.0
2011-03-30 07:00:00,15499.0
2011-03-30 08:00:00,15531.0
2011-03-30 09:00:00,15427.0
2011-03-30 10:00:00,15371.0
2011-03-30 11:00:00,15225.0
2011-03-30 12:00:00,14999.0
2011-03-30 13:00:00,14834.0
2011-03-30 14:00:00,14572.0
2011-03-30 15:00:00,14359.0
2011-03-30 16:00:00,14330.0
2011-03-30 17:00:00,14512.0
2011-03-30 18:00:00,14765.0
2011-03-30 19:00:00,15677.0
2011-03-30 20:00:00,15568.0
2011-03-30 21:00:00,14557.0
2011-03-30 22:00:00,13168.0
2011-03-30 23:00:00,11893.0
2011-03-31 00:00:00,11067.0
2011-03-31 01:00:00,10636.0
2011-03-31 02:00:00,10441.0
2011-03-31 03:00:00,10452.0
2011-03-31 04:00:00,10749.0
2011-03-31 05:00:00,11829.0
2011-03-31 06:00:00,13880.0
2011-03-31 07:00:00,15041.0
2011-03-31 08:00:00,15293.0
2011-03-31 09:00:00,15376.0
2011-03-31 10:00:00,15440.0
2011-03-31 11:00:00,15377.0
2011-03-31 12:00:00,15199.0
2011-03-31 13:00:00,15132.0
2011-03-31 14:00:00,14988.0
2011-03-31 15:00:00,14938.0
2011-03-31 16:00:00,15127.0
2011-03-31 17:00:00,15547.0
2011-03-31 18:00:00,15918.0
2011-03-31 19:00:00,16416.0
2011-03-31 20:00:00,16079.0
2011-03-31 21:00:00,15072.0
2011-03-31 22:00:00,13722.0
2011-03-31 23:00:00,12442.0
2011-04-01 00:00:00,11659.0
2011-04-01 01:00:00,11210.0
2011-04-01 02:00:00,10996.0
2011-04-01 03:00:00,10992.0
2011-04-01 04:00:00,11264.0
2011-04-01 05:00:00,12254.0
2011-04-01 06:00:00,14091.0
2011-04-01 07:00:00,15298.0
2011-04-01 08:00:00,15838.0
2011-04-01 09:00:00,16132.0
2011-04-01 10:00:00,16275.0
2011-04-01 11:00:00,16278.0
2011-04-01 12:00:00,16143.0
2011-04-01 13:00:00,15997.0
2011-04-01 14:00:00,15708.0
2011-04-01 15:00:00,15475.0
2011-04-01 16:00:00,15473.0
2011-04-01 17:00:00,15645.0
2011-04-01 18:00:00,15723.0
2011-04-01 19:00:00,16044.0
2011-04-01 20:00:00,15691.0
2011-04-01 21:00:00,14891.0
2011-04-01 22:00:00,13718.0
2011-04-01 23:00:00,12550.0
2011-04-02 00:00:00,11676.0
2011-04-02 01:00:00,11150.0
2011-04-02 02:00:00,10862.0
2011-04-02 03:00:00,10753.0
2011-04-02 04:00:00,10831.0
2011-04-02 05:00:00,11228.0
2011-04-02 06:00:00,11892.0
2011-04-02 07:00:00,12725.0
2011-04-02 08:00:00,13585.0
2011-04-02 09:00:00,14106.0
2011-04-02 10:00:00,14273.0
2011-04-02 11:00:00,14176.0
2011-04-02 12:00:00,13937.0
2011-04-02 13:00:00,13609.0
2011-04-02 14:00:00,13330.0
2011-04-02 15:00:00,13152.0
2011-04-02 16:00:00,13190.0
2011-04-02 17:00:00,13404.0
2011-04-02 18:00:00,13573.0
2011-04-02 19:00:00,14292.0
2011-04-02 20:00:00,14377.0
2011-04-02 21:00:00,13790.0
2011-04-02 22:00:00,12920.0
2011-04-02 23:00:00,11970.0
2011-04-03 00:00:00,11166.0
2011-04-03 01:00:00,10693.0
2011-04-03 02:00:00,10430.0
2011-04-03 03:00:00,10329.0
2011-04-03 04:00:00,10378.0
2011-04-03 05:00:00,10689.0
2011-04-03 06:00:00,11097.0
2011-04-03 07:00:00,11717.0
2011-04-03 08:00:00,12550.0
2011-04-03 09:00:00,13171.0
2011-04-03 10:00:00,13444.0
2011-04-03 11:00:00,13521.0
2011-04-03 12:00:00,13423.0
2011-04-03 13:00:00,13187.0
2011-04-03 14:00:00,12932.0
2011-04-03 15:00:00,12824.0
2011-04-03 16:00:00,12947.0
2011-04-03 17:00:00,13303.0
2011-04-03 18:00:00,13643.0
2011-04-03 19:00:00,14518.0
2011-04-03 20:00:00,14662.0
2011-04-03 21:00:00,13804.0
2011-04-03 22:00:00,12623.0
2011-04-03 23:00:00,11552.0
2011-04-04 00:00:00,10779.0
2011-04-04 01:00:00,10371.0
2011-04-04 02:00:00,10213.0
2011-04-04 03:00:00,10235.0
2011-04-04 04:00:00,10585.0
2011-04-04 05:00:00,11719.0
2011-04-04 06:00:00,13771.0
2011-04-04 07:00:00,15088.0
2011-04-04 08:00:00,15511.0
2011-04-04 09:00:00,15690.0
2011-04-04 10:00:00,15943.0
2011-04-04 11:00:00,16033.0
2011-04-04 12:00:00,15939.0
2011-04-04 13:00:00,15881.0
2011-04-04 14:00:00,15762.0
2011-04-04 15:00:00,15698.0
2011-04-04 16:00:00,15759.0
2011-04-04 17:00:00,15946.0
2011-04-04 18:00:00,15938.0
2011-04-04 19:00:00,16249.0
2011-04-04 20:00:00,15892.0
2011-04-04 21:00:00,14785.0
2011-04-04 22:00:00,13323.0
2011-04-04 23:00:00,12018.0
2011-04-05 00:00:00,11090.0
2011-04-05 01:00:00,10592.0
2011-04-05 02:00:00,10340.0
2011-04-05 03:00:00,10299.0
2011-04-05 04:00:00,10566.0
2011-04-05 05:00:00,11606.0
2011-04-05 06:00:00,13518.0
2011-04-05 07:00:00,14706.0
2011-04-05 08:00:00,15134.0
2011-04-05 09:00:00,15342.0
2011-04-05 10:00:00,15494.0
2011-04-05 11:00:00,15496.0
2011-04-05 12:00:00,15447.0
2011-04-05 13:00:00,15384.0
2011-04-05 14:00:00,15221.0
2011-04-05 15:00:00,15232.0
2011-04-05 16:00:00,15403.0
2011-04-05 17:00:00,15599.0
2011-04-05 18:00:00,15655.0
2011-04-05 19:00:00,16083.0
2011-04-05 20:00:00,15963.0
2011-04-05 21:00:00,14962.0
2011-04-05 22:00:00,13524.0
2011-04-05 23:00:00,12219.0
2011-04-06 00:00:00,11368.0
2011-04-06 01:00:00,10965.0
2011-04-06 02:00:00,10790.0
2011-04-06 03:00:00,10799.0
2011-04-06 04:00:00,11134.0
2011-04-06 05:00:00,12300.0
2011-04-06 06:00:00,14186.0
2011-04-06 07:00:00,15244.0
2011-04-06 08:00:00,15384.0
2011-04-06 09:00:00,15392.0
2011-04-06 10:00:00,15369.0
2011-04-06 11:00:00,15264.0
2011-04-06 12:00:00,15056.0
2011-04-06 13:00:00,14938.0
2011-04-06 14:00:00,14729.0
2011-04-06 15:00:00,14582.0
2011-04-06 16:00:00,14723.0
2011-04-06 17:00:00,15012.0
2011-04-06 18:00:00,15266.0
2011-04-06 19:00:00,15909.0
2011-04-06 20:00:00,15794.0
2011-04-06 21:00:00,14811.0
2011-04-06 22:00:00,13352.0
2011-04-06 23:00:00,12052.0
2011-04-07 00:00:00,11236.0
2011-04-07 01:00:00,10819.0
2011-04-07 02:00:00,10645.0
2011-04-07 03:00:00,10651.0
2011-04-07 04:00:00,10966.0
2011-04-07 05:00:00,12102.0
2011-04-07 06:00:00,13986.0
2011-04-07 07:00:00,15093.0
2011-04-07 08:00:00,15248.0
2011-04-07 09:00:00,15283.0
2011-04-07 10:00:00,15272.0
2011-04-07 11:00:00,15145.0
2011-04-07 12:00:00,14918.0
2011-04-07 13:00:00,14759.0
2011-04-07 14:00:00,14487.0
2011-04-07 15:00:00,14235.0
2011-04-07 16:00:00,14173.0
2011-04-07 17:00:00,14256.0
2011-04-07 18:00:00,14390.0
2011-04-07 19:00:00,15183.0
2011-04-07 20:00:00,15439.0
2011-04-07 21:00:00,14567.0
2011-04-07 22:00:00,13186.0
2011-04-07 23:00:00,11894.0
2011-04-08 00:00:00,11087.0
2011-04-08 01:00:00,10690.0
2011-04-08 02:00:00,10529.0
2011-04-08 03:00:00,10541.0
2011-04-08 04:00:00,10881.0
2011-04-08 05:00:00,12009.0
2011-04-08 06:00:00,13848.0
2011-04-08 07:00:00,14930.0
2011-04-08 08:00:00,15068.0
2011-04-08 09:00:00,15077.0
2011-04-08 10:00:00,15065.0
2011-04-08 11:00:00,14916.0
2011-04-08 12:00:00,14694.0
2011-04-08 13:00:00,14554.0
2011-04-08 14:00:00,14351.0
2011-04-08 15:00:00,14172.0
2011-04-08 16:00:00,14172.0
2011-04-08 17:00:00,14247.0
2011-04-08 18:00:00,14320.0
2011-04-08 19:00:00,14910.0
2011-04-08 20:00:00,14911.0
2011-04-08 21:00:00,14202.0
2011-04-08 22:00:00,13071.0
2011-04-08 23:00:00,11887.0
2011-04-09 00:00:00,11065.0
2011-04-09 01:00:00,10604.0
2011-04-09 02:00:00,10395.0
2011-04-09 03:00:00,10331.0
2011-04-09 04:00:00,10446.0
2011-04-09 05:00:00,10894.0
2011-04-09 06:00:00,11589.0
2011-04-09 07:00:00,12477.0
2011-04-09 08:00:00,13265.0
2011-04-09 09:00:00,13665.0
2011-04-09 10:00:00,13741.0
2011-04-09 11:00:00,13579.0
2011-04-09 12:00:00,13332.0
2011-04-09 13:00:00,13004.0
2011-04-09 14:00:00,12690.0
2011-04-09 15:00:00,12506.0
2011-04-09 16:00:00,12539.0
2011-04-09 17:00:00,12719.0
2011-04-09 18:00:00,12896.0
2011-04-09 19:00:00,13534.0
2011-04-09 20:00:00,13724.0
2011-04-09 21:00:00,13128.0
2011-04-09 22:00:00,12218.0
2011-04-09 23:00:00,11234.0
2011-04-10 00:00:00,10473.0
2011-04-10 01:00:00,10017.0
2011-04-10 02:00:00,9786.0
2011-04-10 03:00:00,9706.0
2011-04-10 04:00:00,9766.0
2011-04-10 05:00:00,10087.0
2011-04-10 06:00:00,10482.0
2011-04-10 07:00:00,11240.0
2011-04-10 08:00:00,12108.0
2011-04-10 09:00:00,12712.0
2011-04-10 10:00:00,12940.0
2011-04-10 11:00:00,13024.0
2011-04-10 12:00:00,12961.0
2011-04-10 13:00:00,12761.0
2011-04-10 14:00:00,12595.0
2011-04-10 15:00:00,12561.0
2011-04-10 16:00:00,12741.0
2011-04-10 17:00:00,13143.0
2011-04-10 18:00:00,13621.0
2011-04-10 19:00:00,14368.0
2011-04-10 20:00:00,14244.0
2011-04-10 21:00:00,13252.0
2011-04-10 22:00:00,12024.0
2011-04-10 23:00:00,10894.0
2011-04-11 00:00:00,10111.0
2011-04-11 01:00:00,9688.0
2011-04-11 02:00:00,9528.0
2011-04-11 03:00:00,9511.0
2011-04-11 04:00:00,9821.0
2011-04-11 05:00:00,10923.0
2011-04-11 06:00:00,12892.0
2011-04-11 07:00:00,14214.0
2011-04-11 08:00:00,14668.0
2011-04-11 09:00:00,14924.0
2011-04-11 10:00:00,15143.0
2011-04-11 11:00:00,15192.0
2011-04-11 12:00:00,15047.0
2011-04-11 13:00:00,14966.0
2011-04-11 14:00:00,14776.0
2011-04-11 15:00:00,14614.0
2011-04-11 16:00:00,14603.0
2011-04-11 17:00:00,14662.0
2011-04-11 18:00:00,14683.0
2011-04-11 19:00:00,15290.0
2011-04-11 20:00:00,15288.0
2011-04-11 21:00:00,14178.0
2011-04-11 22:00:00,12671.0
2011-04-11 23:00:00,11314.0
2011-04-12 00:00:00,10437.0
2011-04-12 01:00:00,9972.0
2011-04-12 02:00:00,9732.0
2011-04-12 03:00:00,9661.0
2011-04-12 04:00:00,9906.0
2011-04-12 05:00:00,10926.0
2011-04-12 06:00:00,12695.0
2011-04-12 07:00:00,13955.0
2011-04-12 08:00:00,14410.0
2011-04-12 09:00:00,14656.0
2011-04-12 10:00:00,14820.0
2011-04-12 11:00:00,14823.0
2011-04-12 12:00:00,14755.0
2011-04-12 13:00:00,14709.0
2011-04-12 14:00:00,14553.0
2011-04-12 15:00:00,14419.0
2011-04-12 16:00:00,14442.0
2011-04-12 17:00:00,14577.0
2011-04-12 18:00:00,14713.0
2011-04-12 19:00:00,15307.0
2011-04-12 20:00:00,15164.0
2011-04-12 21:00:00,14141.0
2011-04-12 22:00:00,12659.0
2011-04-12 23:00:00,11351.0
2011-04-13 00:00:00,10492.0
2011-04-13 01:00:00,10061.0
2011-04-13 02:00:00,9818.0
2011-04-13 03:00:00,9791.0
2011-04-13 04:00:00,10098.0
2011-04-13 05:00:00,11194.0
2011-04-13 06:00:00,13236.0
2011-04-13 07:00:00,14654.0
2011-04-13 08:00:00,15158.0
2011-04-13 09:00:00,15444.0
2011-04-13 10:00:00,15715.0
2011-04-13 11:00:00,15787.0
2011-04-13 12:00:00,15703.0
2011-04-13 13:00:00,15625.0
2011-04-13 14:00:00,15420.0
2011-04-13 15:00:00,15306.0
2011-04-13 16:00:00,15528.0
2011-04-13 17:00:00,15808.0
2011-04-13 18:00:00,15838.0
2011-04-13 19:00:00,16026.0
2011-04-13 20:00:00,15686.0
2011-04-13 21:00:00,14633.0
2011-04-13 22:00:00,13136.0
2011-04-13 23:00:00,11791.0
2011-04-14 00:00:00,10902.0
2011-04-14 01:00:00,10431.0
2011-04-14 02:00:00,10191.0
2011-04-14 03:00:00,10157.0
2011-04-14 04:00:00,10433.0
2011-04-14 05:00:00,11517.0
2011-04-14 06:00:00,13334.0
2011-04-14 07:00:00,14475.0
2011-04-14 08:00:00,14738.0
2011-04-14 09:00:00,14820.0
2011-04-14 10:00:00,14862.0
2011-04-14 11:00:00,14793.0
2011-04-14 12:00:00,14650.0
2011-04-14 13:00:00,14607.0
2011-04-14 14:00:00,14420.0
2011-04-14 15:00:00,14250.0
2011-04-14 16:00:00,14183.0
2011-04-14 17:00:00,14182.0
2011-04-14 18:00:00,14142.0
2011-04-14 19:00:00,14755.0
2011-04-14 20:00:00,15087.0
2011-04-14 21:00:00,14202.0
2011-04-14 22:00:00,12760.0
2011-04-14 23:00:00,11441.0
2011-04-15 00:00:00,10544.0
2011-04-15 01:00:00,10090.0
2011-04-15 02:00:00,9884.0
2011-04-15 03:00:00,9900.0
2011-04-15 04:00:00,10198.0
2011-04-15 05:00:00,11296.0
2011-04-15 06:00:00,13029.0
2011-04-15 07:00:00,14254.0
2011-04-15 08:00:00,14594.0
2011-04-15 09:00:00,14718.0
2011-04-15 10:00:00,14785.0
2011-04-15 11:00:00,14693.0
2011-04-15 12:00:00,14472.0
2011-04-15 13:00:00,14333.0
2011-04-15 14:00:00,14083.0
2011-04-15 15:00:00,13836.0
2011-04-15 16:00:00,13747.0
2011-04-15 17:00:00,13716.0
2011-04-15 18:00:00,13741.0
2011-04-15 19:00:00,14370.0
2011-04-15 20:00:00,14691.0
2011-04-15 21:00:00,14001.0
2011-04-15 22:00:00,12925.0
2011-04-15 23:00:00,11788.0
2011-04-16 00:00:00,10916.0
2011-04-16 01:00:00,10469.0
2011-04-16 02:00:00,10246.0
2011-04-16 03:00:00,10186.0
2011-04-16 04:00:00,10284.0
2011-04-16 05:00:00,10700.0
2011-04-16 06:00:00,11292.0
2011-04-16 07:00:00,12247.0
2011-04-16 08:00:00,13177.0
2011-04-16 09:00:00,13737.0
2011-04-16 10:00:00,13919.0
2011-04-16 11:00:00,13936.0
2011-04-16 12:00:00,13878.0
2011-04-16 13:00:00,13782.0
2011-04-16 14:00:00,13730.0
2011-04-16 15:00:00,13728.0
2011-04-16 16:00:00,13934.0
2011-04-16 17:00:00,14328.0
2011-04-16 18:00:00,14497.0
2011-04-16 19:00:00,14747.0
2011-04-16 20:00:00,14506.0
2011-04-16 21:00:00,13797.0
2011-04-16 22:00:00,12771.0
2011-04-16 23:00:00,11732.0
2011-04-17 00:00:00,10904.0
2011-04-17 01:00:00,10391.0
2011-04-17 02:00:00,10055.0
2011-04-17 03:00:00,9903.0
2011-04-17 04:00:00,9881.0
2011-04-17 05:00:00,10089.0
2011-04-17 06:00:00,10445.0
2011-04-17 07:00:00,11109.0
2011-04-17 08:00:00,11988.0
2011-04-17 09:00:00,12654.0
2011-04-17 10:00:00,13007.0
2011-04-17 11:00:00,13158.0
2011-04-17 12:00:00,13096.0
2011-04-17 13:00:00,12860.0
2011-04-17 14:00:00,12597.0
2011-04-17 15:00:00,12471.0
2011-04-17 16:00:00,12550.0
2011-04-17 17:00:00,12809.0
2011-04-17 18:00:00,13011.0
2011-04-17 19:00:00,13631.0
2011-04-17 20:00:00,13930.0
2011-04-17 21:00:00,13200.0
2011-04-17 22:00:00,12115.0
2011-04-17 23:00:00,11064.0
2011-04-18 00:00:00,10294.0
2011-04-18 01:00:00,9899.0
2011-04-18 02:00:00,9722.0
2011-04-18 03:00:00,9730.0
2011-04-18 04:00:00,10060.0
2011-04-18 05:00:00,10952.0
2011-04-18 06:00:00,12235.0
2011-04-18 07:00:00,13468.0
2011-04-18 08:00:00,14187.0
2011-04-18 09:00:00,14577.0
2011-04-18 10:00:00,14763.0
2011-04-18 11:00:00,14739.0
2011-04-18 12:00:00,14581.0
2011-04-18 13:00:00,14443.0
2011-04-18 14:00:00,14218.0
2011-04-18 15:00:00,14060.0
2011-04-18 16:00:00,14168.0
2011-04-18 17:00:00,14374.0
2011-04-18 18:00:00,14478.0
2011-04-18 19:00:00,14891.0
2011-04-18 20:00:00,14869.0
2011-04-18 21:00:00,13912.0
2011-04-18 22:00:00,12589.0
2011-04-18 23:00:00,11343.0
2011-04-19 00:00:00,10500.0
2011-04-19 01:00:00,10025.0
2011-04-19 02:00:00,9781.0
2011-04-19 03:00:00,9753.0
2011-04-19 04:00:00,10013.0
2011-04-19 05:00:00,10967.0
2011-04-19 06:00:00,12419.0
2011-04-19 07:00:00,13745.0
2011-04-19 08:00:00,14441.0
2011-04-19 09:00:00,14809.0
2011-04-19 10:00:00,15077.0
2011-04-19 11:00:00,15151.0
2011-04-19 12:00:00,15068.0
2011-04-19 13:00:00,14964.0
2011-04-19 14:00:00,14811.0
2011-04-19 15:00:00,14718.0
2011-04-19 16:00:00,14854.0
2011-04-19 17:00:00,15096.0
2011-04-19 18:00:00,15193.0
2011-04-19 19:00:00,15489.0
2011-04-19 20:00:00,15261.0
2011-04-19 21:00:00,14305.0
2011-04-19 22:00:00,12972.0
2011-04-19 23:00:00,11698.0
2011-04-20 00:00:00,10834.0
2011-04-20 01:00:00,10351.0
2011-04-20 02:00:00,10107.0
2011-04-20 03:00:00,10096.0
2011-04-20 04:00:00,10370.0
2011-04-20 05:00:00,11308.0
2011-04-20 06:00:00,12795.0
2011-04-20 07:00:00,14167.0
2011-04-20 08:00:00,14906.0
2011-04-20 09:00:00,15307.0
2011-04-20 10:00:00,15561.0
2011-04-20 11:00:00,15607.0
2011-04-20 12:00:00,15481.0
2011-04-20 13:00:00,15367.0
2011-04-20 14:00:00,15169.0
2011-04-20 15:00:00,14963.0
2011-04-20 16:00:00,14974.0
2011-04-20 17:00:00,15021.0
2011-04-20 18:00:00,14970.0
2011-04-20 19:00:00,15242.0
2011-04-20 20:00:00,15325.0
2011-04-20 21:00:00,14444.0
2011-04-20 22:00:00,13099.0
2011-04-20 23:00:00,11814.0
2011-04-21 00:00:00,10900.0
2011-04-21 01:00:00,10414.0
2011-04-21 02:00:00,10158.0
2011-04-21 03:00:00,10107.0
2011-04-21 04:00:00,10380.0
2011-04-21 05:00:00,11315.0
2011-04-21 06:00:00,12636.0
2011-04-21 07:00:00,13807.0
2011-04-21 08:00:00,14371.0
2011-04-21 09:00:00,14697.0
2011-04-21 10:00:00,14848.0
2011-04-21 11:00:00,14865.0
2011-04-21 12:00:00,14711.0
2011-04-21 13:00:00,14578.0
2011-04-21 14:00:00,14369.0
2011-04-21 15:00:00,14156.0
2011-04-21 16:00:00,14109.0
2011-04-21 17:00:00,14206.0
2011-04-21 18:00:00,14234.0
2011-04-21 19:00:00,14668.0
2011-04-21 20:00:00,15099.0
2011-04-21 21:00:00,14370.0
2011-04-21 22:00:00,13102.0
2011-04-21 23:00:00,11881.0
2011-04-22 00:00:00,11017.0
2011-04-22 01:00:00,10560.0
2011-04-22 02:00:00,10335.0
2011-04-22 03:00:00,10313.0
2011-04-22 04:00:00,10562.0
2011-04-22 05:00:00,11373.0
2011-04-22 06:00:00,12469.0
2011-04-22 07:00:00,13533.0
2011-04-22 08:00:00,14074.0
2011-04-22 09:00:00,14481.0
2011-04-22 10:00:00,14612.0
2011-04-22 11:00:00,14455.0
2011-04-22 12:00:00,14149.0
2011-04-22 13:00:00,13941.0
2011-04-22 14:00:00,13657.0
2011-04-22 15:00:00,13382.0
2011-04-22 16:00:00,13324.0
2011-04-22 17:00:00,13421.0
2011-04-22 18:00:00,13485.0
2011-04-22 19:00:00,13909.0
2011-04-22 20:00:00,14223.0
2011-04-22 21:00:00,13599.0
2011-04-22 22:00:00,12562.0
2011-04-22 23:00:00,11451.0
2011-04-23 00:00:00,10560.0
2011-04-23 01:00:00,10060.0
2011-04-23 02:00:00,9784.0
2011-04-23 03:00:00,9679.0
2011-04-23 04:00:00,9755.0
2011-04-23 05:00:00,10116.0
2011-04-23 06:00:00,10723.0
2011-04-23 07:00:00,11706.0
2011-04-23 08:00:00,12896.0
2011-04-23 09:00:00,13863.0
2011-04-23 10:00:00,14417.0
2011-04-23 11:00:00,14650.0
2011-04-23 12:00:00,14592.0
2011-04-23 13:00:00,14352.0
2011-04-23 14:00:00,14052.0
2011-04-23 15:00:00,13863.0
2011-04-23 16:00:00,13907.0
2011-04-23 17:00:00,14052.0
2011-04-23 18:00:00,14055.0
2011-04-23 19:00:00,14197.0
2011-04-23 20:00:00,14193.0
2011-04-23 21:00:00,13565.0
2011-04-23 22:00:00,12582.0
2011-04-23 23:00:00,11488.0
2011-04-24 00:00:00,10517.0
2011-04-24 01:00:00,9914.0
2011-04-24 02:00:00,9561.0
2011-04-24 03:00:00,9385.0
2011-04-24 04:00:00,9374.0
2011-04-24 05:00:00,9582.0
2011-04-24 06:00:00,9918.0
2011-04-24 07:00:00,10760.0
2011-04-24 08:00:00,11705.0
2011-04-24 09:00:00,12422.0
2011-04-24 10:00:00,12708.0
2011-04-24 11:00:00,12782.0
2011-04-24 12:00:00,12637.0
2011-04-24 13:00:00,12234.0
2011-04-24 14:00:00,11831.0
2011-04-24 15:00:00,11627.0
2011-04-24 16:00:00,11659.0
2011-04-24 17:00:00,11864.0
2011-04-24 18:00:00,12186.0
2011-04-24 19:00:00,12930.0
2011-04-24 20:00:00,13326.0
2011-04-24 21:00:00,12601.0
2011-04-24 22:00:00,11483.0
2011-04-24 23:00:00,10461.0
2011-04-25 00:00:00,9720.0
2011-04-25 01:00:00,9328.0
2011-04-25 02:00:00,9122.0
2011-04-25 03:00:00,9125.0
2011-04-25 04:00:00,9406.0
2011-04-25 05:00:00,10416.0
2011-04-25 06:00:00,12122.0
2011-04-25 07:00:00,13542.0
2011-04-25 08:00:00,14172.0
2011-04-25 09:00:00,14541.0
2011-04-25 10:00:00,14799.0
2011-04-25 11:00:00,14861.0
2011-04-25 12:00:00,14781.0
2011-04-25 13:00:00,14751.0
2011-04-25 14:00:00,14594.0
2011-04-25 15:00:00,14463.0
2011-04-25 16:00:00,14457.0
2011-04-25 17:00:00,14558.0
2011-04-25 18:00:00,14525.0
2011-04-25 19:00:00,14852.0
2011-04-25 20:00:00,15056.0
2011-04-25 21:00:00,14014.0
2011-04-25 22:00:00,12538.0
2011-04-25 23:00:00,11179.0
2011-04-26 00:00:00,10295.0
2011-04-26 01:00:00,9808.0
2011-04-26 02:00:00,9572.0
2011-04-26 03:00:00,9509.0
2011-04-26 04:00:00,9776.0
2011-04-26 05:00:00,10767.0
2011-04-26 06:00:00,12551.0
2011-04-26 07:00:00,13908.0
2011-04-26 08:00:00,14381.0
2011-04-26 09:00:00,14617.0
2011-04-26 10:00:00,14881.0
2011-04-26 11:00:00,14987.0
2011-04-26 12:00:00,14976.0
2011-04-26 13:00:00,15039.0
2011-04-26 14:00:00,14944.0
2011-04-26 15:00:00,14810.0
2011-04-26 16:00:00,14743.0
2011-04-26 17:00:00,14750.0
2011-04-26 18:00:00,14690.0
2011-04-26 19:00:00,15058.0
2011-04-26 20:00:00,15293.0
2011-04-26 21:00:00,14279.0
2011-04-26 22:00:00,12771.0
2011-04-26 23:00:00,11417.0
2011-04-27 00:00:00,10487.0
2011-04-27 01:00:00,9971.0
2011-04-27 02:00:00,9719.0
2011-04-27 03:00:00,9659.0
2011-04-27 04:00:00,9895.0
2011-04-27 05:00:00,10882.0
2011-04-27 06:00:00,12649.0
2011-04-27 07:00:00,14090.0
2011-04-27 08:00:00,14602.0
2011-04-27 09:00:00,14906.0
2011-04-27 10:00:00,15233.0
2011-04-27 11:00:00,15361.0
2011-04-27 12:00:00,15414.0
2011-04-27 13:00:00,15507.0
2011-04-27 14:00:00,15464.0
2011-04-27 15:00:00,15324.0
2011-04-27 16:00:00,15258.0
2011-04-27 17:00:00,15194.0
2011-04-27 18:00:00,15091.0
2011-04-27 19:00:00,15494.0
2011-04-27 20:00:00,15608.0
2011-04-27 21:00:00,14571.0
2011-04-27 22:00:00,13107.0
2011-04-27 23:00:00,11711.0
2011-04-28 00:00:00,10748.0
2011-04-28 01:00:00,10248.0
2011-04-28 02:00:00,9991.0
2011-04-28 03:00:00,9919.0
2011-04-28 04:00:00,10158.0
2011-04-28 05:00:00,11139.0
2011-04-28 06:00:00,12905.0
2011-04-28 07:00:00,14391.0
2011-04-28 08:00:00,14976.0
2011-04-28 09:00:00,15361.0
2011-04-28 10:00:00,15647.0
2011-04-28 11:00:00,15741.0
2011-04-28 12:00:00,15684.0
2011-04-28 13:00:00,15662.0
2011-04-28 14:00:00,15536.0
2011-04-28 15:00:00,15441.0
2011-04-28 16:00:00,15452.0
2011-04-28 17:00:00,15433.0
2011-04-28 18:00:00,15217.0
2011-04-28 19:00:00,15329.0
2011-04-28 20:00:00,15401.0
2011-04-28 21:00:00,14454.0
2011-04-28 22:00:00,12994.0
2011-04-28 23:00:00,11589.0
2011-04-29 00:00:00,10610.0
2011-04-29 01:00:00,10050.0
2011-04-29 02:00:00,9759.0
2011-04-29 03:00:00,9643.0
2011-04-29 04:00:00,9871.0
2011-04-29 05:00:00,10733.0
2011-04-29 06:00:00,12231.0
2011-04-29 07:00:00,13577.0
2011-04-29 08:00:00,14201.0
2011-04-29 09:00:00,14607.0
2011-04-29 10:00:00,14879.0
2011-04-29 11:00:00,14979.0
2011-04-29 12:00:00,14938.0
2011-04-29 13:00:00,14921.0
2011-04-29 14:00:00,14744.0
2011-04-29 15:00:00,14501.0
2011-04-29 16:00:00,14310.0
2011-04-29 17:00:00,14107.0
2011-04-29 18:00:00,13835.0
2011-04-29 19:00:00,13980.0
2011-04-29 20:00:00,14289.0
2011-04-29 21:00:00,13584.0
2011-04-29 22:00:00,12404.0
2011-04-29 23:00:00,11186.0
2011-04-30 00:00:00,10285.0
2011-04-30 01:00:00,9720.0
2011-04-30 02:00:00,9399.0
2011-04-30 03:00:00,9254.0
2011-04-30 04:00:00,9301.0
2011-04-30 05:00:00,9581.0
2011-04-30 06:00:00,10102.0
2011-04-30 07:00:00,11128.0
2011-04-30 08:00:00,12140.0
2011-04-30 09:00:00,12756.0
2011-04-30 10:00:00,12991.0
2011-04-30 11:00:00,13048.0
2011-04-30 12:00:00,12941.0
2011-04-30 13:00:00,12732.0
2011-04-30 14:00:00,12526.0
2011-04-30 15:00:00,12415.0
2011-04-30 16:00:00,12452.0
2011-04-30 17:00:00,12594.0
2011-04-30 18:00:00,12646.0
2011-04-30 19:00:00,12830.0
2011-04-30 20:00:00,13410.0
2011-04-30 21:00:00,12876.0
2011-04-30 22:00:00,11901.0
2011-04-30 23:00:00,10881.0
2011-05-01 00:00:00,10038.0
2011-05-01 01:00:00,9531.0
2011-05-01 02:00:00,9253.0
2011-05-01 03:00:00,9150.0
2011-05-01 04:00:00,9169.0
2011-05-01 05:00:00,9292.0
2011-05-01 06:00:00,9632.0
2011-05-01 07:00:00,10448.0
2011-05-01 08:00:00,11384.0
2011-05-01 09:00:00,12061.0
2011-05-01 10:00:00,12354.0
2011-05-01 11:00:00,12468.0
2011-05-01 12:00:00,12443.0
2011-05-01 13:00:00,12289.0
2011-05-01 14:00:00,12151.0
2011-05-01 15:00:00,12141.0
2011-05-01 16:00:00,12318.0
2011-05-01 17:00:00,12643.0
2011-05-01 18:00:00,12800.0
2011-05-01 19:00:00,13178.0
2011-05-01 20:00:00,13850.0
2011-05-01 21:00:00,13075.0
2011-05-01 22:00:00,11813.0
2011-05-01 23:00:00,10695.0
2011-05-02 00:00:00,9909.0
2011-05-02 01:00:00,9485.0
2011-05-02 02:00:00,9305.0
2011-05-02 03:00:00,9314.0
2011-05-02 04:00:00,9635.0
2011-05-02 05:00:00,10630.0
2011-05-02 06:00:00,12403.0
2011-05-02 07:00:00,13708.0
2011-05-02 08:00:00,14138.0
2011-05-02 09:00:00,14456.0
2011-05-02 10:00:00,14721.0
2011-05-02 11:00:00,14806.0
2011-05-02 12:00:00,14786.0
2011-05-02 13:00:00,14795.0
2011-05-02 14:00:00,14614.0
2011-05-02 15:00:00,14457.0
2011-05-02 16:00:00,14417.0
2011-05-02 17:00:00,14490.0
2011-05-02 18:00:00,14546.0
2011-05-02 19:00:00,14877.0
2011-05-02 20:00:00,15079.0
2011-05-02 21:00:00,14057.0
2011-05-02 22:00:00,12555.0
2011-05-02 23:00:00,11193.0
2011-05-03 00:00:00,10307.0
2011-05-03 01:00:00,9814.0
2011-05-03 02:00:00,9561.0
2011-05-03 03:00:00,9494.0
2011-05-03 04:00:00,9749.0
2011-05-03 05:00:00,10664.0
2011-05-03 06:00:00,12388.0
2011-05-03 07:00:00,13753.0
2011-05-03 08:00:00,14258.0
2011-05-03 09:00:00,14536.0
2011-05-03 10:00:00,14853.0
2011-05-03 11:00:00,15036.0
2011-05-03 12:00:00,15025.0
2011-05-03 13:00:00,15108.0
2011-05-03 14:00:00,14971.0
2011-05-03 15:00:00,14857.0
2011-05-03 16:00:00,14827.0
2011-05-03 17:00:00,14788.0
2011-05-03 18:00:00,14657.0
2011-05-03 19:00:00,14887.0
2011-05-03 20:00:00,15173.0
2011-05-03 21:00:00,14207.0
2011-05-03 22:00:00,12675.0
2011-05-03 23:00:00,11328.0
2011-05-04 00:00:00,10413.0
2011-05-04 01:00:00,9888.0
2011-05-04 02:00:00,9648.0
2011-05-04 03:00:00,9597.0
2011-05-04 04:00:00,9853.0
2011-05-04 05:00:00,10821.0
2011-05-04 06:00:00,12649.0
2011-05-04 07:00:00,14089.0
2011-05-04 08:00:00,14616.0
2011-05-04 09:00:00,14928.0
2011-05-04 10:00:00,15157.0
2011-05-04 11:00:00,15255.0
2011-05-04 12:00:00,15219.0
2011-05-04 13:00:00,15196.0
2011-05-04 14:00:00,15038.0
2011-05-04 15:00:00,14977.0
2011-05-04 16:00:00,15057.0
2011-05-04 17:00:00,15224.0
2011-05-04 18:00:00,15117.0
2011-05-04 19:00:00,15098.0
2011-05-04 20:00:00,15062.0
2011-05-04 21:00:00,14095.0
2011-05-04 22:00:00,12610.0
2011-05-04 23:00:00,11260.0
2011-05-05 00:00:00,10394.0
2011-05-05 01:00:00,9910.0
2011-05-05 02:00:00,9671.0
2011-05-05 03:00:00,9639.0
2011-05-05 04:00:00,9912.0
2011-05-05 05:00:00,10840.0
2011-05-05 06:00:00,12596.0
2011-05-05 07:00:00,13920.0
2011-05-05 08:00:00,14297.0
2011-05-05 09:00:00,14515.0
2011-05-05 10:00:00,14697.0
2011-05-05 11:00:00,14711.0
2011-05-05 12:00:00,14602.0
2011-05-05 13:00:00,14537.0
2011-05-05 14:00:00,14379.0
2011-05-05 15:00:00,14233.0
2011-05-05 16:00:00,14214.0
2011-05-05 17:00:00,14245.0
2011-05-05 18:00:00,14171.0
2011-05-05 19:00:00,14356.0
2011-05-05 20:00:00,14853.0
2011-05-05 21:00:00,14074.0
2011-05-05 22:00:00,12653.0
2011-05-05 23:00:00,11330.0
2011-05-06 00:00:00,10443.0
2011-05-06 01:00:00,9986.0
2011-05-06 02:00:00,9778.0
2011-05-06 03:00:00,9737.0
2011-05-06 04:00:00,9997.0
2011-05-06 05:00:00,10884.0
2011-05-06 06:00:00,12585.0
2011-05-06 07:00:00,13812.0
2011-05-06 08:00:00,14216.0
2011-05-06 09:00:00,14451.0
2011-05-06 10:00:00,14598.0
2011-05-06 11:00:00,14627.0
2011-05-06 12:00:00,14538.0
2011-05-06 13:00:00,14501.0
2011-05-06 14:00:00,14335.0
2011-05-06 15:00:00,14152.0
2011-05-06 16:00:00,13967.0
2011-05-06 17:00:00,13828.0
2011-05-06 18:00:00,13599.0
2011-05-06 19:00:00,13715.0
2011-05-06 20:00:00,14202.0
2011-05-06 21:00:00,13562.0
2011-05-06 22:00:00,12405.0
2011-05-06 23:00:00,11174.0
2011-05-07 00:00:00,10238.0
2011-05-07 01:00:00,9678.0
2011-05-07 02:00:00,9380.0
2011-05-07 03:00:00,9265.0
2011-05-07 04:00:00,9308.0
2011-05-07 05:00:00,9574.0
2011-05-07 06:00:00,10149.0
2011-05-07 07:00:00,11202.0
2011-05-07 08:00:00,12226.0
2011-05-07 09:00:00,12844.0
2011-05-07 10:00:00,13132.0
2011-05-07 11:00:00,13200.0
2011-05-07 12:00:00,13113.0
2011-05-07 13:00:00,12947.0
2011-05-07 14:00:00,12767.0
2011-05-07 15:00:00,12672.0
2011-05-07 16:00:00,12742.0
2011-05-07 17:00:00,12897.0
2011-05-07 18:00:00,12873.0
2011-05-07 19:00:00,12995.0
2011-05-07 20:00:00,13386.0
2011-05-07 21:00:00,12884.0
2011-05-07 22:00:00,11932.0
2011-05-07 23:00:00,10866.0
2011-05-08 00:00:00,9993.0
2011-05-08 01:00:00,9491.0
2011-05-08 02:00:00,9190.0
2011-05-08 03:00:00,9036.0
2011-05-08 04:00:00,9050.0
2011-05-08 05:00:00,9148.0
2011-05-08 06:00:00,9520.0
2011-05-08 07:00:00,10416.0
2011-05-08 08:00:00,11468.0
2011-05-08 09:00:00,12205.0
2011-05-08 10:00:00,12509.0
2011-05-08 11:00:00,12609.0
2011-05-08 12:00:00,12509.0
2011-05-08 13:00:00,12338.0
2011-05-08 14:00:00,12159.0
2011-05-08 15:00:00,12118.0
2011-05-08 16:00:00,12245.0
2011-05-08 17:00:00,12497.0
2011-05-08 18:00:00,12735.0
2011-05-08 19:00:00,13115.0
2011-05-08 20:00:00,13629.0
2011-05-08 21:00:00,12894.0
2011-05-08 22:00:00,11714.0
2011-05-08 23:00:00,10590.0
2011-05-09 00:00:00,9809.0
2011-05-09 01:00:00,9400.0
2011-05-09 02:00:00,9217.0
2011-05-09 03:00:00,9218.0
2011-05-09 04:00:00,9539.0
2011-05-09 05:00:00,10424.0
2011-05-09 06:00:00,12201.0
2011-05-09 07:00:00,13565.0
2011-05-09 08:00:00,14101.0
2011-05-09 09:00:00,14443.0
2011-05-09 10:00:00,14711.0
2011-05-09 11:00:00,14826.0
2011-05-09 12:00:00,14820.0
2011-05-09 13:00:00,14822.0
2011-05-09 14:00:00,14688.0
2011-05-09 15:00:00,14578.0
2011-05-09 16:00:00,14536.0
2011-05-09 17:00:00,14582.0
2011-05-09 18:00:00,14478.0
2011-05-09 19:00:00,14576.0
2011-05-09 20:00:00,15002.0
2011-05-09 21:00:00,14068.0
2011-05-09 22:00:00,12567.0
2011-05-09 23:00:00,11158.0
2011-05-10 00:00:00,10250.0
2011-05-10 01:00:00,9772.0
2011-05-10 02:00:00,9515.0
2011-05-10 03:00:00,9472.0
2011-05-10 04:00:00,9733.0
2011-05-10 05:00:00,10629.0
2011-05-10 06:00:00,12372.0
2011-05-10 07:00:00,13787.0
2011-05-10 08:00:00,14268.0
2011-05-10 09:00:00,14550.0
2011-05-10 10:00:00,14680.0
2011-05-10 11:00:00,14869.0
2011-05-10 12:00:00,14841.0
2011-05-10 13:00:00,14844.0
2011-05-10 14:00:00,14746.0
2011-05-10 15:00:00,14638.0
2011-05-10 16:00:00,14651.0
2011-05-10 17:00:00,14698.0
2011-05-10 18:00:00,14631.0
2011-05-10 19:00:00,14796.0
2011-05-10 20:00:00,15080.0
2011-05-10 21:00:00,14160.0
2011-05-10 22:00:00,12645.0
2011-05-10 23:00:00,11274.0
2011-05-11 00:00:00,10363.0
2011-05-11 01:00:00,9874.0
2011-05-11 02:00:00,9636.0
2011-05-11 03:00:00,9583.0
2011-05-11 04:00:00,9837.0
2011-05-11 05:00:00,10775.0
2011-05-11 06:00:00,12572.0
2011-05-11 07:00:00,14036.0
2011-05-11 08:00:00,14491.0
2011-05-11 09:00:00,14737.0
2011-05-11 10:00:00,14923.0
2011-05-11 11:00:00,14968.0
2011-05-11 12:00:00,14894.0
2011-05-11 13:00:00,14859.0
2011-05-11 14:00:00,14741.0
2011-05-11 15:00:00,14616.0
2011-05-11 16:00:00,14621.0
2011-05-11 17:00:00,14667.0
2011-05-11 18:00:00,14615.0
2011-05-11 19:00:00,14693.0
2011-05-11 20:00:00,15052.0
2011-05-11 21:00:00,14177.0
2011-05-11 22:00:00,12704.0
2011-05-11 23:00:00,11301.0
2011-05-12 00:00:00,10374.0
2011-05-12 01:00:00,9888.0
2011-05-12 02:00:00,9647.0
2011-05-12 03:00:00,9590.0
2011-05-12 04:00:00,9835.0
2011-05-12 05:00:00,10698.0
2011-05-12 06:00:00,12454.0
2011-05-12 07:00:00,13778.0
2011-05-12 08:00:00,14231.0
2011-05-12 09:00:00,14535.0
2011-05-12 10:00:00,14763.0
2011-05-12 11:00:00,14816.0
2011-05-12 12:00:00,14762.0
2011-05-12 13:00:00,14792.0
2011-05-12 14:00:00,14671.0
2011-05-12 15:00:00,14546.0
2011-05-12 16:00:00,14515.0
2011-05-12 17:00:00,14439.0
2011-05-12 18:00:00,14255.0
2011-05-12 19:00:00,14317.0
2011-05-12 20:00:00,14851.0
2011-05-12 21:00:00,14123.0
2011-05-12 22:00:00,12683.0
2011-05-12 23:00:00,11289.0
2011-05-13 00:00:00,10327.0
2011-05-13 01:00:00,9813.0
2011-05-13 02:00:00,9554.0
2011-05-13 03:00:00,9488.0
2011-05-13 04:00:00,9738.0
2011-05-13 05:00:00,10527.0
2011-05-13 06:00:00,12224.0
2011-05-13 07:00:00,13568.0
2011-05-13 08:00:00,14144.0
2011-05-13 09:00:00,14498.0
2011-05-13 10:00:00,14733.0
2011-05-13 11:00:00,14840.0
2011-05-13 12:00:00,14814.0
2011-05-13 13:00:00,14785.0
2011-05-13 14:00:00,14622.0
2011-05-13 15:00:00,14408.0
2011-05-13 16:00:00,14244.0
2011-05-13 17:00:00,14035.0
2011-05-13 18:00:00,13741.0
2011-05-13 19:00:00,13710.0
2011-05-13 20:00:00,14183.0
2011-05-13 21:00:00,13628.0
2011-05-13 22:00:00,12448.0
2011-05-13 23:00:00,11224.0
2011-05-14 00:00:00,10258.0
2011-05-14 01:00:00,9694.0
2011-05-14 02:00:00,9398.0
2011-05-14 03:00:00,9264.0
2011-05-14 04:00:00,9332.0
2011-05-14 05:00:00,9545.0
2011-05-14 06:00:00,10106.0
2011-05-14 07:00:00,11173.0
2011-05-14 08:00:00,12252.0
2011-05-14 09:00:00,12878.0
2011-05-14 10:00:00,13170.0
2011-05-14 11:00:00,13244.0
2011-05-14 12:00:00,13151.0
2011-05-14 13:00:00,12979.0
2011-05-14 14:00:00,12814.0
2011-05-14 15:00:00,12727.0
2011-05-14 16:00:00,12797.0
2011-05-14 17:00:00,13036.0
2011-05-14 18:00:00,13217.0
2011-05-14 19:00:00,13353.0
2011-05-14 20:00:00,13531.0
2011-05-14 21:00:00,12979.0
2011-05-14 22:00:00,12004.0
2011-05-14 23:00:00,10942.0
2011-05-15 00:00:00,10088.0
2011-05-15 01:00:00,9562.0
2011-05-15 02:00:00,9258.0
2011-05-15 03:00:00,9128.0
2011-05-15 04:00:00,9114.0
2011-05-15 05:00:00,9259.0
2011-05-15 06:00:00,9610.0
2011-05-15 07:00:00,10410.0
2011-05-15 08:00:00,11501.0
2011-05-15 09:00:00,12396.0
2011-05-15 10:00:00,13021.0
2011-05-15 11:00:00,13388.0
2011-05-15 12:00:00,13573.0
2011-05-15 13:00:00,13541.0
2011-05-15 14:00:00,13407.0
2011-05-15 15:00:00,13395.0
2011-05-15 16:00:00,13574.0
2011-05-15 17:00:00,13916.0
2011-05-15 18:00:00,14003.0
2011-05-15 19:00:00,14070.0
2011-05-15 20:00:00,14120.0
2011-05-15 21:00:00,13270.0
2011-05-15 22:00:00,12032.0
2011-05-15 23:00:00,10893.0
2011-05-16 00:00:00,10048.0
2011-05-16 01:00:00,9586.0
2011-05-16 02:00:00,9373.0
2011-05-16 03:00:00,9335.0
2011-05-16 04:00:00,9628.0
2011-05-16 05:00:00,10597.0
2011-05-16 06:00:00,12418.0
2011-05-16 07:00:00,13896.0
2011-05-16 08:00:00,14489.0
2011-05-16 09:00:00,14843.0
2011-05-16 10:00:00,15145.0
2011-05-16 11:00:00,15240.0
2011-05-16 12:00:00,15180.0
2011-05-16 13:00:00,15132.0
2011-05-16 14:00:00,14970.0
2011-05-16 15:00:00,14887.0
2011-05-16 16:00:00,15047.0
2011-05-16 17:00:00,15324.0
2011-05-16 18:00:00,15316.0
2011-05-16 19:00:00,15309.0
2011-05-16 20:00:00,15225.0
2011-05-16 21:00:00,14206.0
2011-05-16 22:00:00,12699.0
2011-05-16 23:00:00,11352.0
2011-05-17 00:00:00,10476.0
2011-05-17 01:00:00,9987.0
2011-05-17 02:00:00,9730.0
2011-05-17 03:00:00,9668.0
2011-05-17 04:00:00,9933.0
2011-05-17 05:00:00,10889.0
2011-05-17 06:00:00,12692.0
2011-05-17 07:00:00,14148.0
2011-05-17 08:00:00,14677.0
2011-05-17 09:00:00,14954.0
2011-05-17 10:00:00,15183.0
2011-05-17 11:00:00,15281.0
2011-05-17 12:00:00,15229.0
2011-05-17 13:00:00,15188.0
2011-05-17 14:00:00,15029.0
2011-05-17 15:00:00,14970.0
2011-05-17 16:00:00,15101.0
2011-05-17 17:00:00,15300.0
2011-05-17 18:00:00,15304.0
2011-05-17 19:00:00,15312.0
2011-05-17 20:00:00,15302.0
2011-05-17 21:00:00,14361.0
2011-05-17 22:00:00,12889.0
2011-05-17 23:00:00,11527.0
2011-05-18 00:00:00,10589.0
2011-05-18 01:00:00,10094.0
2011-05-18 02:00:00,9842.0
2011-05-18 03:00:00,9766.0
2011-05-18 04:00:00,10006.0
2011-05-18 05:00:00,10946.0
2011-05-18 06:00:00,12744.0
2011-05-18 07:00:00,14174.0
2011-05-18 08:00:00,14689.0
2011-05-18 09:00:00,14988.0
2011-05-18 10:00:00,15244.0
2011-05-18 11:00:00,15333.0
2011-05-18 12:00:00,15271.0
2011-05-18 13:00:00,15258.0
2011-05-18 14:00:00,15104.0
2011-05-18 15:00:00,15035.0
2011-05-18 16:00:00,15105.0
2011-05-18 17:00:00,15281.0
2011-05-18 18:00:00,15250.0
2011-05-18 19:00:00,15250.0
2011-05-18 20:00:00,15259.0
2011-05-18 21:00:00,14307.0
2011-05-18 22:00:00,12877.0
2011-05-18 23:00:00,11509.0
2011-05-19 00:00:00,10584.0
2011-05-19 01:00:00,10079.0
2011-05-19 02:00:00,9823.0
2011-05-19 03:00:00,9767.0
2011-05-19 04:00:00,10010.0
2011-05-19 05:00:00,10905.0
2011-05-19 06:00:00,12662.0
2011-05-19 07:00:00,14089.0
2011-05-19 08:00:00,14608.0
2011-05-19 09:00:00,14926.0
2011-05-19 10:00:00,15198.0
2011-05-19 11:00:00,15310.0
2011-05-19 12:00:00,15267.0
2011-05-19 13:00:00,15321.0
2011-05-19 14:00:00,15234.0
2011-05-19 15:00:00,15145.0
2011-05-19 16:00:00,15174.0
2011-05-19 17:00:00,15184.0
2011-05-19 18:00:00,15029.0
2011-05-19 19:00:00,15100.0
2011-05-19 20:00:00,15237.0
2011-05-19 21:00:00,14400.0
2011-05-19 22:00:00,12978.0
2011-05-19 23:00:00,11598.0
2011-05-20 00:00:00,10626.0
2011-05-20 01:00:00,10068.0
2011-05-20 02:00:00,9786.0
2011-05-20 03:00:00,9698.0
2011-05-20 04:00:00,9938.0
2011-05-20 05:00:00,10780.0
2011-05-20 06:00:00,12480.0
2011-05-20 07:00:00,13900.0
2011-05-20 08:00:00,14480.0
2011-05-20 09:00:00,14864.0
2011-05-20 10:00:00,15124.0
2011-05-20 11:00:00,15244.0
2011-05-20 12:00:00,15193.0
2011-05-20 13:00:00,15218.0
2011-05-20 14:00:00,15089.0
2011-05-20 15:00:00,14916.0
2011-05-20 16:00:00,14799.0
2011-05-20 17:00:00,14620.0
2011-05-20 18:00:00,14341.0
2011-05-20 19:00:00,14245.0
2011-05-20 20:00:00,14499.0
2011-05-20 21:00:00,13957.0
2011-05-20 22:00:00,12804.0
2011-05-20 23:00:00,11525.0
2011-05-21 00:00:00,10552.0
2011-05-21 01:00:00,9963.0
2011-05-21 02:00:00,9616.0
2011-05-21 03:00:00,9458.0
2011-05-21 04:00:00,9490.0
2011-05-21 05:00:00,9714.0
2011-05-21 06:00:00,10292.0
2011-05-21 07:00:00,11387.0
2011-05-21 08:00:00,12515.0
2011-05-21 09:00:00,13269.0
2011-05-21 10:00:00,13656.0
2011-05-21 11:00:00,13772.0
2011-05-21 12:00:00,13704.0
2011-05-21 13:00:00,13578.0
2011-05-21 14:00:00,13457.0
2011-05-21 15:00:00,13391.0
2011-05-21 16:00:00,13409.0
2011-05-21 17:00:00,13447.0
2011-05-21 18:00:00,13377.0
2011-05-21 19:00:00,13385.0
2011-05-21 20:00:00,13757.0
2011-05-21 21:00:00,13315.0
2011-05-21 22:00:00,12282.0
2011-05-21 23:00:00,11196.0
2011-05-22 00:00:00,10287.0
2011-05-22 01:00:00,9700.0
2011-05-22 02:00:00,9381.0
2011-05-22 03:00:00,9201.0
2011-05-22 04:00:00,9177.0
2011-05-22 05:00:00,9252.0
2011-05-22 06:00:00,9609.0
2011-05-22 07:00:00,10424.0
2011-05-22 08:00:00,11465.0
2011-05-22 09:00:00,12314.0
2011-05-22 10:00:00,12760.0
2011-05-22 11:00:00,13010.0
2011-05-22 12:00:00,13054.0
2011-05-22 13:00:00,12942.0
2011-05-22 14:00:00,12785.0
2011-05-22 15:00:00,12758.0
2011-05-22 16:00:00,12918.0
2011-05-22 17:00:00,13251.0
2011-05-22 18:00:00,13429.0
2011-05-22 19:00:00,13604.0
2011-05-22 20:00:00,14030.0
2011-05-22 21:00:00,13371.0
2011-05-22 22:00:00,12121.0
2011-05-22 23:00:00,10921.0
2011-05-23 00:00:00,10060.0
2011-05-23 01:00:00,9622.0
2011-05-23 02:00:00,9428.0
2011-05-23 03:00:00,9395.0
2011-05-23 04:00:00,9703.0
2011-05-23 05:00:00,10651.0
2011-05-23 06:00:00,12477.0
2011-05-23 07:00:00,14001.0
2011-05-23 08:00:00,14598.0
2011-05-23 09:00:00,14936.0
2011-05-23 10:00:00,15232.0
2011-05-23 11:00:00,15372.0
2011-05-23 12:00:00,15368.0
2011-05-23 13:00:00,15326.0
2011-05-23 14:00:00,15194.0
2011-05-23 15:00:00,15133.0
2011-05-23 16:00:00,15268.0
2011-05-23 17:00:00,15511.0
2011-05-23 18:00:00,15476.0
2011-05-23 19:00:00,15472.0
2011-05-23 20:00:00,15403.0
2011-05-23 21:00:00,14435.0
2011-05-23 22:00:00,12935.0
2011-05-23 23:00:00,11581.0
2011-05-24 00:00:00,10656.0
2011-05-24 01:00:00,10147.0
2011-05-24 02:00:00,9890.0
2011-05-24 03:00:00,9830.0
2011-05-24 04:00:00,10108.0
2011-05-24 05:00:00,10992.0
2011-05-24 06:00:00,12828.0
2011-05-24 07:00:00,14335.0
2011-05-24 08:00:00,14991.0
2011-05-24 09:00:00,15420.0
2011-05-24 10:00:00,15830.0
2011-05-24 11:00:00,16117.0
2011-05-24 12:00:00,16284.0
2011-05-24 13:00:00,16352.0
2011-05-24 14:00:00,16265.0
2011-05-24 15:00:00,16127.0
2011-05-24 16:00:00,16073.0
2011-05-24 17:00:00,16100.0
2011-05-24 18:00:00,15836.0
2011-05-24 19:00:00,15719.0
2011-05-24 20:00:00,15971.0
2011-05-24 21:00:00,15247.0
2011-05-24 22:00:00,13691.0
2011-05-24 23:00:00,12155.0
2011-05-25 00:00:00,11096.0
2011-05-25 01:00:00,10480.0
2011-05-25 02:00:00,10128.0
2011-05-25 03:00:00,9954.0
2011-05-25 04:00:00,10181.0
2011-05-25 05:00:00,10890.0
2011-05-25 06:00:00,12711.0
2011-05-25 07:00:00,14298.0
2011-05-25 08:00:00,15055.0
2011-05-25 09:00:00,15580.0
2011-05-25 10:00:00,16012.0
2011-05-25 11:00:00,16264.0
2011-05-25 12:00:00,16332.0
2011-05-25 13:00:00,16428.0
2011-05-25 14:00:00,16379.0
2011-05-25 15:00:00,16315.0
2011-05-25 16:00:00,16256.0
2011-05-25 17:00:00,16084.0
2011-05-25 18:00:00,15693.0
2011-05-25 19:00:00,15497.0
2011-05-25 20:00:00,15869.0
2011-05-25 21:00:00,15204.0
2011-05-25 22:00:00,13659.0
2011-05-25 23:00:00,12083.0
2011-05-26 00:00:00,10924.0
2011-05-26 01:00:00,10342.0
2011-05-26 02:00:00,10029.0
2011-05-26 03:00:00,9895.0
2011-05-26 04:00:00,10111.0
2011-05-26 05:00:00,10841.0
2011-05-26 06:00:00,12629.0
2011-05-26 07:00:00,14167.0
2011-05-26 08:00:00,14909.0
2011-05-26 09:00:00,15479.0
2011-05-26 10:00:00,16028.0
2011-05-26 11:00:00,16437.0
2011-05-26 12:00:00,16635.0
2011-05-26 13:00:00,16945.0
2011-05-26 14:00:00,17068.0
2011-05-26 15:00:00,17118.0
2011-05-26 16:00:00,17100.0
2011-05-26 17:00:00,16880.0
2011-05-26 18:00:00,16458.0
2011-05-26 19:00:00,16375.0
2011-05-26 20:00:00,16724.0
2011-05-26 21:00:00,15994.0
2011-05-26 22:00:00,14346.0
2011-05-26 23:00:00,12767.0
2011-05-27 00:00:00,11633.0
2011-05-27 01:00:00,11010.0
2011-05-27 02:00:00,10620.0
2011-05-27 03:00:00,10453.0
2011-05-27 04:00:00,10646.0
2011-05-27 05:00:00,11390.0
2011-05-27 06:00:00,13098.0
2011-05-27 07:00:00,14710.0
2011-05-27 08:00:00,15620.0
2011-05-27 09:00:00,16290.0
2011-05-27 10:00:00,16936.0
2011-05-27 11:00:00,17734.0
2011-05-27 12:00:00,18066.0
2011-05-27 13:00:00,18373.0
2011-05-27 14:00:00,18507.0
2011-05-27 15:00:00,18528.0
2011-05-27 16:00:00,18483.0
2011-05-27 17:00:00,18222.0
2011-05-27 18:00:00,17623.0
2011-05-27 19:00:00,17067.0
2011-05-27 20:00:00,17105.0
2011-05-27 21:00:00,16453.0
2011-05-27 22:00:00,15035.0
2011-05-27 23:00:00,13459.0
2011-05-28 00:00:00,12218.0
2011-05-28 01:00:00,11437.0
2011-05-28 02:00:00,10951.0
2011-05-28 03:00:00,10683.0
2011-05-28 04:00:00,10654.0
2011-05-28 05:00:00,10785.0
2011-05-28 06:00:00,11267.0
2011-05-28 07:00:00,12275.0
2011-05-28 08:00:00,13426.0
2011-05-28 09:00:00,14306.0
2011-05-28 10:00:00,14913.0
2011-05-28 11:00:00,15284.0
2011-05-28 12:00:00,15416.0
2011-05-28 13:00:00,15373.0
2011-05-28 14:00:00,15309.0
2011-05-28 15:00:00,15387.0
2011-05-28 16:00:00,15514.0
2011-05-28 17:00:00,15598.0
2011-05-28 18:00:00,15405.0
2011-05-28 19:00:00,15111.0
2011-05-28 20:00:00,15303.0
2011-05-28 21:00:00,14955.0
2011-05-28 22:00:00,13846.0
2011-05-28 23:00:00,12605.0
2011-05-29 00:00:00,11610.0
2011-05-29 01:00:00,10956.0
2011-05-29 02:00:00,10588.0
2011-05-29 03:00:00,10387.0
2011-05-29 04:00:00,10318.0
2011-05-29 05:00:00,10321.0
2011-05-29 06:00:00,10692.0
2011-05-29 07:00:00,11599.0
2011-05-29 08:00:00,12778.0
2011-05-29 09:00:00,13816.0
2011-05-29 10:00:00,14577.0
2011-05-29 11:00:00,15175.0
2011-05-29 12:00:00,15563.0
2011-05-29 13:00:00,15660.0
2011-05-29 14:00:00,15715.0
2011-05-29 15:00:00,15878.0
2011-05-29 16:00:00,16084.0
2011-05-29 17:00:00,16185.0
2011-05-29 18:00:00,15992.0
2011-05-29 19:00:00,15688.0
2011-05-29 20:00:00,15941.0
2011-05-29 21:00:00,15761.0
2011-05-29 22:00:00,14660.0
2011-05-29 23:00:00,13363.0
2011-05-30 00:00:00,12260.0
2011-05-30 01:00:00,11581.0
2011-05-30 02:00:00,11143.0
2011-05-30 03:00:00,10910.0
2011-05-30 04:00:00,10902.0
2011-05-30 05:00:00,11033.0
2011-05-30 06:00:00,11588.0
2011-05-30 07:00:00,12597.0
2011-05-30 08:00:00,13831.0
2011-05-30 09:00:00,14822.0
2011-05-30 10:00:00,15538.0
2011-05-30 11:00:00,16214.0
2011-05-30 12:00:00,16739.0
2011-05-30 13:00:00,16984.0
2011-05-30 14:00:00,17284.0
2011-05-30 15:00:00,17593.0
2011-05-30 16:00:00,17943.0
2011-05-30 17:00:00,18209.0
2011-05-30 18:00:00,18056.0
2011-05-30 19:00:00,17835.0
2011-05-30 20:00:00,18067.0
2011-05-30 21:00:00,17398.0
2011-05-30 22:00:00,15519.0
2011-05-30 23:00:00,13727.0
2011-05-31 00:00:00,12471.0
2011-05-31 01:00:00,11721.0
2011-05-31 02:00:00,11277.0
2011-05-31 03:00:00,11057.0
2011-05-31 04:00:00,11194.0
2011-05-31 05:00:00,11849.0
2011-05-31 06:00:00,13701.0
2011-05-31 07:00:00,15465.0
2011-05-31 08:00:00,16474.0
2011-05-31 09:00:00,17258.0
2011-05-31 10:00:00,17983.0
2011-05-31 11:00:00,18480.0
2011-05-31 12:00:00,18775.0
2011-05-31 13:00:00,19046.0
2011-05-31 14:00:00,19248.0
2011-05-31 15:00:00,19416.0
2011-05-31 16:00:00,19488.0
2011-05-31 17:00:00,19254.0
2011-05-31 18:00:00,18672.0
2011-05-31 19:00:00,18101.0
2011-05-31 20:00:00,18064.0
2011-05-31 21:00:00,17312.0
2011-05-31 22:00:00,15401.0
2011-05-31 23:00:00,13617.0
2011-06-01 00:00:00,12389.0
2011-06-01 01:00:00,11657.0
2011-06-01 02:00:00,11254.0
2011-06-01 03:00:00,11104.0
2011-06-01 04:00:00,11286.0
2011-06-01 05:00:00,12040.0
2011-06-01 06:00:00,13911.0
2011-06-01 07:00:00,15605.0
2011-06-01 08:00:00,16532.0
2011-06-01 09:00:00,17176.0
2011-06-01 10:00:00,17813.0
2011-06-01 11:00:00,18489.0
2011-06-01 12:00:00,19158.0
2011-06-01 13:00:00,19842.0
2011-06-01 14:00:00,20199.0
2011-06-01 15:00:00,20230.0
2011-06-01 16:00:00,19890.0
2011-06-01 17:00:00,19444.0
2011-06-01 18:00:00,18839.0
2011-06-01 19:00:00,18358.0
2011-06-01 20:00:00,18102.0
2011-06-01 21:00:00,17153.0
2011-06-01 22:00:00,15560.0
2011-06-01 23:00:00,13890.0
2011-06-02 00:00:00,12621.0
2011-06-02 01:00:00,11774.0
2011-06-02 02:00:00,11254.0
2011-06-02 03:00:00,10989.0
2011-06-02 04:00:00,11064.0
2011-06-02 05:00:00,11647.0
2011-06-02 06:00:00,13411.0
2011-06-02 07:00:00,15011.0
2011-06-02 08:00:00,15793.0
2011-06-02 09:00:00,16264.0
2011-06-02 10:00:00,16592.0
2011-06-02 11:00:00,16728.0
2011-06-02 12:00:00,16631.0
2011-06-02 13:00:00,16571.0
2011-06-02 14:00:00,16347.0
2011-06-02 15:00:00,16000.0
2011-06-02 16:00:00,15755.0
2011-06-02 17:00:00,15487.0
2011-06-02 18:00:00,15061.0
2011-06-02 19:00:00,14802.0
2011-06-02 20:00:00,14983.0
2011-06-02 21:00:00,14506.0
2011-06-02 22:00:00,13042.0
2011-06-02 23:00:00,11647.0
2011-06-03 00:00:00,10658.0
2011-06-03 01:00:00,10102.0
2011-06-03 02:00:00,9811.0
2011-06-03 03:00:00,9691.0
2011-06-03 04:00:00,9902.0
2011-06-03 05:00:00,10522.0
2011-06-03 06:00:00,12202.0
2011-06-03 07:00:00,13702.0
2011-06-03 08:00:00,14381.0
2011-06-03 09:00:00,14785.0
2011-06-03 10:00:00,15060.0
2011-06-03 11:00:00,15181.0
2011-06-03 12:00:00,15195.0
2011-06-03 13:00:00,15227.0
2011-06-03 14:00:00,15153.0
2011-06-03 15:00:00,15056.0
2011-06-03 16:00:00,15001.0
2011-06-03 17:00:00,14799.0
2011-06-03 18:00:00,14424.0
2011-06-03 19:00:00,14127.0
2011-06-03 20:00:00,14297.0
2011-06-03 21:00:00,14001.0
2011-06-03 22:00:00,12835.0
2011-06-03 23:00:00,11551.0
2011-06-04 00:00:00,10545.0
2011-06-04 01:00:00,9951.0
2011-06-04 02:00:00,9584.0
2011-06-04 03:00:00,9436.0
2011-06-04 04:00:00,9466.0
2011-06-04 05:00:00,9519.0
2011-06-04 06:00:00,10196.0
2011-06-04 07:00:00,11337.0
2011-06-04 08:00:00,12459.0
2011-06-04 09:00:00,13212.0
2011-06-04 10:00:00,13616.0
2011-06-04 11:00:00,13737.0
2011-06-04 12:00:00,13684.0
2011-06-04 13:00:00,13569.0
2011-06-04 14:00:00,13422.0
2011-06-04 15:00:00,13390.0
2011-06-04 16:00:00,13421.0
2011-06-04 17:00:00,13477.0
2011-06-04 18:00:00,13354.0
2011-06-04 19:00:00,13188.0
2011-06-04 20:00:00,13414.0
2011-06-04 21:00:00,13233.0
2011-06-04 22:00:00,12264.0
2011-06-04 23:00:00,11145.0
2011-06-05 00:00:00,10244.0
2011-06-05 01:00:00,9692.0
2011-06-05 02:00:00,9365.0
2011-06-05 03:00:00,9201.0
2011-06-05 04:00:00,9216.0
2011-06-05 05:00:00,9155.0
2011-06-05 06:00:00,9558.0
2011-06-05 07:00:00,10428.0
2011-06-05 08:00:00,11482.0
2011-06-05 09:00:00,12351.0
2011-06-05 10:00:00,12840.0
2011-06-05 11:00:00,13142.0
2011-06-05 12:00:00,13263.0
2011-06-05 13:00:00,13223.0
2011-06-05 14:00:00,13158.0
2011-06-05 15:00:00,13152.0
2011-06-05 16:00:00,13319.0
2011-06-05 17:00:00,13544.0
2011-06-05 18:00:00,13629.0
2011-06-05 19:00:00,13685.0
2011-06-05 20:00:00,14065.0
2011-06-05 21:00:00,13614.0
2011-06-05 22:00:00,12353.0
2011-06-05 23:00:00,11109.0
2011-06-06 00:00:00,10240.0
2011-06-06 01:00:00,9775.0
2011-06-06 02:00:00,9556.0
2011-06-06 03:00:00,9524.0
2011-06-06 04:00:00,9783.0
2011-06-06 05:00:00,10539.0
2011-06-06 06:00:00,12356.0
2011-06-06 07:00:00,14004.0
2011-06-06 08:00:00,14898.0
2011-06-06 09:00:00,15611.0
2011-06-06 10:00:00,16216.0
2011-06-06 11:00:00,16566.0
2011-06-06 12:00:00,16721.0
2011-06-06 13:00:00,16918.0
2011-06-06 14:00:00,16976.0
2011-06-06 15:00:00,17032.0
2011-06-06 16:00:00,17141.0
2011-06-06 17:00:00,17104.0
2011-06-06 18:00:00,16748.0
2011-06-06 19:00:00,16407.0
2011-06-06 20:00:00,16488.0
2011-06-06 21:00:00,15924.0
2011-06-06 22:00:00,14293.0
2011-06-06 23:00:00,12657.0
2011-06-07 00:00:00,11490.0
2011-06-07 01:00:00,10831.0
2011-06-07 02:00:00,10457.0
2011-06-07 03:00:00,10292.0
2011-06-07 04:00:00,10462.0
2011-06-07 05:00:00,11138.0
2011-06-07 06:00:00,13035.0
2011-06-07 07:00:00,14787.0
2011-06-07 08:00:00,15835.0
2011-06-07 09:00:00,16751.0
2011-06-07 10:00:00,17588.0
2011-06-07 11:00:00,18211.0
2011-06-07 12:00:00,18632.0
2011-06-07 13:00:00,19081.0
2011-06-07 14:00:00,19301.0
2011-06-07 15:00:00,19536.0
2011-06-07 16:00:00,19725.0
2011-06-07 17:00:00,19647.0
2011-06-07 18:00:00,19204.0
2011-06-07 19:00:00,18752.0
2011-06-07 20:00:00,18839.0
2011-06-07 21:00:00,18140.0
2011-06-07 22:00:00,16221.0
2011-06-07 23:00:00,14372.0
2011-06-08 00:00:00,13082.0
2011-06-08 01:00:00,12284.0
2011-06-08 02:00:00,11807.0
2011-06-08 03:00:00,11587.0
2011-06-08 04:00:00,11709.0
2011-06-08 05:00:00,12348.0
2011-06-08 06:00:00,14336.0
2011-06-08 07:00:00,16228.0
2011-06-08 08:00:00,17493.0
2011-06-08 09:00:00,18645.0
2011-06-08 10:00:00,19700.0
2011-06-08 11:00:00,20582.0
2011-06-08 12:00:00,21226.0
2011-06-08 13:00:00,21814.0
2011-06-08 14:00:00,22225.0
2011-06-08 15:00:00,22578.0
2011-06-08 16:00:00,22764.0
2011-06-08 17:00:00,22600.0
2011-06-08 18:00:00,22107.0
2011-06-08 19:00:00,21599.0
2011-06-08 20:00:00,21510.0
2011-06-08 21:00:00,20566.0
2011-06-08 22:00:00,18441.0
2011-06-08 23:00:00,16354.0
2011-06-09 00:00:00,14844.0
2011-06-09 01:00:00,13884.0
2011-06-09 02:00:00,13252.0
2011-06-09 03:00:00,12923.0
2011-06-09 04:00:00,12997.0
2011-06-09 05:00:00,13702.0
2011-06-09 06:00:00,15501.0
2011-06-09 07:00:00,17030.0
2011-06-09 08:00:00,17854.0
2011-06-09 09:00:00,18661.0
2011-06-09 10:00:00,19647.0
2011-06-09 11:00:00,20585.0
2011-06-09 12:00:00,21322.0
2011-06-09 13:00:00,22083.0
2011-06-09 14:00:00,22622.0
2011-06-09 15:00:00,22926.0
2011-06-09 16:00:00,22341.0
2011-06-09 17:00:00,20635.0
2011-06-09 18:00:00,19400.0
2011-06-09 19:00:00,18787.0
2011-06-09 20:00:00,18350.0
2011-06-09 21:00:00,17378.0
2011-06-09 22:00:00,15700.0
2011-06-09 23:00:00,14102.0
2011-06-10 00:00:00,12971.0
2011-06-10 01:00:00,12277.0
2011-06-10 02:00:00,11869.0
2011-06-10 03:00:00,11673.0
2011-06-10 04:00:00,11809.0
2011-06-10 05:00:00,12480.0
2011-06-10 06:00:00,14295.0
2011-06-10 07:00:00,16075.0
2011-06-10 08:00:00,17106.0
2011-06-10 09:00:00,17846.0
2011-06-10 10:00:00,18439.0
2011-06-10 11:00:00,18785.0
2011-06-10 12:00:00,18931.0
2011-06-10 13:00:00,19096.0
2011-06-10 14:00:00,19040.0
2011-06-10 15:00:00,18938.0
2011-06-10 16:00:00,18759.0
2011-06-10 17:00:00,18254.0
2011-06-10 18:00:00,17502.0
2011-06-10 19:00:00,16897.0
2011-06-10 20:00:00,16842.0
2011-06-10 21:00:00,16379.0
2011-06-10 22:00:00,14980.0
2011-06-10 23:00:00,13435.0
2011-06-11 00:00:00,12224.0
2011-06-11 01:00:00,11477.0
2011-06-11 02:00:00,11024.0
2011-06-11 03:00:00,10773.0
2011-06-11 04:00:00,10723.0
2011-06-11 05:00:00,10862.0
2011-06-11 06:00:00,11363.0
2011-06-11 07:00:00,12274.0
2011-06-11 08:00:00,13330.0
2011-06-11 09:00:00,14103.0
2011-06-11 10:00:00,14476.0
2011-06-11 11:00:00,14583.0
2011-06-11 12:00:00,14499.0
2011-06-11 13:00:00,14219.0
2011-06-11 14:00:00,13952.0
2011-06-11 15:00:00,13807.0
2011-06-11 16:00:00,13777.0
2011-06-11 17:00:00,13873.0
2011-06-11 18:00:00,13801.0
2011-06-11 19:00:00,13750.0
2011-06-11 20:00:00,13814.0
2011-06-11 21:00:00,13336.0
2011-06-11 22:00:00,12369.0
2011-06-11 23:00:00,11326.0
2011-06-12 00:00:00,10454.0
2011-06-12 01:00:00,9920.0
2011-06-12 02:00:00,9567.0
2011-06-12 03:00:00,9404.0
2011-06-12 04:00:00,9373.0
2011-06-12 05:00:00,9467.0
2011-06-12 06:00:00,9786.0
2011-06-12 07:00:00,10599.0
2011-06-12 08:00:00,11624.0
2011-06-12 09:00:00,12521.0
2011-06-12 10:00:00,13101.0
2011-06-12 11:00:00,13405.0
2011-06-12 12:00:00,13477.0
2011-06-12 13:00:00,13391.0
2011-06-12 14:00:00,13236.0
2011-06-12 15:00:00,13193.0
2011-06-12 16:00:00,13342.0
2011-06-12 17:00:00,13640.0
2011-06-12 18:00:00,13764.0
2011-06-12 19:00:00,13827.0
2011-06-12 20:00:00,14001.0
2011-06-12 21:00:00,13459.0
2011-06-12 22:00:00,12271.0
2011-06-12 23:00:00,11077.0
2011-06-13 00:00:00,10230.0
2011-06-13 01:00:00,9768.0
2011-06-13 02:00:00,9561.0
2011-06-13 03:00:00,9534.0
2011-06-13 04:00:00,9828.0
2011-06-13 05:00:00,10632.0
2011-06-13 06:00:00,12352.0
2011-06-13 07:00:00,13857.0
2011-06-13 08:00:00,14565.0
2011-06-13 09:00:00,15049.0
2011-06-13 10:00:00,15464.0
2011-06-13 11:00:00,15682.0
2011-06-13 12:00:00,15729.0
2011-06-13 13:00:00,15762.0
2011-06-13 14:00:00,15682.0
2011-06-13 15:00:00,15610.0
2011-06-13 16:00:00,15591.0
2011-06-13 17:00:00,15512.0
2011-06-13 18:00:00,15263.0
2011-06-13 19:00:00,15092.0
2011-06-13 20:00:00,15253.0
2011-06-13 21:00:00,14689.0
2011-06-13 22:00:00,13260.0
2011-06-13 23:00:00,11813.0
2011-06-14 00:00:00,10809.0
2011-06-14 01:00:00,10238.0
2011-06-14 02:00:00,9961.0
2011-06-14 03:00:00,9862.0
2011-06-14 04:00:00,10089.0
2011-06-14 05:00:00,10834.0
2011-06-14 06:00:00,12497.0
2011-06-14 07:00:00,13968.0
2011-06-14 08:00:00,14594.0
2011-06-14 09:00:00,14966.0
2011-06-14 10:00:00,15267.0
2011-06-14 11:00:00,15413.0
2011-06-14 12:00:00,15377.0
2011-06-14 13:00:00,15358.0
2011-06-14 14:00:00,15258.0
2011-06-14 15:00:00,15155.0
2011-06-14 16:00:00,15170.0
2011-06-14 17:00:00,15186.0
2011-06-14 18:00:00,15009.0
2011-06-14 19:00:00,14883.0
2011-06-14 20:00:00,14939.0
2011-06-14 21:00:00,14358.0
2011-06-14 22:00:00,12883.0
2011-06-14 23:00:00,11501.0
2011-06-15 00:00:00,10564.0
2011-06-15 01:00:00,10037.0
2011-06-15 02:00:00,9787.0
2011-06-15 03:00:00,9728.0
2011-06-15 04:00:00,9957.0
2011-06-15 05:00:00,10652.0
2011-06-15 06:00:00,12384.0
2011-06-15 07:00:00,13881.0
2011-06-15 08:00:00,14609.0
2011-06-15 09:00:00,15106.0
2011-06-15 10:00:00,15579.0
2011-06-15 11:00:00,15876.0
2011-06-15 12:00:00,16003.0
2011-06-15 13:00:00,16153.0
2011-06-15 14:00:00,16218.0
2011-06-15 15:00:00,16302.0
2011-06-15 16:00:00,16397.0
2011-06-15 17:00:00,16299.0
2011-06-15 18:00:00,15898.0
2011-06-15 19:00:00,15601.0
2011-06-15 20:00:00,15686.0
2011-06-15 21:00:00,15207.0
2011-06-15 22:00:00,13734.0
2011-06-15 23:00:00,12257.0
2011-06-16 00:00:00,11142.0
2011-06-16 01:00:00,10482.0
2011-06-16 02:00:00,10149.0
2011-06-16 03:00:00,10040.0
2011-06-16 04:00:00,10255.0
2011-06-16 05:00:00,10901.0
2011-06-16 06:00:00,12662.0
2011-06-16 07:00:00,14318.0
2011-06-16 08:00:00,15225.0
2011-06-16 09:00:00,15989.0
2011-06-16 10:00:00,16744.0
2011-06-16 11:00:00,17342.0
2011-06-16 12:00:00,17661.0
2011-06-16 13:00:00,18101.0
2011-06-16 14:00:00,18394.0
2011-06-16 15:00:00,18626.0
2011-06-16 16:00:00,18716.0
2011-06-16 17:00:00,18524.0
2011-06-16 18:00:00,18091.0
2011-06-16 19:00:00,17638.0
2011-06-16 20:00:00,17631.0
2011-06-16 21:00:00,17217.0
2011-06-16 22:00:00,15499.0
2011-06-16 23:00:00,13739.0
2011-06-17 00:00:00,12453.0
2011-06-17 01:00:00,11687.0
2011-06-17 02:00:00,11215.0
2011-06-17 03:00:00,11007.0
2011-06-17 04:00:00,11140.0
2011-06-17 05:00:00,11793.0
2011-06-17 06:00:00,13530.0
2011-06-17 07:00:00,15202.0
2011-06-17 08:00:00,16165.0
2011-06-17 09:00:00,16725.0
2011-06-17 10:00:00,17002.0
2011-06-17 11:00:00,17164.0
2011-06-17 12:00:00,17152.0
2011-06-17 13:00:00,17118.0
2011-06-17 14:00:00,17036.0
2011-06-17 15:00:00,16935.0
2011-06-17 16:00:00,16775.0
2011-06-17 17:00:00,16452.0
2011-06-17 18:00:00,16016.0
2011-06-17 19:00:00,15703.0
2011-06-17 20:00:00,15672.0
2011-06-17 21:00:00,15218.0
2011-06-17 22:00:00,14014.0
2011-06-17 23:00:00,12652.0
2011-06-18 00:00:00,11623.0
2011-06-18 01:00:00,10984.0
2011-06-18 02:00:00,10590.0
2011-06-18 03:00:00,10378.0
2011-06-18 04:00:00,10374.0
2011-06-18 05:00:00,10511.0
2011-06-18 06:00:00,11152.0
2011-06-18 07:00:00,12264.0
2011-06-18 08:00:00,13582.0
2011-06-18 09:00:00,14661.0
2011-06-18 10:00:00,15393.0
2011-06-18 11:00:00,15884.0
2011-06-18 12:00:00,16166.0
2011-06-18 13:00:00,16343.0
2011-06-18 14:00:00,16467.0
2011-06-18 15:00:00,16620.0
2011-06-18 16:00:00,16793.0
2011-06-18 17:00:00,16860.0
2011-06-18 18:00:00,16615.0
2011-06-18 19:00:00,16237.0
2011-06-18 20:00:00,16207.0
2011-06-18 21:00:00,16060.0
2011-06-18 22:00:00,14902.0
2011-06-18 23:00:00,13485.0
2011-06-19 00:00:00,12343.0
2011-06-19 01:00:00,11551.0
2011-06-19 02:00:00,11024.0
2011-06-19 03:00:00,10665.0
2011-06-19 04:00:00,10451.0
2011-06-19 05:00:00,10249.0
2011-06-19 06:00:00,10676.0
2011-06-19 07:00:00,11673.0
2011-06-19 08:00:00,12797.0
2011-06-19 09:00:00,13667.0
2011-06-19 10:00:00,14230.0
2011-06-19 11:00:00,14548.0
2011-06-19 12:00:00,14716.0
2011-06-19 13:00:00,14762.0
2011-06-19 14:00:00,14830.0
2011-06-19 15:00:00,14971.0
2011-06-19 16:00:00,15174.0
2011-06-19 17:00:00,15329.0
2011-06-19 18:00:00,15178.0
2011-06-19 19:00:00,14938.0
2011-06-19 20:00:00,15081.0
2011-06-19 21:00:00,14929.0
2011-06-19 22:00:00,13524.0
2011-06-19 23:00:00,12075.0
2011-06-20 00:00:00,11010.0
2011-06-20 01:00:00,10420.0
2011-06-20 02:00:00,10093.0
2011-06-20 03:00:00,10007.0
2011-06-20 04:00:00,10214.0
2011-06-20 05:00:00,10833.0
2011-06-20 06:00:00,12545.0
2011-06-20 07:00:00,14204.0
2011-06-20 08:00:00,15225.0
2011-06-20 09:00:00,15968.0
2011-06-20 10:00:00,16613.0
2011-06-20 11:00:00,17034.0
2011-06-20 12:00:00,17181.0
2011-06-20 13:00:00,17534.0
2011-06-20 14:00:00,17706.0
2011-06-20 15:00:00,17852.0
2011-06-20 16:00:00,17948.0
2011-06-20 17:00:00,17960.0
2011-06-20 18:00:00,17583.0
2011-06-20 19:00:00,17067.0
2011-06-20 20:00:00,16914.0
2011-06-20 21:00:00,16425.0
2011-06-20 22:00:00,14719.0
2011-06-20 23:00:00,13038.0
2011-06-21 00:00:00,11825.0
2011-06-21 01:00:00,11165.0
2011-06-21 02:00:00,10750.0
2011-06-21 03:00:00,10598.0
2011-06-21 04:00:00,10745.0
2011-06-21 05:00:00,11384.0
2011-06-21 06:00:00,13091.0
2011-06-21 07:00:00,14818.0
2011-06-21 08:00:00,15885.0
2011-06-21 09:00:00,16732.0
2011-06-21 10:00:00,17508.0
2011-06-21 11:00:00,18034.0
2011-06-21 12:00:00,18379.0
2011-06-21 13:00:00,18820.0
2011-06-21 14:00:00,18938.0
2011-06-21 15:00:00,18944.0
2011-06-21 16:00:00,18943.0
2011-06-21 17:00:00,18744.0
2011-06-21 18:00:00,18288.0
2011-06-21 19:00:00,17761.0
2011-06-21 20:00:00,17689.0
2011-06-21 21:00:00,17213.0
2011-06-21 22:00:00,15537.0
2011-06-21 23:00:00,13846.0
2011-06-22 00:00:00,12614.0
2011-06-22 01:00:00,11920.0
2011-06-22 02:00:00,11535.0
2011-06-22 03:00:00,11360.0
2011-06-22 04:00:00,11539.0
2011-06-22 05:00:00,12265.0
2011-06-22 06:00:00,13925.0
2011-06-22 07:00:00,15573.0
2011-06-22 08:00:00,16479.0
2011-06-22 09:00:00,17128.0
2011-06-22 10:00:00,17615.0
2011-06-22 11:00:00,17814.0
2011-06-22 12:00:00,17789.0
2011-06-22 13:00:00,17825.0
2011-06-22 14:00:00,17672.0
2011-06-22 15:00:00,17453.0
2011-06-22 16:00:00,17393.0
2011-06-22 17:00:00,17307.0
2011-06-22 18:00:00,17082.0
2011-06-22 19:00:00,16892.0
2011-06-22 20:00:00,16776.0
2011-06-22 21:00:00,16025.0
2011-06-22 22:00:00,14551.0
2011-06-22 23:00:00,13109.0
2011-06-23 00:00:00,12096.0
2011-06-23 01:00:00,11500.0
2011-06-23 02:00:00,11144.0
2011-06-23 03:00:00,10993.0
2011-06-23 04:00:00,11172.0
2011-06-23 05:00:00,11923.0
2011-06-23 06:00:00,13474.0
2011-06-23 07:00:00,15011.0
2011-06-23 08:00:00,15892.0
2011-06-23 09:00:00,16466.0
2011-06-23 10:00:00,16915.0
2011-06-23 11:00:00,17070.0
2011-06-23 12:00:00,16997.0
2011-06-23 13:00:00,16903.0
2011-06-23 14:00:00,16673.0
2011-06-23 15:00:00,16455.0
2011-06-23 16:00:00,16382.0
2011-06-23 17:00:00,16279.0
2011-06-23 18:00:00,15958.0
2011-06-23 19:00:00,15692.0
2011-06-23 20:00:00,15619.0
2011-06-23 21:00:00,14972.0
2011-06-23 22:00:00,13613.0
2011-06-23 23:00:00,12249.0
2011-06-24 00:00:00,11262.0
2011-06-24 01:00:00,10666.0
2011-06-24 02:00:00,10369.0
2011-06-24 03:00:00,10265.0
2011-06-24 04:00:00,10446.0
2011-06-24 05:00:00,11150.0
2011-06-24 06:00:00,12526.0
2011-06-24 07:00:00,14017.0
2011-06-24 08:00:00,14960.0
2011-06-24 09:00:00,15557.0
2011-06-24 10:00:00,15964.0
2011-06-24 11:00:00,16139.0
2011-06-24 12:00:00,16074.0
2011-06-24 13:00:00,16026.0
2011-06-24 14:00:00,15841.0
2011-06-24 15:00:00,15591.0
2011-06-24 16:00:00,15455.0
2011-06-24 17:00:00,15321.0
2011-06-24 18:00:00,15042.0
2011-06-24 19:00:00,14844.0
2011-06-24 20:00:00,14832.0
2011-06-24 21:00:00,14320.0
2011-06-24 22:00:00,13170.0
2011-06-24 23:00:00,11934.0
2011-06-25 00:00:00,10967.0
2011-06-25 01:00:00,10381.0
2011-06-25 02:00:00,10010.0
2011-06-25 03:00:00,9845.0
2011-06-25 04:00:00,9841.0
2011-06-25 05:00:00,10019.0
2011-06-25 06:00:00,10546.0
2011-06-25 07:00:00,11557.0
2011-06-25 08:00:00,12686.0
2011-06-25 09:00:00,13570.0
2011-06-25 10:00:00,14106.0
2011-06-25 11:00:00,14326.0
2011-06-25 12:00:00,14347.0
2011-06-25 13:00:00,14291.0
2011-06-25 14:00:00,14197.0
2011-06-25 15:00:00,14272.0
2011-06-25 16:00:00,14401.0
2011-06-25 17:00:00,14536.0
2011-06-25 18:00:00,14441.0
2011-06-25 19:00:00,14274.0
2011-06-25 20:00:00,14429.0
2011-06-25 21:00:00,14195.0
2011-06-25 22:00:00,13244.0
2011-06-25 23:00:00,12120.0
2011-06-26 00:00:00,11187.0
2011-06-26 01:00:00,10585.0
2011-06-26 02:00:00,10236.0
2011-06-26 03:00:00,10037.0
2011-06-26 04:00:00,9989.0
2011-06-26 05:00:00,9956.0
2011-06-26 06:00:00,10329.0
2011-06-26 07:00:00,11215.0
2011-06-26 08:00:00,12379.0
2011-06-26 09:00:00,13446.0
2011-06-26 10:00:00,14247.0
2011-06-26 11:00:00,14847.0
2011-06-26 12:00:00,15169.0
2011-06-26 13:00:00,15273.0
2011-06-26 14:00:00,15302.0
2011-06-26 15:00:00,15401.0
2011-06-26 16:00:00,15556.0
2011-06-26 17:00:00,15701.0
2011-06-26 18:00:00,15661.0
2011-06-26 19:00:00,15563.0
2011-06-26 20:00:00,15758.0
2011-06-26 21:00:00,15528.0
2011-06-26 22:00:00,14283.0
2011-06-26 23:00:00,12875.0
2011-06-27 00:00:00,11820.0
2011-06-27 01:00:00,11162.0
2011-06-27 02:00:00,10800.0
2011-06-27 03:00:00,10631.0
2011-06-27 04:00:00,10826.0
2011-06-27 05:00:00,11444.0
2011-06-27 06:00:00,13103.0
2011-06-27 07:00:00,14935.0
2011-06-27 08:00:00,16257.0
2011-06-27 09:00:00,17257.0
2011-06-27 10:00:00,18136.0
2011-06-27 11:00:00,18683.0
2011-06-27 12:00:00,18990.0
2011-06-27 13:00:00,19337.0
2011-06-27 14:00:00,19512.0
2011-06-27 15:00:00,19639.0
2011-06-27 16:00:00,19728.0
2011-06-27 17:00:00,19645.0
2011-06-27 18:00:00,19171.0
2011-06-27 19:00:00,18573.0
2011-06-27 20:00:00,18379.0
2011-06-27 21:00:00,17836.0
2011-06-27 22:00:00,16064.0
2011-06-27 23:00:00,14294.0
2011-06-28 00:00:00,12974.0
2011-06-28 01:00:00,12185.0
2011-06-28 02:00:00,11720.0
2011-06-28 03:00:00,11494.0
2011-06-28 04:00:00,11633.0
2011-06-28 05:00:00,12250.0
2011-06-28 06:00:00,13786.0
2011-06-28 07:00:00,15581.0
2011-06-28 08:00:00,16900.0
2011-06-28 09:00:00,17990.0
2011-06-28 10:00:00,18958.0
2011-06-28 11:00:00,19639.0
2011-06-28 12:00:00,20082.0
2011-06-28 13:00:00,20475.0
2011-06-28 14:00:00,20563.0
2011-06-28 15:00:00,20486.0
2011-06-28 16:00:00,20458.0
2011-06-28 17:00:00,20217.0
2011-06-28 18:00:00,19616.0
2011-06-28 19:00:00,19066.0
2011-06-28 20:00:00,18923.0
2011-06-28 21:00:00,18359.0
2011-06-28 22:00:00,16615.0
2011-06-28 23:00:00,14869.0
2011-06-29 00:00:00,13582.0
2011-06-29 01:00:00,12824.0
2011-06-29 02:00:00,12361.0
2011-06-29 03:00:00,12130.0
2011-06-29 04:00:00,12244.0
2011-06-29 05:00:00,12931.0
2011-06-29 06:00:00,14404.0
2011-06-29 07:00:00,16079.0
2011-06-29 08:00:00,17230.0
2011-06-29 09:00:00,18221.0
2011-06-29 10:00:00,19083.0
2011-06-29 11:00:00,19628.0
2011-06-29 12:00:00,19918.0
2011-06-29 13:00:00,20168.0
2011-06-29 14:00:00,20270.0
2011-06-29 15:00:00,20232.0
2011-06-29 16:00:00,20128.0
2011-06-29 17:00:00,19780.0
2011-06-29 18:00:00,19067.0
2011-06-29 19:00:00,18261.0
2011-06-29 20:00:00,17866.0
2011-06-29 21:00:00,17334.0
2011-06-29 22:00:00,15647.0
2011-06-29 23:00:00,13917.0
2011-06-30 00:00:00,12592.0
2011-06-30 01:00:00,11792.0
2011-06-30 02:00:00,11279.0
2011-06-30 03:00:00,11069.0
2011-06-30 04:00:00,11169.0
2011-06-30 05:00:00,11693.0
2011-06-30 06:00:00,13198.0
2011-06-30 07:00:00,14982.0
2011-06-30 08:00:00,16112.0
2011-06-30 09:00:00,16891.0
2011-06-30 10:00:00,17556.0
2011-06-30 11:00:00,17983.0
2011-06-30 12:00:00,18195.0
2011-06-30 13:00:00,18411.0
2011-06-30 14:00:00,18456.0
2011-06-30 15:00:00,18461.0
2011-06-30 16:00:00,18510.0
2011-06-30 17:00:00,18358.0
2011-06-30 18:00:00,17886.0
2011-06-30 19:00:00,17324.0
2011-06-30 20:00:00,17172.0
2011-06-30 21:00:00,16791.0
2011-06-30 22:00:00,15235.0
2011-06-30 23:00:00,13540.0
2011-07-01 00:00:00,12255.0
2011-07-01 01:00:00,11432.0
2011-07-01 02:00:00,10925.0
2011-07-01 03:00:00,10680.0
2011-07-01 04:00:00,10767.0
2011-07-01 05:00:00,11215.0
2011-07-01 06:00:00,12630.0
2011-07-01 07:00:00,14312.0
2011-07-01 08:00:00,15571.0
2011-07-01 09:00:00,16409.0
2011-07-01 10:00:00,17047.0
2011-07-01 11:00:00,17360.0
2011-07-01 12:00:00,17487.0
2011-07-01 13:00:00,17622.0
2011-07-01 14:00:00,17626.0
2011-07-01 15:00:00,17539.0
2011-07-01 16:00:00,17531.0
2011-07-01 17:00:00,17445.0
2011-07-01 18:00:00,17013.0
2011-07-01 19:00:00,16506.0
2011-07-01 20:00:00,16360.0
2011-07-01 21:00:00,16053.0
2011-07-01 22:00:00,14822.0
2011-07-01 23:00:00,13410.0
2011-07-02 00:00:00,12212.0
2011-07-02 01:00:00,11422.0
2011-07-02 02:00:00,10911.0
2011-07-02 03:00:00,10632.0
2011-07-02 04:00:00,10534.0
2011-07-02 05:00:00,10487.0
2011-07-02 06:00:00,11138.0
2011-07-02 07:00:00,12342.0
2011-07-02 08:00:00,13774.0
2011-07-02 09:00:00,14971.0
2011-07-02 10:00:00,15759.0
2011-07-02 11:00:00,16186.0
2011-07-02 12:00:00,16420.0
2011-07-02 13:00:00,16480.0
2011-07-02 14:00:00,16522.0
2011-07-02 15:00:00,16620.0
2011-07-02 16:00:00,16764.0
2011-07-02 17:00:00,16744.0
2011-07-02 18:00:00,16401.0
2011-07-02 19:00:00,15964.0
2011-07-02 20:00:00,15889.0
2011-07-02 21:00:00,15707.0
2011-07-02 22:00:00,14701.0
2011-07-02 23:00:00,13482.0
2011-07-03 00:00:00,12382.0
2011-07-03 01:00:00,11614.0
2011-07-03 02:00:00,11151.0
2011-07-03 03:00:00,10885.0
2011-07-03 04:00:00,10759.0
2011-07-03 05:00:00,10643.0
2011-07-03 06:00:00,11067.0
2011-07-03 07:00:00,12021.0
2011-07-03 08:00:00,13202.0
2011-07-03 09:00:00,14188.0
2011-07-03 10:00:00,14929.0
2011-07-03 11:00:00,15527.0
2011-07-03 12:00:00,15872.0
2011-07-03 13:00:00,15808.0
2011-07-03 14:00:00,15701.0
2011-07-03 15:00:00,15604.0
2011-07-03 16:00:00,15568.0
2011-07-03 17:00:00,15599.0
2011-07-03 18:00:00,15475.0
2011-07-03 19:00:00,15280.0
2011-07-03 20:00:00,15343.0
2011-07-03 21:00:00,15190.0
2011-07-03 22:00:00,14421.0
2011-07-03 23:00:00,13410.0
2011-07-04 00:00:00,12444.0
2011-07-04 01:00:00,11748.0
2011-07-04 02:00:00,11321.0
2011-07-04 03:00:00,11101.0
2011-07-04 04:00:00,11090.0
2011-07-04 05:00:00,11158.0
2011-07-04 06:00:00,11700.0
2011-07-04 07:00:00,12690.0
2011-07-04 08:00:00,14086.0
2011-07-04 09:00:00,15439.0
2011-07-04 10:00:00,16573.0
2011-07-04 11:00:00,17399.0
2011-07-04 12:00:00,17951.0
2011-07-04 13:00:00,18222.0
2011-07-04 14:00:00,18392.0
2011-07-04 15:00:00,18554.0
2011-07-04 16:00:00,18744.0
2011-07-04 17:00:00,18711.0
2011-07-04 18:00:00,18237.0
2011-07-04 19:00:00,17675.0
2011-07-04 20:00:00,17449.0
2011-07-04 21:00:00,16955.0
2011-07-04 22:00:00,15850.0
2011-07-04 23:00:00,14470.0
2011-07-05 00:00:00,13245.0
2011-07-05 01:00:00,12419.0
2011-07-05 02:00:00,11879.0
2011-07-05 03:00:00,11656.0
2011-07-05 04:00:00,11711.0
2011-07-05 05:00:00,12172.0
2011-07-05 06:00:00,13633.0
2011-07-05 07:00:00,15527.0
2011-07-05 08:00:00,17121.0
2011-07-05 09:00:00,18449.0
2011-07-05 10:00:00,19557.0
2011-07-05 11:00:00,20312.0
2011-07-05 12:00:00,20848.0
2011-07-05 13:00:00,21349.0
2011-07-05 14:00:00,21600.0
2011-07-05 15:00:00,21830.0
2011-07-05 16:00:00,21937.0
2011-07-05 17:00:00,21792.0
2011-07-05 18:00:00,21225.0
2011-07-05 19:00:00,20501.0
2011-07-05 20:00:00,20043.0
2011-07-05 21:00:00,19322.0
2011-07-05 22:00:00,17382.0
2011-07-05 23:00:00,15416.0
2011-07-06 00:00:00,13944.0
2011-07-06 01:00:00,13040.0
2011-07-06 02:00:00,12472.0
2011-07-06 03:00:00,12169.0
2011-07-06 04:00:00,12208.0
2011-07-06 05:00:00,12662.0
2011-07-06 06:00:00,14169.0
2011-07-06 07:00:00,16116.0
2011-07-06 08:00:00,17680.0
2011-07-06 09:00:00,19003.0
2011-07-06 10:00:00,20183.0
2011-07-06 11:00:00,21024.0
2011-07-06 12:00:00,21595.0
2011-07-06 13:00:00,22154.0
2011-07-06 14:00:00,22444.0
2011-07-06 15:00:00,22620.0
2011-07-06 16:00:00,22758.0
2011-07-06 17:00:00,22585.0
2011-07-06 18:00:00,22032.0
2011-07-06 19:00:00,21316.0
2011-07-06 20:00:00,20892.0
2011-07-06 21:00:00,19824.0
2011-07-06 22:00:00,17823.0
2011-07-06 23:00:00,15845.0
2011-07-07 00:00:00,14415.0
2011-07-07 01:00:00,13509.0
2011-07-07 02:00:00,12913.0
2011-07-07 03:00:00,12627.0
2011-07-07 04:00:00,12705.0
2011-07-07 05:00:00,13201.0
2011-07-07 06:00:00,14712.0
2011-07-07 07:00:00,16640.0
2011-07-07 08:00:00,18112.0
2011-07-07 09:00:00,19227.0
2011-07-07 10:00:00,20232.0
2011-07-07 11:00:00,20922.0
2011-07-07 12:00:00,21322.0
2011-07-07 13:00:00,21654.0
2011-07-07 14:00:00,21780.0
2011-07-07 15:00:00,21852.0
2011-07-07 16:00:00,21836.0
2011-07-07 17:00:00,21501.0
2011-07-07 18:00:00,20762.0
2011-07-07 19:00:00,20005.0
2011-07-07 20:00:00,19717.0
2011-07-07 21:00:00,19067.0
2011-07-07 22:00:00,17278.0
2011-07-07 23:00:00,15423.0
2011-07-08 00:00:00,14042.0
2011-07-08 01:00:00,13181.0
2011-07-08 02:00:00,12669.0
2011-07-08 03:00:00,12409.0
2011-07-08 04:00:00,12534.0
2011-07-08 05:00:00,13113.0
2011-07-08 06:00:00,14397.0
2011-07-08 07:00:00,15892.0
2011-07-08 08:00:00,16882.0
2011-07-08 09:00:00,17553.0
2011-07-08 10:00:00,18033.0
2011-07-08 11:00:00,18395.0
2011-07-08 12:00:00,18659.0
2011-07-08 13:00:00,18811.0
2011-07-08 14:00:00,18948.0
2011-07-08 15:00:00,18940.0
2011-07-08 16:00:00,18805.0
2011-07-08 17:00:00,18485.0
2011-07-08 18:00:00,17980.0
2011-07-08 19:00:00,17623.0
2011-07-08 20:00:00,17549.0
2011-07-08 21:00:00,16945.0
2011-07-08 22:00:00,15683.0
2011-07-08 23:00:00,14318.0
2011-07-09 00:00:00,13153.0
2011-07-09 01:00:00,12440.0
2011-07-09 02:00:00,11960.0
2011-07-09 03:00:00,11677.0
2011-07-09 04:00:00,11615.0
2011-07-09 05:00:00,11736.0
2011-07-09 06:00:00,12247.0
2011-07-09 07:00:00,13454.0
2011-07-09 08:00:00,14984.0
2011-07-09 09:00:00,16340.0
2011-07-09 10:00:00,17266.0
2011-07-09 11:00:00,17767.0
2011-07-09 12:00:00,17943.0
2011-07-09 13:00:00,17974.0
2011-07-09 14:00:00,17967.0
2011-07-09 15:00:00,18048.0
2011-07-09 16:00:00,18161.0
2011-07-09 17:00:00,18133.0
2011-07-09 18:00:00,17760.0
2011-07-09 19:00:00,17103.0
2011-07-09 20:00:00,16752.0
2011-07-09 21:00:00,16384.0
2011-07-09 22:00:00,15131.0
2011-07-09 23:00:00,13720.0
2011-07-10 00:00:00,12477.0
2011-07-10 01:00:00,11614.0
2011-07-10 02:00:00,11074.0
2011-07-10 03:00:00,10733.0
2011-07-10 04:00:00,10567.0
2011-07-10 05:00:00,10399.0
2011-07-10 06:00:00,10744.0
2011-07-10 07:00:00,11775.0
2011-07-10 08:00:00,13123.0
2011-07-10 09:00:00,14309.0
2011-07-10 10:00:00,15219.0
2011-07-10 11:00:00,15897.0
2011-07-10 12:00:00,16374.0
2011-07-10 13:00:00,16693.0
2011-07-10 14:00:00,16992.0
2011-07-10 15:00:00,17306.0
2011-07-10 16:00:00,17681.0
2011-07-10 17:00:00,17983.0
2011-07-10 18:00:00,17858.0
2011-07-10 19:00:00,17443.0
2011-07-10 20:00:00,17438.0
2011-07-10 21:00:00,17242.0
2011-07-10 22:00:00,15895.0
2011-07-10 23:00:00,14356.0
2011-07-11 00:00:00,13160.0
2011-07-11 01:00:00,12436.0
2011-07-11 02:00:00,11987.0
2011-07-11 03:00:00,11811.0
2011-07-11 04:00:00,12002.0
2011-07-11 05:00:00,12638.0
2011-07-11 06:00:00,14232.0
2011-07-11 07:00:00,16260.0
2011-07-11 08:00:00,17862.0
2011-07-11 09:00:00,19221.0
2011-07-11 10:00:00,20566.0
2011-07-11 11:00:00,21647.0
2011-07-11 12:00:00,22437.0
2011-07-11 13:00:00,23112.0
2011-07-11 14:00:00,23429.0
2011-07-11 15:00:00,23573.0
2011-07-11 16:00:00,23712.0
2011-07-11 17:00:00,23649.0
2011-07-11 18:00:00,23088.0
2011-07-11 19:00:00,22407.0
2011-07-11 20:00:00,22180.0
2011-07-11 21:00:00,21438.0
2011-07-11 22:00:00,19484.0
2011-07-11 23:00:00,17501.0
2011-07-12 00:00:00,16049.0
2011-07-12 01:00:00,15164.0
2011-07-12 02:00:00,14602.0
2011-07-12 03:00:00,14347.0
2011-07-12 04:00:00,14443.0
2011-07-12 05:00:00,15102.0
2011-07-12 06:00:00,16618.0
2011-07-12 07:00:00,18543.0
2011-07-12 08:00:00,20099.0
2011-07-12 09:00:00,21460.0
2011-07-12 10:00:00,22675.0
2011-07-12 11:00:00,23504.0
2011-07-12 12:00:00,23966.0
2011-07-12 13:00:00,24432.0
2011-07-12 14:00:00,24635.0
2011-07-12 15:00:00,24741.0
2011-07-12 16:00:00,24761.0
2011-07-12 17:00:00,24586.0
2011-07-12 18:00:00,23991.0
2011-07-12 19:00:00,23199.0
2011-07-12 20:00:00,22789.0
2011-07-12 21:00:00,21977.0
2011-07-12 22:00:00,19902.0
2011-07-12 23:00:00,17781.0
2011-07-13 00:00:00,16138.0
2011-07-13 01:00:00,15086.0
2011-07-13 02:00:00,14352.0
2011-07-13 03:00:00,13932.0
2011-07-13 04:00:00,13881.0
2011-07-13 05:00:00,14318.0
2011-07-13 06:00:00,15799.0
2011-07-13 07:00:00,17693.0
2011-07-13 08:00:00,18925.0
2011-07-13 09:00:00,19785.0
2011-07-13 10:00:00,20569.0
2011-07-13 11:00:00,21163.0
2011-07-13 12:00:00,21614.0
2011-07-13 13:00:00,22050.0
2011-07-13 14:00:00,22225.0
2011-07-13 15:00:00,22102.0
2011-07-13 16:00:00,21768.0
2011-07-13 17:00:00,21076.0
2011-07-13 18:00:00,20081.0
2011-07-13 19:00:00,19283.0
2011-07-13 20:00:00,18818.0
2011-07-13 21:00:00,17873.0
2011-07-13 22:00:00,16121.0
2011-07-13 23:00:00,14365.0
2011-07-14 00:00:00,13090.0
2011-07-14 01:00:00,12302.0
2011-07-14 02:00:00,11821.0
2011-07-14 03:00:00,11555.0
2011-07-14 04:00:00,11661.0
2011-07-14 05:00:00,12215.0
2011-07-14 06:00:00,13544.0
2011-07-14 07:00:00,15162.0
2011-07-14 08:00:00,16172.0
2011-07-14 09:00:00,16850.0
2011-07-14 10:00:00,17418.0
2011-07-14 11:00:00,17728.0
2011-07-14 12:00:00,17872.0
2011-07-14 13:00:00,18074.0
2011-07-14 14:00:00,18108.0
2011-07-14 15:00:00,18098.0
2011-07-14 16:00:00,18091.0
2011-07-14 17:00:00,17926.0
2011-07-14 18:00:00,17491.0
2011-07-14 19:00:00,16985.0
2011-07-14 20:00:00,16976.0
2011-07-14 21:00:00,16536.0
2011-07-14 22:00:00,15067.0
2011-07-14 23:00:00,13499.0
2011-07-15 00:00:00,12351.0
2011-07-15 01:00:00,11632.0
2011-07-15 02:00:00,11224.0
2011-07-15 03:00:00,11003.0
2011-07-15 04:00:00,11127.0
2011-07-15 05:00:00,11614.0
2011-07-15 06:00:00,12988.0
2011-07-15 07:00:00,14751.0
2011-07-15 08:00:00,16071.0
2011-07-15 09:00:00,17078.0
2011-07-15 10:00:00,17876.0
2011-07-15 11:00:00,18406.0
2011-07-15 12:00:00,18641.0
2011-07-15 13:00:00,18850.0
2011-07-15 14:00:00,18851.0
2011-07-15 15:00:00,18745.0
2011-07-15 16:00:00,18627.0
2011-07-15 17:00:00,18352.0
2011-07-15 18:00:00,17750.0
2011-07-15 19:00:00,17165.0
2011-07-15 20:00:00,17027.0
2011-07-15 21:00:00,16600.0
2011-07-15 22:00:00,15274.0
2011-07-15 23:00:00,13784.0
2011-07-16 00:00:00,12602.0
2011-07-16 01:00:00,11821.0
2011-07-16 02:00:00,11307.0
2011-07-16 03:00:00,11019.0
2011-07-16 04:00:00,10955.0
2011-07-16 05:00:00,10982.0
2011-07-16 06:00:00,11605.0
2011-07-16 07:00:00,12899.0
2011-07-16 08:00:00,14393.0
2011-07-16 09:00:00,15730.0
2011-07-16 10:00:00,16751.0
2011-07-16 11:00:00,17464.0
2011-07-16 12:00:00,17883.0
2011-07-16 13:00:00,18137.0
2011-07-16 14:00:00,18337.0
2011-07-16 15:00:00,18533.0
2011-07-16 16:00:00,18722.0
2011-07-16 17:00:00,18854.0
2011-07-16 18:00:00,18582.0
2011-07-16 19:00:00,18004.0
2011-07-16 20:00:00,17787.0
2011-07-16 21:00:00,17487.0
2011-07-16 22:00:00,16215.0
2011-07-16 23:00:00,14780.0
2011-07-17 00:00:00,13535.0
2011-07-17 01:00:00,12671.0
2011-07-17 02:00:00,12105.0
2011-07-17 03:00:00,11743.0
2011-07-17 04:00:00,11540.0
2011-07-17 05:00:00,11381.0
2011-07-17 06:00:00,11741.0
2011-07-17 07:00:00,12895.0
2011-07-17 08:00:00,14430.0
2011-07-17 09:00:00,15967.0
2011-07-17 10:00:00,17264.0
2011-07-17 11:00:00,18280.0
2011-07-17 12:00:00,18975.0
2011-07-17 13:00:00,19378.0
2011-07-17 14:00:00,19776.0
2011-07-17 15:00:00,20153.0
2011-07-17 16:00:00,20490.0
2011-07-17 17:00:00,20680.0
2011-07-17 18:00:00,20455.0
2011-07-17 19:00:00,19942.0
2011-07-17 20:00:00,19890.0
2011-07-17 21:00:00,19532.0
2011-07-17 22:00:00,17960.0
2011-07-17 23:00:00,16261.0
2011-07-18 00:00:00,14984.0
2011-07-18 01:00:00,14166.0
2011-07-18 02:00:00,13680.0
2011-07-18 03:00:00,13438.0
2011-07-18 04:00:00,13577.0
2011-07-18 05:00:00,14263.0
2011-07-18 06:00:00,15755.0
2011-07-18 07:00:00,17628.0
2011-07-18 08:00:00,19103.0
2011-07-18 09:00:00,20371.0
2011-07-18 10:00:00,21487.0
2011-07-18 11:00:00,22062.0
2011-07-18 12:00:00,22186.0
2011-07-18 13:00:00,22254.0
2011-07-18 14:00:00,22099.0
2011-07-18 15:00:00,22089.0
2011-07-18 16:00:00,21866.0
2011-07-18 17:00:00,21589.0
2011-07-18 18:00:00,21225.0
2011-07-18 19:00:00,20704.0
2011-07-18 20:00:00,20486.0
2011-07-18 21:00:00,19774.0
2011-07-18 22:00:00,17962.0
2011-07-18 23:00:00,16114.0
2011-07-19 00:00:00,14742.0
2011-07-19 01:00:00,13907.0
2011-07-19 02:00:00,13379.0
2011-07-19 03:00:00,13139.0
2011-07-19 04:00:00,13247.0
2011-07-19 05:00:00,13885.0
2011-07-19 06:00:00,15390.0
2011-07-19 07:00:00,17344.0
2011-07-19 08:00:00,18843.0
2011-07-19 09:00:00,20058.0
2011-07-19 10:00:00,21109.0
2011-07-19 11:00:00,21891.0
2011-07-19 12:00:00,22386.0
2011-07-19 13:00:00,22858.0
2011-07-19 14:00:00,23139.0
2011-07-19 15:00:00,23269.0
2011-07-19 16:00:00,23302.0
2011-07-19 17:00:00,23057.0
2011-07-19 18:00:00,22378.0
2011-07-19 19:00:00,21507.0
2011-07-19 20:00:00,21121.0
2011-07-19 21:00:00,20236.0
2011-07-19 22:00:00,18161.0
2011-07-19 23:00:00,16090.0
2011-07-20 00:00:00,14583.0
2011-07-20 01:00:00,13635.0
2011-07-20 02:00:00,13040.0
2011-07-20 03:00:00,12717.0
2011-07-20 04:00:00,12783.0
2011-07-20 05:00:00,13363.0
2011-07-20 06:00:00,14697.0
2011-07-20 07:00:00,16444.0
2011-07-20 08:00:00,17879.0
2011-07-20 09:00:00,19085.0
2011-07-20 10:00:00,20370.0
2011-07-20 11:00:00,21462.0
2011-07-20 12:00:00,22238.0
2011-07-20 13:00:00,22988.0
2011-07-20 14:00:00,23487.0
2011-07-20 15:00:00,23681.0
2011-07-20 16:00:00,23759.0
2011-07-20 17:00:00,23446.0
2011-07-20 18:00:00,22607.0
2011-07-20 19:00:00,21939.0
2011-07-20 20:00:00,21757.0
2011-07-20 21:00:00,20856.0
2011-07-20 22:00:00,19025.0
2011-07-20 23:00:00,17046.0
2011-07-21 00:00:00,15612.0
2011-07-21 01:00:00,14761.0
2011-07-21 02:00:00,14242.0
2011-07-21 03:00:00,13993.0
2011-07-21 04:00:00,14135.0
2011-07-21 05:00:00,14872.0
2011-07-21 06:00:00,16463.0
2011-07-21 07:00:00,18438.0
2011-07-21 08:00:00,19961.0
2011-07-21 09:00:00,21357.0
2011-07-21 10:00:00,22767.0
2011-07-21 11:00:00,23977.0
2011-07-21 12:00:00,24841.0
2011-07-21 13:00:00,25512.0
2011-07-21 14:00:00,25878.0
2011-07-21 15:00:00,26011.0
2011-07-21 16:00:00,26013.0
2011-07-21 17:00:00,25771.0
2011-07-21 18:00:00,25256.0
2011-07-21 19:00:00,24646.0
2011-07-21 20:00:00,24419.0
2011-07-21 21:00:00,23676.0
2011-07-21 22:00:00,21719.0
2011-07-21 23:00:00,19692.0
2011-07-22 00:00:00,18135.0
2011-07-22 01:00:00,17177.0
2011-07-22 02:00:00,16543.0
2011-07-22 03:00:00,16187.0
2011-07-22 04:00:00,16237.0
2011-07-22 05:00:00,16867.0
2011-07-22 06:00:00,18435.0
2011-07-22 07:00:00,20722.0
2011-07-22 08:00:00,22799.0
2011-07-22 09:00:00,24614.0
2011-07-22 10:00:00,26049.0
2011-07-22 11:00:00,26880.0
2011-07-22 12:00:00,27181.0
2011-07-22 13:00:00,27283.0
2011-07-22 14:00:00,27333.0
2011-07-22 15:00:00,27262.0
2011-07-22 16:00:00,27082.0
2011-07-22 17:00:00,26728.0
2011-07-22 18:00:00,26039.0
2011-07-22 19:00:00,25052.0
2011-07-22 20:00:00,24428.0
2011-07-22 21:00:00,23392.0
2011-07-22 22:00:00,21370.0
2011-07-22 23:00:00,19212.0
2011-07-23 00:00:00,17479.0
2011-07-23 01:00:00,16302.0
2011-07-23 02:00:00,15444.0
2011-07-23 03:00:00,14849.0
2011-07-23 04:00:00,14536.0
2011-07-23 05:00:00,14508.0
2011-07-23 06:00:00,14997.0
2011-07-23 07:00:00,16097.0
2011-07-23 08:00:00,17245.0
2011-07-23 09:00:00,18178.0
2011-07-23 10:00:00,19001.0
2011-07-23 11:00:00,19785.0
2011-07-23 12:00:00,20568.0
2011-07-23 13:00:00,21198.0
2011-07-23 14:00:00,21816.0
2011-07-23 15:00:00,22271.0
2011-07-23 16:00:00,22636.0
2011-07-23 17:00:00,22780.0
2011-07-23 18:00:00,22493.0
2011-07-23 19:00:00,21914.0
2011-07-23 20:00:00,21738.0
2011-07-23 21:00:00,21231.0
2011-07-23 22:00:00,19753.0
2011-07-23 23:00:00,18101.0
2011-07-24 00:00:00,16674.0
2011-07-24 01:00:00,15657.0
2011-07-24 02:00:00,14969.0
2011-07-24 03:00:00,14510.0
2011-07-24 04:00:00,14312.0
2011-07-24 05:00:00,14302.0
2011-07-24 06:00:00,14517.0
2011-07-24 07:00:00,15282.0
2011-07-24 08:00:00,16372.0
2011-07-24 09:00:00,17481.0
2011-07-24 10:00:00,18231.0
2011-07-24 11:00:00,18695.0
2011-07-24 12:00:00,18877.0
2011-07-24 13:00:00,18819.0
2011-07-24 14:00:00,18786.0
2011-07-24 15:00:00,18982.0
2011-07-24 16:00:00,19408.0
2011-07-24 17:00:00,19640.0
2011-07-24 18:00:00,19328.0
2011-07-24 19:00:00,18645.0
2011-07-24 20:00:00,18510.0
2011-07-24 21:00:00,17960.0
2011-07-24 22:00:00,16465.0
2011-07-24 23:00:00,14872.0
2011-07-25 00:00:00,13688.0
2011-07-25 01:00:00,12975.0
2011-07-25 02:00:00,12564.0
2011-07-25 03:00:00,12381.0
2011-07-25 04:00:00,12559.0
2011-07-25 05:00:00,13219.0
2011-07-25 06:00:00,14547.0
2011-07-25 07:00:00,16093.0
2011-07-25 08:00:00,17114.0
2011-07-25 09:00:00,17807.0
2011-07-25 10:00:00,18370.0
2011-07-25 11:00:00,18669.0
2011-07-25 12:00:00,18701.0
2011-07-25 13:00:00,18650.0
2011-07-25 14:00:00,18339.0
2011-07-25 15:00:00,17936.0
2011-07-25 16:00:00,17728.0
2011-07-25 17:00:00,17592.0
2011-07-25 18:00:00,17203.0
2011-07-25 19:00:00,16815.0
2011-07-25 20:00:00,16687.0
2011-07-25 21:00:00,15920.0
2011-07-25 22:00:00,14538.0
2011-07-25 23:00:00,13169.0
2011-07-26 00:00:00,12202.0
2011-07-26 01:00:00,11638.0
2011-07-26 02:00:00,11318.0
2011-07-26 03:00:00,11210.0
2011-07-26 04:00:00,11454.0
2011-07-26 05:00:00,12230.0
2011-07-26 06:00:00,13610.0
2011-07-26 07:00:00,15167.0
2011-07-26 08:00:00,16274.0
2011-07-26 09:00:00,17067.0
2011-07-26 10:00:00,17789.0
2011-07-26 11:00:00,18353.0
2011-07-26 12:00:00,18810.0
2011-07-26 13:00:00,19426.0
2011-07-26 14:00:00,19861.0
2011-07-26 15:00:00,20149.0
2011-07-26 16:00:00,20177.0
2011-07-26 17:00:00,19653.0
2011-07-26 18:00:00,18988.0
2011-07-26 19:00:00,18362.0
2011-07-26 20:00:00,18190.0
2011-07-26 21:00:00,17380.0
2011-07-26 22:00:00,15781.0
2011-07-26 23:00:00,14174.0
2011-07-27 00:00:00,12964.0
2011-07-27 01:00:00,12225.0
2011-07-27 02:00:00,11763.0
2011-07-27 03:00:00,11518.0
2011-07-27 04:00:00,11620.0
2011-07-27 05:00:00,12212.0
2011-07-27 06:00:00,13584.0
2011-07-27 07:00:00,15367.0
2011-07-27 08:00:00,16619.0
2011-07-27 09:00:00,17541.0
2011-07-27 10:00:00,18286.0
2011-07-27 11:00:00,18780.0
2011-07-27 12:00:00,19094.0
2011-07-27 13:00:00,19463.0
2011-07-27 14:00:00,19667.0
2011-07-27 15:00:00,19755.0
2011-07-27 16:00:00,19857.0
2011-07-27 17:00:00,19746.0
2011-07-27 18:00:00,19255.0
2011-07-27 19:00:00,18663.0
2011-07-27 20:00:00,18615.0
2011-07-27 21:00:00,17983.0
2011-07-27 22:00:00,16318.0
2011-07-27 23:00:00,14583.0
2011-07-28 00:00:00,13294.0
2011-07-28 01:00:00,12487.0
2011-07-28 02:00:00,11972.0
2011-07-28 03:00:00,11715.0
2011-07-28 04:00:00,11821.0
2011-07-28 05:00:00,12408.0
2011-07-28 06:00:00,13741.0
2011-07-28 07:00:00,15510.0
2011-07-28 08:00:00,16808.0
2011-07-28 09:00:00,17799.0
2011-07-28 10:00:00,18652.0
2011-07-28 11:00:00,19212.0
2011-07-28 12:00:00,19598.0
2011-07-28 13:00:00,20049.0
2011-07-28 14:00:00,20226.0
2011-07-28 15:00:00,20259.0
2011-07-28 16:00:00,20280.0
2011-07-28 17:00:00,20112.0
2011-07-28 18:00:00,19558.0
2011-07-28 19:00:00,18886.0
2011-07-28 20:00:00,18846.0
2011-07-28 21:00:00,18237.0
2011-07-28 22:00:00,16630.0
2011-07-28 23:00:00,14965.0
2011-07-29 00:00:00,13736.0
2011-07-29 01:00:00,13003.0
2011-07-29 02:00:00,12553.0
2011-07-29 03:00:00,12361.0
2011-07-29 04:00:00,12554.0
2011-07-29 05:00:00,13296.0
2011-07-29 06:00:00,14661.0
2011-07-29 07:00:00,16220.0
2011-07-29 08:00:00,17299.0
2011-07-29 09:00:00,18005.0
2011-07-29 10:00:00,18561.0
2011-07-29 11:00:00,18897.0
2011-07-29 12:00:00,19003.0
2011-07-29 13:00:00,19103.0
2011-07-29 14:00:00,19052.0
2011-07-29 15:00:00,18868.0
2011-07-29 16:00:00,18778.0
2011-07-29 17:00:00,18625.0
2011-07-29 18:00:00,18292.0
2011-07-29 19:00:00,18083.0
2011-07-29 20:00:00,18093.0
2011-07-29 21:00:00,17550.0
2011-07-29 22:00:00,16381.0
2011-07-29 23:00:00,15072.0
2011-07-30 00:00:00,14040.0
2011-07-30 01:00:00,13391.0
2011-07-30 02:00:00,12910.0
2011-07-30 03:00:00,12610.0
2011-07-30 04:00:00,12462.0
2011-07-30 05:00:00,12523.0
2011-07-30 06:00:00,13022.0
2011-07-30 07:00:00,14414.0
2011-07-30 08:00:00,16098.0
2011-07-30 09:00:00,17467.0
2011-07-30 10:00:00,18409.0
2011-07-30 11:00:00,18939.0
2011-07-30 12:00:00,19228.0
2011-07-30 13:00:00,19371.0
2011-07-30 14:00:00,19517.0
2011-07-30 15:00:00,19680.0
2011-07-30 16:00:00,19811.0
2011-07-30 17:00:00,19761.0
2011-07-30 18:00:00,19326.0
2011-07-30 19:00:00,18607.0
2011-07-30 20:00:00,18385.0
2011-07-30 21:00:00,17787.0
2011-07-30 22:00:00,16365.0
2011-07-30 23:00:00,14874.0
2011-07-31 00:00:00,13613.0
2011-07-31 01:00:00,12732.0
2011-07-31 02:00:00,12112.0
2011-07-31 03:00:00,11700.0
2011-07-31 04:00:00,11489.0
2011-07-31 05:00:00,11371.0
2011-07-31 06:00:00,11597.0
2011-07-31 07:00:00,12640.0
2011-07-31 08:00:00,14059.0
2011-07-31 09:00:00,15375.0
2011-07-31 10:00:00,16434.0
2011-07-31 11:00:00,17237.0
2011-07-31 12:00:00,17873.0
2011-07-31 13:00:00,18284.0
2011-07-31 14:00:00,18643.0
2011-07-31 15:00:00,18998.0
2011-07-31 16:00:00,19368.0
2011-07-31 17:00:00,19591.0
2011-07-31 18:00:00,19330.0
2011-07-31 19:00:00,18818.0
2011-07-31 20:00:00,18905.0
2011-07-31 21:00:00,18360.0
2011-07-31 22:00:00,16895.0
2011-07-31 23:00:00,15323.0
2011-08-01 00:00:00,14162.0
2011-08-01 01:00:00,13406.0
2011-08-01 02:00:00,12933.0
2011-08-01 03:00:00,12690.0
2011-08-01 04:00:00,12807.0
2011-08-01 05:00:00,13443.0
2011-08-01 06:00:00,14774.0
2011-08-01 07:00:00,16662.0
2011-08-01 08:00:00,18280.0
2011-08-01 09:00:00,19744.0
2011-08-01 10:00:00,21052.0
2011-08-01 11:00:00,22029.0
2011-08-01 12:00:00,22653.0
2011-08-01 13:00:00,23010.0
2011-08-01 14:00:00,23011.0
2011-08-01 15:00:00,22808.0
2011-08-01 16:00:00,22594.0
2011-08-01 17:00:00,22136.0
2011-08-01 18:00:00,21445.0
2011-08-01 19:00:00,20670.0
2011-08-01 20:00:00,20423.0
2011-08-01 21:00:00,19476.0
2011-08-01 22:00:00,17610.0
2011-08-01 23:00:00,15746.0
2011-08-02 00:00:00,14364.0
2011-08-02 01:00:00,13479.0
2011-08-02 02:00:00,12945.0
2011-08-02 03:00:00,12680.0
2011-08-02 04:00:00,12769.0
2011-08-02 05:00:00,13369.0
2011-08-02 06:00:00,14624.0
2011-08-02 07:00:00,16360.0
2011-08-02 08:00:00,17759.0
2011-08-02 09:00:00,18913.0
2011-08-02 10:00:00,19938.0
2011-08-02 11:00:00,20759.0
2011-08-02 12:00:00,21253.0
2011-08-02 13:00:00,21585.0
2011-08-02 14:00:00,21801.0
2011-08-02 15:00:00,21921.0
2011-08-02 16:00:00,21815.0
2011-08-02 17:00:00,21325.0
2011-08-02 18:00:00,20481.0
2011-08-02 19:00:00,19642.0
2011-08-02 20:00:00,19336.0
2011-08-02 21:00:00,18356.0
2011-08-02 22:00:00,16617.0
2011-08-02 23:00:00,14863.0
2011-08-03 00:00:00,13534.0
2011-08-03 01:00:00,12700.0
2011-08-03 02:00:00,12154.0
2011-08-03 03:00:00,11857.0
2011-08-03 04:00:00,11923.0
2011-08-03 05:00:00,12517.0
2011-08-03 06:00:00,13768.0
2011-08-03 07:00:00,15452.0
2011-08-03 08:00:00,16660.0
2011-08-03 09:00:00,17595.0
2011-08-03 10:00:00,18340.0
2011-08-03 11:00:00,18830.0
2011-08-03 12:00:00,19097.0
2011-08-03 13:00:00,19439.0
2011-08-03 14:00:00,19565.0
2011-08-03 15:00:00,19375.0
2011-08-03 16:00:00,19193.0
2011-08-03 17:00:00,18819.0
2011-08-03 18:00:00,18240.0
2011-08-03 19:00:00,17917.0
2011-08-03 20:00:00,18008.0
2011-08-03 21:00:00,17195.0
2011-08-03 22:00:00,15661.0
2011-08-03 23:00:00,14116.0
2011-08-04 00:00:00,12981.0
2011-08-04 01:00:00,12278.0
2011-08-04 02:00:00,11880.0
2011-08-04 03:00:00,11735.0
2011-08-04 04:00:00,11898.0
2011-08-04 05:00:00,12613.0
2011-08-04 06:00:00,13894.0
2011-08-04 07:00:00,15551.0
2011-08-04 08:00:00,16754.0
2011-08-04 09:00:00,17678.0
2011-08-04 10:00:00,18461.0
2011-08-04 11:00:00,18968.0
2011-08-04 12:00:00,19272.0
2011-08-04 13:00:00,19632.0
2011-08-04 14:00:00,19798.0
2011-08-04 15:00:00,19865.0
2011-08-04 16:00:00,19865.0
2011-08-04 17:00:00,19583.0
2011-08-04 18:00:00,18942.0
2011-08-04 19:00:00,18321.0
2011-08-04 20:00:00,18365.0
2011-08-04 21:00:00,17620.0
2011-08-04 22:00:00,16029.0
2011-08-04 23:00:00,14462.0
2011-08-05 00:00:00,13271.0
2011-08-05 01:00:00,12536.0
2011-08-05 02:00:00,12077.0
2011-08-05 03:00:00,11858.0
2011-08-05 04:00:00,12009.0
2011-08-05 05:00:00,12717.0
2011-08-05 06:00:00,13936.0
2011-08-05 07:00:00,15495.0
2011-08-05 08:00:00,16686.0
2011-08-05 09:00:00,17575.0
2011-08-05 10:00:00,18306.0
2011-08-05 11:00:00,18785.0
2011-08-05 12:00:00,19051.0
2011-08-05 13:00:00,19397.0
2011-08-05 14:00:00,19584.0
2011-08-05 15:00:00,19616.0
2011-08-05 16:00:00,19567.0
2011-08-05 17:00:00,19271.0
2011-08-05 18:00:00,18604.0
2011-08-05 19:00:00,17968.0
2011-08-05 20:00:00,17972.0
2011-08-05 21:00:00,17322.0
2011-08-05 22:00:00,16016.0
2011-08-05 23:00:00,14569.0
2011-08-06 00:00:00,13459.0
2011-08-06 01:00:00,12758.0
2011-08-06 02:00:00,12325.0
2011-08-06 03:00:00,12105.0
2011-08-06 04:00:00,12075.0
2011-08-06 05:00:00,12277.0
2011-08-06 06:00:00,12739.0
2011-08-06 07:00:00,13922.0
2011-08-06 08:00:00,15404.0
2011-08-06 09:00:00,16706.0
2011-08-06 10:00:00,17723.0
2011-08-06 11:00:00,18445.0
2011-08-06 12:00:00,18843.0
2011-08-06 13:00:00,18917.0
2011-08-06 14:00:00,18776.0
2011-08-06 15:00:00,18563.0
2011-08-06 16:00:00,18383.0
2011-08-06 17:00:00,18209.0
2011-08-06 18:00:00,17880.0
2011-08-06 19:00:00,17674.0
2011-08-06 20:00:00,17841.0
2011-08-06 21:00:00,17258.0
2011-08-06 22:00:00,16091.0
2011-08-06 23:00:00,14773.0
2011-08-07 00:00:00,13692.0
2011-08-07 01:00:00,12984.0
2011-08-07 02:00:00,12507.0
2011-08-07 03:00:00,12217.0
2011-08-07 04:00:00,12132.0
2011-08-07 05:00:00,12265.0
2011-08-07 06:00:00,12526.0
2011-08-07 07:00:00,13281.0
2011-08-07 08:00:00,14394.0
2011-08-07 09:00:00,15474.0
2011-08-07 10:00:00,16295.0
2011-08-07 11:00:00,16942.0
2011-08-07 12:00:00,17397.0
2011-08-07 13:00:00,17692.0
2011-08-07 14:00:00,17945.0
2011-08-07 15:00:00,18329.0
2011-08-07 16:00:00,18774.0
2011-08-07 17:00:00,19053.0
2011-08-07 18:00:00,18955.0
2011-08-07 19:00:00,18847.0
2011-08-07 20:00:00,19089.0
2011-08-07 21:00:00,18391.0
2011-08-07 22:00:00,17049.0
2011-08-07 23:00:00,15593.0
2011-08-08 00:00:00,14478.0
2011-08-08 01:00:00,13733.0
2011-08-08 02:00:00,13298.0
2011-08-08 03:00:00,13095.0
2011-08-08 04:00:00,13285.0
2011-08-08 05:00:00,14025.0
2011-08-08 06:00:00,15350.0
2011-08-08 07:00:00,17134.0
2011-08-08 08:00:00,18538.0
2011-08-08 09:00:00,19626.0
2011-08-08 10:00:00,20639.0
2011-08-08 11:00:00,21405.0
2011-08-08 12:00:00,21888.0
2011-08-08 13:00:00,22301.0
2011-08-08 14:00:00,22382.0
2011-08-08 15:00:00,22296.0
2011-08-08 16:00:00,22151.0
2011-08-08 17:00:00,21782.0
2011-08-08 18:00:00,21227.0
2011-08-08 19:00:00,20572.0
2011-08-08 20:00:00,20495.0
2011-08-08 21:00:00,19466.0
2011-08-08 22:00:00,17596.0
2011-08-08 23:00:00,15716.0
2011-08-09 00:00:00,14334.0
2011-08-09 01:00:00,13507.0
2011-08-09 02:00:00,12946.0
2011-08-09 03:00:00,12637.0
2011-08-09 04:00:00,12693.0
2011-08-09 05:00:00,13330.0
2011-08-09 06:00:00,14543.0
2011-08-09 07:00:00,16273.0
2011-08-09 08:00:00,17585.0
2011-08-09 09:00:00,18620.0
2011-08-09 10:00:00,19597.0
2011-08-09 11:00:00,20266.0
2011-08-09 12:00:00,20614.0
2011-08-09 13:00:00,20724.0
2011-08-09 14:00:00,20549.0
2011-08-09 15:00:00,20096.0
2011-08-09 16:00:00,19693.0
2011-08-09 17:00:00,19371.0
2011-08-09 18:00:00,18901.0
2011-08-09 19:00:00,18657.0
2011-08-09 20:00:00,18568.0
2011-08-09 21:00:00,17604.0
2011-08-09 22:00:00,16058.0
2011-08-09 23:00:00,14557.0
2011-08-10 00:00:00,13438.0
2011-08-10 01:00:00,12766.0
2011-08-10 02:00:00,12355.0
2011-08-10 03:00:00,12196.0
2011-08-10 04:00:00,12377.0
2011-08-10 05:00:00,13124.0
2011-08-10 06:00:00,14373.0
2011-08-10 07:00:00,15985.0
2011-08-10 08:00:00,17141.0
2011-08-10 09:00:00,18016.0
2011-08-10 10:00:00,18732.0
2011-08-10 11:00:00,19283.0
2011-08-10 12:00:00,19674.0
2011-08-10 13:00:00,20059.0
2011-08-10 14:00:00,20343.0
2011-08-10 15:00:00,20488.0
2011-08-10 16:00:00,20560.0
2011-08-10 17:00:00,20335.0
2011-08-10 18:00:00,19581.0
2011-08-10 19:00:00,18850.0
2011-08-10 20:00:00,18776.0
2011-08-10 21:00:00,17825.0
2011-08-10 22:00:00,16152.0
2011-08-10 23:00:00,14457.0
2011-08-11 00:00:00,13202.0
2011-08-11 01:00:00,12452.0
2011-08-11 02:00:00,11988.0
2011-08-11 03:00:00,11773.0
2011-08-11 04:00:00,11900.0
2011-08-11 05:00:00,12563.0
2011-08-11 06:00:00,13761.0
2011-08-11 07:00:00,15394.0
2011-08-11 08:00:00,16588.0
2011-08-11 09:00:00,17432.0
2011-08-11 10:00:00,18045.0
2011-08-11 11:00:00,18427.0
2011-08-11 12:00:00,18664.0
2011-08-11 13:00:00,18972.0
2011-08-11 14:00:00,19117.0
2011-08-11 15:00:00,19117.0
2011-08-11 16:00:00,19077.0
2011-08-11 17:00:00,18802.0
2011-08-11 18:00:00,18172.0
2011-08-11 19:00:00,17567.0
2011-08-11 20:00:00,17641.0
2011-08-11 21:00:00,16740.0
2011-08-11 22:00:00,15146.0
2011-08-11 23:00:00,13572.0
2011-08-12 00:00:00,12390.0
2011-08-12 01:00:00,11629.0
2011-08-12 02:00:00,11191.0
2011-08-12 03:00:00,10974.0
2011-08-12 04:00:00,11102.0
2011-08-12 05:00:00,11707.0
2011-08-12 06:00:00,12792.0
2011-08-12 07:00:00,14411.0
2011-08-12 08:00:00,15666.0
2011-08-12 09:00:00,16574.0
2011-08-12 10:00:00,17285.0
2011-08-12 11:00:00,17685.0
2011-08-12 12:00:00,17906.0
2011-08-12 13:00:00,18202.0
2011-08-12 14:00:00,18347.0
2011-08-12 15:00:00,18396.0
2011-08-12 16:00:00,18448.0
2011-08-12 17:00:00,18305.0
2011-08-12 18:00:00,17770.0
2011-08-12 19:00:00,17188.0
2011-08-12 20:00:00,17244.0
2011-08-12 21:00:00,16418.0
2011-08-12 22:00:00,15034.0
2011-08-12 23:00:00,13590.0
2011-08-13 00:00:00,12445.0
2011-08-13 01:00:00,11671.0
2011-08-13 02:00:00,11200.0
2011-08-13 03:00:00,10888.0
2011-08-13 04:00:00,10830.0
2011-08-13 05:00:00,10979.0
2011-08-13 06:00:00,11372.0
2011-08-13 07:00:00,12457.0
2011-08-13 08:00:00,13864.0
2011-08-13 09:00:00,15000.0
2011-08-13 10:00:00,15856.0
2011-08-13 11:00:00,16365.0
2011-08-13 12:00:00,16624.0
2011-08-13 13:00:00,16758.0
2011-08-13 14:00:00,16837.0
2011-08-13 15:00:00,16915.0
2011-08-13 16:00:00,17004.0
2011-08-13 17:00:00,17012.0
2011-08-13 18:00:00,16724.0
2011-08-13 19:00:00,16493.0
2011-08-13 20:00:00,16759.0
2011-08-13 21:00:00,16143.0
2011-08-13 22:00:00,15031.0
2011-08-13 23:00:00,13792.0
2011-08-14 00:00:00,12802.0
2011-08-14 01:00:00,12121.0
2011-08-14 02:00:00,11668.0
2011-08-14 03:00:00,11423.0
2011-08-14 04:00:00,11351.0
2011-08-14 05:00:00,11484.0
2011-08-14 06:00:00,11749.0
2011-08-14 07:00:00,12478.0
2011-08-14 08:00:00,13542.0
2011-08-14 09:00:00,14494.0
2011-08-14 10:00:00,15172.0
2011-08-14 11:00:00,15621.0
2011-08-14 12:00:00,15816.0
2011-08-14 13:00:00,15741.0
2011-08-14 14:00:00,15607.0
2011-08-14 15:00:00,15531.0
2011-08-14 16:00:00,15647.0
2011-08-14 17:00:00,15854.0
2011-08-14 18:00:00,15888.0
2011-08-14 19:00:00,15957.0
2011-08-14 20:00:00,16108.0
2011-08-14 21:00:00,15406.0
2011-08-14 22:00:00,14296.0
2011-08-14 23:00:00,13106.0
2011-08-15 00:00:00,12203.0
2011-08-15 01:00:00,11675.0
2011-08-15 02:00:00,11406.0
2011-08-15 03:00:00,11327.0
2011-08-15 04:00:00,11614.0
2011-08-15 05:00:00,12497.0
2011-08-15 06:00:00,13900.0
2011-08-15 07:00:00,15374.0
2011-08-15 08:00:00,16463.0
2011-08-15 09:00:00,17183.0
2011-08-15 10:00:00,17709.0
2011-08-15 11:00:00,17960.0
2011-08-15 12:00:00,17961.0
2011-08-15 13:00:00,17868.0
2011-08-15 14:00:00,17643.0
2011-08-15 15:00:00,17351.0
2011-08-15 16:00:00,17262.0
2011-08-15 17:00:00,17190.0
2011-08-15 18:00:00,16989.0
2011-08-15 19:00:00,16826.0
2011-08-15 20:00:00,16550.0
2011-08-15 21:00:00,15511.0
2011-08-15 22:00:00,14095.0
2011-08-15 23:00:00,12720.0
2011-08-16 00:00:00,11728.0
2011-08-16 01:00:00,11138.0
2011-08-16 02:00:00,10810.0
2011-08-16 03:00:00,10670.0
2011-08-16 04:00:00,10871.0
2011-08-16 05:00:00,11643.0
2011-08-16 06:00:00,12837.0
2011-08-16 07:00:00,14294.0
2011-08-16 08:00:00,15302.0
2011-08-16 09:00:00,15981.0
2011-08-16 10:00:00,16549.0
2011-08-16 11:00:00,16865.0
2011-08-16 12:00:00,16943.0
2011-08-16 13:00:00,17011.0
2011-08-16 14:00:00,16935.0
2011-08-16 15:00:00,16866.0
2011-08-16 16:00:00,16907.0
2011-08-16 17:00:00,16864.0
2011-08-16 18:00:00,16621.0
2011-08-16 19:00:00,16436.0
2011-08-16 20:00:00,16714.0
2011-08-16 21:00:00,15836.0
2011-08-16 22:00:00,14368.0
2011-08-16 23:00:00,12922.0
2011-08-17 00:00:00,11850.0
2011-08-17 01:00:00,11249.0
2011-08-17 02:00:00,10878.0
2011-08-17 03:00:00,10731.0
2011-08-17 04:00:00,10914.0
2011-08-17 05:00:00,11618.0
2011-08-17 06:00:00,12804.0
2011-08-17 07:00:00,14449.0
2011-08-17 08:00:00,15730.0
2011-08-17 09:00:00,16727.0
2011-08-17 10:00:00,17570.0
2011-08-17 11:00:00,18135.0
2011-08-17 12:00:00,18504.0
2011-08-17 13:00:00,18946.0
2011-08-17 14:00:00,19242.0
2011-08-17 15:00:00,19394.0
2011-08-17 16:00:00,19499.0
2011-08-17 17:00:00,19373.0
2011-08-17 18:00:00,18858.0
2011-08-17 19:00:00,18397.0
2011-08-17 20:00:00,18543.0
2011-08-17 21:00:00,17512.0
2011-08-17 22:00:00,15858.0
2011-08-17 23:00:00,14186.0
2011-08-18 00:00:00,12979.0
2011-08-18 01:00:00,12224.0
2011-08-18 02:00:00,11750.0
2011-08-18 03:00:00,11529.0
2011-08-18 04:00:00,11690.0
2011-08-18 05:00:00,12418.0
2011-08-18 06:00:00,13611.0
2011-08-18 07:00:00,15300.0
2011-08-18 08:00:00,16669.0
2011-08-18 09:00:00,17800.0
2011-08-18 10:00:00,18790.0
2011-08-18 11:00:00,19498.0
2011-08-18 12:00:00,19864.0
2011-08-18 13:00:00,20277.0
2011-08-18 14:00:00,20478.0
2011-08-18 15:00:00,20583.0
2011-08-18 16:00:00,20624.0
2011-08-18 17:00:00,20354.0
2011-08-18 18:00:00,19710.0
2011-08-18 19:00:00,19280.0
2011-08-18 20:00:00,19431.0
2011-08-18 21:00:00,18453.0
2011-08-18 22:00:00,16777.0
2011-08-18 23:00:00,15157.0
2011-08-19 00:00:00,13893.0
2011-08-19 01:00:00,13137.0
2011-08-19 02:00:00,12638.0
2011-08-19 03:00:00,12372.0
2011-08-19 04:00:00,12487.0
2011-08-19 05:00:00,13206.0
2011-08-19 06:00:00,14369.0
2011-08-19 07:00:00,15980.0
2011-08-19 08:00:00,17371.0
2011-08-19 09:00:00,18587.0
2011-08-19 10:00:00,19652.0
2011-08-19 11:00:00,20426.0
2011-08-19 12:00:00,20918.0
2011-08-19 13:00:00,21303.0
2011-08-19 14:00:00,21318.0
2011-08-19 15:00:00,20916.0
2011-08-19 16:00:00,20487.0
2011-08-19 17:00:00,19961.0
2011-08-19 18:00:00,19234.0
2011-08-19 19:00:00,18912.0
2011-08-19 20:00:00,18790.0
2011-08-19 21:00:00,17778.0
2011-08-19 22:00:00,16364.0
2011-08-19 23:00:00,14869.0
2011-08-20 00:00:00,13640.0
2011-08-20 01:00:00,12835.0
2011-08-20 02:00:00,12320.0
2011-08-20 03:00:00,12037.0
2011-08-20 04:00:00,11990.0
2011-08-20 05:00:00,12251.0
2011-08-20 06:00:00,12694.0
2011-08-20 07:00:00,13725.0
2011-08-20 08:00:00,15120.0
2011-08-20 09:00:00,16335.0
2011-08-20 10:00:00,17249.0
2011-08-20 11:00:00,17927.0
2011-08-20 12:00:00,18429.0
2011-08-20 13:00:00,18702.0
2011-08-20 14:00:00,18876.0
2011-08-20 15:00:00,19024.0
2011-08-20 16:00:00,19134.0
2011-08-20 17:00:00,19074.0
2011-08-20 18:00:00,18590.0
2011-08-20 19:00:00,18125.0
2011-08-20 20:00:00,18175.0
2011-08-20 21:00:00,17273.0
2011-08-20 22:00:00,15955.0
2011-08-20 23:00:00,14548.0
2011-08-21 00:00:00,13376.0
2011-08-21 01:00:00,12560.0
2011-08-21 02:00:00,12021.0
2011-08-21 03:00:00,11680.0
2011-08-21 04:00:00,11554.0
2011-08-21 05:00:00,11603.0
2011-08-21 06:00:00,11782.0
2011-08-21 07:00:00,12672.0
2011-08-21 08:00:00,13924.0
2011-08-21 09:00:00,15202.0
2011-08-21 10:00:00,16463.0
2011-08-21 11:00:00,17507.0
2011-08-21 12:00:00,18225.0
2011-08-21 13:00:00,18560.0
2011-08-21 14:00:00,18588.0
2011-08-21 15:00:00,18378.0
2011-08-21 16:00:00,18319.0
2011-08-21 17:00:00,18396.0
2011-08-21 18:00:00,18120.0
2011-08-21 19:00:00,18154.0
2011-08-21 20:00:00,18206.0
2011-08-21 21:00:00,17344.0
2011-08-21 22:00:00,16023.0
2011-08-21 23:00:00,14678.0
2011-08-22 00:00:00,13656.0
2011-08-22 01:00:00,13015.0
2011-08-22 02:00:00,12631.0
2011-08-22 03:00:00,12442.0
2011-08-22 04:00:00,12592.0
2011-08-22 05:00:00,13313.0
2011-08-22 06:00:00,14382.0
2011-08-22 07:00:00,15688.0
2011-08-22 08:00:00,16628.0
2011-08-22 09:00:00,17377.0
2011-08-22 10:00:00,17969.0
2011-08-22 11:00:00,18296.0
2011-08-22 12:00:00,18403.0
2011-08-22 13:00:00,18532.0
2011-08-22 14:00:00,18522.0
2011-08-22 15:00:00,18419.0
2011-08-22 16:00:00,18319.0
2011-08-22 17:00:00,18085.0
2011-08-22 18:00:00,17493.0
2011-08-22 19:00:00,17125.0
2011-08-22 20:00:00,17187.0
2011-08-22 21:00:00,16070.0
2011-08-22 22:00:00,14518.0
2011-08-22 23:00:00,13032.0
2011-08-23 00:00:00,11897.0
2011-08-23 01:00:00,11240.0
2011-08-23 02:00:00,10841.0
2011-08-23 03:00:00,10673.0
2011-08-23 04:00:00,10872.0
2011-08-23 05:00:00,11546.0
2011-08-23 06:00:00,12689.0
2011-08-23 07:00:00,14173.0
2011-08-23 08:00:00,15256.0
2011-08-23 09:00:00,16055.0
2011-08-23 10:00:00,16711.0
2011-08-23 11:00:00,17117.0
2011-08-23 12:00:00,17296.0
2011-08-23 13:00:00,17510.0
2011-08-23 14:00:00,17547.0
2011-08-23 15:00:00,17531.0
2011-08-23 16:00:00,17512.0
2011-08-23 17:00:00,17358.0
2011-08-23 18:00:00,16885.0
2011-08-23 19:00:00,16662.0
2011-08-23 20:00:00,16798.0
2011-08-23 21:00:00,15778.0
2011-08-23 22:00:00,14288.0
2011-08-23 23:00:00,12865.0
2011-08-24 00:00:00,11786.0
2011-08-24 01:00:00,11162.0
2011-08-24 02:00:00,10802.0
2011-08-24 03:00:00,10668.0
2011-08-24 04:00:00,10856.0
2011-08-24 05:00:00,11643.0
2011-08-24 06:00:00,12851.0
2011-08-24 07:00:00,14427.0
2011-08-24 08:00:00,15649.0
2011-08-24 09:00:00,16521.0
2011-08-24 10:00:00,17215.0
2011-08-24 11:00:00,17689.0
2011-08-24 12:00:00,17940.0
2011-08-24 13:00:00,18188.0
2011-08-24 14:00:00,18212.0
2011-08-24 15:00:00,18166.0
2011-08-24 16:00:00,18110.0
2011-08-24 17:00:00,17809.0
2011-08-24 18:00:00,17224.0
2011-08-24 19:00:00,17069.0
2011-08-24 20:00:00,17274.0
2011-08-24 21:00:00,16327.0
2011-08-24 22:00:00,14855.0
2011-08-24 23:00:00,13434.0
2011-08-25 00:00:00,12434.0
2011-08-25 01:00:00,11850.0
2011-08-25 02:00:00,11551.0
2011-08-25 03:00:00,11466.0
2011-08-25 04:00:00,11725.0
2011-08-25 05:00:00,12621.0
2011-08-25 06:00:00,14049.0
2011-08-25 07:00:00,15710.0
2011-08-25 08:00:00,17062.0
2011-08-25 09:00:00,18131.0
2011-08-25 10:00:00,18981.0
2011-08-25 11:00:00,19592.0
2011-08-25 12:00:00,19901.0
2011-08-25 13:00:00,20029.0
2011-08-25 14:00:00,19896.0
2011-08-25 15:00:00,19787.0
2011-08-25 16:00:00,19695.0
2011-08-25 17:00:00,19534.0
2011-08-25 18:00:00,19294.0
2011-08-25 19:00:00,19294.0
2011-08-25 20:00:00,19317.0
2011-08-25 21:00:00,18310.0
2011-08-25 22:00:00,16695.0
2011-08-25 23:00:00,15106.0
2011-08-26 00:00:00,13868.0
2011-08-26 01:00:00,13034.0
2011-08-26 02:00:00,12505.0
2011-08-26 03:00:00,12258.0
2011-08-26 04:00:00,12370.0
2011-08-26 05:00:00,13113.0
2011-08-26 06:00:00,14329.0
2011-08-26 07:00:00,15920.0
2011-08-26 08:00:00,17293.0
2011-08-26 09:00:00,18385.0
2011-08-26 10:00:00,19238.0
2011-08-26 11:00:00,19865.0
2011-08-26 12:00:00,20334.0
2011-08-26 13:00:00,20800.0
2011-08-26 14:00:00,21029.0
2011-08-26 15:00:00,21066.0
2011-08-26 16:00:00,20984.0
2011-08-26 17:00:00,20617.0
2011-08-26 18:00:00,19915.0
2011-08-26 19:00:00,19469.0
2011-08-26 20:00:00,19464.0
2011-08-26 21:00:00,18397.0
2011-08-26 22:00:00,16860.0
2011-08-26 23:00:00,15177.0
2011-08-27 00:00:00,13835.0
2011-08-27 01:00:00,12980.0
2011-08-27 02:00:00,12395.0
2011-08-27 03:00:00,12030.0
2011-08-27 04:00:00,11946.0
2011-08-27 05:00:00,12174.0
2011-08-27 06:00:00,12658.0
2011-08-27 07:00:00,13715.0
2011-08-27 08:00:00,15038.0
2011-08-27 09:00:00,16146.0
2011-08-27 10:00:00,16976.0
2011-08-27 11:00:00,17578.0
2011-08-27 12:00:00,17898.0
2011-08-27 13:00:00,17943.0
2011-08-27 14:00:00,17828.0
2011-08-27 15:00:00,17728.0
2011-08-27 16:00:00,17770.0
2011-08-27 17:00:00,17857.0
2011-08-27 18:00:00,17915.0
2011-08-27 19:00:00,18175.0
2011-08-27 20:00:00,18045.0
2011-08-27 21:00:00,17155.0
2011-08-27 22:00:00,15902.0
2011-08-27 23:00:00,14520.0
2011-08-28 00:00:00,13218.0
2011-08-28 01:00:00,12491.0
2011-08-28 02:00:00,12024.0
2011-08-28 03:00:00,11718.0
2011-08-28 04:00:00,11609.0
2011-08-28 05:00:00,11668.0
2011-08-28 06:00:00,11845.0
2011-08-28 07:00:00,12225.0
2011-08-28 08:00:00,12807.0
2011-08-28 09:00:00,13153.0
2011-08-28 10:00:00,12927.0
2011-08-28 11:00:00,12542.0
2011-08-28 12:00:00,12150.0
2011-08-28 13:00:00,11674.0
2011-08-28 14:00:00,11366.0
2011-08-28 15:00:00,11223.0
2011-08-28 16:00:00,11240.0
2011-08-28 17:00:00,11398.0
2011-08-28 18:00:00,11442.0
2011-08-28 19:00:00,11641.0
2011-08-28 20:00:00,11538.0
2011-08-28 21:00:00,10898.0
2011-08-28 22:00:00,10096.0
2011-08-28 23:00:00,9312.0
2011-08-29 00:00:00,8772.0
2011-08-29 01:00:00,8413.0
2011-08-29 02:00:00,8223.0
2011-08-29 03:00:00,8182.0
2011-08-29 04:00:00,8375.0
2011-08-29 05:00:00,9004.0
2011-08-29 06:00:00,9935.0
2011-08-29 07:00:00,11222.0
2011-08-29 08:00:00,12262.0
2011-08-29 09:00:00,13052.0
2011-08-29 10:00:00,13732.0
2011-08-29 11:00:00,14236.0
2011-08-29 12:00:00,14601.0
2011-08-29 13:00:00,14946.0
2011-08-29 14:00:00,15127.0
2011-08-29 15:00:00,15182.0
2011-08-29 16:00:00,15211.0
2011-08-29 17:00:00,15072.0
2011-08-29 18:00:00,14745.0
2011-08-29 19:00:00,14781.0
2011-08-29 20:00:00,14815.0
2011-08-29 21:00:00,13884.0
2011-08-29 22:00:00,12550.0
2011-08-29 23:00:00,11280.0
2011-08-30 00:00:00,10403.0
2011-08-30 01:00:00,9887.0
2011-08-30 02:00:00,9592.0
2011-08-30 03:00:00,9474.0
2011-08-30 04:00:00,9639.0
2011-08-30 05:00:00,10366.0
2011-08-30 06:00:00,11543.0
2011-08-30 07:00:00,12782.0
2011-08-30 08:00:00,13732.0
2011-08-30 09:00:00,14577.0
2011-08-30 10:00:00,15332.0
2011-08-30 11:00:00,15784.0
2011-08-30 12:00:00,16070.0
2011-08-30 13:00:00,16384.0
2011-08-30 14:00:00,16557.0
2011-08-30 15:00:00,16654.0
2011-08-30 16:00:00,16693.0
2011-08-30 17:00:00,16541.0
2011-08-30 18:00:00,16068.0
2011-08-30 19:00:00,16046.0
2011-08-30 20:00:00,16060.0
2011-08-30 21:00:00,15019.0
2011-08-30 22:00:00,13554.0
2011-08-30 23:00:00,12149.0
2011-08-31 00:00:00,11125.0
2011-08-31 01:00:00,10547.0
2011-08-31 02:00:00,10223.0
2011-08-31 03:00:00,10097.0
2011-08-31 04:00:00,10268.0
2011-08-31 05:00:00,11024.0
2011-08-31 06:00:00,12325.0
2011-08-31 07:00:00,13695.0
2011-08-31 08:00:00,14752.0
2011-08-31 09:00:00,15668.0
2011-08-31 10:00:00,16483.0
2011-08-31 11:00:00,17052.0
2011-08-31 12:00:00,17462.0
2011-08-31 13:00:00,17864.0
2011-08-31 14:00:00,18025.0
2011-08-31 15:00:00,18018.0
2011-08-31 16:00:00,17920.0
2011-08-31 17:00:00,17641.0
2011-08-31 18:00:00,17200.0
2011-08-31 19:00:00,17325.0
2011-08-31 20:00:00,17266.0
2011-08-31 21:00:00,16161.0
2011-08-31 22:00:00,14569.0
2011-08-31 23:00:00,13032.0
2011-09-01 00:00:00,11983.0
2011-09-01 01:00:00,11337.0
2011-09-01 02:00:00,10964.0
2011-09-01 03:00:00,10803.0
2011-09-01 04:00:00,10994.0
2011-09-01 05:00:00,11810.0
2011-09-01 06:00:00,13249.0
2011-09-01 07:00:00,14500.0
2011-09-01 08:00:00,15430.0
2011-09-01 09:00:00,16244.0
2011-09-01 10:00:00,17002.0
2011-09-01 11:00:00,17497.0
2011-09-01 12:00:00,17739.0
2011-09-01 13:00:00,18024.0
2011-09-01 14:00:00,18028.0
2011-09-01 15:00:00,17778.0
2011-09-01 16:00:00,17473.0
2011-09-01 17:00:00,17104.0
2011-09-01 18:00:00,16610.0
2011-09-01 19:00:00,16713.0
2011-09-01 20:00:00,16657.0
2011-09-01 21:00:00,15626.0
2011-09-01 22:00:00,14120.0
2011-09-01 23:00:00,12662.0
2011-09-02 00:00:00,11602.0
2011-09-02 01:00:00,11010.0
2011-09-02 02:00:00,10654.0
2011-09-02 03:00:00,10505.0
2011-09-02 04:00:00,10670.0
2011-09-02 05:00:00,11426.0
2011-09-02 06:00:00,12697.0
2011-09-02 07:00:00,14028.0
2011-09-02 08:00:00,15013.0
2011-09-02 09:00:00,15734.0
2011-09-02 10:00:00,16347.0
2011-09-02 11:00:00,16738.0
2011-09-02 12:00:00,16936.0
2011-09-02 13:00:00,17137.0
2011-09-02 14:00:00,17186.0
2011-09-02 15:00:00,17104.0
2011-09-02 16:00:00,16977.0
2011-09-02 17:00:00,16664.0
2011-09-02 18:00:00,16079.0
2011-09-02 19:00:00,16054.0
2011-09-02 20:00:00,15935.0
2011-09-02 21:00:00,15025.0
2011-09-02 22:00:00,13735.0
2011-09-02 23:00:00,12441.0
2011-09-03 00:00:00,11430.0
2011-09-03 01:00:00,10789.0
2011-09-03 02:00:00,10431.0
2011-09-03 03:00:00,10232.0
2011-09-03 04:00:00,10232.0
2011-09-03 05:00:00,10491.0
2011-09-03 06:00:00,10908.0
2011-09-03 07:00:00,11830.0
2011-09-03 08:00:00,13097.0
2011-09-03 09:00:00,14087.0
2011-09-03 10:00:00,14829.0
2011-09-03 11:00:00,15380.0
2011-09-03 12:00:00,15854.0
2011-09-03 13:00:00,16260.0
2011-09-03 14:00:00,16618.0
2011-09-03 15:00:00,16909.0
2011-09-03 16:00:00,17189.0
2011-09-03 17:00:00,17265.0
2011-09-03 18:00:00,17056.0
2011-09-03 19:00:00,17263.0
2011-09-03 20:00:00,17236.0
2011-09-03 21:00:00,16392.0
2011-09-03 22:00:00,15208.0
2011-09-03 23:00:00,13889.0
2011-09-04 00:00:00,12838.0
2011-09-04 01:00:00,12116.0
2011-09-04 02:00:00,11639.0
2011-09-04 03:00:00,11339.0
2011-09-04 04:00:00,11221.0
2011-09-04 05:00:00,11352.0
2011-09-04 06:00:00,11586.0
2011-09-04 07:00:00,12339.0
2011-09-04 08:00:00,13516.0
2011-09-04 09:00:00,14700.0
2011-09-04 10:00:00,15732.0
2011-09-04 11:00:00,16615.0
2011-09-04 12:00:00,17267.0
2011-09-04 13:00:00,17634.0
2011-09-04 14:00:00,17841.0
2011-09-04 15:00:00,18038.0
2011-09-04 16:00:00,18138.0
2011-09-04 17:00:00,18018.0
2011-09-04 18:00:00,17695.0
2011-09-04 19:00:00,17844.0
2011-09-04 20:00:00,17547.0
2011-09-04 21:00:00,16631.0
2011-09-04 22:00:00,15457.0
2011-09-04 23:00:00,14184.0
2011-09-05 00:00:00,13143.0
2011-09-05 01:00:00,12429.0
2011-09-05 02:00:00,11967.0
2011-09-05 03:00:00,11677.0
2011-09-05 04:00:00,11667.0
2011-09-05 05:00:00,11907.0
2011-09-05 06:00:00,12234.0
2011-09-05 07:00:00,13042.0
2011-09-05 08:00:00,14404.0
2011-09-05 09:00:00,15828.0
2011-09-05 10:00:00,16994.0
2011-09-05 11:00:00,17876.0
2011-09-05 12:00:00,18465.0
2011-09-05 13:00:00,18704.0
2011-09-05 14:00:00,18719.0
2011-09-05 15:00:00,18625.0
2011-09-05 16:00:00,18586.0
2011-09-05 17:00:00,18577.0
2011-09-05 18:00:00,18409.0
2011-09-05 19:00:00,18746.0
2011-09-05 20:00:00,18528.0
2011-09-05 21:00:00,17315.0
2011-09-05 22:00:00,15660.0
2011-09-05 23:00:00,14142.0
2011-09-06 00:00:00,13036.0
2011-09-06 01:00:00,12388.0
2011-09-06 02:00:00,11923.0
2011-09-06 03:00:00,11579.0
2011-09-06 04:00:00,11601.0
2011-09-06 05:00:00,12359.0
2011-09-06 06:00:00,13962.0
2011-09-06 07:00:00,15063.0
2011-09-06 08:00:00,15639.0
2011-09-06 09:00:00,16113.0
2011-09-06 10:00:00,16454.0
2011-09-06 11:00:00,16614.0
2011-09-06 12:00:00,16584.0
2011-09-06 13:00:00,16577.0
2011-09-06 14:00:00,16434.0
2011-09-06 15:00:00,16222.0
2011-09-06 16:00:00,16219.0
2011-09-06 17:00:00,16325.0
2011-09-06 18:00:00,16365.0
2011-09-06 19:00:00,16591.0
2011-09-06 20:00:00,16108.0
2011-09-06 21:00:00,14952.0
2011-09-06 22:00:00,13451.0
2011-09-06 23:00:00,12079.0
2011-09-07 00:00:00,11165.0
2011-09-07 01:00:00,10671.0
2011-09-07 02:00:00,10413.0
2011-09-07 03:00:00,10334.0
2011-09-07 04:00:00,10570.0
2011-09-07 05:00:00,11522.0
2011-09-07 06:00:00,13364.0
2011-09-07 07:00:00,14665.0
2011-09-07 08:00:00,15253.0
2011-09-07 09:00:00,15679.0
2011-09-07 10:00:00,16005.0
2011-09-07 11:00:00,16114.0
2011-09-07 12:00:00,16090.0
2011-09-07 13:00:00,16069.0
2011-09-07 14:00:00,15933.0
2011-09-07 15:00:00,15831.0
2011-09-07 16:00:00,15919.0
2011-09-07 17:00:00,16080.0
2011-09-07 18:00:00,16099.0
2011-09-07 19:00:00,16291.0
2011-09-07 20:00:00,15836.0
2011-09-07 21:00:00,14735.0
2011-09-07 22:00:00,13266.0
2011-09-07 23:00:00,11914.0
2011-09-08 00:00:00,10987.0
2011-09-08 01:00:00,10495.0
2011-09-08 02:00:00,10229.0
2011-09-08 03:00:00,10153.0
2011-09-08 04:00:00,10390.0
2011-09-08 05:00:00,11362.0
2011-09-08 06:00:00,13242.0
2011-09-08 07:00:00,14524.0
2011-09-08 08:00:00,15148.0
2011-09-08 09:00:00,15605.0
2011-09-08 10:00:00,15955.0
2011-09-08 11:00:00,16167.0
2011-09-08 12:00:00,16269.0
2011-09-08 13:00:00,16440.0
2011-09-08 14:00:00,16416.0
2011-09-08 15:00:00,16361.0
2011-09-08 16:00:00,16372.0
2011-09-08 17:00:00,16319.0
2011-09-08 18:00:00,16246.0
2011-09-08 19:00:00,16562.0
2011-09-08 20:00:00,16299.0
2011-09-08 21:00:00,15184.0
2011-09-08 22:00:00,13690.0
2011-09-08 23:00:00,12322.0
2011-09-09 00:00:00,11334.0
2011-09-09 01:00:00,10795.0
2011-09-09 02:00:00,10503.0
2011-09-09 03:00:00,10388.0
2011-09-09 04:00:00,10621.0
2011-09-09 05:00:00,11577.0
2011-09-09 06:00:00,13336.0
2011-09-09 07:00:00,14623.0
2011-09-09 08:00:00,15360.0
2011-09-09 09:00:00,15999.0
2011-09-09 10:00:00,16535.0
2011-09-09 11:00:00,16873.0
2011-09-09 12:00:00,17080.0
2011-09-09 13:00:00,17318.0
2011-09-09 14:00:00,17478.0
2011-09-09 15:00:00,17582.0
2011-09-09 16:00:00,17609.0
2011-09-09 17:00:00,17329.0
2011-09-09 18:00:00,16777.0
2011-09-09 19:00:00,16859.0
2011-09-09 20:00:00,16514.0
2011-09-09 21:00:00,15488.0
2011-09-09 22:00:00,14123.0
2011-09-09 23:00:00,12732.0
2011-09-10 00:00:00,11657.0
2011-09-10 01:00:00,10986.0
2011-09-10 02:00:00,10570.0
2011-09-10 03:00:00,10322.0
2011-09-10 04:00:00,10294.0
2011-09-10 05:00:00,10586.0
2011-09-10 06:00:00,11056.0
2011-09-10 07:00:00,11986.0
2011-09-10 08:00:00,13244.0
2011-09-10 09:00:00,14169.0
2011-09-10 10:00:00,14746.0
2011-09-10 11:00:00,15043.0
2011-09-10 12:00:00,15192.0
2011-09-10 13:00:00,15218.0
2011-09-10 14:00:00,15221.0
2011-09-10 15:00:00,15213.0
2011-09-10 16:00:00,15214.0
2011-09-10 17:00:00,15138.0
2011-09-10 18:00:00,14883.0
2011-09-10 19:00:00,15146.0
2011-09-10 20:00:00,14913.0
2011-09-10 21:00:00,14088.0
2011-09-10 22:00:00,12993.0
2011-09-10 23:00:00,11861.0
2011-09-11 00:00:00,10915.0
2011-09-11 01:00:00,10289.0
2011-09-11 02:00:00,9915.0
2011-09-11 03:00:00,9706.0
2011-09-11 04:00:00,9645.0
2011-09-11 05:00:00,9796.0
2011-09-11 06:00:00,10016.0
2011-09-11 07:00:00,10731.0
2011-09-11 08:00:00,11848.0
2011-09-11 09:00:00,12729.0
2011-09-11 10:00:00,13318.0
2011-09-11 11:00:00,13725.0
2011-09-11 12:00:00,13962.0
2011-09-11 13:00:00,14010.0
2011-09-11 14:00:00,14011.0
2011-09-11 15:00:00,14070.0
2011-09-11 16:00:00,14252.0
2011-09-11 17:00:00,14500.0
2011-09-11 18:00:00,14602.0
2011-09-11 19:00:00,15233.0
2011-09-11 20:00:00,14956.0
2011-09-11 21:00:00,13934.0
2011-09-11 22:00:00,12689.0
2011-09-11 23:00:00,11489.0
2011-09-12 00:00:00,10666.0
2011-09-12 01:00:00,10213.0
2011-09-12 02:00:00,10006.0
2011-09-12 03:00:00,9997.0
2011-09-12 04:00:00,10339.0
2011-09-12 05:00:00,11393.0
2011-09-12 06:00:00,13226.0
2011-09-12 07:00:00,14545.0
2011-09-12 08:00:00,15379.0
2011-09-12 09:00:00,16135.0
2011-09-12 10:00:00,16842.0
2011-09-12 11:00:00,17320.0
2011-09-12 12:00:00,17649.0
2011-09-12 13:00:00,18020.0
2011-09-12 14:00:00,18224.0
2011-09-12 15:00:00,18314.0
2011-09-12 16:00:00,18375.0
2011-09-12 17:00:00,18276.0
2011-09-12 18:00:00,17949.0
2011-09-12 19:00:00,18310.0
2011-09-12 20:00:00,17811.0
2011-09-12 21:00:00,16496.0
2011-09-12 22:00:00,14800.0
2011-09-12 23:00:00,13200.0
2011-09-13 00:00:00,12092.0
2011-09-13 01:00:00,11479.0
2011-09-13 02:00:00,11111.0
2011-09-13 03:00:00,10959.0
2011-09-13 04:00:00,11157.0
2011-09-13 05:00:00,12142.0
2011-09-13 06:00:00,13901.0
2011-09-13 07:00:00,15137.0
2011-09-13 08:00:00,15940.0
2011-09-13 09:00:00,16756.0
2011-09-13 10:00:00,17578.0
2011-09-13 11:00:00,18200.0
2011-09-13 12:00:00,18598.0
2011-09-13 13:00:00,18951.0
2011-09-13 14:00:00,19127.0
2011-09-13 15:00:00,19185.0
2011-09-13 16:00:00,19196.0
2011-09-13 17:00:00,18930.0
2011-09-13 18:00:00,18439.0
2011-09-13 19:00:00,18847.0
2011-09-13 20:00:00,18444.0
2011-09-13 21:00:00,17109.0
2011-09-13 22:00:00,15340.0
2011-09-13 23:00:00,13773.0
2011-09-14 00:00:00,12675.0
2011-09-14 01:00:00,12067.0
2011-09-14 02:00:00,11682.0
2011-09-14 03:00:00,11512.0
2011-09-14 04:00:00,11712.0
2011-09-14 05:00:00,12711.0
2011-09-14 06:00:00,14527.0
2011-09-14 07:00:00,15836.0
2011-09-14 08:00:00,16720.0
2011-09-14 09:00:00,17577.0
2011-09-14 10:00:00,18380.0
2011-09-14 11:00:00,19027.0
2011-09-14 12:00:00,19469.0
2011-09-14 13:00:00,19749.0
2011-09-14 14:00:00,19863.0
2011-09-14 15:00:00,19941.0
2011-09-14 16:00:00,19940.0
2011-09-14 17:00:00,19698.0
2011-09-14 18:00:00,19327.0
2011-09-14 19:00:00,19739.0
2011-09-14 20:00:00,19191.0
2011-09-14 21:00:00,17789.0
2011-09-14 22:00:00,15927.0
2011-09-14 23:00:00,14218.0
2011-09-15 00:00:00,13062.0
2011-09-15 01:00:00,12357.0
2011-09-15 02:00:00,11930.0
2011-09-15 03:00:00,11772.0
2011-09-15 04:00:00,11979.0
2011-09-15 05:00:00,13011.0
2011-09-15 06:00:00,14930.0
2011-09-15 07:00:00,16200.0
2011-09-15 08:00:00,16875.0
2011-09-15 09:00:00,17450.0
2011-09-15 10:00:00,18033.0
2011-09-15 11:00:00,18420.0
2011-09-15 12:00:00,18481.0
2011-09-15 13:00:00,18380.0
2011-09-15 14:00:00,17950.0
2011-09-15 15:00:00,17519.0
2011-09-15 16:00:00,17270.0
2011-09-15 17:00:00,17031.0
2011-09-15 18:00:00,16763.0
2011-09-15 19:00:00,16774.0
2011-09-15 20:00:00,16041.0
2011-09-15 21:00:00,14709.0
2011-09-15 22:00:00,13043.0
2011-09-15 23:00:00,11626.0
2011-09-16 00:00:00,10664.0
2011-09-16 01:00:00,10121.0
2011-09-16 02:00:00,9829.0
2011-09-16 03:00:00,9734.0
2011-09-16 04:00:00,9954.0
2011-09-16 05:00:00,10857.0
2011-09-16 06:00:00,12500.0
2011-09-16 07:00:00,13624.0
2011-09-16 08:00:00,14158.0
2011-09-16 09:00:00,14482.0
2011-09-16 10:00:00,14744.0
2011-09-16 11:00:00,14809.0
2011-09-16 12:00:00,14807.0
2011-09-16 13:00:00,14827.0
2011-09-16 14:00:00,14687.0
2011-09-16 15:00:00,14575.0
2011-09-16 16:00:00,14518.0
2011-09-16 17:00:00,14384.0
2011-09-16 18:00:00,14277.0
2011-09-16 19:00:00,14815.0
2011-09-16 20:00:00,14452.0
2011-09-16 21:00:00,13610.0
2011-09-16 22:00:00,12450.0
2011-09-16 23:00:00,11243.0
2011-09-17 00:00:00,10342.0
2011-09-17 01:00:00,9816.0
2011-09-17 02:00:00,9528.0
2011-09-17 03:00:00,9380.0
2011-09-17 04:00:00,9431.0
2011-09-17 05:00:00,9753.0
2011-09-17 06:00:00,10357.0
2011-09-17 07:00:00,11246.0
2011-09-17 08:00:00,12274.0
2011-09-17 09:00:00,12959.0
2011-09-17 10:00:00,13270.0
2011-09-17 11:00:00,13315.0
2011-09-17 12:00:00,13234.0
2011-09-17 13:00:00,13068.0
2011-09-17 14:00:00,12900.0
2011-09-17 15:00:00,12801.0
2011-09-17 16:00:00,12891.0
2011-09-17 17:00:00,13108.0
2011-09-17 18:00:00,13391.0
2011-09-17 19:00:00,13945.0
2011-09-17 20:00:00,13623.0
2011-09-17 21:00:00,12915.0
2011-09-17 22:00:00,11897.0
2011-09-17 23:00:00,10899.0
2011-09-18 00:00:00,10096.0
2011-09-18 01:00:00,9612.0
2011-09-18 02:00:00,9294.0
2011-09-18 03:00:00,9159.0
2011-09-18 04:00:00,9150.0
2011-09-18 05:00:00,9365.0
2011-09-18 06:00:00,9725.0
2011-09-18 07:00:00,10413.0
2011-09-18 08:00:00,11481.0
2011-09-18 09:00:00,12285.0
2011-09-18 10:00:00,12718.0
2011-09-18 11:00:00,12944.0
2011-09-18 12:00:00,13018.0
2011-09-18 13:00:00,12962.0
2011-09-18 14:00:00,12902.0
2011-09-18 15:00:00,12953.0
2011-09-18 16:00:00,13185.0
2011-09-18 17:00:00,13490.0
2011-09-18 18:00:00,13770.0
2011-09-18 19:00:00,14474.0
2011-09-18 20:00:00,14119.0
2011-09-18 21:00:00,13065.0
2011-09-18 22:00:00,11756.0
2011-09-18 23:00:00,10643.0
2011-09-19 00:00:00,9867.0
2011-09-19 01:00:00,9478.0
2011-09-19 02:00:00,9286.0
2011-09-19 03:00:00,9267.0
2011-09-19 04:00:00,9584.0
2011-09-19 05:00:00,10621.0
2011-09-19 06:00:00,12460.0
2011-09-19 07:00:00,13599.0
2011-09-19 08:00:00,14122.0
2011-09-19 09:00:00,14556.0
2011-09-19 10:00:00,14937.0
2011-09-19 11:00:00,15099.0
2011-09-19 12:00:00,15102.0
2011-09-19 13:00:00,15164.0
2011-09-19 14:00:00,15079.0
2011-09-19 15:00:00,14991.0
2011-09-19 16:00:00,15020.0
2011-09-19 17:00:00,15093.0
2011-09-19 18:00:00,15258.0
2011-09-19 19:00:00,15848.0
2011-09-19 20:00:00,15256.0
2011-09-19 21:00:00,14031.0
2011-09-19 22:00:00,12552.0
2011-09-19 23:00:00,11240.0
2011-09-20 00:00:00,10366.0
2011-09-20 01:00:00,9892.0
2011-09-20 02:00:00,9657.0
2011-09-20 03:00:00,9604.0
2011-09-20 04:00:00,9876.0
2011-09-20 05:00:00,10893.0
2011-09-20 06:00:00,12778.0
2011-09-20 07:00:00,14036.0
2011-09-20 08:00:00,14620.0
2011-09-20 09:00:00,15014.0
2011-09-20 10:00:00,15343.0
2011-09-20 11:00:00,15517.0
2011-09-20 12:00:00,15535.0
2011-09-20 13:00:00,15564.0
2011-09-20 14:00:00,15475.0
2011-09-20 15:00:00,15405.0
2011-09-20 16:00:00,15487.0
2011-09-20 17:00:00,15611.0
2011-09-20 18:00:00,15856.0
2011-09-20 19:00:00,16270.0
2011-09-20 20:00:00,15654.0
2011-09-20 21:00:00,14470.0
2011-09-20 22:00:00,12919.0
2011-09-20 23:00:00,11550.0
2011-09-21 00:00:00,10671.0
2011-09-21 01:00:00,10179.0
2011-09-21 02:00:00,9912.0
2011-09-21 03:00:00,9796.0
2011-09-21 04:00:00,10061.0
2011-09-21 05:00:00,11078.0
2011-09-21 06:00:00,12932.0
2011-09-21 07:00:00,14125.0
2011-09-21 08:00:00,14715.0
2011-09-21 09:00:00,15233.0
2011-09-21 10:00:00,15723.0
2011-09-21 11:00:00,16055.0
2011-09-21 12:00:00,16218.0
2011-09-21 13:00:00,16418.0
2011-09-21 14:00:00,16423.0
2011-09-21 15:00:00,16349.0
2011-09-21 16:00:00,16304.0
2011-09-21 17:00:00,16201.0
2011-09-21 18:00:00,16262.0
2011-09-21 19:00:00,16873.0
2011-09-21 20:00:00,16327.0
2011-09-21 21:00:00,15177.0
2011-09-21 22:00:00,13644.0
2011-09-21 23:00:00,12263.0
2011-09-22 00:00:00,11356.0
2011-09-22 01:00:00,10849.0
2011-09-22 02:00:00,10568.0
2011-09-22 03:00:00,10479.0
2011-09-22 04:00:00,10753.0
2011-09-22 05:00:00,11834.0
2011-09-22 06:00:00,13857.0
2011-09-22 07:00:00,15231.0
2011-09-22 08:00:00,15909.0
2011-09-22 09:00:00,16430.0
2011-09-22 10:00:00,16849.0
2011-09-22 11:00:00,17088.0
2011-09-22 12:00:00,17187.0
2011-09-22 13:00:00,17336.0
2011-09-22 14:00:00,17370.0
2011-09-22 15:00:00,17366.0
2011-09-22 16:00:00,17430.0
2011-09-22 17:00:00,17410.0
2011-09-22 18:00:00,17532.0
2011-09-22 19:00:00,17947.0
2011-09-22 20:00:00,17378.0
2011-09-22 21:00:00,16198.0
2011-09-22 22:00:00,14612.0
2011-09-22 23:00:00,13157.0
2011-09-23 00:00:00,12105.0
2011-09-23 01:00:00,11499.0
2011-09-23 02:00:00,11152.0
2011-09-23 03:00:00,11009.0
2011-09-23 04:00:00,11251.0
2011-09-23 05:00:00,12267.0
2011-09-23 06:00:00,14238.0
2011-09-23 07:00:00,15560.0
2011-09-23 08:00:00,16277.0
2011-09-23 09:00:00,16806.0
2011-09-23 10:00:00,17241.0
2011-09-23 11:00:00,17410.0
2011-09-23 12:00:00,17384.0
2011-09-23 13:00:00,17367.0
2011-09-23 14:00:00,17188.0
2011-09-23 15:00:00,17010.0
2011-09-23 16:00:00,16954.0
2011-09-23 17:00:00,16928.0
2011-09-23 18:00:00,17007.0
2011-09-23 19:00:00,17082.0
2011-09-23 20:00:00,16532.0
2011-09-23 21:00:00,15625.0
2011-09-23 22:00:00,14393.0
2011-09-23 23:00:00,13137.0
2011-09-24 00:00:00,12138.0
2011-09-24 01:00:00,11528.0
2011-09-24 02:00:00,11157.0
2011-09-24 03:00:00,10991.0
2011-09-24 04:00:00,11033.0
2011-09-24 05:00:00,11379.0
2011-09-24 06:00:00,12068.0
2011-09-24 07:00:00,13022.0
2011-09-24 08:00:00,14348.0
2011-09-24 09:00:00,15384.0
2011-09-24 10:00:00,16018.0
2011-09-24 11:00:00,16355.0
2011-09-24 12:00:00,16536.0
2011-09-24 13:00:00,16540.0
2011-09-24 14:00:00,16491.0
2011-09-24 15:00:00,16513.0
2011-09-24 16:00:00,16600.0
2011-09-24 17:00:00,16661.0
2011-09-24 18:00:00,16896.0
2011-09-24 19:00:00,17185.0
2011-09-24 20:00:00,16668.0
2011-09-24 21:00:00,15792.0
2011-09-24 22:00:00,14630.0
2011-09-24 23:00:00,13422.0
2011-09-25 00:00:00,12392.0
2011-09-25 01:00:00,11720.0
2011-09-25 02:00:00,11302.0
2011-09-25 03:00:00,11046.0
2011-09-25 04:00:00,10964.0
2011-09-25 05:00:00,11121.0
2011-09-25 06:00:00,11528.0
2011-09-25 07:00:00,12173.0
2011-09-25 08:00:00,13297.0
2011-09-25 09:00:00,14334.0
2011-09-25 10:00:00,15189.0
2011-09-25 11:00:00,15915.0
2011-09-25 12:00:00,16443.0
2011-09-25 13:00:00,16683.0
2011-09-25 14:00:00,16759.0
2011-09-25 15:00:00,16742.0
2011-09-25 16:00:00,16807.0
2011-09-25 17:00:00,16996.0
2011-09-25 18:00:00,17366.0
2011-09-25 19:00:00,17889.0
2011-09-25 20:00:00,17246.0
2011-09-25 21:00:00,15992.0
2011-09-25 22:00:00,14502.0
2011-09-25 23:00:00,13145.0
2011-09-26 00:00:00,12114.0
2011-09-26 01:00:00,11498.0
2011-09-26 02:00:00,11154.0
2011-09-26 03:00:00,11015.0
2011-09-26 04:00:00,11273.0
2011-09-26 05:00:00,12286.0
2011-09-26 06:00:00,14226.0
2011-09-26 07:00:00,15441.0
2011-09-26 08:00:00,16248.0
2011-09-26 09:00:00,17021.0
2011-09-26 10:00:00,17769.0
2011-09-26 11:00:00,18307.0
2011-09-26 12:00:00,18627.0
2011-09-26 13:00:00,18974.0
2011-09-26 14:00:00,19191.0
2011-09-26 15:00:00,19289.0
2011-09-26 16:00:00,19287.0
2011-09-26 17:00:00,19063.0
2011-09-26 18:00:00,18886.0
2011-09-26 19:00:00,19247.0
2011-09-26 20:00:00,18406.0
2011-09-26 21:00:00,16907.0
2011-09-26 22:00:00,15084.0
2011-09-26 23:00:00,13447.0
2011-09-27 00:00:00,12306.0
2011-09-27 01:00:00,11647.0
2011-09-27 02:00:00,11252.0
2011-09-27 03:00:00,11100.0
2011-09-27 04:00:00,11300.0
2011-09-27 05:00:00,12295.0
2011-09-27 06:00:00,14215.0
2011-09-27 07:00:00,15386.0
2011-09-27 08:00:00,15986.0
2011-09-27 09:00:00,16506.0
2011-09-27 10:00:00,17050.0
2011-09-27 11:00:00,17492.0
2011-09-27 12:00:00,17821.0
2011-09-27 13:00:00,18152.0
2011-09-27 14:00:00,18308.0
2011-09-27 15:00:00,18339.0
2011-09-27 16:00:00,18227.0
2011-09-27 17:00:00,17909.0
2011-09-27 18:00:00,17995.0
2011-09-27 19:00:00,18291.0
2011-09-27 20:00:00,17515.0
2011-09-27 21:00:00,16228.0
2011-09-27 22:00:00,14557.0
2011-09-27 23:00:00,13043.0
2011-09-28 00:00:00,11980.0
2011-09-28 01:00:00,11383.0
2011-09-28 02:00:00,11036.0
2011-09-28 03:00:00,10881.0
2011-09-28 04:00:00,11089.0
2011-09-28 05:00:00,12067.0
2011-09-28 06:00:00,13970.0
2011-09-28 07:00:00,15098.0
2011-09-28 08:00:00,15681.0
2011-09-28 09:00:00,16210.0
2011-09-28 10:00:00,16686.0
2011-09-28 11:00:00,17021.0
2011-09-28 12:00:00,17174.0
2011-09-28 13:00:00,17301.0
2011-09-28 14:00:00,17235.0
2011-09-28 15:00:00,17081.0
2011-09-28 16:00:00,16949.0
2011-09-28 17:00:00,16841.0
2011-09-28 18:00:00,17056.0
2011-09-28 19:00:00,17313.0
2011-09-28 20:00:00,16614.0
2011-09-28 21:00:00,15404.0
2011-09-28 22:00:00,13886.0
2011-09-28 23:00:00,12528.0
2011-09-29 00:00:00,11545.0
2011-09-29 01:00:00,10978.0
2011-09-29 02:00:00,10676.0
2011-09-29 03:00:00,10590.0
2011-09-29 04:00:00,10838.0
2011-09-29 05:00:00,11834.0
2011-09-29 06:00:00,13792.0
2011-09-29 07:00:00,15106.0
2011-09-29 08:00:00,15826.0
2011-09-29 09:00:00,16361.0
2011-09-29 10:00:00,16778.0
2011-09-29 11:00:00,16948.0
2011-09-29 12:00:00,17015.0
2011-09-29 13:00:00,17134.0
2011-09-29 14:00:00,17031.0
2011-09-29 15:00:00,16967.0
2011-09-29 16:00:00,16974.0
2011-09-29 17:00:00,17111.0
2011-09-29 18:00:00,17260.0
2011-09-29 19:00:00,17155.0
2011-09-29 20:00:00,16383.0
2011-09-29 21:00:00,15191.0
2011-09-29 22:00:00,13647.0
2011-09-29 23:00:00,12206.0
2011-09-30 00:00:00,11169.0
2011-09-30 01:00:00,10570.0
2011-09-30 02:00:00,10228.0
2011-09-30 03:00:00,10089.0
2011-09-30 04:00:00,10267.0
2011-09-30 05:00:00,11170.0
2011-09-30 06:00:00,12932.0
2011-09-30 07:00:00,13988.0
2011-09-30 08:00:00,14685.0
2011-09-30 09:00:00,15269.0
2011-09-30 10:00:00,15745.0
2011-09-30 11:00:00,16013.0
2011-09-30 12:00:00,16155.0
2011-09-30 13:00:00,16303.0
2011-09-30 14:00:00,16291.0
2011-09-30 15:00:00,16198.0
2011-09-30 16:00:00,16053.0
2011-09-30 17:00:00,15834.0
2011-09-30 18:00:00,16064.0
2011-09-30 19:00:00,16284.0
2011-09-30 20:00:00,15723.0
2011-09-30 21:00:00,14793.0
2011-09-30 22:00:00,13603.0
2011-09-30 23:00:00,12356.0
2011-10-01 00:00:00,11366.0
2011-10-01 01:00:00,10750.0
2011-10-01 02:00:00,10374.0
2011-10-01 03:00:00,10174.0
2011-10-01 04:00:00,10183.0
2011-10-01 05:00:00,10488.0
2011-10-01 06:00:00,11183.0
2011-10-01 07:00:00,12096.0
2011-10-01 08:00:00,13205.0
2011-10-01 09:00:00,14058.0
2011-10-01 10:00:00,14555.0
2011-10-01 11:00:00,14734.0
2011-10-01 12:00:00,14715.0
2011-10-01 13:00:00,14579.0
2011-10-01 14:00:00,14410.0
2011-10-01 15:00:00,14307.0
2011-10-01 16:00:00,14362.0
2011-10-01 17:00:00,14569.0
2011-10-01 18:00:00,14957.0
2011-10-01 19:00:00,15038.0
2011-10-01 20:00:00,14462.0
2011-10-01 21:00:00,13629.0
2011-10-01 22:00:00,12536.0
2011-10-01 23:00:00,11432.0
2011-10-02 00:00:00,10523.0
2011-10-02 01:00:00,9974.0
2011-10-02 02:00:00,9664.0
2011-10-02 03:00:00,9484.0
2011-10-02 04:00:00,9496.0
2011-10-02 05:00:00,9705.0
2011-10-02 06:00:00,10175.0
2011-10-02 07:00:00,10849.0
2011-10-02 08:00:00,11890.0
2011-10-02 09:00:00,12822.0
2011-10-02 10:00:00,13358.0
2011-10-02 11:00:00,13651.0
2011-10-02 12:00:00,13782.0
2011-10-02 13:00:00,13710.0
2011-10-02 14:00:00,13622.0
2011-10-02 15:00:00,13656.0
2011-10-02 16:00:00,13875.0
2011-10-02 17:00:00,14254.0
2011-10-02 18:00:00,14824.0
2011-10-02 19:00:00,15059.0
2011-10-02 20:00:00,14482.0
2011-10-02 21:00:00,13417.0
2011-10-02 22:00:00,12158.0
2011-10-02 23:00:00,11032.0
2011-10-03 00:00:00,10242.0
2011-10-03 01:00:00,9787.0
2011-10-03 02:00:00,9565.0
2011-10-03 03:00:00,9543.0
2011-10-03 04:00:00,9828.0
2011-10-03 05:00:00,10855.0
2011-10-03 06:00:00,12813.0
2011-10-03 07:00:00,13998.0
2011-10-03 08:00:00,14508.0
2011-10-03 09:00:00,14864.0
2011-10-03 10:00:00,15171.0
2011-10-03 11:00:00,15294.0
2011-10-03 12:00:00,15261.0
2011-10-03 13:00:00,15295.0
2011-10-03 14:00:00,15162.0
2011-10-03 15:00:00,15037.0
2011-10-03 16:00:00,15068.0
2011-10-03 17:00:00,15322.0
2011-10-03 18:00:00,15973.0
2011-10-03 19:00:00,16154.0
2011-10-03 20:00:00,15400.0
2011-10-03 21:00:00,14216.0
2011-10-03 22:00:00,12776.0
2011-10-03 23:00:00,11458.0
2011-10-04 00:00:00,10583.0
2011-10-04 01:00:00,10086.0
2011-10-04 02:00:00,9815.0
2011-10-04 03:00:00,9753.0
2011-10-04 04:00:00,10006.0
2011-10-04 05:00:00,10977.0
2011-10-04 06:00:00,12911.0
2011-10-04 07:00:00,14145.0
2011-10-04 08:00:00,14594.0
2011-10-04 09:00:00,14920.0
2011-10-04 10:00:00,15217.0
2011-10-04 11:00:00,15356.0
2011-10-04 12:00:00,15334.0
2011-10-04 13:00:00,15347.0
2011-10-04 14:00:00,15218.0
2011-10-04 15:00:00,15127.0
2011-10-04 16:00:00,15268.0
2011-10-04 17:00:00,15589.0
2011-10-04 18:00:00,16095.0
2011-10-04 19:00:00,16164.0
2011-10-04 20:00:00,15450.0
2011-10-04 21:00:00,14310.0
2011-10-04 22:00:00,12813.0
2011-10-04 23:00:00,11475.0
2011-10-05 00:00:00,10555.0
2011-10-05 01:00:00,10053.0
2011-10-05 02:00:00,9810.0
2011-10-05 03:00:00,9730.0
2011-10-05 04:00:00,9970.0
2011-10-05 05:00:00,10948.0
2011-10-05 06:00:00,12904.0
2011-10-05 07:00:00,14005.0
2011-10-05 08:00:00,14455.0
2011-10-05 09:00:00,14753.0
2011-10-05 10:00:00,15032.0
2011-10-05 11:00:00,15168.0
2011-10-05 12:00:00,15133.0
2011-10-05 13:00:00,15063.0
2011-10-05 14:00:00,14920.0
2011-10-05 15:00:00,14794.0
2011-10-05 16:00:00,14843.0
2011-10-05 17:00:00,14969.0
2011-10-05 18:00:00,15556.0
2011-10-05 19:00:00,15901.0
2011-10-05 20:00:00,15232.0
2011-10-05 21:00:00,14089.0
2011-10-05 22:00:00,12590.0
2011-10-05 23:00:00,11267.0
2011-10-06 00:00:00,10385.0
2011-10-06 01:00:00,9903.0
2011-10-06 02:00:00,9671.0
2011-10-06 03:00:00,9643.0
2011-10-06 04:00:00,9934.0
2011-10-06 05:00:00,10984.0
2011-10-06 06:00:00,13009.0
2011-10-06 07:00:00,14098.0
2011-10-06 08:00:00,14434.0
2011-10-06 09:00:00,14621.0
2011-10-06 10:00:00,14764.0
2011-10-06 11:00:00,14804.0
2011-10-06 12:00:00,14761.0
2011-10-06 13:00:00,14778.0
2011-10-06 14:00:00,14668.0
2011-10-06 15:00:00,14570.0
2011-10-06 16:00:00,14628.0
2011-10-06 17:00:00,14778.0
2011-10-06 18:00:00,15507.0
2011-10-06 19:00:00,15892.0
2011-10-06 20:00:00,15327.0
2011-10-06 21:00:00,14252.0
2011-10-06 22:00:00,12804.0
2011-10-06 23:00:00,11500.0
2011-10-07 00:00:00,10574.0
2011-10-07 01:00:00,10084.0
2011-10-07 02:00:00,9818.0
2011-10-07 03:00:00,9772.0
2011-10-07 04:00:00,10066.0
2011-10-07 05:00:00,11074.0
2011-10-07 06:00:00,12972.0
2011-10-07 07:00:00,14072.0
2011-10-07 08:00:00,14499.0
2011-10-07 09:00:00,14715.0
2011-10-07 10:00:00,14844.0
2011-10-07 11:00:00,14828.0
2011-10-07 12:00:00,14705.0
2011-10-07 13:00:00,14669.0
2011-10-07 14:00:00,14527.0
2011-10-07 15:00:00,14338.0
2011-10-07 16:00:00,14309.0
2011-10-07 17:00:00,14366.0
2011-10-07 18:00:00,14933.0
2011-10-07 19:00:00,15132.0
2011-10-07 20:00:00,14598.0
2011-10-07 21:00:00,13734.0
2011-10-07 22:00:00,12540.0
2011-10-07 23:00:00,11384.0
2011-10-08 00:00:00,10486.0
2011-10-08 01:00:00,9945.0
2011-10-08 02:00:00,9639.0
2011-10-08 03:00:00,9521.0
2011-10-08 04:00:00,9582.0
2011-10-08 05:00:00,9954.0
2011-10-08 06:00:00,10647.0
2011-10-08 07:00:00,11442.0
2011-10-08 08:00:00,12472.0
2011-10-08 09:00:00,13134.0
2011-10-08 10:00:00,13434.0
2011-10-08 11:00:00,13541.0
2011-10-08 12:00:00,13528.0
2011-10-08 13:00:00,13463.0
2011-10-08 14:00:00,13407.0
2011-10-08 15:00:00,13437.0
2011-10-08 16:00:00,13584.0
2011-10-08 17:00:00,13796.0
2011-10-08 18:00:00,14411.0
2011-10-08 19:00:00,14575.0
2011-10-08 20:00:00,14113.0
2011-10-08 21:00:00,13351.0
2011-10-08 22:00:00,12303.0
2011-10-08 23:00:00,11258.0
2011-10-09 00:00:00,10404.0
2011-10-09 01:00:00,9861.0
2011-10-09 02:00:00,9536.0
2011-10-09 03:00:00,9369.0
2011-10-09 04:00:00,9360.0
2011-10-09 05:00:00,9566.0
2011-10-09 06:00:00,10022.0
2011-10-09 07:00:00,10631.0
2011-10-09 08:00:00,11711.0
2011-10-09 09:00:00,12602.0
2011-10-09 10:00:00,13112.0
2011-10-09 11:00:00,13487.0
2011-10-09 12:00:00,13717.0
2011-10-09 13:00:00,13835.0
2011-10-09 14:00:00,13949.0
2011-10-09 15:00:00,14123.0
2011-10-09 16:00:00,14385.0
2011-10-09 17:00:00,14576.0
2011-10-09 18:00:00,15101.0
2011-10-09 19:00:00,15238.0
2011-10-09 20:00:00,14624.0
2011-10-09 21:00:00,13679.0
2011-10-09 22:00:00,12545.0
2011-10-09 23:00:00,11439.0
2011-10-10 00:00:00,10598.0
2011-10-10 01:00:00,10081.0
2011-10-10 02:00:00,9790.0
2011-10-10 03:00:00,9689.0
2011-10-10 04:00:00,9871.0
2011-10-10 05:00:00,10514.0
2011-10-10 06:00:00,11634.0
2011-10-10 07:00:00,12584.0
2011-10-10 08:00:00,13653.0
2011-10-10 09:00:00,14591.0
2011-10-10 10:00:00,15283.0
2011-10-10 11:00:00,15684.0
2011-10-10 12:00:00,15920.0
2011-10-10 13:00:00,16110.0
2011-10-10 14:00:00,16212.0
2011-10-10 15:00:00,16234.0
2011-10-10 16:00:00,16333.0
2011-10-10 17:00:00,16395.0
2011-10-10 18:00:00,16893.0
2011-10-10 19:00:00,16921.0
2011-10-10 20:00:00,16127.0
2011-10-10 21:00:00,14844.0
2011-10-10 22:00:00,13271.0
2011-10-10 23:00:00,11873.0
2011-10-11 00:00:00,10878.0
2011-10-11 01:00:00,10321.0
2011-10-11 02:00:00,9989.0
2011-10-11 03:00:00,9865.0
2011-10-11 04:00:00,10097.0
2011-10-11 05:00:00,11056.0
2011-10-11 06:00:00,12965.0
2011-10-11 07:00:00,14057.0
2011-10-11 08:00:00,14499.0
2011-10-11 09:00:00,14861.0
2011-10-11 10:00:00,15187.0
2011-10-11 11:00:00,15398.0
2011-10-11 12:00:00,15473.0
2011-10-11 13:00:00,15577.0
2011-10-11 14:00:00,15496.0
2011-10-11 15:00:00,15357.0
2011-10-11 16:00:00,15299.0
2011-10-11 17:00:00,15384.0
2011-10-11 18:00:00,16134.0
2011-10-11 19:00:00,16152.0
2011-10-11 20:00:00,15386.0
2011-10-11 21:00:00,14198.0
2011-10-11 22:00:00,12698.0
2011-10-11 23:00:00,11372.0
2011-10-12 00:00:00,10490.0
2011-10-12 01:00:00,9999.0
2011-10-12 02:00:00,9742.0
2011-10-12 03:00:00,9695.0
2011-10-12 04:00:00,9946.0
2011-10-12 05:00:00,10930.0
2011-10-12 06:00:00,12918.0
2011-10-12 07:00:00,13999.0
2011-10-12 08:00:00,14370.0
2011-10-12 09:00:00,14652.0
2011-10-12 10:00:00,14881.0
2011-10-12 11:00:00,14933.0
2011-10-12 12:00:00,14892.0
2011-10-12 13:00:00,14923.0
2011-10-12 14:00:00,14793.0
2011-10-12 15:00:00,14718.0
2011-10-12 16:00:00,14885.0
2011-10-12 17:00:00,15364.0
2011-10-12 18:00:00,16117.0
2011-10-12 19:00:00,16000.0
2011-10-12 20:00:00,15297.0
2011-10-12 21:00:00,14147.0
2011-10-12 22:00:00,12667.0
2011-10-12 23:00:00,11344.0
2011-10-13 00:00:00,10472.0
2011-10-13 01:00:00,10022.0
2011-10-13 02:00:00,9777.0
2011-10-13 03:00:00,9742.0
2011-10-13 04:00:00,10014.0
2011-10-13 05:00:00,11008.0
2011-10-13 06:00:00,13058.0
2011-10-13 07:00:00,14444.0
2011-10-13 08:00:00,14883.0
2011-10-13 09:00:00,15203.0
2011-10-13 10:00:00,15515.0
2011-10-13 11:00:00,15605.0
2011-10-13 12:00:00,15557.0
2011-10-13 13:00:00,15560.0
2011-10-13 14:00:00,15415.0
2011-10-13 15:00:00,15303.0
2011-10-13 16:00:00,15375.0
2011-10-13 17:00:00,15726.0
2011-10-13 18:00:00,16331.0
2011-10-13 19:00:00,16204.0
2011-10-13 20:00:00,15512.0
2011-10-13 21:00:00,14421.0
2011-10-13 22:00:00,12957.0
2011-10-13 23:00:00,11641.0
2011-10-14 00:00:00,10712.0
2011-10-14 01:00:00,10209.0
2011-10-14 02:00:00,9928.0
2011-10-14 03:00:00,9872.0
2011-10-14 04:00:00,10128.0
2011-10-14 05:00:00,11099.0
2011-10-14 06:00:00,13105.0
2011-10-14 07:00:00,14465.0
2011-10-14 08:00:00,14988.0
2011-10-14 09:00:00,15405.0
2011-10-14 10:00:00,15769.0
2011-10-14 11:00:00,15952.0
2011-10-14 12:00:00,15977.0
2011-10-14 13:00:00,15990.0
2011-10-14 14:00:00,15883.0
2011-10-14 15:00:00,15768.0
2011-10-14 16:00:00,15779.0
2011-10-14 17:00:00,15892.0
2011-10-14 18:00:00,16248.0
2011-10-14 19:00:00,15950.0
2011-10-14 20:00:00,15237.0
2011-10-14 21:00:00,14291.0
2011-10-14 22:00:00,13045.0
2011-10-14 23:00:00,11777.0
2011-10-15 00:00:00,10776.0
2011-10-15 01:00:00,10144.0
2011-10-15 02:00:00,9761.0
2011-10-15 03:00:00,9569.0
2011-10-15 04:00:00,9580.0
2011-10-15 05:00:00,9908.0
2011-10-15 06:00:00,10606.0
2011-10-15 07:00:00,11380.0
2011-10-15 08:00:00,12406.0
2011-10-15 09:00:00,13109.0
2011-10-15 10:00:00,13449.0
2011-10-15 11:00:00,13481.0
2011-10-15 12:00:00,13348.0
2011-10-15 13:00:00,13160.0
2011-10-15 14:00:00,12951.0
2011-10-15 15:00:00,12867.0
2011-10-15 16:00:00,13062.0
2011-10-15 17:00:00,13446.0
2011-10-15 18:00:00,14231.0
2011-10-15 19:00:00,14154.0
2011-10-15 20:00:00,13666.0
2011-10-15 21:00:00,12983.0
2011-10-15 22:00:00,12019.0
2011-10-15 23:00:00,11035.0
2011-10-16 00:00:00,10222.0
2011-10-16 01:00:00,9685.0
2011-10-16 02:00:00,9366.0
2011-10-16 03:00:00,9224.0
2011-10-16 04:00:00,9231.0
2011-10-16 05:00:00,9432.0
2011-10-16 06:00:00,9911.0
2011-10-16 07:00:00,10501.0
2011-10-16 08:00:00,11488.0
2011-10-16 09:00:00,12273.0
2011-10-16 10:00:00,12667.0
2011-10-16 11:00:00,12894.0
2011-10-16 12:00:00,12960.0
2011-10-16 13:00:00,12870.0
2011-10-16 14:00:00,12787.0
2011-10-16 15:00:00,12831.0
2011-10-16 16:00:00,13136.0
2011-10-16 17:00:00,13641.0
2011-10-16 18:00:00,14595.0
2011-10-16 19:00:00,14624.0
2011-10-16 20:00:00,14104.0
2011-10-16 21:00:00,13056.0
2011-10-16 22:00:00,11873.0
2011-10-16 23:00:00,10771.0
2011-10-17 00:00:00,10012.0
2011-10-17 01:00:00,9595.0
2011-10-17 02:00:00,9409.0
2011-10-17 03:00:00,9392.0
2011-10-17 04:00:00,9697.0
2011-10-17 05:00:00,10712.0
2011-10-17 06:00:00,12731.0
2011-10-17 07:00:00,13868.0
2011-10-17 08:00:00,14216.0
2011-10-17 09:00:00,14486.0
2011-10-17 10:00:00,14766.0
2011-10-17 11:00:00,14865.0
2011-10-17 12:00:00,14843.0
2011-10-17 13:00:00,14857.0
2011-10-17 14:00:00,14744.0
2011-10-17 15:00:00,14632.0
2011-10-17 16:00:00,14725.0
2011-10-17 17:00:00,15072.0
2011-10-17 18:00:00,15971.0
2011-10-17 19:00:00,15890.0
2011-10-17 20:00:00,15165.0
2011-10-17 21:00:00,13997.0
2011-10-17 22:00:00,12531.0
2011-10-17 23:00:00,11207.0
2011-10-18 00:00:00,10338.0
2011-10-18 01:00:00,9882.0
2011-10-18 02:00:00,9621.0
2011-10-18 03:00:00,9574.0
2011-10-18 04:00:00,9841.0
2011-10-18 05:00:00,10857.0
2011-10-18 06:00:00,12892.0
2011-10-18 07:00:00,14071.0
2011-10-18 08:00:00,14383.0
2011-10-18 09:00:00,14650.0
2011-10-18 10:00:00,14840.0
2011-10-18 11:00:00,14906.0
2011-10-18 12:00:00,14890.0
2011-10-18 13:00:00,14914.0
2011-10-18 14:00:00,14765.0
2011-10-18 15:00:00,14653.0
2011-10-18 16:00:00,14729.0
2011-10-18 17:00:00,15059.0
2011-10-18 18:00:00,15978.0
2011-10-18 19:00:00,15895.0
2011-10-18 20:00:00,15161.0
2011-10-18 21:00:00,14024.0
2011-10-18 22:00:00,12535.0
2011-10-18 23:00:00,11245.0
2011-10-19 00:00:00,10363.0
2011-10-19 01:00:00,9887.0
2011-10-19 02:00:00,9655.0
2011-10-19 03:00:00,9601.0
2011-10-19 04:00:00,9897.0
2011-10-19 05:00:00,10911.0
2011-10-19 06:00:00,12964.0
2011-10-19 07:00:00,14354.0
2011-10-19 08:00:00,14762.0
2011-10-19 09:00:00,15069.0
2011-10-19 10:00:00,15333.0
2011-10-19 11:00:00,15430.0
2011-10-19 12:00:00,15392.0
2011-10-19 13:00:00,15385.0
2011-10-19 14:00:00,15259.0
2011-10-19 15:00:00,15228.0
2011-10-19 16:00:00,15501.0
2011-10-19 17:00:00,16015.0
2011-10-19 18:00:00,16485.0
2011-10-19 19:00:00,16185.0
2011-10-19 20:00:00,15421.0
2011-10-19 21:00:00,14257.0
2011-10-19 22:00:00,12779.0
2011-10-19 23:00:00,11470.0
2011-10-20 00:00:00,10584.0
2011-10-20 01:00:00,10107.0
2011-10-20 02:00:00,9864.0
2011-10-20 03:00:00,9810.0
2011-10-20 04:00:00,10077.0
2011-10-20 05:00:00,11091.0
2011-10-20 06:00:00,13154.0
2011-10-20 07:00:00,14490.0
2011-10-20 08:00:00,14866.0
2011-10-20 09:00:00,15198.0
2011-10-20 10:00:00,15456.0
2011-10-20 11:00:00,15532.0
2011-10-20 12:00:00,15466.0
2011-10-20 13:00:00,15405.0
2011-10-20 14:00:00,15143.0
2011-10-20 15:00:00,14928.0
2011-10-20 16:00:00,14888.0
2011-10-20 17:00:00,15126.0
2011-10-20 18:00:00,16021.0
2011-10-20 19:00:00,15926.0
2011-10-20 20:00:00,15281.0
2011-10-20 21:00:00,14191.0
2011-10-20 22:00:00,12725.0
2011-10-20 23:00:00,11410.0
2011-10-21 00:00:00,10487.0
2011-10-21 01:00:00,9980.0
2011-10-21 02:00:00,9706.0
2011-10-21 03:00:00,9627.0
2011-10-21 04:00:00,9877.0
2011-10-21 05:00:00,10838.0
2011-10-21 06:00:00,12808.0
2011-10-21 07:00:00,13956.0
2011-10-21 08:00:00,14315.0
2011-10-21 09:00:00,14579.0
2011-10-21 10:00:00,14755.0
2011-10-21 11:00:00,14789.0
2011-10-21 12:00:00,14721.0
2011-10-21 13:00:00,14688.0
2011-10-21 14:00:00,14495.0
2011-10-21 15:00:00,14318.0
2011-10-21 16:00:00,14336.0
2011-10-21 17:00:00,14639.0
2011-10-21 18:00:00,15330.0
2011-10-21 19:00:00,15092.0
2011-10-21 20:00:00,14490.0
2011-10-21 21:00:00,13666.0
2011-10-21 22:00:00,12521.0
2011-10-21 23:00:00,11376.0
2011-10-22 00:00:00,10454.0
2011-10-22 01:00:00,9928.0
2011-10-22 02:00:00,9637.0
2011-10-22 03:00:00,9502.0
2011-10-22 04:00:00,9571.0
2011-10-22 05:00:00,9943.0
2011-10-22 06:00:00,10689.0
2011-10-22 07:00:00,11528.0
2011-10-22 08:00:00,12532.0
2011-10-22 09:00:00,13199.0
2011-10-22 10:00:00,13469.0
2011-10-22 11:00:00,13475.0
2011-10-22 12:00:00,13352.0
2011-10-22 13:00:00,13146.0
2011-10-22 14:00:00,12985.0
2011-10-22 15:00:00,12921.0
2011-10-22 16:00:00,13093.0
2011-10-22 17:00:00,13563.0
2011-10-22 18:00:00,14384.0
2011-10-22 19:00:00,14186.0
2011-10-22 20:00:00,13705.0
2011-10-22 21:00:00,13040.0
2011-10-22 22:00:00,12103.0
2011-10-22 23:00:00,11116.0
2011-10-23 00:00:00,10304.0
2011-10-23 01:00:00,9813.0
2011-10-23 02:00:00,9512.0
2011-10-23 03:00:00,9383.0
2011-10-23 04:00:00,9411.0
2011-10-23 05:00:00,9648.0
2011-10-23 06:00:00,10194.0
2011-10-23 07:00:00,10842.0
2011-10-23 08:00:00,11811.0
2011-10-23 09:00:00,12582.0
2011-10-23 10:00:00,12937.0
2011-10-23 11:00:00,13126.0
2011-10-23 12:00:00,13176.0
2011-10-23 13:00:00,13094.0
2011-10-23 14:00:00,12997.0
2011-10-23 15:00:00,13004.0
2011-10-23 16:00:00,13332.0
2011-10-23 17:00:00,14076.0
2011-10-23 18:00:00,15091.0
2011-10-23 19:00:00,14941.0
2011-10-23 20:00:00,14372.0
2011-10-23 21:00:00,13334.0
2011-10-23 22:00:00,12119.0
2011-10-23 23:00:00,11001.0
2011-10-24 00:00:00,10233.0
2011-10-24 01:00:00,9848.0
2011-10-24 02:00:00,9672.0
2011-10-24 03:00:00,9715.0
2011-10-24 04:00:00,10084.0
2011-10-24 05:00:00,11240.0
2011-10-24 06:00:00,13432.0
2011-10-24 07:00:00,14629.0
2011-10-24 08:00:00,14907.0
2011-10-24 09:00:00,15048.0
2011-10-24 10:00:00,15195.0
2011-10-24 11:00:00,15200.0
2011-10-24 12:00:00,15067.0
2011-10-24 13:00:00,15003.0
2011-10-24 14:00:00,14820.0
2011-10-24 15:00:00,14695.0
2011-10-24 16:00:00,14861.0
2011-10-24 17:00:00,15519.0
2011-10-24 18:00:00,16520.0
2011-10-24 19:00:00,16271.0
2011-10-24 20:00:00,15524.0
2011-10-24 21:00:00,14374.0
2011-10-24 22:00:00,12857.0
2011-10-24 23:00:00,11550.0
2011-10-25 00:00:00,10640.0
2011-10-25 01:00:00,10153.0
2011-10-25 02:00:00,9901.0
2011-10-25 03:00:00,9844.0
2011-10-25 04:00:00,10130.0
2011-10-25 05:00:00,11226.0
2011-10-25 06:00:00,13343.0
2011-10-25 07:00:00,14497.0
2011-10-25 08:00:00,14689.0
2011-10-25 09:00:00,14826.0
2011-10-25 10:00:00,14953.0
2011-10-25 11:00:00,14958.0
2011-10-25 12:00:00,14881.0
2011-10-25 13:00:00,14836.0
2011-10-25 14:00:00,14660.0
2011-10-25 15:00:00,14542.0
2011-10-25 16:00:00,14656.0
2011-10-25 17:00:00,15162.0
2011-10-25 18:00:00,16235.0
2011-10-25 19:00:00,16068.0
2011-10-25 20:00:00,15389.0
2011-10-25 21:00:00,14294.0
2011-10-25 22:00:00,12827.0
2011-10-25 23:00:00,11492.0
2011-10-26 00:00:00,10624.0
2011-10-26 01:00:00,10187.0
2011-10-26 02:00:00,9980.0
2011-10-26 03:00:00,9953.0
2011-10-26 04:00:00,10233.0
2011-10-26 05:00:00,11314.0
2011-10-26 06:00:00,13454.0
2011-10-26 07:00:00,14754.0
2011-10-26 08:00:00,14994.0
2011-10-26 09:00:00,15167.0
2011-10-26 10:00:00,15317.0
2011-10-26 11:00:00,15369.0
2011-10-26 12:00:00,15260.0
2011-10-26 13:00:00,15201.0
2011-10-26 14:00:00,15088.0
2011-10-26 15:00:00,15018.0
2011-10-26 16:00:00,15247.0
2011-10-26 17:00:00,15908.0
2011-10-26 18:00:00,16560.0
2011-10-26 19:00:00,16244.0
2011-10-26 20:00:00,15602.0
2011-10-26 21:00:00,14474.0
2011-10-26 22:00:00,12980.0
2011-10-26 23:00:00,11625.0
2011-10-27 00:00:00,10757.0
2011-10-27 01:00:00,10281.0
2011-10-27 02:00:00,10037.0
2011-10-27 03:00:00,10011.0
2011-10-27 04:00:00,10291.0
2011-10-27 05:00:00,11360.0
2011-10-27 06:00:00,13460.0
2011-10-27 07:00:00,14903.0
2011-10-27 08:00:00,15211.0
2011-10-27 09:00:00,15472.0
2011-10-27 10:00:00,15716.0
2011-10-27 11:00:00,15779.0
2011-10-27 12:00:00,15740.0
2011-10-27 13:00:00,15758.0
2011-10-27 14:00:00,15671.0
2011-10-27 15:00:00,15702.0
2011-10-27 16:00:00,16020.0
2011-10-27 17:00:00,16661.0
2011-10-27 18:00:00,16995.0
2011-10-27 19:00:00,16716.0
2011-10-27 20:00:00,16144.0
2011-10-27 21:00:00,15074.0
2011-10-27 22:00:00,13597.0
2011-10-27 23:00:00,12276.0
2011-10-28 00:00:00,11377.0
2011-10-28 01:00:00,10831.0
2011-10-28 02:00:00,10588.0
2011-10-28 03:00:00,10554.0
2011-10-28 04:00:00,10867.0
2011-10-28 05:00:00,11955.0
2011-10-28 06:00:00,14032.0
2011-10-28 07:00:00,15138.0
2011-10-28 08:00:00,15375.0
2011-10-28 09:00:00,15422.0
2011-10-28 10:00:00,15440.0
2011-10-28 11:00:00,15313.0
2011-10-28 12:00:00,15067.0
2011-10-28 13:00:00,14891.0
2011-10-28 14:00:00,14662.0
2011-10-28 15:00:00,14498.0
2011-10-28 16:00:00,14627.0
2011-10-28 17:00:00,15277.0
2011-10-28 18:00:00,16158.0
2011-10-28 19:00:00,15877.0
2011-10-28 20:00:00,15348.0
2011-10-28 21:00:00,14557.0
2011-10-28 22:00:00,13444.0
2011-10-28 23:00:00,12262.0
2011-10-29 00:00:00,11319.0
2011-10-29 01:00:00,10766.0
2011-10-29 02:00:00,10481.0
2011-10-29 03:00:00,10366.0
2011-10-29 04:00:00,10460.0
2011-10-29 05:00:00,10874.0
2011-10-29 06:00:00,11676.0
2011-10-29 07:00:00,12580.0
2011-10-29 08:00:00,13553.0
2011-10-29 09:00:00,14260.0
2011-10-29 10:00:00,14581.0
2011-10-29 11:00:00,14706.0
2011-10-29 12:00:00,14780.0
2011-10-29 13:00:00,14852.0
2011-10-29 14:00:00,14930.0
2011-10-29 15:00:00,14942.0
2011-10-29 16:00:00,15028.0
2011-10-29 17:00:00,15293.0
2011-10-29 18:00:00,15253.0
2011-10-29 19:00:00,14440.0
2011-10-29 20:00:00,13506.0
2011-10-29 21:00:00,12478.0
2011-10-29 22:00:00,11252.0
2011-10-29 23:00:00,10044.0
2011-10-30 00:00:00,9155.0
2011-10-30 01:00:00,8600.0
2011-10-30 02:00:00,8273.0
2011-10-30 03:00:00,8120.0
2011-10-30 04:00:00,8101.0
2011-10-30 05:00:00,8279.0
2011-10-30 06:00:00,8644.0
2011-10-30 07:00:00,9077.0
2011-10-30 08:00:00,9725.0
2011-10-30 09:00:00,10277.0
2011-10-30 10:00:00,10613.0
2011-10-30 11:00:00,10854.0
2011-10-30 12:00:00,10965.0
2011-10-30 13:00:00,10927.0
2011-10-30 14:00:00,10885.0
2011-10-30 15:00:00,10897.0
2011-10-30 16:00:00,11195.0
2011-10-30 17:00:00,11917.0
2011-10-30 18:00:00,12820.0
2011-10-30 19:00:00,12692.0
2011-10-30 20:00:00,12315.0
2011-10-30 21:00:00,11576.0
2011-10-30 22:00:00,10637.0
2011-10-30 23:00:00,9829.0
2011-10-31 00:00:00,9257.0
2011-10-31 01:00:00,9001.0
2011-10-31 02:00:00,8879.0
2011-10-31 03:00:00,8919.0
2011-10-31 04:00:00,9215.0
2011-10-31 05:00:00,10108.0
2011-10-31 06:00:00,11742.0
2011-10-31 07:00:00,12781.0
2011-10-31 08:00:00,13112.0
2011-10-31 09:00:00,13250.0
2011-10-31 10:00:00,13303.0
2011-10-31 11:00:00,13248.0
2011-10-31 12:00:00,13158.0
2011-10-31 13:00:00,13058.0
2011-10-31 14:00:00,12903.0
2011-10-31 15:00:00,12866.0
2011-10-31 16:00:00,13101.0
2011-10-31 17:00:00,13659.0
2011-10-31 18:00:00,14098.0
2011-10-31 19:00:00,13882.0
2011-10-31 20:00:00,13619.0
2011-10-31 21:00:00,12875.0
2011-10-31 22:00:00,11694.0
2011-10-31 23:00:00,10603.0
2011-11-01 00:00:00,9919.0
2011-11-01 01:00:00,9558.0
2011-11-01 02:00:00,9372.0
2011-11-01 03:00:00,9371.0
2011-11-01 04:00:00,9625.0
2011-11-01 05:00:00,10569.0
2011-11-01 06:00:00,12309.0
2011-11-01 07:00:00,13450.0
2011-11-01 08:00:00,13690.0
2011-11-01 09:00:00,13873.0
2011-11-01 10:00:00,13962.0
2011-11-01 11:00:00,13947.0
2011-11-01 12:00:00,13787.0
2011-11-01 13:00:00,13684.0
2011-11-01 14:00:00,13527.0
2011-11-01 15:00:00,13439.0
2011-11-01 16:00:00,13634.0
2011-11-01 17:00:00,14349.0
2011-11-01 18:00:00,15297.0
2011-11-01 19:00:00,15169.0
2011-11-01 20:00:00,14611.0
2011-11-01 21:00:00,13653.0
2011-11-01 22:00:00,12356.0
2011-11-01 23:00:00,11181.0
2011-11-02 00:00:00,10407.0
2011-11-02 01:00:00,10033.0
2011-11-02 02:00:00,9858.0
2011-11-02 03:00:00,9858.0
2011-11-02 04:00:00,10169.0
2011-11-02 05:00:00,11182.0
2011-11-02 06:00:00,13084.0
2011-11-02 07:00:00,14222.0
2011-11-02 08:00:00,14391.0
2011-11-02 09:00:00,14447.0
2011-11-02 10:00:00,14462.0
2011-11-02 11:00:00,14347.0
2011-11-02 12:00:00,14154.0
2011-11-02 13:00:00,14050.0
2011-11-02 14:00:00,13884.0
2011-11-02 15:00:00,13788.0
2011-11-02 16:00:00,13959.0
2011-11-02 17:00:00,14694.0
2011-11-02 18:00:00,15635.0
2011-11-02 19:00:00,15468.0
2011-11-02 20:00:00,14882.0
2011-11-02 21:00:00,13904.0
2011-11-02 22:00:00,12577.0
2011-11-02 23:00:00,11363.0
2011-11-03 00:00:00,10569.0
2011-11-03 01:00:00,10152.0
2011-11-03 02:00:00,9963.0
2011-11-03 03:00:00,9945.0
2011-11-03 04:00:00,10252.0
2011-11-03 05:00:00,11291.0
2011-11-03 06:00:00,13216.0
2011-11-03 07:00:00,14387.0
2011-11-03 08:00:00,14546.0
2011-11-03 09:00:00,14587.0
2011-11-03 10:00:00,14653.0
2011-11-03 11:00:00,14576.0
2011-11-03 12:00:00,14429.0
2011-11-03 13:00:00,14355.0
2011-11-03 14:00:00,14162.0
2011-11-03 15:00:00,14056.0
2011-11-03 16:00:00,14259.0
2011-11-03 17:00:00,15114.0
2011-11-03 18:00:00,15870.0
2011-11-03 19:00:00,15628.0
2011-11-03 20:00:00,15015.0
2011-11-03 21:00:00,13993.0
2011-11-03 22:00:00,12601.0
2011-11-03 23:00:00,11399.0
2011-11-04 00:00:00,10572.0
2011-11-04 01:00:00,10091.0
2011-11-04 02:00:00,9885.0
2011-11-04 03:00:00,9828.0
2011-11-04 04:00:00,10094.0
2011-11-04 05:00:00,11045.0
2011-11-04 06:00:00,12969.0
2011-11-04 07:00:00,14249.0
2011-11-04 08:00:00,14530.0
2011-11-04 09:00:00,14762.0
2011-11-04 10:00:00,14886.0
2011-11-04 11:00:00,14767.0
2011-11-04 12:00:00,14579.0
2011-11-04 13:00:00,14455.0
2011-11-04 14:00:00,14291.0
2011-11-04 15:00:00,14177.0
2011-11-04 16:00:00,14330.0
2011-11-04 17:00:00,15004.0
2011-11-04 18:00:00,15804.0
2011-11-04 19:00:00,15494.0
2011-11-04 20:00:00,14957.0
2011-11-04 21:00:00,14176.0
2011-11-04 22:00:00,13092.0
2011-11-04 23:00:00,11963.0
2011-11-05 00:00:00,11109.0
2011-11-05 01:00:00,10654.0
2011-11-05 02:00:00,10425.0
2011-11-05 03:00:00,10340.0
2011-11-05 04:00:00,10447.0
2011-11-05 05:00:00,10909.0
2011-11-05 06:00:00,11794.0
2011-11-05 07:00:00,12722.0
2011-11-05 08:00:00,13566.0
2011-11-05 09:00:00,14056.0
2011-11-05 10:00:00,14152.0
2011-11-05 11:00:00,14021.0
2011-11-05 12:00:00,13733.0
2011-11-05 13:00:00,13411.0
2011-11-05 14:00:00,13127.0
2011-11-05 15:00:00,13037.0
2011-11-05 16:00:00,13284.0
2011-11-05 17:00:00,14163.0
2011-11-05 18:00:00,15083.0
2011-11-05 19:00:00,14845.0
2011-11-05 20:00:00,14428.0
2011-11-05 21:00:00,13858.0
2011-11-05 22:00:00,12993.0
2011-11-05 23:00:00,12059.0
2011-11-06 00:00:00,11252.0
2011-11-06 01:00:00,21277.0
2011-11-06 02:00:00,10404.0
2011-11-06 03:00:00,10402.0
2011-11-06 04:00:00,10587.0
2011-11-06 05:00:00,11019.0
2011-11-06 06:00:00,11675.0
2011-11-06 07:00:00,12585.0
2011-11-06 08:00:00,13296.0
2011-11-06 09:00:00,13626.0
2011-11-06 10:00:00,13594.0
2011-11-06 11:00:00,13486.0
2011-11-06 12:00:00,13314.0
2011-11-06 13:00:00,13136.0
2011-11-06 14:00:00,13042.0
2011-11-06 15:00:00,13296.0
2011-11-06 16:00:00,14340.0
2011-11-06 17:00:00,15582.0
2011-11-06 18:00:00,15379.0
2011-11-06 19:00:00,14915.0
2011-11-06 20:00:00,14361.0
2011-11-06 21:00:00,13256.0
2011-11-06 22:00:00,12128.0
2011-11-06 23:00:00,11163.0
2011-11-07 00:00:00,10537.0
2011-11-07 01:00:00,10246.0
2011-11-07 02:00:00,10139.0
2011-11-07 03:00:00,10211.0
2011-11-07 04:00:00,10657.0
2011-11-07 05:00:00,11918.0
2011-11-07 06:00:00,13835.0
2011-11-07 07:00:00,14775.0
2011-11-07 08:00:00,14928.0
2011-11-07 09:00:00,14977.0
2011-11-07 10:00:00,15014.0
2011-11-07 11:00:00,14956.0
2011-11-07 12:00:00,14818.0
2011-11-07 13:00:00,14759.0
2011-11-07 14:00:00,14589.0
2011-11-07 15:00:00,14607.0
2011-11-07 16:00:00,15377.0
2011-11-07 17:00:00,16691.0
2011-11-07 18:00:00,16541.0
2011-11-07 19:00:00,16022.0
2011-11-07 20:00:00,15225.0
2011-11-07 21:00:00,14017.0
2011-11-07 22:00:00,12600.0
2011-11-07 23:00:00,11373.0
2011-11-08 00:00:00,10592.0
2011-11-08 01:00:00,10207.0
2011-11-08 02:00:00,10004.0
2011-11-08 03:00:00,10007.0
2011-11-08 04:00:00,10380.0
2011-11-08 05:00:00,11554.0
2011-11-08 06:00:00,13367.0
2011-11-08 07:00:00,14334.0
2011-11-08 08:00:00,14593.0
2011-11-08 09:00:00,14736.0
2011-11-08 10:00:00,14892.0
2011-11-08 11:00:00,14942.0
2011-11-08 12:00:00,14847.0
2011-11-08 13:00:00,14838.0
2011-11-08 14:00:00,14695.0
2011-11-08 15:00:00,14669.0
2011-11-08 16:00:00,15384.0
2011-11-08 17:00:00,16532.0
2011-11-08 18:00:00,16347.0
2011-11-08 19:00:00,15795.0
2011-11-08 20:00:00,15012.0
2011-11-08 21:00:00,13844.0
2011-11-08 22:00:00,12401.0
2011-11-08 23:00:00,11179.0
2011-11-09 00:00:00,10368.0
2011-11-09 01:00:00,9972.0
2011-11-09 02:00:00,9780.0
2011-11-09 03:00:00,9782.0
2011-11-09 04:00:00,10133.0
2011-11-09 05:00:00,11287.0
2011-11-09 06:00:00,13210.0
2011-11-09 07:00:00,14235.0
2011-11-09 08:00:00,14498.0
2011-11-09 09:00:00,14671.0
2011-11-09 10:00:00,14827.0
2011-11-09 11:00:00,14849.0
2011-11-09 12:00:00,14779.0
2011-11-09 13:00:00,14805.0
2011-11-09 14:00:00,14653.0
2011-11-09 15:00:00,14610.0
2011-11-09 16:00:00,15347.0
2011-11-09 17:00:00,16518.0
2011-11-09 18:00:00,16296.0
2011-11-09 19:00:00,15780.0
2011-11-09 20:00:00,15025.0
2011-11-09 21:00:00,13899.0
2011-11-09 22:00:00,12461.0
2011-11-09 23:00:00,11211.0
2011-11-10 00:00:00,10392.0
2011-11-10 01:00:00,9957.0
2011-11-10 02:00:00,9743.0
2011-11-10 03:00:00,9719.0
2011-11-10 04:00:00,10026.0
2011-11-10 05:00:00,11102.0
2011-11-10 06:00:00,13005.0
2011-11-10 07:00:00,14119.0
2011-11-10 08:00:00,14564.0
2011-11-10 09:00:00,14841.0
2011-11-10 10:00:00,15087.0
2011-11-10 11:00:00,15173.0
2011-11-10 12:00:00,15145.0
2011-11-10 13:00:00,15156.0
2011-11-10 14:00:00,15118.0
2011-11-10 15:00:00,15270.0
2011-11-10 16:00:00,15936.0
2011-11-10 17:00:00,16557.0
2011-11-10 18:00:00,16241.0
2011-11-10 19:00:00,15689.0
2011-11-10 20:00:00,14940.0
2011-11-10 21:00:00,13900.0
2011-11-10 22:00:00,12596.0
2011-11-10 23:00:00,11369.0
2011-11-11 00:00:00,10516.0
2011-11-11 01:00:00,10036.0
2011-11-11 02:00:00,9804.0
2011-11-11 03:00:00,9750.0
2011-11-11 04:00:00,9988.0
2011-11-11 05:00:00,10840.0
2011-11-11 06:00:00,12268.0
2011-11-11 07:00:00,13471.0
2011-11-11 08:00:00,14253.0
2011-11-11 09:00:00,14640.0
2011-11-11 10:00:00,14774.0
2011-11-11 11:00:00,14733.0
2011-11-11 12:00:00,14623.0
2011-11-11 13:00:00,14549.0
2011-11-11 14:00:00,14445.0
2011-11-11 15:00:00,14499.0
2011-11-11 16:00:00,15375.0
2011-11-11 17:00:00,16350.0
2011-11-11 18:00:00,16046.0
2011-11-11 19:00:00,15485.0
2011-11-11 20:00:00,14895.0
2011-11-11 21:00:00,14073.0
2011-11-11 22:00:00,12989.0
2011-11-11 23:00:00,11934.0
2011-11-12 00:00:00,11103.0
2011-11-12 01:00:00,10621.0
2011-11-12 02:00:00,10380.0
2011-11-12 03:00:00,10285.0
2011-11-12 04:00:00,10401.0
2011-11-12 05:00:00,10882.0
2011-11-12 06:00:00,11614.0
2011-11-12 07:00:00,12490.0
2011-11-12 08:00:00,13345.0
2011-11-12 09:00:00,13767.0
2011-11-12 10:00:00,13852.0
2011-11-12 11:00:00,13733.0
2011-11-12 12:00:00,13511.0
2011-11-12 13:00:00,13258.0
2011-11-12 14:00:00,13069.0
2011-11-12 15:00:00,13182.0
2011-11-12 16:00:00,14250.0
2011-11-12 17:00:00,15370.0
2011-11-12 18:00:00,15126.0
2011-11-12 19:00:00,14612.0
2011-11-12 20:00:00,14075.0
2011-11-12 21:00:00,13358.0
2011-11-12 22:00:00,12412.0
2011-11-12 23:00:00,11455.0
2011-11-13 00:00:00,10705.0
2011-11-13 01:00:00,10261.0
2011-11-13 02:00:00,10012.0
2011-11-13 03:00:00,9919.0
2011-11-13 04:00:00,9987.0
2011-11-13 05:00:00,10314.0
2011-11-13 06:00:00,10801.0
2011-11-13 07:00:00,11522.0
2011-11-13 08:00:00,12377.0
2011-11-13 09:00:00,12977.0
2011-11-13 10:00:00,13191.0
2011-11-13 11:00:00,13245.0
2011-11-13 12:00:00,13187.0
2011-11-13 13:00:00,13050.0
2011-11-13 14:00:00,13001.0
2011-11-13 15:00:00,13285.0
2011-11-13 16:00:00,14629.0
2011-11-13 17:00:00,15648.0
2011-11-13 18:00:00,15412.0
2011-11-13 19:00:00,14891.0
2011-11-13 20:00:00,14206.0
2011-11-13 21:00:00,13151.0
2011-11-13 22:00:00,12031.0
2011-11-13 23:00:00,11014.0
2011-11-14 00:00:00,10207.0
2011-11-14 01:00:00,9793.0
2011-11-14 02:00:00,9616.0
2011-11-14 03:00:00,9604.0
2011-11-14 04:00:00,9959.0
2011-11-14 05:00:00,11090.0
2011-11-14 06:00:00,13020.0
2011-11-14 07:00:00,14002.0
2011-11-14 08:00:00,14341.0
2011-11-14 09:00:00,14545.0
2011-11-14 10:00:00,14715.0
2011-11-14 11:00:00,14766.0
2011-11-14 12:00:00,14716.0
2011-11-14 13:00:00,14711.0
2011-11-14 14:00:00,14642.0
2011-11-14 15:00:00,14818.0
2011-11-14 16:00:00,15833.0
2011-11-14 17:00:00,16674.0
2011-11-14 18:00:00,16406.0
2011-11-14 19:00:00,15858.0
2011-11-14 20:00:00,15113.0
2011-11-14 21:00:00,13908.0
2011-11-14 22:00:00,12505.0
2011-11-14 23:00:00,11231.0
2011-11-15 00:00:00,10415.0
2011-11-15 01:00:00,9953.0
2011-11-15 02:00:00,9742.0
2011-11-15 03:00:00,9710.0
2011-11-15 04:00:00,10009.0
2011-11-15 05:00:00,11113.0
2011-11-15 06:00:00,13057.0
2011-11-15 07:00:00,14098.0
2011-11-15 08:00:00,14459.0
2011-11-15 09:00:00,14684.0
2011-11-15 10:00:00,14900.0
2011-11-15 11:00:00,14963.0
2011-11-15 12:00:00,14892.0
2011-11-15 13:00:00,14917.0
2011-11-15 14:00:00,14783.0
2011-11-15 15:00:00,14832.0
2011-11-15 16:00:00,15802.0
2011-11-15 17:00:00,16628.0
2011-11-15 18:00:00,16372.0
2011-11-15 19:00:00,15832.0
2011-11-15 20:00:00,15065.0
2011-11-15 21:00:00,13943.0
2011-11-15 22:00:00,12486.0
2011-11-15 23:00:00,11247.0
2011-11-16 00:00:00,10393.0
2011-11-16 01:00:00,9934.0
2011-11-16 02:00:00,9704.0
2011-11-16 03:00:00,9681.0
2011-11-16 04:00:00,10010.0
2011-11-16 05:00:00,11099.0
2011-11-16 06:00:00,13049.0
2011-11-16 07:00:00,14149.0
2011-11-16 08:00:00,14495.0
2011-11-16 09:00:00,14701.0
2011-11-16 10:00:00,14862.0
2011-11-16 11:00:00,14921.0
2011-11-16 12:00:00,14925.0
2011-11-16 13:00:00,15045.0
2011-11-16 14:00:00,15072.0
2011-11-16 15:00:00,15296.0
2011-11-16 16:00:00,16262.0
2011-11-16 17:00:00,16849.0
2011-11-16 18:00:00,16566.0
2011-11-16 19:00:00,16032.0
2011-11-16 20:00:00,15241.0
2011-11-16 21:00:00,14103.0
2011-11-16 22:00:00,12651.0
2011-11-16 23:00:00,11382.0
2011-11-17 00:00:00,10535.0
2011-11-17 01:00:00,10064.0
2011-11-17 02:00:00,9818.0
2011-11-17 03:00:00,9789.0
2011-11-17 04:00:00,10103.0
2011-11-17 05:00:00,11214.0
2011-11-17 06:00:00,13209.0
2011-11-17 07:00:00,14299.0
2011-11-17 08:00:00,14618.0
2011-11-17 09:00:00,14894.0
2011-11-17 10:00:00,15117.0
2011-11-17 11:00:00,15176.0
2011-11-17 12:00:00,15158.0
2011-11-17 13:00:00,15222.0
2011-11-17 14:00:00,15272.0
2011-11-17 15:00:00,15571.0
2011-11-17 16:00:00,16551.0
2011-11-17 17:00:00,17153.0
2011-11-17 18:00:00,16952.0
2011-11-17 19:00:00,16541.0
2011-11-17 20:00:00,15905.0
2011-11-17 21:00:00,14827.0
2011-11-17 22:00:00,13430.0
2011-11-17 23:00:00,12209.0
2011-11-18 00:00:00,11371.0
2011-11-18 01:00:00,10935.0
2011-11-18 02:00:00,10746.0
2011-11-18 03:00:00,10745.0
2011-11-18 04:00:00,11128.0
2011-11-18 05:00:00,12281.0
2011-11-18 06:00:00,14220.0
2011-11-18 07:00:00,15164.0
2011-11-18 08:00:00,15394.0
2011-11-18 09:00:00,15436.0
2011-11-18 10:00:00,15476.0
2011-11-18 11:00:00,15347.0
2011-11-18 12:00:00,15112.0
2011-11-18 13:00:00,15014.0
2011-11-18 14:00:00,14867.0
2011-11-18 15:00:00,14924.0
2011-11-18 16:00:00,15925.0
2011-11-18 17:00:00,16946.0
2011-11-18 18:00:00,16727.0
2011-11-18 19:00:00,16265.0
2011-11-18 20:00:00,15682.0
2011-11-18 21:00:00,14830.0
2011-11-18 22:00:00,13693.0
2011-11-18 23:00:00,12543.0
2011-11-19 00:00:00,11673.0
2011-11-19 01:00:00,11178.0
2011-11-19 02:00:00,10923.0
2011-11-19 03:00:00,10802.0
2011-11-19 04:00:00,10952.0
2011-11-19 05:00:00,11421.0
2011-11-19 06:00:00,12194.0
2011-11-19 07:00:00,13025.0
2011-11-19 08:00:00,13858.0
2011-11-19 09:00:00,14222.0
2011-11-19 10:00:00,14297.0
2011-11-19 11:00:00,14138.0
2011-11-19 12:00:00,13858.0
2011-11-19 13:00:00,13588.0
2011-11-19 14:00:00,13419.0
2011-11-19 15:00:00,13551.0
2011-11-19 16:00:00,14758.0
2011-11-19 17:00:00,15710.0
2011-11-19 18:00:00,15457.0
2011-11-19 19:00:00,14944.0
2011-11-19 20:00:00,14405.0
2011-11-19 21:00:00,13635.0
2011-11-19 22:00:00,12647.0
2011-11-19 23:00:00,11646.0
2011-11-20 00:00:00,10820.0
2011-11-20 01:00:00,10300.0
2011-11-20 02:00:00,9999.0
2011-11-20 03:00:00,9868.0
2011-11-20 04:00:00,9896.0
2011-11-20 05:00:00,10180.0
2011-11-20 06:00:00,10686.0
2011-11-20 07:00:00,11313.0
2011-11-20 08:00:00,12244.0
2011-11-20 09:00:00,12927.0
2011-11-20 10:00:00,13151.0
2011-11-20 11:00:00,13210.0
2011-11-20 12:00:00,13208.0
2011-11-20 13:00:00,13081.0
2011-11-20 14:00:00,12979.0
2011-11-20 15:00:00,13165.0
2011-11-20 16:00:00,14523.0
2011-11-20 17:00:00,15629.0
2011-11-20 18:00:00,15427.0
2011-11-20 19:00:00,14933.0
2011-11-20 20:00:00,14232.0
2011-11-20 21:00:00,13218.0
2011-11-20 22:00:00,12018.0
2011-11-20 23:00:00,10939.0
2011-11-21 00:00:00,10195.0
2011-11-21 01:00:00,9779.0
2011-11-21 02:00:00,9615.0
2011-11-21 03:00:00,9634.0
2011-11-21 04:00:00,10008.0
2011-11-21 05:00:00,11184.0
2011-11-21 06:00:00,13238.0
2011-11-21 07:00:00,14352.0
2011-11-21 08:00:00,14656.0
2011-11-21 09:00:00,14845.0
2011-11-21 10:00:00,14961.0
2011-11-21 11:00:00,14945.0
2011-11-21 12:00:00,14849.0
2011-11-21 13:00:00,14799.0
2011-11-21 14:00:00,14680.0
2011-11-21 15:00:00,14728.0
2011-11-21 16:00:00,15942.0
2011-11-21 17:00:00,17073.0
2011-11-21 18:00:00,16976.0
2011-11-21 19:00:00,16589.0
2011-11-21 20:00:00,15954.0
2011-11-21 21:00:00,14885.0
2011-11-21 22:00:00,13533.0
2011-11-21 23:00:00,12229.0
2011-11-22 00:00:00,11342.0
2011-11-22 01:00:00,10902.0
2011-11-22 02:00:00,10713.0
2011-11-22 03:00:00,10710.0
2011-11-22 04:00:00,11075.0
2011-11-22 05:00:00,12259.0
2011-11-22 06:00:00,14259.0
2011-11-22 07:00:00,15333.0
2011-11-22 08:00:00,15557.0
2011-11-22 09:00:00,15551.0
2011-11-22 10:00:00,15530.0
2011-11-22 11:00:00,15417.0
2011-11-22 12:00:00,15240.0
2011-11-22 13:00:00,15214.0
2011-11-22 14:00:00,15164.0
2011-11-22 15:00:00,15385.0
2011-11-22 16:00:00,16558.0
2011-11-22 17:00:00,17265.0
2011-11-22 18:00:00,17091.0
2011-11-22 19:00:00,16653.0
2011-11-22 20:00:00,15968.0
2011-11-22 21:00:00,14927.0
2011-11-22 22:00:00,13546.0
2011-11-22 23:00:00,12237.0
2011-11-23 00:00:00,11294.0
2011-11-23 01:00:00,10801.0
2011-11-23 02:00:00,10552.0
2011-11-23 03:00:00,10519.0
2011-11-23 04:00:00,10827.0
2011-11-23 05:00:00,11811.0
2011-11-23 06:00:00,13534.0
2011-11-23 07:00:00,14833.0
2011-11-23 08:00:00,15501.0
2011-11-23 09:00:00,15929.0
2011-11-23 10:00:00,16222.0
2011-11-23 11:00:00,16323.0
2011-11-23 12:00:00,16282.0
2011-11-23 13:00:00,16257.0
2011-11-23 14:00:00,16172.0
2011-11-23 15:00:00,16232.0
2011-11-23 16:00:00,17053.0
2011-11-23 17:00:00,17533.0
2011-11-23 18:00:00,17180.0
2011-11-23 19:00:00,16653.0
2011-11-23 20:00:00,15994.0
2011-11-23 21:00:00,15031.0
2011-11-23 22:00:00,13789.0
2011-11-23 23:00:00,12493.0
2011-11-24 00:00:00,11536.0
2011-11-24 01:00:00,10972.0
2011-11-24 02:00:00,10673.0
2011-11-24 03:00:00,10538.0
2011-11-24 04:00:00,10663.0
2011-11-24 05:00:00,11100.0
2011-11-24 06:00:00,11859.0
2011-11-24 07:00:00,12722.0
2011-11-24 08:00:00,13735.0
2011-11-24 09:00:00,14466.0
2011-11-24 10:00:00,14827.0
2011-11-24 11:00:00,14807.0
2011-11-24 12:00:00,14313.0
2011-11-24 13:00:00,13486.0
2011-11-24 14:00:00,12729.0
2011-11-24 15:00:00,12392.0
2011-11-24 16:00:00,12933.0
2011-11-24 17:00:00,13403.0
2011-11-24 18:00:00,13397.0
2011-11-24 19:00:00,13379.0
2011-11-24 20:00:00,13262.0
2011-11-24 21:00:00,12911.0
2011-11-24 22:00:00,12209.0
2011-11-24 23:00:00,11448.0
2011-11-25 00:00:00,10830.0
2011-11-25 01:00:00,10469.0
2011-11-25 02:00:00,10313.0
2011-11-25 03:00:00,10330.0
2011-11-25 04:00:00,10583.0
2011-11-25 05:00:00,11194.0
2011-11-25 06:00:00,11969.0
2011-11-25 07:00:00,12583.0
2011-11-25 08:00:00,13183.0
2011-11-25 09:00:00,13585.0
2011-11-25 10:00:00,13681.0
2011-11-25 11:00:00,13638.0
2011-11-25 12:00:00,13490.0
2011-11-25 13:00:00,13306.0
2011-11-25 14:00:00,13172.0
2011-11-25 15:00:00,13264.0
2011-11-25 16:00:00,14471.0
2011-11-25 17:00:00,15364.0
2011-11-25 18:00:00,15084.0
2011-11-25 19:00:00,14629.0
2011-11-25 20:00:00,14110.0
2011-11-25 21:00:00,13387.0
2011-11-25 22:00:00,12429.0
2011-11-25 23:00:00,11411.0
2011-11-26 00:00:00,10591.0
2011-11-26 01:00:00,10126.0
2011-11-26 02:00:00,9862.0
2011-11-26 03:00:00,9767.0
2011-11-26 04:00:00,9869.0
2011-11-26 05:00:00,10263.0
2011-11-26 06:00:00,10936.0
2011-11-26 07:00:00,11637.0
2011-11-26 08:00:00,12529.0
2011-11-26 09:00:00,13092.0
2011-11-26 10:00:00,13301.0
2011-11-26 11:00:00,13270.0
2011-11-26 12:00:00,13105.0
2011-11-26 13:00:00,12851.0
2011-11-26 14:00:00,12697.0
2011-11-26 15:00:00,12837.0
2011-11-26 16:00:00,14149.0
2011-11-26 17:00:00,14991.0
2011-11-26 18:00:00,14761.0
2011-11-26 19:00:00,14335.0
2011-11-26 20:00:00,13855.0
2011-11-26 21:00:00,13184.0
2011-11-26 22:00:00,12263.0
2011-11-26 23:00:00,11265.0
2011-11-27 00:00:00,10503.0
2011-11-27 01:00:00,10032.0
2011-11-27 02:00:00,9770.0
2011-11-27 03:00:00,9680.0
2011-11-27 04:00:00,9764.0
2011-11-27 05:00:00,10080.0
2011-11-27 06:00:00,10609.0
2011-11-27 07:00:00,11262.0
2011-11-27 08:00:00,12179.0
2011-11-27 09:00:00,12890.0
2011-11-27 10:00:00,13233.0
2011-11-27 11:00:00,13382.0
2011-11-27 12:00:00,13406.0
2011-11-27 13:00:00,13302.0
2011-11-27 14:00:00,13246.0
2011-11-27 15:00:00,13512.0
2011-11-27 16:00:00,14969.0
2011-11-27 17:00:00,15880.0
2011-11-27 18:00:00,15709.0
2011-11-27 19:00:00,15252.0
2011-11-27 20:00:00,14592.0
2011-11-27 21:00:00,13478.0
2011-11-27 22:00:00,12168.0
2011-11-27 23:00:00,11018.0
2011-11-28 00:00:00,10245.0
2011-11-28 01:00:00,9847.0
2011-11-28 02:00:00,9666.0
2011-11-28 03:00:00,9657.0
2011-11-28 04:00:00,10023.0
2011-11-28 05:00:00,11208.0
2011-11-28 06:00:00,13191.0
2011-11-28 07:00:00,14268.0
2011-11-28 08:00:00,14599.0
2011-11-28 09:00:00,14804.0
2011-11-28 10:00:00,14998.0
2011-11-28 11:00:00,15035.0
2011-11-28 12:00:00,14934.0
2011-11-28 13:00:00,14930.0
2011-11-28 14:00:00,14827.0
2011-11-28 15:00:00,14906.0
2011-11-28 16:00:00,16062.0
2011-11-28 17:00:00,17037.0
2011-11-28 18:00:00,16831.0
2011-11-28 19:00:00,16288.0
2011-11-28 20:00:00,15534.0
2011-11-28 21:00:00,14324.0
2011-11-28 22:00:00,12724.0
2011-11-28 23:00:00,11419.0
2011-11-29 00:00:00,10497.0
2011-11-29 01:00:00,10039.0
2011-11-29 02:00:00,9802.0
2011-11-29 03:00:00,9763.0
2011-11-29 04:00:00,10095.0
2011-11-29 05:00:00,11191.0
2011-11-29 06:00:00,13217.0
2011-11-29 07:00:00,14297.0
2011-11-29 08:00:00,14607.0
2011-11-29 09:00:00,14783.0
2011-11-29 10:00:00,14991.0
2011-11-29 11:00:00,15097.0
2011-11-29 12:00:00,15050.0
2011-11-29 13:00:00,15033.0
2011-11-29 14:00:00,14879.0
2011-11-29 15:00:00,14958.0
2011-11-29 16:00:00,16156.0
2011-11-29 17:00:00,17049.0
2011-11-29 18:00:00,16854.0
2011-11-29 19:00:00,16327.0
2011-11-29 20:00:00,15578.0
2011-11-29 21:00:00,14388.0
2011-11-29 22:00:00,12813.0
2011-11-29 23:00:00,11485.0
2011-11-30 00:00:00,10574.0
2011-11-30 01:00:00,10130.0
2011-11-30 02:00:00,9894.0
2011-11-30 03:00:00,9823.0
2011-11-30 04:00:00,10064.0
2011-11-30 05:00:00,11126.0
2011-11-30 06:00:00,13114.0
2011-11-30 07:00:00,14152.0
2011-11-30 08:00:00,14366.0
2011-11-30 09:00:00,14589.0
2011-11-30 10:00:00,14741.0
2011-11-30 11:00:00,14749.0
2011-11-30 12:00:00,14653.0
2011-11-30 13:00:00,14631.0
2011-11-30 14:00:00,14566.0
2011-11-30 15:00:00,14667.0
2011-11-30 16:00:00,15993.0
2011-11-30 17:00:00,16995.0
2011-11-30 18:00:00,16856.0
2011-11-30 19:00:00,16449.0
2011-11-30 20:00:00,15795.0
2011-11-30 21:00:00,14665.0
2011-11-30 22:00:00,13148.0
2011-11-30 23:00:00,11785.0
2011-12-01 00:00:00,10936.0
2011-12-01 01:00:00,10500.0
2011-12-01 02:00:00,10305.0
2011-12-01 03:00:00,10303.0
2011-12-01 04:00:00,10707.0
2011-12-01 05:00:00,11943.0
2011-12-01 06:00:00,14021.0
2011-12-01 07:00:00,15004.0
2011-12-01 08:00:00,15131.0
2011-12-01 09:00:00,15172.0
2011-12-01 10:00:00,15193.0
2011-12-01 11:00:00,15138.0
2011-12-01 12:00:00,14977.0
2011-12-01 13:00:00,14902.0
2011-12-01 14:00:00,14788.0
2011-12-01 15:00:00,14934.0
2011-12-01 16:00:00,16227.0
2011-12-01 17:00:00,17414.0
2011-12-01 18:00:00,17399.0
2011-12-01 19:00:00,17038.0
2011-12-01 20:00:00,16461.0
2011-12-01 21:00:00,15404.0
2011-12-01 22:00:00,13909.0
2011-12-01 23:00:00,12523.0
2011-12-02 00:00:00,11622.0
2011-12-02 01:00:00,11202.0
2011-12-02 02:00:00,10996.0
2011-12-02 03:00:00,10996.0
2011-12-02 04:00:00,11365.0
2011-12-02 05:00:00,12510.0
2011-12-02 06:00:00,14567.0
2011-12-02 07:00:00,15560.0
2011-12-02 08:00:00,15658.0
2011-12-02 09:00:00,15602.0
2011-12-02 10:00:00,15506.0
2011-12-02 11:00:00,15368.0
2011-12-02 12:00:00,15144.0
2011-12-02 13:00:00,15034.0
2011-12-02 14:00:00,14918.0
2011-12-02 15:00:00,15019.0
2011-12-02 16:00:00,16284.0
2011-12-02 17:00:00,17050.0
2011-12-02 18:00:00,16779.0
2011-12-02 19:00:00,16280.0
2011-12-02 20:00:00,15713.0
2011-12-02 21:00:00,14877.0
2011-12-02 22:00:00,13692.0
2011-12-02 23:00:00,12418.0
2011-12-03 00:00:00,11487.0
2011-12-03 01:00:00,10969.0
2011-12-03 02:00:00,10710.0
2011-12-03 03:00:00,10643.0
2011-12-03 04:00:00,10814.0
2011-12-03 05:00:00,11305.0
2011-12-03 06:00:00,12172.0
2011-12-03 07:00:00,13040.0
2011-12-03 08:00:00,13933.0
2011-12-03 09:00:00,14346.0
2011-12-03 10:00:00,14388.0
2011-12-03 11:00:00,14228.0
2011-12-03 12:00:00,13988.0
2011-12-03 13:00:00,13704.0
2011-12-03 14:00:00,13596.0
2011-12-03 15:00:00,13812.0
2011-12-03 16:00:00,15263.0
2011-12-03 17:00:00,16297.0
2011-12-03 18:00:00,16160.0
2011-12-03 19:00:00,15741.0
2011-12-03 20:00:00,15279.0
2011-12-03 21:00:00,14601.0
2011-12-03 22:00:00,13605.0
2011-12-03 23:00:00,12501.0
2011-12-04 00:00:00,11617.0
2011-12-04 01:00:00,11086.0
2011-12-04 02:00:00,10812.0
2011-12-04 03:00:00,10685.0
2011-12-04 04:00:00,10740.0
2011-12-04 05:00:00,11063.0
2011-12-04 06:00:00,11620.0
2011-12-04 07:00:00,12267.0
2011-12-04 08:00:00,13211.0
2011-12-04 09:00:00,13762.0
2011-12-04 10:00:00,13890.0
2011-12-04 11:00:00,13867.0
2011-12-04 12:00:00,13865.0
2011-12-04 13:00:00,13722.0
2011-12-04 14:00:00,13582.0
2011-12-04 15:00:00,13754.0
2011-12-04 16:00:00,15301.0
2011-12-04 17:00:00,16511.0
2011-12-04 18:00:00,16457.0
2011-12-04 19:00:00,16003.0
2011-12-04 20:00:00,15394.0
2011-12-04 21:00:00,14269.0
2011-12-04 22:00:00,12852.0
2011-12-04 23:00:00,11581.0
2011-12-05 00:00:00,10750.0
2011-12-05 01:00:00,10309.0
2011-12-05 02:00:00,10132.0
2011-12-05 03:00:00,10126.0
2011-12-05 04:00:00,10494.0
2011-12-05 05:00:00,11656.0
2011-12-05 06:00:00,13726.0
2011-12-05 07:00:00,14787.0
2011-12-05 08:00:00,14986.0
2011-12-05 09:00:00,15150.0
2011-12-05 10:00:00,15258.0
2011-12-05 11:00:00,15254.0
2011-12-05 12:00:00,15134.0
2011-12-05 13:00:00,15059.0
2011-12-05 14:00:00,14901.0
2011-12-05 15:00:00,15014.0
2011-12-05 16:00:00,16369.0
2011-12-05 17:00:00,17497.0
2011-12-05 18:00:00,17369.0
2011-12-05 19:00:00,16859.0
2011-12-05 20:00:00,16110.0
2011-12-05 21:00:00,14902.0
2011-12-05 22:00:00,13271.0
2011-12-05 23:00:00,11790.0
2011-12-06 00:00:00,10808.0
2011-12-06 01:00:00,10321.0
2011-12-06 02:00:00,10068.0
2011-12-06 03:00:00,10004.0
2011-12-06 04:00:00,10297.0
2011-12-06 05:00:00,11374.0
2011-12-06 06:00:00,13466.0
2011-12-06 07:00:00,14749.0
2011-12-06 08:00:00,15023.0
2011-12-06 09:00:00,15185.0
2011-12-06 10:00:00,15331.0
2011-12-06 11:00:00,15362.0
2011-12-06 12:00:00,15281.0
2011-12-06 13:00:00,15292.0
2011-12-06 14:00:00,15243.0
2011-12-06 15:00:00,15572.0
2011-12-06 16:00:00,16852.0
2011-12-06 17:00:00,17512.0
2011-12-06 18:00:00,17287.0
2011-12-06 19:00:00,16757.0
2011-12-06 20:00:00,16003.0
2011-12-06 21:00:00,14841.0
2011-12-06 22:00:00,13222.0
2011-12-06 23:00:00,11745.0
2011-12-07 00:00:00,10732.0
2011-12-07 01:00:00,10231.0
2011-12-07 02:00:00,9965.0
2011-12-07 03:00:00,9914.0
2011-12-07 04:00:00,10195.0
2011-12-07 05:00:00,11249.0
2011-12-07 06:00:00,13291.0
2011-12-07 07:00:00,14672.0
2011-12-07 08:00:00,15033.0
2011-12-07 09:00:00,15283.0
2011-12-07 10:00:00,15512.0
2011-12-07 11:00:00,15565.0
2011-12-07 12:00:00,15555.0
2011-12-07 13:00:00,15587.0
2011-12-07 14:00:00,15563.0
2011-12-07 15:00:00,15870.0
2011-12-07 16:00:00,16972.0
2011-12-07 17:00:00,17524.0
2011-12-07 18:00:00,17310.0
2011-12-07 19:00:00,16889.0
2011-12-07 20:00:00,16216.0
2011-12-07 21:00:00,15093.0
2011-12-07 22:00:00,13558.0
2011-12-07 23:00:00,12114.0
2011-12-08 00:00:00,11177.0
2011-12-08 01:00:00,10724.0
2011-12-08 02:00:00,10537.0
2011-12-08 03:00:00,10537.0
2011-12-08 04:00:00,10937.0
2011-12-08 05:00:00,12067.0
2011-12-08 06:00:00,14183.0
2011-12-08 07:00:00,15290.0
2011-12-08 08:00:00,15496.0
2011-12-08 09:00:00,15602.0
2011-12-08 10:00:00,15666.0
2011-12-08 11:00:00,15620.0
2011-12-08 12:00:00,15504.0
2011-12-08 13:00:00,15487.0
2011-12-08 14:00:00,15400.0
2011-12-08 15:00:00,15557.0
2011-12-08 16:00:00,16872.0
2011-12-08 17:00:00,18004.0
2011-12-08 18:00:00,17916.0
2011-12-08 19:00:00,17634.0
2011-12-08 20:00:00,17089.0
2011-12-08 21:00:00,16024.0
2011-12-08 22:00:00,14483.0
2011-12-08 23:00:00,12993.0
2011-12-09 00:00:00,12004.0
2011-12-09 01:00:00,11516.0
2011-12-09 02:00:00,11276.0
2011-12-09 03:00:00,11261.0
2011-12-09 04:00:00,11613.0
2011-12-09 05:00:00,12689.0
2011-12-09 06:00:00,14737.0
2011-12-09 07:00:00,15804.0
2011-12-09 08:00:00,15976.0
2011-12-09 09:00:00,15977.0
2011-12-09 10:00:00,15829.0
2011-12-09 11:00:00,15653.0
2011-12-09 12:00:00,15422.0
2011-12-09 13:00:00,15295.0
2011-12-09 14:00:00,15145.0
2011-12-09 15:00:00,15252.0
2011-12-09 16:00:00,16626.0
2011-12-09 17:00:00,17505.0
2011-12-09 18:00:00,17210.0
2011-12-09 19:00:00,16691.0
2011-12-09 20:00:00,16076.0
2011-12-09 21:00:00,15190.0
2011-12-09 22:00:00,13950.0
2011-12-09 23:00:00,12574.0
2011-12-10 00:00:00,11544.0
2011-12-10 01:00:00,10946.0
2011-12-10 02:00:00,10634.0
2011-12-10 03:00:00,10483.0
2011-12-10 04:00:00,10596.0
2011-12-10 05:00:00,11039.0
2011-12-10 06:00:00,11879.0
2011-12-10 07:00:00,12799.0
2011-12-10 08:00:00,13797.0
2011-12-10 09:00:00,14409.0
2011-12-10 10:00:00,14574.0
2011-12-10 11:00:00,14558.0
2011-12-10 12:00:00,14450.0
2011-12-10 13:00:00,14268.0
2011-12-10 14:00:00,14136.0
2011-12-10 15:00:00,14336.0
2011-12-10 16:00:00,15836.0
2011-12-10 17:00:00,16913.0
2011-12-10 18:00:00,16751.0
2011-12-10 19:00:00,16334.0
2011-12-10 20:00:00,15894.0
2011-12-10 21:00:00,15251.0
2011-12-10 22:00:00,14292.0
2011-12-10 23:00:00,13133.0
2011-12-11 00:00:00,12204.0
2011-12-11 01:00:00,11664.0
2011-12-11 02:00:00,11380.0
2011-12-11 03:00:00,11285.0
2011-12-11 04:00:00,11382.0
2011-12-11 05:00:00,11711.0
2011-12-11 06:00:00,12333.0
2011-12-11 07:00:00,12991.0
2011-12-11 08:00:00,13890.0
2011-12-11 09:00:00,14449.0
2011-12-11 10:00:00,14619.0
2011-12-11 11:00:00,14615.0
2011-12-11 12:00:00,14565.0
2011-12-11 13:00:00,14421.0
2011-12-11 14:00:00,14327.0
2011-12-11 15:00:00,14593.0
2011-12-11 16:00:00,16286.0
2011-12-11 17:00:00,17621.0
2011-12-11 18:00:00,17649.0
2011-12-11 19:00:00,17342.0
2011-12-11 20:00:00,16785.0
2011-12-11 21:00:00,15674.0
2011-12-11 22:00:00,14280.0
2011-12-11 23:00:00,12961.0
2011-12-12 00:00:00,12074.0
2011-12-12 01:00:00,11623.0
2011-12-12 02:00:00,11466.0
2011-12-12 03:00:00,11506.0
2011-12-12 04:00:00,11898.0
2011-12-12 05:00:00,13081.0
2011-12-12 06:00:00,15227.0
2011-12-12 07:00:00,16302.0
2011-12-12 08:00:00,16353.0
2011-12-12 09:00:00,16262.0
2011-12-12 10:00:00,16140.0
2011-12-12 11:00:00,15972.0
2011-12-12 12:00:00,15717.0
2011-12-12 13:00:00,15611.0
2011-12-12 14:00:00,15482.0
2011-12-12 15:00:00,15705.0
2011-12-12 16:00:00,17242.0
2011-12-12 17:00:00,18382.0
2011-12-12 18:00:00,18354.0
2011-12-12 19:00:00,18066.0
2011-12-12 20:00:00,17460.0
2011-12-12 21:00:00,16311.0
2011-12-12 22:00:00,14674.0
2011-12-12 23:00:00,13143.0
2011-12-13 00:00:00,12200.0
2011-12-13 01:00:00,11754.0
2011-12-13 02:00:00,11580.0
2011-12-13 03:00:00,11596.0
2011-12-13 04:00:00,12007.0
2011-12-13 05:00:00,13210.0
2011-12-13 06:00:00,15391.0
2011-12-13 07:00:00,16461.0
2011-12-13 08:00:00,16480.0
2011-12-13 09:00:00,16322.0
2011-12-13 10:00:00,16186.0
2011-12-13 11:00:00,15975.0
2011-12-13 12:00:00,15716.0
2011-12-13 13:00:00,15582.0
2011-12-13 14:00:00,15428.0
2011-12-13 15:00:00,15620.0
2011-12-13 16:00:00,17172.0
2011-12-13 17:00:00,18430.0
2011-12-13 18:00:00,18357.0
2011-12-13 19:00:00,17985.0
2011-12-13 20:00:00,17336.0
2011-12-13 21:00:00,16199.0
2011-12-13 22:00:00,14575.0
2011-12-13 23:00:00,13026.0
2011-12-14 00:00:00,12012.0
2011-12-14 01:00:00,11496.0
2011-12-14 02:00:00,11262.0
2011-12-14 03:00:00,11237.0
2011-12-14 04:00:00,11559.0
2011-12-14 05:00:00,12668.0
2011-12-14 06:00:00,14789.0
2011-12-14 07:00:00,15938.0
2011-12-14 08:00:00,16054.0
2011-12-14 09:00:00,16036.0
2011-12-14 10:00:00,15998.0
2011-12-14 11:00:00,15898.0
2011-12-14 12:00:00,15724.0
2011-12-14 13:00:00,15684.0
2011-12-14 14:00:00,15625.0
2011-12-14 15:00:00,15855.0
2011-12-14 16:00:00,17278.0
2011-12-14 17:00:00,18298.0
2011-12-14 18:00:00,18163.0
2011-12-14 19:00:00,17760.0
2011-12-14 20:00:00,17126.0
2011-12-14 21:00:00,16006.0
2011-12-14 22:00:00,14394.0
2011-12-14 23:00:00,12811.0
2011-12-15 00:00:00,11751.0
2011-12-15 01:00:00,11203.0
2011-12-15 02:00:00,10951.0
2011-12-15 03:00:00,10917.0
2011-12-15 04:00:00,11203.0
2011-12-15 05:00:00,12308.0
2011-12-15 06:00:00,14366.0
2011-12-15 07:00:00,15641.0
2011-12-15 08:00:00,15840.0
2011-12-15 09:00:00,15952.0
2011-12-15 10:00:00,15997.0
2011-12-15 11:00:00,15972.0
2011-12-15 12:00:00,15842.0
2011-12-15 13:00:00,15847.0
2011-12-15 14:00:00,15771.0
2011-12-15 15:00:00,15960.0
2011-12-15 16:00:00,17144.0
2011-12-15 17:00:00,17795.0
2011-12-15 18:00:00,17535.0
2011-12-15 19:00:00,17146.0
2011-12-15 20:00:00,16503.0
2011-12-15 21:00:00,15405.0
2011-12-15 22:00:00,13857.0
2011-12-15 23:00:00,12273.0
2011-12-16 00:00:00,11205.0
2011-12-16 01:00:00,10613.0
2011-12-16 02:00:00,10357.0
2011-12-16 03:00:00,10299.0
2011-12-16 04:00:00,10584.0
2011-12-16 05:00:00,11668.0
2011-12-16 06:00:00,13740.0
2011-12-16 07:00:00,14924.0
2011-12-16 08:00:00,15166.0
2011-12-16 09:00:00,15258.0
2011-12-16 10:00:00,15322.0
2011-12-16 11:00:00,15262.0
2011-12-16 12:00:00,15104.0
2011-12-16 13:00:00,15048.0
2011-12-16 14:00:00,14964.0
2011-12-16 15:00:00,15155.0
2011-12-16 16:00:00,16588.0
2011-12-16 17:00:00,17528.0
2011-12-16 18:00:00,17313.0
2011-12-16 19:00:00,16812.0
2011-12-16 20:00:00,16256.0
2011-12-16 21:00:00,15463.0
2011-12-16 22:00:00,14261.0
2011-12-16 23:00:00,12873.0
2011-12-17 00:00:00,11798.0
2011-12-17 01:00:00,11228.0
2011-12-17 02:00:00,10958.0
2011-12-17 03:00:00,10871.0
2011-12-17 04:00:00,10996.0
2011-12-17 05:00:00,11489.0
2011-12-17 06:00:00,12361.0
2011-12-17 07:00:00,13292.0
2011-12-17 08:00:00,14328.0
2011-12-17 09:00:00,14908.0
2011-12-17 10:00:00,15062.0
2011-12-17 11:00:00,14978.0
2011-12-17 12:00:00,14836.0
2011-12-17 13:00:00,14735.0
2011-12-17 14:00:00,14750.0
2011-12-17 15:00:00,15038.0
2011-12-17 16:00:00,16454.0
2011-12-17 17:00:00,17336.0
2011-12-17 18:00:00,17108.0
2011-12-17 19:00:00,16713.0
2011-12-17 20:00:00,16313.0
2011-12-17 21:00:00,15672.0
2011-12-17 22:00:00,14690.0
2011-12-17 23:00:00,13524.0
2011-12-18 00:00:00,12552.0
2011-12-18 01:00:00,12001.0
2011-12-18 02:00:00,11715.0
2011-12-18 03:00:00,11626.0
2011-12-18 04:00:00,11707.0
2011-12-18 05:00:00,12070.0
2011-12-18 06:00:00,12752.0
2011-12-18 07:00:00,13525.0
2011-12-18 08:00:00,14565.0
2011-12-18 09:00:00,15203.0
2011-12-18 10:00:00,15424.0
2011-12-18 11:00:00,15461.0
2011-12-18 12:00:00,15422.0
2011-12-18 13:00:00,15289.0
2011-12-18 14:00:00,15213.0
2011-12-18 15:00:00,15537.0
2011-12-18 16:00:00,17197.0
2011-12-18 17:00:00,18416.0
2011-12-18 18:00:00,18524.0
2011-12-18 19:00:00,18241.0
2011-12-18 20:00:00,17823.0
2011-12-18 21:00:00,16827.0
2011-12-18 22:00:00,15415.0
2011-12-18 23:00:00,14016.0
2011-12-19 00:00:00,13117.0
2011-12-19 01:00:00,12667.0
2011-12-19 02:00:00,12509.0
2011-12-19 03:00:00,12548.0
2011-12-19 04:00:00,12939.0
2011-12-19 05:00:00,14143.0
2011-12-19 06:00:00,16255.0
2011-12-19 07:00:00,17332.0
2011-12-19 08:00:00,17120.0
2011-12-19 09:00:00,17014.0
2011-12-19 10:00:00,17037.0
2011-12-19 11:00:00,16970.0
2011-12-19 12:00:00,16685.0
2011-12-19 13:00:00,16463.0
2011-12-19 14:00:00,16278.0
2011-12-19 15:00:00,16504.0
2011-12-19 16:00:00,18032.0
2011-12-19 17:00:00,19038.0
2011-12-19 18:00:00,18850.0
2011-12-19 19:00:00,18390.0
2011-12-19 20:00:00,17680.0
2011-12-19 21:00:00,16470.0
2011-12-19 22:00:00,14800.0
2011-12-19 23:00:00,13176.0
2011-12-20 00:00:00,12041.0
2011-12-20 01:00:00,11450.0
2011-12-20 02:00:00,11144.0
2011-12-20 03:00:00,11095.0
2011-12-20 04:00:00,11449.0
2011-12-20 05:00:00,12553.0
2011-12-20 06:00:00,14636.0
2011-12-20 07:00:00,15856.0
2011-12-20 08:00:00,16105.0
2011-12-20 09:00:00,16151.0
2011-12-20 10:00:00,16149.0
2011-12-20 11:00:00,16074.0
2011-12-20 12:00:00,15897.0
2011-12-20 13:00:00,15849.0
2011-12-20 14:00:00,15768.0
2011-12-20 15:00:00,15989.0
2011-12-20 16:00:00,17585.0
2011-12-20 17:00:00,18742.0
2011-12-20 18:00:00,18714.0
2011-12-20 19:00:00,18398.0
2011-12-20 20:00:00,17818.0
2011-12-20 21:00:00,16753.0
2011-12-20 22:00:00,15135.0
2011-12-20 23:00:00,13567.0
2011-12-21 00:00:00,12470.0
2011-12-21 01:00:00,11881.0
2011-12-21 02:00:00,11584.0
2011-12-21 03:00:00,11502.0
2011-12-21 04:00:00,11797.0
2011-12-21 05:00:00,12851.0
2011-12-21 06:00:00,14840.0
2011-12-21 07:00:00,16114.0
2011-12-21 08:00:00,16311.0
2011-12-21 09:00:00,16379.0
2011-12-21 10:00:00,16407.0
2011-12-21 11:00:00,16384.0
2011-12-21 12:00:00,16315.0
2011-12-21 13:00:00,16328.0
2011-12-21 14:00:00,16269.0
2011-12-21 15:00:00,16509.0
2011-12-21 16:00:00,17641.0
2011-12-21 17:00:00,18184.0
2011-12-21 18:00:00,17933.0
2011-12-21 19:00:00,17517.0
2011-12-21 20:00:00,16846.0
2011-12-21 21:00:00,15756.0
2011-12-21 22:00:00,14168.0
2011-12-21 23:00:00,12530.0
2011-12-22 00:00:00,11396.0
2011-12-22 01:00:00,10802.0
2011-12-22 02:00:00,10494.0
2011-12-22 03:00:00,10414.0
2011-12-22 04:00:00,10701.0
2011-12-22 05:00:00,11722.0
2011-12-22 06:00:00,13683.0
2011-12-22 07:00:00,14852.0
2011-12-22 08:00:00,15095.0
2011-12-22 09:00:00,15183.0
2011-12-22 10:00:00,15229.0
2011-12-22 11:00:00,15132.0
2011-12-22 12:00:00,14896.0
2011-12-22 13:00:00,14817.0
2011-12-22 14:00:00,14714.0
2011-12-22 15:00:00,14916.0
2011-12-22 16:00:00,16314.0
2011-12-22 17:00:00,17358.0
2011-12-22 18:00:00,17245.0
2011-12-22 19:00:00,16872.0
2011-12-22 20:00:00,16315.0
2011-12-22 21:00:00,15369.0
2011-12-22 22:00:00,13937.0
2011-12-22 23:00:00,12431.0
2011-12-23 00:00:00,11306.0
2011-12-23 01:00:00,10702.0
2011-12-23 02:00:00,10383.0
2011-12-23 03:00:00,10308.0
2011-12-23 04:00:00,10580.0
2011-12-23 05:00:00,11469.0
2011-12-23 06:00:00,13126.0
2011-12-23 07:00:00,14472.0
2011-12-23 08:00:00,15094.0
2011-12-23 09:00:00,15408.0
2011-12-23 10:00:00,15491.0
2011-12-23 11:00:00,15427.0
2011-12-23 12:00:00,15236.0
2011-12-23 13:00:00,15080.0
2011-12-23 14:00:00,14929.0
2011-12-23 15:00:00,15058.0
2011-12-23 16:00:00,16374.0
2011-12-23 17:00:00,17443.0
2011-12-23 18:00:00,17217.0
2011-12-23 19:00:00,16800.0
2011-12-23 20:00:00,16328.0
2011-12-23 21:00:00,15613.0
2011-12-23 22:00:00,14485.0
2011-12-23 23:00:00,13204.0
2011-12-24 00:00:00,12128.0
2011-12-24 01:00:00,11512.0
2011-12-24 02:00:00,11219.0
2011-12-24 03:00:00,11113.0
2011-12-24 04:00:00,11212.0
2011-12-24 05:00:00,11622.0
2011-12-24 06:00:00,12441.0
2011-12-24 07:00:00,13406.0
2011-12-24 08:00:00,14514.0
2011-12-24 09:00:00,15253.0
2011-12-24 10:00:00,15516.0
2011-12-24 11:00:00,15481.0
2011-12-24 12:00:00,15310.0
2011-12-24 13:00:00,15085.0
2011-12-24 14:00:00,14976.0
2011-12-24 15:00:00,15060.0
2011-12-24 16:00:00,16213.0
2011-12-24 17:00:00,17029.0
2011-12-24 18:00:00,16497.0
2011-12-24 19:00:00,15975.0
2011-12-24 20:00:00,15664.0
2011-12-24 21:00:00,15363.0
2011-12-24 22:00:00,14805.0
2011-12-24 23:00:00,13933.0
2011-12-25 00:00:00,13004.0
2011-12-25 01:00:00,12310.0
2011-12-25 02:00:00,11952.0
2011-12-25 03:00:00,11810.0
2011-12-25 04:00:00,11823.0
2011-12-25 05:00:00,12065.0
2011-12-25 06:00:00,12642.0
2011-12-25 07:00:00,13451.0
2011-12-25 08:00:00,14430.0
2011-12-25 09:00:00,15031.0
2011-12-25 10:00:00,15220.0
2011-12-25 11:00:00,15241.0
2011-12-25 12:00:00,15042.0
2011-12-25 13:00:00,14554.0
2011-12-25 14:00:00,14050.0
2011-12-25 15:00:00,13842.0
2011-12-25 16:00:00,14609.0
2011-12-25 17:00:00,15177.0
2011-12-25 18:00:00,15084.0
2011-12-25 19:00:00,14933.0
2011-12-25 20:00:00,14717.0
2011-12-25 21:00:00,14235.0
2011-12-25 22:00:00,13345.0
2011-12-25 23:00:00,12293.0
2011-12-26 00:00:00,11445.0
2011-12-26 01:00:00,10939.0
2011-12-26 02:00:00,10699.0
2011-12-26 03:00:00,10629.0
2011-12-26 04:00:00,10800.0
2011-12-26 05:00:00,11280.0
2011-12-26 06:00:00,11992.0
2011-12-26 07:00:00,12582.0
2011-12-26 08:00:00,13365.0
2011-12-26 09:00:00,14090.0
2011-12-26 10:00:00,14507.0
2011-12-26 11:00:00,14613.0
2011-12-26 12:00:00,14497.0
2011-12-26 13:00:00,14253.0
2011-12-26 14:00:00,14086.0
2011-12-26 15:00:00,14259.0
2011-12-26 16:00:00,15724.0
2011-12-26 17:00:00,17095.0
2011-12-26 18:00:00,17039.0
2011-12-26 19:00:00,16713.0
2011-12-26 20:00:00,16222.0
2011-12-26 21:00:00,15367.0
2011-12-26 22:00:00,14155.0
2011-12-26 23:00:00,12904.0
2011-12-27 00:00:00,11987.0
2011-12-27 01:00:00,11510.0
2011-12-27 02:00:00,11312.0
2011-12-27 03:00:00,11273.0
2011-12-27 04:00:00,11563.0
2011-12-27 05:00:00,12409.0
2011-12-27 06:00:00,13784.0
2011-12-27 07:00:00,14844.0
2011-12-27 08:00:00,15527.0
2011-12-27 09:00:00,15971.0
2011-12-27 10:00:00,16200.0
2011-12-27 11:00:00,16249.0
2011-12-27 12:00:00,16081.0
2011-12-27 13:00:00,15931.0
2011-12-27 14:00:00,15772.0
2011-12-27 15:00:00,15946.0
2011-12-27 16:00:00,17154.0
2011-12-27 17:00:00,17824.0
2011-12-27 18:00:00,17514.0
2011-12-27 19:00:00,16929.0
2011-12-27 20:00:00,16201.0
2011-12-27 21:00:00,15095.0
2011-12-27 22:00:00,13623.0
2011-12-27 23:00:00,12223.0
2011-12-28 00:00:00,11205.0
2011-12-28 01:00:00,10616.0
2011-12-28 02:00:00,10284.0
2011-12-28 03:00:00,10207.0
2011-12-28 04:00:00,10428.0
2011-12-28 05:00:00,11207.0
2011-12-28 06:00:00,12571.0
2011-12-28 07:00:00,13683.0
2011-12-28 08:00:00,14421.0
2011-12-28 09:00:00,14935.0
2011-12-28 10:00:00,15303.0
2011-12-28 11:00:00,15499.0
2011-12-28 12:00:00,15495.0
2011-12-28 13:00:00,15464.0
2011-12-28 14:00:00,15369.0
2011-12-28 15:00:00,15496.0
2011-12-28 16:00:00,16817.0
2011-12-28 17:00:00,18076.0
2011-12-28 18:00:00,18003.0
2011-12-28 19:00:00,17617.0
2011-12-28 20:00:00,17065.0
2011-12-28 21:00:00,16111.0
2011-12-28 22:00:00,14820.0
2011-12-28 23:00:00,13522.0
2011-12-29 00:00:00,12598.0
2011-12-29 01:00:00,12135.0
2011-12-29 02:00:00,11950.0
2011-12-29 03:00:00,11967.0
2011-12-29 04:00:00,12279.0
2011-12-29 05:00:00,13161.0
2011-12-29 06:00:00,14555.0
2011-12-29 07:00:00,15619.0
2011-12-29 08:00:00,16262.0
2011-12-29 09:00:00,16627.0
2011-12-29 10:00:00,16772.0
2011-12-29 11:00:00,16688.0
2011-12-29 12:00:00,16453.0
2011-12-29 13:00:00,16242.0
2011-12-29 14:00:00,16074.0
2011-12-29 15:00:00,16210.0
2011-12-29 16:00:00,17495.0
2011-12-29 17:00:00,18614.0
2011-12-29 18:00:00,18458.0
2011-12-29 19:00:00,17979.0
2011-12-29 20:00:00,17353.0
2011-12-29 21:00:00,16352.0
2011-12-29 22:00:00,15013.0
2011-12-29 23:00:00,13679.0
2011-12-30 00:00:00,12701.0
2011-12-30 01:00:00,12135.0
2011-12-30 02:00:00,11853.0
2011-12-30 03:00:00,11772.0
2011-12-30 04:00:00,11952.0
2011-12-30 05:00:00,12669.0
2011-12-30 06:00:00,13890.0
2011-12-30 07:00:00,14926.0
2011-12-30 08:00:00,15640.0
2011-12-30 09:00:00,16067.0
2011-12-30 10:00:00,16263.0
2011-12-30 11:00:00,16197.0
2011-12-30 12:00:00,15911.0
2011-12-30 13:00:00,15639.0
2011-12-30 14:00:00,15345.0
2011-12-30 15:00:00,15335.0
2011-12-30 16:00:00,16438.0
2011-12-30 17:00:00,17442.0
2011-12-30 18:00:00,17173.0
2011-12-30 19:00:00,16661.0
2011-12-30 20:00:00,16033.0
2011-12-30 21:00:00,15224.0
2011-12-30 22:00:00,14071.0
2011-12-30 23:00:00,12849.0
2011-12-31 00:00:00,11858.0
2011-12-31 01:00:00,11275.0
2011-12-31 02:00:00,10895.0
2011-12-31 03:00:00,10733.0
2011-12-31 04:00:00,10753.0
2011-12-31 05:00:00,11053.0
2011-12-31 06:00:00,11677.0
2011-12-31 07:00:00,12447.0
2011-12-31 08:00:00,13417.0
2011-12-31 09:00:00,14313.0
2011-12-31 10:00:00,14905.0
2011-12-31 11:00:00,15084.0
2011-12-31 12:00:00,15010.0
2011-12-31 13:00:00,14830.0
2011-12-31 14:00:00,14659.0
2011-12-31 15:00:00,14698.0
2011-12-31 16:00:00,15733.0
2011-12-31 17:00:00,16662.0
2011-12-31 18:00:00,16295.0
2011-12-31 19:00:00,15550.0
2011-12-31 20:00:00,14822.0
2011-12-31 21:00:00,14133.0
2011-12-31 22:00:00,13391.0
2011-12-31 23:00:00,12660.0
2012-01-01 00:00:00,11929.0
2012-01-01 01:00:00,11297.0
2012-01-01 02:00:00,10815.0
2012-01-01 03:00:00,10571.0
2012-01-01 04:00:00,10538.0
2012-01-01 05:00:00,10733.0
2012-01-01 06:00:00,11128.0
2012-01-01 07:00:00,11469.0
2012-01-01 08:00:00,12078.0
2012-01-01 09:00:00,12660.0
2012-01-01 10:00:00,13025.0
2012-01-01 11:00:00,13172.0
2012-01-01 12:00:00,13242.0
2012-01-01 13:00:00,13121.0
2012-01-01 14:00:00,13001.0
2012-01-01 15:00:00,13090.0
2012-01-01 16:00:00,14378.0
2012-01-01 17:00:00,15582.0
2012-01-01 18:00:00,15477.0
2012-01-01 19:00:00,15008.0
2012-01-01 20:00:00,14451.0
2012-01-01 21:00:00,13672.0
2012-01-01 22:00:00,12688.0
2012-01-01 23:00:00,11620.0
2012-01-02 00:00:00,10721.0
2012-01-02 01:00:00,10183.0
2012-01-02 02:00:00,9917.0
2012-01-02 03:00:00,9863.0
2012-01-02 04:00:00,10086.0
2012-01-02 05:00:00,10636.0
2012-01-02 06:00:00,11453.0
2012-01-02 07:00:00,12117.0
2012-01-02 08:00:00,12952.0
2012-01-02 09:00:00,13811.0
2012-01-02 10:00:00,14424.0
2012-01-02 11:00:00,14685.0
2012-01-02 12:00:00,14666.0
2012-01-02 13:00:00,14563.0
2012-01-02 14:00:00,14518.0
2012-01-02 15:00:00,14748.0
2012-01-02 16:00:00,16138.0
2012-01-02 17:00:00,17514.0
2012-01-02 18:00:00,17377.0
2012-01-02 19:00:00,16950.0
2012-01-02 20:00:00,16266.0
2012-01-02 21:00:00,15193.0
2012-01-02 22:00:00,13861.0
2012-01-02 23:00:00,12635.0
2012-01-03 00:00:00,11824.0
2012-01-03 01:00:00,11417.0
2012-01-03 02:00:00,11239.0
2012-01-03 03:00:00,11282.0
2012-01-03 04:00:00,11694.0
2012-01-03 05:00:00,12890.0
2012-01-03 06:00:00,15016.0
2012-01-03 07:00:00,16202.0
2012-01-03 08:00:00,16389.0
2012-01-03 09:00:00,16514.0
2012-01-03 10:00:00,16656.0
2012-01-03 11:00:00,16686.0
2012-01-03 12:00:00,16630.0
2012-01-03 13:00:00,16598.0
2012-01-03 14:00:00,16537.0
2012-01-03 15:00:00,16772.0
2012-01-03 16:00:00,18092.0
2012-01-03 17:00:00,19507.0
2012-01-03 18:00:00,19541.0
2012-01-03 19:00:00,19208.0
2012-01-03 20:00:00,18578.0
2012-01-03 21:00:00,17476.0
2012-01-03 22:00:00,16006.0
2012-01-03 23:00:00,14717.0
2012-01-04 00:00:00,13917.0
2012-01-04 01:00:00,13497.0
2012-01-04 02:00:00,13296.0
2012-01-04 03:00:00,13330.0
2012-01-04 04:00:00,13684.0
2012-01-04 05:00:00,14823.0
2012-01-04 06:00:00,16920.0
2012-01-04 07:00:00,18017.0
2012-01-04 08:00:00,18051.0
2012-01-04 09:00:00,18001.0
2012-01-04 10:00:00,17954.0
2012-01-04 11:00:00,17796.0
2012-01-04 12:00:00,17550.0
2012-01-04 13:00:00,17408.0
2012-01-04 14:00:00,17292.0
2012-01-04 15:00:00,17480.0
2012-01-04 16:00:00,18692.0
2012-01-04 17:00:00,19663.0
2012-01-04 18:00:00,19517.0
2012-01-04 19:00:00,19051.0
2012-01-04 20:00:00,18313.0
2012-01-04 21:00:00,17118.0
2012-01-04 22:00:00,15573.0
2012-01-04 23:00:00,14134.0
2012-01-05 00:00:00,13212.0
2012-01-05 01:00:00,12733.0
2012-01-05 02:00:00,12497.0
2012-01-05 03:00:00,12452.0
2012-01-05 04:00:00,12771.0
2012-01-05 05:00:00,13829.0
2012-01-05 06:00:00,15822.0
2012-01-05 07:00:00,16975.0
2012-01-05 08:00:00,17100.0
2012-01-05 09:00:00,17182.0
2012-01-05 10:00:00,17104.0
2012-01-05 11:00:00,16858.0
2012-01-05 12:00:00,16651.0
2012-01-05 13:00:00,16568.0
2012-01-05 14:00:00,16443.0
2012-01-05 15:00:00,16552.0
2012-01-05 16:00:00,17615.0
2012-01-05 17:00:00,18753.0
2012-01-05 18:00:00,18677.0
2012-01-05 19:00:00,18241.0
2012-01-05 20:00:00,17562.0
2012-01-05 21:00:00,16434.0
2012-01-05 22:00:00,14924.0
2012-01-05 23:00:00,13616.0
2012-01-06 00:00:00,12753.0
2012-01-06 01:00:00,12310.0
2012-01-06 02:00:00,12077.0
2012-01-06 03:00:00,12011.0
2012-01-06 04:00:00,12304.0
2012-01-06 05:00:00,13340.0
2012-01-06 06:00:00,15280.0
2012-01-06 07:00:00,16439.0
2012-01-06 08:00:00,16578.0
2012-01-06 09:00:00,16589.0
2012-01-06 10:00:00,16522.0
2012-01-06 11:00:00,16281.0
2012-01-06 12:00:00,16015.0
2012-01-06 13:00:00,15868.0
2012-01-06 14:00:00,15644.0
2012-01-06 15:00:00,15720.0
2012-01-06 16:00:00,16643.0
2012-01-06 17:00:00,17518.0
2012-01-06 18:00:00,17228.0
2012-01-06 19:00:00,16731.0
2012-01-06 20:00:00,16074.0
2012-01-06 21:00:00,15207.0
2012-01-06 22:00:00,14043.0
2012-01-06 23:00:00,12832.0
2012-01-07 00:00:00,11914.0
2012-01-07 01:00:00,11410.0
2012-01-07 02:00:00,11138.0
2012-01-07 03:00:00,11025.0
2012-01-07 04:00:00,11136.0
2012-01-07 05:00:00,11557.0
2012-01-07 06:00:00,12315.0
2012-01-07 07:00:00,13098.0
2012-01-07 08:00:00,13928.0
2012-01-07 09:00:00,14433.0
2012-01-07 10:00:00,14567.0
2012-01-07 11:00:00,14443.0
2012-01-07 12:00:00,14176.0
2012-01-07 13:00:00,13882.0
2012-01-07 14:00:00,13675.0
2012-01-07 15:00:00,13823.0
2012-01-07 16:00:00,14839.0
2012-01-07 17:00:00,15847.0
2012-01-07 18:00:00,15666.0
2012-01-07 19:00:00,15162.0
2012-01-07 20:00:00,14672.0
2012-01-07 21:00:00,13984.0
2012-01-07 22:00:00,13094.0
2012-01-07 23:00:00,12106.0
2012-01-08 00:00:00,11282.0
2012-01-08 01:00:00,10804.0
2012-01-08 02:00:00,10525.0
2012-01-08 03:00:00,10445.0
2012-01-08 04:00:00,10521.0
2012-01-08 05:00:00,10831.0
2012-01-08 06:00:00,11425.0
2012-01-08 07:00:00,12036.0
2012-01-08 08:00:00,12907.0
2012-01-08 09:00:00,13584.0
2012-01-08 10:00:00,14016.0
2012-01-08 11:00:00,14267.0
2012-01-08 12:00:00,14322.0
2012-01-08 13:00:00,14238.0
2012-01-08 14:00:00,14186.0
2012-01-08 15:00:00,14391.0
2012-01-08 16:00:00,15632.0
2012-01-08 17:00:00,16900.0
2012-01-08 18:00:00,16861.0
2012-01-08 19:00:00,16430.0
2012-01-08 20:00:00,15866.0
2012-01-08 21:00:00,14914.0
2012-01-08 22:00:00,13688.0
2012-01-08 23:00:00,12616.0
2012-01-09 00:00:00,11905.0
2012-01-09 01:00:00,11562.0
2012-01-09 02:00:00,11451.0
2012-01-09 03:00:00,11498.0
2012-01-09 04:00:00,11916.0
2012-01-09 05:00:00,13106.0
2012-01-09 06:00:00,15254.0
2012-01-09 07:00:00,16491.0
2012-01-09 08:00:00,16610.0
2012-01-09 09:00:00,16628.0
2012-01-09 10:00:00,16615.0
2012-01-09 11:00:00,16465.0
2012-01-09 12:00:00,16191.0
2012-01-09 13:00:00,16006.0
2012-01-09 14:00:00,15789.0
2012-01-09 15:00:00,15850.0
2012-01-09 16:00:00,16932.0
2012-01-09 17:00:00,18352.0
2012-01-09 18:00:00,18306.0
2012-01-09 19:00:00,17820.0
2012-01-09 20:00:00,17099.0
2012-01-09 21:00:00,15915.0
2012-01-09 22:00:00,14420.0
2012-01-09 23:00:00,13109.0
2012-01-10 00:00:00,12224.0
2012-01-10 01:00:00,11796.0
2012-01-10 02:00:00,11564.0
2012-01-10 03:00:00,11547.0
2012-01-10 04:00:00,11888.0
2012-01-10 05:00:00,12990.0
2012-01-10 06:00:00,15077.0
2012-01-10 07:00:00,16186.0
2012-01-10 08:00:00,16254.0
2012-01-10 09:00:00,16335.0
2012-01-10 10:00:00,16348.0
2012-01-10 11:00:00,16182.0
2012-01-10 12:00:00,15928.0
2012-01-10 13:00:00,15792.0
2012-01-10 14:00:00,15659.0
2012-01-10 15:00:00,15763.0
2012-01-10 16:00:00,16816.0
2012-01-10 17:00:00,17957.0
2012-01-10 18:00:00,17840.0
2012-01-10 19:00:00,17395.0
2012-01-10 20:00:00,16724.0
2012-01-10 21:00:00,15622.0
2012-01-10 22:00:00,14174.0
2012-01-10 23:00:00,12906.0
2012-01-11 00:00:00,12084.0
2012-01-11 01:00:00,11683.0
2012-01-11 02:00:00,11513.0
2012-01-11 03:00:00,11551.0
2012-01-11 04:00:00,11932.0
2012-01-11 05:00:00,13126.0
2012-01-11 06:00:00,15240.0
2012-01-11 07:00:00,16346.0
2012-01-11 08:00:00,16336.0
2012-01-11 09:00:00,16242.0
2012-01-11 10:00:00,16186.0
2012-01-11 11:00:00,16051.0
2012-01-11 12:00:00,15820.0
2012-01-11 13:00:00,15722.0
2012-01-11 14:00:00,15579.0
2012-01-11 15:00:00,15692.0
2012-01-11 16:00:00,16720.0
2012-01-11 17:00:00,17956.0
2012-01-11 18:00:00,17884.0
2012-01-11 19:00:00,17451.0
2012-01-11 20:00:00,16779.0
2012-01-11 21:00:00,15616.0
2012-01-11 22:00:00,14120.0
2012-01-11 23:00:00,12806.0
2012-01-12 00:00:00,11952.0
2012-01-12 01:00:00,11482.0
2012-01-12 02:00:00,11254.0
2012-01-12 03:00:00,11235.0
2012-01-12 04:00:00,11565.0
2012-01-12 05:00:00,12646.0
2012-01-12 06:00:00,14612.0
2012-01-12 07:00:00,15984.0
2012-01-12 08:00:00,16357.0
2012-01-12 09:00:00,16627.0
2012-01-12 10:00:00,16854.0
2012-01-12 11:00:00,16925.0
2012-01-12 12:00:00,16866.0
2012-01-12 13:00:00,16790.0
2012-01-12 14:00:00,16569.0
2012-01-12 15:00:00,16542.0
2012-01-12 16:00:00,17321.0
2012-01-12 17:00:00,18191.0
2012-01-12 18:00:00,18005.0
2012-01-12 19:00:00,17479.0
2012-01-12 20:00:00,16739.0
2012-01-12 21:00:00,15561.0
2012-01-12 22:00:00,14079.0
2012-01-12 23:00:00,12782.0
2012-01-13 00:00:00,11888.0
2012-01-13 01:00:00,11428.0
2012-01-13 02:00:00,11212.0
2012-01-13 03:00:00,11180.0
2012-01-13 04:00:00,11475.0
2012-01-13 05:00:00,12505.0
2012-01-13 06:00:00,14453.0
2012-01-13 07:00:00,15730.0
2012-01-13 08:00:00,15984.0
2012-01-13 09:00:00,16063.0
2012-01-13 10:00:00,16087.0
2012-01-13 11:00:00,16012.0
2012-01-13 12:00:00,15865.0
2012-01-13 13:00:00,15806.0
2012-01-13 14:00:00,15736.0
2012-01-13 15:00:00,15962.0
2012-01-13 16:00:00,16974.0
2012-01-13 17:00:00,17949.0
2012-01-13 18:00:00,17778.0
2012-01-13 19:00:00,17316.0
2012-01-13 20:00:00,16731.0
2012-01-13 21:00:00,15864.0
2012-01-13 22:00:00,14724.0
2012-01-13 23:00:00,13572.0
2012-01-14 00:00:00,12657.0
2012-01-14 01:00:00,12131.0
2012-01-14 02:00:00,11855.0
2012-01-14 03:00:00,11750.0
2012-01-14 04:00:00,11872.0
2012-01-14 05:00:00,12289.0
2012-01-14 06:00:00,13082.0
2012-01-14 07:00:00,13873.0
2012-01-14 08:00:00,14753.0
2012-01-14 09:00:00,15463.0
2012-01-14 10:00:00,15773.0
2012-01-14 11:00:00,15702.0
2012-01-14 12:00:00,15440.0
2012-01-14 13:00:00,15170.0
2012-01-14 14:00:00,15023.0
2012-01-14 15:00:00,15142.0
2012-01-14 16:00:00,16131.0
2012-01-14 17:00:00,17479.0
2012-01-14 18:00:00,17462.0
2012-01-14 19:00:00,17065.0
2012-01-14 20:00:00,16528.0
2012-01-14 21:00:00,15863.0
2012-01-14 22:00:00,15071.0
2012-01-14 23:00:00,14147.0
2012-01-15 00:00:00,13306.0
2012-01-15 01:00:00,12800.0
2012-01-15 02:00:00,12585.0
2012-01-15 03:00:00,12564.0
2012-01-15 04:00:00,12702.0
2012-01-15 05:00:00,13066.0
2012-01-15 06:00:00,13688.0
2012-01-15 07:00:00,14352.0
2012-01-15 08:00:00,15290.0
2012-01-15 09:00:00,15992.0
2012-01-15 10:00:00,16375.0
2012-01-15 11:00:00,16511.0
2012-01-15 12:00:00,16494.0
2012-01-15 13:00:00,16324.0
2012-01-15 14:00:00,16218.0
2012-01-15 15:00:00,16354.0
2012-01-15 16:00:00,17430.0
2012-01-15 17:00:00,18809.0
2012-01-15 18:00:00,18827.0
2012-01-15 19:00:00,18306.0
2012-01-15 20:00:00,17777.0
2012-01-15 21:00:00,16880.0
2012-01-15 22:00:00,15811.0
2012-01-15 23:00:00,14769.0
2012-01-16 00:00:00,14025.0
2012-01-16 01:00:00,13631.0
2012-01-16 02:00:00,13465.0
2012-01-16 03:00:00,13476.0
2012-01-16 04:00:00,13794.0
2012-01-16 05:00:00,14614.0
2012-01-16 06:00:00,15965.0
2012-01-16 07:00:00,16961.0
2012-01-16 08:00:00,17641.0
2012-01-16 09:00:00,18019.0
2012-01-16 10:00:00,18173.0
2012-01-16 11:00:00,18038.0
2012-01-16 12:00:00,17745.0
2012-01-16 13:00:00,17542.0
2012-01-16 14:00:00,17316.0
2012-01-16 15:00:00,17348.0
2012-01-16 16:00:00,18249.0
2012-01-16 17:00:00,19428.0
2012-01-16 18:00:00,19208.0
2012-01-16 19:00:00,18635.0
2012-01-16 20:00:00,17781.0
2012-01-16 21:00:00,16522.0
2012-01-16 22:00:00,15032.0
2012-01-16 23:00:00,13691.0
2012-01-17 00:00:00,12794.0
2012-01-17 01:00:00,12269.0
2012-01-17 02:00:00,12032.0
2012-01-17 03:00:00,11961.0
2012-01-17 04:00:00,12263.0
2012-01-17 05:00:00,13306.0
2012-01-17 06:00:00,15216.0
2012-01-17 07:00:00,16337.0
2012-01-17 08:00:00,16518.0
2012-01-17 09:00:00,16527.0
2012-01-17 10:00:00,16514.0
2012-01-17 11:00:00,16448.0
2012-01-17 12:00:00,16351.0
2012-01-17 13:00:00,16345.0
2012-01-17 14:00:00,16291.0
2012-01-17 15:00:00,16440.0
2012-01-17 16:00:00,17369.0
2012-01-17 17:00:00,18223.0
2012-01-17 18:00:00,18003.0
2012-01-17 19:00:00,17454.0
2012-01-17 20:00:00,16626.0
2012-01-17 21:00:00,15419.0
2012-01-17 22:00:00,13886.0
2012-01-17 23:00:00,12545.0
2012-01-18 00:00:00,11651.0
2012-01-18 01:00:00,11192.0
2012-01-18 02:00:00,10957.0
2012-01-18 03:00:00,10921.0
2012-01-18 04:00:00,11299.0
2012-01-18 05:00:00,12474.0
2012-01-18 06:00:00,14612.0
2012-01-18 07:00:00,15733.0
2012-01-18 08:00:00,15842.0
2012-01-18 09:00:00,15936.0
2012-01-18 10:00:00,16052.0
2012-01-18 11:00:00,16060.0
2012-01-18 12:00:00,15987.0
2012-01-18 13:00:00,15976.0
2012-01-18 14:00:00,15915.0
2012-01-18 15:00:00,16061.0
2012-01-18 16:00:00,17025.0
2012-01-18 17:00:00,18632.0
2012-01-18 18:00:00,18762.0
2012-01-18 19:00:00,18438.0
2012-01-18 20:00:00,17796.0
2012-01-18 21:00:00,16729.0
2012-01-18 22:00:00,15354.0
2012-01-18 23:00:00,14074.0
2012-01-19 00:00:00,13281.0
2012-01-19 01:00:00,12906.0
2012-01-19 02:00:00,12764.0
2012-01-19 03:00:00,12797.0
2012-01-19 04:00:00,13206.0
2012-01-19 05:00:00,14381.0
2012-01-19 06:00:00,16547.0
2012-01-19 07:00:00,17672.0
2012-01-19 08:00:00,17702.0
2012-01-19 09:00:00,17618.0
2012-01-19 10:00:00,17517.0
2012-01-19 11:00:00,17305.0
2012-01-19 12:00:00,17021.0
2012-01-19 13:00:00,16835.0
2012-01-19 14:00:00,16657.0
2012-01-19 15:00:00,16761.0
2012-01-19 16:00:00,17608.0
2012-01-19 17:00:00,18806.0
2012-01-19 18:00:00,18760.0
2012-01-19 19:00:00,18421.0
2012-01-19 20:00:00,17667.0
2012-01-19 21:00:00,16500.0
2012-01-19 22:00:00,15012.0
2012-01-19 23:00:00,13670.0
2012-01-20 00:00:00,12797.0
2012-01-20 01:00:00,12298.0
2012-01-20 02:00:00,12061.0
2012-01-20 03:00:00,12026.0
2012-01-20 04:00:00,12397.0
2012-01-20 05:00:00,13498.0
2012-01-20 06:00:00,15514.0
2012-01-20 07:00:00,16567.0
2012-01-20 08:00:00,16703.0
2012-01-20 09:00:00,16760.0
2012-01-20 10:00:00,16806.0
2012-01-20 11:00:00,16749.0
2012-01-20 12:00:00,16556.0
2012-01-20 13:00:00,16436.0
2012-01-20 14:00:00,16238.0
2012-01-20 15:00:00,16266.0
2012-01-20 16:00:00,16996.0
2012-01-20 17:00:00,18329.0
2012-01-20 18:00:00,18255.0
2012-01-20 19:00:00,17802.0
2012-01-20 20:00:00,17213.0
2012-01-20 21:00:00,16378.0
2012-01-20 22:00:00,15240.0
2012-01-20 23:00:00,14086.0
2012-01-21 00:00:00,13254.0
2012-01-21 01:00:00,12780.0
2012-01-21 02:00:00,12498.0
2012-01-21 03:00:00,12377.0
2012-01-21 04:00:00,12477.0
2012-01-21 05:00:00,12887.0
2012-01-21 06:00:00,13662.0
2012-01-21 07:00:00,14579.0
2012-01-21 08:00:00,15642.0
2012-01-21 09:00:00,16563.0
2012-01-21 10:00:00,17115.0
2012-01-21 11:00:00,17360.0
2012-01-21 12:00:00,17357.0
2012-01-21 13:00:00,17145.0
2012-01-21 14:00:00,16866.0
2012-01-21 15:00:00,16767.0
2012-01-21 16:00:00,17419.0
2012-01-21 17:00:00,18519.0
2012-01-21 18:00:00,18335.0
2012-01-21 19:00:00,17691.0
2012-01-21 20:00:00,17033.0
2012-01-21 21:00:00,16190.0
2012-01-21 22:00:00,15151.0
2012-01-21 23:00:00,14117.0
2012-01-22 00:00:00,13343.0
2012-01-22 01:00:00,12897.0
2012-01-22 02:00:00,12693.0
2012-01-22 03:00:00,12600.0
2012-01-22 04:00:00,12682.0
2012-01-22 05:00:00,13035.0
2012-01-22 06:00:00,13636.0
2012-01-22 07:00:00,14297.0
2012-01-22 08:00:00,15178.0
2012-01-22 09:00:00,15735.0
2012-01-22 10:00:00,15944.0
2012-01-22 11:00:00,15947.0
2012-01-22 12:00:00,15858.0
2012-01-22 13:00:00,15750.0
2012-01-22 14:00:00,15685.0
2012-01-22 15:00:00,15714.0
2012-01-22 16:00:00,16456.0
2012-01-22 17:00:00,17554.0
2012-01-22 18:00:00,17560.0
2012-01-22 19:00:00,17240.0
2012-01-22 20:00:00,16603.0
2012-01-22 21:00:00,15563.0
2012-01-22 22:00:00,14385.0
2012-01-22 23:00:00,13208.0
2012-01-23 00:00:00,12361.0
2012-01-23 01:00:00,11947.0
2012-01-23 02:00:00,11766.0
2012-01-23 03:00:00,11781.0
2012-01-23 04:00:00,12148.0
2012-01-23 05:00:00,13254.0
2012-01-23 06:00:00,15281.0
2012-01-23 07:00:00,16415.0
2012-01-23 08:00:00,16662.0
2012-01-23 09:00:00,16798.0
2012-01-23 10:00:00,16930.0
2012-01-23 11:00:00,16901.0
2012-01-23 12:00:00,16738.0
2012-01-23 13:00:00,16617.0
2012-01-23 14:00:00,16438.0
2012-01-23 15:00:00,16446.0
2012-01-23 16:00:00,17206.0
2012-01-23 17:00:00,18289.0
2012-01-23 18:00:00,18135.0
2012-01-23 19:00:00,17569.0
2012-01-23 20:00:00,16726.0
2012-01-23 21:00:00,15487.0
2012-01-23 22:00:00,13956.0
2012-01-23 23:00:00,12592.0
2012-01-24 00:00:00,11718.0
2012-01-24 01:00:00,11177.0
2012-01-24 02:00:00,10902.0
2012-01-24 03:00:00,10840.0
2012-01-24 04:00:00,11138.0
2012-01-24 05:00:00,12181.0
2012-01-24 06:00:00,14216.0
2012-01-24 07:00:00,15330.0
2012-01-24 08:00:00,15453.0
2012-01-24 09:00:00,15387.0
2012-01-24 10:00:00,15392.0
2012-01-24 11:00:00,15335.0
2012-01-24 12:00:00,15159.0
2012-01-24 13:00:00,15052.0
2012-01-24 14:00:00,14897.0
2012-01-24 15:00:00,14920.0
2012-01-24 16:00:00,15664.0
2012-01-24 17:00:00,17026.0
2012-01-24 18:00:00,17055.0
2012-01-24 19:00:00,16643.0
2012-01-24 20:00:00,15981.0
2012-01-24 21:00:00,14873.0
2012-01-24 22:00:00,13502.0
2012-01-24 23:00:00,12245.0
2012-01-25 00:00:00,11424.0
2012-01-25 01:00:00,11022.0
2012-01-25 02:00:00,10843.0
2012-01-25 03:00:00,10860.0
2012-01-25 04:00:00,11210.0
2012-01-25 05:00:00,12350.0
2012-01-25 06:00:00,14480.0
2012-01-25 07:00:00,15650.0
2012-01-25 08:00:00,15750.0
2012-01-25 09:00:00,15833.0
2012-01-25 10:00:00,15904.0
2012-01-25 11:00:00,15861.0
2012-01-25 12:00:00,15702.0
2012-01-25 13:00:00,15623.0
2012-01-25 14:00:00,15446.0
2012-01-25 15:00:00,15433.0
2012-01-25 16:00:00,16127.0
2012-01-25 17:00:00,17651.0
2012-01-25 18:00:00,17752.0
2012-01-25 19:00:00,17344.0
2012-01-25 20:00:00,16691.0
2012-01-25 21:00:00,15550.0
2012-01-25 22:00:00,14083.0
2012-01-25 23:00:00,12780.0
2012-01-26 00:00:00,11924.0
2012-01-26 01:00:00,11487.0
2012-01-26 02:00:00,11295.0
2012-01-26 03:00:00,11293.0
2012-01-26 04:00:00,11657.0
2012-01-26 05:00:00,12755.0
2012-01-26 06:00:00,14866.0
2012-01-26 07:00:00,15993.0
2012-01-26 08:00:00,16059.0
2012-01-26 09:00:00,16008.0
2012-01-26 10:00:00,15957.0
2012-01-26 11:00:00,15854.0
2012-01-26 12:00:00,15725.0
2012-01-26 13:00:00,15715.0
2012-01-26 14:00:00,15668.0
2012-01-26 15:00:00,15796.0
2012-01-26 16:00:00,16578.0
2012-01-26 17:00:00,17757.0
2012-01-26 18:00:00,17704.0
2012-01-26 19:00:00,17284.0
2012-01-26 20:00:00,16586.0
2012-01-26 21:00:00,15475.0
2012-01-26 22:00:00,14028.0
2012-01-26 23:00:00,12730.0
2012-01-27 00:00:00,11871.0
2012-01-27 01:00:00,11387.0
2012-01-27 02:00:00,11160.0
2012-01-27 03:00:00,11073.0
2012-01-27 04:00:00,11371.0
2012-01-27 05:00:00,12381.0
2012-01-27 06:00:00,14291.0
2012-01-27 07:00:00,15576.0
2012-01-27 08:00:00,15963.0
2012-01-27 09:00:00,16221.0
2012-01-27 10:00:00,16402.0
2012-01-27 11:00:00,16455.0
2012-01-27 12:00:00,16340.0
2012-01-27 13:00:00,16220.0
2012-01-27 14:00:00,16011.0
2012-01-27 15:00:00,15944.0
2012-01-27 16:00:00,16428.0
2012-01-27 17:00:00,17128.0
2012-01-27 18:00:00,16883.0
2012-01-27 19:00:00,16318.0
2012-01-27 20:00:00,15708.0
2012-01-27 21:00:00,14875.0
2012-01-27 22:00:00,13753.0
2012-01-27 23:00:00,12626.0
2012-01-28 00:00:00,11743.0
2012-01-28 01:00:00,11215.0
2012-01-28 02:00:00,10935.0
2012-01-28 03:00:00,10832.0
2012-01-28 04:00:00,10927.0
2012-01-28 05:00:00,11376.0
2012-01-28 06:00:00,12177.0
2012-01-28 07:00:00,13005.0
2012-01-28 08:00:00,13893.0
2012-01-28 09:00:00,14470.0
2012-01-28 10:00:00,14710.0
2012-01-28 11:00:00,14571.0
2012-01-28 12:00:00,14298.0
2012-01-28 13:00:00,13921.0
2012-01-28 14:00:00,13696.0
2012-01-28 15:00:00,13713.0
2012-01-28 16:00:00,14384.0
2012-01-28 17:00:00,15762.0
2012-01-28 18:00:00,15868.0
2012-01-28 19:00:00,15416.0
2012-01-28 20:00:00,14938.0
2012-01-28 21:00:00,14220.0
2012-01-28 22:00:00,13298.0
2012-01-28 23:00:00,12322.0
2012-01-29 00:00:00,11530.0
2012-01-29 01:00:00,11075.0
2012-01-29 02:00:00,10822.0
2012-01-29 03:00:00,10745.0
2012-01-29 04:00:00,10845.0
2012-01-29 05:00:00,11165.0
2012-01-29 06:00:00,11732.0
2012-01-29 07:00:00,12333.0
2012-01-29 08:00:00,13214.0
2012-01-29 09:00:00,13826.0
2012-01-29 10:00:00,14140.0
2012-01-29 11:00:00,14260.0
2012-01-29 12:00:00,14214.0
2012-01-29 13:00:00,14059.0
2012-01-29 14:00:00,13914.0
2012-01-29 15:00:00,13986.0
2012-01-29 16:00:00,14805.0
2012-01-29 17:00:00,16435.0
2012-01-29 18:00:00,16680.0
2012-01-29 19:00:00,16286.0
2012-01-29 20:00:00,15666.0
2012-01-29 21:00:00,14667.0
2012-01-29 22:00:00,13464.0
2012-01-29 23:00:00,12356.0
2012-01-30 00:00:00,11610.0
2012-01-30 01:00:00,11241.0
2012-01-30 02:00:00,11095.0
2012-01-30 03:00:00,11138.0
2012-01-30 04:00:00,11539.0
2012-01-30 05:00:00,12689.0
2012-01-30 06:00:00,14839.0
2012-01-30 07:00:00,15968.0
2012-01-30 08:00:00,16120.0
2012-01-30 09:00:00,16232.0
2012-01-30 10:00:00,16286.0
2012-01-30 11:00:00,16194.0
2012-01-30 12:00:00,16042.0
2012-01-30 13:00:00,15922.0
2012-01-30 14:00:00,15772.0
2012-01-30 15:00:00,15823.0
2012-01-30 16:00:00,16504.0
2012-01-30 17:00:00,18054.0
2012-01-30 18:00:00,18258.0
2012-01-30 19:00:00,17814.0
2012-01-30 20:00:00,17129.0
2012-01-30 21:00:00,15968.0
2012-01-30 22:00:00,14494.0
2012-01-30 23:00:00,13171.0
2012-01-31 00:00:00,12342.0
2012-01-31 01:00:00,11884.0
2012-01-31 02:00:00,11668.0
2012-01-31 03:00:00,11636.0
2012-01-31 04:00:00,11957.0
2012-01-31 05:00:00,13054.0
2012-01-31 06:00:00,15109.0
2012-01-31 07:00:00,16225.0
2012-01-31 08:00:00,16337.0
2012-01-31 09:00:00,16312.0
2012-01-31 10:00:00,16248.0
2012-01-31 11:00:00,16052.0
2012-01-31 12:00:00,15777.0
2012-01-31 13:00:00,15543.0
2012-01-31 14:00:00,15291.0
2012-01-31 15:00:00,15200.0
2012-01-31 16:00:00,15726.0
2012-01-31 17:00:00,17185.0
2012-01-31 18:00:00,17386.0
2012-01-31 19:00:00,16976.0
2012-01-31 20:00:00,16278.0
2012-01-31 21:00:00,15170.0
2012-01-31 22:00:00,13705.0
2012-01-31 23:00:00,12415.0
2012-02-01 00:00:00,11589.0
2012-02-01 01:00:00,11145.0
2012-02-01 02:00:00,10929.0
2012-02-01 03:00:00,10928.0
2012-02-01 04:00:00,11241.0
2012-02-01 05:00:00,12349.0
2012-02-01 06:00:00,14399.0
2012-02-01 07:00:00,15586.0
2012-02-01 08:00:00,15703.0
2012-02-01 09:00:00,15714.0
2012-02-01 10:00:00,15707.0
2012-02-01 11:00:00,15672.0
2012-02-01 12:00:00,15522.0
2012-02-01 13:00:00,15365.0
2012-02-01 14:00:00,15058.0
2012-02-01 15:00:00,14934.0
2012-02-01 16:00:00,15378.0
2012-02-01 17:00:00,16733.0
2012-02-01 18:00:00,16908.0
2012-02-01 19:00:00,16492.0
2012-02-01 20:00:00,15829.0
2012-02-01 21:00:00,14739.0
2012-02-01 22:00:00,13312.0
2012-02-01 23:00:00,12047.0
2012-02-02 00:00:00,11227.0
2012-02-02 01:00:00,10810.0
2012-02-02 02:00:00,10620.0
2012-02-02 03:00:00,10632.0
2012-02-02 04:00:00,10986.0
2012-02-02 05:00:00,12133.0
2012-02-02 06:00:00,14280.0
2012-02-02 07:00:00,15387.0
2012-02-02 08:00:00,15595.0
2012-02-02 09:00:00,15741.0
2012-02-02 10:00:00,15889.0
2012-02-02 11:00:00,15916.0
2012-02-02 12:00:00,15862.0
2012-02-02 13:00:00,15844.0
2012-02-02 14:00:00,15789.0
2012-02-02 15:00:00,15931.0
2012-02-02 16:00:00,16628.0
2012-02-02 17:00:00,17652.0
2012-02-02 18:00:00,17683.0
2012-02-02 19:00:00,17297.0
2012-02-02 20:00:00,16649.0
2012-02-02 21:00:00,15580.0
2012-02-02 22:00:00,14161.0
2012-02-02 23:00:00,12901.0
2012-02-03 00:00:00,12077.0
2012-02-03 01:00:00,11664.0
2012-02-03 02:00:00,11503.0
2012-02-03 03:00:00,11524.0
2012-02-03 04:00:00,11907.0
2012-02-03 05:00:00,13041.0
2012-02-03 06:00:00,15151.0
2012-02-03 07:00:00,16194.0
2012-02-03 08:00:00,16314.0
2012-02-03 09:00:00,16280.0
2012-02-03 10:00:00,16241.0
2012-02-03 11:00:00,16083.0
2012-02-03 12:00:00,15798.0
2012-02-03 13:00:00,15589.0
2012-02-03 14:00:00,15362.0
2012-02-03 15:00:00,15282.0
2012-02-03 16:00:00,15736.0
2012-02-03 17:00:00,16994.0
2012-02-03 18:00:00,17160.0
2012-02-03 19:00:00,16740.0
2012-02-03 20:00:00,16162.0
2012-02-03 21:00:00,15313.0
2012-02-03 22:00:00,14171.0
2012-02-03 23:00:00,12939.0
2012-02-04 00:00:00,12040.0
2012-02-04 01:00:00,11531.0
2012-02-04 02:00:00,11256.0
2012-02-04 03:00:00,11132.0
2012-02-04 04:00:00,11216.0
2012-02-04 05:00:00,11629.0
2012-02-04 06:00:00,12428.0
2012-02-04 07:00:00,13244.0
2012-02-04 08:00:00,14122.0
2012-02-04 09:00:00,14643.0
2012-02-04 10:00:00,14830.0
2012-02-04 11:00:00,14720.0
2012-02-04 12:00:00,14466.0
2012-02-04 13:00:00,14175.0
2012-02-04 14:00:00,13975.0
2012-02-04 15:00:00,13990.0
2012-02-04 16:00:00,14549.0
2012-02-04 17:00:00,15953.0
2012-02-04 18:00:00,16253.0
2012-02-04 19:00:00,15879.0
2012-02-04 20:00:00,15434.0
2012-02-04 21:00:00,14741.0
2012-02-04 22:00:00,13835.0
2012-02-04 23:00:00,12870.0
2012-02-05 00:00:00,12123.0
2012-02-05 01:00:00,11694.0
2012-02-05 02:00:00,11486.0
2012-02-05 03:00:00,11421.0
2012-02-05 04:00:00,11506.0
2012-02-05 05:00:00,11836.0
2012-02-05 06:00:00,12406.0
2012-02-05 07:00:00,13081.0
2012-02-05 08:00:00,13993.0
2012-02-05 09:00:00,14570.0
2012-02-05 10:00:00,14810.0
2012-02-05 11:00:00,14890.0
2012-02-05 12:00:00,14827.0
2012-02-05 13:00:00,14620.0
2012-02-05 14:00:00,14471.0
2012-02-05 15:00:00,14561.0
2012-02-05 16:00:00,15195.0
2012-02-05 17:00:00,16554.0
2012-02-05 18:00:00,16340.0
2012-02-05 19:00:00,15548.0
2012-02-05 20:00:00,15144.0
2012-02-05 21:00:00,14485.0
2012-02-05 22:00:00,13979.0
2012-02-05 23:00:00,12830.0
2012-02-06 00:00:00,11986.0
2012-02-06 01:00:00,11588.0
2012-02-06 02:00:00,11441.0
2012-02-06 03:00:00,11473.0
2012-02-06 04:00:00,11836.0
2012-02-06 05:00:00,12955.0
2012-02-06 06:00:00,14961.0
2012-02-06 07:00:00,15979.0
2012-02-06 08:00:00,16120.0
2012-02-06 09:00:00,16039.0
2012-02-06 10:00:00,15998.0
2012-02-06 11:00:00,15857.0
2012-02-06 12:00:00,15581.0
2012-02-06 13:00:00,15361.0
2012-02-06 14:00:00,15088.0
2012-02-06 15:00:00,14977.0
2012-02-06 16:00:00,15441.0
2012-02-06 17:00:00,16914.0
2012-02-06 18:00:00,17332.0
2012-02-06 19:00:00,16902.0
2012-02-06 20:00:00,16163.0
2012-02-06 21:00:00,14990.0
2012-02-06 22:00:00,13591.0
2012-02-06 23:00:00,12321.0
2012-02-07 00:00:00,11518.0
2012-02-07 01:00:00,11114.0
2012-02-07 02:00:00,10951.0
2012-02-07 03:00:00,10966.0
2012-02-07 04:00:00,11336.0
2012-02-07 05:00:00,12516.0
2012-02-07 06:00:00,14566.0
2012-02-07 07:00:00,15578.0
2012-02-07 08:00:00,15687.0
2012-02-07 09:00:00,15702.0
2012-02-07 10:00:00,15716.0
2012-02-07 11:00:00,15668.0
2012-02-07 12:00:00,15505.0
2012-02-07 13:00:00,15386.0
2012-02-07 14:00:00,15195.0
2012-02-07 15:00:00,15208.0
2012-02-07 16:00:00,15742.0
2012-02-07 17:00:00,17126.0
2012-02-07 18:00:00,17471.0
2012-02-07 19:00:00,17125.0
2012-02-07 20:00:00,16498.0
2012-02-07 21:00:00,15432.0
2012-02-07 22:00:00,14025.0
2012-02-07 23:00:00,12797.0
2012-02-08 00:00:00,12036.0
2012-02-08 01:00:00,11687.0
2012-02-08 02:00:00,11571.0
2012-02-08 03:00:00,11629.0
2012-02-08 04:00:00,12034.0
2012-02-08 05:00:00,13242.0
2012-02-08 06:00:00,15369.0
2012-02-08 07:00:00,16399.0
2012-02-08 08:00:00,16514.0
2012-02-08 09:00:00,16432.0
2012-02-08 10:00:00,16329.0
2012-02-08 11:00:00,16137.0
2012-02-08 12:00:00,15875.0
2012-02-08 13:00:00,15749.0
2012-02-08 14:00:00,15622.0
2012-02-08 15:00:00,15772.0
2012-02-08 16:00:00,16424.0
2012-02-08 17:00:00,17696.0
2012-02-08 18:00:00,17889.0
2012-02-08 19:00:00,17460.0
2012-02-08 20:00:00,16762.0
2012-02-08 21:00:00,15618.0
2012-02-08 22:00:00,14118.0
2012-02-08 23:00:00,12830.0
2012-02-09 00:00:00,11987.0
2012-02-09 01:00:00,11576.0
2012-02-09 02:00:00,11381.0
2012-02-09 03:00:00,11391.0
2012-02-09 04:00:00,11773.0
2012-02-09 05:00:00,12971.0
2012-02-09 06:00:00,15059.0
2012-02-09 07:00:00,16025.0
2012-02-09 08:00:00,16033.0
2012-02-09 09:00:00,15927.0
2012-02-09 10:00:00,15840.0
2012-02-09 11:00:00,15655.0
2012-02-09 12:00:00,15398.0
2012-02-09 13:00:00,15230.0
2012-02-09 14:00:00,14998.0
2012-02-09 15:00:00,14950.0
2012-02-09 16:00:00,15394.0
2012-02-09 17:00:00,16772.0
2012-02-09 18:00:00,17291.0
2012-02-09 19:00:00,16992.0
2012-02-09 20:00:00,16424.0
2012-02-09 21:00:00,15394.0
2012-02-09 22:00:00,13997.0
2012-02-09 23:00:00,12761.0
2012-02-10 00:00:00,11995.0
2012-02-10 01:00:00,11612.0
2012-02-10 02:00:00,11440.0
2012-02-10 03:00:00,11471.0
2012-02-10 04:00:00,11852.0
2012-02-10 05:00:00,12973.0
2012-02-10 06:00:00,14974.0
2012-02-10 07:00:00,15980.0
2012-02-10 08:00:00,15993.0
2012-02-10 09:00:00,15821.0
2012-02-10 10:00:00,15698.0
2012-02-10 11:00:00,15482.0
2012-02-10 12:00:00,15184.0
2012-02-10 13:00:00,15001.0
2012-02-10 14:00:00,14799.0
2012-02-10 15:00:00,14726.0
2012-02-10 16:00:00,15160.0
2012-02-10 17:00:00,16381.0
2012-02-10 18:00:00,16563.0
2012-02-10 19:00:00,16095.0
2012-02-10 20:00:00,15489.0
2012-02-10 21:00:00,14653.0
2012-02-10 22:00:00,13545.0
2012-02-10 23:00:00,12426.0
2012-02-11 00:00:00,11581.0
2012-02-11 01:00:00,11109.0
2012-02-11 02:00:00,10821.0
2012-02-11 03:00:00,10721.0
2012-02-11 04:00:00,10835.0
2012-02-11 05:00:00,11268.0
2012-02-11 06:00:00,12054.0
2012-02-11 07:00:00,12944.0
2012-02-11 08:00:00,13991.0
2012-02-11 09:00:00,14787.0
2012-02-11 10:00:00,15165.0
2012-02-11 11:00:00,15224.0
2012-02-11 12:00:00,15083.0
2012-02-11 13:00:00,14865.0
2012-02-11 14:00:00,14644.0
2012-02-11 15:00:00,14549.0
2012-02-11 16:00:00,15002.0
2012-02-11 17:00:00,16129.0
2012-02-11 18:00:00,16339.0
2012-02-11 19:00:00,15875.0
2012-02-11 20:00:00,15351.0
2012-02-11 21:00:00,14660.0
2012-02-11 22:00:00,13785.0
2012-02-11 23:00:00,12894.0
2012-02-12 00:00:00,12224.0
2012-02-12 01:00:00,11867.0
2012-02-12 02:00:00,11739.0
2012-02-12 03:00:00,11744.0
2012-02-12 04:00:00,11906.0
2012-02-12 05:00:00,12272.0
2012-02-12 06:00:00,12850.0
2012-02-12 07:00:00,13505.0
2012-02-12 08:00:00,14428.0
2012-02-12 09:00:00,15101.0
2012-02-12 10:00:00,15430.0
2012-02-12 11:00:00,15501.0
2012-02-12 12:00:00,15442.0
2012-02-12 13:00:00,15264.0
2012-02-12 14:00:00,15105.0
2012-02-12 15:00:00,15198.0
2012-02-12 16:00:00,15855.0
2012-02-12 17:00:00,17339.0
2012-02-12 18:00:00,17920.0
2012-02-12 19:00:00,17615.0
2012-02-12 20:00:00,16991.0
2012-02-12 21:00:00,15973.0
2012-02-12 22:00:00,14791.0
2012-02-12 23:00:00,13691.0
2012-02-13 00:00:00,12932.0
2012-02-13 01:00:00,12569.0
2012-02-13 02:00:00,12426.0
2012-02-13 03:00:00,12463.0
2012-02-13 04:00:00,12830.0
2012-02-13 05:00:00,13919.0
2012-02-13 06:00:00,15922.0
2012-02-13 07:00:00,16903.0
2012-02-13 08:00:00,16970.0
2012-02-13 09:00:00,16869.0
2012-02-13 10:00:00,16800.0
2012-02-13 11:00:00,16644.0
2012-02-13 12:00:00,16335.0
2012-02-13 13:00:00,16081.0
2012-02-13 14:00:00,15799.0
2012-02-13 15:00:00,15683.0
2012-02-13 16:00:00,16050.0
2012-02-13 17:00:00,17361.0
2012-02-13 18:00:00,17925.0
2012-02-13 19:00:00,17591.0
2012-02-13 20:00:00,16963.0
2012-02-13 21:00:00,15871.0
2012-02-13 22:00:00,14438.0
2012-02-13 23:00:00,13156.0
2012-02-14 00:00:00,12330.0
2012-02-14 01:00:00,11913.0
2012-02-14 02:00:00,11745.0
2012-02-14 03:00:00,11745.0
2012-02-14 04:00:00,12103.0
2012-02-14 05:00:00,13211.0
2012-02-14 06:00:00,15260.0
2012-02-14 07:00:00,16237.0
2012-02-14 08:00:00,16306.0
2012-02-14 09:00:00,16248.0
2012-02-14 10:00:00,16229.0
2012-02-14 11:00:00,16089.0
2012-02-14 12:00:00,15896.0
2012-02-14 13:00:00,15762.0
2012-02-14 14:00:00,15580.0
2012-02-14 15:00:00,15504.0
2012-02-14 16:00:00,15822.0
2012-02-14 17:00:00,17050.0
2012-02-14 18:00:00,17496.0
2012-02-14 19:00:00,17059.0
2012-02-14 20:00:00,16392.0
2012-02-14 21:00:00,15306.0
2012-02-14 22:00:00,13894.0
2012-02-14 23:00:00,12660.0
2012-02-15 00:00:00,11812.0
2012-02-15 01:00:00,11372.0
2012-02-15 02:00:00,11148.0
2012-02-15 03:00:00,11124.0
2012-02-15 04:00:00,11434.0
2012-02-15 05:00:00,12555.0
2012-02-15 06:00:00,14554.0
2012-02-15 07:00:00,15656.0
2012-02-15 08:00:00,15869.0
2012-02-15 09:00:00,15913.0
2012-02-15 10:00:00,15958.0
2012-02-15 11:00:00,15901.0
2012-02-15 12:00:00,15716.0
2012-02-15 13:00:00,15618.0
2012-02-15 14:00:00,15446.0
2012-02-15 15:00:00,15388.0
2012-02-15 16:00:00,15772.0
2012-02-15 17:00:00,16899.0
2012-02-15 18:00:00,17287.0
2012-02-15 19:00:00,16890.0
2012-02-15 20:00:00,16190.0
2012-02-15 21:00:00,15109.0
2012-02-15 22:00:00,13687.0
2012-02-15 23:00:00,12416.0
2012-02-16 00:00:00,11611.0
2012-02-16 01:00:00,11217.0
2012-02-16 02:00:00,11054.0
2012-02-16 03:00:00,11121.0
2012-02-16 04:00:00,11487.0
2012-02-16 05:00:00,12660.0
2012-02-16 06:00:00,14668.0
2012-02-16 07:00:00,15656.0
2012-02-16 08:00:00,15784.0
2012-02-16 09:00:00,15810.0
2012-02-16 10:00:00,15776.0
2012-02-16 11:00:00,15697.0
2012-02-16 12:00:00,15600.0
2012-02-16 13:00:00,15589.0
2012-02-16 14:00:00,15474.0
2012-02-16 15:00:00,15535.0
2012-02-16 16:00:00,16093.0
2012-02-16 17:00:00,17131.0
2012-02-16 18:00:00,17359.0
2012-02-16 19:00:00,16925.0
2012-02-16 20:00:00,16248.0
2012-02-16 21:00:00,15151.0
2012-02-16 22:00:00,13731.0
2012-02-16 23:00:00,12455.0
2012-02-17 00:00:00,11576.0
2012-02-17 01:00:00,11081.0
2012-02-17 02:00:00,10824.0
2012-02-17 03:00:00,10777.0
2012-02-17 04:00:00,11054.0
2012-02-17 05:00:00,12075.0
2012-02-17 06:00:00,13983.0
2012-02-17 07:00:00,15098.0
2012-02-17 08:00:00,15421.0
2012-02-17 09:00:00,15507.0
2012-02-17 10:00:00,15531.0
2012-02-17 11:00:00,15413.0
2012-02-17 12:00:00,15166.0
2012-02-17 13:00:00,14984.0
2012-02-17 14:00:00,14733.0
2012-02-17 15:00:00,14599.0
2012-02-17 16:00:00,14860.0
2012-02-17 17:00:00,15859.0
2012-02-17 18:00:00,16339.0
2012-02-17 19:00:00,15936.0
2012-02-17 20:00:00,15391.0
2012-02-17 21:00:00,14615.0
2012-02-17 22:00:00,13539.0
2012-02-17 23:00:00,12442.0
2012-02-18 00:00:00,11613.0
2012-02-18 01:00:00,11154.0
2012-02-18 02:00:00,10928.0
2012-02-18 03:00:00,10844.0
2012-02-18 04:00:00,10954.0
2012-02-18 05:00:00,11411.0
2012-02-18 06:00:00,12142.0
2012-02-18 07:00:00,12919.0
2012-02-18 08:00:00,13794.0
2012-02-18 09:00:00,14290.0
2012-02-18 10:00:00,14429.0
2012-02-18 11:00:00,14319.0
2012-02-18 12:00:00,14037.0
2012-02-18 13:00:00,13690.0
2012-02-18 14:00:00,13478.0
2012-02-18 15:00:00,13495.0
2012-02-18 16:00:00,13944.0
2012-02-18 17:00:00,15087.0
2012-02-18 18:00:00,15542.0
2012-02-18 19:00:00,15131.0
2012-02-18 20:00:00,14658.0
2012-02-18 21:00:00,13987.0
2012-02-18 22:00:00,13069.0
2012-02-18 23:00:00,12155.0
2012-02-19 00:00:00,11418.0
2012-02-19 01:00:00,11001.0
2012-02-19 02:00:00,10777.0
2012-02-19 03:00:00,10700.0
2012-02-19 04:00:00,10789.0
2012-02-19 05:00:00,11109.0
2012-02-19 06:00:00,11582.0
2012-02-19 07:00:00,12181.0
2012-02-19 08:00:00,12997.0
2012-02-19 09:00:00,13537.0
2012-02-19 10:00:00,13745.0
2012-02-19 11:00:00,13764.0
2012-02-19 12:00:00,13620.0
2012-02-19 13:00:00,13348.0
2012-02-19 14:00:00,13115.0
2012-02-19 15:00:00,13104.0
2012-02-19 16:00:00,13569.0
2012-02-19 17:00:00,14888.0
2012-02-19 18:00:00,15667.0
2012-02-19 19:00:00,15348.0
2012-02-19 20:00:00,14849.0
2012-02-19 21:00:00,14082.0
2012-02-19 22:00:00,13132.0
2012-02-19 23:00:00,12208.0
2012-02-20 00:00:00,11561.0
2012-02-20 01:00:00,11200.0
2012-02-20 02:00:00,11001.0
2012-02-20 03:00:00,11037.0
2012-02-20 04:00:00,11338.0
2012-02-20 05:00:00,12142.0
2012-02-20 06:00:00,13326.0
2012-02-20 07:00:00,14234.0
2012-02-20 08:00:00,14973.0
2012-02-20 09:00:00,15429.0
2012-02-20 10:00:00,15623.0
2012-02-20 11:00:00,15572.0
2012-02-20 12:00:00,15328.0
2012-02-20 13:00:00,15053.0
2012-02-20 14:00:00,14830.0
2012-02-20 15:00:00,14771.0
2012-02-20 16:00:00,15226.0
2012-02-20 17:00:00,16544.0
2012-02-20 18:00:00,17237.0
2012-02-20 19:00:00,16812.0
2012-02-20 20:00:00,16165.0
2012-02-20 21:00:00,15169.0
2012-02-20 22:00:00,13909.0
2012-02-20 23:00:00,12763.0
2012-02-21 00:00:00,12027.0
2012-02-21 01:00:00,11649.0
2012-02-21 02:00:00,11500.0
2012-02-21 03:00:00,11562.0
2012-02-21 04:00:00,11944.0
2012-02-21 05:00:00,13014.0
2012-02-21 06:00:00,14685.0
2012-02-21 07:00:00,15678.0
2012-02-21 08:00:00,15971.0
2012-02-21 09:00:00,15969.0
2012-02-21 10:00:00,15928.0
2012-02-21 11:00:00,15768.0
2012-02-21 12:00:00,15520.0
2012-02-21 13:00:00,15393.0
2012-02-21 14:00:00,15293.0
2012-02-21 15:00:00,15305.0
2012-02-21 16:00:00,15742.0
2012-02-21 17:00:00,16945.0
2012-02-21 18:00:00,17383.0
2012-02-21 19:00:00,16901.0
2012-02-21 20:00:00,16135.0
2012-02-21 21:00:00,15037.0
2012-02-21 22:00:00,13633.0
2012-02-21 23:00:00,12407.0
2012-02-22 00:00:00,11562.0
2012-02-22 01:00:00,11105.0
2012-02-22 02:00:00,10891.0
2012-02-22 03:00:00,10852.0
2012-02-22 04:00:00,11175.0
2012-02-22 05:00:00,12168.0
2012-02-22 06:00:00,13773.0
2012-02-22 07:00:00,14823.0
2012-02-22 08:00:00,15159.0
2012-02-22 09:00:00,15201.0
2012-02-22 10:00:00,15240.0
2012-02-22 11:00:00,15163.0
2012-02-22 12:00:00,14934.0
2012-02-22 13:00:00,14789.0
2012-02-22 14:00:00,14566.0
2012-02-22 15:00:00,14434.0
2012-02-22 16:00:00,14705.0
2012-02-22 17:00:00,15810.0
2012-02-22 18:00:00,16465.0
2012-02-22 19:00:00,16118.0
2012-02-22 20:00:00,15459.0
2012-02-22 21:00:00,14470.0
2012-02-22 22:00:00,13138.0
2012-02-22 23:00:00,11948.0
2012-02-23 00:00:00,11130.0
2012-02-23 01:00:00,10683.0
2012-02-23 02:00:00,10434.0
2012-02-23 03:00:00,10411.0
2012-02-23 04:00:00,10693.0
2012-02-23 05:00:00,11676.0
2012-02-23 06:00:00,13323.0
2012-02-23 07:00:00,14399.0
2012-02-23 08:00:00,14864.0
2012-02-23 09:00:00,15090.0
2012-02-23 10:00:00,15169.0
2012-02-23 11:00:00,15175.0
2012-02-23 12:00:00,15025.0
2012-02-23 13:00:00,14865.0
2012-02-23 14:00:00,14684.0
2012-02-23 15:00:00,14512.0
2012-02-23 16:00:00,14729.0
2012-02-23 17:00:00,15776.0
2012-02-23 18:00:00,16494.0
2012-02-23 19:00:00,16173.0
2012-02-23 20:00:00,15548.0
2012-02-23 21:00:00,14577.0
2012-02-23 22:00:00,13295.0
2012-02-23 23:00:00,12141.0
2012-02-24 00:00:00,11346.0
2012-02-24 01:00:00,10904.0
2012-02-24 02:00:00,10690.0
2012-02-24 03:00:00,10680.0
2012-02-24 04:00:00,10999.0
2012-02-24 05:00:00,11966.0
2012-02-24 06:00:00,13560.0
2012-02-24 07:00:00,14764.0
2012-02-24 08:00:00,15498.0
2012-02-24 09:00:00,15881.0
2012-02-24 10:00:00,16139.0
2012-02-24 11:00:00,16212.0
2012-02-24 12:00:00,16114.0
2012-02-24 13:00:00,16062.0
2012-02-24 14:00:00,15940.0
2012-02-24 15:00:00,15872.0
2012-02-24 16:00:00,16171.0
2012-02-24 17:00:00,16842.0
2012-02-24 18:00:00,16864.0
2012-02-24 19:00:00,16322.0
2012-02-24 20:00:00,15621.0
2012-02-24 21:00:00,14714.0
2012-02-24 22:00:00,13557.0
2012-02-24 23:00:00,12413.0
2012-02-25 00:00:00,11567.0
2012-02-25 01:00:00,11073.0
2012-02-25 02:00:00,10800.0
2012-02-25 03:00:00,10709.0
2012-02-25 04:00:00,10826.0
2012-02-25 05:00:00,11253.0
2012-02-25 06:00:00,11888.0
2012-02-25 07:00:00,12628.0
2012-02-25 08:00:00,13526.0
2012-02-25 09:00:00,14220.0
2012-02-25 10:00:00,14547.0
2012-02-25 11:00:00,14567.0
2012-02-25 12:00:00,14403.0
2012-02-25 13:00:00,14175.0
2012-02-25 14:00:00,13981.0
2012-02-25 15:00:00,13946.0
2012-02-25 16:00:00,14327.0
2012-02-25 17:00:00,15372.0
2012-02-25 18:00:00,16055.0
2012-02-25 19:00:00,15696.0
2012-02-25 20:00:00,15187.0
2012-02-25 21:00:00,14519.0
2012-02-25 22:00:00,13575.0
2012-02-25 23:00:00,12658.0
2012-02-26 00:00:00,11934.0
2012-02-26 01:00:00,11500.0
2012-02-26 02:00:00,11268.0
2012-02-26 03:00:00,11215.0
2012-02-26 04:00:00,11311.0
2012-02-26 05:00:00,11644.0
2012-02-26 06:00:00,12071.0
2012-02-26 07:00:00,12651.0
2012-02-26 08:00:00,13487.0
2012-02-26 09:00:00,14028.0
2012-02-26 10:00:00,14279.0
2012-02-26 11:00:00,14364.0
2012-02-26 12:00:00,14284.0
2012-02-26 13:00:00,14017.0
2012-02-26 14:00:00,13743.0
2012-02-26 15:00:00,13720.0
2012-02-26 16:00:00,14178.0
2012-02-26 17:00:00,15371.0
2012-02-26 18:00:00,16443.0
2012-02-26 19:00:00,16137.0
2012-02-26 20:00:00,15549.0
2012-02-26 21:00:00,14603.0
2012-02-26 22:00:00,13480.0
2012-02-26 23:00:00,12483.0
2012-02-27 00:00:00,11777.0
2012-02-27 01:00:00,11461.0
2012-02-27 02:00:00,11361.0
2012-02-27 03:00:00,11424.0
2012-02-27 04:00:00,11849.0
2012-02-27 05:00:00,13031.0
2012-02-27 06:00:00,14871.0
2012-02-27 07:00:00,15839.0
2012-02-27 08:00:00,15959.0
2012-02-27 09:00:00,15898.0
2012-02-27 10:00:00,15836.0
2012-02-27 11:00:00,15693.0
2012-02-27 12:00:00,15520.0
2012-02-27 13:00:00,15387.0
2012-02-27 14:00:00,15193.0
2012-02-27 15:00:00,15184.0
2012-02-27 16:00:00,15632.0
2012-02-27 17:00:00,16674.0
2012-02-27 18:00:00,17224.0
2012-02-27 19:00:00,16777.0
2012-02-27 20:00:00,15997.0
2012-02-27 21:00:00,14867.0
2012-02-27 22:00:00,13484.0
2012-02-27 23:00:00,12225.0
2012-02-28 00:00:00,11413.0
2012-02-28 01:00:00,10986.0
2012-02-28 02:00:00,10813.0
2012-02-28 03:00:00,10810.0
2012-02-28 04:00:00,11164.0
2012-02-28 05:00:00,12315.0
2012-02-28 06:00:00,14149.0
2012-02-28 07:00:00,15123.0
2012-02-28 08:00:00,15322.0
2012-02-28 09:00:00,15380.0
2012-02-28 10:00:00,15371.0
2012-02-28 11:00:00,15262.0
2012-02-28 12:00:00,15037.0
2012-02-28 13:00:00,14907.0
2012-02-28 14:00:00,14704.0
2012-02-28 15:00:00,14625.0
2012-02-28 16:00:00,14932.0
2012-02-28 17:00:00,16013.0
2012-02-28 18:00:00,16990.0
2012-02-28 19:00:00,16751.0
2012-02-28 20:00:00,16130.0
2012-02-28 21:00:00,15081.0
2012-02-28 22:00:00,13699.0
2012-02-28 23:00:00,12474.0
2012-02-29 00:00:00,11675.0
2012-02-29 01:00:00,11277.0
2012-02-29 02:00:00,11090.0
2012-02-29 03:00:00,11079.0
2012-02-29 04:00:00,11441.0
2012-02-29 05:00:00,12576.0
2012-02-29 06:00:00,14406.0
2012-02-29 07:00:00,15462.0
2012-02-29 08:00:00,15715.0
2012-02-29 09:00:00,15795.0
2012-02-29 10:00:00,15913.0
2012-02-29 11:00:00,16001.0
2012-02-29 12:00:00,16029.0
2012-02-29 13:00:00,16147.0
2012-02-29 14:00:00,16149.0
2012-02-29 15:00:00,16201.0
2012-02-29 16:00:00,16632.0
2012-02-29 17:00:00,17579.0
2012-02-29 18:00:00,17966.0
2012-02-29 19:00:00,17487.0
2012-02-29 20:00:00,16676.0
2012-02-29 21:00:00,15486.0
2012-02-29 22:00:00,14038.0
2012-02-29 23:00:00,12793.0
2012-03-01 00:00:00,11970.0
2012-03-01 01:00:00,11563.0
2012-03-01 02:00:00,11347.0
2012-03-01 03:00:00,11342.0
2012-03-01 04:00:00,11667.0
2012-03-01 05:00:00,12681.0
2012-03-01 06:00:00,14413.0
2012-03-01 07:00:00,15527.0
2012-03-01 08:00:00,16031.0
2012-03-01 09:00:00,16345.0
2012-03-01 10:00:00,16606.0
2012-03-01 11:00:00,16692.0
2012-03-01 12:00:00,16642.0
2012-03-01 13:00:00,16561.0
2012-03-01 14:00:00,16431.0
2012-03-01 15:00:00,16388.0
2012-03-01 16:00:00,16696.0
2012-03-01 17:00:00,17488.0
2012-03-01 18:00:00,17987.0
2012-03-01 19:00:00,17628.0
2012-03-01 20:00:00,16940.0
2012-03-01 21:00:00,15841.0
2012-03-01 22:00:00,14422.0
2012-03-01 23:00:00,13149.0
2012-03-02 00:00:00,12360.0
2012-03-02 01:00:00,11932.0
2012-03-02 02:00:00,11707.0
2012-03-02 03:00:00,11714.0
2012-03-02 04:00:00,12029.0
2012-03-02 05:00:00,13117.0
2012-03-02 06:00:00,14907.0
2012-03-02 07:00:00,15978.0
2012-03-02 08:00:00,16294.0
2012-03-02 09:00:00,16413.0
2012-03-02 10:00:00,16453.0
2012-03-02 11:00:00,16368.0
2012-03-02 12:00:00,16194.0
2012-03-02 13:00:00,16107.0
2012-03-02 14:00:00,15915.0
2012-03-02 15:00:00,15840.0
2012-03-02 16:00:00,16140.0
2012-03-02 17:00:00,16871.0
2012-03-02 18:00:00,17222.0
2012-03-02 19:00:00,16765.0
2012-03-02 20:00:00,16142.0
2012-03-02 21:00:00,15266.0
2012-03-02 22:00:00,14120.0
2012-03-02 23:00:00,12935.0
2012-03-03 00:00:00,12106.0
2012-03-03 01:00:00,11589.0
2012-03-03 02:00:00,11283.0
2012-03-03 03:00:00,11127.0
2012-03-03 04:00:00,11172.0
2012-03-03 05:00:00,11545.0
2012-03-03 06:00:00,12205.0
2012-03-03 07:00:00,13043.0
2012-03-03 08:00:00,14065.0
2012-03-03 09:00:00,14816.0
2012-03-03 10:00:00,15173.0
2012-03-03 11:00:00,15242.0
2012-03-03 12:00:00,15014.0
2012-03-03 13:00:00,14586.0
2012-03-03 14:00:00,14135.0
2012-03-03 15:00:00,13855.0
2012-03-03 16:00:00,13910.0
2012-03-03 17:00:00,14640.0
2012-03-03 18:00:00,15563.0
2012-03-03 19:00:00,15231.0
2012-03-03 20:00:00,14748.0
2012-03-03 21:00:00,14036.0
2012-03-03 22:00:00,13108.0
2012-03-03 23:00:00,12157.0
2012-03-04 00:00:00,11385.0
2012-03-04 01:00:00,10912.0
2012-03-04 02:00:00,10654.0
2012-03-04 03:00:00,10558.0
2012-03-04 04:00:00,10632.0
2012-03-04 05:00:00,10917.0
2012-03-04 06:00:00,11379.0
2012-03-04 07:00:00,12062.0
2012-03-04 08:00:00,13028.0
2012-03-04 09:00:00,13784.0
2012-03-04 10:00:00,14128.0
2012-03-04 11:00:00,14261.0
2012-03-04 12:00:00,14226.0
2012-03-04 13:00:00,14007.0
2012-03-04 14:00:00,13871.0
2012-03-04 15:00:00,13881.0
2012-03-04 16:00:00,14217.0
2012-03-04 17:00:00,15178.0
2012-03-04 18:00:00,16219.0
2012-03-04 19:00:00,15975.0
2012-03-04 20:00:00,15377.0
2012-03-04 21:00:00,14404.0
2012-03-04 22:00:00,13210.0
2012-03-04 23:00:00,12155.0
2012-03-05 00:00:00,11510.0
2012-03-05 01:00:00,11195.0
2012-03-05 02:00:00,11096.0
2012-03-05 03:00:00,11178.0
2012-03-05 04:00:00,11612.0
2012-03-05 05:00:00,12831.0
2012-03-05 06:00:00,14687.0
2012-03-05 07:00:00,15724.0
2012-03-05 08:00:00,15939.0
2012-03-05 09:00:00,15982.0
2012-03-05 10:00:00,16019.0
2012-03-05 11:00:00,15910.0
2012-03-05 12:00:00,15695.0
2012-03-05 13:00:00,15505.0
2012-03-05 14:00:00,15240.0
2012-03-05 15:00:00,15172.0
2012-03-05 16:00:00,15518.0
2012-03-05 17:00:00,16557.0
2012-03-05 18:00:00,17738.0
2012-03-05 19:00:00,17508.0
2012-03-05 20:00:00,16889.0
2012-03-05 21:00:00,15818.0
2012-03-05 22:00:00,14416.0
2012-03-05 23:00:00,13209.0
2012-03-06 00:00:00,12470.0
2012-03-06 01:00:00,12139.0
2012-03-06 02:00:00,12009.0
2012-03-06 03:00:00,12065.0
2012-03-06 04:00:00,12475.0
2012-03-06 05:00:00,13673.0
2012-03-06 06:00:00,15482.0
2012-03-06 07:00:00,16435.0
2012-03-06 08:00:00,16493.0
2012-03-06 09:00:00,16364.0
2012-03-06 10:00:00,16267.0
2012-03-06 11:00:00,16113.0
2012-03-06 12:00:00,15837.0
2012-03-06 13:00:00,15646.0
2012-03-06 14:00:00,15355.0
2012-03-06 15:00:00,15230.0
2012-03-06 16:00:00,15487.0
2012-03-06 17:00:00,16366.0
2012-03-06 18:00:00,17499.0
2012-03-06 19:00:00,17346.0
2012-03-06 20:00:00,16751.0
2012-03-06 21:00:00,15640.0
2012-03-06 22:00:00,14175.0
2012-03-06 23:00:00,12876.0
2012-03-07 00:00:00,12101.0
2012-03-07 01:00:00,11690.0
2012-03-07 02:00:00,11484.0
2012-03-07 03:00:00,11480.0
2012-03-07 04:00:00,11804.0
2012-03-07 05:00:00,12941.0
2012-03-07 06:00:00,14649.0
2012-03-07 07:00:00,15540.0
2012-03-07 08:00:00,15550.0
2012-03-07 09:00:00,15452.0
2012-03-07 10:00:00,15360.0
2012-03-07 11:00:00,15174.0
2012-03-07 12:00:00,14946.0
2012-03-07 13:00:00,14817.0
2012-03-07 14:00:00,14545.0
2012-03-07 15:00:00,14410.0
2012-03-07 16:00:00,14617.0
2012-03-07 17:00:00,15439.0
2012-03-07 18:00:00,16509.0
2012-03-07 19:00:00,16257.0
2012-03-07 20:00:00,15615.0
2012-03-07 21:00:00,14544.0
2012-03-07 22:00:00,13115.0
2012-03-07 23:00:00,11848.0
2012-03-08 00:00:00,11035.0
2012-03-08 01:00:00,10608.0
2012-03-08 02:00:00,10388.0
2012-03-08 03:00:00,10353.0
2012-03-08 04:00:00,10657.0
2012-03-08 05:00:00,11753.0
2012-03-08 06:00:00,13399.0
2012-03-08 07:00:00,14424.0
2012-03-08 08:00:00,14649.0
2012-03-08 09:00:00,14728.0
2012-03-08 10:00:00,14785.0
2012-03-08 11:00:00,14770.0
2012-03-08 12:00:00,14617.0
2012-03-08 13:00:00,14556.0
2012-03-08 14:00:00,14390.0
2012-03-08 15:00:00,14293.0
2012-03-08 16:00:00,14485.0
2012-03-08 17:00:00,15240.0
2012-03-08 18:00:00,16076.0
2012-03-08 19:00:00,15775.0
2012-03-08 20:00:00,15113.0
2012-03-08 21:00:00,14043.0
2012-03-08 22:00:00,12597.0
2012-03-08 23:00:00,11367.0
2012-03-09 00:00:00,10566.0
2012-03-09 01:00:00,10156.0
2012-03-09 02:00:00,9933.0
2012-03-09 03:00:00,9899.0
2012-03-09 04:00:00,10223.0
2012-03-09 05:00:00,11316.0
2012-03-09 06:00:00,13171.0
2012-03-09 07:00:00,14410.0
2012-03-09 08:00:00,14808.0
2012-03-09 09:00:00,14949.0
2012-03-09 10:00:00,15014.0
2012-03-09 11:00:00,14937.0
2012-03-09 12:00:00,14730.0
2012-03-09 13:00:00,14596.0
2012-03-09 14:00:00,14395.0
2012-03-09 15:00:00,14311.0
2012-03-09 16:00:00,14489.0
2012-03-09 17:00:00,15109.0
2012-03-09 18:00:00,15994.0
2012-03-09 19:00:00,15710.0
2012-03-09 20:00:00,15188.0
2012-03-09 21:00:00,14420.0
2012-03-09 22:00:00,13320.0
2012-03-09 23:00:00,12213.0
2012-03-10 00:00:00,11436.0
2012-03-10 01:00:00,11039.0
2012-03-10 02:00:00,10848.0
2012-03-10 03:00:00,10811.0
2012-03-10 04:00:00,10959.0
2012-03-10 05:00:00,11414.0
2012-03-10 06:00:00,12063.0
2012-03-10 07:00:00,13006.0
2012-03-10 08:00:00,13912.0
2012-03-10 09:00:00,14481.0
2012-03-10 10:00:00,14607.0
2012-03-10 11:00:00,14500.0
2012-03-10 12:00:00,14240.0
2012-03-10 13:00:00,13928.0
2012-03-10 14:00:00,13648.0
2012-03-10 15:00:00,13538.0
2012-03-10 16:00:00,13740.0
2012-03-10 17:00:00,14425.0
2012-03-10 18:00:00,15483.0
2012-03-10 19:00:00,15275.0
2012-03-10 20:00:00,14848.0
2012-03-10 21:00:00,14172.0
2012-03-10 22:00:00,13222.0
2012-03-10 23:00:00,12289.0
2012-03-11 00:00:00,11574.0
2012-03-11 01:00:00,11358.5
2012-03-11 02:00:00,11143.0
2012-03-11 03:00:00,10948.0
2012-03-11 04:00:00,10889.0
2012-03-11 05:00:00,11054.0
2012-03-11 06:00:00,11452.0
2012-03-11 07:00:00,11898.0
2012-03-11 08:00:00,12573.0
2012-03-11 09:00:00,13196.0
2012-03-11 10:00:00,13530.0
2012-03-11 11:00:00,13610.0
2012-03-11 12:00:00,13513.0
2012-03-11 13:00:00,13241.0
2012-03-11 14:00:00,12919.0
2012-03-11 15:00:00,12720.0
2012-03-11 16:00:00,12786.0
2012-03-11 17:00:00,13150.0
2012-03-11 18:00:00,13800.0
2012-03-11 19:00:00,14929.0
2012-03-11 20:00:00,14705.0
2012-03-11 21:00:00,13810.0
2012-03-11 22:00:00,12662.0
2012-03-11 23:00:00,11467.0
2012-03-12 00:00:00,10718.0
2012-03-12 01:00:00,10284.0
2012-03-12 02:00:00,10118.0
2012-03-12 03:00:00,10131.0
2012-03-12 04:00:00,10446.0
2012-03-12 05:00:00,11524.0
2012-03-12 06:00:00,13564.0
2012-03-12 07:00:00,14759.0
2012-03-12 08:00:00,14912.0
2012-03-12 09:00:00,14860.0
2012-03-12 10:00:00,14906.0
2012-03-12 11:00:00,14880.0
2012-03-12 12:00:00,14717.0
2012-03-12 13:00:00,14623.0
2012-03-12 14:00:00,14391.0
2012-03-12 15:00:00,14189.0
2012-03-12 16:00:00,14131.0
2012-03-12 17:00:00,14315.0
2012-03-12 18:00:00,14786.0
2012-03-12 19:00:00,15560.0
2012-03-12 20:00:00,15104.0
2012-03-12 21:00:00,14022.0
2012-03-12 22:00:00,12596.0
2012-03-12 23:00:00,11287.0
2012-03-13 00:00:00,10408.0
2012-03-13 01:00:00,9906.0
2012-03-13 02:00:00,9670.0
2012-03-13 03:00:00,9613.0
2012-03-13 04:00:00,9868.0
2012-03-13 05:00:00,10828.0
2012-03-13 06:00:00,12803.0
2012-03-13 07:00:00,14135.0
2012-03-13 08:00:00,14498.0
2012-03-13 09:00:00,14642.0
2012-03-13 10:00:00,14744.0
2012-03-13 11:00:00,14765.0
2012-03-13 12:00:00,14681.0
2012-03-13 13:00:00,14652.0
2012-03-13 14:00:00,14500.0
2012-03-13 15:00:00,14358.0
2012-03-13 16:00:00,14369.0
2012-03-13 17:00:00,14520.0
2012-03-13 18:00:00,14753.0
2012-03-13 19:00:00,15473.0
2012-03-13 20:00:00,15035.0
2012-03-13 21:00:00,13958.0
2012-03-13 22:00:00,12491.0
2012-03-13 23:00:00,11179.0
2012-03-14 00:00:00,10293.0
2012-03-14 01:00:00,9810.0
2012-03-14 02:00:00,9565.0
2012-03-14 03:00:00,9556.0
2012-03-14 04:00:00,9783.0
2012-03-14 05:00:00,10775.0
2012-03-14 06:00:00,12759.0
2012-03-14 07:00:00,13982.0
2012-03-14 08:00:00,14275.0
2012-03-14 09:00:00,14438.0
2012-03-14 10:00:00,14572.0
2012-03-14 11:00:00,14606.0
2012-03-14 12:00:00,14478.0
2012-03-14 13:00:00,14446.0
2012-03-14 14:00:00,14296.0
2012-03-14 15:00:00,14174.0
2012-03-14 16:00:00,14277.0
2012-03-14 17:00:00,14616.0
2012-03-14 18:00:00,14967.0
2012-03-14 19:00:00,15508.0
2012-03-14 20:00:00,15126.0
2012-03-14 21:00:00,14116.0
2012-03-14 22:00:00,12705.0
2012-03-14 23:00:00,11433.0
2012-03-15 00:00:00,10594.0
2012-03-15 01:00:00,10137.0
2012-03-15 02:00:00,9918.0
2012-03-15 03:00:00,9894.0
2012-03-15 04:00:00,10182.0
2012-03-15 05:00:00,11221.0
2012-03-15 06:00:00,13266.0
2012-03-15 07:00:00,14577.0
2012-03-15 08:00:00,14885.0
2012-03-15 09:00:00,15020.0
2012-03-15 10:00:00,15140.0
2012-03-15 11:00:00,15082.0
2012-03-15 12:00:00,14892.0
2012-03-15 13:00:00,14755.0
2012-03-15 14:00:00,14482.0
2012-03-15 15:00:00,14342.0
2012-03-15 16:00:00,14446.0
2012-03-15 17:00:00,14814.0
2012-03-15 18:00:00,15301.0
2012-03-15 19:00:00,15914.0
2012-03-15 20:00:00,15520.0
2012-03-15 21:00:00,14592.0
2012-03-15 22:00:00,13194.0
2012-03-15 23:00:00,11892.0
2012-03-16 00:00:00,11015.0
2012-03-16 01:00:00,10523.0
2012-03-16 02:00:00,10315.0
2012-03-16 03:00:00,10257.0
2012-03-16 04:00:00,10507.0
2012-03-16 05:00:00,11518.0
2012-03-16 06:00:00,13457.0
2012-03-16 07:00:00,14674.0
2012-03-16 08:00:00,15057.0
2012-03-16 09:00:00,15256.0
2012-03-16 10:00:00,15426.0
2012-03-16 11:00:00,15451.0
2012-03-16 12:00:00,15342.0
2012-03-16 13:00:00,15271.0
2012-03-16 14:00:00,15080.0
2012-03-16 15:00:00,14937.0
2012-03-16 16:00:00,14907.0
2012-03-16 17:00:00,14952.0
2012-03-16 18:00:00,15097.0
2012-03-16 19:00:00,15463.0
2012-03-16 20:00:00,15040.0
2012-03-16 21:00:00,14253.0
2012-03-16 22:00:00,13144.0
2012-03-16 23:00:00,11955.0
2012-03-17 00:00:00,10998.0
2012-03-17 01:00:00,10424.0
2012-03-17 02:00:00,10137.0
2012-03-17 03:00:00,9997.0
2012-03-17 04:00:00,10058.0
2012-03-17 05:00:00,10414.0
2012-03-17 06:00:00,11126.0
2012-03-17 07:00:00,11933.0
2012-03-17 08:00:00,12952.0
2012-03-17 09:00:00,13627.0
2012-03-17 10:00:00,13934.0
2012-03-17 11:00:00,13898.0
2012-03-17 12:00:00,13664.0
2012-03-17 13:00:00,13336.0
2012-03-17 14:00:00,13017.0
2012-03-17 15:00:00,12744.0
2012-03-17 16:00:00,12676.0
2012-03-17 17:00:00,12724.0
2012-03-17 18:00:00,12976.0
2012-03-17 19:00:00,13815.0
2012-03-17 20:00:00,13708.0
2012-03-17 21:00:00,13133.0
2012-03-17 22:00:00,12267.0
2012-03-17 23:00:00,11327.0
2012-03-18 00:00:00,10550.0
2012-03-18 01:00:00,10079.0
2012-03-18 02:00:00,9829.0
2012-03-18 03:00:00,9697.0
2012-03-18 04:00:00,9738.0
2012-03-18 05:00:00,9981.0
2012-03-18 06:00:00,10475.0
2012-03-18 07:00:00,11043.0
2012-03-18 08:00:00,11895.0
2012-03-18 09:00:00,12593.0
2012-03-18 10:00:00,12892.0
2012-03-18 11:00:00,12938.0
2012-03-18 12:00:00,12803.0
2012-03-18 13:00:00,12568.0
2012-03-18 14:00:00,12358.0
2012-03-18 15:00:00,12249.0
2012-03-18 16:00:00,12393.0
2012-03-18 17:00:00,12708.0
2012-03-18 18:00:00,13132.0
2012-03-18 19:00:00,14193.0
2012-03-18 20:00:00,14002.0
2012-03-18 21:00:00,13033.0
2012-03-18 22:00:00,11807.0
2012-03-18 23:00:00,10696.0
2012-03-19 00:00:00,9900.0
2012-03-19 01:00:00,9482.0
2012-03-19 02:00:00,9300.0
2012-03-19 03:00:00,9299.0
2012-03-19 04:00:00,9629.0
2012-03-19 05:00:00,10692.0
2012-03-19 06:00:00,12692.0
2012-03-19 07:00:00,13832.0
2012-03-19 08:00:00,14161.0
2012-03-19 09:00:00,14358.0
2012-03-19 10:00:00,14590.0
2012-03-19 11:00:00,14715.0
2012-03-19 12:00:00,14719.0
2012-03-19 13:00:00,14772.0
2012-03-19 14:00:00,14657.0
2012-03-19 15:00:00,14476.0
2012-03-19 16:00:00,14372.0
2012-03-19 17:00:00,14389.0
2012-03-19 18:00:00,14499.0
2012-03-19 19:00:00,15305.0
2012-03-19 20:00:00,14941.0
2012-03-19 21:00:00,13806.0
2012-03-19 22:00:00,12325.0
2012-03-19 23:00:00,11032.0
2012-03-20 00:00:00,10179.0
2012-03-20 01:00:00,9721.0
2012-03-20 02:00:00,9501.0
2012-03-20 03:00:00,9445.0
2012-03-20 04:00:00,9730.0
2012-03-20 05:00:00,10734.0
2012-03-20 06:00:00,12689.0
2012-03-20 07:00:00,13805.0
2012-03-20 08:00:00,14094.0
2012-03-20 09:00:00,14248.0
2012-03-20 10:00:00,14441.0
2012-03-20 11:00:00,14567.0
2012-03-20 12:00:00,14624.0
2012-03-20 13:00:00,14732.0
2012-03-20 14:00:00,14689.0
2012-03-20 15:00:00,14615.0
2012-03-20 16:00:00,14612.0
2012-03-20 17:00:00,14646.0
2012-03-20 18:00:00,14679.0
2012-03-20 19:00:00,15457.0
2012-03-20 20:00:00,15202.0
2012-03-20 21:00:00,14054.0
2012-03-20 22:00:00,12536.0
2012-03-20 23:00:00,11226.0
2012-03-21 00:00:00,10317.0
2012-03-21 01:00:00,9845.0
2012-03-21 02:00:00,9592.0
2012-03-21 03:00:00,9523.0
2012-03-21 04:00:00,9776.0
2012-03-21 05:00:00,10728.0
2012-03-21 06:00:00,12624.0
2012-03-21 07:00:00,13771.0
2012-03-21 08:00:00,14218.0
2012-03-21 09:00:00,14510.0
2012-03-21 10:00:00,14808.0
2012-03-21 11:00:00,14980.0
2012-03-21 12:00:00,15021.0
2012-03-21 13:00:00,15112.0
2012-03-21 14:00:00,15054.0
2012-03-21 15:00:00,14982.0
2012-03-21 16:00:00,14941.0
2012-03-21 17:00:00,14946.0
2012-03-21 18:00:00,14888.0
2012-03-21 19:00:00,15615.0
2012-03-21 20:00:00,15330.0
2012-03-21 21:00:00,14229.0
2012-03-21 22:00:00,12750.0
2012-03-21 23:00:00,11394.0
2012-03-22 00:00:00,10498.0
2012-03-22 01:00:00,9980.0
2012-03-22 02:00:00,9708.0
2012-03-22 03:00:00,9616.0
2012-03-22 04:00:00,9842.0
2012-03-22 05:00:00,10770.0
2012-03-22 06:00:00,12657.0
2012-03-22 07:00:00,13795.0
2012-03-22 08:00:00,14266.0
2012-03-22 09:00:00,14609.0
2012-03-22 10:00:00,14954.0
2012-03-22 11:00:00,15151.0
2012-03-22 12:00:00,15222.0
2012-03-22 13:00:00,15388.0
2012-03-22 14:00:00,15395.0
2012-03-22 15:00:00,15372.0
2012-03-22 16:00:00,15337.0
2012-03-22 17:00:00,15273.0
2012-03-22 18:00:00,15125.0
2012-03-22 19:00:00,15775.0
2012-03-22 20:00:00,15558.0
2012-03-22 21:00:00,14446.0
2012-03-22 22:00:00,12926.0
2012-03-22 23:00:00,11571.0
2012-03-23 00:00:00,10658.0
2012-03-23 01:00:00,10116.0
2012-03-23 02:00:00,9814.0
2012-03-23 03:00:00,9711.0
2012-03-23 04:00:00,9911.0
2012-03-23 05:00:00,10805.0
2012-03-23 06:00:00,12610.0
2012-03-23 07:00:00,13755.0
2012-03-23 08:00:00,14219.0
2012-03-23 09:00:00,14517.0
2012-03-23 10:00:00,14760.0
2012-03-23 11:00:00,14826.0
2012-03-23 12:00:00,14742.0
2012-03-23 13:00:00,14747.0
2012-03-23 14:00:00,14610.0
2012-03-23 15:00:00,14439.0
2012-03-23 16:00:00,14352.0
2012-03-23 17:00:00,14187.0
2012-03-23 18:00:00,13932.0
2012-03-23 19:00:00,14521.0
2012-03-23 20:00:00,14249.0
2012-03-23 21:00:00,13396.0
2012-03-23 22:00:00,12285.0
2012-03-23 23:00:00,11116.0
2012-03-24 00:00:00,10225.0
2012-03-24 01:00:00,9651.0
2012-03-24 02:00:00,9329.0
2012-03-24 03:00:00,9166.0
2012-03-24 04:00:00,9189.0
2012-03-24 05:00:00,9515.0
2012-03-24 06:00:00,10153.0
2012-03-24 07:00:00,10913.0
2012-03-24 08:00:00,11959.0
2012-03-24 09:00:00,12689.0
2012-03-24 10:00:00,13006.0
2012-03-24 11:00:00,13072.0
2012-03-24 12:00:00,12917.0
2012-03-24 13:00:00,12673.0
2012-03-24 14:00:00,12459.0
2012-03-24 15:00:00,12358.0
2012-03-24 16:00:00,12453.0
2012-03-24 17:00:00,12739.0
2012-03-24 18:00:00,13063.0
2012-03-24 19:00:00,13602.0
2012-03-24 20:00:00,13346.0
2012-03-24 21:00:00,12672.0
2012-03-24 22:00:00,11748.0
2012-03-24 23:00:00,10814.0
2012-03-25 00:00:00,9999.0
2012-03-25 01:00:00,9483.0
2012-03-25 02:00:00,9220.0
2012-03-25 03:00:00,9087.0
2012-03-25 04:00:00,9118.0
2012-03-25 05:00:00,9319.0
2012-03-25 06:00:00,9817.0
2012-03-25 07:00:00,10476.0
2012-03-25 08:00:00,11523.0
2012-03-25 09:00:00,12426.0
2012-03-25 10:00:00,12990.0
2012-03-25 11:00:00,13326.0
2012-03-25 12:00:00,13433.0
2012-03-25 13:00:00,13304.0
2012-03-25 14:00:00,13154.0
2012-03-25 15:00:00,13058.0
2012-03-25 16:00:00,13238.0
2012-03-25 17:00:00,13597.0
2012-03-25 18:00:00,13908.0
2012-03-25 19:00:00,14480.0
2012-03-25 20:00:00,14196.0
2012-03-25 21:00:00,13214.0
2012-03-25 22:00:00,12026.0
2012-03-25 23:00:00,10915.0
2012-03-26 00:00:00,10150.0
2012-03-26 01:00:00,9726.0
2012-03-26 02:00:00,9549.0
2012-03-26 03:00:00,9561.0
2012-03-26 04:00:00,9911.0
2012-03-26 05:00:00,11009.0
2012-03-26 06:00:00,13040.0
2012-03-26 07:00:00,14235.0
2012-03-26 08:00:00,14646.0
2012-03-26 09:00:00,14811.0
2012-03-26 10:00:00,14894.0
2012-03-26 11:00:00,14817.0
2012-03-26 12:00:00,14677.0
2012-03-26 13:00:00,14581.0
2012-03-26 14:00:00,14342.0
2012-03-26 15:00:00,14246.0
2012-03-26 16:00:00,14358.0
2012-03-26 17:00:00,14730.0
2012-03-26 18:00:00,15135.0
2012-03-26 19:00:00,16092.0
2012-03-26 20:00:00,15972.0
2012-03-26 21:00:00,15008.0
2012-03-26 22:00:00,13603.0
2012-03-26 23:00:00,12359.0
2012-03-27 00:00:00,11547.0
2012-03-27 01:00:00,11152.0
2012-03-27 02:00:00,11006.0
2012-03-27 03:00:00,11031.0
2012-03-27 04:00:00,11386.0
2012-03-27 05:00:00,12529.0
2012-03-27 06:00:00,14524.0
2012-03-27 07:00:00,15596.0
2012-03-27 08:00:00,15725.0
2012-03-27 09:00:00,15690.0
2012-03-27 10:00:00,15636.0
2012-03-27 11:00:00,15521.0
2012-03-27 12:00:00,15307.0
2012-03-27 13:00:00,15100.0
2012-03-27 14:00:00,14769.0
2012-03-27 15:00:00,14529.0
2012-03-27 16:00:00,14512.0
2012-03-27 17:00:00,14716.0
2012-03-27 18:00:00,14955.0
2012-03-27 19:00:00,15841.0
2012-03-27 20:00:00,15785.0
2012-03-27 21:00:00,14820.0
2012-03-27 22:00:00,13396.0
2012-03-27 23:00:00,12113.0
2012-03-28 00:00:00,11287.0
2012-03-28 01:00:00,10823.0
2012-03-28 02:00:00,10617.0
2012-03-28 03:00:00,10560.0
2012-03-28 04:00:00,10841.0
2012-03-28 05:00:00,11891.0
2012-03-28 06:00:00,13840.0
2012-03-28 07:00:00,14981.0
2012-03-28 08:00:00,15201.0
2012-03-28 09:00:00,15235.0
2012-03-28 10:00:00,15322.0
2012-03-28 11:00:00,15340.0
2012-03-28 12:00:00,15269.0
2012-03-28 13:00:00,15228.0
2012-03-28 14:00:00,14942.0
2012-03-28 15:00:00,14703.0
2012-03-28 16:00:00,14747.0
2012-03-28 17:00:00,14920.0
2012-03-28 18:00:00,15079.0
2012-03-28 19:00:00,15653.0
2012-03-28 20:00:00,15364.0
2012-03-28 21:00:00,14329.0
2012-03-28 22:00:00,12852.0
2012-03-28 23:00:00,11543.0
2012-03-29 00:00:00,10698.0
2012-03-29 01:00:00,10239.0
2012-03-29 02:00:00,10012.0
2012-03-29 03:00:00,9968.0
2012-03-29 04:00:00,10266.0
2012-03-29 05:00:00,11296.0
2012-03-29 06:00:00,13267.0
2012-03-29 07:00:00,14427.0
2012-03-29 08:00:00,14748.0
2012-03-29 09:00:00,14975.0
2012-03-29 10:00:00,15150.0
2012-03-29 11:00:00,15190.0
2012-03-29 12:00:00,15086.0
2012-03-29 13:00:00,15003.0
2012-03-29 14:00:00,14771.0
2012-03-29 15:00:00,14678.0
2012-03-29 16:00:00,14796.0
2012-03-29 17:00:00,15076.0
2012-03-29 18:00:00,15349.0
2012-03-29 19:00:00,15859.0
2012-03-29 20:00:00,15561.0
2012-03-29 21:00:00,14551.0
2012-03-29 22:00:00,13128.0
2012-03-29 23:00:00,11877.0
2012-03-30 00:00:00,11040.0
2012-03-30 01:00:00,10603.0
2012-03-30 02:00:00,10400.0
2012-03-30 03:00:00,10373.0
2012-03-30 04:00:00,10690.0
2012-03-30 05:00:00,11740.0
2012-03-30 06:00:00,13589.0
2012-03-30 07:00:00,14641.0
2012-03-30 08:00:00,14837.0
2012-03-30 09:00:00,14870.0
2012-03-30 10:00:00,14897.0
2012-03-30 11:00:00,14775.0
2012-03-30 12:00:00,14524.0
2012-03-30 13:00:00,14359.0
2012-03-30 14:00:00,14078.0
2012-03-30 15:00:00,13808.0
2012-03-30 16:00:00,13702.0
2012-03-30 17:00:00,13703.0
2012-03-30 18:00:00,13780.0
2012-03-30 19:00:00,14563.0
2012-03-30 20:00:00,14546.0
2012-03-30 21:00:00,13865.0
2012-03-30 22:00:00,12816.0
2012-03-30 23:00:00,11685.0
2012-03-31 00:00:00,10780.0
2012-03-31 01:00:00,10268.0
2012-03-31 02:00:00,10030.0
2012-03-31 03:00:00,9951.0
2012-03-31 04:00:00,10039.0
2012-03-31 05:00:00,10416.0
2012-03-31 06:00:00,11103.0
2012-03-31 07:00:00,12063.0
2012-03-31 08:00:00,13164.0
2012-03-31 09:00:00,13838.0
2012-03-31 10:00:00,14225.0
2012-03-31 11:00:00,14292.0
2012-03-31 12:00:00,14177.0
2012-03-31 13:00:00,13842.0
2012-03-31 14:00:00,13538.0
2012-03-31 15:00:00,13348.0
2012-03-31 16:00:00,13368.0
2012-03-31 17:00:00,13542.0
2012-03-31 18:00:00,13685.0
2012-03-31 19:00:00,14253.0
2012-03-31 20:00:00,14212.0
2012-03-31 21:00:00,13634.0
2012-03-31 22:00:00,12781.0
2012-03-31 23:00:00,11789.0
2012-04-01 00:00:00,10977.0
2012-04-01 01:00:00,10492.0
2012-04-01 02:00:00,10240.0
2012-04-01 03:00:00,10157.0
2012-04-01 04:00:00,10201.0
2012-04-01 05:00:00,10481.0
2012-04-01 06:00:00,10905.0
2012-04-01 07:00:00,11548.0
2012-04-01 08:00:00,12337.0
2012-04-01 09:00:00,12857.0
2012-04-01 10:00:00,13041.0
2012-04-01 11:00:00,13082.0
2012-04-01 12:00:00,13072.0
2012-04-01 13:00:00,12988.0
2012-04-01 14:00:00,12899.0
2012-04-01 15:00:00,12969.0
2012-04-01 16:00:00,13349.0
2012-04-01 17:00:00,13931.0
2012-04-01 18:00:00,14345.0
2012-04-01 19:00:00,14807.0
2012-04-01 20:00:00,14429.0
2012-04-01 21:00:00,13492.0
2012-04-01 22:00:00,12276.0
2012-04-01 23:00:00,11170.0
2012-04-02 00:00:00,10426.0
2012-04-02 01:00:00,10040.0
2012-04-02 02:00:00,9887.0
2012-04-02 03:00:00,9924.0
2012-04-02 04:00:00,10278.0
2012-04-02 05:00:00,11420.0
2012-04-02 06:00:00,13407.0
2012-04-02 07:00:00,14600.0
2012-04-02 08:00:00,14951.0
2012-04-02 09:00:00,15109.0
2012-04-02 10:00:00,15193.0
2012-04-02 11:00:00,15081.0
2012-04-02 12:00:00,14855.0
2012-04-02 13:00:00,14693.0
2012-04-02 14:00:00,14429.0
2012-04-02 15:00:00,14217.0
2012-04-02 16:00:00,14204.0
2012-04-02 17:00:00,14413.0
2012-04-02 18:00:00,14573.0
2012-04-02 19:00:00,15373.0
2012-04-02 20:00:00,15430.0
2012-04-02 21:00:00,14503.0
2012-04-02 22:00:00,13110.0
2012-04-02 23:00:00,11778.0
2012-04-03 00:00:00,10951.0
2012-04-03 01:00:00,10533.0
2012-04-03 02:00:00,10370.0
2012-04-03 03:00:00,10397.0
2012-04-03 04:00:00,10771.0
2012-04-03 05:00:00,11917.0
2012-04-03 06:00:00,13825.0
2012-04-03 07:00:00,14868.0
2012-04-03 08:00:00,14966.0
2012-04-03 09:00:00,14941.0
2012-04-03 10:00:00,14911.0
2012-04-03 11:00:00,14779.0
2012-04-03 12:00:00,14577.0
2012-04-03 13:00:00,14425.0
2012-04-03 14:00:00,14200.0
2012-04-03 15:00:00,14041.0
2012-04-03 16:00:00,14039.0
2012-04-03 17:00:00,14176.0
2012-04-03 18:00:00,14322.0
2012-04-03 19:00:00,15134.0
2012-04-03 20:00:00,15208.0
2012-04-03 21:00:00,14206.0
2012-04-03 22:00:00,12768.0
2012-04-03 23:00:00,11452.0
2012-04-04 00:00:00,10591.0
2012-04-04 01:00:00,10150.0
2012-04-04 02:00:00,9932.0
2012-04-04 03:00:00,9904.0
2012-04-04 04:00:00,10199.0
2012-04-04 05:00:00,11268.0
2012-04-04 06:00:00,13127.0
2012-04-04 07:00:00,14176.0
2012-04-04 08:00:00,14358.0
2012-04-04 09:00:00,14412.0
2012-04-04 10:00:00,14502.0
2012-04-04 11:00:00,14499.0
2012-04-04 12:00:00,14399.0
2012-04-04 13:00:00,14354.0
2012-04-04 14:00:00,14223.0
2012-04-04 15:00:00,14061.0
2012-04-04 16:00:00,14061.0
2012-04-04 17:00:00,14215.0
2012-04-04 18:00:00,14325.0
2012-04-04 19:00:00,15022.0
2012-04-04 20:00:00,14976.0
2012-04-04 21:00:00,13992.0
2012-04-04 22:00:00,12600.0
2012-04-04 23:00:00,11303.0
2012-04-05 00:00:00,10501.0
2012-04-05 01:00:00,10085.0
2012-04-05 02:00:00,9890.0
2012-04-05 03:00:00,9893.0
2012-04-05 04:00:00,10240.0
2012-04-05 05:00:00,11356.0
2012-04-05 06:00:00,13251.0
2012-04-05 07:00:00,14348.0
2012-04-05 08:00:00,14577.0
2012-04-05 09:00:00,14684.0
2012-04-05 10:00:00,14754.0
2012-04-05 11:00:00,14705.0
2012-04-05 12:00:00,14546.0
2012-04-05 13:00:00,14450.0
2012-04-05 14:00:00,14194.0
2012-04-05 15:00:00,13994.0
2012-04-05 16:00:00,13959.0
2012-04-05 17:00:00,14049.0
2012-04-05 18:00:00,14132.0
2012-04-05 19:00:00,14817.0
2012-04-05 20:00:00,14972.0
2012-04-05 21:00:00,14182.0
2012-04-05 22:00:00,12882.0
2012-04-05 23:00:00,11649.0
2012-04-06 00:00:00,10801.0
2012-04-06 01:00:00,10374.0
2012-04-06 02:00:00,10179.0
2012-04-06 03:00:00,10173.0
2012-04-06 04:00:00,10443.0
2012-04-06 05:00:00,11323.0
2012-04-06 06:00:00,12677.0
2012-04-06 07:00:00,13724.0
2012-04-06 08:00:00,14209.0
2012-04-06 09:00:00,14437.0
2012-04-06 10:00:00,14491.0
2012-04-06 11:00:00,14355.0
2012-04-06 12:00:00,14130.0
2012-04-06 13:00:00,13921.0
2012-04-06 14:00:00,13644.0
2012-04-06 15:00:00,13386.0
2012-04-06 16:00:00,13348.0
2012-04-06 17:00:00,13440.0
2012-04-06 18:00:00,13484.0
2012-04-06 19:00:00,14077.0
2012-04-06 20:00:00,14229.0
2012-04-06 21:00:00,13585.0
2012-04-06 22:00:00,12563.0
2012-04-06 23:00:00,11480.0
2012-04-07 00:00:00,10669.0
2012-04-07 01:00:00,10209.0
2012-04-07 02:00:00,9971.0
2012-04-07 03:00:00,9899.0
2012-04-07 04:00:00,10020.0
2012-04-07 05:00:00,10423.0
2012-04-07 06:00:00,10997.0
2012-04-07 07:00:00,11894.0
2012-04-07 08:00:00,12800.0
2012-04-07 09:00:00,13277.0
2012-04-07 10:00:00,13398.0
2012-04-07 11:00:00,13313.0
2012-04-07 12:00:00,13110.0
2012-04-07 13:00:00,12844.0
2012-04-07 14:00:00,12609.0
2012-04-07 15:00:00,12560.0
2012-04-07 16:00:00,12786.0
2012-04-07 17:00:00,13121.0
2012-04-07 18:00:00,13389.0
2012-04-07 19:00:00,13907.0
2012-04-07 20:00:00,13897.0
2012-04-07 21:00:00,13261.0
2012-04-07 22:00:00,12303.0
2012-04-07 23:00:00,11245.0
2012-04-08 00:00:00,10376.0
2012-04-08 01:00:00,9847.0
2012-04-08 02:00:00,9559.0
2012-04-08 03:00:00,9451.0
2012-04-08 04:00:00,9498.0
2012-04-08 05:00:00,9788.0
2012-04-08 06:00:00,10258.0
2012-04-08 07:00:00,11120.0
2012-04-08 08:00:00,12110.0
2012-04-08 09:00:00,12726.0
2012-04-08 10:00:00,12935.0
2012-04-08 11:00:00,13057.0
2012-04-08 12:00:00,12949.0
2012-04-08 13:00:00,12484.0
2012-04-08 14:00:00,12013.0
2012-04-08 15:00:00,11760.0
2012-04-08 16:00:00,11695.0
2012-04-08 17:00:00,11822.0
2012-04-08 18:00:00,12147.0
2012-04-08 19:00:00,13079.0
2012-04-08 20:00:00,13541.0
2012-04-08 21:00:00,12816.0
2012-04-08 22:00:00,11704.0
2012-04-08 23:00:00,10669.0
2012-04-09 00:00:00,9979.0
2012-04-09 01:00:00,9635.0
2012-04-09 02:00:00,9509.0
2012-04-09 03:00:00,9522.0
2012-04-09 04:00:00,9865.0
2012-04-09 05:00:00,10978.0
2012-04-09 06:00:00,12791.0
2012-04-09 07:00:00,14025.0
2012-04-09 08:00:00,14450.0
2012-04-09 09:00:00,14646.0
2012-04-09 10:00:00,14795.0
2012-04-09 11:00:00,14796.0
2012-04-09 12:00:00,14693.0
2012-04-09 13:00:00,14581.0
2012-04-09 14:00:00,14357.0
2012-04-09 15:00:00,14190.0
2012-04-09 16:00:00,14195.0
2012-04-09 17:00:00,14373.0
2012-04-09 18:00:00,14496.0
2012-04-09 19:00:00,15096.0
2012-04-09 20:00:00,15112.0
2012-04-09 21:00:00,14085.0
2012-04-09 22:00:00,12620.0
2012-04-09 23:00:00,11299.0
2012-04-10 00:00:00,10470.0
2012-04-10 01:00:00,10045.0
2012-04-10 02:00:00,9858.0
2012-04-10 03:00:00,9847.0
2012-04-10 04:00:00,10186.0
2012-04-10 05:00:00,11277.0
2012-04-10 06:00:00,13067.0
2012-04-10 07:00:00,14179.0
2012-04-10 08:00:00,14387.0
2012-04-10 09:00:00,14476.0
2012-04-10 10:00:00,14558.0
2012-04-10 11:00:00,14530.0
2012-04-10 12:00:00,14443.0
2012-04-10 13:00:00,14419.0
2012-04-10 14:00:00,14211.0
2012-04-10 15:00:00,14050.0
2012-04-10 16:00:00,14080.0
2012-04-10 17:00:00,14185.0
2012-04-10 18:00:00,14292.0
2012-04-10 19:00:00,14922.0
2012-04-10 20:00:00,14977.0
2012-04-10 21:00:00,13957.0
2012-04-10 22:00:00,12510.0
2012-04-10 23:00:00,11188.0
2012-04-11 00:00:00,10363.0
2012-04-11 01:00:00,9950.0
2012-04-11 02:00:00,9764.0
2012-04-11 03:00:00,9774.0
2012-04-11 04:00:00,10086.0
2012-04-11 05:00:00,11156.0
2012-04-11 06:00:00,12960.0
2012-04-11 07:00:00,14174.0
2012-04-11 08:00:00,14468.0
2012-04-11 09:00:00,14523.0
2012-04-11 10:00:00,14592.0
2012-04-11 11:00:00,14554.0
2012-04-11 12:00:00,14421.0
2012-04-11 13:00:00,14350.0
2012-04-11 14:00:00,14187.0
2012-04-11 15:00:00,14029.0
2012-04-11 16:00:00,14061.0
2012-04-11 17:00:00,14205.0
2012-04-11 18:00:00,14371.0
2012-04-11 19:00:00,14992.0
2012-04-11 20:00:00,15010.0
2012-04-11 21:00:00,14006.0
2012-04-11 22:00:00,12580.0
2012-04-11 23:00:00,11292.0
2012-04-12 00:00:00,10441.0
2012-04-12 01:00:00,10017.0
2012-04-12 02:00:00,9813.0
2012-04-12 03:00:00,9812.0
2012-04-12 04:00:00,10118.0
2012-04-12 05:00:00,11194.0
2012-04-12 06:00:00,12944.0
2012-04-12 07:00:00,14084.0
2012-04-12 08:00:00,14365.0
2012-04-12 09:00:00,14447.0
2012-04-12 10:00:00,14515.0
2012-04-12 11:00:00,14525.0
2012-04-12 12:00:00,14466.0
2012-04-12 13:00:00,14455.0
2012-04-12 14:00:00,14281.0
2012-04-12 15:00:00,14148.0
2012-04-12 16:00:00,14192.0
2012-04-12 17:00:00,14364.0
2012-04-12 18:00:00,14426.0
2012-04-12 19:00:00,14936.0
2012-04-12 20:00:00,15029.0
2012-04-12 21:00:00,14116.0
2012-04-12 22:00:00,12751.0
2012-04-12 23:00:00,11450.0
2012-04-13 00:00:00,10601.0
2012-04-13 01:00:00,10175.0
2012-04-13 02:00:00,9985.0
2012-04-13 03:00:00,9985.0
2012-04-13 04:00:00,10303.0
2012-04-13 05:00:00,11346.0
2012-04-13 06:00:00,13011.0
2012-04-13 07:00:00,14122.0
2012-04-13 08:00:00,14337.0
2012-04-13 09:00:00,14418.0
2012-04-13 10:00:00,14480.0
2012-04-13 11:00:00,14403.0
2012-04-13 12:00:00,14237.0
2012-04-13 13:00:00,14139.0
2012-04-13 14:00:00,13921.0
2012-04-13 15:00:00,13678.0
2012-04-13 16:00:00,13570.0
2012-04-13 17:00:00,13489.0
2012-04-13 18:00:00,13385.0
2012-04-13 19:00:00,13836.0
2012-04-13 20:00:00,14091.0
2012-04-13 21:00:00,13364.0
2012-04-13 22:00:00,12262.0
2012-04-13 23:00:00,11098.0
2012-04-14 00:00:00,10239.0
2012-04-14 01:00:00,9753.0
2012-04-14 02:00:00,9482.0
2012-04-14 03:00:00,9409.0
2012-04-14 04:00:00,9518.0
2012-04-14 05:00:00,9936.0
2012-04-14 06:00:00,10477.0
2012-04-14 07:00:00,11399.0
2012-04-14 08:00:00,12250.0
2012-04-14 09:00:00,12757.0
2012-04-14 10:00:00,12969.0
2012-04-14 11:00:00,12912.0
2012-04-14 12:00:00,12728.0
2012-04-14 13:00:00,12496.0
2012-04-14 14:00:00,12282.0
2012-04-14 15:00:00,12213.0
2012-04-14 16:00:00,12272.0
2012-04-14 17:00:00,12413.0
2012-04-14 18:00:00,12489.0
2012-04-14 19:00:00,12977.0
2012-04-14 20:00:00,13204.0
2012-04-14 21:00:00,12553.0
2012-04-14 22:00:00,11583.0
2012-04-14 23:00:00,10605.0
2012-04-15 00:00:00,9813.0
2012-04-15 01:00:00,9323.0
2012-04-15 02:00:00,9047.0
2012-04-15 03:00:00,8927.0
2012-04-15 04:00:00,8946.0
2012-04-15 05:00:00,9156.0
2012-04-15 06:00:00,9435.0
2012-04-15 07:00:00,10157.0
2012-04-15 08:00:00,11139.0
2012-04-15 09:00:00,11877.0
2012-04-15 10:00:00,12285.0
2012-04-15 11:00:00,12497.0
2012-04-15 12:00:00,12549.0
2012-04-15 13:00:00,12448.0
2012-04-15 14:00:00,12368.0
2012-04-15 15:00:00,12399.0
2012-04-15 16:00:00,12598.0
2012-04-15 17:00:00,12900.0
2012-04-15 18:00:00,13019.0
2012-04-15 19:00:00,13497.0
2012-04-15 20:00:00,13694.0
2012-04-15 21:00:00,12910.0
2012-04-15 22:00:00,11823.0
2012-04-15 23:00:00,10783.0
2012-04-16 00:00:00,10012.0
2012-04-16 01:00:00,9577.0
2012-04-16 02:00:00,9340.0
2012-04-16 03:00:00,9299.0
2012-04-16 04:00:00,9538.0
2012-04-16 05:00:00,10382.0
2012-04-16 06:00:00,11576.0
2012-04-16 07:00:00,12952.0
2012-04-16 08:00:00,13955.0
2012-04-16 09:00:00,14658.0
2012-04-16 10:00:00,15220.0
2012-04-16 11:00:00,15614.0
2012-04-16 12:00:00,15826.0
2012-04-16 13:00:00,16001.0
2012-04-16 14:00:00,16025.0
2012-04-16 15:00:00,16019.0
2012-04-16 16:00:00,16006.0
2012-04-16 17:00:00,15881.0
2012-04-16 18:00:00,15589.0
2012-04-16 19:00:00,15699.0
2012-04-16 20:00:00,15859.0
2012-04-16 21:00:00,14751.0
2012-04-16 22:00:00,13220.0
2012-04-16 23:00:00,11785.0
2012-04-17 00:00:00,10811.0
2012-04-17 01:00:00,10236.0
2012-04-17 02:00:00,9909.0
2012-04-17 03:00:00,9778.0
2012-04-17 04:00:00,9995.0
2012-04-17 05:00:00,10822.0
2012-04-17 06:00:00,12126.0
2012-04-17 07:00:00,13545.0
2012-04-17 08:00:00,14389.0
2012-04-17 09:00:00,14896.0
2012-04-17 10:00:00,15276.0
2012-04-17 11:00:00,15467.0
2012-04-17 12:00:00,15552.0
2012-04-17 13:00:00,15706.0
2012-04-17 14:00:00,15716.0
2012-04-17 15:00:00,15667.0
2012-04-17 16:00:00,15635.0
2012-04-17 17:00:00,15496.0
2012-04-17 18:00:00,15120.0
2012-04-17 19:00:00,15174.0
2012-04-17 20:00:00,15305.0
2012-04-17 21:00:00,14188.0
2012-04-17 22:00:00,12695.0
2012-04-17 23:00:00,11346.0
2012-04-18 00:00:00,10374.0
2012-04-18 01:00:00,9828.0
2012-04-18 02:00:00,9531.0
2012-04-18 03:00:00,9425.0
2012-04-18 04:00:00,9623.0
2012-04-18 05:00:00,10441.0
2012-04-18 06:00:00,11668.0
2012-04-18 07:00:00,12911.0
2012-04-18 08:00:00,13541.0
2012-04-18 09:00:00,13886.0
2012-04-18 10:00:00,14156.0
2012-04-18 11:00:00,14274.0
2012-04-18 12:00:00,14234.0
2012-04-18 13:00:00,14237.0
2012-04-18 14:00:00,14096.0
2012-04-18 15:00:00,13901.0
2012-04-18 16:00:00,13846.0
2012-04-18 17:00:00,13916.0
2012-04-18 18:00:00,13922.0
2012-04-18 19:00:00,14306.0
2012-04-18 20:00:00,14384.0
2012-04-18 21:00:00,13457.0
2012-04-18 22:00:00,12157.0
2012-04-18 23:00:00,10950.0
2012-04-19 00:00:00,10126.0
2012-04-19 01:00:00,9649.0
2012-04-19 02:00:00,9404.0
2012-04-19 03:00:00,9362.0
2012-04-19 04:00:00,9630.0
2012-04-19 05:00:00,10496.0
2012-04-19 06:00:00,11834.0
2012-04-19 07:00:00,13073.0
2012-04-19 08:00:00,13654.0
2012-04-19 09:00:00,14020.0
2012-04-19 10:00:00,14291.0
2012-04-19 11:00:00,14413.0
2012-04-19 12:00:00,14382.0
2012-04-19 13:00:00,14392.0
2012-04-19 14:00:00,14286.0
2012-04-19 15:00:00,14161.0
2012-04-19 16:00:00,14135.0
2012-04-19 17:00:00,14083.0
2012-04-19 18:00:00,13913.0
2012-04-19 19:00:00,14188.0
2012-04-19 20:00:00,14503.0
2012-04-19 21:00:00,13626.0
2012-04-19 22:00:00,12289.0
2012-04-19 23:00:00,11029.0
2012-04-20 00:00:00,10165.0
2012-04-20 01:00:00,9694.0
2012-04-20 02:00:00,9461.0
2012-04-20 03:00:00,9366.0
2012-04-20 04:00:00,9598.0
2012-04-20 05:00:00,10385.0
2012-04-20 06:00:00,11612.0
2012-04-20 07:00:00,12852.0
2012-04-20 08:00:00,13577.0
2012-04-20 09:00:00,14087.0
2012-04-20 10:00:00,14471.0
2012-04-20 11:00:00,14645.0
2012-04-20 12:00:00,14646.0
2012-04-20 13:00:00,14668.0
2012-04-20 14:00:00,14536.0
2012-04-20 15:00:00,14359.0
2012-04-20 16:00:00,14224.0
2012-04-20 17:00:00,14007.0
2012-04-20 18:00:00,13681.0
2012-04-20 19:00:00,13838.0
2012-04-20 20:00:00,14058.0
2012-04-20 21:00:00,13274.0
2012-04-20 22:00:00,12144.0
2012-04-20 23:00:00,10987.0
2012-04-21 00:00:00,10132.0
2012-04-21 01:00:00,9605.0
2012-04-21 02:00:00,9311.0
2012-04-21 03:00:00,9179.0
2012-04-21 04:00:00,9244.0
2012-04-21 05:00:00,9559.0
2012-04-21 06:00:00,10031.0
2012-04-21 07:00:00,10936.0
2012-04-21 08:00:00,11953.0
2012-04-21 09:00:00,12678.0
2012-04-21 10:00:00,13074.0
2012-04-21 11:00:00,13207.0
2012-04-21 12:00:00,13210.0
2012-04-21 13:00:00,13123.0
2012-04-21 14:00:00,13051.0
2012-04-21 15:00:00,13050.0
2012-04-21 16:00:00,13141.0
2012-04-21 17:00:00,13264.0
2012-04-21 18:00:00,13210.0
2012-04-21 19:00:00,13454.0
2012-04-21 20:00:00,13715.0
2012-04-21 21:00:00,13031.0
2012-04-21 22:00:00,12017.0
2012-04-21 23:00:00,10993.0
2012-04-22 00:00:00,10178.0
2012-04-22 01:00:00,9637.0
2012-04-22 02:00:00,9309.0
2012-04-22 03:00:00,9127.0
2012-04-22 04:00:00,9111.0
2012-04-22 05:00:00,9275.0
2012-04-22 06:00:00,9498.0
2012-04-22 07:00:00,10182.0
2012-04-22 08:00:00,11143.0
2012-04-22 09:00:00,11965.0
2012-04-22 10:00:00,12480.0
2012-04-22 11:00:00,12819.0
2012-04-22 12:00:00,12986.0
2012-04-22 13:00:00,12968.0
2012-04-22 14:00:00,12929.0
2012-04-22 15:00:00,12984.0
2012-04-22 16:00:00,13260.0
2012-04-22 17:00:00,13589.0
2012-04-22 18:00:00,13837.0
2012-04-22 19:00:00,14021.0
2012-04-22 20:00:00,13812.0
2012-04-22 21:00:00,12876.0
2012-04-22 22:00:00,11747.0
2012-04-22 23:00:00,10705.0
2012-04-23 00:00:00,10024.0
2012-04-23 01:00:00,9666.0
2012-04-23 02:00:00,9498.0
2012-04-23 03:00:00,9474.0
2012-04-23 04:00:00,9761.0
2012-04-23 05:00:00,10807.0
2012-04-23 06:00:00,12595.0
2012-04-23 07:00:00,13972.0
2012-04-23 08:00:00,14528.0
2012-04-23 09:00:00,14811.0
2012-04-23 10:00:00,15045.0
2012-04-23 11:00:00,15112.0
2012-04-23 12:00:00,15035.0
2012-04-23 13:00:00,14964.0
2012-04-23 14:00:00,14751.0
2012-04-23 15:00:00,14594.0
2012-04-23 16:00:00,14659.0
2012-04-23 17:00:00,14834.0
2012-04-23 18:00:00,14800.0
2012-04-23 19:00:00,14947.0
2012-04-23 20:00:00,14897.0
2012-04-23 21:00:00,13855.0
2012-04-23 22:00:00,12418.0
2012-04-23 23:00:00,11131.0
2012-04-24 00:00:00,10284.0
2012-04-24 01:00:00,9866.0
2012-04-24 02:00:00,9641.0
2012-04-24 03:00:00,9602.0
2012-04-24 04:00:00,9890.0
2012-04-24 05:00:00,10874.0
2012-04-24 06:00:00,12497.0
2012-04-24 07:00:00,13711.0
2012-04-24 08:00:00,14122.0
2012-04-24 09:00:00,14345.0
2012-04-24 10:00:00,14510.0
2012-04-24 11:00:00,14501.0
2012-04-24 12:00:00,14401.0
2012-04-24 13:00:00,14355.0
2012-04-24 14:00:00,14191.0
2012-04-24 15:00:00,14035.0
2012-04-24 16:00:00,14051.0
2012-04-24 17:00:00,14142.0
2012-04-24 18:00:00,14154.0
2012-04-24 19:00:00,14559.0
2012-04-24 20:00:00,14928.0
2012-04-24 21:00:00,13995.0
2012-04-24 22:00:00,12560.0
2012-04-24 23:00:00,11249.0
2012-04-25 00:00:00,10400.0
2012-04-25 01:00:00,9956.0
2012-04-25 02:00:00,9750.0
2012-04-25 03:00:00,9702.0
2012-04-25 04:00:00,10020.0
2012-04-25 05:00:00,11015.0
2012-04-25 06:00:00,12631.0
2012-04-25 07:00:00,13747.0
2012-04-25 08:00:00,14047.0
2012-04-25 09:00:00,14216.0
2012-04-25 10:00:00,14339.0
2012-04-25 11:00:00,14380.0
2012-04-25 12:00:00,14309.0
2012-04-25 13:00:00,14288.0
2012-04-25 14:00:00,14102.0
2012-04-25 15:00:00,13975.0
2012-04-25 16:00:00,14001.0
2012-04-25 17:00:00,14092.0
2012-04-25 18:00:00,14148.0
2012-04-25 19:00:00,14478.0
2012-04-25 20:00:00,14734.0
2012-04-25 21:00:00,13869.0
2012-04-25 22:00:00,12513.0
2012-04-25 23:00:00,11237.0
2012-04-26 00:00:00,10377.0
2012-04-26 01:00:00,9925.0
2012-04-26 02:00:00,9735.0
2012-04-26 03:00:00,9730.0
2012-04-26 04:00:00,10047.0
2012-04-26 05:00:00,11068.0
2012-04-26 06:00:00,12689.0
2012-04-26 07:00:00,13827.0
2012-04-26 08:00:00,14134.0
2012-04-26 09:00:00,14257.0
2012-04-26 10:00:00,14368.0
2012-04-26 11:00:00,14409.0
2012-04-26 12:00:00,14347.0
2012-04-26 13:00:00,14361.0
2012-04-26 14:00:00,14213.0
2012-04-26 15:00:00,14100.0
2012-04-26 16:00:00,14235.0
2012-04-26 17:00:00,14519.0
2012-04-26 18:00:00,14615.0
2012-04-26 19:00:00,14836.0
2012-04-26 20:00:00,14818.0
2012-04-26 21:00:00,13862.0
2012-04-26 22:00:00,12458.0
2012-04-26 23:00:00,11180.0
2012-04-27 00:00:00,10319.0
2012-04-27 01:00:00,9842.0
2012-04-27 02:00:00,9602.0
2012-04-27 03:00:00,9546.0
2012-04-27 04:00:00,9774.0
2012-04-27 05:00:00,10712.0
2012-04-27 06:00:00,12323.0
2012-04-27 07:00:00,13594.0
2012-04-27 08:00:00,14061.0
2012-04-27 09:00:00,14278.0
2012-04-27 10:00:00,14442.0
2012-04-27 11:00:00,14433.0
2012-04-27 12:00:00,14257.0
2012-04-27 13:00:00,14171.0
2012-04-27 14:00:00,13951.0
2012-04-27 15:00:00,13733.0
2012-04-27 16:00:00,13664.0
2012-04-27 17:00:00,13642.0
2012-04-27 18:00:00,13621.0
2012-04-27 19:00:00,13979.0
2012-04-27 20:00:00,14410.0
2012-04-27 21:00:00,13790.0
2012-04-27 22:00:00,12691.0
2012-04-27 23:00:00,11556.0
2012-04-28 00:00:00,10690.0
2012-04-28 01:00:00,10216.0
2012-04-28 02:00:00,9962.0
2012-04-28 03:00:00,9861.0
2012-04-28 04:00:00,9977.0
2012-04-28 05:00:00,10332.0
2012-04-28 06:00:00,10901.0
2012-04-28 07:00:00,11877.0
2012-04-28 08:00:00,12722.0
2012-04-28 09:00:00,13141.0
2012-04-28 10:00:00,13237.0
2012-04-28 11:00:00,13126.0
2012-04-28 12:00:00,12903.0
2012-04-28 13:00:00,12620.0
2012-04-28 14:00:00,12374.0
2012-04-28 15:00:00,12227.0
2012-04-28 16:00:00,12299.0
2012-04-28 17:00:00,12474.0
2012-04-28 18:00:00,12586.0
2012-04-28 19:00:00,12946.0
2012-04-28 20:00:00,13444.0
2012-04-28 21:00:00,12898.0
2012-04-28 22:00:00,11982.0
2012-04-28 23:00:00,10993.0
2012-04-29 00:00:00,10177.0
2012-04-29 01:00:00,9716.0
2012-04-29 02:00:00,9471.0
2012-04-29 03:00:00,9398.0
2012-04-29 04:00:00,9471.0
2012-04-29 05:00:00,9670.0
2012-04-29 06:00:00,10000.0
2012-04-29 07:00:00,10747.0
2012-04-29 08:00:00,11586.0
2012-04-29 09:00:00,12192.0
2012-04-29 10:00:00,12457.0
2012-04-29 11:00:00,12554.0
2012-04-29 12:00:00,12496.0
2012-04-29 13:00:00,12324.0
2012-04-29 14:00:00,12161.0
2012-04-29 15:00:00,12122.0
2012-04-29 16:00:00,12311.0
2012-04-29 17:00:00,12652.0
2012-04-29 18:00:00,12869.0
2012-04-29 19:00:00,13286.0
2012-04-29 20:00:00,13862.0
2012-04-29 21:00:00,13074.0
2012-04-29 22:00:00,11859.0
2012-04-29 23:00:00,10745.0
2012-04-30 00:00:00,10037.0
2012-04-30 01:00:00,9683.0
2012-04-30 02:00:00,9548.0
2012-04-30 03:00:00,9601.0
2012-04-30 04:00:00,9969.0
2012-04-30 05:00:00,11013.0
2012-04-30 06:00:00,12789.0
2012-04-30 07:00:00,13938.0
2012-04-30 08:00:00,14203.0
2012-04-30 09:00:00,14308.0
2012-04-30 10:00:00,14421.0
2012-04-30 11:00:00,14414.0
2012-04-30 12:00:00,14321.0
2012-04-30 13:00:00,14283.0
2012-04-30 14:00:00,14125.0
2012-04-30 15:00:00,13987.0
2012-04-30 16:00:00,13971.0
2012-04-30 17:00:00,14069.0
2012-04-30 18:00:00,14184.0
2012-04-30 19:00:00,14588.0
2012-04-30 20:00:00,14856.0
2012-04-30 21:00:00,13828.0
2012-04-30 22:00:00,12356.0
2012-04-30 23:00:00,11056.0
2012-05-01 00:00:00,10212.0
2012-05-01 01:00:00,9803.0
2012-05-01 02:00:00,9576.0
2012-05-01 03:00:00,9543.0
2012-05-01 04:00:00,9790.0
2012-05-01 05:00:00,10787.0
2012-05-01 06:00:00,12565.0
2012-05-01 07:00:00,13977.0
2012-05-01 08:00:00,14518.0
2012-05-01 09:00:00,14863.0
2012-05-01 10:00:00,15071.0
2012-05-01 11:00:00,15268.0
2012-05-01 12:00:00,15225.0
2012-05-01 13:00:00,15111.0
2012-05-01 14:00:00,14934.0
2012-05-01 15:00:00,14817.0
2012-05-01 16:00:00,14915.0
2012-05-01 17:00:00,15116.0
2012-05-01 18:00:00,15120.0
2012-05-01 19:00:00,15242.0
2012-05-01 20:00:00,15210.0
2012-05-01 21:00:00,14193.0
2012-05-01 22:00:00,12699.0
2012-05-01 23:00:00,11380.0
2012-05-02 00:00:00,10522.0
2012-05-02 01:00:00,10056.0
2012-05-02 02:00:00,9821.0
2012-05-02 03:00:00,9763.0
2012-05-02 04:00:00,10031.0
2012-05-02 05:00:00,10998.0
2012-05-02 06:00:00,12745.0
2012-05-02 07:00:00,14055.0
2012-05-02 08:00:00,14441.0
2012-05-02 09:00:00,14664.0
2012-05-02 10:00:00,14836.0
2012-05-02 11:00:00,14840.0
2012-05-02 12:00:00,14728.0
2012-05-02 13:00:00,14675.0
2012-05-02 14:00:00,14500.0
2012-05-02 15:00:00,14349.0
2012-05-02 16:00:00,14400.0
2012-05-02 17:00:00,14580.0
2012-05-02 18:00:00,14711.0
2012-05-02 19:00:00,15006.0
2012-05-02 20:00:00,15096.0
2012-05-02 21:00:00,14128.0
2012-05-02 22:00:00,12655.0
2012-05-02 23:00:00,11344.0
2012-05-03 00:00:00,10445.0
2012-05-03 01:00:00,9990.0
2012-05-03 02:00:00,9740.0
2012-05-03 03:00:00,9680.0
2012-05-03 04:00:00,9953.0
2012-05-03 05:00:00,10916.0
2012-05-03 06:00:00,12697.0
2012-05-03 07:00:00,14037.0
2012-05-03 08:00:00,14480.0
2012-05-03 09:00:00,14717.0
2012-05-03 10:00:00,14889.0
2012-05-03 11:00:00,14917.0
2012-05-03 12:00:00,14789.0
2012-05-03 13:00:00,14730.0
2012-05-03 14:00:00,14549.0
2012-05-03 15:00:00,14414.0
2012-05-03 16:00:00,14475.0
2012-05-03 17:00:00,14633.0
2012-05-03 18:00:00,14686.0
2012-05-03 19:00:00,14929.0
2012-05-03 20:00:00,15023.0
2012-05-03 21:00:00,14090.0
2012-05-03 22:00:00,12633.0
2012-05-03 23:00:00,11292.0
2012-05-04 00:00:00,10421.0
2012-05-04 01:00:00,9936.0
2012-05-04 02:00:00,9681.0
2012-05-04 03:00:00,9612.0
2012-05-04 04:00:00,9846.0
2012-05-04 05:00:00,10773.0
2012-05-04 06:00:00,12506.0
2012-05-04 07:00:00,13851.0
2012-05-04 08:00:00,14383.0
2012-05-04 09:00:00,14653.0
2012-05-04 10:00:00,14906.0
2012-05-04 11:00:00,14945.0
2012-05-04 12:00:00,14856.0
2012-05-04 13:00:00,14800.0
2012-05-04 14:00:00,14585.0
2012-05-04 15:00:00,14398.0
2012-05-04 16:00:00,14364.0
2012-05-04 17:00:00,14318.0
2012-05-04 18:00:00,14187.0
2012-05-04 19:00:00,14223.0
2012-05-04 20:00:00,14384.0
2012-05-04 21:00:00,13683.0
2012-05-04 22:00:00,12530.0
2012-05-04 23:00:00,11319.0
2012-05-05 00:00:00,10373.0
2012-05-05 01:00:00,9817.0
2012-05-05 02:00:00,9494.0
2012-05-05 03:00:00,9349.0
2012-05-05 04:00:00,9397.0
2012-05-05 05:00:00,9701.0
2012-05-05 06:00:00,10267.0
2012-05-05 07:00:00,11270.0
2012-05-05 08:00:00,12321.0
2012-05-05 09:00:00,12996.0
2012-05-05 10:00:00,13295.0
2012-05-05 11:00:00,13349.0
2012-05-05 12:00:00,13210.0
2012-05-05 13:00:00,13001.0
2012-05-05 14:00:00,12786.0
2012-05-05 15:00:00,12644.0
2012-05-05 16:00:00,12632.0
2012-05-05 17:00:00,12715.0
2012-05-05 18:00:00,12691.0
2012-05-05 19:00:00,12844.0
2012-05-05 20:00:00,13319.0
2012-05-05 21:00:00,12826.0
2012-05-05 22:00:00,11876.0
2012-05-05 23:00:00,10875.0
2012-05-06 00:00:00,10062.0
2012-05-06 01:00:00,9565.0
2012-05-06 02:00:00,9261.0
2012-05-06 03:00:00,9117.0
2012-05-06 04:00:00,9120.0
2012-05-06 05:00:00,9250.0
2012-05-06 06:00:00,9527.0
2012-05-06 07:00:00,10309.0
2012-05-06 08:00:00,11259.0
2012-05-06 09:00:00,11978.0
2012-05-06 10:00:00,12346.0
2012-05-06 11:00:00,12503.0
2012-05-06 12:00:00,12505.0
2012-05-06 13:00:00,12369.0
2012-05-06 14:00:00,12204.0
2012-05-06 15:00:00,12170.0
2012-05-06 16:00:00,12354.0
2012-05-06 17:00:00,12679.0
2012-05-06 18:00:00,12875.0
2012-05-06 19:00:00,13161.0
2012-05-06 20:00:00,13784.0
2012-05-06 21:00:00,13034.0
2012-05-06 22:00:00,11798.0
2012-05-06 23:00:00,10633.0
2012-05-07 00:00:00,9834.0
2012-05-07 01:00:00,9414.0
2012-05-07 02:00:00,9230.0
2012-05-07 03:00:00,9212.0
2012-05-07 04:00:00,9525.0
2012-05-07 05:00:00,10429.0
2012-05-07 06:00:00,12152.0
2012-05-07 07:00:00,13481.0
2012-05-07 08:00:00,13956.0
2012-05-07 09:00:00,14243.0
2012-05-07 10:00:00,14525.0
2012-05-07 11:00:00,14657.0
2012-05-07 12:00:00,14654.0
2012-05-07 13:00:00,14681.0
2012-05-07 14:00:00,14555.0
2012-05-07 15:00:00,14388.0
2012-05-07 16:00:00,14326.0
2012-05-07 17:00:00,14277.0
2012-05-07 18:00:00,14164.0
2012-05-07 19:00:00,14401.0
2012-05-07 20:00:00,14812.0
2012-05-07 21:00:00,13858.0
2012-05-07 22:00:00,12360.0
2012-05-07 23:00:00,10996.0
2012-05-08 00:00:00,10124.0
2012-05-08 01:00:00,9648.0
2012-05-08 02:00:00,9396.0
2012-05-08 03:00:00,9328.0
2012-05-08 04:00:00,9603.0
2012-05-08 05:00:00,10516.0
2012-05-08 06:00:00,12268.0
2012-05-08 07:00:00,13677.0
2012-05-08 08:00:00,14192.0
2012-05-08 09:00:00,14487.0
2012-05-08 10:00:00,14750.0
2012-05-08 11:00:00,14834.0
2012-05-08 12:00:00,14738.0
2012-05-08 13:00:00,14759.0
2012-05-08 14:00:00,14616.0
2012-05-08 15:00:00,14542.0
2012-05-08 16:00:00,14697.0
2012-05-08 17:00:00,14938.0
2012-05-08 18:00:00,14927.0
2012-05-08 19:00:00,15010.0
2012-05-08 20:00:00,14957.0
2012-05-08 21:00:00,13941.0
2012-05-08 22:00:00,12496.0
2012-05-08 23:00:00,11171.0
2012-05-09 00:00:00,10286.0
2012-05-09 01:00:00,9818.0
2012-05-09 02:00:00,9582.0
2012-05-09 03:00:00,9510.0
2012-05-09 04:00:00,9770.0
2012-05-09 05:00:00,10731.0
2012-05-09 06:00:00,12503.0
2012-05-09 07:00:00,13957.0
2012-05-09 08:00:00,14511.0
2012-05-09 09:00:00,14832.0
2012-05-09 10:00:00,15105.0
2012-05-09 11:00:00,15210.0
2012-05-09 12:00:00,15164.0
2012-05-09 13:00:00,15155.0
2012-05-09 14:00:00,14991.0
2012-05-09 15:00:00,14891.0
2012-05-09 16:00:00,14996.0
2012-05-09 17:00:00,15117.0
2012-05-09 18:00:00,15046.0
2012-05-09 19:00:00,15100.0
2012-05-09 20:00:00,15075.0
2012-05-09 21:00:00,14104.0
2012-05-09 22:00:00,12643.0
2012-05-09 23:00:00,11312.0
2012-05-10 00:00:00,10413.0
2012-05-10 01:00:00,9930.0
2012-05-10 02:00:00,9673.0
2012-05-10 03:00:00,9602.0
2012-05-10 04:00:00,9826.0
2012-05-10 05:00:00,10712.0
2012-05-10 06:00:00,12438.0
2012-05-10 07:00:00,13836.0
2012-05-10 08:00:00,14347.0
2012-05-10 09:00:00,14605.0
2012-05-10 10:00:00,14815.0
2012-05-10 11:00:00,14892.0
2012-05-10 12:00:00,14831.0
2012-05-10 13:00:00,14787.0
2012-05-10 14:00:00,14608.0
2012-05-10 15:00:00,14436.0
2012-05-10 16:00:00,14379.0
2012-05-10 17:00:00,14351.0
2012-05-10 18:00:00,14215.0
2012-05-10 19:00:00,14281.0
2012-05-10 20:00:00,14687.0
2012-05-10 21:00:00,13944.0
2012-05-10 22:00:00,12554.0
2012-05-10 23:00:00,11223.0
2012-05-11 00:00:00,10305.0
2012-05-11 01:00:00,9836.0
2012-05-11 02:00:00,9580.0
2012-05-11 03:00:00,9514.0
2012-05-11 04:00:00,9775.0
2012-05-11 05:00:00,10589.0
2012-05-11 06:00:00,12284.0
2012-05-11 07:00:00,13559.0
2012-05-11 08:00:00,13992.0
2012-05-11 09:00:00,14236.0
2012-05-11 10:00:00,14427.0
2012-05-11 11:00:00,14482.0
2012-05-11 12:00:00,14379.0
2012-05-11 13:00:00,14328.0
2012-05-11 14:00:00,14134.0
2012-05-11 15:00:00,13935.0
2012-05-11 16:00:00,13834.0
2012-05-11 17:00:00,13723.0
2012-05-11 18:00:00,13528.0
2012-05-11 19:00:00,13517.0
2012-05-11 20:00:00,13973.0
2012-05-11 21:00:00,13476.0
2012-05-11 22:00:00,12367.0
2012-05-11 23:00:00,11131.0
2012-05-12 00:00:00,10209.0
2012-05-12 01:00:00,9684.0
2012-05-12 02:00:00,9394.0
2012-05-12 03:00:00,9292.0
2012-05-12 04:00:00,9361.0
2012-05-12 05:00:00,9561.0
2012-05-12 06:00:00,10183.0
2012-05-12 07:00:00,11192.0
2012-05-12 08:00:00,12191.0
2012-05-12 09:00:00,12794.0
2012-05-12 10:00:00,13005.0
2012-05-12 11:00:00,13024.0
2012-05-12 12:00:00,12921.0
2012-05-12 13:00:00,12791.0
2012-05-12 14:00:00,12672.0
2012-05-12 15:00:00,12698.0
2012-05-12 16:00:00,12822.0
2012-05-12 17:00:00,12975.0
2012-05-12 18:00:00,12998.0
2012-05-12 19:00:00,13048.0
2012-05-12 20:00:00,13538.0
2012-05-12 21:00:00,13116.0
2012-05-12 22:00:00,12118.0
2012-05-12 23:00:00,10992.0
2012-05-13 00:00:00,10119.0
2012-05-13 01:00:00,9542.0
2012-05-13 02:00:00,9192.0
2012-05-13 03:00:00,9019.0
2012-05-13 04:00:00,8994.0
2012-05-13 05:00:00,9007.0
2012-05-13 06:00:00,9356.0
2012-05-13 07:00:00,10245.0
2012-05-13 08:00:00,11335.0
2012-05-13 09:00:00,12156.0
2012-05-13 10:00:00,12604.0
2012-05-13 11:00:00,12845.0
2012-05-13 12:00:00,12947.0
2012-05-13 13:00:00,12917.0
2012-05-13 14:00:00,12897.0
2012-05-13 15:00:00,12952.0
2012-05-13 16:00:00,13102.0
2012-05-13 17:00:00,13288.0
2012-05-13 18:00:00,13340.0
2012-05-13 19:00:00,13559.0
2012-05-13 20:00:00,14184.0
2012-05-13 21:00:00,13604.0
2012-05-13 22:00:00,12368.0
2012-05-13 23:00:00,11120.0
2012-05-14 00:00:00,10247.0
2012-05-14 01:00:00,9765.0
2012-05-14 02:00:00,9508.0
2012-05-14 03:00:00,9443.0
2012-05-14 04:00:00,9724.0
2012-05-14 05:00:00,10589.0
2012-05-14 06:00:00,12291.0
2012-05-14 07:00:00,13738.0
2012-05-14 08:00:00,14381.0
2012-05-14 09:00:00,14826.0
2012-05-14 10:00:00,15217.0
2012-05-14 11:00:00,15453.0
2012-05-14 12:00:00,15515.0
2012-05-14 13:00:00,15535.0
2012-05-14 14:00:00,15396.0
2012-05-14 15:00:00,15245.0
2012-05-14 16:00:00,15229.0
2012-05-14 17:00:00,15277.0
2012-05-14 18:00:00,15162.0
2012-05-14 19:00:00,15165.0
2012-05-14 20:00:00,15262.0
2012-05-14 21:00:00,14287.0
2012-05-14 22:00:00,12806.0
2012-05-14 23:00:00,11428.0
2012-05-15 00:00:00,10504.0
2012-05-15 01:00:00,10004.0
2012-05-15 02:00:00,9744.0
2012-05-15 03:00:00,9675.0
2012-05-15 04:00:00,9926.0
2012-05-15 05:00:00,10773.0
2012-05-15 06:00:00,12484.0
2012-05-15 07:00:00,13916.0
2012-05-15 08:00:00,14552.0
2012-05-15 09:00:00,14948.0
2012-05-15 10:00:00,15323.0
2012-05-15 11:00:00,15489.0
2012-05-15 12:00:00,15494.0
2012-05-15 13:00:00,15496.0
2012-05-15 14:00:00,15309.0
2012-05-15 15:00:00,15162.0
2012-05-15 16:00:00,15218.0
2012-05-15 17:00:00,15331.0
2012-05-15 18:00:00,15282.0
2012-05-15 19:00:00,15299.0
2012-05-15 20:00:00,15264.0
2012-05-15 21:00:00,14308.0
2012-05-15 22:00:00,12842.0
2012-05-15 23:00:00,11481.0
2012-05-16 00:00:00,10596.0
2012-05-16 01:00:00,10104.0
2012-05-16 02:00:00,9847.0
2012-05-16 03:00:00,9767.0
2012-05-16 04:00:00,10013.0
2012-05-16 05:00:00,10945.0
2012-05-16 06:00:00,12704.0
2012-05-16 07:00:00,14180.0
2012-05-16 08:00:00,14828.0
2012-05-16 09:00:00,15213.0
2012-05-16 10:00:00,15517.0
2012-05-16 11:00:00,15661.0
2012-05-16 12:00:00,15651.0
2012-05-16 13:00:00,15693.0
2012-05-16 14:00:00,15667.0
2012-05-16 15:00:00,15662.0
2012-05-16 16:00:00,15739.0
2012-05-16 17:00:00,15707.0
2012-05-16 18:00:00,15493.0
2012-05-16 19:00:00,15411.0
2012-05-16 20:00:00,15753.0
2012-05-16 21:00:00,14881.0
2012-05-16 22:00:00,13340.0
2012-05-16 23:00:00,11837.0
2012-05-17 00:00:00,10829.0
2012-05-17 01:00:00,10259.0
2012-05-17 02:00:00,9938.0
2012-05-17 03:00:00,9797.0
2012-05-17 04:00:00,9960.0
2012-05-17 05:00:00,10662.0
2012-05-17 06:00:00,12304.0
2012-05-17 07:00:00,13629.0
2012-05-17 08:00:00,14175.0
2012-05-17 09:00:00,14516.0
2012-05-17 10:00:00,14792.0
2012-05-17 11:00:00,14936.0
2012-05-17 12:00:00,14938.0
2012-05-17 13:00:00,15020.0
2012-05-17 14:00:00,14949.0
2012-05-17 15:00:00,14889.0
2012-05-17 16:00:00,14872.0
2012-05-17 17:00:00,14788.0
2012-05-17 18:00:00,14545.0
2012-05-17 19:00:00,14459.0
2012-05-17 20:00:00,14897.0
2012-05-17 21:00:00,14232.0
2012-05-17 22:00:00,12743.0
2012-05-17 23:00:00,11340.0
2012-05-18 00:00:00,10387.0
2012-05-18 01:00:00,9856.0
2012-05-18 02:00:00,9579.0
2012-05-18 03:00:00,9493.0
2012-05-18 04:00:00,9712.0
2012-05-18 05:00:00,10429.0
2012-05-18 06:00:00,12074.0
2012-05-18 07:00:00,13476.0
2012-05-18 08:00:00,14079.0
2012-05-18 09:00:00,14481.0
2012-05-18 10:00:00,14787.0
2012-05-18 11:00:00,14916.0
2012-05-18 12:00:00,14907.0
2012-05-18 13:00:00,14934.0
2012-05-18 14:00:00,14822.0
2012-05-18 15:00:00,14705.0
2012-05-18 16:00:00,14594.0
2012-05-18 17:00:00,14383.0
2012-05-18 18:00:00,14040.0
2012-05-18 19:00:00,13855.0
2012-05-18 20:00:00,14198.0
2012-05-18 21:00:00,13720.0
2012-05-18 22:00:00,12545.0
2012-05-18 23:00:00,11261.0
2012-05-19 00:00:00,10306.0
2012-05-19 01:00:00,9746.0
2012-05-19 02:00:00,9424.0
2012-05-19 03:00:00,9265.0
2012-05-19 04:00:00,9315.0
2012-05-19 05:00:00,9439.0
2012-05-19 06:00:00,10069.0
2012-05-19 07:00:00,11127.0
2012-05-19 08:00:00,12218.0
2012-05-19 09:00:00,12915.0
2012-05-19 10:00:00,13265.0
2012-05-19 11:00:00,13423.0
2012-05-19 12:00:00,13417.0
2012-05-19 13:00:00,13323.0
2012-05-19 14:00:00,13292.0
2012-05-19 15:00:00,13346.0
2012-05-19 16:00:00,13496.0
2012-05-19 17:00:00,13624.0
2012-05-19 18:00:00,13548.0
2012-05-19 19:00:00,13393.0
2012-05-19 20:00:00,13732.0
2012-05-19 21:00:00,13367.0
2012-05-19 22:00:00,12307.0
2012-05-19 23:00:00,11193.0
2012-05-20 00:00:00,10288.0
2012-05-20 01:00:00,9702.0
2012-05-20 02:00:00,9334.0
2012-05-20 03:00:00,9163.0
2012-05-20 04:00:00,9141.0
2012-05-20 05:00:00,9106.0
2012-05-20 06:00:00,9478.0
2012-05-20 07:00:00,10403.0
2012-05-20 08:00:00,11537.0
2012-05-20 09:00:00,12415.0
2012-05-20 10:00:00,12972.0
2012-05-20 11:00:00,13335.0
2012-05-20 12:00:00,13518.0
2012-05-20 13:00:00,13547.0
2012-05-20 14:00:00,13573.0
2012-05-20 15:00:00,13664.0
2012-05-20 16:00:00,13847.0
2012-05-20 17:00:00,14037.0
2012-05-20 18:00:00,14024.0
2012-05-20 19:00:00,13967.0
2012-05-20 20:00:00,14407.0
2012-05-20 21:00:00,13793.0
2012-05-20 22:00:00,12391.0
2012-05-20 23:00:00,11101.0
2012-05-21 00:00:00,10215.0
2012-05-21 01:00:00,9741.0
2012-05-21 02:00:00,9482.0
2012-05-21 03:00:00,9423.0
2012-05-21 04:00:00,9683.0
2012-05-21 05:00:00,10459.0
2012-05-21 06:00:00,12159.0
2012-05-21 07:00:00,13678.0
2012-05-21 08:00:00,14396.0
2012-05-21 09:00:00,14888.0
2012-05-21 10:00:00,15301.0
2012-05-21 11:00:00,15524.0
2012-05-21 12:00:00,15617.0
2012-05-21 13:00:00,15698.0
2012-05-21 14:00:00,15602.0
2012-05-21 15:00:00,15472.0
2012-05-21 16:00:00,15499.0
2012-05-21 17:00:00,15538.0
2012-05-21 18:00:00,15437.0
2012-05-21 19:00:00,15376.0
2012-05-21 20:00:00,15429.0
2012-05-21 21:00:00,14483.0
2012-05-21 22:00:00,12943.0
2012-05-21 23:00:00,11554.0
2012-05-22 00:00:00,10664.0
2012-05-22 01:00:00,10172.0
2012-05-22 02:00:00,9919.0
2012-05-22 03:00:00,9842.0
2012-05-22 04:00:00,10100.0
2012-05-22 05:00:00,10947.0
2012-05-22 06:00:00,12679.0
2012-05-22 07:00:00,14117.0
2012-05-22 08:00:00,14720.0
2012-05-22 09:00:00,15145.0
2012-05-22 10:00:00,15539.0
2012-05-22 11:00:00,15718.0
2012-05-22 12:00:00,15720.0
2012-05-22 13:00:00,15730.0
2012-05-22 14:00:00,15605.0
2012-05-22 15:00:00,15495.0
2012-05-22 16:00:00,15506.0
2012-05-22 17:00:00,15554.0
2012-05-22 18:00:00,15378.0
2012-05-22 19:00:00,15270.0
2012-05-22 20:00:00,15351.0
2012-05-22 21:00:00,14514.0
2012-05-22 22:00:00,13077.0
2012-05-22 23:00:00,11665.0
2012-05-23 00:00:00,10703.0
2012-05-23 01:00:00,10198.0
2012-05-23 02:00:00,9945.0
2012-05-23 03:00:00,9850.0
2012-05-23 04:00:00,10115.0
2012-05-23 05:00:00,10922.0
2012-05-23 06:00:00,12697.0
2012-05-23 07:00:00,14207.0
2012-05-23 08:00:00,14900.0
2012-05-23 09:00:00,15377.0
2012-05-23 10:00:00,15797.0
2012-05-23 11:00:00,16073.0
2012-05-23 12:00:00,16203.0
2012-05-23 13:00:00,16384.0
2012-05-23 14:00:00,16356.0
2012-05-23 15:00:00,16255.0
2012-05-23 16:00:00,16295.0
2012-05-23 17:00:00,16268.0
2012-05-23 18:00:00,16019.0
2012-05-23 19:00:00,15819.0
2012-05-23 20:00:00,16084.0
2012-05-23 21:00:00,15407.0
2012-05-23 22:00:00,13834.0
2012-05-23 23:00:00,12265.0
2012-05-24 00:00:00,11175.0
2012-05-24 01:00:00,10545.0
2012-05-24 02:00:00,10186.0
2012-05-24 03:00:00,10044.0
2012-05-24 04:00:00,10246.0
2012-05-24 05:00:00,11039.0
2012-05-24 06:00:00,12847.0
2012-05-24 07:00:00,14392.0
2012-05-24 08:00:00,15165.0
2012-05-24 09:00:00,15754.0
2012-05-24 10:00:00,16245.0
2012-05-24 11:00:00,16524.0
2012-05-24 12:00:00,16612.0
2012-05-24 13:00:00,16689.0
2012-05-24 14:00:00,16628.0
2012-05-24 15:00:00,16484.0
2012-05-24 16:00:00,16409.0
2012-05-24 17:00:00,16190.0
2012-05-24 18:00:00,15842.0
2012-05-24 19:00:00,15662.0
2012-05-24 20:00:00,15924.0
2012-05-24 21:00:00,15256.0
2012-05-24 22:00:00,13679.0
2012-05-24 23:00:00,12143.0
2012-05-25 00:00:00,11102.0
2012-05-25 01:00:00,10545.0
2012-05-25 02:00:00,10216.0
2012-05-25 03:00:00,10113.0
2012-05-25 04:00:00,10316.0
2012-05-25 05:00:00,11067.0
2012-05-25 06:00:00,12706.0
2012-05-25 07:00:00,14163.0
2012-05-25 08:00:00,14871.0
2012-05-25 09:00:00,15297.0
2012-05-25 10:00:00,15651.0
2012-05-25 11:00:00,15858.0
2012-05-25 12:00:00,15880.0
2012-05-25 13:00:00,15947.0
2012-05-25 14:00:00,15849.0
2012-05-25 15:00:00,15769.0
2012-05-25 16:00:00,15760.0
2012-05-25 17:00:00,15653.0
2012-05-25 18:00:00,15382.0
2012-05-25 19:00:00,15153.0
2012-05-25 20:00:00,15347.0
2012-05-25 21:00:00,14913.0
2012-05-25 22:00:00,13721.0
2012-05-25 23:00:00,12390.0
2012-05-26 00:00:00,11366.0
2012-05-26 01:00:00,10725.0
2012-05-26 02:00:00,10357.0
2012-05-26 03:00:00,10168.0
2012-05-26 04:00:00,10198.0
2012-05-26 05:00:00,10352.0
2012-05-26 06:00:00,10934.0
2012-05-26 07:00:00,12045.0
2012-05-26 08:00:00,13335.0
2012-05-26 09:00:00,14408.0
2012-05-26 10:00:00,15170.0
2012-05-26 11:00:00,15662.0
2012-05-26 12:00:00,15939.0
2012-05-26 13:00:00,16026.0
2012-05-26 14:00:00,16062.0
2012-05-26 15:00:00,16063.0
2012-05-26 16:00:00,16168.0
2012-05-26 17:00:00,16162.0
2012-05-26 18:00:00,15958.0
2012-05-26 19:00:00,15685.0
2012-05-26 20:00:00,15839.0
2012-05-26 21:00:00,15366.0
2012-05-26 22:00:00,14114.0
2012-05-26 23:00:00,12760.0
2012-05-27 00:00:00,11614.0
2012-05-27 01:00:00,10886.0
2012-05-27 02:00:00,10411.0
2012-05-27 03:00:00,10126.0
2012-05-27 04:00:00,9994.0
2012-05-27 05:00:00,9844.0
2012-05-27 06:00:00,10196.0
2012-05-27 07:00:00,11061.0
2012-05-27 08:00:00,12173.0
2012-05-27 09:00:00,13125.0
2012-05-27 10:00:00,13767.0
2012-05-27 11:00:00,14195.0
2012-05-27 12:00:00,14445.0
2012-05-27 13:00:00,14482.0
2012-05-27 14:00:00,14504.0
2012-05-27 15:00:00,14580.0
2012-05-27 16:00:00,14711.0
2012-05-27 17:00:00,14779.0
2012-05-27 18:00:00,14552.0
2012-05-27 19:00:00,14291.0
2012-05-27 20:00:00,14545.0
2012-05-27 21:00:00,14242.0
2012-05-27 22:00:00,13254.0
2012-05-27 23:00:00,12119.0
2012-05-28 00:00:00,11192.0
2012-05-28 01:00:00,10588.0
2012-05-28 02:00:00,10236.0
2012-05-28 03:00:00,10056.0
2012-05-28 04:00:00,10080.0
2012-05-28 05:00:00,10187.0
2012-05-28 06:00:00,10642.0
2012-05-28 07:00:00,11541.0
2012-05-28 08:00:00,12783.0
2012-05-28 09:00:00,13905.0
2012-05-28 10:00:00,14712.0
2012-05-28 11:00:00,15319.0
2012-05-28 12:00:00,15751.0
2012-05-28 13:00:00,15918.0
2012-05-28 14:00:00,16027.0
2012-05-28 15:00:00,16151.0
2012-05-28 16:00:00,16379.0
2012-05-28 17:00:00,16556.0
2012-05-28 18:00:00,16363.0
2012-05-28 19:00:00,16156.0
2012-05-28 20:00:00,16373.0
2012-05-28 21:00:00,15631.0
2012-05-28 22:00:00,14047.0
2012-05-28 23:00:00,12537.0
2012-05-29 00:00:00,11495.0
2012-05-29 01:00:00,10912.0
2012-05-29 02:00:00,10589.0
2012-05-29 03:00:00,10472.0
2012-05-29 04:00:00,10687.0
2012-05-29 05:00:00,11550.0
2012-05-29 06:00:00,13378.0
2012-05-29 07:00:00,15013.0
2012-05-29 08:00:00,15979.0
2012-05-29 09:00:00,16780.0
2012-05-29 10:00:00,17561.0
2012-05-29 11:00:00,18207.0
2012-05-29 12:00:00,18665.0
2012-05-29 13:00:00,19069.0
2012-05-29 14:00:00,19256.0
2012-05-29 15:00:00,19423.0
2012-05-29 16:00:00,19549.0
2012-05-29 17:00:00,19404.0
2012-05-29 18:00:00,18879.0
2012-05-29 19:00:00,18492.0
2012-05-29 20:00:00,18239.0
2012-05-29 21:00:00,16929.0
2012-05-29 22:00:00,15140.0
2012-05-29 23:00:00,13524.0
2012-05-30 00:00:00,12355.0
2012-05-30 01:00:00,11700.0
2012-05-30 02:00:00,11321.0
2012-05-30 03:00:00,11173.0
2012-05-30 04:00:00,11391.0
2012-05-30 05:00:00,12198.0
2012-05-30 06:00:00,14035.0
2012-05-30 07:00:00,15594.0
2012-05-30 08:00:00,16323.0
2012-05-30 09:00:00,16805.0
2012-05-30 10:00:00,17212.0
2012-05-30 11:00:00,17462.0
2012-05-30 12:00:00,17542.0
2012-05-30 13:00:00,17673.0
2012-05-30 14:00:00,17617.0
2012-05-30 15:00:00,17571.0
2012-05-30 16:00:00,17622.0
2012-05-30 17:00:00,17511.0
2012-05-30 18:00:00,17140.0
2012-05-30 19:00:00,16879.0
2012-05-30 20:00:00,17080.0
2012-05-30 21:00:00,16363.0
2012-05-30 22:00:00,14717.0
2012-05-30 23:00:00,13101.0
2012-05-31 00:00:00,11920.0
2012-05-31 01:00:00,11229.0
2012-05-31 02:00:00,10830.0
2012-05-31 03:00:00,10660.0
2012-05-31 04:00:00,10835.0
2012-05-31 05:00:00,11537.0
2012-05-31 06:00:00,13291.0
2012-05-31 07:00:00,14912.0
2012-05-31 08:00:00,15705.0
2012-05-31 09:00:00,16359.0
2012-05-31 10:00:00,16947.0
2012-05-31 11:00:00,17331.0
2012-05-31 12:00:00,17550.0
2012-05-31 13:00:00,17821.0
2012-05-31 14:00:00,17919.0
2012-05-31 15:00:00,17970.0
2012-05-31 16:00:00,17975.0
2012-05-31 17:00:00,17722.0
2012-05-31 18:00:00,17181.0
2012-05-31 19:00:00,16656.0
2012-05-31 20:00:00,16688.0
2012-05-31 21:00:00,16079.0
2012-05-31 22:00:00,14379.0
2012-05-31 23:00:00,12717.0
2012-06-01 00:00:00,11552.0
2012-06-01 01:00:00,10865.0
2012-06-01 02:00:00,10465.0
2012-06-01 03:00:00,10294.0
2012-06-01 04:00:00,10436.0
2012-06-01 05:00:00,11027.0
2012-06-01 06:00:00,12698.0
2012-06-01 07:00:00,14184.0
2012-06-01 08:00:00,14924.0
2012-06-01 09:00:00,15408.0
2012-06-01 10:00:00,15809.0
2012-06-01 11:00:00,16002.0
2012-06-01 12:00:00,16038.0
2012-06-01 13:00:00,16123.0
2012-06-01 14:00:00,16062.0
2012-06-01 15:00:00,15897.0
2012-06-01 16:00:00,15672.0
2012-06-01 17:00:00,15245.0
2012-06-01 18:00:00,14746.0
2012-06-01 19:00:00,14516.0
2012-06-01 20:00:00,14714.0
2012-06-01 21:00:00,14232.0
2012-06-01 22:00:00,13054.0
2012-06-01 23:00:00,11777.0
2012-06-02 00:00:00,10770.0
2012-06-02 01:00:00,10171.0
2012-06-02 02:00:00,9832.0
2012-06-02 03:00:00,9683.0
2012-06-02 04:00:00,9715.0
2012-06-02 05:00:00,9932.0
2012-06-02 06:00:00,10447.0
2012-06-02 07:00:00,11394.0
2012-06-02 08:00:00,12534.0
2012-06-02 09:00:00,13472.0
2012-06-02 10:00:00,14090.0
2012-06-02 11:00:00,14330.0
2012-06-02 12:00:00,14316.0
2012-06-02 13:00:00,14144.0
2012-06-02 14:00:00,13984.0
2012-06-02 15:00:00,13895.0
2012-06-02 16:00:00,13987.0
2012-06-02 17:00:00,14115.0
2012-06-02 18:00:00,14063.0
2012-06-02 19:00:00,13961.0
2012-06-02 20:00:00,14017.0
2012-06-02 21:00:00,13553.0
2012-06-02 22:00:00,12582.0
2012-06-02 23:00:00,11508.0
2012-06-03 00:00:00,10625.0
2012-06-03 01:00:00,10043.0
2012-06-03 02:00:00,9676.0
2012-06-03 03:00:00,9472.0
2012-06-03 04:00:00,9426.0
2012-06-03 05:00:00,9407.0
2012-06-03 06:00:00,9755.0
2012-06-03 07:00:00,10576.0
2012-06-03 08:00:00,11674.0
2012-06-03 09:00:00,12552.0
2012-06-03 10:00:00,13092.0
2012-06-03 11:00:00,13455.0
2012-06-03 12:00:00,13584.0
2012-06-03 13:00:00,13522.0
2012-06-03 14:00:00,13460.0
2012-06-03 15:00:00,13444.0
2012-06-03 16:00:00,13561.0
2012-06-03 17:00:00,13735.0
2012-06-03 18:00:00,13837.0
2012-06-03 19:00:00,13883.0
2012-06-03 20:00:00,14046.0
2012-06-03 21:00:00,13457.0
2012-06-03 22:00:00,12290.0
2012-06-03 23:00:00,11118.0
2012-06-04 00:00:00,10271.0
2012-06-04 01:00:00,9775.0
2012-06-04 02:00:00,9516.0
2012-06-04 03:00:00,9481.0
2012-06-04 04:00:00,9746.0
2012-06-04 05:00:00,10564.0
2012-06-04 06:00:00,12267.0
2012-06-04 07:00:00,13724.0
2012-06-04 08:00:00,14352.0
2012-06-04 09:00:00,14752.0
2012-06-04 10:00:00,15080.0
2012-06-04 11:00:00,15204.0
2012-06-04 12:00:00,15166.0
2012-06-04 13:00:00,15116.0
2012-06-04 14:00:00,14950.0
2012-06-04 15:00:00,14856.0
2012-06-04 16:00:00,14949.0
2012-06-04 17:00:00,15092.0
2012-06-04 18:00:00,14965.0
2012-06-04 19:00:00,14804.0
2012-06-04 20:00:00,14834.0
2012-06-04 21:00:00,14078.0
2012-06-04 22:00:00,12648.0
2012-06-04 23:00:00,11310.0
2012-06-05 00:00:00,10430.0
2012-06-05 01:00:00,9974.0
2012-06-05 02:00:00,9732.0
2012-06-05 03:00:00,9667.0
2012-06-05 04:00:00,9896.0
2012-06-05 05:00:00,10666.0
2012-06-05 06:00:00,12375.0
2012-06-05 07:00:00,13804.0
2012-06-05 08:00:00,14373.0
2012-06-05 09:00:00,14682.0
2012-06-05 10:00:00,14937.0
2012-06-05 11:00:00,15076.0
2012-06-05 12:00:00,15049.0
2012-06-05 13:00:00,15045.0
2012-06-05 14:00:00,14883.0
2012-06-05 15:00:00,14789.0
2012-06-05 16:00:00,14832.0
2012-06-05 17:00:00,14866.0
2012-06-05 18:00:00,14709.0
2012-06-05 19:00:00,14662.0
2012-06-05 20:00:00,14818.0
2012-06-05 21:00:00,14249.0
2012-06-05 22:00:00,12816.0
2012-06-05 23:00:00,11467.0
2012-06-06 00:00:00,10509.0
2012-06-06 01:00:00,9994.0
2012-06-06 02:00:00,9732.0
2012-06-06 03:00:00,9641.0
2012-06-06 04:00:00,9896.0
2012-06-06 05:00:00,10607.0
2012-06-06 06:00:00,12316.0
2012-06-06 07:00:00,13744.0
2012-06-06 08:00:00,14321.0
2012-06-06 09:00:00,14664.0
2012-06-06 10:00:00,14996.0
2012-06-06 11:00:00,15165.0
2012-06-06 12:00:00,15192.0
2012-06-06 13:00:00,15238.0
2012-06-06 14:00:00,15119.0
2012-06-06 15:00:00,15024.0
2012-06-06 16:00:00,15024.0
2012-06-06 17:00:00,14974.0
2012-06-06 18:00:00,14712.0
2012-06-06 19:00:00,14599.0
2012-06-06 20:00:00,14871.0
2012-06-06 21:00:00,14347.0
2012-06-06 22:00:00,12875.0
2012-06-06 23:00:00,11481.0
2012-06-07 00:00:00,10545.0
2012-06-07 01:00:00,10023.0
2012-06-07 02:00:00,9750.0
2012-06-07 03:00:00,9668.0
2012-06-07 04:00:00,9903.0
2012-06-07 05:00:00,10642.0
2012-06-07 06:00:00,12315.0
2012-06-07 07:00:00,13684.0
2012-06-07 08:00:00,14305.0
2012-06-07 09:00:00,14830.0
2012-06-07 10:00:00,15288.0
2012-06-07 11:00:00,15586.0
2012-06-07 12:00:00,15619.0
2012-06-07 13:00:00,15715.0
2012-06-07 14:00:00,15613.0
2012-06-07 15:00:00,15537.0
2012-06-07 16:00:00,15494.0
2012-06-07 17:00:00,15371.0
2012-06-07 18:00:00,15064.0
2012-06-07 19:00:00,14896.0
2012-06-07 20:00:00,15139.0
2012-06-07 21:00:00,14628.0
2012-06-07 22:00:00,13201.0
2012-06-07 23:00:00,11746.0
2012-06-08 00:00:00,10727.0
2012-06-08 01:00:00,10176.0
2012-06-08 02:00:00,9871.0
2012-06-08 03:00:00,9739.0
2012-06-08 04:00:00,9956.0
2012-06-08 05:00:00,10619.0
2012-06-08 06:00:00,12292.0
2012-06-08 07:00:00,13782.0
2012-06-08 08:00:00,14540.0
2012-06-08 09:00:00,15140.0
2012-06-08 10:00:00,15696.0
2012-06-08 11:00:00,16018.0
2012-06-08 12:00:00,16155.0
2012-06-08 13:00:00,16358.0
2012-06-08 14:00:00,16366.0
2012-06-08 15:00:00,16242.0
2012-06-08 16:00:00,16131.0
2012-06-08 17:00:00,15839.0
2012-06-08 18:00:00,15369.0
2012-06-08 19:00:00,15082.0
2012-06-08 20:00:00,15224.0
2012-06-08 21:00:00,14770.0
2012-06-08 22:00:00,13531.0
2012-06-08 23:00:00,12209.0
2012-06-09 00:00:00,11164.0
2012-06-09 01:00:00,10503.0
2012-06-09 02:00:00,10127.0
2012-06-09 03:00:00,9890.0
2012-06-09 04:00:00,9851.0
2012-06-09 05:00:00,9893.0
2012-06-09 06:00:00,10580.0
2012-06-09 07:00:00,11736.0
2012-06-09 08:00:00,12937.0
2012-06-09 09:00:00,13719.0
2012-06-09 10:00:00,14159.0
2012-06-09 11:00:00,14342.0
2012-06-09 12:00:00,14353.0
2012-06-09 13:00:00,14253.0
2012-06-09 14:00:00,14158.0
2012-06-09 15:00:00,14187.0
2012-06-09 16:00:00,14340.0
2012-06-09 17:00:00,14439.0
2012-06-09 18:00:00,14336.0
2012-06-09 19:00:00,14181.0
2012-06-09 20:00:00,14385.0
2012-06-09 21:00:00,14235.0
2012-06-09 22:00:00,13234.0
2012-06-09 23:00:00,12054.0
2012-06-10 00:00:00,11021.0
2012-06-10 01:00:00,10372.0
2012-06-10 02:00:00,9985.0
2012-06-10 03:00:00,9752.0
2012-06-10 04:00:00,9663.0
2012-06-10 05:00:00,9561.0
2012-06-10 06:00:00,9999.0
2012-06-10 07:00:00,11000.0
2012-06-10 08:00:00,12237.0
2012-06-10 09:00:00,13293.0
2012-06-10 10:00:00,13996.0
2012-06-10 11:00:00,14474.0
2012-06-10 12:00:00,14750.0
2012-06-10 13:00:00,14826.0
2012-06-10 14:00:00,14861.0
2012-06-10 15:00:00,14968.0
2012-06-10 16:00:00,15166.0
2012-06-10 17:00:00,15305.0
2012-06-10 18:00:00,15202.0
2012-06-10 19:00:00,14993.0
2012-06-10 20:00:00,15119.0
2012-06-10 21:00:00,14759.0
2012-06-10 22:00:00,13368.0
2012-06-10 23:00:00,11959.0
2012-06-11 00:00:00,10953.0
2012-06-11 01:00:00,10391.0
2012-06-11 02:00:00,10115.0
2012-06-11 03:00:00,10021.0
2012-06-11 04:00:00,10244.0
2012-06-11 05:00:00,10958.0
2012-06-11 06:00:00,12714.0
2012-06-11 07:00:00,14276.0
2012-06-11 08:00:00,15119.0
2012-06-11 09:00:00,15707.0
2012-06-11 10:00:00,16170.0
2012-06-11 11:00:00,16455.0
2012-06-11 12:00:00,16617.0
2012-06-11 13:00:00,16768.0
2012-06-11 14:00:00,16760.0
2012-06-11 15:00:00,16772.0
2012-06-11 16:00:00,16795.0
2012-06-11 17:00:00,16650.0
2012-06-11 18:00:00,16199.0
2012-06-11 19:00:00,15824.0
2012-06-11 20:00:00,15898.0
2012-06-11 21:00:00,15304.0
2012-06-11 22:00:00,13699.0
2012-06-11 23:00:00,12187.0
2012-06-12 00:00:00,11150.0
2012-06-12 01:00:00,10598.0
2012-06-12 02:00:00,10300.0
2012-06-12 03:00:00,10191.0
2012-06-12 04:00:00,10422.0
2012-06-12 05:00:00,11135.0
2012-06-12 06:00:00,12883.0
2012-06-12 07:00:00,14445.0
2012-06-12 08:00:00,15252.0
2012-06-12 09:00:00,15773.0
2012-06-12 10:00:00,16218.0
2012-06-12 11:00:00,16448.0
2012-06-12 12:00:00,16554.0
2012-06-12 13:00:00,16751.0
2012-06-12 14:00:00,16707.0
2012-06-12 15:00:00,16618.0
2012-06-12 16:00:00,16582.0
2012-06-12 17:00:00,16419.0
2012-06-12 18:00:00,16081.0
2012-06-12 19:00:00,15878.0
2012-06-12 20:00:00,15972.0
2012-06-12 21:00:00,15256.0
2012-06-12 22:00:00,13760.0
2012-06-12 23:00:00,12315.0
2012-06-13 00:00:00,11361.0
2012-06-13 01:00:00,10813.0
2012-06-13 02:00:00,10533.0
2012-06-13 03:00:00,10439.0
2012-06-13 04:00:00,10645.0
2012-06-13 05:00:00,11449.0
2012-06-13 06:00:00,13132.0
2012-06-13 07:00:00,14690.0
2012-06-13 08:00:00,15447.0
2012-06-13 09:00:00,15888.0
2012-06-13 10:00:00,16237.0
2012-06-13 11:00:00,16384.0
2012-06-13 12:00:00,16364.0
2012-06-13 13:00:00,16381.0
2012-06-13 14:00:00,16256.0
2012-06-13 15:00:00,16138.0
2012-06-13 16:00:00,16190.0
2012-06-13 17:00:00,16195.0
2012-06-13 18:00:00,15945.0
2012-06-13 19:00:00,15706.0
2012-06-13 20:00:00,15727.0
2012-06-13 21:00:00,15222.0
2012-06-13 22:00:00,13764.0
2012-06-13 23:00:00,12300.0
2012-06-14 00:00:00,11276.0
2012-06-14 01:00:00,10694.0
2012-06-14 02:00:00,10340.0
2012-06-14 03:00:00,10231.0
2012-06-14 04:00:00,10418.0
2012-06-14 05:00:00,11121.0
2012-06-14 06:00:00,12770.0
2012-06-14 07:00:00,14314.0
2012-06-14 08:00:00,15113.0
2012-06-14 09:00:00,15587.0
2012-06-14 10:00:00,15964.0
2012-06-14 11:00:00,16140.0
2012-06-14 12:00:00,16186.0
2012-06-14 13:00:00,16303.0
2012-06-14 14:00:00,16352.0
2012-06-14 15:00:00,16371.0
2012-06-14 16:00:00,16390.0
2012-06-14 17:00:00,16263.0
2012-06-14 18:00:00,15885.0
2012-06-14 19:00:00,15529.0
2012-06-14 20:00:00,15566.0
2012-06-14 21:00:00,15252.0
2012-06-14 22:00:00,13765.0
2012-06-14 23:00:00,12236.0
2012-06-15 00:00:00,11162.0
2012-06-15 01:00:00,10498.0
2012-06-15 02:00:00,10139.0
2012-06-15 03:00:00,10017.0
2012-06-15 04:00:00,10186.0
2012-06-15 05:00:00,10767.0
2012-06-15 06:00:00,12366.0
2012-06-15 07:00:00,13926.0
2012-06-15 08:00:00,14876.0
2012-06-15 09:00:00,15508.0
2012-06-15 10:00:00,15967.0
2012-06-15 11:00:00,16196.0
2012-06-15 12:00:00,16278.0
2012-06-15 13:00:00,16397.0
2012-06-15 14:00:00,16393.0
2012-06-15 15:00:00,16355.0
2012-06-15 16:00:00,16300.0
2012-06-15 17:00:00,16072.0
2012-06-15 18:00:00,15570.0
2012-06-15 19:00:00,15095.0
2012-06-15 20:00:00,15026.0
2012-06-15 21:00:00,14743.0
2012-06-15 22:00:00,13487.0
2012-06-15 23:00:00,12094.0
2012-06-16 00:00:00,11020.0
2012-06-16 01:00:00,10366.0
2012-06-16 02:00:00,9991.0
2012-06-16 03:00:00,9778.0
2012-06-16 04:00:00,9742.0
2012-06-16 05:00:00,9763.0
2012-06-16 06:00:00,10432.0
2012-06-16 07:00:00,11605.0
2012-06-16 08:00:00,12859.0
2012-06-16 09:00:00,13715.0
2012-06-16 10:00:00,14177.0
2012-06-16 11:00:00,14346.0
2012-06-16 12:00:00,14339.0
2012-06-16 13:00:00,14206.0
2012-06-16 14:00:00,14084.0
2012-06-16 15:00:00,14045.0
2012-06-16 16:00:00,14092.0
2012-06-16 17:00:00,14122.0
2012-06-16 18:00:00,13957.0
2012-06-16 19:00:00,13691.0
2012-06-16 20:00:00,13795.0
2012-06-16 21:00:00,13641.0
2012-06-16 22:00:00,12666.0
2012-06-16 23:00:00,11506.0
2012-06-17 00:00:00,10582.0
2012-06-17 01:00:00,9988.0
2012-06-17 02:00:00,9648.0
2012-06-17 03:00:00,9451.0
2012-06-17 04:00:00,9416.0
2012-06-17 05:00:00,9344.0
2012-06-17 06:00:00,9693.0
2012-06-17 07:00:00,10553.0
2012-06-17 08:00:00,11636.0
2012-06-17 09:00:00,12481.0
2012-06-17 10:00:00,13015.0
2012-06-17 11:00:00,13316.0
2012-06-17 12:00:00,13434.0
2012-06-17 13:00:00,13366.0
2012-06-17 14:00:00,13320.0
2012-06-17 15:00:00,13366.0
2012-06-17 16:00:00,13529.0
2012-06-17 17:00:00,13694.0
2012-06-17 18:00:00,13656.0
2012-06-17 19:00:00,13549.0
2012-06-17 20:00:00,13820.0
2012-06-17 21:00:00,13643.0
2012-06-17 22:00:00,12466.0
2012-06-17 23:00:00,11211.0
2012-06-18 00:00:00,10329.0
2012-06-18 01:00:00,9848.0
2012-06-18 02:00:00,9632.0
2012-06-18 03:00:00,9585.0
2012-06-18 04:00:00,9857.0
2012-06-18 05:00:00,10562.0
2012-06-18 06:00:00,12112.0
2012-06-18 07:00:00,13649.0
2012-06-18 08:00:00,14547.0
2012-06-18 09:00:00,15127.0
2012-06-18 10:00:00,15606.0
2012-06-18 11:00:00,15870.0
2012-06-18 12:00:00,15959.0
2012-06-18 13:00:00,16096.0
2012-06-18 14:00:00,16063.0
2012-06-18 15:00:00,16032.0
2012-06-18 16:00:00,16055.0
2012-06-18 17:00:00,15970.0
2012-06-18 18:00:00,15640.0
2012-06-18 19:00:00,15320.0
2012-06-18 20:00:00,15380.0
2012-06-18 21:00:00,14929.0
2012-06-18 22:00:00,13416.0
2012-06-18 23:00:00,11951.0
2012-06-19 00:00:00,10976.0
2012-06-19 01:00:00,10389.0
2012-06-19 02:00:00,10081.0
2012-06-19 03:00:00,9969.0
2012-06-19 04:00:00,10199.0
2012-06-19 05:00:00,10846.0
2012-06-19 06:00:00,12427.0
2012-06-19 07:00:00,14013.0
2012-06-19 08:00:00,14921.0
2012-06-19 09:00:00,15491.0
2012-06-19 10:00:00,15964.0
2012-06-19 11:00:00,16289.0
2012-06-19 12:00:00,16449.0
2012-06-19 13:00:00,16657.0
2012-06-19 14:00:00,16687.0
2012-06-19 15:00:00,16617.0
2012-06-19 16:00:00,16622.0
2012-06-19 17:00:00,16575.0
2012-06-19 18:00:00,16310.0
2012-06-19 19:00:00,16111.0
2012-06-19 20:00:00,16333.0
2012-06-19 21:00:00,16002.0
2012-06-19 22:00:00,14574.0
2012-06-19 23:00:00,13057.0
2012-06-20 00:00:00,11966.0
2012-06-20 01:00:00,11317.0
2012-06-20 02:00:00,10972.0
2012-06-20 03:00:00,10830.0
2012-06-20 04:00:00,11065.0
2012-06-20 05:00:00,11779.0
2012-06-20 06:00:00,13561.0
2012-06-20 07:00:00,15643.0
2012-06-20 08:00:00,17309.0
2012-06-20 09:00:00,18838.0
2012-06-20 10:00:00,20296.0
2012-06-20 11:00:00,21459.0
2012-06-20 12:00:00,22317.0
2012-06-20 13:00:00,23096.0
2012-06-20 14:00:00,23631.0
2012-06-20 15:00:00,24032.0
2012-06-20 16:00:00,24340.0
2012-06-20 17:00:00,24358.0
2012-06-20 18:00:00,24019.0
2012-06-20 19:00:00,23510.0
2012-06-20 20:00:00,23229.0
2012-06-20 21:00:00,22596.0
2012-06-20 22:00:00,20547.0
2012-06-20 23:00:00,18464.0
2012-06-21 00:00:00,16875.0
2012-06-21 01:00:00,15845.0
2012-06-21 02:00:00,15155.0
2012-06-21 03:00:00,14707.0
2012-06-21 04:00:00,14634.0
2012-06-21 05:00:00,15088.0
2012-06-21 06:00:00,16830.0
2012-06-21 07:00:00,18939.0
2012-06-21 08:00:00,20613.0
2012-06-21 09:00:00,22014.0
2012-06-21 10:00:00,23183.0
2012-06-21 11:00:00,24017.0
2012-06-21 12:00:00,24528.0
2012-06-21 13:00:00,24941.0
2012-06-21 14:00:00,25167.0
2012-06-21 15:00:00,25286.0
2012-06-21 16:00:00,25336.0
2012-06-21 17:00:00,25122.0
2012-06-21 18:00:00,24662.0
2012-06-21 19:00:00,23952.0
2012-06-21 20:00:00,23486.0
2012-06-21 21:00:00,22710.0
2012-06-21 22:00:00,20619.0
2012-06-21 23:00:00,18494.0
2012-06-22 00:00:00,16872.0
2012-06-22 01:00:00,15787.0
2012-06-22 02:00:00,15065.0
2012-06-22 03:00:00,14612.0
2012-06-22 04:00:00,14594.0
2012-06-22 05:00:00,15023.0
2012-06-22 06:00:00,16652.0
2012-06-22 07:00:00,18705.0
2012-06-22 08:00:00,20388.0
2012-06-22 09:00:00,21819.0
2012-06-22 10:00:00,22965.0
2012-06-22 11:00:00,23886.0
2012-06-22 12:00:00,24487.0
2012-06-22 13:00:00,24850.0
2012-06-22 14:00:00,24782.0
2012-06-22 15:00:00,24458.0
2012-06-22 16:00:00,23690.0
2012-06-22 17:00:00,22666.0
2012-06-22 18:00:00,21428.0
2012-06-22 19:00:00,20430.0
2012-06-22 20:00:00,19968.0
2012-06-22 21:00:00,19215.0
2012-06-22 22:00:00,17667.0
2012-06-22 23:00:00,15990.0
2012-06-23 00:00:00,14632.0
2012-06-23 01:00:00,13766.0
2012-06-23 02:00:00,13190.0
2012-06-23 03:00:00,12817.0
2012-06-23 04:00:00,12678.0
2012-06-23 05:00:00,12730.0
2012-06-23 06:00:00,13208.0
2012-06-23 07:00:00,14126.0
2012-06-23 08:00:00,15351.0
2012-06-23 09:00:00,16457.0
2012-06-23 10:00:00,17419.0
2012-06-23 11:00:00,18128.0
2012-06-23 12:00:00,18571.0
2012-06-23 13:00:00,18763.0
2012-06-23 14:00:00,18889.0
2012-06-23 15:00:00,18934.0
2012-06-23 16:00:00,18787.0
2012-06-23 17:00:00,18198.0
2012-06-23 18:00:00,17329.0
2012-06-23 19:00:00,16562.0
2012-06-23 20:00:00,16165.0
2012-06-23 21:00:00,15795.0
2012-06-23 22:00:00,14652.0
2012-06-23 23:00:00,13332.0
2012-06-24 00:00:00,12264.0
2012-06-24 01:00:00,11503.0
2012-06-24 02:00:00,11015.0
2012-06-24 03:00:00,10726.0
2012-06-24 04:00:00,10600.0
2012-06-24 05:00:00,10447.0
2012-06-24 06:00:00,10911.0
2012-06-24 07:00:00,11958.0
2012-06-24 08:00:00,13237.0
2012-06-24 09:00:00,14364.0
2012-06-24 10:00:00,15178.0
2012-06-24 11:00:00,15729.0
2012-06-24 12:00:00,16094.0
2012-06-24 13:00:00,16325.0
2012-06-24 14:00:00,16582.0
2012-06-24 15:00:00,16848.0
2012-06-24 16:00:00,17090.0
2012-06-24 17:00:00,17099.0
2012-06-24 18:00:00,16931.0
2012-06-24 19:00:00,16644.0
2012-06-24 20:00:00,16756.0
2012-06-24 21:00:00,16519.0
2012-06-24 22:00:00,15233.0
2012-06-24 23:00:00,13812.0
2012-06-25 00:00:00,12714.0
2012-06-25 01:00:00,12058.0
2012-06-25 02:00:00,11673.0
2012-06-25 03:00:00,11533.0
2012-06-25 04:00:00,11741.0
2012-06-25 05:00:00,12407.0
2012-06-25 06:00:00,13910.0
2012-06-25 07:00:00,15567.0
2012-06-25 08:00:00,16512.0
2012-06-25 09:00:00,17029.0
2012-06-25 10:00:00,17395.0
2012-06-25 11:00:00,17472.0
2012-06-25 12:00:00,17409.0
2012-06-25 13:00:00,17365.0
2012-06-25 14:00:00,17300.0
2012-06-25 15:00:00,17270.0
2012-06-25 16:00:00,17156.0
2012-06-25 17:00:00,17049.0
2012-06-25 18:00:00,16688.0
2012-06-25 19:00:00,16272.0
2012-06-25 20:00:00,16200.0
2012-06-25 21:00:00,15655.0
2012-06-25 22:00:00,14149.0
2012-06-25 23:00:00,12682.0
2012-06-26 00:00:00,11618.0
2012-06-26 01:00:00,10987.0
2012-06-26 02:00:00,10633.0
2012-06-26 03:00:00,10451.0
2012-06-26 04:00:00,10608.0
2012-06-26 05:00:00,11188.0
2012-06-26 06:00:00,12567.0
2012-06-26 07:00:00,14060.0
2012-06-26 08:00:00,14969.0
2012-06-26 09:00:00,15571.0
2012-06-26 10:00:00,16120.0
2012-06-26 11:00:00,16429.0
2012-06-26 12:00:00,16569.0
2012-06-26 13:00:00,16675.0
2012-06-26 14:00:00,16614.0
2012-06-26 15:00:00,16451.0
2012-06-26 16:00:00,16369.0
2012-06-26 17:00:00,16227.0
2012-06-26 18:00:00,15862.0
2012-06-26 19:00:00,15516.0
2012-06-26 20:00:00,15518.0
2012-06-26 21:00:00,15044.0
2012-06-26 22:00:00,13671.0
2012-06-26 23:00:00,12242.0
2012-06-27 00:00:00,11260.0
2012-06-27 01:00:00,10665.0
2012-06-27 02:00:00,10329.0
2012-06-27 03:00:00,10217.0
2012-06-27 04:00:00,10416.0
2012-06-27 05:00:00,11032.0
2012-06-27 06:00:00,12423.0
2012-06-27 07:00:00,13944.0
2012-06-27 08:00:00,14918.0
2012-06-27 09:00:00,15611.0
2012-06-27 10:00:00,16201.0
2012-06-27 11:00:00,16572.0
2012-06-27 12:00:00,16739.0
2012-06-27 13:00:00,17001.0
2012-06-27 14:00:00,17082.0
2012-06-27 15:00:00,17065.0
2012-06-27 16:00:00,17035.0
2012-06-27 17:00:00,16909.0
2012-06-27 18:00:00,16545.0
2012-06-27 19:00:00,16200.0
2012-06-27 20:00:00,16167.0
2012-06-27 21:00:00,15780.0
2012-06-27 22:00:00,14366.0
2012-06-27 23:00:00,12882.0
2012-06-28 00:00:00,11794.0
2012-06-28 01:00:00,11141.0
2012-06-28 02:00:00,10757.0
2012-06-28 03:00:00,10579.0
2012-06-28 04:00:00,10741.0
2012-06-28 05:00:00,11342.0
2012-06-28 06:00:00,12800.0
2012-06-28 07:00:00,14539.0
2012-06-28 08:00:00,15747.0
2012-06-28 09:00:00,16631.0
2012-06-28 10:00:00,17453.0
2012-06-28 11:00:00,18002.0
2012-06-28 12:00:00,18365.0
2012-06-28 13:00:00,18768.0
2012-06-28 14:00:00,19059.0
2012-06-28 15:00:00,19282.0
2012-06-28 16:00:00,19526.0
2012-06-28 17:00:00,19553.0
2012-06-28 18:00:00,19202.0
2012-06-28 19:00:00,18633.0
2012-06-28 20:00:00,18440.0
2012-06-28 21:00:00,17997.0
2012-06-28 22:00:00,16383.0
2012-06-28 23:00:00,14650.0
2012-06-29 00:00:00,13308.0
2012-06-29 01:00:00,12493.0
2012-06-29 02:00:00,11992.0
2012-06-29 03:00:00,11780.0
2012-06-29 04:00:00,11927.0
2012-06-29 05:00:00,12572.0
2012-06-29 06:00:00,13981.0
2012-06-29 07:00:00,15638.0
2012-06-29 08:00:00,16731.0
2012-06-29 09:00:00,17485.0
2012-06-29 10:00:00,18298.0
2012-06-29 11:00:00,19181.0
2012-06-29 12:00:00,20058.0
2012-06-29 13:00:00,21011.0
2012-06-29 14:00:00,21750.0
2012-06-29 15:00:00,22190.0
2012-06-29 16:00:00,22526.0
2012-06-29 17:00:00,22545.0
2012-06-29 18:00:00,22047.0
2012-06-29 19:00:00,21221.0
2012-06-29 20:00:00,20587.0
2012-06-29 21:00:00,19784.0
2012-06-29 22:00:00,17960.0
2012-06-29 23:00:00,16018.0
2012-06-30 00:00:00,14423.0
2012-06-30 01:00:00,13313.0
2012-06-30 02:00:00,12579.0
2012-06-30 03:00:00,12128.0
2012-06-30 04:00:00,11924.0
2012-06-30 05:00:00,11836.0
2012-06-30 06:00:00,12565.0
2012-06-30 07:00:00,13991.0
2012-06-30 08:00:00,15679.0
2012-06-30 09:00:00,17132.0
2012-06-30 10:00:00,18262.0
2012-06-30 11:00:00,18993.0
2012-06-30 12:00:00,19436.0
2012-06-30 13:00:00,19751.0
2012-06-30 14:00:00,19995.0
2012-06-30 15:00:00,20246.0
2012-06-30 16:00:00,20442.0
2012-06-30 17:00:00,20360.0
2012-06-30 18:00:00,19925.0
2012-06-30 19:00:00,19285.0
2012-06-30 20:00:00,18913.0
2012-06-30 21:00:00,18551.0
2012-06-30 22:00:00,17216.0
2012-06-30 23:00:00,15686.0
2012-07-01 00:00:00,14350.0
2012-07-01 01:00:00,13414.0
2012-07-01 02:00:00,12761.0
2012-07-01 03:00:00,12340.0
2012-07-01 04:00:00,12104.0
2012-07-01 05:00:00,11897.0
2012-07-01 06:00:00,12348.0
2012-07-01 07:00:00,13600.0
2012-07-01 08:00:00,15251.0
2012-07-01 09:00:00,16846.0
2012-07-01 10:00:00,18127.0
2012-07-01 11:00:00,19140.0
2012-07-01 12:00:00,19841.0
2012-07-01 13:00:00,20306.0
2012-07-01 14:00:00,20506.0
2012-07-01 15:00:00,20220.0
2012-07-01 16:00:00,19902.0
2012-07-01 17:00:00,19824.0
2012-07-01 18:00:00,19658.0
2012-07-01 19:00:00,19194.0
2012-07-01 20:00:00,18901.0
2012-07-01 21:00:00,18391.0
2012-07-01 22:00:00,16817.0
2012-07-01 23:00:00,15078.0
2012-07-02 00:00:00,13788.0
2012-07-02 01:00:00,12942.0
2012-07-02 02:00:00,12428.0
2012-07-02 03:00:00,12182.0
2012-07-02 04:00:00,12300.0
2012-07-02 05:00:00,12768.0
2012-07-02 06:00:00,14219.0
2012-07-02 07:00:00,16044.0
2012-07-02 08:00:00,17444.0
2012-07-02 09:00:00,18558.0
2012-07-02 10:00:00,19443.0
2012-07-02 11:00:00,20007.0
2012-07-02 12:00:00,20312.0
2012-07-02 13:00:00,20616.0
2012-07-02 14:00:00,20751.0
2012-07-02 15:00:00,20681.0
2012-07-02 16:00:00,20609.0
2012-07-02 17:00:00,20473.0
2012-07-02 18:00:00,19999.0
2012-07-02 19:00:00,19296.0
2012-07-02 20:00:00,18820.0
2012-07-02 21:00:00,18212.0
2012-07-02 22:00:00,16487.0
2012-07-02 23:00:00,14668.0
2012-07-03 00:00:00,13342.0
2012-07-03 01:00:00,12533.0
2012-07-03 02:00:00,11990.0
2012-07-03 03:00:00,11706.0
2012-07-03 04:00:00,11775.0
2012-07-03 05:00:00,12207.0
2012-07-03 06:00:00,13624.0
2012-07-03 07:00:00,15397.0
2012-07-03 08:00:00,16775.0
2012-07-03 09:00:00,17850.0
2012-07-03 10:00:00,18675.0
2012-07-03 11:00:00,19222.0
2012-07-03 12:00:00,19587.0
2012-07-03 13:00:00,19940.0
2012-07-03 14:00:00,20189.0
2012-07-03 15:00:00,20338.0
2012-07-03 16:00:00,20445.0
2012-07-03 17:00:00,20262.0
2012-07-03 18:00:00,19452.0
2012-07-03 19:00:00,18551.0
2012-07-03 20:00:00,18181.0
2012-07-03 21:00:00,17501.0
2012-07-03 22:00:00,16211.0
2012-07-03 23:00:00,14826.0
2012-07-04 00:00:00,13650.0
2012-07-04 01:00:00,12814.0
2012-07-04 02:00:00,12294.0
2012-07-04 03:00:00,12055.0
2012-07-04 04:00:00,12067.0
2012-07-04 05:00:00,12215.0
2012-07-04 06:00:00,12603.0
2012-07-04 07:00:00,13335.0
2012-07-04 08:00:00,14349.0
2012-07-04 09:00:00,15579.0
2012-07-04 10:00:00,16868.0
2012-07-04 11:00:00,17907.0
2012-07-04 12:00:00,18617.0
2012-07-04 13:00:00,18983.0
2012-07-04 14:00:00,19187.0
2012-07-04 15:00:00,19406.0
2012-07-04 16:00:00,19655.0
2012-07-04 17:00:00,19775.0
2012-07-04 18:00:00,19433.0
2012-07-04 19:00:00,18840.0
2012-07-04 20:00:00,18578.0
2012-07-04 21:00:00,18065.0
2012-07-04 22:00:00,17097.0
2012-07-04 23:00:00,15754.0
2012-07-05 00:00:00,14546.0
2012-07-05 01:00:00,13714.0
2012-07-05 02:00:00,13175.0
2012-07-05 03:00:00,12869.0
2012-07-05 04:00:00,12924.0
2012-07-05 05:00:00,13356.0
2012-07-05 06:00:00,14788.0
2012-07-05 07:00:00,16658.0
2012-07-05 08:00:00,18191.0
2012-07-05 09:00:00,19352.0
2012-07-05 10:00:00,20218.0
2012-07-05 11:00:00,20757.0
2012-07-05 12:00:00,21077.0
2012-07-05 13:00:00,21352.0
2012-07-05 14:00:00,21511.0
2012-07-05 15:00:00,21507.0
2012-07-05 16:00:00,21456.0
2012-07-05 17:00:00,21291.0
2012-07-05 18:00:00,20730.0
2012-07-05 19:00:00,19986.0
2012-07-05 20:00:00,19538.0
2012-07-05 21:00:00,18906.0
2012-07-05 22:00:00,17176.0
2012-07-05 23:00:00,15359.0
2012-07-06 00:00:00,13961.0
2012-07-06 01:00:00,13052.0
2012-07-06 02:00:00,12496.0
2012-07-06 03:00:00,12169.0
2012-07-06 04:00:00,12184.0
2012-07-06 05:00:00,12581.0
2012-07-06 06:00:00,13964.0
2012-07-06 07:00:00,15799.0
2012-07-06 08:00:00,17358.0
2012-07-06 09:00:00,18643.0
2012-07-06 10:00:00,19717.0
2012-07-06 11:00:00,20462.0
2012-07-06 12:00:00,20952.0
2012-07-06 13:00:00,21450.0
2012-07-06 14:00:00,21778.0
2012-07-06 15:00:00,22033.0
2012-07-06 16:00:00,22182.0
2012-07-06 17:00:00,22089.0
2012-07-06 18:00:00,21328.0
2012-07-06 19:00:00,20495.0
2012-07-06 20:00:00,20212.0
2012-07-06 21:00:00,19598.0
2012-07-06 22:00:00,18067.0
2012-07-06 23:00:00,16390.0
2012-07-07 00:00:00,15062.0
2012-07-07 01:00:00,14169.0
2012-07-07 02:00:00,13567.0
2012-07-07 03:00:00,13187.0
2012-07-07 04:00:00,13035.0
2012-07-07 05:00:00,13029.0
2012-07-07 06:00:00,13579.0
2012-07-07 07:00:00,14881.0
2012-07-07 08:00:00,16543.0
2012-07-07 09:00:00,17951.0
2012-07-07 10:00:00,18910.0
2012-07-07 11:00:00,19562.0
2012-07-07 12:00:00,19999.0
2012-07-07 13:00:00,19994.0
2012-07-07 14:00:00,19554.0
2012-07-07 15:00:00,19163.0
2012-07-07 16:00:00,19154.0
2012-07-07 17:00:00,19289.0
2012-07-07 18:00:00,19080.0
2012-07-07 19:00:00,18564.0
2012-07-07 20:00:00,18281.0
2012-07-07 21:00:00,17939.0
2012-07-07 22:00:00,16756.0
2012-07-07 23:00:00,15321.0
2012-07-08 00:00:00,14019.0
2012-07-08 01:00:00,13127.0
2012-07-08 02:00:00,12521.0
2012-07-08 03:00:00,12119.0
2012-07-08 04:00:00,11899.0
2012-07-08 05:00:00,11688.0
2012-07-08 06:00:00,12123.0
2012-07-08 07:00:00,13280.0
2012-07-08 08:00:00,14810.0
2012-07-08 09:00:00,16225.0
2012-07-08 10:00:00,17415.0
2012-07-08 11:00:00,18359.0
2012-07-08 12:00:00,18978.0
2012-07-08 13:00:00,19316.0
2012-07-08 14:00:00,19547.0
2012-07-08 15:00:00,19779.0
2012-07-08 16:00:00,20065.0
2012-07-08 17:00:00,20241.0
2012-07-08 18:00:00,19945.0
2012-07-08 19:00:00,19339.0
2012-07-08 20:00:00,19133.0
2012-07-08 21:00:00,18660.0
2012-07-08 22:00:00,17051.0
2012-07-08 23:00:00,15264.0
2012-07-09 00:00:00,13840.0
2012-07-09 01:00:00,12895.0
2012-07-09 02:00:00,12295.0
2012-07-09 03:00:00,11959.0
2012-07-09 04:00:00,11999.0
2012-07-09 05:00:00,12430.0
2012-07-09 06:00:00,13848.0
2012-07-09 07:00:00,15550.0
2012-07-09 08:00:00,16739.0
2012-07-09 09:00:00,17674.0
2012-07-09 10:00:00,18437.0
2012-07-09 11:00:00,18951.0
2012-07-09 12:00:00,19317.0
2012-07-09 13:00:00,19697.0
2012-07-09 14:00:00,19929.0
2012-07-09 15:00:00,20086.0
2012-07-09 16:00:00,20197.0
2012-07-09 17:00:00,20125.0
2012-07-09 18:00:00,19571.0
2012-07-09 19:00:00,18816.0
2012-07-09 20:00:00,18413.0
2012-07-09 21:00:00,17744.0
2012-07-09 22:00:00,16000.0
2012-07-09 23:00:00,14224.0
2012-07-10 00:00:00,12924.0
2012-07-10 01:00:00,12118.0
2012-07-10 02:00:00,11614.0
2012-07-10 03:00:00,11373.0
2012-07-10 04:00:00,11450.0
2012-07-10 05:00:00,11882.0
2012-07-10 06:00:00,13289.0
2012-07-10 07:00:00,14989.0
2012-07-10 08:00:00,16181.0
2012-07-10 09:00:00,17101.0
2012-07-10 10:00:00,17911.0
2012-07-10 11:00:00,18459.0
2012-07-10 12:00:00,18838.0
2012-07-10 13:00:00,19305.0
2012-07-10 14:00:00,19643.0
2012-07-10 15:00:00,19893.0
2012-07-10 16:00:00,20067.0
2012-07-10 17:00:00,19979.0
2012-07-10 18:00:00,19475.0
2012-07-10 19:00:00,18764.0
2012-07-10 20:00:00,18462.0
2012-07-10 21:00:00,17956.0
2012-07-10 22:00:00,16282.0
2012-07-10 23:00:00,14567.0
2012-07-11 00:00:00,13288.0
2012-07-11 01:00:00,12493.0
2012-07-11 02:00:00,12012.0
2012-07-11 03:00:00,11790.0
2012-07-11 04:00:00,11884.0
2012-07-11 05:00:00,12381.0
2012-07-11 06:00:00,13822.0
2012-07-11 07:00:00,15594.0
2012-07-11 08:00:00,16905.0
2012-07-11 09:00:00,17936.0
2012-07-11 10:00:00,18868.0
2012-07-11 11:00:00,19614.0
2012-07-11 12:00:00,20116.0
2012-07-11 13:00:00,20529.0
2012-07-11 14:00:00,20743.0
2012-07-11 15:00:00,20889.0
2012-07-11 16:00:00,21081.0
2012-07-11 17:00:00,21029.0
2012-07-11 18:00:00,20506.0
2012-07-11 19:00:00,19723.0
2012-07-11 20:00:00,19352.0
2012-07-11 21:00:00,18776.0
2012-07-11 22:00:00,17047.0
2012-07-11 23:00:00,15243.0
2012-07-12 00:00:00,13910.0
2012-07-12 01:00:00,13045.0
2012-07-12 02:00:00,12483.0
2012-07-12 03:00:00,12191.0
2012-07-12 04:00:00,12250.0
2012-07-12 05:00:00,12749.0
2012-07-12 06:00:00,14268.0
2012-07-12 07:00:00,16069.0
2012-07-12 08:00:00,17467.0
2012-07-12 09:00:00,18637.0
2012-07-12 10:00:00,19781.0
2012-07-12 11:00:00,20662.0
2012-07-12 12:00:00,21144.0
2012-07-12 13:00:00,21660.0
2012-07-12 14:00:00,22016.0
2012-07-12 15:00:00,22231.0
2012-07-12 16:00:00,22392.0
2012-07-12 17:00:00,22208.0
2012-07-12 18:00:00,21589.0
2012-07-12 19:00:00,20624.0
2012-07-12 20:00:00,20171.0
2012-07-12 21:00:00,19450.0
2012-07-12 22:00:00,17641.0
2012-07-12 23:00:00,15775.0
2012-07-13 00:00:00,14322.0
2012-07-13 01:00:00,13392.0
2012-07-13 02:00:00,12830.0
2012-07-13 03:00:00,12526.0
2012-07-13 04:00:00,12581.0
2012-07-13 05:00:00,13111.0
2012-07-13 06:00:00,14542.0
2012-07-13 07:00:00,16419.0
2012-07-13 08:00:00,17923.0
2012-07-13 09:00:00,19235.0
2012-07-13 10:00:00,20406.0
2012-07-13 11:00:00,21326.0
2012-07-13 12:00:00,22008.0
2012-07-13 13:00:00,22564.0
2012-07-13 14:00:00,22751.0
2012-07-13 15:00:00,22722.0
2012-07-13 16:00:00,22574.0
2012-07-13 17:00:00,22070.0
2012-07-13 18:00:00,21158.0
2012-07-13 19:00:00,20270.0
2012-07-13 20:00:00,19943.0
2012-07-13 21:00:00,19300.0
2012-07-13 22:00:00,17706.0
2012-07-13 23:00:00,16030.0
2012-07-14 00:00:00,14685.0
2012-07-14 01:00:00,13813.0
2012-07-14 02:00:00,13244.0
2012-07-14 03:00:00,12912.0
2012-07-14 04:00:00,12831.0
2012-07-14 05:00:00,12992.0
2012-07-14 06:00:00,13543.0
2012-07-14 07:00:00,14642.0
2012-07-14 08:00:00,16078.0
2012-07-14 09:00:00,17362.0
2012-07-14 10:00:00,18325.0
2012-07-14 11:00:00,19095.0
2012-07-14 12:00:00,19698.0
2012-07-14 13:00:00,20202.0
2012-07-14 14:00:00,20678.0
2012-07-14 15:00:00,21056.0
2012-07-14 16:00:00,21316.0
2012-07-14 17:00:00,21336.0
2012-07-14 18:00:00,20927.0
2012-07-14 19:00:00,20186.0
2012-07-14 20:00:00,19845.0
2012-07-14 21:00:00,19358.0
2012-07-14 22:00:00,17912.0
2012-07-14 23:00:00,16280.0
2012-07-15 00:00:00,14922.0
2012-07-15 01:00:00,13953.0
2012-07-15 02:00:00,13307.0
2012-07-15 03:00:00,12869.0
2012-07-15 04:00:00,12625.0
2012-07-15 05:00:00,12439.0
2012-07-15 06:00:00,12813.0
2012-07-15 07:00:00,14026.0
2012-07-15 08:00:00,15664.0
2012-07-15 09:00:00,17285.0
2012-07-15 10:00:00,18706.0
2012-07-15 11:00:00,19844.0
2012-07-15 12:00:00,20508.0
2012-07-15 13:00:00,20634.0
2012-07-15 14:00:00,20661.0
2012-07-15 15:00:00,20687.0
2012-07-15 16:00:00,20718.0
2012-07-15 17:00:00,20712.0
2012-07-15 18:00:00,20379.0
2012-07-15 19:00:00,20083.0
2012-07-15 20:00:00,20138.0
2012-07-15 21:00:00,19405.0
2012-07-15 22:00:00,17898.0
2012-07-15 23:00:00,16319.0
2012-07-16 00:00:00,15162.0
2012-07-16 01:00:00,14425.0
2012-07-16 02:00:00,13958.0
2012-07-16 03:00:00,13722.0
2012-07-16 04:00:00,13832.0
2012-07-16 05:00:00,14468.0
2012-07-16 06:00:00,16009.0
2012-07-16 07:00:00,18027.0
2012-07-16 08:00:00,19594.0
2012-07-16 09:00:00,20848.0
2012-07-16 10:00:00,21975.0
2012-07-16 11:00:00,22854.0
2012-07-16 12:00:00,23539.0
2012-07-16 13:00:00,24116.0
2012-07-16 14:00:00,24242.0
2012-07-16 15:00:00,24278.0
2012-07-16 16:00:00,24225.0
2012-07-16 17:00:00,24036.0
2012-07-16 18:00:00,23488.0
2012-07-16 19:00:00,22748.0
2012-07-16 20:00:00,22460.0
2012-07-16 21:00:00,21560.0
2012-07-16 22:00:00,19511.0
2012-07-16 23:00:00,17476.0
2012-07-17 00:00:00,16016.0
2012-07-17 01:00:00,15071.0
2012-07-17 02:00:00,14463.0
2012-07-17 03:00:00,14094.0
2012-07-17 04:00:00,14131.0
2012-07-17 05:00:00,14706.0
2012-07-17 06:00:00,16303.0
2012-07-17 07:00:00,18382.0
2012-07-17 08:00:00,20042.0
2012-07-17 09:00:00,21505.0
2012-07-17 10:00:00,22772.0
2012-07-17 11:00:00,23659.0
2012-07-17 12:00:00,24266.0
2012-07-17 13:00:00,24809.0
2012-07-17 14:00:00,25157.0
2012-07-17 15:00:00,25406.0
2012-07-17 16:00:00,25553.0
2012-07-17 17:00:00,25350.0
2012-07-17 18:00:00,24767.0
2012-07-17 19:00:00,23986.0
2012-07-17 20:00:00,23549.0
2012-07-17 21:00:00,22679.0
2012-07-17 22:00:00,20735.0
2012-07-17 23:00:00,18809.0
2012-07-18 00:00:00,17435.0
2012-07-18 01:00:00,16594.0
2012-07-18 02:00:00,16044.0
2012-07-18 03:00:00,15706.0
2012-07-18 04:00:00,15704.0
2012-07-18 05:00:00,16249.0
2012-07-18 06:00:00,17730.0
2012-07-18 07:00:00,19852.0
2012-07-18 08:00:00,21337.0
2012-07-18 09:00:00,22549.0
2012-07-18 10:00:00,23782.0
2012-07-18 11:00:00,24741.0
2012-07-18 12:00:00,25320.0
2012-07-18 13:00:00,25348.0
2012-07-18 14:00:00,24762.0
2012-07-18 15:00:00,23615.0
2012-07-18 16:00:00,22720.0
2012-07-18 17:00:00,22346.0
2012-07-18 18:00:00,21790.0
2012-07-18 19:00:00,21225.0
2012-07-18 20:00:00,21052.0
2012-07-18 21:00:00,20364.0
2012-07-18 22:00:00,18628.0
2012-07-18 23:00:00,16813.0
2012-07-19 00:00:00,15416.0
2012-07-19 01:00:00,14406.0
2012-07-19 02:00:00,13761.0
2012-07-19 03:00:00,13374.0
2012-07-19 04:00:00,13350.0
2012-07-19 05:00:00,13833.0
2012-07-19 06:00:00,14999.0
2012-07-19 07:00:00,16401.0
2012-07-19 08:00:00,17207.0
2012-07-19 09:00:00,17793.0
2012-07-19 10:00:00,18337.0
2012-07-19 11:00:00,18733.0
2012-07-19 12:00:00,18975.0
2012-07-19 13:00:00,19308.0
2012-07-19 14:00:00,19445.0
2012-07-19 15:00:00,19590.0
2012-07-19 16:00:00,19740.0
2012-07-19 17:00:00,19678.0
2012-07-19 18:00:00,19114.0
2012-07-19 19:00:00,18428.0
2012-07-19 20:00:00,18306.0
2012-07-19 21:00:00,17681.0
2012-07-19 22:00:00,16128.0
2012-07-19 23:00:00,14517.0
2012-07-20 00:00:00,13297.0
2012-07-20 01:00:00,12574.0
2012-07-20 02:00:00,12122.0
2012-07-20 03:00:00,11927.0
2012-07-20 04:00:00,12049.0
2012-07-20 05:00:00,12644.0
2012-07-20 06:00:00,13855.0
2012-07-20 07:00:00,15266.0
2012-07-20 08:00:00,16190.0
2012-07-20 09:00:00,16697.0
2012-07-20 10:00:00,17035.0
2012-07-20 11:00:00,17112.0
2012-07-20 12:00:00,17029.0
2012-07-20 13:00:00,17015.0
2012-07-20 14:00:00,16850.0
2012-07-20 15:00:00,16596.0
2012-07-20 16:00:00,16466.0
2012-07-20 17:00:00,16292.0
2012-07-20 18:00:00,15881.0
2012-07-20 19:00:00,15557.0
2012-07-20 20:00:00,15674.0
2012-07-20 21:00:00,15288.0
2012-07-20 22:00:00,14100.0
2012-07-20 23:00:00,12788.0
2012-07-21 00:00:00,11752.0
2012-07-21 01:00:00,11076.0
2012-07-21 02:00:00,10654.0
2012-07-21 03:00:00,10422.0
2012-07-21 04:00:00,10376.0
2012-07-21 05:00:00,10462.0
2012-07-21 06:00:00,10980.0
2012-07-21 07:00:00,12089.0
2012-07-21 08:00:00,13388.0
2012-07-21 09:00:00,14381.0
2012-07-21 10:00:00,15005.0
2012-07-21 11:00:00,15386.0
2012-07-21 12:00:00,15580.0
2012-07-21 13:00:00,15678.0
2012-07-21 14:00:00,15769.0
2012-07-21 15:00:00,15903.0
2012-07-21 16:00:00,16109.0
2012-07-21 17:00:00,16197.0
2012-07-21 18:00:00,15989.0
2012-07-21 19:00:00,15494.0
2012-07-21 20:00:00,15439.0
2012-07-21 21:00:00,15113.0
2012-07-21 22:00:00,14013.0
2012-07-21 23:00:00,12824.0
2012-07-22 00:00:00,11808.0
2012-07-22 01:00:00,11144.0
2012-07-22 02:00:00,10711.0
2012-07-22 03:00:00,10450.0
2012-07-22 04:00:00,10351.0
2012-07-22 05:00:00,10254.0
2012-07-22 06:00:00,10567.0
2012-07-22 07:00:00,11503.0
2012-07-22 08:00:00,12784.0
2012-07-22 09:00:00,13948.0
2012-07-22 10:00:00,14913.0
2012-07-22 11:00:00,15691.0
2012-07-22 12:00:00,16244.0
2012-07-22 13:00:00,16572.0
2012-07-22 14:00:00,16861.0
2012-07-22 15:00:00,17167.0
2012-07-22 16:00:00,17564.0
2012-07-22 17:00:00,17807.0
2012-07-22 18:00:00,17607.0
2012-07-22 19:00:00,17132.0
2012-07-22 20:00:00,17145.0
2012-07-22 21:00:00,16715.0
2012-07-22 22:00:00,15414.0
2012-07-22 23:00:00,14002.0
2012-07-23 00:00:00,12917.0
2012-07-23 01:00:00,12232.0
2012-07-23 02:00:00,11840.0
2012-07-23 03:00:00,11708.0
2012-07-23 04:00:00,11943.0
2012-07-23 05:00:00,12688.0
2012-07-23 06:00:00,14058.0
2012-07-23 07:00:00,15663.0
2012-07-23 08:00:00,16859.0
2012-07-23 09:00:00,17773.0
2012-07-23 10:00:00,18624.0
2012-07-23 11:00:00,19285.0
2012-07-23 12:00:00,19748.0
2012-07-23 13:00:00,20418.0
2012-07-23 14:00:00,20956.0
2012-07-23 15:00:00,21343.0
2012-07-23 16:00:00,21591.0
2012-07-23 17:00:00,21486.0
2012-07-23 18:00:00,20981.0
2012-07-23 19:00:00,20445.0
2012-07-23 20:00:00,20481.0
2012-07-23 21:00:00,19693.0
2012-07-23 22:00:00,17977.0
2012-07-23 23:00:00,16240.0
2012-07-24 00:00:00,14954.0
2012-07-24 01:00:00,14149.0
2012-07-24 02:00:00,13642.0
2012-07-24 03:00:00,13429.0
2012-07-24 04:00:00,13531.0
2012-07-24 05:00:00,14134.0
2012-07-24 06:00:00,15471.0
2012-07-24 07:00:00,17253.0
2012-07-24 08:00:00,18766.0
2012-07-24 09:00:00,20039.0
2012-07-24 10:00:00,21184.0
2012-07-24 11:00:00,21911.0
2012-07-24 12:00:00,22547.0
2012-07-24 13:00:00,23095.0
2012-07-24 14:00:00,23299.0
2012-07-24 15:00:00,23088.0
2012-07-24 16:00:00,22694.0
2012-07-24 17:00:00,22209.0
2012-07-24 18:00:00,21409.0
2012-07-24 19:00:00,20579.0
2012-07-24 20:00:00,20223.0
2012-07-24 21:00:00,19122.0
2012-07-24 22:00:00,17124.0
2012-07-24 23:00:00,15183.0
2012-07-25 00:00:00,13692.0
2012-07-25 01:00:00,12730.0
2012-07-25 02:00:00,12133.0
2012-07-25 03:00:00,11810.0
2012-07-25 04:00:00,11857.0
2012-07-25 05:00:00,12367.0
2012-07-25 06:00:00,13627.0
2012-07-25 07:00:00,15245.0
2012-07-25 08:00:00,16362.0
2012-07-25 09:00:00,17141.0
2012-07-25 10:00:00,17749.0
2012-07-25 11:00:00,18139.0
2012-07-25 12:00:00,18411.0
2012-07-25 13:00:00,18786.0
2012-07-25 14:00:00,19116.0
2012-07-25 15:00:00,19414.0
2012-07-25 16:00:00,19660.0
2012-07-25 17:00:00,19661.0
2012-07-25 18:00:00,19138.0
2012-07-25 19:00:00,18446.0
2012-07-25 20:00:00,18459.0
2012-07-25 21:00:00,17742.0
2012-07-25 22:00:00,16131.0
2012-07-25 23:00:00,14488.0
2012-07-26 00:00:00,13311.0
2012-07-26 01:00:00,12580.0
2012-07-26 02:00:00,12146.0
2012-07-26 03:00:00,11967.0
2012-07-26 04:00:00,12128.0
2012-07-26 05:00:00,12880.0
2012-07-26 06:00:00,14275.0
2012-07-26 07:00:00,15802.0
2012-07-26 08:00:00,16827.0
2012-07-26 09:00:00,17534.0
2012-07-26 10:00:00,18059.0
2012-07-26 11:00:00,18359.0
2012-07-26 12:00:00,18621.0
2012-07-26 13:00:00,19160.0
2012-07-26 14:00:00,19633.0
2012-07-26 15:00:00,20097.0
2012-07-26 16:00:00,20533.0
2012-07-26 17:00:00,20789.0
2012-07-26 18:00:00,20569.0
2012-07-26 19:00:00,20267.0
2012-07-26 20:00:00,20072.0
2012-07-26 21:00:00,19061.0
2012-07-26 22:00:00,17411.0
2012-07-26 23:00:00,15776.0
2012-07-27 00:00:00,14544.0
2012-07-27 01:00:00,13726.0
2012-07-27 02:00:00,13190.0
2012-07-27 03:00:00,12929.0
2012-07-27 04:00:00,13046.0
2012-07-27 05:00:00,13778.0
2012-07-27 06:00:00,15080.0
2012-07-27 07:00:00,16547.0
2012-07-27 08:00:00,17617.0
2012-07-27 09:00:00,18507.0
2012-07-27 10:00:00,19253.0
2012-07-27 11:00:00,19806.0
2012-07-27 12:00:00,20170.0
2012-07-27 13:00:00,20417.0
2012-07-27 14:00:00,20409.0
2012-07-27 15:00:00,20295.0
2012-07-27 16:00:00,20178.0
2012-07-27 17:00:00,19983.0
2012-07-27 18:00:00,19487.0
2012-07-27 19:00:00,18901.0
2012-07-27 20:00:00,18685.0
2012-07-27 21:00:00,18093.0
2012-07-27 22:00:00,16717.0
2012-07-27 23:00:00,15192.0
2012-07-28 00:00:00,13926.0
2012-07-28 01:00:00,13043.0
2012-07-28 02:00:00,12466.0
2012-07-28 03:00:00,12121.0
2012-07-28 04:00:00,12029.0
2012-07-28 05:00:00,12148.0
2012-07-28 06:00:00,12602.0
2012-07-28 07:00:00,13707.0
2012-07-28 08:00:00,15126.0
2012-07-28 09:00:00,16411.0
2012-07-28 10:00:00,17328.0
2012-07-28 11:00:00,17812.0
2012-07-28 12:00:00,18006.0
2012-07-28 13:00:00,18012.0
2012-07-28 14:00:00,17870.0
2012-07-28 15:00:00,17447.0
2012-07-28 16:00:00,17084.0
2012-07-28 17:00:00,16926.0
2012-07-28 18:00:00,16651.0
2012-07-28 19:00:00,16428.0
2012-07-28 20:00:00,16431.0
2012-07-28 21:00:00,15838.0
2012-07-28 22:00:00,14801.0
2012-07-28 23:00:00,13629.0
2012-07-29 00:00:00,12620.0
2012-07-29 01:00:00,11964.0
2012-07-29 02:00:00,11527.0
2012-07-29 03:00:00,11293.0
2012-07-29 04:00:00,11226.0
2012-07-29 05:00:00,11310.0
2012-07-29 06:00:00,11511.0
2012-07-29 07:00:00,12244.0
2012-07-29 08:00:00,13311.0
2012-07-29 09:00:00,14273.0
2012-07-29 10:00:00,14945.0
2012-07-29 11:00:00,15439.0
2012-07-29 12:00:00,15728.0
2012-07-29 13:00:00,15761.0
2012-07-29 14:00:00,15708.0
2012-07-29 15:00:00,15629.0
2012-07-29 16:00:00,15783.0
2012-07-29 17:00:00,15993.0
2012-07-29 18:00:00,15903.0
2012-07-29 19:00:00,15676.0
2012-07-29 20:00:00,15853.0
2012-07-29 21:00:00,15372.0
2012-07-29 22:00:00,14219.0
2012-07-29 23:00:00,12966.0
2012-07-30 00:00:00,11975.0
2012-07-30 01:00:00,11345.0
2012-07-30 02:00:00,11004.0
2012-07-30 03:00:00,10864.0
2012-07-30 04:00:00,11071.0
2012-07-30 05:00:00,11754.0
2012-07-30 06:00:00,13053.0
2012-07-30 07:00:00,14723.0
2012-07-30 08:00:00,16011.0
2012-07-30 09:00:00,16965.0
2012-07-30 10:00:00,17795.0
2012-07-30 11:00:00,18415.0
2012-07-30 12:00:00,18889.0
2012-07-30 13:00:00,19394.0
2012-07-30 14:00:00,19731.0
2012-07-30 15:00:00,19921.0
2012-07-30 16:00:00,20077.0
2012-07-30 17:00:00,19961.0
2012-07-30 18:00:00,19419.0
2012-07-30 19:00:00,18694.0
2012-07-30 20:00:00,18502.0
2012-07-30 21:00:00,17652.0
2012-07-30 22:00:00,15929.0
2012-07-30 23:00:00,14252.0
2012-07-31 00:00:00,12992.0
2012-07-31 01:00:00,12227.0
2012-07-31 02:00:00,11745.0
2012-07-31 03:00:00,11530.0
2012-07-31 04:00:00,11657.0
2012-07-31 05:00:00,12332.0
2012-07-31 06:00:00,13602.0
2012-07-31 07:00:00,15182.0
2012-07-31 08:00:00,16309.0
2012-07-31 09:00:00,17123.0
2012-07-31 10:00:00,17812.0
2012-07-31 11:00:00,18248.0
2012-07-31 12:00:00,18513.0
2012-07-31 13:00:00,18790.0
2012-07-31 14:00:00,18785.0
2012-07-31 15:00:00,18593.0
2012-07-31 16:00:00,18412.0
2012-07-31 17:00:00,18212.0
2012-07-31 18:00:00,17875.0
2012-07-31 19:00:00,17629.0
2012-07-31 20:00:00,17724.0
2012-07-31 21:00:00,16933.0
2012-07-31 22:00:00,15466.0
2012-07-31 23:00:00,14031.0
2012-08-01 00:00:00,12940.0
2012-08-01 01:00:00,12239.0
2012-08-01 02:00:00,11833.0
2012-08-01 03:00:00,11657.0
2012-08-01 04:00:00,11843.0
2012-08-01 05:00:00,12574.0
2012-08-01 06:00:00,13908.0
2012-08-01 07:00:00,15547.0
2012-08-01 08:00:00,16764.0
2012-08-01 09:00:00,17760.0
2012-08-01 10:00:00,18657.0
2012-08-01 11:00:00,19319.0
2012-08-01 12:00:00,19817.0
2012-08-01 13:00:00,20262.0
2012-08-01 14:00:00,20415.0
2012-08-01 15:00:00,20228.0
2012-08-01 16:00:00,20049.0
2012-08-01 17:00:00,19811.0
2012-08-01 18:00:00,19361.0
2012-08-01 19:00:00,18930.0
2012-08-01 20:00:00,18998.0
2012-08-01 21:00:00,18178.0
2012-08-01 22:00:00,16576.0
2012-08-01 23:00:00,14974.0
2012-08-02 00:00:00,13781.0
2012-08-02 01:00:00,13034.0
2012-08-02 02:00:00,12590.0
2012-08-02 03:00:00,12413.0
2012-08-02 04:00:00,12583.0
2012-08-02 05:00:00,13317.0
2012-08-02 06:00:00,14683.0
2012-08-02 07:00:00,16386.0
2012-08-02 08:00:00,17775.0
2012-08-02 09:00:00,19036.0
2012-08-02 10:00:00,20220.0
2012-08-02 11:00:00,21156.0
2012-08-02 12:00:00,21782.0
2012-08-02 13:00:00,22399.0
2012-08-02 14:00:00,22754.0
2012-08-02 15:00:00,22999.0
2012-08-02 16:00:00,23108.0
2012-08-02 17:00:00,22995.0
2012-08-02 18:00:00,22475.0
2012-08-02 19:00:00,21765.0
2012-08-02 20:00:00,21598.0
2012-08-02 21:00:00,20655.0
2012-08-02 22:00:00,18756.0
2012-08-02 23:00:00,16918.0
2012-08-03 00:00:00,15440.0
2012-08-03 01:00:00,14471.0
2012-08-03 02:00:00,13869.0
2012-08-03 03:00:00,13550.0
2012-08-03 04:00:00,13596.0
2012-08-03 05:00:00,14230.0
2012-08-03 06:00:00,15523.0
2012-08-03 07:00:00,17251.0
2012-08-03 08:00:00,18814.0
2012-08-03 09:00:00,20238.0
2012-08-03 10:00:00,21586.0
2012-08-03 11:00:00,22596.0
2012-08-03 12:00:00,23276.0
2012-08-03 13:00:00,23869.0
2012-08-03 14:00:00,24268.0
2012-08-03 15:00:00,24421.0
2012-08-03 16:00:00,24399.0
2012-08-03 17:00:00,24088.0
2012-08-03 18:00:00,23302.0
2012-08-03 19:00:00,22504.0
2012-08-03 20:00:00,22310.0
2012-08-03 21:00:00,21451.0
2012-08-03 22:00:00,19726.0
2012-08-03 23:00:00,17913.0
2012-08-04 00:00:00,16354.0
2012-08-04 01:00:00,15332.0
2012-08-04 02:00:00,14621.0
2012-08-04 03:00:00,14137.0
2012-08-04 04:00:00,13949.0
2012-08-04 05:00:00,14017.0
2012-08-04 06:00:00,14464.0
2012-08-04 07:00:00,15778.0
2012-08-04 08:00:00,17461.0
2012-08-04 09:00:00,19088.0
2012-08-04 10:00:00,20470.0
2012-08-04 11:00:00,21506.0
2012-08-04 12:00:00,22150.0
2012-08-04 13:00:00,22497.0
2012-08-04 14:00:00,22708.0
2012-08-04 15:00:00,22725.0
2012-08-04 16:00:00,22536.0
2012-08-04 17:00:00,22105.0
2012-08-04 18:00:00,21353.0
2012-08-04 19:00:00,20623.0
2012-08-04 20:00:00,20507.0
2012-08-04 21:00:00,19747.0
2012-08-04 22:00:00,18355.0
2012-08-04 23:00:00,16879.0
2012-08-05 00:00:00,15635.0
2012-08-05 01:00:00,14772.0
2012-08-05 02:00:00,14198.0
2012-08-05 03:00:00,13861.0
2012-08-05 04:00:00,13732.0
2012-08-05 05:00:00,13782.0
2012-08-05 06:00:00,14065.0
2012-08-05 07:00:00,15102.0
2012-08-05 08:00:00,16596.0
2012-08-05 09:00:00,18200.0
2012-08-05 10:00:00,19531.0
2012-08-05 11:00:00,20622.0
2012-08-05 12:00:00,21415.0
2012-08-05 13:00:00,21781.0
2012-08-05 14:00:00,21894.0
2012-08-05 15:00:00,21904.0
2012-08-05 16:00:00,21758.0
2012-08-05 17:00:00,21303.0
2012-08-05 18:00:00,20848.0
2012-08-05 19:00:00,20517.0
2012-08-05 20:00:00,20408.0
2012-08-05 21:00:00,19578.0
2012-08-05 22:00:00,18167.0
2012-08-05 23:00:00,16645.0
2012-08-06 00:00:00,15402.0
2012-08-06 01:00:00,14617.0
2012-08-06 02:00:00,14168.0
2012-08-06 03:00:00,13945.0
2012-08-06 04:00:00,14121.0
2012-08-06 05:00:00,14839.0
2012-08-06 06:00:00,16129.0
2012-08-06 07:00:00,17900.0
2012-08-06 08:00:00,19295.0
2012-08-06 09:00:00,20293.0
2012-08-06 10:00:00,20871.0
2012-08-06 11:00:00,21316.0
2012-08-06 12:00:00,21587.0
2012-08-06 13:00:00,21847.0
2012-08-06 14:00:00,21948.0
2012-08-06 15:00:00,21989.0
2012-08-06 16:00:00,21900.0
2012-08-06 17:00:00,21523.0
2012-08-06 18:00:00,20700.0
2012-08-06 19:00:00,19834.0
2012-08-06 20:00:00,19599.0
2012-08-06 21:00:00,18502.0
2012-08-06 22:00:00,16600.0
2012-08-06 23:00:00,14818.0
2012-08-07 00:00:00,13477.0
2012-08-07 01:00:00,12651.0
2012-08-07 02:00:00,12131.0
2012-08-07 03:00:00,11881.0
2012-08-07 04:00:00,11985.0
2012-08-07 05:00:00,12577.0
2012-08-07 06:00:00,13787.0
2012-08-07 07:00:00,15419.0
2012-08-07 08:00:00,16599.0
2012-08-07 09:00:00,17562.0
2012-08-07 10:00:00,18435.0
2012-08-07 11:00:00,19093.0
2012-08-07 12:00:00,19560.0
2012-08-07 13:00:00,20049.0
2012-08-07 14:00:00,20336.0
2012-08-07 15:00:00,20508.0
2012-08-07 16:00:00,20575.0
2012-08-07 17:00:00,20354.0
2012-08-07 18:00:00,19757.0
2012-08-07 19:00:00,19158.0
2012-08-07 20:00:00,19233.0
2012-08-07 21:00:00,18341.0
2012-08-07 22:00:00,16653.0
2012-08-07 23:00:00,14983.0
2012-08-08 00:00:00,13686.0
2012-08-08 01:00:00,12860.0
2012-08-08 02:00:00,12332.0
2012-08-08 03:00:00,12069.0
2012-08-08 04:00:00,12188.0
2012-08-08 05:00:00,12863.0
2012-08-08 06:00:00,14136.0
2012-08-08 07:00:00,15835.0
2012-08-08 08:00:00,17280.0
2012-08-08 09:00:00,18499.0
2012-08-08 10:00:00,19680.0
2012-08-08 11:00:00,20567.0
2012-08-08 12:00:00,21188.0
2012-08-08 13:00:00,21759.0
2012-08-08 14:00:00,22070.0
2012-08-08 15:00:00,22226.0
2012-08-08 16:00:00,22159.0
2012-08-08 17:00:00,21839.0
2012-08-08 18:00:00,21246.0
2012-08-08 19:00:00,20727.0
2012-08-08 20:00:00,20793.0
2012-08-08 21:00:00,19785.0
2012-08-08 22:00:00,17980.0
2012-08-08 23:00:00,16136.0
2012-08-09 00:00:00,14756.0
2012-08-09 01:00:00,13925.0
2012-08-09 02:00:00,13403.0
2012-08-09 03:00:00,13166.0
2012-08-09 04:00:00,13282.0
2012-08-09 05:00:00,14051.0
2012-08-09 06:00:00,15354.0
2012-08-09 07:00:00,17054.0
2012-08-09 08:00:00,18517.0
2012-08-09 09:00:00,19864.0
2012-08-09 10:00:00,21159.0
2012-08-09 11:00:00,22154.0
2012-08-09 12:00:00,22793.0
2012-08-09 13:00:00,23334.0
2012-08-09 14:00:00,23551.0
2012-08-09 15:00:00,23578.0
2012-08-09 16:00:00,23435.0
2012-08-09 17:00:00,23011.0
2012-08-09 18:00:00,22220.0
2012-08-09 19:00:00,21671.0
2012-08-09 20:00:00,21625.0
2012-08-09 21:00:00,20533.0
2012-08-09 22:00:00,18740.0
2012-08-09 23:00:00,16954.0
2012-08-10 00:00:00,15625.0
2012-08-10 01:00:00,14801.0
2012-08-10 02:00:00,14275.0
2012-08-10 03:00:00,14035.0
2012-08-10 04:00:00,14165.0
2012-08-10 05:00:00,14919.0
2012-08-10 06:00:00,16234.0
2012-08-10 07:00:00,17925.0
2012-08-10 08:00:00,19316.0
2012-08-10 09:00:00,20443.0
2012-08-10 10:00:00,21346.0
2012-08-10 11:00:00,21934.0
2012-08-10 12:00:00,22080.0
2012-08-10 13:00:00,21946.0
2012-08-10 14:00:00,21474.0
2012-08-10 15:00:00,20861.0
2012-08-10 16:00:00,20486.0
2012-08-10 17:00:00,20058.0
2012-08-10 18:00:00,19501.0
2012-08-10 19:00:00,19109.0
2012-08-10 20:00:00,19109.0
2012-08-10 21:00:00,18387.0
2012-08-10 22:00:00,17093.0
2012-08-10 23:00:00,15677.0
2012-08-11 00:00:00,14507.0
2012-08-11 01:00:00,13720.0
2012-08-11 02:00:00,13194.0
2012-08-11 03:00:00,12909.0
2012-08-11 04:00:00,12830.0
2012-08-11 05:00:00,13002.0
2012-08-11 06:00:00,13432.0
2012-08-11 07:00:00,14553.0
2012-08-11 08:00:00,15932.0
2012-08-11 09:00:00,17202.0
2012-08-11 10:00:00,18274.0
2012-08-11 11:00:00,18904.0
2012-08-11 12:00:00,19278.0
2012-08-11 13:00:00,19507.0
2012-08-11 14:00:00,19631.0
2012-08-11 15:00:00,19719.0
2012-08-11 16:00:00,19797.0
2012-08-11 17:00:00,19769.0
2012-08-11 18:00:00,19447.0
2012-08-11 19:00:00,19137.0
2012-08-11 20:00:00,19243.0
2012-08-11 21:00:00,18541.0
2012-08-11 22:00:00,17329.0
2012-08-11 23:00:00,15970.0
2012-08-12 00:00:00,14794.0
2012-08-12 01:00:00,13997.0
2012-08-12 02:00:00,13453.0
2012-08-12 03:00:00,13152.0
2012-08-12 04:00:00,13035.0
2012-08-12 05:00:00,13137.0
2012-08-12 06:00:00,13348.0
2012-08-12 07:00:00,14050.0
2012-08-12 08:00:00,15194.0
2012-08-12 09:00:00,16392.0
2012-08-12 10:00:00,17437.0
2012-08-12 11:00:00,18257.0
2012-08-12 12:00:00,18885.0
2012-08-12 13:00:00,19285.0
2012-08-12 14:00:00,19643.0
2012-08-12 15:00:00,19965.0
2012-08-12 16:00:00,20214.0
2012-08-12 17:00:00,20261.0
2012-08-12 18:00:00,19956.0
2012-08-12 19:00:00,19515.0
2012-08-12 20:00:00,19597.0
2012-08-12 21:00:00,18675.0
2012-08-12 22:00:00,17099.0
2012-08-12 23:00:00,15470.0
2012-08-13 00:00:00,14202.0
2012-08-13 01:00:00,13381.0
2012-08-13 02:00:00,12867.0
2012-08-13 03:00:00,12612.0
2012-08-13 04:00:00,12708.0
2012-08-13 05:00:00,13375.0
2012-08-13 06:00:00,14529.0
2012-08-13 07:00:00,16200.0
2012-08-13 08:00:00,17596.0
2012-08-13 09:00:00,18756.0
2012-08-13 10:00:00,19755.0
2012-08-13 11:00:00,20486.0
2012-08-13 12:00:00,20946.0
2012-08-13 13:00:00,21360.0
2012-08-13 14:00:00,21641.0
2012-08-13 15:00:00,21753.0
2012-08-13 16:00:00,21860.0
2012-08-13 17:00:00,21698.0
2012-08-13 18:00:00,21044.0
2012-08-13 19:00:00,20402.0
2012-08-13 20:00:00,20325.0
2012-08-13 21:00:00,19093.0
2012-08-13 22:00:00,17233.0
2012-08-13 23:00:00,15448.0
2012-08-14 00:00:00,14112.0
2012-08-14 01:00:00,13245.0
2012-08-14 02:00:00,12693.0
2012-08-14 03:00:00,12409.0
2012-08-14 04:00:00,12496.0
2012-08-14 05:00:00,13190.0
2012-08-14 06:00:00,14389.0
2012-08-14 07:00:00,16046.0
2012-08-14 08:00:00,17347.0
2012-08-14 09:00:00,18471.0
2012-08-14 10:00:00,19373.0
2012-08-14 11:00:00,20001.0
2012-08-14 12:00:00,20360.0
2012-08-14 13:00:00,20613.0
2012-08-14 14:00:00,20669.0
2012-08-14 15:00:00,20589.0
2012-08-14 16:00:00,20548.0
2012-08-14 17:00:00,20333.0
2012-08-14 18:00:00,19830.0
2012-08-14 19:00:00,19505.0
2012-08-14 20:00:00,19655.0
2012-08-14 21:00:00,18617.0
2012-08-14 22:00:00,16944.0
2012-08-14 23:00:00,15303.0
2012-08-15 00:00:00,14152.0
2012-08-15 01:00:00,13416.0
2012-08-15 02:00:00,12969.0
2012-08-15 03:00:00,12773.0
2012-08-15 04:00:00,12908.0
2012-08-15 05:00:00,13699.0
2012-08-15 06:00:00,15059.0
2012-08-15 07:00:00,16411.0
2012-08-15 08:00:00,17266.0
2012-08-15 09:00:00,17897.0
2012-08-15 10:00:00,18712.0
2012-08-15 11:00:00,19520.0
2012-08-15 12:00:00,20127.0
2012-08-15 13:00:00,20698.0
2012-08-15 14:00:00,20982.0
2012-08-15 15:00:00,21096.0
2012-08-15 16:00:00,20998.0
2012-08-15 17:00:00,20649.0
2012-08-15 18:00:00,20098.0
2012-08-15 19:00:00,19888.0
2012-08-15 20:00:00,19823.0
2012-08-15 21:00:00,18720.0
2012-08-15 22:00:00,17008.0
2012-08-15 23:00:00,15320.0
2012-08-16 00:00:00,14003.0
2012-08-16 01:00:00,13189.0
2012-08-16 02:00:00,12692.0
2012-08-16 03:00:00,12461.0
2012-08-16 04:00:00,12564.0
2012-08-16 05:00:00,13322.0
2012-08-16 06:00:00,14595.0
2012-08-16 07:00:00,15998.0
2012-08-16 08:00:00,17142.0
2012-08-16 09:00:00,18192.0
2012-08-16 10:00:00,19173.0
2012-08-16 11:00:00,19865.0
2012-08-16 12:00:00,20297.0
2012-08-16 13:00:00,20710.0
2012-08-16 14:00:00,20912.0
2012-08-16 15:00:00,21004.0
2012-08-16 16:00:00,21041.0
2012-08-16 17:00:00,20829.0
2012-08-16 18:00:00,20133.0
2012-08-16 19:00:00,19521.0
2012-08-16 20:00:00,19473.0
2012-08-16 21:00:00,18354.0
2012-08-16 22:00:00,16616.0
2012-08-16 23:00:00,14882.0
2012-08-17 00:00:00,13600.0
2012-08-17 01:00:00,12762.0
2012-08-17 02:00:00,12229.0
2012-08-17 03:00:00,11966.0
2012-08-17 04:00:00,12051.0
2012-08-17 05:00:00,12683.0
2012-08-17 06:00:00,13792.0
2012-08-17 07:00:00,15316.0
2012-08-17 08:00:00,16699.0
2012-08-17 09:00:00,17897.0
2012-08-17 10:00:00,18972.0
2012-08-17 11:00:00,19808.0
2012-08-17 12:00:00,20471.0
2012-08-17 13:00:00,21111.0
2012-08-17 14:00:00,21514.0
2012-08-17 15:00:00,21647.0
2012-08-17 16:00:00,21647.0
2012-08-17 17:00:00,21279.0
2012-08-17 18:00:00,20479.0
2012-08-17 19:00:00,20010.0
2012-08-17 20:00:00,19891.0
2012-08-17 21:00:00,18815.0
2012-08-17 22:00:00,17214.0
2012-08-17 23:00:00,15609.0
2012-08-18 00:00:00,14294.0
2012-08-18 01:00:00,13421.0
2012-08-18 02:00:00,12822.0
2012-08-18 03:00:00,12418.0
2012-08-18 04:00:00,12268.0
2012-08-18 05:00:00,12415.0
2012-08-18 06:00:00,12719.0
2012-08-18 07:00:00,13467.0
2012-08-18 08:00:00,14455.0
2012-08-18 09:00:00,15246.0
2012-08-18 10:00:00,15755.0
2012-08-18 11:00:00,16056.0
2012-08-18 12:00:00,16112.0
2012-08-18 13:00:00,16071.0
2012-08-18 14:00:00,16000.0
2012-08-18 15:00:00,15943.0
2012-08-18 16:00:00,15982.0
2012-08-18 17:00:00,15986.0
2012-08-18 18:00:00,15782.0
2012-08-18 19:00:00,15576.0
2012-08-18 20:00:00,15753.0
2012-08-18 21:00:00,15035.0
2012-08-18 22:00:00,13930.0
2012-08-18 23:00:00,12715.0
2012-08-19 00:00:00,11719.0
2012-08-19 01:00:00,11029.0
2012-08-19 02:00:00,10572.0
2012-08-19 03:00:00,10302.0
2012-08-19 04:00:00,10203.0
2012-08-19 05:00:00,10267.0
2012-08-19 06:00:00,10370.0
2012-08-19 07:00:00,11140.0
2012-08-19 08:00:00,12275.0
2012-08-19 09:00:00,13272.0
2012-08-19 10:00:00,13976.0
2012-08-19 11:00:00,14395.0
2012-08-19 12:00:00,14627.0
2012-08-19 13:00:00,14666.0
2012-08-19 14:00:00,14672.0
2012-08-19 15:00:00,14757.0
2012-08-19 16:00:00,15003.0
2012-08-19 17:00:00,15178.0
2012-08-19 18:00:00,15142.0
2012-08-19 19:00:00,15214.0
2012-08-19 20:00:00,15546.0
2012-08-19 21:00:00,14802.0
2012-08-19 22:00:00,13613.0
2012-08-19 23:00:00,12432.0
2012-08-20 00:00:00,11549.0
2012-08-20 01:00:00,11012.0
2012-08-20 02:00:00,10696.0
2012-08-20 03:00:00,10586.0
2012-08-20 04:00:00,10798.0
2012-08-20 05:00:00,11540.0
2012-08-20 06:00:00,12725.0
2012-08-20 07:00:00,14097.0
2012-08-20 08:00:00,15214.0
2012-08-20 09:00:00,16149.0
2012-08-20 10:00:00,16944.0
2012-08-20 11:00:00,17495.0
2012-08-20 12:00:00,17830.0
2012-08-20 13:00:00,18063.0
2012-08-20 14:00:00,18121.0
2012-08-20 15:00:00,18096.0
2012-08-20 16:00:00,18121.0
2012-08-20 17:00:00,18058.0
2012-08-20 18:00:00,17577.0
2012-08-20 19:00:00,17339.0
2012-08-20 20:00:00,17483.0
2012-08-20 21:00:00,16412.0
2012-08-20 22:00:00,14864.0
2012-08-20 23:00:00,13391.0
2012-08-21 00:00:00,12324.0
2012-08-21 01:00:00,11698.0
2012-08-21 02:00:00,11328.0
2012-08-21 03:00:00,11178.0
2012-08-21 04:00:00,11397.0
2012-08-21 05:00:00,12231.0
2012-08-21 06:00:00,13551.0
2012-08-21 07:00:00,14928.0
2012-08-21 08:00:00,15969.0
2012-08-21 09:00:00,16870.0
2012-08-21 10:00:00,17663.0
2012-08-21 11:00:00,18181.0
2012-08-21 12:00:00,18538.0
2012-08-21 13:00:00,18899.0
2012-08-21 14:00:00,19080.0
2012-08-21 15:00:00,19154.0
2012-08-21 16:00:00,19153.0
2012-08-21 17:00:00,18842.0
2012-08-21 18:00:00,18207.0
2012-08-21 19:00:00,17863.0
2012-08-21 20:00:00,17941.0
2012-08-21 21:00:00,16829.0
2012-08-21 22:00:00,15179.0
2012-08-21 23:00:00,13626.0
2012-08-22 00:00:00,12481.0
2012-08-22 01:00:00,11787.0
2012-08-22 02:00:00,11345.0
2012-08-22 03:00:00,11117.0
2012-08-22 04:00:00,11239.0
2012-08-22 05:00:00,11977.0
2012-08-22 06:00:00,13121.0
2012-08-22 07:00:00,14593.0
2012-08-22 08:00:00,15766.0
2012-08-22 09:00:00,16771.0
2012-08-22 10:00:00,17636.0
2012-08-22 11:00:00,18260.0
2012-08-22 12:00:00,18640.0
2012-08-22 13:00:00,19039.0
2012-08-22 14:00:00,19282.0
2012-08-22 15:00:00,19348.0
2012-08-22 16:00:00,19392.0
2012-08-22 17:00:00,19160.0
2012-08-22 18:00:00,18556.0
2012-08-22 19:00:00,18155.0
2012-08-22 20:00:00,18241.0
2012-08-22 21:00:00,17141.0
2012-08-22 22:00:00,15507.0
2012-08-22 23:00:00,13936.0
2012-08-23 00:00:00,12774.0
2012-08-23 01:00:00,12059.0
2012-08-23 02:00:00,11610.0
2012-08-23 03:00:00,11419.0
2012-08-23 04:00:00,11546.0
2012-08-23 05:00:00,12316.0
2012-08-23 06:00:00,13522.0
2012-08-23 07:00:00,15078.0
2012-08-23 08:00:00,16377.0
2012-08-23 09:00:00,17438.0
2012-08-23 10:00:00,18356.0
2012-08-23 11:00:00,19071.0
2012-08-23 12:00:00,19617.0
2012-08-23 13:00:00,20172.0
2012-08-23 14:00:00,20425.0
2012-08-23 15:00:00,20557.0
2012-08-23 16:00:00,20596.0
2012-08-23 17:00:00,20358.0
2012-08-23 18:00:00,19725.0
2012-08-23 19:00:00,19293.0
2012-08-23 20:00:00,19323.0
2012-08-23 21:00:00,18171.0
2012-08-23 22:00:00,16484.0
2012-08-23 23:00:00,14848.0
2012-08-24 00:00:00,13620.0
2012-08-24 01:00:00,12806.0
2012-08-24 02:00:00,12296.0
2012-08-24 03:00:00,12023.0
2012-08-24 04:00:00,12123.0
2012-08-24 05:00:00,12815.0
2012-08-24 06:00:00,13948.0
2012-08-24 07:00:00,15404.0
2012-08-24 08:00:00,16692.0
2012-08-24 09:00:00,17784.0
2012-08-24 10:00:00,18773.0
2012-08-24 11:00:00,19490.0
2012-08-24 12:00:00,19973.0
2012-08-24 13:00:00,20423.0
2012-08-24 14:00:00,20620.0
2012-08-24 15:00:00,20583.0
2012-08-24 16:00:00,20480.0
2012-08-24 17:00:00,20072.0
2012-08-24 18:00:00,19298.0
2012-08-24 19:00:00,18913.0
2012-08-24 20:00:00,18806.0
2012-08-24 21:00:00,17746.0
2012-08-24 22:00:00,16265.0
2012-08-24 23:00:00,14719.0
2012-08-25 00:00:00,13448.0
2012-08-25 01:00:00,12668.0
2012-08-25 02:00:00,12138.0
2012-08-25 03:00:00,11829.0
2012-08-25 04:00:00,11781.0
2012-08-25 05:00:00,12030.0
2012-08-25 06:00:00,12471.0
2012-08-25 07:00:00,13456.0
2012-08-25 08:00:00,14771.0
2012-08-25 09:00:00,15948.0
2012-08-25 10:00:00,16839.0
2012-08-25 11:00:00,17388.0
2012-08-25 12:00:00,17748.0
2012-08-25 13:00:00,17947.0
2012-08-25 14:00:00,18045.0
2012-08-25 15:00:00,18027.0
2012-08-25 16:00:00,17942.0
2012-08-25 17:00:00,17681.0
2012-08-25 18:00:00,17136.0
2012-08-25 19:00:00,16896.0
2012-08-25 20:00:00,16855.0
2012-08-25 21:00:00,16012.0
2012-08-25 22:00:00,14787.0
2012-08-25 23:00:00,13494.0
2012-08-26 00:00:00,12438.0
2012-08-26 01:00:00,11705.0
2012-08-26 02:00:00,11243.0
2012-08-26 03:00:00,10953.0
2012-08-26 04:00:00,10861.0
2012-08-26 05:00:00,10974.0
2012-08-26 06:00:00,11108.0
2012-08-26 07:00:00,11918.0
2012-08-26 08:00:00,13178.0
2012-08-26 09:00:00,14353.0
2012-08-26 10:00:00,15261.0
2012-08-26 11:00:00,15967.0
2012-08-26 12:00:00,16513.0
2012-08-26 13:00:00,16831.0
2012-08-26 14:00:00,17115.0
2012-08-26 15:00:00,17392.0
2012-08-26 16:00:00,17675.0
2012-08-26 17:00:00,17815.0
2012-08-26 18:00:00,17476.0
2012-08-26 19:00:00,17268.0
2012-08-26 20:00:00,17318.0
2012-08-26 21:00:00,16267.0
2012-08-26 22:00:00,14778.0
2012-08-26 23:00:00,13408.0
2012-08-27 00:00:00,12339.0
2012-08-27 01:00:00,11695.0
2012-08-27 02:00:00,11310.0
2012-08-27 03:00:00,11138.0
2012-08-27 04:00:00,11342.0
2012-08-27 05:00:00,12178.0
2012-08-27 06:00:00,13450.0
2012-08-27 07:00:00,14991.0
2012-08-27 08:00:00,16257.0
2012-08-27 09:00:00,17336.0
2012-08-27 10:00:00,18264.0
2012-08-27 11:00:00,19029.0
2012-08-27 12:00:00,19596.0
2012-08-27 13:00:00,20199.0
2012-08-27 14:00:00,20488.0
2012-08-27 15:00:00,20535.0
2012-08-27 16:00:00,20486.0
2012-08-27 17:00:00,20225.0
2012-08-27 18:00:00,19719.0
2012-08-27 19:00:00,19739.0
2012-08-27 20:00:00,19690.0
2012-08-27 21:00:00,18564.0
2012-08-27 22:00:00,16947.0
2012-08-27 23:00:00,15425.0
2012-08-28 00:00:00,14353.0
2012-08-28 01:00:00,13681.0
2012-08-28 02:00:00,13270.0
2012-08-28 03:00:00,13110.0
2012-08-28 04:00:00,13341.0
2012-08-28 05:00:00,14343.0
2012-08-28 06:00:00,16037.0
2012-08-28 07:00:00,17469.0
2012-08-28 08:00:00,18302.0
2012-08-28 09:00:00,18827.0
2012-08-28 10:00:00,19347.0
2012-08-28 11:00:00,19954.0
2012-08-28 12:00:00,20462.0
2012-08-28 13:00:00,21042.0
2012-08-28 14:00:00,21406.0
2012-08-28 15:00:00,21527.0
2012-08-28 16:00:00,21577.0
2012-08-28 17:00:00,21276.0
2012-08-28 18:00:00,20452.0
2012-08-28 19:00:00,20086.0
2012-08-28 20:00:00,19805.0
2012-08-28 21:00:00,18350.0
2012-08-28 22:00:00,16418.0
2012-08-28 23:00:00,14619.0
2012-08-29 00:00:00,13254.0
2012-08-29 01:00:00,12393.0
2012-08-29 02:00:00,11809.0
2012-08-29 03:00:00,11494.0
2012-08-29 04:00:00,11529.0
2012-08-29 05:00:00,12314.0
2012-08-29 06:00:00,13617.0
2012-08-29 07:00:00,14878.0
2012-08-29 08:00:00,15680.0
2012-08-29 09:00:00,16262.0
2012-08-29 10:00:00,16737.0
2012-08-29 11:00:00,17033.0
2012-08-29 12:00:00,17221.0
2012-08-29 13:00:00,17479.0
2012-08-29 14:00:00,17628.0
2012-08-29 15:00:00,17721.0
2012-08-29 16:00:00,17826.0
2012-08-29 17:00:00,17744.0
2012-08-29 18:00:00,17254.0
2012-08-29 19:00:00,17096.0
2012-08-29 20:00:00,16988.0
2012-08-29 21:00:00,15762.0
2012-08-29 22:00:00,14112.0
2012-08-29 23:00:00,12581.0
2012-08-30 00:00:00,11539.0
2012-08-30 01:00:00,10916.0
2012-08-30 02:00:00,10545.0
2012-08-30 03:00:00,10402.0
2012-08-30 04:00:00,10576.0
2012-08-30 05:00:00,11440.0
2012-08-30 06:00:00,12849.0
2012-08-30 07:00:00,14177.0
2012-08-30 08:00:00,15138.0
2012-08-30 09:00:00,15925.0
2012-08-30 10:00:00,16614.0
2012-08-30 11:00:00,17057.0
2012-08-30 12:00:00,17339.0
2012-08-30 13:00:00,17718.0
2012-08-30 14:00:00,17932.0
2012-08-30 15:00:00,18061.0
2012-08-30 16:00:00,18166.0
2012-08-30 17:00:00,17976.0
2012-08-30 18:00:00,17459.0
2012-08-30 19:00:00,17478.0
2012-08-30 20:00:00,17450.0
2012-08-30 21:00:00,16299.0
2012-08-30 22:00:00,14738.0
2012-08-30 23:00:00,13292.0
2012-08-31 00:00:00,12215.0
2012-08-31 01:00:00,11527.0
2012-08-31 02:00:00,11131.0
2012-08-31 03:00:00,10953.0
2012-08-31 04:00:00,11129.0
2012-08-31 05:00:00,11944.0
2012-08-31 06:00:00,13235.0
2012-08-31 07:00:00,14622.0
2012-08-31 08:00:00,15794.0
2012-08-31 09:00:00,16786.0
2012-08-31 10:00:00,17658.0
2012-08-31 11:00:00,18362.0
2012-08-31 12:00:00,18890.0
2012-08-31 13:00:00,19491.0
2012-08-31 14:00:00,19830.0
2012-08-31 15:00:00,20006.0
2012-08-31 16:00:00,20044.0
2012-08-31 17:00:00,19850.0
2012-08-31 18:00:00,19214.0
2012-08-31 19:00:00,19004.0
2012-08-31 20:00:00,18840.0
2012-08-31 21:00:00,17824.0
2012-08-31 22:00:00,16449.0
2012-08-31 23:00:00,14965.0
2012-09-01 00:00:00,13757.0
2012-09-01 01:00:00,12935.0
2012-09-01 02:00:00,12436.0
2012-09-01 03:00:00,12104.0
2012-09-01 04:00:00,11950.0
2012-09-01 05:00:00,12143.0
2012-09-01 06:00:00,12471.0
2012-09-01 07:00:00,13424.0
2012-09-01 08:00:00,14837.0
2012-09-01 09:00:00,16048.0
2012-09-01 10:00:00,16903.0
2012-09-01 11:00:00,17445.0
2012-09-01 12:00:00,17729.0
2012-09-01 13:00:00,17757.0
2012-09-01 14:00:00,17705.0
2012-09-01 15:00:00,17553.0
2012-09-01 16:00:00,17446.0
2012-09-01 17:00:00,17150.0
2012-09-01 18:00:00,16582.0
2012-09-01 19:00:00,16464.0
2012-09-01 20:00:00,16308.0
2012-09-01 21:00:00,15458.0
2012-09-01 22:00:00,14297.0
2012-09-01 23:00:00,13067.0
2012-09-02 00:00:00,12031.0
2012-09-02 01:00:00,11383.0
2012-09-02 02:00:00,10964.0
2012-09-02 03:00:00,10730.0
2012-09-02 04:00:00,10637.0
2012-09-02 05:00:00,10747.0
2012-09-02 06:00:00,10894.0
2012-09-02 07:00:00,11596.0
2012-09-02 08:00:00,12741.0
2012-09-02 09:00:00,13711.0
2012-09-02 10:00:00,14375.0
2012-09-02 11:00:00,14835.0
2012-09-02 12:00:00,15193.0
2012-09-02 13:00:00,15358.0
2012-09-02 14:00:00,15432.0
2012-09-02 15:00:00,15466.0
2012-09-02 16:00:00,15501.0
2012-09-02 17:00:00,15513.0
2012-09-02 18:00:00,15297.0
2012-09-02 19:00:00,15372.0
2012-09-02 20:00:00,15305.0
2012-09-02 21:00:00,14565.0
2012-09-02 22:00:00,13512.0
2012-09-02 23:00:00,12387.0
2012-09-03 00:00:00,11452.0
2012-09-03 01:00:00,10856.0
2012-09-03 02:00:00,10477.0
2012-09-03 03:00:00,10291.0
2012-09-03 04:00:00,10316.0
2012-09-03 05:00:00,10772.0
2012-09-03 06:00:00,11128.0
2012-09-03 07:00:00,11828.0
2012-09-03 08:00:00,12902.0
2012-09-03 09:00:00,13971.0
2012-09-03 10:00:00,14785.0
2012-09-03 11:00:00,15282.0
2012-09-03 12:00:00,15559.0
2012-09-03 13:00:00,15721.0
2012-09-03 14:00:00,15835.0
2012-09-03 15:00:00,15939.0
2012-09-03 16:00:00,16145.0
2012-09-03 17:00:00,16290.0
2012-09-03 18:00:00,16150.0
2012-09-03 19:00:00,16481.0
2012-09-03 20:00:00,16412.0
2012-09-03 21:00:00,15280.0
2012-09-03 22:00:00,13799.0
2012-09-03 23:00:00,12428.0
2012-09-04 00:00:00,11421.0
2012-09-04 01:00:00,10935.0
2012-09-04 02:00:00,10702.0
2012-09-04 03:00:00,10663.0
2012-09-04 04:00:00,10934.0
2012-09-04 05:00:00,11995.0
2012-09-04 06:00:00,13891.0
2012-09-04 07:00:00,15265.0
2012-09-04 08:00:00,16033.0
2012-09-04 09:00:00,16655.0
2012-09-04 10:00:00,17156.0
2012-09-04 11:00:00,17421.0
2012-09-04 12:00:00,17521.0
2012-09-04 13:00:00,17660.0
2012-09-04 14:00:00,17627.0
2012-09-04 15:00:00,17670.0
2012-09-04 16:00:00,17830.0
2012-09-04 17:00:00,18024.0
2012-09-04 18:00:00,18099.0
2012-09-04 19:00:00,18430.0
2012-09-04 20:00:00,18156.0
2012-09-04 21:00:00,17046.0
2012-09-04 22:00:00,15538.0
2012-09-04 23:00:00,14176.0
2012-09-05 00:00:00,13213.0
2012-09-05 01:00:00,12692.0
2012-09-05 02:00:00,12446.0
2012-09-05 03:00:00,12380.0
2012-09-05 04:00:00,12699.0
2012-09-05 05:00:00,13810.0
2012-09-05 06:00:00,15905.0
2012-09-05 07:00:00,17363.0
2012-09-05 08:00:00,18185.0
2012-09-05 09:00:00,18920.0
2012-09-05 10:00:00,19232.0
2012-09-05 11:00:00,19322.0
2012-09-05 12:00:00,19296.0
2012-09-05 13:00:00,19427.0
2012-09-05 14:00:00,19561.0
2012-09-05 15:00:00,19638.0
2012-09-05 16:00:00,19807.0
2012-09-05 17:00:00,19785.0
2012-09-05 18:00:00,19427.0
2012-09-05 19:00:00,19506.0
2012-09-05 20:00:00,19132.0
2012-09-05 21:00:00,17704.0
2012-09-05 22:00:00,15886.0
2012-09-05 23:00:00,14229.0
2012-09-06 00:00:00,13009.0
2012-09-06 01:00:00,12257.0
2012-09-06 02:00:00,11831.0
2012-09-06 03:00:00,11652.0
2012-09-06 04:00:00,11828.0
2012-09-06 05:00:00,12766.0
2012-09-06 06:00:00,14470.0
2012-09-06 07:00:00,15763.0
2012-09-06 08:00:00,16524.0
2012-09-06 09:00:00,17171.0
2012-09-06 10:00:00,17758.0
2012-09-06 11:00:00,18107.0
2012-09-06 12:00:00,18276.0
2012-09-06 13:00:00,18664.0
2012-09-06 14:00:00,18975.0
2012-09-06 15:00:00,19120.0
2012-09-06 16:00:00,19122.0
2012-09-06 17:00:00,18878.0
2012-09-06 18:00:00,18530.0
2012-09-06 19:00:00,18893.0
2012-09-06 20:00:00,18621.0
2012-09-06 21:00:00,17351.0
2012-09-06 22:00:00,15640.0
2012-09-06 23:00:00,14094.0
2012-09-07 00:00:00,12973.0
2012-09-07 01:00:00,12305.0
2012-09-07 02:00:00,11904.0
2012-09-07 03:00:00,11721.0
2012-09-07 04:00:00,11931.0
2012-09-07 05:00:00,12898.0
2012-09-07 06:00:00,14647.0
2012-09-07 07:00:00,16001.0
2012-09-07 08:00:00,16944.0
2012-09-07 09:00:00,17848.0
2012-09-07 10:00:00,18715.0
2012-09-07 11:00:00,19518.0
2012-09-07 12:00:00,20096.0
2012-09-07 13:00:00,20607.0
2012-09-07 14:00:00,20976.0
2012-09-07 15:00:00,21149.0
2012-09-07 16:00:00,21129.0
2012-09-07 17:00:00,20673.0
2012-09-07 18:00:00,19974.0
2012-09-07 19:00:00,19979.0
2012-09-07 20:00:00,19540.0
2012-09-07 21:00:00,18361.0
2012-09-07 22:00:00,16788.0
2012-09-07 23:00:00,15218.0
2012-09-08 00:00:00,14002.0
2012-09-08 01:00:00,13214.0
2012-09-08 02:00:00,12725.0
2012-09-08 03:00:00,12452.0
2012-09-08 04:00:00,12422.0
2012-09-08 05:00:00,12769.0
2012-09-08 06:00:00,13351.0
2012-09-08 07:00:00,14322.0
2012-09-08 08:00:00,15669.0
2012-09-08 09:00:00,16827.0
2012-09-08 10:00:00,17682.0
2012-09-08 11:00:00,18156.0
2012-09-08 12:00:00,18402.0
2012-09-08 13:00:00,18437.0
2012-09-08 14:00:00,18393.0
2012-09-08 15:00:00,18346.0
2012-09-08 16:00:00,18340.0
2012-09-08 17:00:00,18323.0
2012-09-08 18:00:00,18334.0
2012-09-08 19:00:00,18440.0
2012-09-08 20:00:00,17893.0
2012-09-08 21:00:00,16807.0
2012-09-08 22:00:00,15304.0
2012-09-08 23:00:00,13754.0
2012-09-09 00:00:00,12586.0
2012-09-09 01:00:00,11811.0
2012-09-09 02:00:00,11253.0
2012-09-09 03:00:00,10940.0
2012-09-09 04:00:00,10798.0
2012-09-09 05:00:00,10888.0
2012-09-09 06:00:00,11156.0
2012-09-09 07:00:00,11695.0
2012-09-09 08:00:00,12645.0
2012-09-09 09:00:00,13473.0
2012-09-09 10:00:00,13988.0
2012-09-09 11:00:00,14329.0
2012-09-09 12:00:00,14581.0
2012-09-09 13:00:00,14613.0
2012-09-09 14:00:00,14685.0
2012-09-09 15:00:00,14833.0
2012-09-09 16:00:00,15106.0
2012-09-09 17:00:00,15338.0
2012-09-09 18:00:00,15258.0
2012-09-09 19:00:00,15644.0
2012-09-09 20:00:00,15374.0
2012-09-09 21:00:00,14269.0
2012-09-09 22:00:00,12916.0
2012-09-09 23:00:00,11692.0
2012-09-10 00:00:00,10831.0
2012-09-10 01:00:00,10312.0
2012-09-10 02:00:00,10044.0
2012-09-10 03:00:00,9970.0
2012-09-10 04:00:00,10234.0
2012-09-10 05:00:00,11206.0
2012-09-10 06:00:00,12845.0
2012-09-10 07:00:00,13978.0
2012-09-10 08:00:00,14646.0
2012-09-10 09:00:00,15173.0
2012-09-10 10:00:00,15601.0
2012-09-10 11:00:00,15805.0
2012-09-10 12:00:00,15805.0
2012-09-10 13:00:00,15800.0
2012-09-10 14:00:00,15649.0
2012-09-10 15:00:00,15488.0
2012-09-10 16:00:00,15484.0
2012-09-10 17:00:00,15466.0
2012-09-10 18:00:00,15321.0
2012-09-10 19:00:00,15704.0
2012-09-10 20:00:00,15292.0
2012-09-10 21:00:00,14106.0
2012-09-10 22:00:00,12603.0
2012-09-10 23:00:00,11273.0
2012-09-11 00:00:00,10415.0
2012-09-11 01:00:00,9921.0
2012-09-11 02:00:00,9654.0
2012-09-11 03:00:00,9586.0
2012-09-11 04:00:00,9839.0
2012-09-11 05:00:00,10820.0
2012-09-11 06:00:00,12456.0
2012-09-11 07:00:00,13553.0
2012-09-11 08:00:00,14099.0
2012-09-11 09:00:00,14544.0
2012-09-11 10:00:00,14929.0
2012-09-11 11:00:00,15171.0
2012-09-11 12:00:00,15289.0
2012-09-11 13:00:00,15479.0
2012-09-11 14:00:00,15497.0
2012-09-11 15:00:00,15508.0
2012-09-11 16:00:00,15579.0
2012-09-11 17:00:00,15585.0
2012-09-11 18:00:00,15419.0
2012-09-11 19:00:00,15866.0
2012-09-11 20:00:00,15474.0
2012-09-11 21:00:00,14262.0
2012-09-11 22:00:00,12724.0
2012-09-11 23:00:00,11390.0
2012-09-12 00:00:00,10481.0
2012-09-12 01:00:00,9983.0
2012-09-12 02:00:00,9719.0
2012-09-12 03:00:00,9650.0
2012-09-12 04:00:00,9880.0
2012-09-12 05:00:00,10832.0
2012-09-12 06:00:00,12529.0
2012-09-12 07:00:00,13651.0
2012-09-12 08:00:00,14224.0
2012-09-12 09:00:00,14740.0
2012-09-12 10:00:00,15293.0
2012-09-12 11:00:00,15674.0
2012-09-12 12:00:00,15889.0
2012-09-12 13:00:00,16156.0
2012-09-12 14:00:00,16240.0
2012-09-12 15:00:00,16293.0
2012-09-12 16:00:00,16357.0
2012-09-12 17:00:00,16295.0
2012-09-12 18:00:00,16049.0
2012-09-12 19:00:00,16507.0
2012-09-12 20:00:00,16093.0
2012-09-12 21:00:00,14873.0
2012-09-12 22:00:00,13336.0
2012-09-12 23:00:00,11915.0
2012-09-13 00:00:00,10978.0
2012-09-13 01:00:00,10441.0
2012-09-13 02:00:00,10157.0
2012-09-13 03:00:00,10060.0
2012-09-13 04:00:00,10281.0
2012-09-13 05:00:00,11243.0
2012-09-13 06:00:00,12944.0
2012-09-13 07:00:00,14126.0
2012-09-13 08:00:00,14889.0
2012-09-13 09:00:00,15550.0
2012-09-13 10:00:00,16197.0
2012-09-13 11:00:00,16673.0
2012-09-13 12:00:00,16981.0
2012-09-13 13:00:00,17347.0
2012-09-13 14:00:00,17503.0
2012-09-13 15:00:00,17618.0
2012-09-13 16:00:00,17687.0
2012-09-13 17:00:00,17501.0
2012-09-13 18:00:00,17132.0
2012-09-13 19:00:00,17510.0
2012-09-13 20:00:00,17058.0
2012-09-13 21:00:00,15779.0
2012-09-13 22:00:00,14146.0
2012-09-13 23:00:00,12642.0
2012-09-14 00:00:00,11579.0
2012-09-14 01:00:00,10971.0
2012-09-14 02:00:00,10604.0
2012-09-14 03:00:00,10473.0
2012-09-14 04:00:00,10649.0
2012-09-14 05:00:00,11574.0
2012-09-14 06:00:00,13244.0
2012-09-14 07:00:00,14421.0
2012-09-14 08:00:00,15232.0
2012-09-14 09:00:00,15976.0
2012-09-14 10:00:00,16645.0
2012-09-14 11:00:00,17147.0
2012-09-14 12:00:00,17477.0
2012-09-14 13:00:00,17834.0
2012-09-14 14:00:00,17965.0
2012-09-14 15:00:00,17953.0
2012-09-14 16:00:00,17813.0
2012-09-14 17:00:00,17324.0
2012-09-14 18:00:00,16785.0
2012-09-14 19:00:00,16996.0
2012-09-14 20:00:00,16482.0
2012-09-14 21:00:00,15513.0
2012-09-14 22:00:00,14175.0
2012-09-14 23:00:00,12827.0
2012-09-15 00:00:00,11794.0
2012-09-15 01:00:00,11167.0
2012-09-15 02:00:00,10784.0
2012-09-15 03:00:00,10582.0
2012-09-15 04:00:00,10571.0
2012-09-15 05:00:00,10901.0
2012-09-15 06:00:00,11426.0
2012-09-15 07:00:00,12218.0
2012-09-15 08:00:00,13260.0
2012-09-15 09:00:00,13966.0
2012-09-15 10:00:00,14307.0
2012-09-15 11:00:00,14404.0
2012-09-15 12:00:00,14402.0
2012-09-15 13:00:00,14292.0
2012-09-15 14:00:00,14184.0
2012-09-15 15:00:00,14128.0
2012-09-15 16:00:00,14162.0
2012-09-15 17:00:00,14168.0
2012-09-15 18:00:00,14079.0
2012-09-15 19:00:00,14474.0
2012-09-15 20:00:00,14119.0
2012-09-15 21:00:00,13318.0
2012-09-15 22:00:00,12285.0
2012-09-15 23:00:00,11210.0
2012-09-16 00:00:00,10351.0
2012-09-16 01:00:00,9819.0
2012-09-16 02:00:00,9489.0
2012-09-16 03:00:00,9306.0
2012-09-16 04:00:00,9288.0
2012-09-16 05:00:00,9481.0
2012-09-16 06:00:00,9776.0
2012-09-16 07:00:00,10460.0
2012-09-16 08:00:00,11529.0
2012-09-16 09:00:00,12352.0
2012-09-16 10:00:00,12836.0
2012-09-16 11:00:00,13113.0
2012-09-16 12:00:00,13295.0
2012-09-16 13:00:00,13292.0
2012-09-16 14:00:00,13293.0
2012-09-16 15:00:00,13362.0
2012-09-16 16:00:00,13594.0
2012-09-16 17:00:00,13926.0
2012-09-16 18:00:00,14069.0
2012-09-16 19:00:00,14649.0
2012-09-16 20:00:00,14201.0
2012-09-16 21:00:00,13126.0
2012-09-16 22:00:00,11874.0
2012-09-16 23:00:00,10745.0
2012-09-17 00:00:00,10020.0
2012-09-17 01:00:00,9593.0
2012-09-17 02:00:00,9389.0
2012-09-17 03:00:00,9359.0
2012-09-17 04:00:00,9639.0
2012-09-17 05:00:00,10616.0
2012-09-17 06:00:00,12274.0
2012-09-17 07:00:00,13394.0
2012-09-17 08:00:00,14048.0
2012-09-17 09:00:00,14561.0
2012-09-17 10:00:00,15063.0
2012-09-17 11:00:00,15360.0
2012-09-17 12:00:00,15506.0
2012-09-17 13:00:00,15712.0
2012-09-17 14:00:00,15776.0
2012-09-17 15:00:00,15791.0
2012-09-17 16:00:00,15835.0
2012-09-17 17:00:00,15877.0
2012-09-17 18:00:00,15845.0
2012-09-17 19:00:00,16352.0
2012-09-17 20:00:00,15735.0
2012-09-17 21:00:00,14503.0
2012-09-17 22:00:00,12965.0
2012-09-17 23:00:00,11630.0
2012-09-18 00:00:00,10739.0
2012-09-18 01:00:00,10216.0
2012-09-18 02:00:00,9944.0
2012-09-18 03:00:00,9889.0
2012-09-18 04:00:00,10159.0
2012-09-18 05:00:00,11181.0
2012-09-18 06:00:00,13009.0
2012-09-18 07:00:00,14258.0
2012-09-18 08:00:00,14960.0
2012-09-18 09:00:00,15491.0
2012-09-18 10:00:00,15979.0
2012-09-18 11:00:00,16235.0
2012-09-18 12:00:00,16341.0
2012-09-18 13:00:00,16485.0
2012-09-18 14:00:00,16450.0
2012-09-18 15:00:00,16420.0
2012-09-18 16:00:00,16619.0
2012-09-18 17:00:00,16902.0
2012-09-18 18:00:00,17095.0
2012-09-18 19:00:00,17257.0
2012-09-18 20:00:00,16626.0
2012-09-18 21:00:00,15422.0
2012-09-18 22:00:00,13916.0
2012-09-18 23:00:00,12621.0
2012-09-19 00:00:00,11721.0
2012-09-19 01:00:00,11185.0
2012-09-19 02:00:00,10873.0
2012-09-19 03:00:00,10738.0
2012-09-19 04:00:00,10893.0
2012-09-19 05:00:00,11783.0
2012-09-19 06:00:00,13505.0
2012-09-19 07:00:00,14583.0
2012-09-19 08:00:00,14963.0
2012-09-19 09:00:00,15224.0
2012-09-19 10:00:00,15517.0
2012-09-19 11:00:00,15708.0
2012-09-19 12:00:00,15747.0
2012-09-19 13:00:00,15857.0
2012-09-19 14:00:00,15796.0
2012-09-19 15:00:00,15717.0
2012-09-19 16:00:00,15691.0
2012-09-19 17:00:00,15554.0
2012-09-19 18:00:00,15450.0
2012-09-19 19:00:00,15956.0
2012-09-19 20:00:00,15410.0
2012-09-19 21:00:00,14222.0
2012-09-19 22:00:00,12683.0
2012-09-19 23:00:00,11358.0
2012-09-20 00:00:00,10460.0
2012-09-20 01:00:00,9971.0
2012-09-20 02:00:00,9701.0
2012-09-20 03:00:00,9621.0
2012-09-20 04:00:00,9868.0
2012-09-20 05:00:00,10837.0
2012-09-20 06:00:00,12599.0
2012-09-20 07:00:00,13650.0
2012-09-20 08:00:00,14115.0
2012-09-20 09:00:00,14477.0
2012-09-20 10:00:00,14827.0
2012-09-20 11:00:00,14985.0
2012-09-20 12:00:00,15012.0
2012-09-20 13:00:00,15095.0
2012-09-20 14:00:00,15023.0
2012-09-20 15:00:00,14904.0
2012-09-20 16:00:00,14881.0
2012-09-20 17:00:00,14879.0
2012-09-20 18:00:00,14970.0
2012-09-20 19:00:00,15579.0
2012-09-20 20:00:00,15099.0
2012-09-20 21:00:00,14002.0
2012-09-20 22:00:00,12544.0
2012-09-20 23:00:00,11231.0
2012-09-21 00:00:00,10370.0
2012-09-21 01:00:00,9891.0
2012-09-21 02:00:00,9633.0
2012-09-21 03:00:00,9562.0
2012-09-21 04:00:00,9805.0
2012-09-21 05:00:00,10759.0
2012-09-21 06:00:00,12553.0
2012-09-21 07:00:00,13645.0
2012-09-21 08:00:00,14154.0
2012-09-21 09:00:00,14495.0
2012-09-21 10:00:00,14780.0
2012-09-21 11:00:00,14897.0
2012-09-21 12:00:00,14917.0
2012-09-21 13:00:00,14945.0
2012-09-21 14:00:00,14877.0
2012-09-21 15:00:00,14782.0
2012-09-21 16:00:00,14737.0
2012-09-21 17:00:00,14635.0
2012-09-21 18:00:00,14667.0
2012-09-21 19:00:00,15107.0
2012-09-21 20:00:00,14614.0
2012-09-21 21:00:00,13691.0
2012-09-21 22:00:00,12498.0
2012-09-21 23:00:00,11276.0
2012-09-22 00:00:00,10390.0
2012-09-22 01:00:00,9860.0
2012-09-22 02:00:00,9558.0
2012-09-22 03:00:00,9448.0
2012-09-22 04:00:00,9471.0
2012-09-22 05:00:00,9812.0
2012-09-22 06:00:00,10456.0
2012-09-22 07:00:00,11287.0
2012-09-22 08:00:00,12363.0
2012-09-22 09:00:00,13104.0
2012-09-22 10:00:00,13490.0
2012-09-22 11:00:00,13601.0
2012-09-22 12:00:00,13593.0
2012-09-22 13:00:00,13488.0
2012-09-22 14:00:00,13439.0
2012-09-22 15:00:00,13446.0
2012-09-22 16:00:00,13567.0
2012-09-22 17:00:00,13770.0
2012-09-22 18:00:00,14100.0
2012-09-22 19:00:00,14547.0
2012-09-22 20:00:00,14140.0
2012-09-22 21:00:00,13425.0
2012-09-22 22:00:00,12447.0
2012-09-22 23:00:00,11404.0
2012-09-23 00:00:00,10604.0
2012-09-23 01:00:00,10085.0
2012-09-23 02:00:00,9764.0
2012-09-23 03:00:00,9600.0
2012-09-23 04:00:00,9550.0
2012-09-23 05:00:00,9746.0
2012-09-23 06:00:00,10079.0
2012-09-23 07:00:00,10667.0
2012-09-23 08:00:00,11670.0
2012-09-23 09:00:00,12438.0
2012-09-23 10:00:00,12899.0
2012-09-23 11:00:00,13136.0
2012-09-23 12:00:00,13225.0
2012-09-23 13:00:00,13180.0
2012-09-23 14:00:00,13144.0
2012-09-23 15:00:00,13195.0
2012-09-23 16:00:00,13394.0
2012-09-23 17:00:00,13728.0
2012-09-23 18:00:00,14045.0
2012-09-23 19:00:00,14615.0
2012-09-23 20:00:00,14059.0
2012-09-23 21:00:00,12985.0
2012-09-23 22:00:00,11820.0
2012-09-23 23:00:00,10709.0
2012-09-24 00:00:00,9880.0
2012-09-24 01:00:00,9399.0
2012-09-24 02:00:00,9180.0
2012-09-24 03:00:00,9155.0
2012-09-24 04:00:00,9442.0
2012-09-24 05:00:00,10458.0
2012-09-24 06:00:00,12305.0
2012-09-24 07:00:00,13462.0
2012-09-24 08:00:00,13975.0
2012-09-24 09:00:00,14355.0
2012-09-24 10:00:00,14678.0
2012-09-24 11:00:00,14860.0
2012-09-24 12:00:00,14884.0
2012-09-24 13:00:00,14958.0
2012-09-24 14:00:00,14831.0
2012-09-24 15:00:00,14717.0
2012-09-24 16:00:00,14733.0
2012-09-24 17:00:00,14887.0
2012-09-24 18:00:00,15161.0
2012-09-24 19:00:00,15669.0
2012-09-24 20:00:00,14985.0
2012-09-24 21:00:00,13772.0
2012-09-24 22:00:00,12298.0
2012-09-24 23:00:00,11010.0
2012-09-25 00:00:00,10184.0
2012-09-25 01:00:00,9740.0
2012-09-25 02:00:00,9506.0
2012-09-25 03:00:00,9463.0
2012-09-25 04:00:00,9729.0
2012-09-25 05:00:00,10751.0
2012-09-25 06:00:00,12645.0
2012-09-25 07:00:00,13737.0
2012-09-25 08:00:00,14135.0
2012-09-25 09:00:00,14437.0
2012-09-25 10:00:00,14759.0
2012-09-25 11:00:00,14903.0
2012-09-25 12:00:00,14927.0
2012-09-25 13:00:00,15022.0
2012-09-25 14:00:00,14983.0
2012-09-25 15:00:00,14933.0
2012-09-25 16:00:00,15006.0
2012-09-25 17:00:00,15073.0
2012-09-25 18:00:00,15351.0
2012-09-25 19:00:00,15843.0
2012-09-25 20:00:00,15163.0
2012-09-25 21:00:00,14017.0
2012-09-25 22:00:00,12540.0
2012-09-25 23:00:00,11273.0
2012-09-26 00:00:00,10424.0
2012-09-26 01:00:00,9968.0
2012-09-26 02:00:00,9731.0
2012-09-26 03:00:00,9684.0
2012-09-26 04:00:00,9983.0
2012-09-26 05:00:00,10987.0
2012-09-26 06:00:00,12834.0
2012-09-26 07:00:00,14029.0
2012-09-26 08:00:00,14665.0
2012-09-26 09:00:00,15151.0
2012-09-26 10:00:00,15571.0
2012-09-26 11:00:00,15763.0
2012-09-26 12:00:00,15794.0
2012-09-26 13:00:00,15843.0
2012-09-26 14:00:00,15740.0
2012-09-26 15:00:00,15590.0
2012-09-26 16:00:00,15683.0
2012-09-26 17:00:00,15941.0
2012-09-26 18:00:00,16284.0
2012-09-26 19:00:00,16441.0
2012-09-26 20:00:00,15744.0
2012-09-26 21:00:00,14594.0
2012-09-26 22:00:00,13121.0
2012-09-26 23:00:00,11805.0
2012-09-27 00:00:00,10912.0
2012-09-27 01:00:00,10407.0
2012-09-27 02:00:00,10099.0
2012-09-27 03:00:00,10006.0
2012-09-27 04:00:00,10244.0
2012-09-27 05:00:00,11287.0
2012-09-27 06:00:00,13197.0
2012-09-27 07:00:00,14263.0
2012-09-27 08:00:00,14740.0
2012-09-27 09:00:00,15073.0
2012-09-27 10:00:00,15347.0
2012-09-27 11:00:00,15493.0
2012-09-27 12:00:00,15499.0
2012-09-27 13:00:00,15538.0
2012-09-27 14:00:00,15439.0
2012-09-27 15:00:00,15334.0
2012-09-27 16:00:00,15287.0
2012-09-27 17:00:00,15235.0
2012-09-27 18:00:00,15496.0
2012-09-27 19:00:00,15916.0
2012-09-27 20:00:00,15267.0
2012-09-27 21:00:00,14136.0
2012-09-27 22:00:00,12687.0
2012-09-27 23:00:00,11364.0
2012-09-28 00:00:00,10463.0
2012-09-28 01:00:00,9965.0
2012-09-28 02:00:00,9682.0
2012-09-28 03:00:00,9606.0
2012-09-28 04:00:00,9845.0
2012-09-28 05:00:00,10768.0
2012-09-28 06:00:00,12647.0
2012-09-28 07:00:00,13854.0
2012-09-28 08:00:00,14422.0
2012-09-28 09:00:00,14778.0
2012-09-28 10:00:00,15043.0
2012-09-28 11:00:00,15157.0
2012-09-28 12:00:00,15123.0
2012-09-28 13:00:00,15124.0
2012-09-28 14:00:00,14969.0
2012-09-28 15:00:00,14885.0
2012-09-28 16:00:00,14950.0
2012-09-28 17:00:00,15104.0
2012-09-28 18:00:00,15342.0
2012-09-28 19:00:00,15239.0
2012-09-28 20:00:00,14594.0
2012-09-28 21:00:00,13711.0
2012-09-28 22:00:00,12550.0
2012-09-28 23:00:00,11371.0
2012-09-29 00:00:00,10452.0
2012-09-29 01:00:00,9914.0
2012-09-29 02:00:00,9605.0
2012-09-29 03:00:00,9459.0
2012-09-29 04:00:00,9492.0
2012-09-29 05:00:00,9858.0
2012-09-29 06:00:00,10561.0
2012-09-29 07:00:00,11439.0
2012-09-29 08:00:00,12502.0
2012-09-29 09:00:00,13255.0
2012-09-29 10:00:00,13640.0
2012-09-29 11:00:00,13715.0
2012-09-29 12:00:00,13622.0
2012-09-29 13:00:00,13404.0
2012-09-29 14:00:00,13229.0
2012-09-29 15:00:00,13131.0
2012-09-29 16:00:00,13248.0
2012-09-29 17:00:00,13544.0
2012-09-29 18:00:00,14005.0
2012-09-29 19:00:00,14123.0
2012-09-29 20:00:00,13647.0
2012-09-29 21:00:00,12933.0
2012-09-29 22:00:00,11980.0
2012-09-29 23:00:00,10954.0
2012-09-30 00:00:00,10125.0
2012-09-30 01:00:00,9607.0
2012-09-30 02:00:00,9309.0
2012-09-30 03:00:00,9149.0
2012-09-30 04:00:00,9151.0
2012-09-30 05:00:00,9382.0
2012-09-30 06:00:00,9863.0
2012-09-30 07:00:00,10531.0
2012-09-30 08:00:00,11570.0
2012-09-30 09:00:00,12504.0
2012-09-30 10:00:00,13077.0
2012-09-30 11:00:00,13397.0
2012-09-30 12:00:00,13533.0
2012-09-30 13:00:00,13408.0
2012-09-30 14:00:00,13301.0
2012-09-30 15:00:00,13219.0
2012-09-30 16:00:00,13413.0
2012-09-30 17:00:00,13711.0
2012-09-30 18:00:00,14277.0
2012-09-30 19:00:00,14615.0
2012-09-30 20:00:00,14028.0
2012-09-30 21:00:00,12976.0
2012-09-30 22:00:00,11773.0
2012-09-30 23:00:00,10670.0
2012-10-01 00:00:00,9887.0
2012-10-01 01:00:00,9460.0
2012-10-01 02:00:00,9258.0
2012-10-01 03:00:00,9228.0
2012-10-01 04:00:00,9546.0
2012-10-01 05:00:00,10603.0
2012-10-01 06:00:00,12535.0
2012-10-01 07:00:00,13656.0
2012-10-01 08:00:00,14106.0
2012-10-01 09:00:00,14446.0
2012-10-01 10:00:00,14759.0
2012-10-01 11:00:00,14895.0
2012-10-01 12:00:00,14905.0
2012-10-01 13:00:00,14915.0
2012-10-01 14:00:00,14822.0
2012-10-01 15:00:00,14738.0
2012-10-01 16:00:00,14781.0
2012-10-01 17:00:00,15031.0
2012-10-01 18:00:00,15598.0
2012-10-01 19:00:00,15901.0
2012-10-01 20:00:00,15204.0
2012-10-01 21:00:00,14006.0
2012-10-01 22:00:00,12524.0
2012-10-01 23:00:00,11200.0
2012-10-02 00:00:00,10306.0
2012-10-02 01:00:00,9829.0
2012-10-02 02:00:00,9594.0
2012-10-02 03:00:00,9544.0
2012-10-02 04:00:00,9810.0
2012-10-02 05:00:00,10809.0
2012-10-02 06:00:00,12760.0
2012-10-02 07:00:00,13828.0
2012-10-02 08:00:00,14298.0
2012-10-02 09:00:00,14655.0
2012-10-02 10:00:00,15001.0
2012-10-02 11:00:00,15213.0
2012-10-02 12:00:00,15238.0
2012-10-02 13:00:00,15289.0
2012-10-02 14:00:00,15164.0
2012-10-02 15:00:00,15085.0
2012-10-02 16:00:00,15183.0
2012-10-02 17:00:00,15516.0
2012-10-02 18:00:00,16032.0
2012-10-02 19:00:00,16035.0
2012-10-02 20:00:00,15315.0
2012-10-02 21:00:00,14168.0
2012-10-02 22:00:00,12703.0
2012-10-02 23:00:00,11402.0
2012-10-03 00:00:00,10520.0
2012-10-03 01:00:00,10041.0
2012-10-03 02:00:00,9809.0
2012-10-03 03:00:00,9768.0
2012-10-03 04:00:00,10015.0
2012-10-03 05:00:00,11038.0
2012-10-03 06:00:00,13043.0
2012-10-03 07:00:00,14302.0
2012-10-03 08:00:00,14767.0
2012-10-03 09:00:00,15113.0
2012-10-03 10:00:00,15442.0
2012-10-03 11:00:00,15585.0
2012-10-03 12:00:00,15559.0
2012-10-03 13:00:00,15590.0
2012-10-03 14:00:00,15481.0
2012-10-03 15:00:00,15426.0
2012-10-03 16:00:00,15528.0
2012-10-03 17:00:00,15843.0
2012-10-03 18:00:00,16347.0
2012-10-03 19:00:00,16322.0
2012-10-03 20:00:00,15689.0
2012-10-03 21:00:00,14487.0
2012-10-03 22:00:00,13108.0
2012-10-03 23:00:00,11792.0
2012-10-04 00:00:00,10804.0
2012-10-04 01:00:00,10271.0
2012-10-04 02:00:00,9995.0
2012-10-04 03:00:00,9923.0
2012-10-04 04:00:00,10163.0
2012-10-04 05:00:00,11164.0
2012-10-04 06:00:00,13182.0
2012-10-04 07:00:00,14452.0
2012-10-04 08:00:00,14969.0
2012-10-04 09:00:00,15328.0
2012-10-04 10:00:00,15632.0
2012-10-04 11:00:00,15762.0
2012-10-04 12:00:00,15725.0
2012-10-04 13:00:00,15704.0
2012-10-04 14:00:00,15556.0
2012-10-04 15:00:00,15431.0
2012-10-04 16:00:00,15525.0
2012-10-04 17:00:00,15832.0
2012-10-04 18:00:00,16298.0
2012-10-04 19:00:00,16240.0
2012-10-04 20:00:00,15582.0
2012-10-04 21:00:00,14498.0
2012-10-04 22:00:00,13077.0
2012-10-04 23:00:00,11737.0
2012-10-05 00:00:00,10804.0
2012-10-05 01:00:00,10270.0
2012-10-05 02:00:00,9979.0
2012-10-05 03:00:00,9895.0
2012-10-05 04:00:00,10114.0
2012-10-05 05:00:00,11042.0
2012-10-05 06:00:00,12892.0
2012-10-05 07:00:00,14031.0
2012-10-05 08:00:00,14565.0
2012-10-05 09:00:00,15055.0
2012-10-05 10:00:00,15507.0
2012-10-05 11:00:00,15742.0
2012-10-05 12:00:00,15779.0
2012-10-05 13:00:00,15856.0
2012-10-05 14:00:00,15788.0
2012-10-05 15:00:00,15685.0
2012-10-05 16:00:00,15557.0
2012-10-05 17:00:00,15364.0
2012-10-05 18:00:00,15690.0
2012-10-05 19:00:00,15810.0
2012-10-05 20:00:00,15169.0
2012-10-05 21:00:00,14276.0
2012-10-05 22:00:00,13093.0
2012-10-05 23:00:00,11859.0
2012-10-06 00:00:00,10886.0
2012-10-06 01:00:00,10276.0
2012-10-06 02:00:00,9928.0
2012-10-06 03:00:00,9747.0
2012-10-06 04:00:00,9761.0
2012-10-06 05:00:00,10085.0
2012-10-06 06:00:00,10754.0
2012-10-06 07:00:00,11525.0
2012-10-06 08:00:00,12629.0
2012-10-06 09:00:00,13442.0
2012-10-06 10:00:00,13893.0
2012-10-06 11:00:00,14124.0
2012-10-06 12:00:00,14136.0
2012-10-06 13:00:00,14043.0
2012-10-06 14:00:00,13946.0
2012-10-06 15:00:00,13897.0
2012-10-06 16:00:00,14025.0
2012-10-06 17:00:00,14294.0
2012-10-06 18:00:00,14581.0
2012-10-06 19:00:00,14435.0
2012-10-06 20:00:00,13843.0
2012-10-06 21:00:00,13077.0
2012-10-06 22:00:00,12055.0
2012-10-06 23:00:00,11001.0
2012-10-07 00:00:00,10158.0
2012-10-07 01:00:00,9624.0
2012-10-07 02:00:00,9318.0
2012-10-07 03:00:00,9175.0
2012-10-07 04:00:00,9178.0
2012-10-07 05:00:00,9381.0
2012-10-07 06:00:00,9830.0
2012-10-07 07:00:00,10459.0
2012-10-07 08:00:00,11458.0
2012-10-07 09:00:00,12160.0
2012-10-07 10:00:00,12540.0
2012-10-07 11:00:00,12744.0
2012-10-07 12:00:00,12879.0
2012-10-07 13:00:00,12882.0
2012-10-07 14:00:00,12872.0
2012-10-07 15:00:00,12930.0
2012-10-07 16:00:00,13172.0
2012-10-07 17:00:00,13511.0
2012-10-07 18:00:00,14209.0
2012-10-07 19:00:00,14177.0
2012-10-07 20:00:00,13629.0
2012-10-07 21:00:00,12763.0
2012-10-07 22:00:00,11725.0
2012-10-07 23:00:00,10715.0
2012-10-08 00:00:00,9949.0
2012-10-08 01:00:00,9495.0
2012-10-08 02:00:00,9284.0
2012-10-08 03:00:00,9247.0
2012-10-08 04:00:00,9481.0
2012-10-08 05:00:00,10205.0
2012-10-08 06:00:00,11423.0
2012-10-08 07:00:00,12470.0
2012-10-08 08:00:00,13341.0
2012-10-08 09:00:00,13929.0
2012-10-08 10:00:00,14259.0
2012-10-08 11:00:00,14365.0
2012-10-08 12:00:00,14285.0
2012-10-08 13:00:00,14203.0
2012-10-08 14:00:00,14098.0
2012-10-08 15:00:00,14018.0
2012-10-08 16:00:00,14206.0
2012-10-08 17:00:00,14721.0
2012-10-08 18:00:00,15582.0
2012-10-08 19:00:00,15632.0
2012-10-08 20:00:00,14931.0
2012-10-08 21:00:00,13781.0
2012-10-08 22:00:00,12377.0
2012-10-08 23:00:00,11114.0
2012-10-09 00:00:00,10244.0
2012-10-09 01:00:00,9772.0
2012-10-09 02:00:00,9553.0
2012-10-09 03:00:00,9525.0
2012-10-09 04:00:00,9810.0
2012-10-09 05:00:00,10871.0
2012-10-09 06:00:00,12913.0
2012-10-09 07:00:00,14135.0
2012-10-09 08:00:00,14508.0
2012-10-09 09:00:00,14740.0
2012-10-09 10:00:00,14919.0
2012-10-09 11:00:00,14995.0
2012-10-09 12:00:00,14939.0
2012-10-09 13:00:00,14918.0
2012-10-09 14:00:00,14776.0
2012-10-09 15:00:00,14691.0
2012-10-09 16:00:00,14823.0
2012-10-09 17:00:00,15261.0
2012-10-09 18:00:00,16021.0
2012-10-09 19:00:00,15999.0
2012-10-09 20:00:00,15269.0
2012-10-09 21:00:00,14079.0
2012-10-09 22:00:00,12582.0
2012-10-09 23:00:00,11263.0
2012-10-10 00:00:00,10395.0
2012-10-10 01:00:00,9920.0
2012-10-10 02:00:00,9684.0
2012-10-10 03:00:00,9644.0
2012-10-10 04:00:00,9908.0
2012-10-10 05:00:00,10928.0
2012-10-10 06:00:00,12952.0
2012-10-10 07:00:00,14228.0
2012-10-10 08:00:00,14589.0
2012-10-10 09:00:00,14825.0
2012-10-10 10:00:00,15049.0
2012-10-10 11:00:00,15147.0
2012-10-10 12:00:00,15129.0
2012-10-10 13:00:00,15129.0
2012-10-10 14:00:00,15040.0
2012-10-10 15:00:00,14993.0
2012-10-10 16:00:00,15158.0
2012-10-10 17:00:00,15512.0
2012-10-10 18:00:00,16091.0
2012-10-10 19:00:00,16046.0
2012-10-10 20:00:00,15329.0
2012-10-10 21:00:00,14163.0
2012-10-10 22:00:00,12681.0
2012-10-10 23:00:00,11345.0
2012-10-11 00:00:00,10435.0
2012-10-11 01:00:00,9953.0
2012-10-11 02:00:00,9702.0
2012-10-11 03:00:00,9676.0
2012-10-11 04:00:00,9961.0
2012-10-11 05:00:00,11007.0
2012-10-11 06:00:00,13034.0
2012-10-11 07:00:00,14107.0
2012-10-11 08:00:00,14398.0
2012-10-11 09:00:00,14535.0
2012-10-11 10:00:00,14619.0
2012-10-11 11:00:00,14625.0
2012-10-11 12:00:00,14525.0
2012-10-11 13:00:00,14490.0
2012-10-11 14:00:00,14308.0
2012-10-11 15:00:00,14198.0
2012-10-11 16:00:00,14247.0
2012-10-11 17:00:00,14571.0
2012-10-11 18:00:00,15500.0
2012-10-11 19:00:00,15766.0
2012-10-11 20:00:00,15183.0
2012-10-11 21:00:00,14098.0
2012-10-11 22:00:00,12769.0
2012-10-11 23:00:00,11488.0
2012-10-12 00:00:00,10546.0
2012-10-12 01:00:00,10062.0
2012-10-12 02:00:00,9808.0
2012-10-12 03:00:00,9757.0
2012-10-12 04:00:00,10015.0
2012-10-12 05:00:00,11048.0
2012-10-12 06:00:00,13037.0
2012-10-12 07:00:00,14146.0
2012-10-12 08:00:00,14484.0
2012-10-12 09:00:00,14771.0
2012-10-12 10:00:00,15018.0
2012-10-12 11:00:00,15069.0
2012-10-12 12:00:00,14933.0
2012-10-12 13:00:00,14795.0
2012-10-12 14:00:00,14502.0
2012-10-12 15:00:00,14285.0
2012-10-12 16:00:00,14307.0
2012-10-12 17:00:00,14614.0
2012-10-12 18:00:00,15427.0
2012-10-12 19:00:00,15503.0
2012-10-12 20:00:00,14985.0
2012-10-12 21:00:00,14185.0
2012-10-12 22:00:00,13038.0
2012-10-12 23:00:00,11860.0
2012-10-13 00:00:00,10976.0
2012-10-13 01:00:00,10490.0
2012-10-13 02:00:00,10243.0
2012-10-13 03:00:00,10149.0
2012-10-13 04:00:00,10275.0
2012-10-13 05:00:00,10727.0
2012-10-13 06:00:00,11532.0
2012-10-13 07:00:00,12420.0
2012-10-13 08:00:00,13321.0
2012-10-13 09:00:00,13741.0
2012-10-13 10:00:00,13792.0
2012-10-13 11:00:00,13609.0
2012-10-13 12:00:00,13322.0
2012-10-13 13:00:00,13006.0
2012-10-13 14:00:00,12753.0
2012-10-13 15:00:00,12675.0
2012-10-13 16:00:00,12889.0
2012-10-13 17:00:00,13435.0
2012-10-13 18:00:00,14456.0
2012-10-13 19:00:00,14478.0
2012-10-13 20:00:00,14031.0
2012-10-13 21:00:00,13335.0
2012-10-13 22:00:00,12386.0
2012-10-13 23:00:00,11374.0
2012-10-14 00:00:00,10551.0
2012-10-14 01:00:00,9998.0
2012-10-14 02:00:00,9708.0
2012-10-14 03:00:00,9559.0
2012-10-14 04:00:00,9557.0
2012-10-14 05:00:00,9799.0
2012-10-14 06:00:00,10336.0
2012-10-14 07:00:00,11067.0
2012-10-14 08:00:00,12095.0
2012-10-14 09:00:00,12948.0
2012-10-14 10:00:00,13431.0
2012-10-14 11:00:00,13699.0
2012-10-14 12:00:00,13754.0
2012-10-14 13:00:00,13605.0
2012-10-14 14:00:00,13377.0
2012-10-14 15:00:00,13277.0
2012-10-14 16:00:00,13453.0
2012-10-14 17:00:00,13903.0
2012-10-14 18:00:00,14795.0
2012-10-14 19:00:00,14849.0
2012-10-14 20:00:00,14280.0
2012-10-14 21:00:00,13178.0
2012-10-14 22:00:00,11964.0
2012-10-14 23:00:00,10873.0
2012-10-15 00:00:00,10110.0
2012-10-15 01:00:00,9726.0
2012-10-15 02:00:00,9544.0
2012-10-15 03:00:00,9543.0
2012-10-15 04:00:00,9849.0
2012-10-15 05:00:00,10918.0
2012-10-15 06:00:00,12946.0
2012-10-15 07:00:00,14126.0
2012-10-15 08:00:00,14597.0
2012-10-15 09:00:00,14968.0
2012-10-15 10:00:00,15282.0
2012-10-15 11:00:00,15411.0
2012-10-15 12:00:00,15389.0
2012-10-15 13:00:00,15401.0
2012-10-15 14:00:00,15261.0
2012-10-15 15:00:00,15153.0
2012-10-15 16:00:00,15243.0
2012-10-15 17:00:00,15703.0
2012-10-15 18:00:00,16465.0
2012-10-15 19:00:00,16237.0
2012-10-15 20:00:00,15457.0
2012-10-15 21:00:00,14254.0
2012-10-15 22:00:00,12782.0
2012-10-15 23:00:00,11486.0
2012-10-16 00:00:00,10591.0
2012-10-16 01:00:00,10073.0
2012-10-16 02:00:00,9789.0
2012-10-16 03:00:00,9682.0
2012-10-16 04:00:00,9876.0
2012-10-16 05:00:00,10833.0
2012-10-16 06:00:00,12805.0
2012-10-16 07:00:00,14015.0
2012-10-16 08:00:00,14260.0
2012-10-16 09:00:00,14433.0
2012-10-16 10:00:00,14631.0
2012-10-16 11:00:00,14669.0
2012-10-16 12:00:00,14582.0
2012-10-16 13:00:00,14532.0
2012-10-16 14:00:00,14360.0
2012-10-16 15:00:00,14231.0
2012-10-16 16:00:00,14363.0
2012-10-16 17:00:00,14804.0
2012-10-16 18:00:00,15799.0
2012-10-16 19:00:00,15832.0
2012-10-16 20:00:00,15205.0
2012-10-16 21:00:00,14081.0
2012-10-16 22:00:00,12778.0
2012-10-16 23:00:00,11533.0
2012-10-17 00:00:00,10567.0
2012-10-17 01:00:00,10107.0
2012-10-17 02:00:00,9911.0
2012-10-17 03:00:00,9894.0
2012-10-17 04:00:00,10222.0
2012-10-17 05:00:00,11298.0
2012-10-17 06:00:00,13414.0
2012-10-17 07:00:00,14494.0
2012-10-17 08:00:00,14686.0
2012-10-17 09:00:00,14702.0
2012-10-17 10:00:00,14729.0
2012-10-17 11:00:00,14672.0
2012-10-17 12:00:00,14570.0
2012-10-17 13:00:00,14526.0
2012-10-17 14:00:00,14380.0
2012-10-17 15:00:00,14273.0
2012-10-17 16:00:00,14332.0
2012-10-17 17:00:00,14769.0
2012-10-17 18:00:00,15817.0
2012-10-17 19:00:00,15796.0
2012-10-17 20:00:00,15179.0
2012-10-17 21:00:00,14047.0
2012-10-17 22:00:00,12587.0
2012-10-17 23:00:00,11316.0
2012-10-18 00:00:00,10459.0
2012-10-18 01:00:00,10021.0
2012-10-18 02:00:00,9814.0
2012-10-18 03:00:00,9772.0
2012-10-18 04:00:00,10077.0
2012-10-18 05:00:00,11159.0
2012-10-18 06:00:00,13257.0
2012-10-18 07:00:00,14376.0
2012-10-18 08:00:00,14576.0
2012-10-18 09:00:00,14666.0
2012-10-18 10:00:00,14791.0
2012-10-18 11:00:00,14799.0
2012-10-18 12:00:00,14692.0
2012-10-18 13:00:00,14676.0
2012-10-18 14:00:00,14546.0
2012-10-18 15:00:00,14416.0
2012-10-18 16:00:00,14467.0
2012-10-18 17:00:00,14817.0
2012-10-18 18:00:00,15760.0
2012-10-18 19:00:00,15742.0
2012-10-18 20:00:00,15112.0
2012-10-18 21:00:00,14025.0
2012-10-18 22:00:00,12608.0
2012-10-18 23:00:00,11317.0
2012-10-19 00:00:00,10412.0
2012-10-19 01:00:00,9936.0
2012-10-19 02:00:00,9698.0
2012-10-19 03:00:00,9644.0
2012-10-19 04:00:00,9902.0
2012-10-19 05:00:00,10877.0
2012-10-19 06:00:00,12863.0
2012-10-19 07:00:00,14193.0
2012-10-19 08:00:00,14662.0
2012-10-19 09:00:00,15012.0
2012-10-19 10:00:00,15278.0
2012-10-19 11:00:00,15368.0
2012-10-19 12:00:00,15277.0
2012-10-19 13:00:00,15258.0
2012-10-19 14:00:00,15122.0
2012-10-19 15:00:00,15050.0
2012-10-19 16:00:00,15173.0
2012-10-19 17:00:00,15549.0
2012-10-19 18:00:00,15902.0
2012-10-19 19:00:00,15506.0
2012-10-19 20:00:00,14893.0
2012-10-19 21:00:00,14037.0
2012-10-19 22:00:00,12865.0
2012-10-19 23:00:00,11648.0
2012-10-20 00:00:00,10713.0
2012-10-20 01:00:00,10174.0
2012-10-20 02:00:00,9858.0
2012-10-20 03:00:00,9713.0
2012-10-20 04:00:00,9752.0
2012-10-20 05:00:00,10090.0
2012-10-20 06:00:00,10839.0
2012-10-20 07:00:00,11732.0
2012-10-20 08:00:00,12755.0
2012-10-20 09:00:00,13531.0
2012-10-20 10:00:00,13929.0
2012-10-20 11:00:00,14022.0
2012-10-20 12:00:00,13919.0
2012-10-20 13:00:00,13688.0
2012-10-20 14:00:00,13416.0
2012-10-20 15:00:00,13240.0
2012-10-20 16:00:00,13285.0
2012-10-20 17:00:00,13576.0
2012-10-20 18:00:00,14390.0
2012-10-20 19:00:00,14208.0
2012-10-20 20:00:00,13688.0
2012-10-20 21:00:00,12947.0
2012-10-20 22:00:00,11981.0
2012-10-20 23:00:00,10959.0
2012-10-21 00:00:00,10115.0
2012-10-21 01:00:00,9582.0
2012-10-21 02:00:00,9286.0
2012-10-21 03:00:00,9139.0
2012-10-21 04:00:00,9150.0
2012-10-21 05:00:00,9370.0
2012-10-21 06:00:00,9891.0
2012-10-21 07:00:00,10503.0
2012-10-21 08:00:00,11452.0
2012-10-21 09:00:00,12199.0
2012-10-21 10:00:00,12553.0
2012-10-21 11:00:00,12760.0
2012-10-21 12:00:00,12823.0
2012-10-21 13:00:00,12749.0
2012-10-21 14:00:00,12685.0
2012-10-21 15:00:00,12722.0
2012-10-21 16:00:00,13031.0
2012-10-21 17:00:00,13642.0
2012-10-21 18:00:00,14680.0
2012-10-21 19:00:00,14434.0
2012-10-21 20:00:00,13949.0
2012-10-21 21:00:00,12901.0
2012-10-21 22:00:00,11686.0
2012-10-21 23:00:00,10593.0
2012-10-22 00:00:00,9827.0
2012-10-22 01:00:00,9431.0
2012-10-22 02:00:00,9276.0
2012-10-22 03:00:00,9282.0
2012-10-22 04:00:00,9596.0
2012-10-22 05:00:00,10662.0
2012-10-22 06:00:00,12742.0
2012-10-22 07:00:00,13880.0
2012-10-22 08:00:00,14176.0
2012-10-22 09:00:00,14445.0
2012-10-22 10:00:00,14677.0
2012-10-22 11:00:00,14762.0
2012-10-22 12:00:00,14701.0
2012-10-22 13:00:00,14675.0
2012-10-22 14:00:00,14529.0
2012-10-22 15:00:00,14417.0
2012-10-22 16:00:00,14508.0
2012-10-22 17:00:00,14966.0
2012-10-22 18:00:00,15968.0
2012-10-22 19:00:00,15792.0
2012-10-22 20:00:00,15021.0
2012-10-22 21:00:00,13850.0
2012-10-22 22:00:00,12474.0
2012-10-22 23:00:00,11207.0
2012-10-23 00:00:00,10293.0
2012-10-23 01:00:00,9799.0
2012-10-23 02:00:00,9535.0
2012-10-23 03:00:00,9522.0
2012-10-23 04:00:00,9783.0
2012-10-23 05:00:00,10861.0
2012-10-23 06:00:00,12941.0
2012-10-23 07:00:00,14048.0
2012-10-23 08:00:00,14268.0
2012-10-23 09:00:00,14409.0
2012-10-23 10:00:00,14567.0
2012-10-23 11:00:00,14650.0
2012-10-23 12:00:00,14606.0
2012-10-23 13:00:00,14624.0
2012-10-23 14:00:00,14475.0
2012-10-23 15:00:00,14399.0
2012-10-23 16:00:00,14526.0
2012-10-23 17:00:00,15115.0
2012-10-23 18:00:00,16057.0
2012-10-23 19:00:00,15783.0
2012-10-23 20:00:00,15050.0
2012-10-23 21:00:00,13924.0
2012-10-23 22:00:00,12460.0
2012-10-23 23:00:00,11184.0
2012-10-24 00:00:00,10340.0
2012-10-24 01:00:00,9890.0
2012-10-24 02:00:00,9654.0
2012-10-24 03:00:00,9605.0
2012-10-24 04:00:00,9883.0
2012-10-24 05:00:00,10921.0
2012-10-24 06:00:00,13015.0
2012-10-24 07:00:00,14227.0
2012-10-24 08:00:00,14476.0
2012-10-24 09:00:00,14621.0
2012-10-24 10:00:00,14756.0
2012-10-24 11:00:00,14778.0
2012-10-24 12:00:00,14712.0
2012-10-24 13:00:00,14675.0
2012-10-24 14:00:00,14521.0
2012-10-24 15:00:00,14420.0
2012-10-24 16:00:00,14582.0
2012-10-24 17:00:00,15204.0
2012-10-24 18:00:00,16037.0
2012-10-24 19:00:00,15790.0
2012-10-24 20:00:00,15109.0
2012-10-24 21:00:00,14011.0
2012-10-24 22:00:00,12526.0
2012-10-24 23:00:00,11258.0
2012-10-25 00:00:00,10397.0
2012-10-25 01:00:00,9948.0
2012-10-25 02:00:00,9735.0
2012-10-25 03:00:00,9707.0
2012-10-25 04:00:00,9987.0
2012-10-25 05:00:00,11047.0
2012-10-25 06:00:00,13132.0
2012-10-25 07:00:00,14238.0
2012-10-25 08:00:00,14399.0
2012-10-25 09:00:00,14564.0
2012-10-25 10:00:00,14694.0
2012-10-25 11:00:00,14710.0
2012-10-25 12:00:00,14623.0
2012-10-25 13:00:00,14579.0
2012-10-25 14:00:00,14420.0
2012-10-25 15:00:00,14292.0
2012-10-25 16:00:00,14383.0
2012-10-25 17:00:00,14908.0
2012-10-25 18:00:00,15868.0
2012-10-25 19:00:00,15703.0
2012-10-25 20:00:00,15079.0
2012-10-25 21:00:00,14023.0
2012-10-25 22:00:00,12600.0
2012-10-25 23:00:00,11312.0
2012-10-26 00:00:00,10437.0
2012-10-26 01:00:00,9953.0
2012-10-26 02:00:00,9717.0
2012-10-26 03:00:00,9673.0
2012-10-26 04:00:00,9938.0
2012-10-26 05:00:00,10931.0
2012-10-26 06:00:00,12934.0
2012-10-26 07:00:00,14089.0
2012-10-26 08:00:00,14363.0
2012-10-26 09:00:00,14594.0
2012-10-26 10:00:00,14766.0
2012-10-26 11:00:00,14783.0
2012-10-26 12:00:00,14666.0
2012-10-26 13:00:00,14590.0
2012-10-26 14:00:00,14422.0
2012-10-26 15:00:00,14277.0
2012-10-26 16:00:00,14260.0
2012-10-26 17:00:00,14609.0
2012-10-26 18:00:00,15320.0
2012-10-26 19:00:00,14985.0
2012-10-26 20:00:00,14385.0
2012-10-26 21:00:00,13548.0
2012-10-26 22:00:00,12396.0
2012-10-26 23:00:00,11213.0
2012-10-27 00:00:00,10327.0
2012-10-27 01:00:00,9808.0
2012-10-27 02:00:00,9518.0
2012-10-27 03:00:00,9379.0
2012-10-27 04:00:00,9440.0
2012-10-27 05:00:00,9818.0
2012-10-27 06:00:00,10627.0
2012-10-27 07:00:00,11496.0
2012-10-27 08:00:00,12465.0
2012-10-27 09:00:00,13130.0
2012-10-27 10:00:00,13426.0
2012-10-27 11:00:00,13435.0
2012-10-27 12:00:00,13335.0
2012-10-27 13:00:00,13146.0
2012-10-27 14:00:00,12945.0
2012-10-27 15:00:00,12852.0
2012-10-27 16:00:00,12988.0
2012-10-27 17:00:00,13623.0
2012-10-27 18:00:00,14479.0
2012-10-27 19:00:00,14166.0
2012-10-27 20:00:00,13642.0
2012-10-27 21:00:00,12924.0
2012-10-27 22:00:00,11986.0
2012-10-27 23:00:00,10985.0
2012-10-28 00:00:00,10184.0
2012-10-28 01:00:00,9653.0
2012-10-28 02:00:00,9345.0
2012-10-28 03:00:00,9193.0
2012-10-28 04:00:00,9198.0
2012-10-28 05:00:00,9429.0
2012-10-28 06:00:00,9971.0
2012-10-28 07:00:00,10742.0
2012-10-28 08:00:00,11770.0
2012-10-28 09:00:00,12668.0
2012-10-28 10:00:00,13184.0
2012-10-28 11:00:00,13491.0
2012-10-28 12:00:00,13682.0
2012-10-28 13:00:00,13651.0
2012-10-28 14:00:00,13604.0
2012-10-28 15:00:00,13634.0
2012-10-28 16:00:00,13998.0
2012-10-28 17:00:00,14801.0
2012-10-28 18:00:00,15472.0
2012-10-28 19:00:00,15132.0
2012-10-28 20:00:00,14440.0
2012-10-28 21:00:00,13457.0
2012-10-28 22:00:00,12329.0
2012-10-28 23:00:00,11230.0
2012-10-29 00:00:00,10335.0
2012-10-29 01:00:00,9814.0
2012-10-29 02:00:00,9532.0
2012-10-29 03:00:00,9478.0
2012-10-29 04:00:00,9703.0
2012-10-29 05:00:00,10554.0
2012-10-29 06:00:00,12022.0
2012-10-29 07:00:00,13224.0
2012-10-29 08:00:00,14095.0
2012-10-29 09:00:00,14818.0
2012-10-29 10:00:00,15236.0
2012-10-29 11:00:00,15343.0
2012-10-29 12:00:00,15145.0
2012-10-29 13:00:00,14808.0
2012-10-29 14:00:00,14147.0
2012-10-29 15:00:00,13469.0
2012-10-29 16:00:00,13144.0
2012-10-29 17:00:00,13162.0
2012-10-29 18:00:00,12790.0
2012-10-29 19:00:00,11894.0
2012-10-29 20:00:00,11101.0
2012-10-29 21:00:00,10356.0
2012-10-29 22:00:00,9525.0
2012-10-29 23:00:00,8770.0
2012-10-30 00:00:00,8255.0
2012-10-30 01:00:00,7973.0
2012-10-30 02:00:00,7817.0
2012-10-30 03:00:00,7794.0
2012-10-30 04:00:00,8014.0
2012-10-30 05:00:00,8698.0
2012-10-30 06:00:00,9975.0
2012-10-30 07:00:00,11074.0
2012-10-30 08:00:00,11778.0
2012-10-30 09:00:00,12325.0
2012-10-30 10:00:00,12761.0
2012-10-30 11:00:00,12980.0
2012-10-30 12:00:00,13098.0
2012-10-30 13:00:00,13130.0
2012-10-30 14:00:00,13027.0
2012-10-30 15:00:00,13035.0
2012-10-30 16:00:00,13308.0
2012-10-30 17:00:00,14034.0
2012-10-30 18:00:00,14490.0
2012-10-30 19:00:00,14132.0
2012-10-30 20:00:00,13483.0
2012-10-30 21:00:00,12501.0
2012-10-30 22:00:00,11345.0
2012-10-30 23:00:00,10301.0
2012-10-31 00:00:00,9587.0
2012-10-31 01:00:00,9184.0
2012-10-31 02:00:00,8977.0
2012-10-31 03:00:00,8939.0
2012-10-31 04:00:00,9175.0
2012-10-31 05:00:00,10081.0
2012-10-31 06:00:00,11861.0
2012-10-31 07:00:00,13038.0
2012-10-31 08:00:00,13329.0
2012-10-31 09:00:00,13616.0
2012-10-31 10:00:00,13863.0
2012-10-31 11:00:00,13919.0
2012-10-31 12:00:00,13875.0
2012-10-31 13:00:00,13856.0
2012-10-31 14:00:00,13741.0
2012-10-31 15:00:00,13682.0
2012-10-31 16:00:00,13833.0
2012-10-31 17:00:00,14238.0
2012-10-31 18:00:00,14526.0
2012-10-31 19:00:00,14208.0
2012-10-31 20:00:00,13870.0
2012-10-31 21:00:00,13067.0
2012-10-31 22:00:00,11875.0
2012-10-31 23:00:00,10743.0
2012-11-01 00:00:00,9984.0
2012-11-01 01:00:00,9579.0
2012-11-01 02:00:00,9366.0
2012-11-01 03:00:00,9326.0
2012-11-01 04:00:00,9595.0
2012-11-01 05:00:00,10576.0
2012-11-01 06:00:00,12461.0
2012-11-01 07:00:00,13626.0
2012-11-01 08:00:00,13864.0
2012-11-01 09:00:00,13994.0
2012-11-01 10:00:00,14120.0
2012-11-01 11:00:00,14123.0
2012-11-01 12:00:00,14049.0
2012-11-01 13:00:00,13990.0
2012-11-01 14:00:00,13841.0
2012-11-01 15:00:00,13801.0
2012-11-01 16:00:00,14054.0
2012-11-01 17:00:00,14851.0
2012-11-01 18:00:00,15534.0
2012-11-01 19:00:00,15275.0
2012-11-01 20:00:00,14682.0
2012-11-01 21:00:00,13691.0
2012-11-01 22:00:00,12353.0
2012-11-01 23:00:00,11142.0
2012-11-02 00:00:00,10299.0
2012-11-02 01:00:00,9843.0
2012-11-02 02:00:00,9592.0
2012-11-02 03:00:00,9543.0
2012-11-02 04:00:00,9802.0
2012-11-02 05:00:00,10783.0
2012-11-02 06:00:00,12699.0
2012-11-02 07:00:00,13941.0
2012-11-02 08:00:00,14185.0
2012-11-02 09:00:00,14329.0
2012-11-02 10:00:00,14443.0
2012-11-02 11:00:00,14395.0
2012-11-02 12:00:00,14261.0
2012-11-02 13:00:00,14216.0
2012-11-02 14:00:00,14079.0
2012-11-02 15:00:00,14020.0
2012-11-02 16:00:00,14237.0
2012-11-02 17:00:00,14887.0
2012-11-02 18:00:00,15396.0
2012-11-02 19:00:00,15045.0
2012-11-02 20:00:00,14477.0
2012-11-02 21:00:00,13675.0
2012-11-02 22:00:00,12576.0
2012-11-02 23:00:00,11456.0
2012-11-03 00:00:00,10606.0
2012-11-03 01:00:00,10084.0
2012-11-03 02:00:00,9816.0
2012-11-03 03:00:00,9701.0
2012-11-03 04:00:00,9779.0
2012-11-03 05:00:00,10172.0
2012-11-03 06:00:00,10974.0
2012-11-03 07:00:00,11820.0
2012-11-03 08:00:00,12669.0
2012-11-03 09:00:00,13270.0
2012-11-03 10:00:00,13453.0
2012-11-03 11:00:00,13390.0
2012-11-03 12:00:00,13218.0
2012-11-03 13:00:00,12987.0
2012-11-03 14:00:00,12802.0
2012-11-03 15:00:00,12731.0
2012-11-03 16:00:00,13039.0
2012-11-03 17:00:00,13891.0
2012-11-03 18:00:00,14630.0
2012-11-03 19:00:00,14323.0
2012-11-03 20:00:00,13905.0
2012-11-03 21:00:00,13273.0
2012-11-03 22:00:00,12404.0
2012-11-03 23:00:00,11458.0
2012-11-04 00:00:00,10646.0
2012-11-04 01:00:00,19944.0
2012-11-04 02:00:00,9692.0
2012-11-04 03:00:00,9645.0
2012-11-04 04:00:00,9811.0
2012-11-04 05:00:00,10199.0
2012-11-04 06:00:00,10800.0
2012-11-04 07:00:00,11691.0
2012-11-04 08:00:00,12531.0
2012-11-04 09:00:00,12964.0
2012-11-04 10:00:00,13025.0
2012-11-04 11:00:00,13005.0
2012-11-04 12:00:00,12928.0
2012-11-04 13:00:00,12800.0
2012-11-04 14:00:00,12766.0
2012-11-04 15:00:00,13041.0
2012-11-04 16:00:00,14130.0
2012-11-04 17:00:00,15442.0
2012-11-04 18:00:00,15334.0
2012-11-04 19:00:00,14849.0
2012-11-04 20:00:00,14136.0
2012-11-04 21:00:00,13095.0
2012-11-04 22:00:00,11951.0
2012-11-04 23:00:00,10990.0
2012-11-05 00:00:00,10383.0
2012-11-05 01:00:00,10069.0
2012-11-05 02:00:00,9949.0
2012-11-05 03:00:00,10014.0
2012-11-05 04:00:00,10451.0
2012-11-05 05:00:00,11698.0
2012-11-05 06:00:00,13718.0
2012-11-05 07:00:00,14807.0
2012-11-05 08:00:00,15101.0
2012-11-05 09:00:00,15201.0
2012-11-05 10:00:00,15258.0
2012-11-05 11:00:00,15211.0
2012-11-05 12:00:00,15070.0
2012-11-05 13:00:00,14988.0
2012-11-05 14:00:00,14849.0
2012-11-05 15:00:00,14964.0
2012-11-05 16:00:00,15933.0
2012-11-05 17:00:00,17248.0
2012-11-05 18:00:00,17174.0
2012-11-05 19:00:00,16696.0
2012-11-05 20:00:00,15986.0
2012-11-05 21:00:00,14850.0
2012-11-05 22:00:00,13477.0
2012-11-05 23:00:00,12256.0
2012-11-06 00:00:00,11506.0
2012-11-06 01:00:00,11140.0
2012-11-06 02:00:00,11014.0
2012-11-06 03:00:00,11066.0
2012-11-06 04:00:00,11473.0
2012-11-06 05:00:00,12688.0
2012-11-06 06:00:00,14461.0
2012-11-06 07:00:00,15303.0
2012-11-06 08:00:00,15445.0
2012-11-06 09:00:00,15434.0
2012-11-06 10:00:00,15404.0
2012-11-06 11:00:00,15283.0
2012-11-06 12:00:00,15109.0
2012-11-06 13:00:00,14992.0
2012-11-06 14:00:00,14853.0
2012-11-06 15:00:00,14906.0
2012-11-06 16:00:00,15851.0
2012-11-06 17:00:00,17238.0
2012-11-06 18:00:00,17272.0
2012-11-06 19:00:00,16948.0
2012-11-06 20:00:00,16261.0
2012-11-06 21:00:00,15187.0
2012-11-06 22:00:00,13868.0
2012-11-06 23:00:00,12702.0
2012-11-07 00:00:00,11905.0
2012-11-07 01:00:00,11403.0
2012-11-07 02:00:00,11136.0
2012-11-07 03:00:00,11099.0
2012-11-07 04:00:00,11427.0
2012-11-07 05:00:00,12609.0
2012-11-07 06:00:00,14613.0
2012-11-07 07:00:00,15641.0
2012-11-07 08:00:00,15962.0
2012-11-07 09:00:00,16151.0
2012-11-07 10:00:00,16337.0
2012-11-07 11:00:00,16435.0
2012-11-07 12:00:00,16432.0
2012-11-07 13:00:00,16490.0
2012-11-07 14:00:00,16509.0
2012-11-07 15:00:00,16734.0
2012-11-07 16:00:00,17671.0
2012-11-07 17:00:00,18451.0
2012-11-07 18:00:00,18165.0
2012-11-07 19:00:00,17638.0
2012-11-07 20:00:00,16752.0
2012-11-07 21:00:00,15503.0
2012-11-07 22:00:00,14012.0
2012-11-07 23:00:00,12772.0
2012-11-08 00:00:00,11997.0
2012-11-08 01:00:00,11589.0
2012-11-08 02:00:00,11381.0
2012-11-08 03:00:00,11372.0
2012-11-08 04:00:00,11732.0
2012-11-08 05:00:00,12834.0
2012-11-08 06:00:00,14452.0
2012-11-08 07:00:00,15530.0
2012-11-08 08:00:00,16039.0
2012-11-08 09:00:00,16227.0
2012-11-08 10:00:00,16372.0
2012-11-08 11:00:00,16385.0
2012-11-08 12:00:00,16261.0
2012-11-08 13:00:00,16248.0
2012-11-08 14:00:00,16140.0
2012-11-08 15:00:00,16259.0
2012-11-08 16:00:00,17114.0
2012-11-08 17:00:00,17843.0
2012-11-08 18:00:00,17603.0
2012-11-08 19:00:00,17139.0
2012-11-08 20:00:00,16405.0
2012-11-08 21:00:00,15199.0
2012-11-08 22:00:00,13737.0
2012-11-08 23:00:00,12436.0
2012-11-09 00:00:00,11634.0
2012-11-09 01:00:00,11198.0
2012-11-09 02:00:00,10970.0
2012-11-09 03:00:00,10953.0
2012-11-09 04:00:00,11299.0
2012-11-09 05:00:00,12415.0
2012-11-09 06:00:00,14218.0
2012-11-09 07:00:00,15118.0
2012-11-09 08:00:00,15272.0
2012-11-09 09:00:00,15265.0
2012-11-09 10:00:00,15233.0
2012-11-09 11:00:00,15101.0
2012-11-09 12:00:00,14830.0
2012-11-09 13:00:00,14691.0
2012-11-09 14:00:00,14533.0
2012-11-09 15:00:00,14531.0
2012-11-09 16:00:00,15326.0
2012-11-09 17:00:00,16390.0
2012-11-09 18:00:00,16171.0
2012-11-09 19:00:00,15641.0
2012-11-09 20:00:00,15045.0
2012-11-09 21:00:00,14207.0
2012-11-09 22:00:00,13096.0
2012-11-09 23:00:00,11990.0
2012-11-10 00:00:00,11145.0
2012-11-10 01:00:00,10689.0
2012-11-10 02:00:00,10430.0
2012-11-10 03:00:00,10328.0
2012-11-10 04:00:00,10469.0
2012-11-10 05:00:00,10929.0
2012-11-10 06:00:00,11629.0
2012-11-10 07:00:00,12457.0
2012-11-10 08:00:00,13296.0
2012-11-10 09:00:00,13678.0
2012-11-10 10:00:00,13701.0
2012-11-10 11:00:00,13540.0
2012-11-10 12:00:00,13289.0
2012-11-10 13:00:00,13029.0
2012-11-10 14:00:00,12875.0
2012-11-10 15:00:00,12983.0
2012-11-10 16:00:00,14006.0
2012-11-10 17:00:00,15136.0
2012-11-10 18:00:00,14948.0
2012-11-10 19:00:00,14511.0
2012-11-10 20:00:00,14002.0
2012-11-10 21:00:00,13320.0
2012-11-10 22:00:00,12421.0
2012-11-10 23:00:00,11480.0
2012-11-11 00:00:00,10730.0
2012-11-11 01:00:00,10248.0
2012-11-11 02:00:00,9987.0
2012-11-11 03:00:00,9864.0
2012-11-11 04:00:00,9911.0
2012-11-11 05:00:00,10179.0
2012-11-11 06:00:00,10673.0
2012-11-11 07:00:00,11380.0
2012-11-11 08:00:00,12297.0
2012-11-11 09:00:00,12829.0
2012-11-11 10:00:00,13017.0
2012-11-11 11:00:00,13073.0
2012-11-11 12:00:00,13045.0
2012-11-11 13:00:00,12886.0
2012-11-11 14:00:00,12736.0
2012-11-11 15:00:00,12797.0
2012-11-11 16:00:00,13846.0
2012-11-11 17:00:00,15075.0
2012-11-11 18:00:00,14893.0
2012-11-11 19:00:00,14390.0
2012-11-11 20:00:00,13767.0
2012-11-11 21:00:00,12868.0
2012-11-11 22:00:00,11842.0
2012-11-11 23:00:00,10871.0
2012-11-12 00:00:00,10162.0
2012-11-12 01:00:00,9780.0
2012-11-12 02:00:00,9607.0
2012-11-12 03:00:00,9605.0
2012-11-12 04:00:00,9912.0
2012-11-12 05:00:00,10821.0
2012-11-12 06:00:00,12193.0
2012-11-12 07:00:00,13281.0
2012-11-12 08:00:00,14000.0
2012-11-12 09:00:00,14394.0
2012-11-12 10:00:00,14628.0
2012-11-12 11:00:00,14681.0
2012-11-12 12:00:00,14617.0
2012-11-12 13:00:00,14547.0
2012-11-12 14:00:00,14436.0
2012-11-12 15:00:00,14456.0
2012-11-12 16:00:00,15476.0
2012-11-12 17:00:00,16570.0
2012-11-12 18:00:00,16310.0
2012-11-12 19:00:00,15731.0
2012-11-12 20:00:00,14931.0
2012-11-12 21:00:00,13763.0
2012-11-12 22:00:00,12382.0
2012-11-12 23:00:00,11206.0
2012-11-13 00:00:00,10384.0
2012-11-13 01:00:00,9922.0
2012-11-13 02:00:00,9684.0
2012-11-13 03:00:00,9652.0
2012-11-13 04:00:00,9948.0
2012-11-13 05:00:00,11010.0
2012-11-13 06:00:00,12960.0
2012-11-13 07:00:00,14098.0
2012-11-13 08:00:00,14445.0
2012-11-13 09:00:00,14667.0
2012-11-13 10:00:00,14898.0
2012-11-13 11:00:00,14987.0
2012-11-13 12:00:00,14957.0
2012-11-13 13:00:00,14977.0
2012-11-13 14:00:00,14911.0
2012-11-13 15:00:00,15056.0
2012-11-13 16:00:00,15945.0
2012-11-13 17:00:00,16898.0
2012-11-13 18:00:00,16756.0
2012-11-13 19:00:00,16292.0
2012-11-13 20:00:00,15600.0
2012-11-13 21:00:00,14527.0
2012-11-13 22:00:00,13109.0
2012-11-13 23:00:00,11892.0
2012-11-14 00:00:00,11116.0
2012-11-14 01:00:00,10694.0
2012-11-14 02:00:00,10516.0
2012-11-14 03:00:00,10539.0
2012-11-14 04:00:00,10918.0
2012-11-14 05:00:00,12112.0
2012-11-14 06:00:00,14138.0
2012-11-14 07:00:00,15099.0
2012-11-14 08:00:00,15221.0
2012-11-14 09:00:00,15175.0
2012-11-14 10:00:00,15144.0
2012-11-14 11:00:00,15029.0
2012-11-14 12:00:00,14849.0
2012-11-14 13:00:00,14766.0
2012-11-14 14:00:00,14658.0
2012-11-14 15:00:00,14805.0
2012-11-14 16:00:00,15882.0
2012-11-14 17:00:00,17157.0
2012-11-14 18:00:00,17088.0
2012-11-14 19:00:00,16712.0
2012-11-14 20:00:00,16105.0
2012-11-14 21:00:00,15033.0
2012-11-14 22:00:00,13658.0
2012-11-14 23:00:00,12402.0
2012-11-15 00:00:00,11573.0
2012-11-15 01:00:00,11161.0
2012-11-15 02:00:00,10981.0
2012-11-15 03:00:00,11010.0
2012-11-15 04:00:00,11367.0
2012-11-15 05:00:00,12530.0
2012-11-15 06:00:00,14548.0
2012-11-15 07:00:00,15521.0
2012-11-15 08:00:00,15692.0
2012-11-15 09:00:00,15698.0
2012-11-15 10:00:00,15662.0
2012-11-15 11:00:00,15526.0
2012-11-15 12:00:00,15325.0
2012-11-15 13:00:00,15234.0
2012-11-15 14:00:00,15113.0
2012-11-15 15:00:00,15298.0
2012-11-15 16:00:00,16425.0
2012-11-15 17:00:00,17384.0
2012-11-15 18:00:00,17288.0
2012-11-15 19:00:00,16902.0
2012-11-15 20:00:00,16261.0
2012-11-15 21:00:00,15162.0
2012-11-15 22:00:00,13768.0
2012-11-15 23:00:00,12499.0
2012-11-16 00:00:00,11667.0
2012-11-16 01:00:00,11251.0
2012-11-16 02:00:00,11028.0
2012-11-16 03:00:00,11035.0
2012-11-16 04:00:00,11380.0
2012-11-16 05:00:00,12480.0
2012-11-16 06:00:00,14432.0
2012-11-16 07:00:00,15413.0
2012-11-16 08:00:00,15595.0
2012-11-16 09:00:00,15545.0
2012-11-16 10:00:00,15474.0
2012-11-16 11:00:00,15294.0
2012-11-16 12:00:00,15097.0
2012-11-16 13:00:00,15012.0
2012-11-16 14:00:00,14887.0
2012-11-16 15:00:00,14953.0
2012-11-16 16:00:00,15946.0
2012-11-16 17:00:00,16797.0
2012-11-16 18:00:00,16578.0
2012-11-16 19:00:00,16104.0
2012-11-16 20:00:00,15553.0
2012-11-16 21:00:00,14738.0
2012-11-16 22:00:00,13654.0
2012-11-16 23:00:00,12520.0
2012-11-17 00:00:00,11668.0
2012-11-17 01:00:00,11169.0
2012-11-17 02:00:00,10925.0
2012-11-17 03:00:00,10856.0
2012-11-17 04:00:00,10980.0
2012-11-17 05:00:00,11476.0
2012-11-17 06:00:00,12257.0
2012-11-17 07:00:00,13092.0
2012-11-17 08:00:00,13864.0
2012-11-17 09:00:00,14203.0
2012-11-17 10:00:00,14185.0
2012-11-17 11:00:00,14018.0
2012-11-17 12:00:00,13718.0
2012-11-17 13:00:00,13448.0
2012-11-17 14:00:00,13301.0
2012-11-17 15:00:00,13456.0
2012-11-17 16:00:00,14583.0
2012-11-17 17:00:00,15699.0
2012-11-17 18:00:00,15524.0
2012-11-17 19:00:00,15098.0
2012-11-17 20:00:00,14645.0
2012-11-17 21:00:00,13977.0
2012-11-17 22:00:00,13120.0
2012-11-17 23:00:00,12203.0
2012-11-18 00:00:00,11447.0
2012-11-18 01:00:00,10994.0
2012-11-18 02:00:00,10791.0
2012-11-18 03:00:00,10709.0
2012-11-18 04:00:00,10809.0
2012-11-18 05:00:00,11164.0
2012-11-18 06:00:00,11733.0
2012-11-18 07:00:00,12427.0
2012-11-18 08:00:00,13221.0
2012-11-18 09:00:00,13628.0
2012-11-18 10:00:00,13738.0
2012-11-18 11:00:00,13719.0
2012-11-18 12:00:00,13604.0
2012-11-18 13:00:00,13459.0
2012-11-18 14:00:00,13394.0
2012-11-18 15:00:00,13701.0
2012-11-18 16:00:00,15043.0
2012-11-18 17:00:00,16210.0
2012-11-18 18:00:00,16131.0
2012-11-18 19:00:00,15707.0
2012-11-18 20:00:00,15159.0
2012-11-18 21:00:00,14166.0
2012-11-18 22:00:00,13005.0
2012-11-18 23:00:00,11959.0
2012-11-19 00:00:00,11277.0
2012-11-19 01:00:00,10935.0
2012-11-19 02:00:00,10812.0
2012-11-19 03:00:00,10879.0
2012-11-19 04:00:00,11303.0
2012-11-19 05:00:00,12502.0
2012-11-19 06:00:00,14550.0
2012-11-19 07:00:00,15596.0
2012-11-19 08:00:00,15763.0
2012-11-19 09:00:00,15709.0
2012-11-19 10:00:00,15634.0
2012-11-19 11:00:00,15496.0
2012-11-19 12:00:00,15251.0
2012-11-19 13:00:00,15110.0
2012-11-19 14:00:00,14943.0
2012-11-19 15:00:00,15065.0
2012-11-19 16:00:00,16194.0
2012-11-19 17:00:00,17375.0
2012-11-19 18:00:00,17297.0
2012-11-19 19:00:00,16907.0
2012-11-19 20:00:00,16273.0
2012-11-19 21:00:00,15154.0
2012-11-19 22:00:00,13764.0
2012-11-19 23:00:00,12480.0
2012-11-20 00:00:00,11657.0
2012-11-20 01:00:00,11227.0
2012-11-20 02:00:00,11077.0
2012-11-20 03:00:00,11103.0
2012-11-20 04:00:00,11485.0
2012-11-20 05:00:00,12664.0
2012-11-20 06:00:00,14646.0
2012-11-20 07:00:00,15602.0
2012-11-20 08:00:00,15706.0
2012-11-20 09:00:00,15607.0
2012-11-20 10:00:00,15498.0
2012-11-20 11:00:00,15319.0
2012-11-20 12:00:00,15141.0
2012-11-20 13:00:00,15025.0
2012-11-20 14:00:00,14878.0
2012-11-20 15:00:00,15005.0
2012-11-20 16:00:00,16183.0
2012-11-20 17:00:00,17184.0
2012-11-20 18:00:00,17100.0
2012-11-20 19:00:00,16694.0
2012-11-20 20:00:00,16052.0
2012-11-20 21:00:00,15032.0
2012-11-20 22:00:00,13642.0
2012-11-20 23:00:00,12338.0
2012-11-21 00:00:00,11445.0
2012-11-21 01:00:00,10972.0
2012-11-21 02:00:00,10754.0
2012-11-21 03:00:00,10725.0
2012-11-21 04:00:00,11064.0
2012-11-21 05:00:00,12125.0
2012-11-21 06:00:00,13911.0
2012-11-21 07:00:00,14992.0
2012-11-21 08:00:00,15372.0
2012-11-21 09:00:00,15511.0
2012-11-21 10:00:00,15531.0
2012-11-21 11:00:00,15418.0
2012-11-21 12:00:00,15164.0
2012-11-21 13:00:00,15058.0
2012-11-21 14:00:00,14902.0
2012-11-21 15:00:00,14867.0
2012-11-21 16:00:00,15883.0
2012-11-21 17:00:00,16859.0
2012-11-21 18:00:00,16633.0
2012-11-21 19:00:00,16156.0
2012-11-21 20:00:00,15518.0
2012-11-21 21:00:00,14573.0
2012-11-21 22:00:00,13363.0
2012-11-21 23:00:00,12125.0
2012-11-22 00:00:00,11176.0
2012-11-22 01:00:00,10623.0
2012-11-22 02:00:00,10320.0
2012-11-22 03:00:00,10213.0
2012-11-22 04:00:00,10328.0
2012-11-22 05:00:00,10829.0
2012-11-22 06:00:00,11571.0
2012-11-22 07:00:00,12478.0
2012-11-22 08:00:00,13501.0
2012-11-22 09:00:00,14154.0
2012-11-22 10:00:00,14435.0
2012-11-22 11:00:00,14425.0
2012-11-22 12:00:00,13923.0
2012-11-22 13:00:00,13112.0
2012-11-22 14:00:00,12396.0
2012-11-22 15:00:00,12044.0
2012-11-22 16:00:00,12502.0
2012-11-22 17:00:00,13037.0
2012-11-22 18:00:00,13039.0
2012-11-22 19:00:00,13009.0
2012-11-22 20:00:00,12947.0
2012-11-22 21:00:00,12599.0
2012-11-22 22:00:00,12040.0
2012-11-22 23:00:00,11290.0
2012-11-23 00:00:00,10612.0
2012-11-23 01:00:00,10240.0
2012-11-23 02:00:00,10102.0
2012-11-23 03:00:00,10126.0
2012-11-23 04:00:00,10388.0
2012-11-23 05:00:00,11002.0
2012-11-23 06:00:00,11813.0
2012-11-23 07:00:00,12463.0
2012-11-23 08:00:00,13125.0
2012-11-23 09:00:00,13530.0
2012-11-23 10:00:00,13647.0
2012-11-23 11:00:00,13583.0
2012-11-23 12:00:00,13384.0
2012-11-23 13:00:00,13167.0
2012-11-23 14:00:00,13043.0
2012-11-23 15:00:00,13188.0
2012-11-23 16:00:00,14396.0
2012-11-23 17:00:00,15301.0
2012-11-23 18:00:00,15052.0
2012-11-23 19:00:00,14590.0
2012-11-23 20:00:00,14045.0
2012-11-23 21:00:00,13315.0
2012-11-23 22:00:00,12345.0
2012-11-23 23:00:00,11293.0
2012-11-24 00:00:00,10462.0
2012-11-24 01:00:00,9959.0
2012-11-24 02:00:00,9703.0
2012-11-24 03:00:00,9604.0
2012-11-24 04:00:00,9701.0
2012-11-24 05:00:00,10105.0
2012-11-24 06:00:00,10828.0
2012-11-24 07:00:00,11654.0
2012-11-24 08:00:00,12715.0
2012-11-24 09:00:00,13447.0
2012-11-24 10:00:00,13692.0
2012-11-24 11:00:00,13727.0
2012-11-24 12:00:00,13660.0
2012-11-24 13:00:00,13493.0
2012-11-24 14:00:00,13450.0
2012-11-24 15:00:00,13687.0
2012-11-24 16:00:00,14940.0
2012-11-24 17:00:00,15883.0
2012-11-24 18:00:00,15750.0
2012-11-24 19:00:00,15376.0
2012-11-24 20:00:00,14949.0
2012-11-24 21:00:00,14302.0
2012-11-24 22:00:00,13373.0
2012-11-24 23:00:00,12372.0
2012-11-25 00:00:00,11558.0
2012-11-25 01:00:00,11065.0
2012-11-25 02:00:00,10809.0
2012-11-25 03:00:00,10723.0
2012-11-25 04:00:00,10813.0
2012-11-25 05:00:00,11136.0
2012-11-25 06:00:00,11644.0
2012-11-25 07:00:00,12264.0
2012-11-25 08:00:00,13244.0
2012-11-25 09:00:00,13990.0
2012-11-25 10:00:00,14443.0
2012-11-25 11:00:00,14662.0
2012-11-25 12:00:00,14679.0
2012-11-25 13:00:00,14535.0
2012-11-25 14:00:00,14522.0
2012-11-25 15:00:00,14818.0
2012-11-25 16:00:00,16161.0
2012-11-25 17:00:00,17157.0
2012-11-25 18:00:00,17030.0
2012-11-25 19:00:00,16568.0
2012-11-25 20:00:00,15895.0
2012-11-25 21:00:00,14793.0
2012-11-25 22:00:00,13509.0
2012-11-25 23:00:00,12341.0
2012-11-26 00:00:00,11578.0
2012-11-26 01:00:00,11174.0
2012-11-26 02:00:00,10996.0
2012-11-26 03:00:00,11024.0
2012-11-26 04:00:00,11397.0
2012-11-26 05:00:00,12574.0
2012-11-26 06:00:00,14637.0
2012-11-26 07:00:00,15648.0
2012-11-26 08:00:00,15763.0
2012-11-26 09:00:00,15769.0
2012-11-26 10:00:00,15770.0
2012-11-26 11:00:00,15665.0
2012-11-26 12:00:00,15527.0
2012-11-26 13:00:00,15429.0
2012-11-26 14:00:00,15283.0
2012-11-26 15:00:00,15438.0
2012-11-26 16:00:00,16704.0
2012-11-26 17:00:00,17970.0
2012-11-26 18:00:00,17954.0
2012-11-26 19:00:00,17567.0
2012-11-26 20:00:00,16877.0
2012-11-26 21:00:00,15712.0
2012-11-26 22:00:00,14210.0
2012-11-26 23:00:00,12864.0
2012-11-27 00:00:00,12009.0
2012-11-27 01:00:00,11567.0
2012-11-27 02:00:00,11363.0
2012-11-27 03:00:00,11351.0
2012-11-27 04:00:00,11708.0
2012-11-27 05:00:00,12862.0
2012-11-27 06:00:00,14904.0
2012-11-27 07:00:00,15981.0
2012-11-27 08:00:00,16223.0
2012-11-27 09:00:00,16340.0
2012-11-27 10:00:00,16469.0
2012-11-27 11:00:00,16538.0
2012-11-27 12:00:00,16483.0
2012-11-27 13:00:00,16451.0
2012-11-27 14:00:00,16359.0
2012-11-27 15:00:00,16579.0
2012-11-27 16:00:00,17710.0
2012-11-27 17:00:00,18448.0
2012-11-27 18:00:00,18288.0
2012-11-27 19:00:00,17819.0
2012-11-27 20:00:00,17039.0
2012-11-27 21:00:00,15807.0
2012-11-27 22:00:00,14243.0
2012-11-27 23:00:00,12863.0
2012-11-28 00:00:00,11942.0
2012-11-28 01:00:00,11476.0
2012-11-28 02:00:00,11269.0
2012-11-28 03:00:00,11262.0
2012-11-28 04:00:00,11629.0
2012-11-28 05:00:00,12780.0
2012-11-28 06:00:00,14874.0
2012-11-28 07:00:00,15976.0
2012-11-28 08:00:00,16100.0
2012-11-28 09:00:00,16158.0
2012-11-28 10:00:00,16180.0
2012-11-28 11:00:00,16044.0
2012-11-28 12:00:00,15837.0
2012-11-28 13:00:00,15805.0
2012-11-28 14:00:00,15755.0
2012-11-28 15:00:00,15997.0
2012-11-28 16:00:00,17262.0
2012-11-28 17:00:00,18281.0
2012-11-28 18:00:00,18156.0
2012-11-28 19:00:00,17764.0
2012-11-28 20:00:00,17125.0
2012-11-28 21:00:00,16023.0
2012-11-28 22:00:00,14509.0
2012-11-28 23:00:00,13147.0
2012-11-29 00:00:00,12256.0
2012-11-29 01:00:00,11816.0
2012-11-29 02:00:00,11637.0
2012-11-29 03:00:00,11645.0
2012-11-29 04:00:00,11981.0
2012-11-29 05:00:00,13139.0
2012-11-29 06:00:00,15228.0
2012-11-29 07:00:00,16183.0
2012-11-29 08:00:00,16210.0
2012-11-29 09:00:00,16116.0
2012-11-29 10:00:00,16047.0
2012-11-29 11:00:00,15916.0
2012-11-29 12:00:00,15680.0
2012-11-29 13:00:00,15593.0
2012-11-29 14:00:00,15458.0
2012-11-29 15:00:00,15650.0
2012-11-29 16:00:00,16862.0
2012-11-29 17:00:00,17944.0
2012-11-29 18:00:00,18003.0
2012-11-29 19:00:00,17666.0
2012-11-29 20:00:00,16975.0
2012-11-29 21:00:00,15838.0
2012-11-29 22:00:00,14319.0
2012-11-29 23:00:00,12924.0
2012-11-30 00:00:00,12020.0
2012-11-30 01:00:00,11565.0
2012-11-30 02:00:00,11339.0
2012-11-30 03:00:00,11351.0
2012-11-30 04:00:00,11723.0
2012-11-30 05:00:00,12885.0
2012-11-30 06:00:00,14963.0
2012-11-30 07:00:00,15990.0
2012-11-30 08:00:00,16191.0
2012-11-30 09:00:00,16258.0
2012-11-30 10:00:00,16255.0
2012-11-30 11:00:00,16112.0
2012-11-30 12:00:00,15958.0
2012-11-30 13:00:00,15921.0
2012-11-30 14:00:00,15872.0
2012-11-30 15:00:00,16130.0
2012-11-30 16:00:00,17349.0
2012-11-30 17:00:00,18015.0
2012-11-30 18:00:00,17732.0
2012-11-30 19:00:00,17251.0
2012-11-30 20:00:00,16692.0
2012-11-30 21:00:00,15812.0
2012-11-30 22:00:00,14579.0
2012-11-30 23:00:00,13293.0
2012-12-01 00:00:00,12345.0
2012-12-01 01:00:00,11801.0
2012-12-01 02:00:00,11513.0
2012-12-01 03:00:00,11421.0
2012-12-01 04:00:00,11537.0
2012-12-01 05:00:00,11971.0
2012-12-01 06:00:00,12840.0
2012-12-01 07:00:00,13813.0
2012-12-01 08:00:00,14873.0
2012-12-01 09:00:00,15576.0
2012-12-01 10:00:00,15912.0
2012-12-01 11:00:00,15960.0
2012-12-01 12:00:00,15883.0
2012-12-01 13:00:00,15743.0
2012-12-01 14:00:00,15625.0
2012-12-01 15:00:00,15828.0
2012-12-01 16:00:00,16868.0
2012-12-01 17:00:00,17347.0
2012-12-01 18:00:00,17053.0
2012-12-01 19:00:00,16509.0
2012-12-01 20:00:00,15957.0
2012-12-01 21:00:00,15169.0
2012-12-01 22:00:00,14080.0
2012-12-01 23:00:00,12864.0
2012-12-02 00:00:00,11920.0
2012-12-02 01:00:00,11336.0
2012-12-02 02:00:00,11003.0
2012-12-02 03:00:00,10849.0
2012-12-02 04:00:00,10860.0
2012-12-02 05:00:00,11131.0
2012-12-02 06:00:00,11693.0
2012-12-02 07:00:00,12399.0
2012-12-02 08:00:00,13419.0
2012-12-02 09:00:00,14123.0
2012-12-02 10:00:00,14446.0
2012-12-02 11:00:00,14558.0
2012-12-02 12:00:00,14559.0
2012-12-02 13:00:00,14404.0
2012-12-02 14:00:00,14252.0
2012-12-02 15:00:00,14456.0
2012-12-02 16:00:00,15889.0
2012-12-02 17:00:00,16744.0
2012-12-02 18:00:00,16568.0
2012-12-02 19:00:00,16104.0
2012-12-02 20:00:00,15410.0
2012-12-02 21:00:00,14301.0
2012-12-02 22:00:00,12922.0
2012-12-02 23:00:00,11643.0
2012-12-03 00:00:00,10779.0
2012-12-03 01:00:00,10320.0
2012-12-03 02:00:00,10095.0
2012-12-03 03:00:00,10108.0
2012-12-03 04:00:00,10497.0
2012-12-03 05:00:00,11650.0
2012-12-03 06:00:00,13708.0
2012-12-03 07:00:00,14722.0
2012-12-03 08:00:00,14856.0
2012-12-03 09:00:00,14927.0
2012-12-03 10:00:00,14988.0
2012-12-03 11:00:00,14927.0
2012-12-03 12:00:00,14806.0
2012-12-03 13:00:00,14728.0
2012-12-03 14:00:00,14604.0
2012-12-03 15:00:00,14715.0
2012-12-03 16:00:00,16054.0
2012-12-03 17:00:00,17290.0
2012-12-03 18:00:00,17219.0
2012-12-03 19:00:00,16836.0
2012-12-03 20:00:00,16169.0
2012-12-03 21:00:00,15041.0
2012-12-03 22:00:00,13558.0
2012-12-03 23:00:00,12157.0
2012-12-04 00:00:00,11251.0
2012-12-04 01:00:00,10794.0
2012-12-04 02:00:00,10605.0
2012-12-04 03:00:00,10598.0
2012-12-04 04:00:00,10966.0
2012-12-04 05:00:00,12123.0
2012-12-04 06:00:00,14193.0
2012-12-04 07:00:00,15322.0
2012-12-04 08:00:00,15576.0
2012-12-04 09:00:00,15706.0
2012-12-04 10:00:00,15798.0
2012-12-04 11:00:00,15781.0
2012-12-04 12:00:00,15691.0
2012-12-04 13:00:00,15614.0
2012-12-04 14:00:00,15476.0
2012-12-04 15:00:00,15618.0
2012-12-04 16:00:00,16846.0
2012-12-04 17:00:00,17665.0
2012-12-04 18:00:00,17476.0
2012-12-04 19:00:00,16978.0
2012-12-04 20:00:00,16222.0
2012-12-04 21:00:00,15021.0
2012-12-04 22:00:00,13414.0
2012-12-04 23:00:00,11943.0
2012-12-05 00:00:00,10960.0
2012-12-05 01:00:00,10451.0
2012-12-05 02:00:00,10164.0
2012-12-05 03:00:00,10101.0
2012-12-05 04:00:00,10385.0
2012-12-05 05:00:00,11443.0
2012-12-05 06:00:00,13444.0
2012-12-05 07:00:00,14562.0
2012-12-05 08:00:00,14698.0
2012-12-05 09:00:00,14751.0
2012-12-05 10:00:00,14805.0
2012-12-05 11:00:00,14817.0
2012-12-05 12:00:00,14761.0
2012-12-05 13:00:00,14787.0
2012-12-05 14:00:00,14741.0
2012-12-05 15:00:00,15025.0
2012-12-05 16:00:00,16497.0
2012-12-05 17:00:00,17632.0
2012-12-05 18:00:00,17629.0
2012-12-05 19:00:00,17317.0
2012-12-05 20:00:00,16729.0
2012-12-05 21:00:00,15681.0
2012-12-05 22:00:00,14151.0
2012-12-05 23:00:00,12778.0
2012-12-06 00:00:00,11923.0
2012-12-06 01:00:00,11510.0
2012-12-06 02:00:00,11327.0
2012-12-06 03:00:00,11356.0
2012-12-06 04:00:00,11778.0
2012-12-06 05:00:00,13017.0
2012-12-06 06:00:00,15156.0
2012-12-06 07:00:00,16150.0
2012-12-06 08:00:00,16213.0
2012-12-06 09:00:00,16174.0
2012-12-06 10:00:00,16098.0
2012-12-06 11:00:00,15919.0
2012-12-06 12:00:00,15684.0
2012-12-06 13:00:00,15572.0
2012-12-06 14:00:00,15450.0
2012-12-06 15:00:00,15668.0
2012-12-06 16:00:00,17174.0
2012-12-06 17:00:00,18344.0
2012-12-06 18:00:00,18323.0
2012-12-06 19:00:00,18026.0
2012-12-06 20:00:00,17450.0
2012-12-06 21:00:00,16402.0
2012-12-06 22:00:00,14864.0
2012-12-06 23:00:00,13412.0
2012-12-07 00:00:00,12483.0
2012-12-07 01:00:00,12010.0
2012-12-07 02:00:00,11774.0
2012-12-07 03:00:00,11757.0
2012-12-07 04:00:00,12093.0
2012-12-07 05:00:00,13204.0
2012-12-07 06:00:00,15229.0
2012-12-07 07:00:00,16300.0
2012-12-07 08:00:00,16472.0
2012-12-07 09:00:00,16451.0
2012-12-07 10:00:00,16411.0
2012-12-07 11:00:00,16214.0
2012-12-07 12:00:00,15986.0
2012-12-07 13:00:00,15911.0
2012-12-07 14:00:00,15826.0
2012-12-07 15:00:00,16002.0
2012-12-07 16:00:00,17202.0
2012-12-07 17:00:00,17676.0
2012-12-07 18:00:00,17359.0
2012-12-07 19:00:00,16794.0
2012-12-07 20:00:00,16135.0
2012-12-07 21:00:00,15226.0
2012-12-07 22:00:00,13954.0
2012-12-07 23:00:00,12569.0
2012-12-08 00:00:00,11547.0
2012-12-08 01:00:00,10941.0
2012-12-08 02:00:00,10603.0
2012-12-08 03:00:00,10466.0
2012-12-08 04:00:00,10552.0
2012-12-08 05:00:00,10972.0
2012-12-08 06:00:00,11789.0
2012-12-08 07:00:00,12771.0
2012-12-08 08:00:00,13855.0
2012-12-08 09:00:00,14584.0
2012-12-08 10:00:00,14922.0
2012-12-08 11:00:00,14945.0
2012-12-08 12:00:00,14792.0
2012-12-08 13:00:00,14567.0
2012-12-08 14:00:00,14469.0
2012-12-08 15:00:00,14656.0
2012-12-08 16:00:00,15781.0
2012-12-08 17:00:00,16382.0
2012-12-08 18:00:00,16077.0
2012-12-08 19:00:00,15554.0
2012-12-08 20:00:00,15024.0
2012-12-08 21:00:00,14277.0
2012-12-08 22:00:00,13249.0
2012-12-08 23:00:00,12074.0
2012-12-09 00:00:00,11123.0
2012-12-09 01:00:00,10541.0
2012-12-09 02:00:00,10237.0
2012-12-09 03:00:00,10101.0
2012-12-09 04:00:00,10168.0
2012-12-09 05:00:00,10473.0
2012-12-09 06:00:00,11060.0
2012-12-09 07:00:00,11707.0
2012-12-09 08:00:00,12675.0
2012-12-09 09:00:00,13431.0
2012-12-09 10:00:00,13813.0
2012-12-09 11:00:00,14027.0
2012-12-09 12:00:00,14106.0
2012-12-09 13:00:00,14016.0
2012-12-09 14:00:00,13941.0
2012-12-09 15:00:00,14315.0
2012-12-09 16:00:00,16003.0
2012-12-09 17:00:00,16938.0
2012-12-09 18:00:00,16850.0
2012-12-09 19:00:00,16451.0
2012-12-09 20:00:00,15798.0
2012-12-09 21:00:00,14731.0
2012-12-09 22:00:00,13321.0
2012-12-09 23:00:00,11988.0
2012-12-10 00:00:00,11116.0
2012-12-10 01:00:00,10674.0
2012-12-10 02:00:00,10477.0
2012-12-10 03:00:00,10461.0
2012-12-10 04:00:00,10817.0
2012-12-10 05:00:00,11930.0
2012-12-10 06:00:00,13975.0
2012-12-10 07:00:00,15304.0
2012-12-10 08:00:00,15606.0
2012-12-10 09:00:00,15820.0
2012-12-10 10:00:00,15980.0
2012-12-10 11:00:00,16001.0
2012-12-10 12:00:00,15956.0
2012-12-10 13:00:00,15931.0
2012-12-10 14:00:00,15806.0
2012-12-10 15:00:00,16060.0
2012-12-10 16:00:00,17260.0
2012-12-10 17:00:00,17953.0
2012-12-10 18:00:00,17742.0
2012-12-10 19:00:00,17209.0
2012-12-10 20:00:00,16430.0
2012-12-10 21:00:00,15206.0
2012-12-10 22:00:00,13695.0
2012-12-10 23:00:00,12188.0
2012-12-11 00:00:00,11078.0
2012-12-11 01:00:00,10511.0
2012-12-11 02:00:00,10224.0
2012-12-11 03:00:00,10168.0
2012-12-11 04:00:00,10507.0
2012-12-11 05:00:00,11617.0
2012-12-11 06:00:00,13690.0
2012-12-11 07:00:00,14975.0
2012-12-11 08:00:00,15254.0
2012-12-11 09:00:00,15324.0
2012-12-11 10:00:00,15323.0
2012-12-11 11:00:00,15284.0
2012-12-11 12:00:00,15137.0
2012-12-11 13:00:00,15108.0
2012-12-11 14:00:00,15052.0
2012-12-11 15:00:00,15303.0
2012-12-11 16:00:00,16812.0
2012-12-11 17:00:00,18023.0
2012-12-11 18:00:00,17989.0
2012-12-11 19:00:00,17635.0
2012-12-11 20:00:00,17022.0
2012-12-11 21:00:00,15928.0
2012-12-11 22:00:00,14347.0
2012-12-11 23:00:00,12871.0
2012-12-12 00:00:00,11948.0
2012-12-12 01:00:00,11501.0
2012-12-12 02:00:00,11290.0
2012-12-12 03:00:00,11309.0
2012-12-12 04:00:00,11710.0
2012-12-12 05:00:00,12919.0
2012-12-12 06:00:00,15060.0
2012-12-12 07:00:00,16196.0
2012-12-12 08:00:00,16265.0
2012-12-12 09:00:00,16182.0
2012-12-12 10:00:00,16127.0
2012-12-12 11:00:00,16023.0
2012-12-12 12:00:00,15830.0
2012-12-12 13:00:00,15762.0
2012-12-12 14:00:00,15646.0
2012-12-12 15:00:00,15936.0
2012-12-12 16:00:00,17466.0
2012-12-12 17:00:00,18560.0
2012-12-12 18:00:00,18481.0
2012-12-12 19:00:00,18151.0
2012-12-12 20:00:00,17534.0
2012-12-12 21:00:00,16457.0
2012-12-12 22:00:00,14884.0
2012-12-12 23:00:00,13365.0
2012-12-13 00:00:00,12344.0
2012-12-13 01:00:00,11833.0
2012-12-13 02:00:00,11619.0
2012-12-13 03:00:00,11633.0
2012-12-13 04:00:00,11996.0
2012-12-13 05:00:00,13181.0
2012-12-13 06:00:00,15308.0
2012-12-13 07:00:00,16386.0
2012-12-13 08:00:00,16424.0
2012-12-13 09:00:00,16208.0
2012-12-13 10:00:00,16004.0
2012-12-13 11:00:00,15785.0
2012-12-13 12:00:00,15551.0
2012-12-13 13:00:00,15443.0
2012-12-13 14:00:00,15342.0
2012-12-13 15:00:00,15543.0
2012-12-13 16:00:00,17012.0
2012-12-13 17:00:00,18312.0
2012-12-13 18:00:00,18325.0
2012-12-13 19:00:00,18032.0
2012-12-13 20:00:00,17476.0
2012-12-13 21:00:00,16447.0
2012-12-13 22:00:00,14904.0
2012-12-13 23:00:00,13410.0
2012-12-14 00:00:00,12421.0
2012-12-14 01:00:00,11931.0
2012-12-14 02:00:00,11712.0
2012-12-14 03:00:00,11706.0
2012-12-14 04:00:00,12067.0
2012-12-14 05:00:00,13237.0
2012-12-14 06:00:00,15308.0
2012-12-14 07:00:00,16374.0
2012-12-14 08:00:00,16416.0
2012-12-14 09:00:00,16239.0
2012-12-14 10:00:00,16068.0
2012-12-14 11:00:00,15841.0
2012-12-14 12:00:00,15533.0
2012-12-14 13:00:00,15337.0
2012-12-14 14:00:00,15217.0
2012-12-14 15:00:00,15370.0
2012-12-14 16:00:00,16779.0
2012-12-14 17:00:00,17760.0
2012-12-14 18:00:00,17538.0
2012-12-14 19:00:00,17108.0
2012-12-14 20:00:00,16565.0
2012-12-14 21:00:00,15764.0
2012-12-14 22:00:00,14530.0
2012-12-14 23:00:00,13161.0
2012-12-15 00:00:00,12119.0
2012-12-15 01:00:00,11497.0
2012-12-15 02:00:00,11237.0
2012-12-15 03:00:00,11153.0
2012-12-15 04:00:00,11282.0
2012-12-15 05:00:00,11772.0
2012-12-15 06:00:00,12676.0
2012-12-15 07:00:00,13604.0
2012-12-15 08:00:00,14507.0
2012-12-15 09:00:00,14948.0
2012-12-15 10:00:00,15001.0
2012-12-15 11:00:00,14846.0
2012-12-15 12:00:00,14541.0
2012-12-15 13:00:00,14251.0
2012-12-15 14:00:00,14130.0
2012-12-15 15:00:00,14391.0
2012-12-15 16:00:00,15968.0
2012-12-15 17:00:00,17028.0
2012-12-15 18:00:00,16896.0
2012-12-15 19:00:00,16503.0
2012-12-15 20:00:00,16067.0
2012-12-15 21:00:00,15408.0
2012-12-15 22:00:00,14380.0
2012-12-15 23:00:00,13166.0
2012-12-16 00:00:00,12179.0
2012-12-16 01:00:00,11570.0
2012-12-16 02:00:00,11235.0
2012-12-16 03:00:00,11089.0
2012-12-16 04:00:00,11140.0
2012-12-16 05:00:00,11435.0
2012-12-16 06:00:00,12060.0
2012-12-16 07:00:00,12842.0
2012-12-16 08:00:00,13973.0
2012-12-16 09:00:00,14887.0
2012-12-16 10:00:00,15385.0
2012-12-16 11:00:00,15682.0
2012-12-16 12:00:00,15908.0
2012-12-16 13:00:00,15982.0
2012-12-16 14:00:00,16034.0
2012-12-16 15:00:00,16376.0
2012-12-16 16:00:00,17575.0
2012-12-16 17:00:00,18173.0
2012-12-16 18:00:00,18029.0
2012-12-16 19:00:00,17557.0
2012-12-16 20:00:00,16886.0
2012-12-16 21:00:00,15908.0
2012-12-16 22:00:00,14509.0
2012-12-16 23:00:00,13119.0
2012-12-17 00:00:00,12080.0
2012-12-17 01:00:00,11492.0
2012-12-17 02:00:00,11262.0
2012-12-17 03:00:00,11216.0
2012-12-17 04:00:00,11599.0
2012-12-17 05:00:00,12723.0
2012-12-17 06:00:00,14723.0
2012-12-17 07:00:00,16082.0
2012-12-17 08:00:00,16512.0
2012-12-17 09:00:00,16697.0
2012-12-17 10:00:00,16866.0
2012-12-17 11:00:00,16900.0
2012-12-17 12:00:00,16786.0
2012-12-17 13:00:00,16724.0
2012-12-17 14:00:00,16613.0
2012-12-17 15:00:00,16860.0
2012-12-17 16:00:00,18080.0
2012-12-17 17:00:00,18801.0
2012-12-17 18:00:00,18634.0
2012-12-17 19:00:00,18163.0
2012-12-17 20:00:00,17435.0
2012-12-17 21:00:00,16222.0
2012-12-17 22:00:00,14574.0
2012-12-17 23:00:00,12999.0
2012-12-18 00:00:00,11916.0
2012-12-18 01:00:00,11383.0
2012-12-18 02:00:00,11093.0
2012-12-18 03:00:00,11017.0
2012-12-18 04:00:00,11304.0
2012-12-18 05:00:00,12393.0
2012-12-18 06:00:00,14395.0
2012-12-18 07:00:00,15654.0
2012-12-18 08:00:00,15865.0
2012-12-18 09:00:00,15955.0
2012-12-18 10:00:00,16032.0
2012-12-18 11:00:00,16007.0
2012-12-18 12:00:00,15843.0
2012-12-18 13:00:00,15775.0
2012-12-18 14:00:00,15659.0
2012-12-18 15:00:00,15846.0
2012-12-18 16:00:00,17087.0
2012-12-18 17:00:00,18013.0
2012-12-18 18:00:00,17877.0
2012-12-18 19:00:00,17468.0
2012-12-18 20:00:00,16800.0
2012-12-18 21:00:00,15689.0
2012-12-18 22:00:00,14143.0
2012-12-18 23:00:00,12585.0
2012-12-19 00:00:00,11506.0
2012-12-19 01:00:00,10965.0
2012-12-19 02:00:00,10738.0
2012-12-19 03:00:00,10726.0
2012-12-19 04:00:00,11094.0
2012-12-19 05:00:00,12248.0
2012-12-19 06:00:00,14318.0
2012-12-19 07:00:00,15528.0
2012-12-19 08:00:00,15711.0
2012-12-19 09:00:00,15738.0
2012-12-19 10:00:00,15730.0
2012-12-19 11:00:00,15656.0
2012-12-19 12:00:00,15517.0
2012-12-19 13:00:00,15533.0
2012-12-19 14:00:00,15520.0
2012-12-19 15:00:00,15741.0
2012-12-19 16:00:00,17099.0
2012-12-19 17:00:00,18197.0
2012-12-19 18:00:00,18125.0
2012-12-19 19:00:00,17765.0
2012-12-19 20:00:00,17183.0
2012-12-19 21:00:00,16128.0
2012-12-19 22:00:00,14567.0
2012-12-19 23:00:00,13000.0
2012-12-20 00:00:00,11949.0
2012-12-20 01:00:00,11394.0
2012-12-20 02:00:00,11161.0
2012-12-20 03:00:00,11155.0
2012-12-20 04:00:00,11534.0
2012-12-20 05:00:00,12718.0
2012-12-20 06:00:00,14814.0
2012-12-20 07:00:00,15920.0
2012-12-20 08:00:00,16064.0
2012-12-20 09:00:00,16009.0
2012-12-20 10:00:00,15911.0
2012-12-20 11:00:00,15747.0
2012-12-20 12:00:00,15501.0
2012-12-20 13:00:00,15461.0
2012-12-20 14:00:00,15509.0
2012-12-20 15:00:00,15852.0
2012-12-20 16:00:00,17217.0
2012-12-20 17:00:00,18141.0
2012-12-20 18:00:00,18031.0
2012-12-20 19:00:00,17687.0
2012-12-20 20:00:00,17170.0
2012-12-20 21:00:00,16133.0
2012-12-20 22:00:00,14593.0
2012-12-20 23:00:00,13055.0
2012-12-21 00:00:00,11966.0
2012-12-21 01:00:00,11379.0
2012-12-21 02:00:00,11085.0
2012-12-21 03:00:00,11082.0
2012-12-21 04:00:00,11367.0
2012-12-21 05:00:00,12369.0
2012-12-21 06:00:00,14266.0
2012-12-21 07:00:00,15618.0
2012-12-21 08:00:00,16099.0
2012-12-21 09:00:00,16311.0
2012-12-21 10:00:00,16409.0
2012-12-21 11:00:00,16351.0
2012-12-21 12:00:00,16055.0
2012-12-21 13:00:00,15836.0
2012-12-21 14:00:00,15528.0
2012-12-21 15:00:00,15459.0
2012-12-21 16:00:00,16597.0
2012-12-21 17:00:00,17416.0
2012-12-21 18:00:00,17133.0
2012-12-21 19:00:00,16651.0
2012-12-21 20:00:00,16089.0
2012-12-21 21:00:00,15284.0
2012-12-21 22:00:00,14102.0
2012-12-21 23:00:00,12762.0
2012-12-22 00:00:00,11709.0
2012-12-22 01:00:00,11117.0
2012-12-22 02:00:00,10809.0
2012-12-22 03:00:00,10711.0
2012-12-22 04:00:00,10804.0
2012-12-22 05:00:00,11226.0
2012-12-22 06:00:00,12013.0
2012-12-22 07:00:00,12934.0
2012-12-22 08:00:00,14004.0
2012-12-22 09:00:00,14724.0
2012-12-22 10:00:00,14977.0
2012-12-22 11:00:00,15039.0
2012-12-22 12:00:00,14933.0
2012-12-22 13:00:00,14821.0
2012-12-22 14:00:00,14798.0
2012-12-22 15:00:00,15053.0
2012-12-22 16:00:00,16368.0
2012-12-22 17:00:00,17409.0
2012-12-22 18:00:00,17351.0
2012-12-22 19:00:00,16991.0
2012-12-22 20:00:00,16541.0
2012-12-22 21:00:00,15890.0
2012-12-22 22:00:00,14846.0
2012-12-22 23:00:00,13600.0
2012-12-23 00:00:00,12565.0
2012-12-23 01:00:00,11925.0
2012-12-23 02:00:00,11573.0
2012-12-23 03:00:00,11419.0
2012-12-23 04:00:00,11444.0
2012-12-23 05:00:00,11750.0
2012-12-23 06:00:00,12377.0
2012-12-23 07:00:00,13066.0
2012-12-23 08:00:00,13942.0
2012-12-23 09:00:00,14514.0
2012-12-23 10:00:00,14725.0
2012-12-23 11:00:00,14844.0
2012-12-23 12:00:00,14895.0
2012-12-23 13:00:00,14791.0
2012-12-23 14:00:00,14677.0
2012-12-23 15:00:00,14785.0
2012-12-23 16:00:00,16126.0
2012-12-23 17:00:00,17219.0
2012-12-23 18:00:00,17203.0
2012-12-23 19:00:00,16896.0
2012-12-23 20:00:00,16476.0
2012-12-23 21:00:00,15713.0
2012-12-23 22:00:00,14589.0
2012-12-23 23:00:00,13276.0
2012-12-24 00:00:00,12220.0
2012-12-24 01:00:00,11612.0
2012-12-24 02:00:00,11303.0
2012-12-24 03:00:00,11256.0
2012-12-24 04:00:00,11476.0
2012-12-24 05:00:00,12163.0
2012-12-24 06:00:00,13221.0
2012-12-24 07:00:00,14148.0
2012-12-24 08:00:00,14969.0
2012-12-24 09:00:00,15441.0
2012-12-24 10:00:00,15589.0
2012-12-24 11:00:00,15517.0
2012-12-24 12:00:00,15263.0
2012-12-24 13:00:00,15066.0
2012-12-24 14:00:00,15020.0
2012-12-24 15:00:00,15179.0
2012-12-24 16:00:00,16370.0
2012-12-24 17:00:00,17006.0
2012-12-24 18:00:00,16319.0
2012-12-24 19:00:00,15668.0
2012-12-24 20:00:00,15225.0
2012-12-24 21:00:00,14822.0
2012-12-24 22:00:00,14150.0
2012-12-24 23:00:00,13183.0
2012-12-25 00:00:00,12212.0
2012-12-25 01:00:00,11533.0
2012-12-25 02:00:00,11154.0
2012-12-25 03:00:00,10991.0
2012-12-25 04:00:00,11051.0
2012-12-25 05:00:00,11416.0
2012-12-25 06:00:00,12072.0
2012-12-25 07:00:00,12941.0
2012-12-25 08:00:00,13929.0
2012-12-25 09:00:00,14653.0
2012-12-25 10:00:00,14941.0
2012-12-25 11:00:00,15069.0
2012-12-25 12:00:00,14952.0
2012-12-25 13:00:00,14560.0
2012-12-25 14:00:00,14135.0
2012-12-25 15:00:00,14006.0
2012-12-25 16:00:00,14800.0
2012-12-25 17:00:00,15445.0
2012-12-25 18:00:00,15443.0
2012-12-25 19:00:00,15386.0
2012-12-25 20:00:00,15246.0
2012-12-25 21:00:00,14760.0
2012-12-25 22:00:00,13841.0
2012-12-25 23:00:00,12793.0
2012-12-26 00:00:00,12026.0
2012-12-26 01:00:00,11603.0
2012-12-26 02:00:00,11428.0
2012-12-26 03:00:00,11472.0
2012-12-26 04:00:00,11816.0
2012-12-26 05:00:00,12695.0
2012-12-26 06:00:00,14075.0
2012-12-26 07:00:00,15148.0
2012-12-26 08:00:00,15884.0
2012-12-26 09:00:00,16303.0
2012-12-26 10:00:00,16532.0
2012-12-26 11:00:00,16612.0
2012-12-26 12:00:00,16545.0
2012-12-26 13:00:00,16514.0
2012-12-26 14:00:00,16458.0
2012-12-26 15:00:00,16706.0
2012-12-26 16:00:00,17943.0
2012-12-26 17:00:00,18648.0
2012-12-26 18:00:00,18443.0
2012-12-26 19:00:00,17957.0
2012-12-26 20:00:00,17281.0
2012-12-26 21:00:00,16220.0
2012-12-26 22:00:00,14836.0
2012-12-26 23:00:00,13461.0
2012-12-27 00:00:00,12465.0
2012-12-27 01:00:00,11914.0
2012-12-27 02:00:00,11624.0
2012-12-27 03:00:00,11544.0
2012-12-27 04:00:00,11759.0
2012-12-27 05:00:00,12493.0
2012-12-27 06:00:00,13700.0
2012-12-27 07:00:00,14778.0
2012-12-27 08:00:00,15531.0
2012-12-27 09:00:00,16194.0
2012-12-27 10:00:00,16626.0
2012-12-27 11:00:00,16813.0
2012-12-27 12:00:00,16759.0
2012-12-27 13:00:00,16651.0
2012-12-27 14:00:00,16493.0
2012-12-27 15:00:00,16600.0
2012-12-27 16:00:00,17653.0
2012-12-27 17:00:00,18482.0
2012-12-27 18:00:00,18242.0
2012-12-27 19:00:00,17706.0
2012-12-27 20:00:00,16994.0
2012-12-27 21:00:00,15962.0
2012-12-27 22:00:00,14607.0
2012-12-27 23:00:00,13310.0
2012-12-28 00:00:00,12369.0
2012-12-28 01:00:00,11889.0
2012-12-28 02:00:00,11645.0
2012-12-28 03:00:00,11631.0
2012-12-28 04:00:00,11929.0
2012-12-28 05:00:00,12773.0
2012-12-28 06:00:00,14110.0
2012-12-28 07:00:00,15112.0
2012-12-28 08:00:00,15768.0
2012-12-28 09:00:00,16160.0
2012-12-28 10:00:00,16281.0
2012-12-28 11:00:00,16177.0
2012-12-28 12:00:00,15940.0
2012-12-28 13:00:00,15736.0
2012-12-28 14:00:00,15568.0
2012-12-28 15:00:00,15614.0
2012-12-28 16:00:00,16818.0
2012-12-28 17:00:00,17975.0
2012-12-28 18:00:00,17808.0
2012-12-28 19:00:00,17322.0
2012-12-28 20:00:00,16758.0
2012-12-28 21:00:00,15890.0
2012-12-28 22:00:00,14704.0
2012-12-28 23:00:00,13487.0
2012-12-29 00:00:00,12542.0
2012-12-29 01:00:00,11991.0
2012-12-29 02:00:00,11724.0
2012-12-29 03:00:00,11591.0
2012-12-29 04:00:00,11671.0
2012-12-29 05:00:00,12039.0
2012-12-29 06:00:00,12734.0
2012-12-29 07:00:00,13519.0
2012-12-29 08:00:00,14472.0
2012-12-29 09:00:00,15235.0
2012-12-29 10:00:00,15607.0
2012-12-29 11:00:00,15695.0
2012-12-29 12:00:00,15705.0
2012-12-29 13:00:00,15637.0
2012-12-29 14:00:00,15627.0
2012-12-29 15:00:00,15904.0
2012-12-29 16:00:00,17073.0
2012-12-29 17:00:00,17858.0
2012-12-29 18:00:00,17676.0
2012-12-29 19:00:00,17151.0
2012-12-29 20:00:00,16473.0
2012-12-29 21:00:00,15618.0
2012-12-29 22:00:00,14489.0
2012-12-29 23:00:00,13310.0
2012-12-30 00:00:00,12407.0
2012-12-30 01:00:00,11850.0
2012-12-30 02:00:00,11564.0
2012-12-30 03:00:00,11444.0
2012-12-30 04:00:00,11515.0
2012-12-30 05:00:00,11846.0
2012-12-30 06:00:00,12402.0
2012-12-30 07:00:00,12977.0
2012-12-30 08:00:00,13835.0
2012-12-30 09:00:00,14569.0
2012-12-30 10:00:00,15047.0
2012-12-30 11:00:00,15361.0
2012-12-30 12:00:00,15495.0
2012-12-30 13:00:00,15366.0
2012-12-30 14:00:00,15236.0
2012-12-30 15:00:00,15378.0
2012-12-30 16:00:00,16767.0
2012-12-30 17:00:00,18021.0
2012-12-30 18:00:00,17948.0
2012-12-30 19:00:00,17502.0
2012-12-30 20:00:00,17011.0
2012-12-30 21:00:00,16145.0
2012-12-30 22:00:00,15006.0
2012-12-30 23:00:00,13850.0
2012-12-31 00:00:00,12960.0
2012-12-31 01:00:00,12459.0
2012-12-31 02:00:00,12211.0
2012-12-31 03:00:00,12169.0
2012-12-31 04:00:00,12396.0
2012-12-31 05:00:00,13098.0
2012-12-31 06:00:00,14228.0
2012-12-31 07:00:00,15116.0
2012-12-31 08:00:00,15865.0
2012-12-31 09:00:00,16460.0
2012-12-31 10:00:00,16700.0
2012-12-31 11:00:00,16648.0
2012-12-31 12:00:00,16390.0
2012-12-31 13:00:00,16127.0
2012-12-31 14:00:00,15939.0
2012-12-31 15:00:00,15979.0
2012-12-31 16:00:00,17131.0
2012-12-31 17:00:00,18152.0
2012-12-31 18:00:00,17616.0
2012-12-31 19:00:00,16767.0
2012-12-31 20:00:00,15909.0
2012-12-31 21:00:00,15094.0
2012-12-31 22:00:00,14237.0
2012-12-31 23:00:00,13412.0
2013-01-01 00:00:00,12598.0
2013-01-01 01:00:00,11953.0
2013-01-01 02:00:00,11489.0
2013-01-01 03:00:00,11239.0
2013-01-01 04:00:00,11253.0
2013-01-01 05:00:00,11551.0
2013-01-01 06:00:00,12025.0
2013-01-01 07:00:00,12379.0
2013-01-01 08:00:00,12994.0
2013-01-01 09:00:00,13739.0
2013-01-01 10:00:00,14343.0
2013-01-01 11:00:00,14720.0
2013-01-01 12:00:00,14817.0
2013-01-01 13:00:00,14758.0
2013-01-01 14:00:00,14796.0
2013-01-01 15:00:00,15095.0
2013-01-01 16:00:00,16500.0
2013-01-01 17:00:00,17830.0
2013-01-01 18:00:00,17747.0
2013-01-01 19:00:00,17341.0
2013-01-01 20:00:00,16699.0
2013-01-01 21:00:00,15676.0
2013-01-01 22:00:00,14365.0
2013-01-01 23:00:00,13230.0
2013-01-02 00:00:00,12547.0
2013-01-02 01:00:00,12215.0
2013-01-02 02:00:00,12099.0
2013-01-02 03:00:00,12196.0
2013-01-02 04:00:00,12635.0
2013-01-02 05:00:00,13860.0
2013-01-02 06:00:00,15970.0
2013-01-02 07:00:00,17102.0
2013-01-02 08:00:00,17307.0
2013-01-02 09:00:00,17417.0
2013-01-02 10:00:00,17453.0
2013-01-02 11:00:00,17372.0
2013-01-02 12:00:00,17220.0
2013-01-02 13:00:00,17156.0
2013-01-02 14:00:00,17099.0
2013-01-02 15:00:00,17296.0
2013-01-02 16:00:00,18431.0
2013-01-02 17:00:00,19653.0
2013-01-02 18:00:00,19592.0
2013-01-02 19:00:00,19202.0
2013-01-02 20:00:00,18528.0
2013-01-02 21:00:00,17398.0
2013-01-02 22:00:00,15900.0
2013-01-02 23:00:00,14572.0
2013-01-03 00:00:00,13792.0
2013-01-03 01:00:00,13405.0
2013-01-03 02:00:00,13247.0
2013-01-03 03:00:00,13316.0
2013-01-03 04:00:00,13704.0
2013-01-03 05:00:00,14874.0
2013-01-03 06:00:00,16963.0
2013-01-03 07:00:00,18063.0
2013-01-03 08:00:00,18207.0
2013-01-03 09:00:00,18153.0
2013-01-03 10:00:00,18079.0
2013-01-03 11:00:00,17840.0
2013-01-03 12:00:00,17549.0
2013-01-03 13:00:00,17360.0
2013-01-03 14:00:00,17192.0
2013-01-03 15:00:00,17265.0
2013-01-03 16:00:00,18400.0
2013-01-03 17:00:00,19741.0
2013-01-03 18:00:00,19753.0
2013-01-03 19:00:00,19370.0
2013-01-03 20:00:00,18604.0
2013-01-03 21:00:00,17400.0
2013-01-03 22:00:00,15824.0
2013-01-03 23:00:00,14403.0
2013-01-04 00:00:00,13514.0
2013-01-04 01:00:00,13075.0
2013-01-04 02:00:00,12863.0
2013-01-04 03:00:00,12845.0
2013-01-04 04:00:00,13177.0
2013-01-04 05:00:00,14229.0
2013-01-04 06:00:00,16142.0
2013-01-04 07:00:00,17175.0
2013-01-04 08:00:00,17307.0
2013-01-04 09:00:00,17318.0
2013-01-04 10:00:00,17241.0
2013-01-04 11:00:00,17045.0
2013-01-04 12:00:00,16769.0
2013-01-04 13:00:00,16596.0
2013-01-04 14:00:00,16458.0
2013-01-04 15:00:00,16490.0
2013-01-04 16:00:00,17400.0
2013-01-04 17:00:00,18417.0
2013-01-04 18:00:00,18188.0
2013-01-04 19:00:00,17644.0
2013-01-04 20:00:00,17012.0
2013-01-04 21:00:00,16100.0
2013-01-04 22:00:00,14907.0
2013-01-04 23:00:00,13655.0
2013-01-05 00:00:00,12710.0
2013-01-05 01:00:00,12173.0
2013-01-05 02:00:00,11873.0
2013-01-05 03:00:00,11740.0
2013-01-05 04:00:00,11807.0
2013-01-05 05:00:00,12222.0
2013-01-05 06:00:00,12955.0
2013-01-05 07:00:00,13702.0
2013-01-05 08:00:00,14537.0
2013-01-05 09:00:00,15091.0
2013-01-05 10:00:00,15264.0
2013-01-05 11:00:00,15224.0
2013-01-05 12:00:00,14997.0
2013-01-05 13:00:00,14723.0
2013-01-05 14:00:00,14553.0
2013-01-05 15:00:00,14632.0
2013-01-05 16:00:00,15728.0
2013-01-05 17:00:00,17073.0
2013-01-05 18:00:00,17043.0
2013-01-05 19:00:00,16629.0
2013-01-05 20:00:00,16159.0
2013-01-05 21:00:00,15469.0
2013-01-05 22:00:00,14502.0
2013-01-05 23:00:00,13388.0
2013-01-06 00:00:00,12526.0
2013-01-06 01:00:00,11989.0
2013-01-06 02:00:00,11693.0
2013-01-06 03:00:00,11552.0
2013-01-06 04:00:00,11590.0
2013-01-06 05:00:00,11855.0
2013-01-06 06:00:00,12399.0
2013-01-06 07:00:00,13026.0
2013-01-06 08:00:00,13873.0
2013-01-06 09:00:00,14481.0
2013-01-06 10:00:00,14736.0
2013-01-06 11:00:00,14805.0
2013-01-06 12:00:00,14745.0
2013-01-06 13:00:00,14545.0
2013-01-06 14:00:00,14403.0
2013-01-06 15:00:00,14544.0
2013-01-06 16:00:00,15788.0
2013-01-06 17:00:00,17216.0
2013-01-06 18:00:00,17178.0
2013-01-06 19:00:00,16662.0
2013-01-06 20:00:00,15995.0
2013-01-06 21:00:00,14913.0
2013-01-06 22:00:00,13689.0
2013-01-06 23:00:00,12562.0
2013-01-07 00:00:00,11829.0
2013-01-07 01:00:00,11458.0
2013-01-07 02:00:00,11338.0
2013-01-07 03:00:00,11395.0
2013-01-07 04:00:00,11803.0
2013-01-07 05:00:00,12969.0
2013-01-07 06:00:00,15049.0
2013-01-07 07:00:00,16136.0
2013-01-07 08:00:00,16223.0
2013-01-07 09:00:00,16210.0
2013-01-07 10:00:00,16217.0
2013-01-07 11:00:00,16146.0
2013-01-07 12:00:00,15967.0
2013-01-07 13:00:00,15848.0
2013-01-07 14:00:00,15691.0
2013-01-07 15:00:00,15831.0
2013-01-07 16:00:00,16788.0
2013-01-07 17:00:00,18221.0
2013-01-07 18:00:00,18316.0
2013-01-07 19:00:00,18029.0
2013-01-07 20:00:00,17368.0
2013-01-07 21:00:00,16245.0
2013-01-07 22:00:00,14818.0
2013-01-07 23:00:00,13511.0
2013-01-08 00:00:00,12695.0
2013-01-08 01:00:00,12282.0
2013-01-08 02:00:00,12107.0
2013-01-08 03:00:00,12115.0
2013-01-08 04:00:00,12469.0
2013-01-08 05:00:00,13588.0
2013-01-08 06:00:00,15607.0
2013-01-08 07:00:00,16591.0
2013-01-08 08:00:00,16577.0
2013-01-08 09:00:00,16455.0
2013-01-08 10:00:00,16312.0
2013-01-08 11:00:00,16121.0
2013-01-08 12:00:00,15885.0
2013-01-08 13:00:00,15744.0
2013-01-08 14:00:00,15563.0
2013-01-08 15:00:00,15638.0
2013-01-08 16:00:00,16678.0
2013-01-08 17:00:00,18048.0
2013-01-08 18:00:00,18006.0
2013-01-08 19:00:00,17580.0
2013-01-08 20:00:00,16861.0
2013-01-08 21:00:00,15721.0
2013-01-08 22:00:00,14241.0
2013-01-08 23:00:00,12920.0
2013-01-09 00:00:00,12129.0
2013-01-09 01:00:00,11725.0
2013-01-09 02:00:00,11574.0
2013-01-09 03:00:00,11637.0
2013-01-09 04:00:00,12044.0
2013-01-09 05:00:00,13212.0
2013-01-09 06:00:00,15352.0
2013-01-09 07:00:00,16445.0
2013-01-09 08:00:00,16510.0
2013-01-09 09:00:00,16480.0
2013-01-09 10:00:00,16442.0
2013-01-09 11:00:00,16354.0
2013-01-09 12:00:00,16249.0
2013-01-09 13:00:00,16182.0
2013-01-09 14:00:00,16119.0
2013-01-09 15:00:00,16360.0
2013-01-09 16:00:00,17293.0
2013-01-09 17:00:00,18155.0
2013-01-09 18:00:00,17973.0
2013-01-09 19:00:00,17470.0
2013-01-09 20:00:00,16729.0
2013-01-09 21:00:00,15541.0
2013-01-09 22:00:00,14021.0
2013-01-09 23:00:00,12686.0
2013-01-10 00:00:00,11828.0
2013-01-10 01:00:00,11395.0
2013-01-10 02:00:00,11221.0
2013-01-10 03:00:00,11210.0
2013-01-10 04:00:00,11557.0
2013-01-10 05:00:00,12692.0
2013-01-10 06:00:00,14736.0
2013-01-10 07:00:00,15755.0
2013-01-10 08:00:00,15780.0
2013-01-10 09:00:00,15748.0
2013-01-10 10:00:00,15779.0
2013-01-10 11:00:00,15679.0
2013-01-10 12:00:00,15488.0
2013-01-10 13:00:00,15372.0
2013-01-10 14:00:00,15229.0
2013-01-10 15:00:00,15300.0
2013-01-10 16:00:00,16255.0
2013-01-10 17:00:00,17625.0
2013-01-10 18:00:00,17647.0
2013-01-10 19:00:00,17254.0
2013-01-10 20:00:00,16613.0
2013-01-10 21:00:00,15512.0
2013-01-10 22:00:00,14094.0
2013-01-10 23:00:00,12816.0
2013-01-11 00:00:00,12007.0
2013-01-11 01:00:00,11619.0
2013-01-11 02:00:00,11466.0
2013-01-11 03:00:00,11487.0
2013-01-11 04:00:00,11871.0
2013-01-11 05:00:00,12997.0
2013-01-11 06:00:00,15041.0
2013-01-11 07:00:00,16150.0
2013-01-11 08:00:00,16283.0
2013-01-11 09:00:00,16320.0
2013-01-11 10:00:00,16341.0
2013-01-11 11:00:00,16306.0
2013-01-11 12:00:00,16187.0
2013-01-11 13:00:00,16141.0
2013-01-11 14:00:00,16039.0
2013-01-11 15:00:00,16093.0
2013-01-11 16:00:00,16893.0
2013-01-11 17:00:00,17589.0
2013-01-11 18:00:00,17280.0
2013-01-11 19:00:00,16706.0
2013-01-11 20:00:00,16034.0
2013-01-11 21:00:00,15149.0
2013-01-11 22:00:00,13962.0
2013-01-11 23:00:00,12730.0
2013-01-12 00:00:00,11812.0
2013-01-12 01:00:00,11273.0
2013-01-12 02:00:00,10964.0
2013-01-12 03:00:00,10823.0
2013-01-12 04:00:00,10907.0
2013-01-12 05:00:00,11286.0
2013-01-12 06:00:00,12039.0
2013-01-12 07:00:00,12879.0
2013-01-12 08:00:00,13854.0
2013-01-12 09:00:00,14590.0
2013-01-12 10:00:00,14951.0
2013-01-12 11:00:00,15006.0
2013-01-12 12:00:00,14862.0
2013-01-12 13:00:00,14618.0
2013-01-12 14:00:00,14451.0
2013-01-12 15:00:00,14491.0
2013-01-12 16:00:00,15331.0
2013-01-12 17:00:00,16209.0
2013-01-12 18:00:00,16029.0
2013-01-12 19:00:00,15460.0
2013-01-12 20:00:00,14863.0
2013-01-12 21:00:00,14197.0
2013-01-12 22:00:00,13184.0
2013-01-12 23:00:00,12099.0
2013-01-13 00:00:00,11219.0
2013-01-13 01:00:00,10665.0
2013-01-13 02:00:00,10365.0
2013-01-13 03:00:00,10235.0
2013-01-13 04:00:00,10271.0
2013-01-13 05:00:00,10526.0
2013-01-13 06:00:00,11075.0
2013-01-13 07:00:00,11739.0
2013-01-13 08:00:00,12730.0
2013-01-13 09:00:00,13568.0
2013-01-13 10:00:00,14048.0
2013-01-13 11:00:00,14298.0
2013-01-13 12:00:00,14380.0
2013-01-13 13:00:00,14319.0
2013-01-13 14:00:00,14255.0
2013-01-13 15:00:00,14420.0
2013-01-13 16:00:00,15340.0
2013-01-13 17:00:00,16131.0
2013-01-13 18:00:00,16000.0
2013-01-13 19:00:00,15345.0
2013-01-13 20:00:00,14852.0
2013-01-13 21:00:00,13792.0
2013-01-13 22:00:00,12550.0
2013-01-13 23:00:00,11429.0
2013-01-14 00:00:00,10662.0
2013-01-14 01:00:00,10269.0
2013-01-14 02:00:00,10084.0
2013-01-14 03:00:00,10087.0
2013-01-14 04:00:00,10461.0
2013-01-14 05:00:00,11592.0
2013-01-14 06:00:00,13624.0
2013-01-14 07:00:00,14855.0
2013-01-14 08:00:00,15120.0
2013-01-14 09:00:00,15249.0
2013-01-14 10:00:00,15361.0
2013-01-14 11:00:00,15299.0
2013-01-14 12:00:00,15101.0
2013-01-14 13:00:00,14959.0
2013-01-14 14:00:00,14793.0
2013-01-14 15:00:00,14851.0
2013-01-14 16:00:00,15776.0
2013-01-14 17:00:00,17053.0
2013-01-14 18:00:00,17023.0
2013-01-14 19:00:00,16560.0
2013-01-14 20:00:00,15859.0
2013-01-14 21:00:00,14766.0
2013-01-14 22:00:00,13382.0
2013-01-14 23:00:00,12129.0
2013-01-15 00:00:00,11342.0
2013-01-15 01:00:00,10953.0
2013-01-15 02:00:00,10779.0
2013-01-15 03:00:00,10772.0
2013-01-15 04:00:00,11128.0
2013-01-15 05:00:00,12288.0
2013-01-15 06:00:00,14396.0
2013-01-15 07:00:00,15616.0
2013-01-15 08:00:00,15746.0
2013-01-15 09:00:00,15809.0
2013-01-15 10:00:00,15928.0
2013-01-15 11:00:00,15975.0
2013-01-15 12:00:00,15900.0
2013-01-15 13:00:00,15846.0
2013-01-15 14:00:00,15710.0
2013-01-15 15:00:00,15743.0
2013-01-15 16:00:00,16617.0
2013-01-15 17:00:00,17876.0
2013-01-15 18:00:00,17850.0
2013-01-15 19:00:00,17387.0
2013-01-15 20:00:00,16652.0
2013-01-15 21:00:00,15506.0
2013-01-15 22:00:00,14027.0
2013-01-15 23:00:00,12753.0
2013-01-16 00:00:00,11906.0
2013-01-16 01:00:00,11489.0
2013-01-16 02:00:00,11303.0
2013-01-16 03:00:00,11323.0
2013-01-16 04:00:00,11697.0
2013-01-16 05:00:00,12819.0
2013-01-16 06:00:00,14649.0
2013-01-16 07:00:00,15811.0
2013-01-16 08:00:00,16191.0
2013-01-16 09:00:00,16539.0
2013-01-16 10:00:00,16816.0
2013-01-16 11:00:00,16989.0
2013-01-16 12:00:00,17007.0
2013-01-16 13:00:00,16956.0
2013-01-16 14:00:00,16806.0
2013-01-16 15:00:00,16831.0
2013-01-16 16:00:00,17573.0
2013-01-16 17:00:00,18510.0
2013-01-16 18:00:00,18306.0
2013-01-16 19:00:00,17710.0
2013-01-16 20:00:00,16901.0
2013-01-16 21:00:00,15696.0
2013-01-16 22:00:00,14223.0
2013-01-16 23:00:00,12927.0
2013-01-17 00:00:00,12122.0
2013-01-17 01:00:00,11690.0
2013-01-17 02:00:00,11507.0
2013-01-17 03:00:00,11515.0
2013-01-17 04:00:00,11870.0
2013-01-17 05:00:00,13022.0
2013-01-17 06:00:00,15090.0
2013-01-17 07:00:00,16080.0
2013-01-17 08:00:00,16118.0
2013-01-17 09:00:00,16100.0
2013-01-17 10:00:00,16080.0
2013-01-17 11:00:00,15982.0
2013-01-17 12:00:00,15847.0
2013-01-17 13:00:00,15779.0
2013-01-17 14:00:00,15683.0
2013-01-17 15:00:00,15842.0
2013-01-17 16:00:00,16806.0
2013-01-17 17:00:00,18039.0
2013-01-17 18:00:00,18021.0
2013-01-17 19:00:00,17632.0
2013-01-17 20:00:00,17017.0
2013-01-17 21:00:00,15956.0
2013-01-17 22:00:00,14554.0
2013-01-17 23:00:00,13275.0
2013-01-18 00:00:00,12495.0
2013-01-18 01:00:00,12107.0
2013-01-18 02:00:00,11954.0
2013-01-18 03:00:00,12015.0
2013-01-18 04:00:00,12429.0
2013-01-18 05:00:00,13640.0
2013-01-18 06:00:00,15782.0
2013-01-18 07:00:00,16918.0
2013-01-18 08:00:00,17076.0
2013-01-18 09:00:00,17096.0
2013-01-18 10:00:00,17155.0
2013-01-18 11:00:00,17058.0
2013-01-18 12:00:00,16829.0
2013-01-18 13:00:00,16713.0
2013-01-18 14:00:00,16528.0
2013-01-18 15:00:00,16571.0
2013-01-18 16:00:00,17288.0
2013-01-18 17:00:00,18545.0
2013-01-18 18:00:00,18482.0
2013-01-18 19:00:00,18026.0
2013-01-18 20:00:00,17445.0
2013-01-18 21:00:00,16613.0
2013-01-18 22:00:00,15431.0
2013-01-18 23:00:00,14222.0
2013-01-19 00:00:00,13299.0
2013-01-19 01:00:00,12748.0
2013-01-19 02:00:00,12422.0
2013-01-19 03:00:00,12260.0
2013-01-19 04:00:00,12291.0
2013-01-19 05:00:00,12629.0
2013-01-19 06:00:00,13328.0
2013-01-19 07:00:00,14054.0
2013-01-19 08:00:00,14878.0
2013-01-19 09:00:00,15438.0
2013-01-19 10:00:00,15616.0
2013-01-19 11:00:00,15511.0
2013-01-19 12:00:00,15182.0
2013-01-19 13:00:00,14773.0
2013-01-19 14:00:00,14487.0
2013-01-19 15:00:00,14431.0
2013-01-19 16:00:00,15109.0
2013-01-19 17:00:00,16369.0
2013-01-19 18:00:00,16270.0
2013-01-19 19:00:00,15764.0
2013-01-19 20:00:00,15208.0
2013-01-19 21:00:00,14484.0
2013-01-19 22:00:00,13521.0
2013-01-19 23:00:00,12477.0
2013-01-20 00:00:00,11673.0
2013-01-20 01:00:00,11125.0
2013-01-20 02:00:00,10840.0
2013-01-20 03:00:00,10706.0
2013-01-20 04:00:00,10773.0
2013-01-20 05:00:00,11053.0
2013-01-20 06:00:00,11621.0
2013-01-20 07:00:00,12222.0
2013-01-20 08:00:00,13047.0
2013-01-20 09:00:00,13624.0
2013-01-20 10:00:00,13885.0
2013-01-20 11:00:00,14012.0
2013-01-20 12:00:00,14092.0
2013-01-20 13:00:00,14064.0
2013-01-20 14:00:00,13974.0
2013-01-20 15:00:00,14032.0
2013-01-20 16:00:00,14803.0
2013-01-20 17:00:00,16277.0
2013-01-20 18:00:00,16326.0
2013-01-20 19:00:00,15720.0
2013-01-20 20:00:00,15318.0
2013-01-20 21:00:00,14647.0
2013-01-20 22:00:00,13793.0
2013-01-20 23:00:00,12789.0
2013-01-21 00:00:00,12140.0
2013-01-21 01:00:00,11777.0
2013-01-21 02:00:00,11680.0
2013-01-21 03:00:00,11723.0
2013-01-21 04:00:00,12122.0
2013-01-21 05:00:00,13053.0
2013-01-21 06:00:00,14433.0
2013-01-21 07:00:00,15507.0
2013-01-21 08:00:00,16276.0
2013-01-21 09:00:00,16848.0
2013-01-21 10:00:00,17186.0
2013-01-21 11:00:00,17134.0
2013-01-21 12:00:00,16997.0
2013-01-21 13:00:00,17019.0
2013-01-21 14:00:00,16968.0
2013-01-21 15:00:00,17067.0
2013-01-21 16:00:00,17942.0
2013-01-21 17:00:00,19034.0
2013-01-21 18:00:00,18854.0
2013-01-21 19:00:00,18313.0
2013-01-21 20:00:00,17545.0
2013-01-21 21:00:00,16356.0
2013-01-21 22:00:00,14931.0
2013-01-21 23:00:00,13659.0
2013-01-22 00:00:00,12886.0
2013-01-22 01:00:00,12494.0
2013-01-22 02:00:00,12343.0
2013-01-22 03:00:00,12376.0
2013-01-22 04:00:00,12801.0
2013-01-22 05:00:00,14019.0
2013-01-22 06:00:00,16096.0
2013-01-22 07:00:00,17169.0
2013-01-22 08:00:00,17331.0
2013-01-22 09:00:00,17369.0
2013-01-22 10:00:00,17442.0
2013-01-22 11:00:00,17400.0
2013-01-22 12:00:00,17269.0
2013-01-22 13:00:00,17198.0
2013-01-22 14:00:00,17105.0
2013-01-22 15:00:00,17186.0
2013-01-22 16:00:00,17862.0
2013-01-22 17:00:00,19372.0
2013-01-22 18:00:00,19549.0
2013-01-22 19:00:00,19277.0
2013-01-22 20:00:00,18675.0
2013-01-22 21:00:00,17560.0
2013-01-22 22:00:00,16091.0
2013-01-22 23:00:00,14872.0
2013-01-23 00:00:00,14109.0
2013-01-23 01:00:00,13740.0
2013-01-23 02:00:00,13617.0
2013-01-23 03:00:00,13693.0
2013-01-23 04:00:00,14091.0
2013-01-23 05:00:00,15259.0
2013-01-23 06:00:00,17386.0
2013-01-23 07:00:00,18467.0
2013-01-23 08:00:00,18507.0
2013-01-23 09:00:00,18482.0
2013-01-23 10:00:00,18488.0
2013-01-23 11:00:00,18406.0
2013-01-23 12:00:00,18238.0
2013-01-23 13:00:00,18113.0
2013-01-23 14:00:00,17975.0
2013-01-23 15:00:00,18093.0
2013-01-23 16:00:00,18911.0
2013-01-23 17:00:00,20387.0
2013-01-23 18:00:00,20527.0
2013-01-23 19:00:00,20161.0
2013-01-23 20:00:00,19500.0
2013-01-23 21:00:00,18364.0
2013-01-23 22:00:00,16885.0
2013-01-23 23:00:00,15609.0
2013-01-24 00:00:00,14816.0
2013-01-24 01:00:00,14455.0
2013-01-24 02:00:00,14325.0
2013-01-24 03:00:00,14387.0
2013-01-24 04:00:00,14768.0
2013-01-24 05:00:00,15953.0
2013-01-24 06:00:00,18071.0
2013-01-24 07:00:00,19098.0
2013-01-24 08:00:00,19120.0
2013-01-24 09:00:00,19040.0
2013-01-24 10:00:00,18971.0
2013-01-24 11:00:00,18770.0
2013-01-24 12:00:00,18537.0
2013-01-24 13:00:00,18387.0
2013-01-24 14:00:00,18183.0
2013-01-24 15:00:00,18230.0
2013-01-24 16:00:00,18957.0
2013-01-24 17:00:00,20387.0
2013-01-24 18:00:00,20544.0
2013-01-24 19:00:00,20187.0
2013-01-24 20:00:00,19583.0
2013-01-24 21:00:00,18454.0
2013-01-24 22:00:00,16959.0
2013-01-24 23:00:00,15654.0
2013-01-25 00:00:00,14849.0
2013-01-25 01:00:00,14432.0
2013-01-25 02:00:00,14255.0
2013-01-25 03:00:00,14259.0
2013-01-25 04:00:00,14615.0
2013-01-25 05:00:00,15697.0
2013-01-25 06:00:00,17669.0
2013-01-25 07:00:00,18668.0
2013-01-25 08:00:00,18796.0
2013-01-25 09:00:00,18765.0
2013-01-25 10:00:00,18655.0
2013-01-25 11:00:00,18366.0
2013-01-25 12:00:00,18084.0
2013-01-25 13:00:00,17889.0
2013-01-25 14:00:00,17540.0
2013-01-25 15:00:00,17516.0
2013-01-25 16:00:00,18187.0
2013-01-25 17:00:00,19306.0
2013-01-25 18:00:00,19191.0
2013-01-25 19:00:00,18692.0
2013-01-25 20:00:00,18039.0
2013-01-25 21:00:00,17107.0
2013-01-25 22:00:00,15932.0
2013-01-25 23:00:00,14750.0
2013-01-26 00:00:00,13922.0
2013-01-26 01:00:00,13482.0
2013-01-26 02:00:00,13270.0
2013-01-26 03:00:00,13220.0
2013-01-26 04:00:00,13389.0
2013-01-26 05:00:00,13872.0
2013-01-26 06:00:00,14693.0
2013-01-26 07:00:00,15503.0
2013-01-26 08:00:00,16380.0
2013-01-26 09:00:00,16903.0
2013-01-26 10:00:00,17033.0
2013-01-26 11:00:00,16875.0
2013-01-26 12:00:00,16583.0
2013-01-26 13:00:00,16233.0
2013-01-26 14:00:00,16029.0
2013-01-26 15:00:00,16110.0
2013-01-26 16:00:00,16854.0
2013-01-26 17:00:00,18315.0
2013-01-26 18:00:00,18401.0
2013-01-26 19:00:00,17969.0
2013-01-26 20:00:00,17484.0
2013-01-26 21:00:00,16741.0
2013-01-26 22:00:00,15778.0
2013-01-26 23:00:00,14790.0
2013-01-27 00:00:00,14038.0
2013-01-27 01:00:00,13587.0
2013-01-27 02:00:00,13360.0
2013-01-27 03:00:00,13279.0
2013-01-27 04:00:00,13349.0
2013-01-27 05:00:00,13637.0
2013-01-27 06:00:00,14252.0
2013-01-27 07:00:00,14874.0
2013-01-27 08:00:00,15671.0
2013-01-27 09:00:00,16162.0
2013-01-27 10:00:00,16332.0
2013-01-27 11:00:00,16327.0
2013-01-27 12:00:00,16176.0
2013-01-27 13:00:00,15870.0
2013-01-27 14:00:00,15660.0
2013-01-27 15:00:00,15746.0
2013-01-27 16:00:00,16582.0
2013-01-27 17:00:00,18233.0
2013-01-27 18:00:00,18468.0
2013-01-27 19:00:00,18057.0
2013-01-27 20:00:00,17432.0
2013-01-27 21:00:00,16345.0
2013-01-27 22:00:00,15107.0
2013-01-27 23:00:00,14003.0
2013-01-28 00:00:00,13315.0
2013-01-28 01:00:00,12989.0
2013-01-28 02:00:00,12862.0
2013-01-28 03:00:00,12913.0
2013-01-28 04:00:00,13281.0
2013-01-28 05:00:00,14422.0
2013-01-28 06:00:00,16492.0
2013-01-28 07:00:00,17550.0
2013-01-28 08:00:00,17672.0
2013-01-28 09:00:00,17727.0
2013-01-28 10:00:00,17808.0
2013-01-28 11:00:00,17811.0
2013-01-28 12:00:00,17732.0
2013-01-28 13:00:00,17708.0
2013-01-28 14:00:00,17596.0
2013-01-28 15:00:00,17730.0
2013-01-28 16:00:00,18448.0
2013-01-28 17:00:00,19433.0
2013-01-28 18:00:00,19100.0
2013-01-28 19:00:00,18437.0
2013-01-28 20:00:00,17535.0
2013-01-28 21:00:00,16309.0
2013-01-28 22:00:00,14869.0
2013-01-28 23:00:00,13572.0
2013-01-29 00:00:00,12764.0
2013-01-29 01:00:00,12344.0
2013-01-29 02:00:00,12163.0
2013-01-29 03:00:00,12159.0
2013-01-29 04:00:00,12506.0
2013-01-29 05:00:00,13602.0
2013-01-29 06:00:00,15617.0
2013-01-29 07:00:00,16655.0
2013-01-29 08:00:00,16811.0
2013-01-29 09:00:00,16875.0
2013-01-29 10:00:00,16885.0
2013-01-29 11:00:00,16827.0
2013-01-29 12:00:00,16662.0
2013-01-29 13:00:00,16555.0
2013-01-29 14:00:00,16417.0
2013-01-29 15:00:00,16488.0
2013-01-29 16:00:00,17141.0
2013-01-29 17:00:00,18357.0
2013-01-29 18:00:00,18348.0
2013-01-29 19:00:00,17866.0
2013-01-29 20:00:00,17068.0
2013-01-29 21:00:00,15885.0
2013-01-29 22:00:00,14351.0
2013-01-29 23:00:00,13026.0
2013-01-30 00:00:00,12235.0
2013-01-30 01:00:00,11786.0
2013-01-30 02:00:00,11537.0
2013-01-30 03:00:00,11504.0
2013-01-30 04:00:00,11791.0
2013-01-30 05:00:00,12836.0
2013-01-30 06:00:00,14783.0
2013-01-30 07:00:00,15908.0
2013-01-30 08:00:00,16154.0
2013-01-30 09:00:00,16232.0
2013-01-30 10:00:00,16284.0
2013-01-30 11:00:00,16217.0
2013-01-30 12:00:00,16052.0
2013-01-30 13:00:00,15955.0
2013-01-30 14:00:00,15799.0
2013-01-30 15:00:00,15811.0
2013-01-30 16:00:00,16401.0
2013-01-30 17:00:00,17404.0
2013-01-30 18:00:00,17271.0
2013-01-30 19:00:00,16729.0
2013-01-30 20:00:00,15971.0
2013-01-30 21:00:00,14808.0
2013-01-30 22:00:00,13320.0
2013-01-30 23:00:00,12050.0
2013-01-31 00:00:00,11202.0
2013-01-31 01:00:00,10753.0
2013-01-31 02:00:00,10505.0
2013-01-31 03:00:00,10412.0
2013-01-31 04:00:00,10637.0
2013-01-31 05:00:00,11587.0
2013-01-31 06:00:00,13396.0
2013-01-31 07:00:00,14580.0
2013-01-31 08:00:00,14780.0
2013-01-31 09:00:00,14937.0
2013-01-31 10:00:00,15029.0
2013-01-31 11:00:00,15041.0
2013-01-31 12:00:00,14901.0
2013-01-31 13:00:00,14895.0
2013-01-31 14:00:00,14794.0
2013-01-31 15:00:00,14935.0
2013-01-31 16:00:00,15601.0
2013-01-31 17:00:00,17092.0
2013-01-31 18:00:00,17421.0
2013-01-31 19:00:00,17157.0
2013-01-31 20:00:00,16605.0
2013-01-31 21:00:00,15608.0
2013-01-31 22:00:00,14254.0
2013-01-31 23:00:00,13030.0
2013-02-01 00:00:00,12279.0
2013-02-01 01:00:00,11909.0
2013-02-01 02:00:00,11792.0
2013-02-01 03:00:00,11814.0
2013-02-01 04:00:00,12205.0
2013-02-01 05:00:00,13342.0
2013-02-01 06:00:00,15395.0
2013-02-01 07:00:00,16401.0
2013-02-01 08:00:00,16557.0
2013-02-01 09:00:00,16609.0
2013-02-01 10:00:00,16658.0
2013-02-01 11:00:00,16551.0
2013-02-01 12:00:00,16359.0
2013-02-01 13:00:00,16317.0
2013-02-01 14:00:00,16299.0
2013-02-01 15:00:00,16344.0
2013-02-01 16:00:00,16859.0
2013-02-01 17:00:00,18077.0
2013-02-01 18:00:00,18174.0
2013-02-01 19:00:00,17740.0
2013-02-01 20:00:00,17193.0
2013-02-01 21:00:00,16401.0
2013-02-01 22:00:00,15280.0
2013-02-01 23:00:00,14146.0
2013-02-02 00:00:00,13318.0
2013-02-02 01:00:00,12851.0
2013-02-02 02:00:00,12623.0
2013-02-02 03:00:00,12553.0
2013-02-02 04:00:00,12676.0
2013-02-02 05:00:00,13135.0
2013-02-02 06:00:00,13922.0
2013-02-02 07:00:00,14729.0
2013-02-02 08:00:00,15533.0
2013-02-02 09:00:00,15980.0
2013-02-02 10:00:00,16058.0
2013-02-02 11:00:00,15938.0
2013-02-02 12:00:00,15662.0
2013-02-02 13:00:00,15372.0
2013-02-02 14:00:00,15260.0
2013-02-02 15:00:00,15386.0
2013-02-02 16:00:00,16029.0
2013-02-02 17:00:00,17283.0
2013-02-02 18:00:00,17379.0
2013-02-02 19:00:00,16930.0
2013-02-02 20:00:00,16397.0
2013-02-02 21:00:00,15650.0
2013-02-02 22:00:00,14637.0
2013-02-02 23:00:00,13615.0
2013-02-03 00:00:00,12840.0
2013-02-03 01:00:00,12348.0
2013-02-03 02:00:00,12102.0
2013-02-03 03:00:00,12002.0
2013-02-03 04:00:00,12049.0
2013-02-03 05:00:00,12376.0
2013-02-03 06:00:00,12966.0
2013-02-03 07:00:00,13629.0
2013-02-03 08:00:00,14574.0
2013-02-03 09:00:00,15258.0
2013-02-03 10:00:00,15568.0
2013-02-03 11:00:00,15709.0
2013-02-03 12:00:00,15711.0
2013-02-03 13:00:00,15642.0
2013-02-03 14:00:00,15559.0
2013-02-03 15:00:00,15727.0
2013-02-03 16:00:00,16424.0
2013-02-03 17:00:00,17713.0
2013-02-03 18:00:00,17601.0
2013-02-03 19:00:00,16851.0
2013-02-03 20:00:00,16274.0
2013-02-03 21:00:00,15576.0
2013-02-03 22:00:00,14575.0
2013-02-03 23:00:00,13527.0
2013-02-04 00:00:00,12669.0
2013-02-04 01:00:00,12262.0
2013-02-04 02:00:00,12145.0
2013-02-04 03:00:00,12217.0
2013-02-04 04:00:00,12624.0
2013-02-04 05:00:00,13811.0
2013-02-04 06:00:00,15892.0
2013-02-04 07:00:00,16889.0
2013-02-04 08:00:00,16992.0
2013-02-04 09:00:00,16985.0
2013-02-04 10:00:00,17044.0
2013-02-04 11:00:00,17051.0
2013-02-04 12:00:00,16922.0
2013-02-04 13:00:00,16829.0
2013-02-04 14:00:00,16705.0
2013-02-04 15:00:00,16716.0
2013-02-04 16:00:00,17309.0
2013-02-04 17:00:00,18816.0
2013-02-04 18:00:00,19141.0
2013-02-04 19:00:00,18767.0
2013-02-04 20:00:00,18063.0
2013-02-04 21:00:00,16876.0
2013-02-04 22:00:00,15372.0
2013-02-04 23:00:00,14104.0
2013-02-05 00:00:00,13307.0
2013-02-05 01:00:00,12893.0
2013-02-05 02:00:00,12682.0
2013-02-05 03:00:00,12683.0
2013-02-05 04:00:00,13033.0
2013-02-05 05:00:00,14171.0
2013-02-05 06:00:00,16231.0
2013-02-05 07:00:00,17308.0
2013-02-05 08:00:00,17442.0
2013-02-05 09:00:00,17462.0
2013-02-05 10:00:00,17471.0
2013-02-05 11:00:00,17388.0
2013-02-05 12:00:00,17226.0
2013-02-05 13:00:00,17107.0
2013-02-05 14:00:00,16909.0
2013-02-05 15:00:00,16919.0
2013-02-05 16:00:00,17571.0
2013-02-05 17:00:00,18823.0
2013-02-05 18:00:00,18956.0
2013-02-05 19:00:00,18541.0
2013-02-05 20:00:00,17818.0
2013-02-05 21:00:00,16650.0
2013-02-05 22:00:00,15119.0
2013-02-05 23:00:00,13817.0
2013-02-06 00:00:00,12955.0
2013-02-06 01:00:00,12533.0
2013-02-06 02:00:00,12329.0
2013-02-06 03:00:00,12307.0
2013-02-06 04:00:00,12647.0
2013-02-06 05:00:00,13801.0
2013-02-06 06:00:00,15836.0
2013-02-06 07:00:00,16798.0
2013-02-06 08:00:00,16824.0
2013-02-06 09:00:00,16699.0
2013-02-06 10:00:00,16566.0
2013-02-06 11:00:00,16384.0
2013-02-06 12:00:00,16244.0
2013-02-06 13:00:00,16238.0
2013-02-06 14:00:00,16096.0
2013-02-06 15:00:00,16059.0
2013-02-06 16:00:00,16547.0
2013-02-06 17:00:00,17975.0
2013-02-06 18:00:00,18446.0
2013-02-06 19:00:00,18155.0
2013-02-06 20:00:00,17607.0
2013-02-06 21:00:00,16569.0
2013-02-06 22:00:00,15135.0
2013-02-06 23:00:00,13861.0
2013-02-07 00:00:00,13086.0
2013-02-07 01:00:00,12721.0
2013-02-07 02:00:00,12587.0
2013-02-07 03:00:00,12627.0
2013-02-07 04:00:00,13093.0
2013-02-07 05:00:00,14332.0
2013-02-07 06:00:00,16476.0
2013-02-07 07:00:00,17446.0
2013-02-07 08:00:00,17567.0
2013-02-07 09:00:00,17504.0
2013-02-07 10:00:00,17368.0
2013-02-07 11:00:00,17129.0
2013-02-07 12:00:00,16797.0
2013-02-07 13:00:00,16613.0
2013-02-07 14:00:00,16410.0
2013-02-07 15:00:00,16443.0
2013-02-07 16:00:00,16924.0
2013-02-07 17:00:00,18182.0
2013-02-07 18:00:00,18570.0
2013-02-07 19:00:00,18353.0
2013-02-07 20:00:00,17800.0
2013-02-07 21:00:00,16871.0
2013-02-07 22:00:00,15526.0
2013-02-07 23:00:00,14224.0
2013-02-08 00:00:00,13326.0
2013-02-08 01:00:00,12811.0
2013-02-08 02:00:00,12565.0
2013-02-08 03:00:00,12503.0
2013-02-08 04:00:00,12815.0
2013-02-08 05:00:00,13711.0
2013-02-08 06:00:00,15150.0
2013-02-08 07:00:00,16239.0
2013-02-08 08:00:00,17058.0
2013-02-08 09:00:00,17626.0
2013-02-08 10:00:00,17929.0
2013-02-08 11:00:00,18004.0
2013-02-08 12:00:00,17817.0
2013-02-08 13:00:00,17604.0
2013-02-08 14:00:00,17249.0
2013-02-08 15:00:00,16966.0
2013-02-08 16:00:00,17360.0
2013-02-08 17:00:00,18456.0
2013-02-08 18:00:00,18214.0
2013-02-08 19:00:00,17325.0
2013-02-08 20:00:00,16283.0
2013-02-08 21:00:00,15111.0
2013-02-08 22:00:00,13960.0
2013-02-08 23:00:00,12936.0
2013-02-09 00:00:00,12199.0
2013-02-09 01:00:00,11810.0
2013-02-09 02:00:00,11611.0
2013-02-09 03:00:00,11581.0
2013-02-09 04:00:00,11649.0
2013-02-09 05:00:00,11908.0
2013-02-09 06:00:00,12410.0
2013-02-09 07:00:00,12887.0
2013-02-09 08:00:00,13674.0
2013-02-09 09:00:00,14284.0
2013-02-09 10:00:00,14620.0
2013-02-09 11:00:00,14726.0
2013-02-09 12:00:00,14746.0
2013-02-09 13:00:00,14636.0
2013-02-09 14:00:00,14564.0
2013-02-09 15:00:00,14645.0
2013-02-09 16:00:00,15161.0
2013-02-09 17:00:00,16651.0
2013-02-09 18:00:00,17264.0
2013-02-09 19:00:00,16801.0
2013-02-09 20:00:00,16190.0
2013-02-09 21:00:00,15452.0
2013-02-09 22:00:00,14471.0
2013-02-09 23:00:00,13581.0
2013-02-10 00:00:00,12926.0
2013-02-10 01:00:00,12536.0
2013-02-10 02:00:00,12380.0
2013-02-10 03:00:00,12328.0
2013-02-10 04:00:00,12421.0
2013-02-10 05:00:00,12763.0
2013-02-10 06:00:00,13296.0
2013-02-10 07:00:00,13862.0
2013-02-10 08:00:00,14545.0
2013-02-10 09:00:00,14915.0
2013-02-10 10:00:00,15016.0
2013-02-10 11:00:00,14961.0
2013-02-10 12:00:00,14758.0
2013-02-10 13:00:00,14457.0
2013-02-10 14:00:00,14239.0
2013-02-10 15:00:00,14339.0
2013-02-10 16:00:00,14953.0
2013-02-10 17:00:00,16560.0
2013-02-10 18:00:00,17224.0
2013-02-10 19:00:00,16881.0
2013-02-10 20:00:00,16270.0
2013-02-10 21:00:00,15388.0
2013-02-10 22:00:00,14336.0
2013-02-10 23:00:00,13402.0
2013-02-11 00:00:00,12726.0
2013-02-11 01:00:00,12382.0
2013-02-11 02:00:00,12215.0
2013-02-11 03:00:00,12213.0
2013-02-11 04:00:00,12538.0
2013-02-11 05:00:00,13485.0
2013-02-11 06:00:00,15024.0
2013-02-11 07:00:00,16005.0
2013-02-11 08:00:00,16565.0
2013-02-11 09:00:00,16971.0
2013-02-11 10:00:00,17265.0
2013-02-11 11:00:00,17365.0
2013-02-11 12:00:00,17269.0
2013-02-11 13:00:00,17075.0
2013-02-11 14:00:00,16792.0
2013-02-11 15:00:00,16663.0
2013-02-11 16:00:00,16943.0
2013-02-11 17:00:00,17976.0
2013-02-11 18:00:00,18133.0
2013-02-11 19:00:00,17550.0
2013-02-11 20:00:00,16706.0
2013-02-11 21:00:00,15545.0
2013-02-11 22:00:00,14110.0
2013-02-11 23:00:00,12855.0
2013-02-12 00:00:00,12062.0
2013-02-12 01:00:00,11644.0
2013-02-12 02:00:00,11450.0
2013-02-12 03:00:00,11463.0
2013-02-12 04:00:00,11852.0
2013-02-12 05:00:00,12923.0
2013-02-12 06:00:00,14738.0
2013-02-12 07:00:00,15619.0
2013-02-12 08:00:00,15813.0
2013-02-12 09:00:00,15867.0
2013-02-12 10:00:00,15918.0
2013-02-12 11:00:00,15896.0
2013-02-12 12:00:00,15732.0
2013-02-12 13:00:00,15640.0
2013-02-12 14:00:00,15557.0
2013-02-12 15:00:00,15637.0
2013-02-12 16:00:00,16076.0
2013-02-12 17:00:00,17253.0
2013-02-12 18:00:00,17710.0
2013-02-12 19:00:00,17371.0
2013-02-12 20:00:00,16759.0
2013-02-12 21:00:00,15679.0
2013-02-12 22:00:00,14274.0
2013-02-12 23:00:00,13031.0
2013-02-13 00:00:00,12207.0
2013-02-13 01:00:00,11784.0
2013-02-13 02:00:00,11608.0
2013-02-13 03:00:00,11624.0
2013-02-13 04:00:00,12028.0
2013-02-13 05:00:00,13197.0
2013-02-13 06:00:00,15150.0
2013-02-13 07:00:00,16003.0
2013-02-13 08:00:00,16016.0
2013-02-13 09:00:00,15901.0
2013-02-13 10:00:00,15835.0
2013-02-13 11:00:00,15654.0
2013-02-13 12:00:00,15442.0
2013-02-13 13:00:00,15313.0
2013-02-13 14:00:00,15126.0
2013-02-13 15:00:00,15088.0
2013-02-13 16:00:00,15569.0
2013-02-13 17:00:00,16910.0
2013-02-13 18:00:00,17462.0
2013-02-13 19:00:00,17166.0
2013-02-13 20:00:00,16594.0
2013-02-13 21:00:00,15581.0
2013-02-13 22:00:00,14194.0
2013-02-13 23:00:00,12906.0
2013-02-14 00:00:00,12098.0
2013-02-14 01:00:00,11647.0
2013-02-14 02:00:00,11452.0
2013-02-14 03:00:00,11475.0
2013-02-14 04:00:00,11847.0
2013-02-14 05:00:00,13032.0
2013-02-14 06:00:00,15021.0
2013-02-14 07:00:00,15917.0
2013-02-14 08:00:00,15949.0
2013-02-14 09:00:00,15848.0
2013-02-14 10:00:00,15781.0
2013-02-14 11:00:00,15614.0
2013-02-14 12:00:00,15335.0
2013-02-14 13:00:00,15167.0
2013-02-14 14:00:00,14952.0
2013-02-14 15:00:00,14900.0
2013-02-14 16:00:00,15261.0
2013-02-14 17:00:00,16513.0
2013-02-14 18:00:00,17159.0
2013-02-14 19:00:00,16929.0
2013-02-14 20:00:00,16356.0
2013-02-14 21:00:00,15422.0
2013-02-14 22:00:00,14086.0
2013-02-14 23:00:00,12895.0
2013-02-15 00:00:00,12126.0
2013-02-15 01:00:00,11723.0
2013-02-15 02:00:00,11541.0
2013-02-15 03:00:00,11541.0
2013-02-15 04:00:00,11867.0
2013-02-15 05:00:00,12951.0
2013-02-15 06:00:00,14829.0
2013-02-15 07:00:00,15753.0
2013-02-15 08:00:00,15830.0
2013-02-15 09:00:00,15756.0
2013-02-15 10:00:00,15629.0
2013-02-15 11:00:00,15427.0
2013-02-15 12:00:00,15135.0
2013-02-15 13:00:00,14962.0
2013-02-15 14:00:00,14730.0
2013-02-15 15:00:00,14637.0
2013-02-15 16:00:00,14900.0
2013-02-15 17:00:00,15957.0
2013-02-15 18:00:00,16495.0
2013-02-15 19:00:00,16117.0
2013-02-15 20:00:00,15579.0
2013-02-15 21:00:00,14812.0
2013-02-15 22:00:00,13743.0
2013-02-15 23:00:00,12605.0
2013-02-16 00:00:00,11823.0
2013-02-16 01:00:00,11364.0
2013-02-16 02:00:00,11120.0
2013-02-16 03:00:00,11040.0
2013-02-16 04:00:00,11175.0
2013-02-16 05:00:00,11633.0
2013-02-16 06:00:00,12420.0
2013-02-16 07:00:00,13279.0
2013-02-16 08:00:00,14286.0
2013-02-16 09:00:00,14936.0
2013-02-16 10:00:00,15166.0
2013-02-16 11:00:00,15163.0
2013-02-16 12:00:00,14958.0
2013-02-16 13:00:00,14687.0
2013-02-16 14:00:00,14483.0
2013-02-16 15:00:00,14466.0
2013-02-16 16:00:00,14877.0
2013-02-16 17:00:00,16049.0
2013-02-16 18:00:00,16359.0
2013-02-16 19:00:00,15948.0
2013-02-16 20:00:00,15425.0
2013-02-16 21:00:00,14739.0
2013-02-16 22:00:00,13828.0
2013-02-16 23:00:00,12921.0
2013-02-17 00:00:00,12196.0
2013-02-17 01:00:00,11797.0
2013-02-17 02:00:00,11623.0
2013-02-17 03:00:00,11578.0
2013-02-17 04:00:00,11723.0
2013-02-17 05:00:00,12116.0
2013-02-17 06:00:00,12770.0
2013-02-17 07:00:00,13554.0
2013-02-17 08:00:00,14657.0
2013-02-17 09:00:00,15534.0
2013-02-17 10:00:00,16018.0
2013-02-17 11:00:00,16275.0
2013-02-17 12:00:00,16305.0
2013-02-17 13:00:00,16078.0
2013-02-17 14:00:00,15877.0
2013-02-17 15:00:00,15882.0
2013-02-17 16:00:00,16362.0
2013-02-17 17:00:00,17603.0
2013-02-17 18:00:00,18102.0
2013-02-17 19:00:00,17673.0
2013-02-17 20:00:00,17085.0
2013-02-17 21:00:00,16258.0
2013-02-17 22:00:00,15243.0
2013-02-17 23:00:00,14272.0
2013-02-18 00:00:00,13561.0
2013-02-18 01:00:00,13220.0
2013-02-18 02:00:00,13075.0
2013-02-18 03:00:00,13098.0
2013-02-18 04:00:00,13405.0
2013-02-18 05:00:00,14221.0
2013-02-18 06:00:00,15403.0
2013-02-18 07:00:00,16275.0
2013-02-18 08:00:00,16896.0
2013-02-18 09:00:00,17183.0
2013-02-18 10:00:00,17282.0
2013-02-18 11:00:00,17151.0
2013-02-18 12:00:00,16825.0
2013-02-18 13:00:00,16504.0
2013-02-18 14:00:00,16204.0
2013-02-18 15:00:00,16138.0
2013-02-18 16:00:00,16573.0
2013-02-18 17:00:00,17874.0
2013-02-18 18:00:00,18511.0
2013-02-18 19:00:00,18061.0
2013-02-18 20:00:00,17385.0
2013-02-18 21:00:00,16338.0
2013-02-18 22:00:00,15046.0
2013-02-18 23:00:00,13844.0
2013-02-19 00:00:00,13048.0
2013-02-19 01:00:00,12626.0
2013-02-19 02:00:00,12426.0
2013-02-19 03:00:00,12430.0
2013-02-19 04:00:00,12776.0
2013-02-19 05:00:00,13788.0
2013-02-19 06:00:00,15385.0
2013-02-19 07:00:00,16330.0
2013-02-19 08:00:00,16502.0
2013-02-19 09:00:00,16410.0
2013-02-19 10:00:00,16335.0
2013-02-19 11:00:00,16195.0
2013-02-19 12:00:00,15994.0
2013-02-19 13:00:00,15974.0
2013-02-19 14:00:00,15897.0
2013-02-19 15:00:00,15903.0
2013-02-19 16:00:00,16301.0
2013-02-19 17:00:00,17372.0
2013-02-19 18:00:00,17597.0
2013-02-19 19:00:00,17140.0
2013-02-19 20:00:00,16361.0
2013-02-19 21:00:00,15269.0
2013-02-19 22:00:00,13877.0
2013-02-19 23:00:00,12623.0
2013-02-20 00:00:00,11862.0
2013-02-20 01:00:00,11431.0
2013-02-20 02:00:00,11257.0
2013-02-20 03:00:00,11331.0
2013-02-20 04:00:00,11720.0
2013-02-20 05:00:00,12809.0
2013-02-20 06:00:00,14490.0
2013-02-20 07:00:00,15588.0
2013-02-20 08:00:00,15998.0
2013-02-20 09:00:00,16153.0
2013-02-20 10:00:00,16293.0
2013-02-20 11:00:00,16314.0
2013-02-20 12:00:00,16228.0
2013-02-20 13:00:00,16196.0
2013-02-20 14:00:00,16125.0
2013-02-20 15:00:00,16061.0
2013-02-20 16:00:00,16465.0
2013-02-20 17:00:00,17627.0
2013-02-20 18:00:00,18291.0
2013-02-20 19:00:00,17956.0
2013-02-20 20:00:00,17341.0
2013-02-20 21:00:00,16309.0
2013-02-20 22:00:00,14963.0
2013-02-20 23:00:00,13744.0
2013-02-21 00:00:00,12935.0
2013-02-21 01:00:00,12499.0
2013-02-21 02:00:00,12283.0
2013-02-21 03:00:00,12299.0
2013-02-21 04:00:00,12681.0
2013-02-21 05:00:00,13750.0
2013-02-21 06:00:00,15395.0
2013-02-21 07:00:00,16424.0
2013-02-21 08:00:00,16790.0
2013-02-21 09:00:00,16810.0
2013-02-21 10:00:00,16774.0
2013-02-21 11:00:00,16619.0
2013-02-21 12:00:00,16429.0
2013-02-21 13:00:00,16296.0
2013-02-21 14:00:00,16095.0
2013-02-21 15:00:00,16048.0
2013-02-21 16:00:00,16424.0
2013-02-21 17:00:00,17597.0
2013-02-21 18:00:00,18394.0
2013-02-21 19:00:00,18108.0
2013-02-21 20:00:00,17467.0
2013-02-21 21:00:00,16459.0
2013-02-21 22:00:00,15116.0
2013-02-21 23:00:00,13879.0
2013-02-22 00:00:00,13070.0
2013-02-22 01:00:00,12632.0
2013-02-22 02:00:00,12412.0
2013-02-22 03:00:00,12388.0
2013-02-22 04:00:00,12712.0
2013-02-22 05:00:00,13717.0
2013-02-22 06:00:00,15222.0
2013-02-22 07:00:00,16186.0
2013-02-22 08:00:00,16475.0
2013-02-22 09:00:00,16493.0
2013-02-22 10:00:00,16398.0
2013-02-22 11:00:00,16188.0
2013-02-22 12:00:00,15885.0
2013-02-22 13:00:00,15670.0
2013-02-22 14:00:00,15447.0
2013-02-22 15:00:00,15348.0
2013-02-22 16:00:00,15638.0
2013-02-22 17:00:00,16599.0
2013-02-22 18:00:00,17095.0
2013-02-22 19:00:00,16674.0
2013-02-22 20:00:00,16090.0
2013-02-22 21:00:00,15240.0
2013-02-22 22:00:00,14174.0
2013-02-22 23:00:00,13031.0
2013-02-23 00:00:00,12216.0
2013-02-23 01:00:00,11726.0
2013-02-23 02:00:00,11439.0
2013-02-23 03:00:00,11332.0
2013-02-23 04:00:00,11418.0
2013-02-23 05:00:00,11807.0
2013-02-23 06:00:00,12521.0
2013-02-23 07:00:00,13351.0
2013-02-23 08:00:00,14372.0
2013-02-23 09:00:00,15048.0
2013-02-23 10:00:00,15327.0
2013-02-23 11:00:00,15363.0
2013-02-23 12:00:00,15236.0
2013-02-23 13:00:00,15045.0
2013-02-23 14:00:00,14901.0
2013-02-23 15:00:00,14869.0
2013-02-23 16:00:00,15241.0
2013-02-23 17:00:00,16205.0
2013-02-23 18:00:00,16518.0
2013-02-23 19:00:00,16054.0
2013-02-23 20:00:00,15441.0
2013-02-23 21:00:00,14650.0
2013-02-23 22:00:00,13676.0
2013-02-23 23:00:00,12663.0
2013-02-24 00:00:00,11901.0
2013-02-24 01:00:00,11389.0
2013-02-24 02:00:00,11090.0
2013-02-24 03:00:00,10964.0
2013-02-24 04:00:00,11001.0
2013-02-24 05:00:00,11254.0
2013-02-24 06:00:00,11723.0
2013-02-24 07:00:00,12345.0
2013-02-24 08:00:00,13350.0
2013-02-24 09:00:00,14184.0
2013-02-24 10:00:00,14695.0
2013-02-24 11:00:00,15066.0
2013-02-24 12:00:00,15204.0
2013-02-24 13:00:00,15111.0
2013-02-24 14:00:00,14943.0
2013-02-24 15:00:00,14954.0
2013-02-24 16:00:00,15365.0
2013-02-24 17:00:00,16527.0
2013-02-24 18:00:00,17007.0
2013-02-24 19:00:00,16541.0
2013-02-24 20:00:00,15805.0
2013-02-24 21:00:00,14776.0
2013-02-24 22:00:00,13649.0
2013-02-24 23:00:00,12610.0
2013-02-25 00:00:00,11901.0
2013-02-25 01:00:00,11475.0
2013-02-25 02:00:00,11314.0
2013-02-25 03:00:00,11358.0
2013-02-25 04:00:00,11756.0
2013-02-25 05:00:00,12914.0
2013-02-25 06:00:00,14746.0
2013-02-25 07:00:00,15658.0
2013-02-25 08:00:00,15807.0
2013-02-25 09:00:00,15839.0
2013-02-25 10:00:00,15801.0
2013-02-25 11:00:00,15721.0
2013-02-25 12:00:00,15571.0
2013-02-25 13:00:00,15481.0
2013-02-25 14:00:00,15364.0
2013-02-25 15:00:00,15395.0
2013-02-25 16:00:00,15838.0
2013-02-25 17:00:00,16949.0
2013-02-25 18:00:00,17536.0
2013-02-25 19:00:00,17138.0
2013-02-25 20:00:00,16421.0
2013-02-25 21:00:00,15293.0
2013-02-25 22:00:00,13910.0
2013-02-25 23:00:00,12673.0
2013-02-26 00:00:00,11887.0
2013-02-26 01:00:00,11492.0
2013-02-26 02:00:00,11321.0
2013-02-26 03:00:00,11332.0
2013-02-26 04:00:00,11702.0
2013-02-26 05:00:00,12836.0
2013-02-26 06:00:00,14686.0
2013-02-26 07:00:00,15665.0
2013-02-26 08:00:00,15740.0
2013-02-26 09:00:00,15653.0
2013-02-26 10:00:00,15636.0
2013-02-26 11:00:00,15537.0
2013-02-26 12:00:00,15424.0
2013-02-26 13:00:00,15374.0
2013-02-26 14:00:00,15265.0
2013-02-26 15:00:00,15322.0
2013-02-26 16:00:00,15728.0
2013-02-26 17:00:00,16843.0
2013-02-26 18:00:00,17480.0
2013-02-26 19:00:00,17119.0
2013-02-26 20:00:00,16442.0
2013-02-26 21:00:00,15390.0
2013-02-26 22:00:00,13955.0
2013-02-26 23:00:00,12707.0
2013-02-27 00:00:00,11897.0
2013-02-27 01:00:00,11487.0
2013-02-27 02:00:00,11281.0
2013-02-27 03:00:00,11254.0
2013-02-27 04:00:00,11587.0
2013-02-27 05:00:00,12688.0
2013-02-27 06:00:00,14544.0
2013-02-27 07:00:00,15673.0
2013-02-27 08:00:00,16061.0
2013-02-27 09:00:00,16267.0
2013-02-27 10:00:00,16459.0
2013-02-27 11:00:00,16544.0
2013-02-27 12:00:00,16495.0
2013-02-27 13:00:00,16463.0
2013-02-27 14:00:00,16362.0
2013-02-27 15:00:00,16400.0
2013-02-27 16:00:00,16778.0
2013-02-27 17:00:00,17582.0
2013-02-27 18:00:00,17830.0
2013-02-27 19:00:00,17331.0
2013-02-27 20:00:00,16542.0
2013-02-27 21:00:00,15395.0
2013-02-27 22:00:00,13951.0
2013-02-27 23:00:00,12688.0
2013-02-28 00:00:00,11880.0
2013-02-28 01:00:00,11430.0
2013-02-28 02:00:00,11211.0
2013-02-28 03:00:00,11196.0
2013-02-28 04:00:00,11535.0
2013-02-28 05:00:00,12618.0
2013-02-28 06:00:00,14444.0
2013-02-28 07:00:00,15477.0
2013-02-28 08:00:00,15757.0
2013-02-28 09:00:00,15802.0
2013-02-28 10:00:00,15813.0
2013-02-28 11:00:00,15691.0
2013-02-28 12:00:00,15449.0
2013-02-28 13:00:00,15255.0
2013-02-28 14:00:00,15080.0
2013-02-28 15:00:00,15057.0
2013-02-28 16:00:00,15416.0
2013-02-28 17:00:00,16369.0
2013-02-28 18:00:00,17017.0
2013-02-28 19:00:00,16721.0
2013-02-28 20:00:00,16115.0
2013-02-28 21:00:00,15092.0
2013-02-28 22:00:00,13705.0
2013-02-28 23:00:00,12454.0
2013-03-01 00:00:00,11654.0
2013-03-01 01:00:00,11243.0
2013-03-01 02:00:00,11030.0
2013-03-01 03:00:00,11019.0
2013-03-01 04:00:00,11359.0
2013-03-01 05:00:00,12437.0
2013-03-01 06:00:00,14187.0
2013-03-01 07:00:00,15190.0
2013-03-01 08:00:00,15449.0
2013-03-01 09:00:00,15570.0
2013-03-01 10:00:00,15625.0
2013-03-01 11:00:00,15543.0
2013-03-01 12:00:00,15375.0
2013-03-01 13:00:00,15328.0
2013-03-01 14:00:00,15233.0
2013-03-01 15:00:00,15245.0
2013-03-01 16:00:00,15569.0
2013-03-01 17:00:00,16311.0
2013-03-01 18:00:00,16671.0
2013-03-01 19:00:00,16266.0
2013-03-01 20:00:00,15692.0
2013-03-01 21:00:00,14876.0
2013-03-01 22:00:00,13778.0
2013-03-01 23:00:00,12651.0
2013-03-02 00:00:00,11834.0
2013-03-02 01:00:00,11357.0
2013-03-02 02:00:00,11120.0
2013-03-02 03:00:00,11032.0
2013-03-02 04:00:00,11124.0
2013-03-02 05:00:00,11584.0
2013-03-02 06:00:00,12245.0
2013-03-02 07:00:00,13090.0
2013-03-02 08:00:00,13955.0
2013-03-02 09:00:00,14487.0
2013-03-02 10:00:00,14675.0
2013-03-02 11:00:00,14599.0
2013-03-02 12:00:00,14388.0
2013-03-02 13:00:00,14187.0
2013-03-02 14:00:00,14086.0
2013-03-02 15:00:00,14114.0
2013-03-02 16:00:00,14472.0
2013-03-02 17:00:00,15340.0
2013-03-02 18:00:00,15854.0
2013-03-02 19:00:00,15493.0
2013-03-02 20:00:00,15002.0
2013-03-02 21:00:00,14298.0
2013-03-02 22:00:00,13386.0
2013-03-02 23:00:00,12418.0
2013-03-03 00:00:00,11671.0
2013-03-03 01:00:00,11221.0
2013-03-03 02:00:00,10990.0
2013-03-03 03:00:00,10903.0
2013-03-03 04:00:00,10968.0
2013-03-03 05:00:00,11299.0
2013-03-03 06:00:00,11775.0
2013-03-03 07:00:00,12505.0
2013-03-03 08:00:00,13420.0
2013-03-03 09:00:00,13993.0
2013-03-03 10:00:00,14185.0
2013-03-03 11:00:00,14246.0
2013-03-03 12:00:00,14203.0
2013-03-03 13:00:00,14039.0
2013-03-03 14:00:00,13925.0
2013-03-03 15:00:00,14013.0
2013-03-03 16:00:00,14557.0
2013-03-03 17:00:00,15642.0
2013-03-03 18:00:00,16456.0
2013-03-03 19:00:00,16177.0
2013-03-03 20:00:00,15556.0
2013-03-03 21:00:00,14573.0
2013-03-03 22:00:00,13374.0
2013-03-03 23:00:00,12301.0
2013-03-04 00:00:00,11637.0
2013-03-04 01:00:00,11300.0
2013-03-04 02:00:00,11199.0
2013-03-04 03:00:00,11265.0
2013-03-04 04:00:00,11702.0
2013-03-04 05:00:00,12926.0
2013-03-04 06:00:00,14781.0
2013-03-04 07:00:00,15776.0
2013-03-04 08:00:00,15947.0
2013-03-04 09:00:00,15978.0
2013-03-04 10:00:00,15995.0
2013-03-04 11:00:00,15922.0
2013-03-04 12:00:00,15756.0
2013-03-04 13:00:00,15648.0
2013-03-04 14:00:00,15500.0
2013-03-04 15:00:00,15534.0
2013-03-04 16:00:00,15927.0
2013-03-04 17:00:00,16939.0
2013-03-04 18:00:00,17803.0
2013-03-04 19:00:00,17530.0
2013-03-04 20:00:00,16835.0
2013-03-04 21:00:00,15681.0
2013-03-04 22:00:00,14195.0
2013-03-04 23:00:00,12931.0
2013-03-05 00:00:00,12155.0
2013-03-05 01:00:00,11766.0
2013-03-05 02:00:00,11591.0
2013-03-05 03:00:00,11585.0
2013-03-05 04:00:00,11964.0
2013-03-05 05:00:00,13105.0
2013-03-05 06:00:00,14882.0
2013-03-05 07:00:00,15843.0
2013-03-05 08:00:00,15943.0
2013-03-05 09:00:00,15887.0
2013-03-05 10:00:00,15805.0
2013-03-05 11:00:00,15618.0
2013-03-05 12:00:00,15351.0
2013-03-05 13:00:00,15239.0
2013-03-05 14:00:00,15072.0
2013-03-05 15:00:00,15045.0
2013-03-05 16:00:00,15408.0
2013-03-05 17:00:00,16317.0
2013-03-05 18:00:00,17187.0
2013-03-05 19:00:00,16914.0
2013-03-05 20:00:00,16230.0
2013-03-05 21:00:00,15146.0
2013-03-05 22:00:00,13713.0
2013-03-05 23:00:00,12458.0
2013-03-06 00:00:00,11666.0
2013-03-06 01:00:00,11260.0
2013-03-06 02:00:00,11059.0
2013-03-06 03:00:00,11063.0
2013-03-06 04:00:00,11427.0
2013-03-06 05:00:00,12605.0
2013-03-06 06:00:00,14483.0
2013-03-06 07:00:00,15603.0
2013-03-06 08:00:00,15889.0
2013-03-06 09:00:00,15990.0
2013-03-06 10:00:00,16073.0
2013-03-06 11:00:00,16041.0
2013-03-06 12:00:00,15922.0
2013-03-06 13:00:00,15878.0
2013-03-06 14:00:00,15813.0
2013-03-06 15:00:00,15936.0
2013-03-06 16:00:00,16397.0
2013-03-06 17:00:00,17240.0
2013-03-06 18:00:00,17842.0
2013-03-06 19:00:00,17505.0
2013-03-06 20:00:00,16817.0
2013-03-06 21:00:00,15662.0
2013-03-06 22:00:00,14207.0
2013-03-06 23:00:00,12901.0
2013-03-07 00:00:00,12115.0
2013-03-07 01:00:00,11703.0
2013-03-07 02:00:00,11519.0
2013-03-07 03:00:00,11533.0
2013-03-07 04:00:00,11921.0
2013-03-07 05:00:00,13068.0
2013-03-07 06:00:00,14949.0
2013-03-07 07:00:00,16070.0
2013-03-07 08:00:00,16407.0
2013-03-07 09:00:00,16565.0
2013-03-07 10:00:00,16703.0
2013-03-07 11:00:00,16722.0
2013-03-07 12:00:00,16602.0
2013-03-07 13:00:00,16520.0
2013-03-07 14:00:00,16389.0
2013-03-07 15:00:00,16414.0
2013-03-07 16:00:00,16760.0
2013-03-07 17:00:00,17549.0
2013-03-07 18:00:00,18134.0
2013-03-07 19:00:00,17760.0
2013-03-07 20:00:00,17027.0
2013-03-07 21:00:00,15878.0
2013-03-07 22:00:00,14385.0
2013-03-07 23:00:00,13140.0
2013-03-08 00:00:00,12349.0
2013-03-08 01:00:00,11949.0
2013-03-08 02:00:00,11761.0
2013-03-08 03:00:00,11753.0
2013-03-08 04:00:00,12103.0
2013-03-08 05:00:00,13128.0
2013-03-08 06:00:00,14531.0
2013-03-08 07:00:00,15564.0
2013-03-08 08:00:00,16273.0
2013-03-08 09:00:00,16705.0
2013-03-08 10:00:00,16956.0
2013-03-08 11:00:00,17054.0
2013-03-08 12:00:00,16942.0
2013-03-08 13:00:00,16734.0
2013-03-08 14:00:00,16389.0
2013-03-08 15:00:00,16134.0
2013-03-08 16:00:00,16246.0
2013-03-08 17:00:00,16771.0
2013-03-08 18:00:00,17375.0
2013-03-08 19:00:00,16859.0
2013-03-08 20:00:00,16175.0
2013-03-08 21:00:00,15256.0
2013-03-08 22:00:00,14082.0
2013-03-08 23:00:00,12949.0
2013-03-09 00:00:00,12129.0
2013-03-09 01:00:00,11670.0
2013-03-09 02:00:00,11425.0
2013-03-09 03:00:00,11371.0
2013-03-09 04:00:00,11504.0
2013-03-09 05:00:00,11972.0
2013-03-09 06:00:00,12543.0
2013-03-09 07:00:00,13328.0
2013-03-09 08:00:00,14047.0
2013-03-09 09:00:00,14402.0
2013-03-09 10:00:00,14435.0
2013-03-09 11:00:00,14262.0
2013-03-09 12:00:00,13955.0
2013-03-09 13:00:00,13601.0
2013-03-09 14:00:00,13314.0
2013-03-09 15:00:00,13215.0
2013-03-09 16:00:00,13451.0
2013-03-09 17:00:00,14227.0
2013-03-09 18:00:00,15341.0
2013-03-09 19:00:00,15162.0
2013-03-09 20:00:00,14759.0
2013-03-09 21:00:00,14130.0
2013-03-09 22:00:00,13259.0
2013-03-09 23:00:00,12350.0
2013-03-10 00:00:00,11676.0
2013-03-10 01:00:00,11480.0
2013-03-10 02:00:00,11284.0
2013-03-10 03:00:00,11090.0
2013-03-10 04:00:00,11069.0
2013-03-10 05:00:00,11288.0
2013-03-10 06:00:00,11740.0
2013-03-10 07:00:00,12209.0
2013-03-10 08:00:00,12961.0
2013-03-10 09:00:00,13550.0
2013-03-10 10:00:00,13861.0
2013-03-10 11:00:00,13980.0
2013-03-10 12:00:00,13861.0
2013-03-10 13:00:00,13574.0
2013-03-10 14:00:00,13281.0
2013-03-10 15:00:00,13136.0
2013-03-10 16:00:00,13261.0
2013-03-10 17:00:00,13735.0
2013-03-10 18:00:00,14568.0
2013-03-10 19:00:00,15605.0
2013-03-10 20:00:00,15348.0
2013-03-10 21:00:00,14432.0
2013-03-10 22:00:00,13254.0
2013-03-10 23:00:00,12089.0
2013-03-11 00:00:00,11281.0
2013-03-11 01:00:00,10870.0
2013-03-11 02:00:00,10709.0
2013-03-11 03:00:00,10710.0
2013-03-11 04:00:00,11046.0
2013-03-11 05:00:00,12106.0
2013-03-11 06:00:00,14116.0
2013-03-11 07:00:00,15328.0
2013-03-11 08:00:00,15541.0
2013-03-11 09:00:00,15541.0
2013-03-11 10:00:00,15529.0
2013-03-11 11:00:00,15410.0
2013-03-11 12:00:00,15195.0
2013-03-11 13:00:00,15043.0
2013-03-11 14:00:00,14774.0
2013-03-11 15:00:00,14606.0
2013-03-11 16:00:00,14752.0
2013-03-11 17:00:00,15245.0
2013-03-11 18:00:00,15835.0
2013-03-11 19:00:00,16429.0
2013-03-11 20:00:00,15948.0
2013-03-11 21:00:00,14865.0
2013-03-11 22:00:00,13465.0
2013-03-11 23:00:00,12153.0
2013-03-12 00:00:00,11260.0
2013-03-12 01:00:00,10773.0
2013-03-12 02:00:00,10544.0
2013-03-12 03:00:00,10481.0
2013-03-12 04:00:00,10744.0
2013-03-12 05:00:00,11786.0
2013-03-12 06:00:00,13754.0
2013-03-12 07:00:00,14999.0
2013-03-12 08:00:00,15223.0
2013-03-12 09:00:00,15356.0
2013-03-12 10:00:00,15511.0
2013-03-12 11:00:00,15578.0
2013-03-12 12:00:00,15494.0
2013-03-12 13:00:00,15469.0
2013-03-12 14:00:00,15318.0
2013-03-12 15:00:00,15280.0
2013-03-12 16:00:00,15553.0
2013-03-12 17:00:00,15984.0
2013-03-12 18:00:00,16293.0
2013-03-12 19:00:00,16477.0
2013-03-12 20:00:00,15887.0
2013-03-12 21:00:00,14769.0
2013-03-12 22:00:00,13285.0
2013-03-12 23:00:00,11992.0
2013-03-13 00:00:00,11142.0
2013-03-13 01:00:00,10682.0
2013-03-13 02:00:00,10483.0
2013-03-13 03:00:00,10459.0
2013-03-13 04:00:00,10781.0
2013-03-13 05:00:00,11888.0
2013-03-13 06:00:00,13926.0
2013-03-13 07:00:00,15087.0
2013-03-13 08:00:00,15178.0
2013-03-13 09:00:00,15122.0
2013-03-13 10:00:00,15142.0
2013-03-13 11:00:00,15055.0
2013-03-13 12:00:00,14877.0
2013-03-13 13:00:00,14747.0
2013-03-13 14:00:00,14488.0
2013-03-13 15:00:00,14291.0
2013-03-13 16:00:00,14411.0
2013-03-13 17:00:00,14731.0
2013-03-13 18:00:00,15183.0
2013-03-13 19:00:00,16071.0
2013-03-13 20:00:00,15822.0
2013-03-13 21:00:00,14912.0
2013-03-13 22:00:00,13550.0
2013-03-13 23:00:00,12308.0
2013-03-14 00:00:00,11526.0
2013-03-14 01:00:00,11118.0
2013-03-14 02:00:00,10954.0
2013-03-14 03:00:00,10992.0
2013-03-14 04:00:00,11321.0
2013-03-14 05:00:00,12462.0
2013-03-14 06:00:00,14563.0
2013-03-14 07:00:00,15729.0
2013-03-14 08:00:00,15946.0
2013-03-14 09:00:00,16043.0
2013-03-14 10:00:00,16045.0
2013-03-14 11:00:00,15914.0
2013-03-14 12:00:00,15743.0
2013-03-14 13:00:00,15689.0
2013-03-14 14:00:00,15532.0
2013-03-14 15:00:00,15497.0
2013-03-14 16:00:00,15679.0
2013-03-14 17:00:00,16057.0
2013-03-14 18:00:00,16583.0
2013-03-14 19:00:00,17371.0
2013-03-14 20:00:00,17126.0
2013-03-14 21:00:00,16192.0
2013-03-14 22:00:00,14781.0
2013-03-14 23:00:00,13478.0
2013-03-15 00:00:00,12632.0
2013-03-15 01:00:00,12229.0
2013-03-15 02:00:00,12040.0
2013-03-15 03:00:00,12055.0
2013-03-15 04:00:00,12398.0
2013-03-15 05:00:00,13481.0
2013-03-15 06:00:00,15453.0
2013-03-15 07:00:00,16502.0
2013-03-15 08:00:00,16644.0
2013-03-15 09:00:00,16615.0
2013-03-15 10:00:00,16502.0
2013-03-15 11:00:00,16259.0
2013-03-15 12:00:00,15869.0
2013-03-15 13:00:00,15579.0
2013-03-15 14:00:00,15301.0
2013-03-15 15:00:00,15131.0
2013-03-15 16:00:00,15165.0
2013-03-15 17:00:00,15377.0
2013-03-15 18:00:00,15755.0
2013-03-15 19:00:00,16246.0
2013-03-15 20:00:00,15889.0
2013-03-15 21:00:00,15084.0
2013-03-15 22:00:00,14047.0
2013-03-15 23:00:00,12885.0
2013-03-16 00:00:00,12041.0
2013-03-16 01:00:00,11552.0
2013-03-16 02:00:00,11289.0
2013-03-16 03:00:00,11229.0
2013-03-16 04:00:00,11338.0
2013-03-16 05:00:00,11761.0
2013-03-16 06:00:00,12537.0
2013-03-16 07:00:00,13349.0
2013-03-16 08:00:00,14223.0
2013-03-16 09:00:00,14773.0
2013-03-16 10:00:00,15003.0
2013-03-16 11:00:00,14966.0
2013-03-16 12:00:00,14677.0
2013-03-16 13:00:00,14321.0
2013-03-16 14:00:00,14082.0
2013-03-16 15:00:00,13994.0
2013-03-16 16:00:00,13988.0
2013-03-16 17:00:00,14229.0
2013-03-16 18:00:00,14778.0
2013-03-16 19:00:00,15366.0
2013-03-16 20:00:00,15091.0
2013-03-16 21:00:00,14441.0
2013-03-16 22:00:00,13510.0
2013-03-16 23:00:00,12556.0
2013-03-17 00:00:00,11805.0
2013-03-17 01:00:00,11363.0
2013-03-17 02:00:00,11149.0
2013-03-17 03:00:00,11104.0
2013-03-17 04:00:00,11198.0
2013-03-17 05:00:00,11509.0
2013-03-17 06:00:00,12112.0
2013-03-17 07:00:00,12759.0
2013-03-17 08:00:00,13612.0
2013-03-17 09:00:00,14233.0
2013-03-17 10:00:00,14490.0
2013-03-17 11:00:00,14585.0
2013-03-17 12:00:00,14514.0
2013-03-17 13:00:00,14272.0
2013-03-17 14:00:00,14039.0
2013-03-17 15:00:00,13945.0
2013-03-17 16:00:00,14050.0
2013-03-17 17:00:00,14392.0
2013-03-17 18:00:00,14964.0
2013-03-17 19:00:00,15998.0
2013-03-17 20:00:00,15847.0
2013-03-17 21:00:00,14956.0
2013-03-17 22:00:00,13785.0
2013-03-17 23:00:00,12737.0
2013-03-18 00:00:00,12052.0
2013-03-18 01:00:00,11748.0
2013-03-18 02:00:00,11706.0
2013-03-18 03:00:00,11795.0
2013-03-18 04:00:00,12213.0
2013-03-18 05:00:00,13390.0
2013-03-18 06:00:00,15481.0
2013-03-18 07:00:00,16579.0
2013-03-18 08:00:00,16697.0
2013-03-18 09:00:00,16621.0
2013-03-18 10:00:00,16537.0
2013-03-18 11:00:00,16304.0
2013-03-18 12:00:00,15996.0
2013-03-18 13:00:00,15811.0
2013-03-18 14:00:00,15570.0
2013-03-18 15:00:00,15512.0
2013-03-18 16:00:00,15776.0
2013-03-18 17:00:00,16339.0
2013-03-18 18:00:00,16906.0
2013-03-18 19:00:00,17363.0
2013-03-18 20:00:00,16869.0
2013-03-18 21:00:00,15777.0
2013-03-18 22:00:00,14339.0
2013-03-18 23:00:00,13094.0
2013-03-19 00:00:00,12288.0
2013-03-19 01:00:00,11861.0
2013-03-19 02:00:00,11675.0
2013-03-19 03:00:00,11650.0
2013-03-19 04:00:00,11988.0
2013-03-19 05:00:00,12938.0
2013-03-19 06:00:00,14458.0
2013-03-19 07:00:00,15583.0
2013-03-19 08:00:00,16308.0
2013-03-19 09:00:00,16730.0
2013-03-19 10:00:00,17012.0
2013-03-19 11:00:00,17158.0
2013-03-19 12:00:00,17120.0
2013-03-19 13:00:00,17030.0
2013-03-19 14:00:00,16766.0
2013-03-19 15:00:00,16572.0
2013-03-19 16:00:00,16587.0
2013-03-19 17:00:00,16799.0
2013-03-19 18:00:00,17029.0
2013-03-19 19:00:00,17427.0
2013-03-19 20:00:00,16880.0
2013-03-19 21:00:00,15748.0
2013-03-19 22:00:00,14307.0
2013-03-19 23:00:00,13035.0
2013-03-20 00:00:00,12227.0
2013-03-20 01:00:00,11829.0
2013-03-20 02:00:00,11669.0
2013-03-20 03:00:00,11678.0
2013-03-20 04:00:00,12046.0
2013-03-20 05:00:00,13120.0
2013-03-20 06:00:00,15109.0
2013-03-20 07:00:00,16091.0
2013-03-20 08:00:00,16219.0
2013-03-20 09:00:00,16172.0
2013-03-20 10:00:00,16194.0
2013-03-20 11:00:00,16115.0
2013-03-20 12:00:00,15920.0
2013-03-20 13:00:00,15742.0
2013-03-20 14:00:00,15471.0
2013-03-20 15:00:00,15269.0
2013-03-20 16:00:00,15339.0
2013-03-20 17:00:00,15672.0
2013-03-20 18:00:00,16034.0
2013-03-20 19:00:00,16869.0
2013-03-20 20:00:00,16671.0
2013-03-20 21:00:00,15675.0
2013-03-20 22:00:00,14260.0
2013-03-20 23:00:00,12982.0
2013-03-21 00:00:00,12194.0
2013-03-21 01:00:00,11776.0
2013-03-21 02:00:00,11609.0
2013-03-21 03:00:00,11622.0
2013-03-21 04:00:00,11960.0
2013-03-21 05:00:00,13101.0
2013-03-21 06:00:00,15148.0
2013-03-21 07:00:00,16182.0
2013-03-21 08:00:00,16287.0
2013-03-21 09:00:00,16196.0
2013-03-21 10:00:00,16157.0
2013-03-21 11:00:00,16041.0
2013-03-21 12:00:00,15775.0
2013-03-21 13:00:00,15621.0
2013-03-21 14:00:00,15400.0
2013-03-21 15:00:00,15316.0
2013-03-21 16:00:00,15497.0
2013-03-21 17:00:00,15853.0
2013-03-21 18:00:00,16227.0
2013-03-21 19:00:00,16916.0
2013-03-21 20:00:00,16626.0
2013-03-21 21:00:00,15629.0
2013-03-21 22:00:00,14226.0
2013-03-21 23:00:00,12979.0
2013-03-22 00:00:00,12165.0
2013-03-22 01:00:00,11762.0
2013-03-22 02:00:00,11596.0
2013-03-22 03:00:00,11605.0
2013-03-22 04:00:00,11945.0
2013-03-22 05:00:00,13033.0
2013-03-22 06:00:00,15018.0
2013-03-22 07:00:00,16082.0
2013-03-22 08:00:00,16190.0
2013-03-22 09:00:00,16089.0
2013-03-22 10:00:00,15948.0
2013-03-22 11:00:00,15769.0
2013-03-22 12:00:00,15453.0
2013-03-22 13:00:00,15321.0
2013-03-22 14:00:00,15126.0
2013-03-22 15:00:00,14993.0
2013-03-22 16:00:00,15037.0
2013-03-22 17:00:00,15218.0
2013-03-22 18:00:00,15436.0
2013-03-22 19:00:00,16079.0
2013-03-22 20:00:00,15904.0
2013-03-22 21:00:00,15166.0
2013-03-22 22:00:00,14100.0
2013-03-22 23:00:00,12975.0
2013-03-23 00:00:00,12131.0
2013-03-23 01:00:00,11645.0
2013-03-23 02:00:00,11424.0
2013-03-23 03:00:00,11338.0
2013-03-23 04:00:00,11459.0
2013-03-23 05:00:00,11870.0
2013-03-23 06:00:00,12631.0
2013-03-23 07:00:00,13426.0
2013-03-23 08:00:00,14266.0
2013-03-23 09:00:00,14755.0
2013-03-23 10:00:00,14958.0
2013-03-23 11:00:00,14860.0
2013-03-23 12:00:00,14564.0
2013-03-23 13:00:00,14202.0
2013-03-23 14:00:00,13889.0
2013-03-23 15:00:00,13708.0
2013-03-23 16:00:00,13747.0
2013-03-23 17:00:00,13981.0
2013-03-23 18:00:00,14335.0
2013-03-23 19:00:00,15115.0
2013-03-23 20:00:00,15045.0
2013-03-23 21:00:00,14422.0
2013-03-23 22:00:00,13505.0
2013-03-23 23:00:00,12530.0
2013-03-24 00:00:00,11736.0
2013-03-24 01:00:00,11250.0
2013-03-24 02:00:00,11017.0
2013-03-24 03:00:00,10928.0
2013-03-24 04:00:00,10996.0
2013-03-24 05:00:00,11285.0
2013-03-24 06:00:00,11813.0
2013-03-24 07:00:00,12429.0
2013-03-24 08:00:00,13230.0
2013-03-24 09:00:00,13772.0
2013-03-24 10:00:00,13938.0
2013-03-24 11:00:00,13914.0
2013-03-24 12:00:00,13782.0
2013-03-24 13:00:00,13508.0
2013-03-24 14:00:00,13225.0
2013-03-24 15:00:00,13102.0
2013-03-24 16:00:00,13251.0
2013-03-24 17:00:00,13691.0
2013-03-24 18:00:00,14211.0
2013-03-24 19:00:00,15178.0
2013-03-24 20:00:00,15052.0
2013-03-24 21:00:00,14104.0
2013-03-24 22:00:00,12903.0
2013-03-24 23:00:00,11801.0
2013-03-25 00:00:00,11102.0
2013-03-25 01:00:00,10763.0
2013-03-25 02:00:00,10641.0
2013-03-25 03:00:00,10709.0
2013-03-25 04:00:00,11106.0
2013-03-25 05:00:00,12267.0
2013-03-25 06:00:00,14301.0
2013-03-25 07:00:00,15431.0
2013-03-25 08:00:00,15638.0
2013-03-25 09:00:00,15659.0
2013-03-25 10:00:00,15632.0
2013-03-25 11:00:00,15527.0
2013-03-25 12:00:00,15404.0
2013-03-25 13:00:00,15370.0
2013-03-25 14:00:00,15232.0
2013-03-25 15:00:00,15164.0
2013-03-25 16:00:00,15403.0
2013-03-25 17:00:00,15874.0
2013-03-25 18:00:00,16228.0
2013-03-25 19:00:00,16672.0
2013-03-25 20:00:00,16237.0
2013-03-25 21:00:00,15108.0
2013-03-25 22:00:00,13666.0
2013-03-25 23:00:00,12381.0
2013-03-26 00:00:00,11564.0
2013-03-26 01:00:00,11138.0
2013-03-26 02:00:00,10951.0
2013-03-26 03:00:00,10953.0
2013-03-26 04:00:00,11293.0
2013-03-26 05:00:00,12420.0
2013-03-26 06:00:00,14448.0
2013-03-26 07:00:00,15522.0
2013-03-26 08:00:00,15707.0
2013-03-26 09:00:00,15629.0
2013-03-26 10:00:00,15552.0
2013-03-26 11:00:00,15368.0
2013-03-26 12:00:00,15179.0
2013-03-26 13:00:00,15016.0
2013-03-26 14:00:00,14753.0
2013-03-26 15:00:00,14564.0
2013-03-26 16:00:00,14631.0
2013-03-26 17:00:00,14907.0
2013-03-26 18:00:00,15183.0
2013-03-26 19:00:00,15981.0
2013-03-26 20:00:00,15872.0
2013-03-26 21:00:00,14913.0
2013-03-26 22:00:00,13528.0
2013-03-26 23:00:00,12268.0
2013-03-27 00:00:00,11516.0
2013-03-27 01:00:00,11134.0
2013-03-27 02:00:00,10993.0
2013-03-27 03:00:00,11036.0
2013-03-27 04:00:00,11415.0
2013-03-27 05:00:00,12572.0
2013-03-27 06:00:00,14569.0
2013-03-27 07:00:00,15506.0
2013-03-27 08:00:00,15496.0
2013-03-27 09:00:00,15335.0
2013-03-27 10:00:00,15218.0
2013-03-27 11:00:00,15058.0
2013-03-27 12:00:00,14841.0
2013-03-27 13:00:00,14770.0
2013-03-27 14:00:00,14608.0
2013-03-27 15:00:00,14518.0
2013-03-27 16:00:00,14650.0
2013-03-27 17:00:00,14943.0
2013-03-27 18:00:00,15182.0
2013-03-27 19:00:00,15903.0
2013-03-27 20:00:00,15729.0
2013-03-27 21:00:00,14741.0
2013-03-27 22:00:00,13358.0
2013-03-27 23:00:00,12055.0
2013-03-28 00:00:00,11231.0
2013-03-28 01:00:00,10817.0
2013-03-28 02:00:00,10629.0
2013-03-28 03:00:00,10625.0
2013-03-28 04:00:00,10951.0
2013-03-28 05:00:00,12030.0
2013-03-28 06:00:00,14028.0
2013-03-28 07:00:00,15116.0
2013-03-28 08:00:00,15342.0
2013-03-28 09:00:00,15339.0
2013-03-28 10:00:00,15326.0
2013-03-28 11:00:00,15187.0
2013-03-28 12:00:00,14979.0
2013-03-28 13:00:00,14900.0
2013-03-28 14:00:00,14716.0
2013-03-28 15:00:00,14656.0
2013-03-28 16:00:00,14775.0
2013-03-28 17:00:00,15052.0
2013-03-28 18:00:00,15256.0
2013-03-28 19:00:00,15786.0
2013-03-28 20:00:00,15560.0
2013-03-28 21:00:00,14642.0
2013-03-28 22:00:00,13319.0
2013-03-28 23:00:00,12089.0
2013-03-29 00:00:00,11204.0
2013-03-29 01:00:00,10736.0
2013-03-29 02:00:00,10524.0
2013-03-29 03:00:00,10534.0
2013-03-29 04:00:00,10807.0
2013-03-29 05:00:00,11691.0
2013-03-29 06:00:00,13126.0
2013-03-29 07:00:00,14103.0
2013-03-29 08:00:00,14532.0
2013-03-29 09:00:00,14664.0
2013-03-29 10:00:00,14677.0
2013-03-29 11:00:00,14527.0
2013-03-29 12:00:00,14319.0
2013-03-29 13:00:00,14160.0
2013-03-29 14:00:00,13977.0
2013-03-29 15:00:00,13788.0
2013-03-29 16:00:00,13811.0
2013-03-29 17:00:00,14023.0
2013-03-29 18:00:00,14158.0
2013-03-29 19:00:00,14669.0
2013-03-29 20:00:00,14550.0
2013-03-29 21:00:00,13820.0
2013-03-29 22:00:00,12796.0
2013-03-29 23:00:00,11712.0
2013-03-30 00:00:00,10904.0
2013-03-30 01:00:00,10403.0
2013-03-30 02:00:00,10157.0
2013-03-30 03:00:00,10085.0
2013-03-30 04:00:00,10193.0
2013-03-30 05:00:00,10590.0
2013-03-30 06:00:00,11294.0
2013-03-30 07:00:00,12152.0
2013-03-30 08:00:00,13054.0
2013-03-30 09:00:00,13520.0
2013-03-30 10:00:00,13615.0
2013-03-30 11:00:00,13514.0
2013-03-30 12:00:00,13261.0
2013-03-30 13:00:00,12940.0
2013-03-30 14:00:00,12667.0
2013-03-30 15:00:00,12516.0
2013-03-30 16:00:00,12581.0
2013-03-30 17:00:00,12843.0
2013-03-30 18:00:00,13111.0
2013-03-30 19:00:00,13909.0
2013-03-30 20:00:00,14026.0
2013-03-30 21:00:00,13458.0
2013-03-30 22:00:00,12584.0
2013-03-30 23:00:00,11564.0
2013-03-31 00:00:00,10756.0
2013-03-31 01:00:00,10293.0
2013-03-31 02:00:00,10072.0
2013-03-31 03:00:00,10027.0
2013-03-31 04:00:00,10130.0
2013-03-31 05:00:00,10465.0
2013-03-31 06:00:00,11036.0
2013-03-31 07:00:00,11842.0
2013-03-31 08:00:00,12709.0
2013-03-31 09:00:00,13176.0
2013-03-31 10:00:00,13227.0
2013-03-31 11:00:00,13146.0
2013-03-31 12:00:00,12917.0
2013-03-31 13:00:00,12445.0
2013-03-31 14:00:00,12042.0
2013-03-31 15:00:00,11875.0
2013-03-31 16:00:00,11987.0
2013-03-31 17:00:00,12335.0
2013-03-31 18:00:00,12960.0
2013-03-31 19:00:00,13896.0
2013-03-31 20:00:00,13885.0
2013-03-31 21:00:00,13053.0
2013-03-31 22:00:00,11974.0
2013-03-31 23:00:00,10968.0
2013-04-01 00:00:00,10291.0
2013-04-01 01:00:00,9937.0
2013-04-01 02:00:00,9788.0
2013-04-01 03:00:00,9777.0
2013-04-01 04:00:00,10109.0
2013-04-01 05:00:00,11248.0
2013-04-01 06:00:00,13201.0
2013-04-01 07:00:00,14327.0
2013-04-01 08:00:00,14546.0
2013-04-01 09:00:00,14633.0
2013-04-01 10:00:00,14755.0
2013-04-01 11:00:00,14722.0
2013-04-01 12:00:00,14612.0
2013-04-01 13:00:00,14564.0
2013-04-01 14:00:00,14430.0
2013-04-01 15:00:00,14361.0
2013-04-01 16:00:00,14535.0
2013-04-01 17:00:00,14987.0
2013-04-01 18:00:00,15181.0
2013-04-01 19:00:00,15770.0
2013-04-01 20:00:00,15654.0
2013-04-01 21:00:00,14650.0
2013-04-01 22:00:00,13255.0
2013-04-01 23:00:00,12036.0
2013-04-02 00:00:00,11306.0
2013-04-02 01:00:00,10925.0
2013-04-02 02:00:00,10784.0
2013-04-02 03:00:00,10798.0
2013-04-02 04:00:00,11202.0
2013-04-02 05:00:00,12407.0
2013-04-02 06:00:00,14400.0
2013-04-02 07:00:00,15448.0
2013-04-02 08:00:00,15597.0
2013-04-02 09:00:00,15612.0
2013-04-02 10:00:00,15685.0
2013-04-02 11:00:00,15597.0
2013-04-02 12:00:00,15433.0
2013-04-02 13:00:00,15319.0
2013-04-02 14:00:00,15096.0
2013-04-02 15:00:00,14966.0
2013-04-02 16:00:00,15099.0
2013-04-02 17:00:00,15444.0
2013-04-02 18:00:00,15767.0
2013-04-02 19:00:00,16521.0
2013-04-02 20:00:00,16503.0
2013-04-02 21:00:00,15441.0
2013-04-02 22:00:00,13940.0
2013-04-02 23:00:00,12645.0
2013-04-03 00:00:00,11865.0
2013-04-03 01:00:00,11439.0
2013-04-03 02:00:00,11243.0
2013-04-03 03:00:00,11237.0
2013-04-03 04:00:00,11601.0
2013-04-03 05:00:00,12778.0
2013-04-03 06:00:00,14713.0
2013-04-03 07:00:00,15703.0
2013-04-03 08:00:00,15789.0
2013-04-03 09:00:00,15729.0
2013-04-03 10:00:00,15674.0
2013-04-03 11:00:00,15533.0
2013-04-03 12:00:00,15304.0
2013-04-03 13:00:00,15122.0
2013-04-03 14:00:00,14829.0
2013-04-03 15:00:00,14640.0
2013-04-03 16:00:00,14694.0
2013-04-03 17:00:00,14954.0
2013-04-03 18:00:00,15266.0
2013-04-03 19:00:00,16157.0
2013-04-03 20:00:00,16205.0
2013-04-03 21:00:00,15245.0
2013-04-03 22:00:00,13864.0
2013-04-03 23:00:00,12554.0
2013-04-04 00:00:00,11757.0
2013-04-04 01:00:00,11378.0
2013-04-04 02:00:00,11207.0
2013-04-04 03:00:00,11219.0
2013-04-04 04:00:00,11589.0
2013-04-04 05:00:00,12746.0
2013-04-04 06:00:00,14694.0
2013-04-04 07:00:00,15651.0
2013-04-04 08:00:00,15662.0
2013-04-04 09:00:00,15546.0
2013-04-04 10:00:00,15417.0
2013-04-04 11:00:00,15208.0
2013-04-04 12:00:00,14897.0
2013-04-04 13:00:00,14693.0
2013-04-04 14:00:00,14396.0
2013-04-04 15:00:00,14177.0
2013-04-04 16:00:00,14176.0
2013-04-04 17:00:00,14363.0
2013-04-04 18:00:00,14672.0
2013-04-04 19:00:00,15526.0
2013-04-04 20:00:00,15612.0
2013-04-04 21:00:00,14646.0
2013-04-04 22:00:00,13220.0
2013-04-04 23:00:00,11969.0
2013-04-05 00:00:00,11166.0
2013-04-05 01:00:00,10733.0
2013-04-05 02:00:00,10522.0
2013-04-05 03:00:00,10513.0
2013-04-05 04:00:00,10825.0
2013-04-05 05:00:00,11905.0
2013-04-05 06:00:00,13841.0
2013-04-05 07:00:00,14951.0
2013-04-05 08:00:00,15240.0
2013-04-05 09:00:00,15244.0
2013-04-05 10:00:00,15159.0
2013-04-05 11:00:00,14989.0
2013-04-05 12:00:00,14668.0
2013-04-05 13:00:00,14436.0
2013-04-05 14:00:00,14119.0
2013-04-05 15:00:00,13882.0
2013-04-05 16:00:00,13802.0
2013-04-05 17:00:00,13823.0
2013-04-05 18:00:00,13879.0
2013-04-05 19:00:00,14483.0
2013-04-05 20:00:00,14622.0
2013-04-05 21:00:00,13894.0
2013-04-05 22:00:00,12857.0
2013-04-05 23:00:00,11776.0
2013-04-06 00:00:00,10969.0
2013-04-06 01:00:00,10543.0
2013-04-06 02:00:00,10329.0
2013-04-06 03:00:00,10293.0
2013-04-06 04:00:00,10456.0
2013-04-06 05:00:00,10966.0
2013-04-06 06:00:00,11714.0
2013-04-06 07:00:00,12665.0
2013-04-06 08:00:00,13546.0
2013-04-06 09:00:00,14059.0
2013-04-06 10:00:00,14209.0
2013-04-06 11:00:00,14091.0
2013-04-06 12:00:00,13799.0
2013-04-06 13:00:00,13415.0
2013-04-06 14:00:00,13084.0
2013-04-06 15:00:00,12874.0
2013-04-06 16:00:00,12880.0
2013-04-06 17:00:00,13091.0
2013-04-06 18:00:00,13349.0
2013-04-06 19:00:00,14046.0
2013-04-06 20:00:00,14278.0
2013-04-06 21:00:00,13722.0
2013-04-06 22:00:00,12809.0
2013-04-06 23:00:00,11866.0
2013-04-07 00:00:00,11111.0
2013-04-07 01:00:00,10670.0
2013-04-07 02:00:00,10447.0
2013-04-07 03:00:00,10380.0
2013-04-07 04:00:00,10470.0
2013-04-07 05:00:00,10783.0
2013-04-07 06:00:00,11190.0
2013-04-07 07:00:00,11881.0
2013-04-07 08:00:00,12714.0
2013-04-07 09:00:00,13259.0
2013-04-07 10:00:00,13484.0
2013-04-07 11:00:00,13587.0
2013-04-07 12:00:00,13453.0
2013-04-07 13:00:00,13158.0
2013-04-07 14:00:00,12901.0
2013-04-07 15:00:00,12846.0
2013-04-07 16:00:00,13033.0
2013-04-07 17:00:00,13461.0
2013-04-07 18:00:00,13904.0
2013-04-07 19:00:00,14543.0
2013-04-07 20:00:00,14561.0
2013-04-07 21:00:00,13571.0
2013-04-07 22:00:00,12336.0
2013-04-07 23:00:00,11222.0
2013-04-08 00:00:00,10442.0
2013-04-08 01:00:00,10049.0
2013-04-08 02:00:00,9890.0
2013-04-08 03:00:00,9910.0
2013-04-08 04:00:00,10279.0
2013-04-08 05:00:00,11417.0
2013-04-08 06:00:00,13275.0
2013-04-08 07:00:00,14370.0
2013-04-08 08:00:00,14614.0
2013-04-08 09:00:00,14667.0
2013-04-08 10:00:00,14704.0
2013-04-08 11:00:00,14588.0
2013-04-08 12:00:00,14433.0
2013-04-08 13:00:00,14330.0
2013-04-08 14:00:00,14115.0
2013-04-08 15:00:00,13965.0
2013-04-08 16:00:00,13940.0
2013-04-08 17:00:00,14040.0
2013-04-08 18:00:00,14194.0
2013-04-08 19:00:00,14951.0
2013-04-08 20:00:00,14979.0
2013-04-08 21:00:00,13889.0
2013-04-08 22:00:00,12478.0
2013-04-08 23:00:00,11219.0
2013-04-09 00:00:00,10371.0
2013-04-09 01:00:00,9896.0
2013-04-09 02:00:00,9686.0
2013-04-09 03:00:00,9656.0
2013-04-09 04:00:00,9951.0
2013-04-09 05:00:00,11042.0
2013-04-09 06:00:00,12932.0
2013-04-09 07:00:00,14095.0
2013-04-09 08:00:00,14377.0
2013-04-09 09:00:00,14502.0
2013-04-09 10:00:00,14648.0
2013-04-09 11:00:00,14722.0
2013-04-09 12:00:00,14660.0
2013-04-09 13:00:00,14637.0
2013-04-09 14:00:00,14471.0
2013-04-09 15:00:00,14292.0
2013-04-09 16:00:00,14255.0
2013-04-09 17:00:00,14295.0
2013-04-09 18:00:00,14269.0
2013-04-09 19:00:00,14890.0
2013-04-09 20:00:00,14965.0
2013-04-09 21:00:00,13887.0
2013-04-09 22:00:00,12429.0
2013-04-09 23:00:00,11130.0
2013-04-10 00:00:00,10271.0
2013-04-10 01:00:00,9785.0
2013-04-10 02:00:00,9570.0
2013-04-10 03:00:00,9541.0
2013-04-10 04:00:00,9809.0
2013-04-10 05:00:00,10842.0
2013-04-10 06:00:00,12693.0
2013-04-10 07:00:00,13868.0
2013-04-10 08:00:00,14215.0
2013-04-10 09:00:00,14362.0
2013-04-10 10:00:00,14454.0
2013-04-10 11:00:00,14472.0
2013-04-10 12:00:00,14362.0
2013-04-10 13:00:00,14347.0
2013-04-10 14:00:00,14252.0
2013-04-10 15:00:00,14174.0
2013-04-10 16:00:00,14180.0
2013-04-10 17:00:00,14396.0
2013-04-10 18:00:00,14667.0
2013-04-10 19:00:00,15177.0
2013-04-10 20:00:00,14897.0
2013-04-10 21:00:00,13831.0
2013-04-10 22:00:00,12405.0
2013-04-10 23:00:00,11144.0
2013-04-11 00:00:00,10315.0
2013-04-11 01:00:00,9883.0
2013-04-11 02:00:00,9651.0
2013-04-11 03:00:00,9629.0
2013-04-11 04:00:00,9905.0
2013-04-11 05:00:00,10963.0
2013-04-11 06:00:00,12819.0
2013-04-11 07:00:00,14010.0
2013-04-11 08:00:00,14339.0
2013-04-11 09:00:00,14499.0
2013-04-11 10:00:00,14627.0
2013-04-11 11:00:00,14612.0
2013-04-11 12:00:00,14469.0
2013-04-11 13:00:00,14411.0
2013-04-11 14:00:00,14230.0
2013-04-11 15:00:00,14082.0
2013-04-11 16:00:00,14148.0
2013-04-11 17:00:00,14384.0
2013-04-11 18:00:00,14643.0
2013-04-11 19:00:00,15227.0
2013-04-11 20:00:00,15096.0
2013-04-11 21:00:00,14119.0
2013-04-11 22:00:00,12703.0
2013-04-11 23:00:00,11429.0
2013-04-12 00:00:00,10648.0
2013-04-12 01:00:00,10203.0
2013-04-12 02:00:00,9994.0
2013-04-12 03:00:00,9988.0
2013-04-12 04:00:00,10282.0
2013-04-12 05:00:00,11354.0
2013-04-12 06:00:00,13243.0
2013-04-12 07:00:00,14553.0
2013-04-12 08:00:00,15107.0
2013-04-12 09:00:00,15415.0
2013-04-12 10:00:00,15725.0
2013-04-12 11:00:00,15849.0
2013-04-12 12:00:00,15815.0
2013-04-12 13:00:00,15754.0
2013-04-12 14:00:00,15554.0
2013-04-12 15:00:00,15435.0
2013-04-12 16:00:00,15490.0
2013-04-12 17:00:00,15591.0
2013-04-12 18:00:00,15541.0
2013-04-12 19:00:00,15658.0
2013-04-12 20:00:00,15410.0
2013-04-12 21:00:00,14536.0
2013-04-12 22:00:00,13365.0
2013-04-12 23:00:00,12158.0
2013-04-13 00:00:00,11293.0
2013-04-13 01:00:00,10792.0
2013-04-13 02:00:00,10513.0
2013-04-13 03:00:00,10409.0
2013-04-13 04:00:00,10492.0
2013-04-13 05:00:00,10878.0
2013-04-13 06:00:00,11499.0
2013-04-13 07:00:00,12434.0
2013-04-13 08:00:00,13375.0
2013-04-13 09:00:00,13913.0
2013-04-13 10:00:00,14019.0
2013-04-13 11:00:00,13823.0
2013-04-13 12:00:00,13509.0
2013-04-13 13:00:00,13138.0
2013-04-13 14:00:00,12855.0
2013-04-13 15:00:00,12721.0
2013-04-13 16:00:00,12797.0
2013-04-13 17:00:00,13039.0
2013-04-13 18:00:00,13237.0
2013-04-13 19:00:00,13725.0
2013-04-13 20:00:00,13814.0
2013-04-13 21:00:00,13179.0
2013-04-13 22:00:00,12253.0
2013-04-13 23:00:00,11260.0
2013-04-14 00:00:00,10527.0
2013-04-14 01:00:00,10055.0
2013-04-14 02:00:00,9803.0
2013-04-14 03:00:00,9704.0
2013-04-14 04:00:00,9743.0
2013-04-14 05:00:00,10014.0
2013-04-14 06:00:00,10360.0
2013-04-14 07:00:00,11017.0
2013-04-14 08:00:00,11858.0
2013-04-14 09:00:00,12531.0
2013-04-14 10:00:00,12887.0
2013-04-14 11:00:00,13014.0
2013-04-14 12:00:00,12955.0
2013-04-14 13:00:00,12781.0
2013-04-14 14:00:00,12597.0
2013-04-14 15:00:00,12541.0
2013-04-14 16:00:00,12710.0
2013-04-14 17:00:00,12981.0
2013-04-14 18:00:00,13144.0
2013-04-14 19:00:00,13714.0
2013-04-14 20:00:00,14091.0
2013-04-14 21:00:00,13305.0
2013-04-14 22:00:00,12244.0
2013-04-14 23:00:00,11246.0
2013-04-15 00:00:00,10578.0
2013-04-15 01:00:00,10211.0
2013-04-15 02:00:00,10064.0
2013-04-15 03:00:00,10092.0
2013-04-15 04:00:00,10448.0
2013-04-15 05:00:00,11399.0
2013-04-15 06:00:00,12735.0
2013-04-15 07:00:00,13839.0
2013-04-15 08:00:00,14302.0
2013-04-15 09:00:00,14486.0
2013-04-15 10:00:00,14555.0
2013-04-15 11:00:00,14487.0
2013-04-15 12:00:00,14270.0
2013-04-15 13:00:00,14123.0
2013-04-15 14:00:00,13871.0
2013-04-15 15:00:00,13615.0
2013-04-15 16:00:00,13586.0
2013-04-15 17:00:00,13722.0
2013-04-15 18:00:00,13855.0
2013-04-15 19:00:00,14457.0
2013-04-15 20:00:00,14758.0
2013-04-15 21:00:00,13850.0
2013-04-15 22:00:00,12556.0
2013-04-15 23:00:00,11393.0
2013-04-16 00:00:00,10602.0
2013-04-16 01:00:00,10198.0
2013-04-16 02:00:00,10012.0
2013-04-16 03:00:00,10001.0
2013-04-16 04:00:00,10327.0
2013-04-16 05:00:00,11305.0
2013-04-16 06:00:00,12702.0
2013-04-16 07:00:00,13824.0
2013-04-16 08:00:00,14262.0
2013-04-16 09:00:00,14410.0
2013-04-16 10:00:00,14488.0
2013-04-16 11:00:00,14459.0
2013-04-16 12:00:00,14315.0
2013-04-16 13:00:00,14270.0
2013-04-16 14:00:00,14121.0
2013-04-16 15:00:00,14031.0
2013-04-16 16:00:00,14152.0
2013-04-16 17:00:00,14313.0
2013-04-16 18:00:00,14404.0
2013-04-16 19:00:00,14774.0
2013-04-16 20:00:00,14761.0
2013-04-16 21:00:00,13782.0
2013-04-16 22:00:00,12502.0
2013-04-16 23:00:00,11293.0
2013-04-17 00:00:00,10462.0
2013-04-17 01:00:00,9984.0
2013-04-17 02:00:00,9741.0
2013-04-17 03:00:00,9685.0
2013-04-17 04:00:00,9955.0
2013-04-17 05:00:00,10849.0
2013-04-17 06:00:00,12229.0
2013-04-17 07:00:00,13391.0
2013-04-17 08:00:00,13921.0
2013-04-17 09:00:00,14132.0
2013-04-17 10:00:00,14282.0
2013-04-17 11:00:00,14295.0
2013-04-17 12:00:00,14192.0
2013-04-17 13:00:00,14164.0
2013-04-17 14:00:00,14026.0
2013-04-17 15:00:00,13895.0
2013-04-17 16:00:00,13872.0
2013-04-17 17:00:00,13892.0
2013-04-17 18:00:00,13871.0
2013-04-17 19:00:00,14234.0
2013-04-17 20:00:00,14593.0
2013-04-17 21:00:00,13712.0
2013-04-17 22:00:00,12382.0
2013-04-17 23:00:00,11155.0
2013-04-18 00:00:00,10322.0
2013-04-18 01:00:00,9890.0
2013-04-18 02:00:00,9667.0
2013-04-18 03:00:00,9653.0
2013-04-18 04:00:00,9986.0
2013-04-18 05:00:00,10943.0
2013-04-18 06:00:00,12304.0
2013-04-18 07:00:00,13458.0
2013-04-18 08:00:00,13979.0
2013-04-18 09:00:00,14217.0
2013-04-18 10:00:00,14365.0
2013-04-18 11:00:00,14389.0
2013-04-18 12:00:00,14297.0
2013-04-18 13:00:00,14298.0
2013-04-18 14:00:00,14145.0
2013-04-18 15:00:00,13986.0
2013-04-18 16:00:00,13981.0
2013-04-18 17:00:00,14105.0
2013-04-18 18:00:00,14284.0
2013-04-18 19:00:00,14692.0
2013-04-18 20:00:00,14713.0
2013-04-18 21:00:00,13788.0
2013-04-18 22:00:00,12467.0
2013-04-18 23:00:00,11266.0
2013-04-19 00:00:00,10428.0
2013-04-19 01:00:00,9976.0
2013-04-19 02:00:00,9726.0
2013-04-19 03:00:00,9670.0
2013-04-19 04:00:00,9901.0
2013-04-19 05:00:00,10764.0
2013-04-19 06:00:00,12077.0
2013-04-19 07:00:00,13332.0
2013-04-19 08:00:00,13957.0
2013-04-19 09:00:00,14343.0
2013-04-19 10:00:00,14639.0
2013-04-19 11:00:00,14723.0
2013-04-19 12:00:00,14666.0
2013-04-19 13:00:00,14608.0
2013-04-19 14:00:00,14442.0
2013-04-19 15:00:00,14264.0
2013-04-19 16:00:00,14182.0
2013-04-19 17:00:00,14189.0
2013-04-19 18:00:00,14103.0
2013-04-19 19:00:00,14271.0
2013-04-19 20:00:00,14214.0
2013-04-19 21:00:00,13462.0
2013-04-19 22:00:00,12413.0
2013-04-19 23:00:00,11290.0
2013-04-20 00:00:00,10420.0
2013-04-20 01:00:00,9891.0
2013-04-20 02:00:00,9572.0
2013-04-20 03:00:00,9406.0
2013-04-20 04:00:00,9406.0
2013-04-20 05:00:00,9700.0
2013-04-20 06:00:00,10231.0
2013-04-20 07:00:00,11129.0
2013-04-20 08:00:00,12147.0
2013-04-20 09:00:00,12866.0
2013-04-20 10:00:00,13177.0
2013-04-20 11:00:00,13187.0
2013-04-20 12:00:00,12987.0
2013-04-20 13:00:00,12704.0
2013-04-20 14:00:00,12482.0
2013-04-20 15:00:00,12312.0
2013-04-20 16:00:00,12343.0
2013-04-20 17:00:00,12509.0
2013-04-20 18:00:00,12604.0
2013-04-20 19:00:00,12951.0
2013-04-20 20:00:00,13403.0
2013-04-20 21:00:00,12847.0
2013-04-20 22:00:00,11977.0
2013-04-20 23:00:00,11056.0
2013-04-21 00:00:00,10307.0
2013-04-21 01:00:00,9866.0
2013-04-21 02:00:00,9645.0
2013-04-21 03:00:00,9577.0
2013-04-21 04:00:00,9658.0
2013-04-21 05:00:00,9935.0
2013-04-21 06:00:00,10280.0
2013-04-21 07:00:00,11012.0
2013-04-21 08:00:00,11852.0
2013-04-21 09:00:00,12438.0
2013-04-21 10:00:00,12679.0
2013-04-21 11:00:00,12724.0
2013-04-21 12:00:00,12636.0
2013-04-21 13:00:00,12420.0
2013-04-21 14:00:00,12197.0
2013-04-21 15:00:00,12114.0
2013-04-21 16:00:00,12285.0
2013-04-21 17:00:00,12659.0
2013-04-21 18:00:00,12953.0
2013-04-21 19:00:00,13536.0
2013-04-21 20:00:00,14089.0
2013-04-21 21:00:00,13296.0
2013-04-21 22:00:00,12118.0
2013-04-21 23:00:00,11032.0
2013-04-22 00:00:00,10310.0
2013-04-22 01:00:00,9957.0
2013-04-22 02:00:00,9819.0
2013-04-22 03:00:00,9888.0
2013-04-22 04:00:00,10294.0
2013-04-22 05:00:00,11438.0
2013-04-22 06:00:00,13159.0
2013-04-22 07:00:00,14281.0
2013-04-22 08:00:00,14461.0
2013-04-22 09:00:00,14519.0
2013-04-22 10:00:00,14572.0
2013-04-22 11:00:00,14518.0
2013-04-22 12:00:00,14362.0
2013-04-22 13:00:00,14286.0
2013-04-22 14:00:00,14060.0
2013-04-22 15:00:00,13892.0
2013-04-22 16:00:00,13940.0
2013-04-22 17:00:00,14155.0
2013-04-22 18:00:00,14328.0
2013-04-22 19:00:00,14794.0
2013-04-22 20:00:00,15218.0
2013-04-22 21:00:00,14237.0
2013-04-22 22:00:00,12855.0
2013-04-22 23:00:00,11591.0
2013-04-23 00:00:00,10797.0
2013-04-23 01:00:00,10387.0
2013-04-23 02:00:00,10204.0
2013-04-23 03:00:00,10181.0
2013-04-23 04:00:00,10508.0
2013-04-23 05:00:00,11581.0
2013-04-23 06:00:00,13362.0
2013-04-23 07:00:00,14653.0
2013-04-23 08:00:00,15076.0
2013-04-23 09:00:00,15291.0
2013-04-23 10:00:00,15473.0
2013-04-23 11:00:00,15523.0
2013-04-23 12:00:00,15447.0
2013-04-23 13:00:00,15412.0
2013-04-23 14:00:00,15279.0
2013-04-23 15:00:00,15255.0
2013-04-23 16:00:00,15420.0
2013-04-23 17:00:00,15705.0
2013-04-23 18:00:00,15729.0
2013-04-23 19:00:00,15851.0
2013-04-23 20:00:00,15776.0
2013-04-23 21:00:00,14738.0
2013-04-23 22:00:00,13241.0
2013-04-23 23:00:00,11919.0
2013-04-24 00:00:00,11055.0
2013-04-24 01:00:00,10580.0
2013-04-24 02:00:00,10350.0
2013-04-24 03:00:00,10312.0
2013-04-24 04:00:00,10601.0
2013-04-24 05:00:00,11636.0
2013-04-24 06:00:00,13362.0
2013-04-24 07:00:00,14477.0
2013-04-24 08:00:00,14658.0
2013-04-24 09:00:00,14647.0
2013-04-24 10:00:00,14657.0
2013-04-24 11:00:00,14595.0
2013-04-24 12:00:00,14467.0
2013-04-24 13:00:00,14454.0
2013-04-24 14:00:00,14311.0
2013-04-24 15:00:00,14165.0
2013-04-24 16:00:00,14092.0
2013-04-24 17:00:00,14085.0
2013-04-24 18:00:00,14032.0
2013-04-24 19:00:00,14482.0
2013-04-24 20:00:00,14847.0
2013-04-24 21:00:00,13887.0
2013-04-24 22:00:00,12455.0
2013-04-24 23:00:00,11160.0
2013-04-25 00:00:00,10318.0
2013-04-25 01:00:00,9857.0
2013-04-25 02:00:00,9630.0
2013-04-25 03:00:00,9595.0
2013-04-25 04:00:00,9844.0
2013-04-25 05:00:00,10825.0
2013-04-25 06:00:00,12491.0
2013-04-25 07:00:00,13713.0
2013-04-25 08:00:00,14159.0
2013-04-25 09:00:00,14299.0
2013-04-25 10:00:00,14397.0
2013-04-25 11:00:00,14366.0
2013-04-25 12:00:00,14249.0
2013-04-25 13:00:00,14212.0
2013-04-25 14:00:00,14051.0
2013-04-25 15:00:00,13888.0
2013-04-25 16:00:00,13864.0
2013-04-25 17:00:00,13863.0
2013-04-25 18:00:00,13810.0
2013-04-25 19:00:00,14137.0
2013-04-25 20:00:00,14661.0
2013-04-25 21:00:00,13812.0
2013-04-25 22:00:00,12464.0
2013-04-25 23:00:00,11213.0
2013-04-26 00:00:00,10368.0
2013-04-26 01:00:00,9941.0
2013-04-26 02:00:00,9750.0
2013-04-26 03:00:00,9729.0
2013-04-26 04:00:00,10030.0
2013-04-26 05:00:00,11022.0
2013-04-26 06:00:00,12634.0
2013-04-26 07:00:00,13759.0
2013-04-26 08:00:00,14048.0
2013-04-26 09:00:00,14162.0
2013-04-26 10:00:00,14262.0
2013-04-26 11:00:00,14216.0
2013-04-26 12:00:00,14099.0
2013-04-26 13:00:00,14042.0
2013-04-26 14:00:00,13864.0
2013-04-26 15:00:00,13669.0
2013-04-26 16:00:00,13566.0
2013-04-26 17:00:00,13509.0
2013-04-26 18:00:00,13402.0
2013-04-26 19:00:00,13653.0
2013-04-26 20:00:00,14069.0
2013-04-26 21:00:00,13415.0
2013-04-26 22:00:00,12322.0
2013-04-26 23:00:00,11209.0
2013-04-27 00:00:00,10340.0
2013-04-27 01:00:00,9843.0
2013-04-27 02:00:00,9595.0
2013-04-27 03:00:00,9513.0
2013-04-27 04:00:00,9629.0
2013-04-27 05:00:00,9997.0
2013-04-27 06:00:00,10567.0
2013-04-27 07:00:00,11456.0
2013-04-27 08:00:00,12241.0
2013-04-27 09:00:00,12683.0
2013-04-27 10:00:00,12814.0
2013-04-27 11:00:00,12742.0
2013-04-27 12:00:00,12569.0
2013-04-27 13:00:00,12333.0
2013-04-27 14:00:00,12134.0
2013-04-27 15:00:00,12036.0
2013-04-27 16:00:00,12111.0
2013-04-27 17:00:00,12288.0
2013-04-27 18:00:00,12394.0
2013-04-27 19:00:00,12721.0
2013-04-27 20:00:00,13207.0
2013-04-27 21:00:00,12646.0
2013-04-27 22:00:00,11713.0
2013-04-27 23:00:00,10729.0
2013-04-28 00:00:00,9948.0
2013-04-28 01:00:00,9482.0
2013-04-28 02:00:00,9233.0
2013-04-28 03:00:00,9147.0
2013-04-28 04:00:00,9209.0
2013-04-28 05:00:00,9411.0
2013-04-28 06:00:00,9735.0
2013-04-28 07:00:00,10481.0
2013-04-28 08:00:00,11342.0
2013-04-28 09:00:00,11946.0
2013-04-28 10:00:00,12232.0
2013-04-28 11:00:00,12305.0
2013-04-28 12:00:00,12229.0
2013-04-28 13:00:00,12070.0
2013-04-28 14:00:00,11938.0
2013-04-28 15:00:00,11901.0
2013-04-28 16:00:00,12076.0
2013-04-28 17:00:00,12421.0
2013-04-28 18:00:00,12648.0
2013-04-28 19:00:00,13139.0
2013-04-28 20:00:00,13620.0
2013-04-28 21:00:00,12747.0
2013-04-28 22:00:00,11486.0
2013-04-28 23:00:00,10334.0
2013-04-29 00:00:00,9601.0
2013-04-29 01:00:00,9228.0
2013-04-29 02:00:00,9073.0
2013-04-29 03:00:00,9085.0
2013-04-29 04:00:00,9420.0
2013-04-29 05:00:00,10427.0
2013-04-29 06:00:00,12188.0
2013-04-29 07:00:00,13470.0
2013-04-29 08:00:00,13845.0
2013-04-29 09:00:00,14074.0
2013-04-29 10:00:00,14292.0
2013-04-29 11:00:00,14377.0
2013-04-29 12:00:00,14320.0
2013-04-29 13:00:00,14318.0
2013-04-29 14:00:00,14150.0
2013-04-29 15:00:00,14014.0
2013-04-29 16:00:00,14042.0
2013-04-29 17:00:00,14123.0
2013-04-29 18:00:00,14107.0
2013-04-29 19:00:00,14381.0
2013-04-29 20:00:00,14666.0
2013-04-29 21:00:00,13629.0
2013-04-29 22:00:00,12150.0
2013-04-29 23:00:00,10838.0
2013-04-30 00:00:00,10022.0
2013-04-30 01:00:00,9568.0
2013-04-30 02:00:00,9339.0
2013-04-30 03:00:00,9310.0
2013-04-30 04:00:00,9600.0
2013-04-30 05:00:00,10582.0
2013-04-30 06:00:00,12246.0
2013-04-30 07:00:00,13431.0
2013-04-30 08:00:00,13772.0
2013-04-30 09:00:00,13947.0
2013-04-30 10:00:00,14097.0
2013-04-30 11:00:00,14167.0
2013-04-30 12:00:00,14123.0
2013-04-30 13:00:00,14142.0
2013-04-30 14:00:00,14080.0
2013-04-30 15:00:00,13946.0
2013-04-30 16:00:00,13900.0
2013-04-30 17:00:00,13892.0
2013-04-30 18:00:00,13816.0
2013-04-30 19:00:00,14027.0
2013-04-30 20:00:00,14554.0
2013-04-30 21:00:00,13661.0
2013-04-30 22:00:00,12205.0
2013-04-30 23:00:00,10886.0
2013-05-01 00:00:00,10057.0
2013-05-01 01:00:00,9610.0
2013-05-01 02:00:00,9403.0
2013-05-01 03:00:00,9394.0
2013-05-01 04:00:00,9695.0
2013-05-01 05:00:00,10673.0
2013-05-01 06:00:00,12352.0
2013-05-01 07:00:00,13502.0
2013-05-01 08:00:00,13832.0
2013-05-01 09:00:00,14018.0
2013-05-01 10:00:00,14229.0
2013-05-01 11:00:00,14314.0
2013-05-01 12:00:00,14273.0
2013-05-01 13:00:00,14301.0
2013-05-01 14:00:00,14193.0
2013-05-01 15:00:00,14087.0
2013-05-01 16:00:00,14058.0
2013-05-01 17:00:00,14041.0
2013-05-01 18:00:00,13930.0
2013-05-01 19:00:00,14103.0
2013-05-01 20:00:00,14629.0
2013-05-01 21:00:00,13764.0
2013-05-01 22:00:00,12287.0
2013-05-01 23:00:00,10934.0
2013-05-02 00:00:00,10068.0
2013-05-02 01:00:00,9633.0
2013-05-02 02:00:00,9411.0
2013-05-02 03:00:00,9397.0
2013-05-02 04:00:00,9677.0
2013-05-02 05:00:00,10581.0
2013-05-02 06:00:00,12244.0
2013-05-02 07:00:00,13443.0
2013-05-02 08:00:00,13875.0
2013-05-02 09:00:00,14153.0
2013-05-02 10:00:00,14445.0
2013-05-02 11:00:00,14610.0
2013-05-02 12:00:00,14618.0
2013-05-02 13:00:00,14684.0
2013-05-02 14:00:00,14605.0
2013-05-02 15:00:00,14436.0
2013-05-02 16:00:00,14306.0
2013-05-02 17:00:00,14226.0
2013-05-02 18:00:00,14134.0
2013-05-02 19:00:00,14355.0
2013-05-02 20:00:00,14650.0
2013-05-02 21:00:00,13717.0
2013-05-02 22:00:00,12287.0
2013-05-02 23:00:00,10972.0
2013-05-03 00:00:00,10123.0
2013-05-03 01:00:00,9666.0
2013-05-03 02:00:00,9433.0
2013-05-03 03:00:00,9384.0
2013-05-03 04:00:00,9654.0
2013-05-03 05:00:00,10515.0
2013-05-03 06:00:00,12130.0
2013-05-03 07:00:00,13348.0
2013-05-03 08:00:00,13766.0
2013-05-03 09:00:00,13936.0
2013-05-03 10:00:00,14078.0
2013-05-03 11:00:00,14135.0
2013-05-03 12:00:00,14053.0
2013-05-03 13:00:00,14044.0
2013-05-03 14:00:00,13881.0
2013-05-03 15:00:00,13717.0
2013-05-03 16:00:00,13639.0
2013-05-03 17:00:00,13552.0
2013-05-03 18:00:00,13373.0
2013-05-03 19:00:00,13447.0
2013-05-03 20:00:00,13960.0
2013-05-03 21:00:00,13332.0
2013-05-03 22:00:00,12226.0
2013-05-03 23:00:00,11029.0
2013-05-04 00:00:00,10155.0
2013-05-04 01:00:00,9647.0
2013-05-04 02:00:00,9396.0
2013-05-04 03:00:00,9279.0
2013-05-04 04:00:00,9360.0
2013-05-04 05:00:00,9627.0
2013-05-04 06:00:00,10196.0
2013-05-04 07:00:00,11174.0
2013-05-04 08:00:00,12075.0
2013-05-04 09:00:00,12573.0
2013-05-04 10:00:00,12757.0
2013-05-04 11:00:00,12750.0
2013-05-04 12:00:00,12614.0
2013-05-04 13:00:00,12404.0
2013-05-04 14:00:00,12235.0
2013-05-04 15:00:00,12141.0
2013-05-04 16:00:00,12207.0
2013-05-04 17:00:00,12386.0
2013-05-04 18:00:00,12428.0
2013-05-04 19:00:00,12611.0
2013-05-04 20:00:00,13204.0
2013-05-04 21:00:00,12721.0
2013-05-04 22:00:00,11783.0
2013-05-04 23:00:00,10754.0
2013-05-05 00:00:00,9965.0
2013-05-05 01:00:00,9498.0
2013-05-05 02:00:00,9259.0
2013-05-05 03:00:00,9169.0
2013-05-05 04:00:00,9227.0
2013-05-05 05:00:00,9378.0
2013-05-05 06:00:00,9732.0
2013-05-05 07:00:00,10494.0
2013-05-05 08:00:00,11354.0
2013-05-05 09:00:00,11965.0
2013-05-05 10:00:00,12222.0
2013-05-05 11:00:00,12292.0
2013-05-05 12:00:00,12248.0
2013-05-05 13:00:00,12096.0
2013-05-05 14:00:00,11954.0
2013-05-05 15:00:00,11940.0
2013-05-05 16:00:00,12130.0
2013-05-05 17:00:00,12462.0
2013-05-05 18:00:00,12678.0
2013-05-05 19:00:00,12969.0
2013-05-05 20:00:00,13585.0
2013-05-05 21:00:00,12834.0
2013-05-05 22:00:00,11574.0
2013-05-05 23:00:00,10430.0
2013-05-06 00:00:00,9703.0
2013-05-06 01:00:00,9336.0
2013-05-06 02:00:00,9183.0
2013-05-06 03:00:00,9187.0
2013-05-06 04:00:00,9524.0
2013-05-06 05:00:00,10485.0
2013-05-06 06:00:00,12230.0
2013-05-06 07:00:00,13508.0
2013-05-06 08:00:00,13918.0
2013-05-06 09:00:00,14084.0
2013-05-06 10:00:00,14229.0
2013-05-06 11:00:00,14344.0
2013-05-06 12:00:00,14338.0
2013-05-06 13:00:00,14400.0
2013-05-06 14:00:00,14315.0
2013-05-06 15:00:00,14208.0
2013-05-06 16:00:00,14231.0
2013-05-06 17:00:00,14255.0
2013-05-06 18:00:00,14164.0
2013-05-06 19:00:00,14283.0
2013-05-06 20:00:00,14762.0
2013-05-06 21:00:00,13827.0
2013-05-06 22:00:00,12303.0
2013-05-06 23:00:00,10947.0
2013-05-07 00:00:00,10096.0
2013-05-07 01:00:00,9640.0
2013-05-07 02:00:00,9404.0
2013-05-07 03:00:00,9370.0
2013-05-07 04:00:00,9645.0
2013-05-07 05:00:00,10525.0
2013-05-07 06:00:00,12212.0
2013-05-07 07:00:00,13456.0
2013-05-07 08:00:00,13937.0
2013-05-07 09:00:00,14289.0
2013-05-07 10:00:00,14549.0
2013-05-07 11:00:00,14809.0
2013-05-07 12:00:00,14861.0
2013-05-07 13:00:00,14963.0
2013-05-07 14:00:00,14945.0
2013-05-07 15:00:00,14882.0
2013-05-07 16:00:00,14881.0
2013-05-07 17:00:00,14819.0
2013-05-07 18:00:00,14645.0
2013-05-07 19:00:00,14686.0
2013-05-07 20:00:00,15162.0
2013-05-07 21:00:00,14260.0
2013-05-07 22:00:00,12707.0
2013-05-07 23:00:00,11298.0
2013-05-08 00:00:00,10373.0
2013-05-08 01:00:00,9868.0
2013-05-08 02:00:00,9595.0
2013-05-08 03:00:00,9509.0
2013-05-08 04:00:00,9748.0
2013-05-08 05:00:00,10588.0
2013-05-08 06:00:00,12270.0
2013-05-08 07:00:00,13669.0
2013-05-08 08:00:00,14265.0
2013-05-08 09:00:00,14677.0
2013-05-08 10:00:00,15063.0
2013-05-08 11:00:00,15240.0
2013-05-08 12:00:00,15231.0
2013-05-08 13:00:00,15272.0
2013-05-08 14:00:00,15161.0
2013-05-08 15:00:00,15020.0
2013-05-08 16:00:00,15024.0
2013-05-08 17:00:00,15052.0
2013-05-08 18:00:00,14914.0
2013-05-08 19:00:00,14974.0
2013-05-08 20:00:00,15114.0
2013-05-08 21:00:00,14152.0
2013-05-08 22:00:00,12657.0
2013-05-08 23:00:00,11286.0
2013-05-09 00:00:00,10404.0
2013-05-09 01:00:00,9918.0
2013-05-09 02:00:00,9668.0
2013-05-09 03:00:00,9597.0
2013-05-09 04:00:00,9835.0
2013-05-09 05:00:00,10739.0
2013-05-09 06:00:00,12402.0
2013-05-09 07:00:00,13782.0
2013-05-09 08:00:00,14333.0
2013-05-09 09:00:00,14658.0
2013-05-09 10:00:00,14931.0
2013-05-09 11:00:00,15034.0
2013-05-09 12:00:00,15003.0
2013-05-09 13:00:00,15027.0
2013-05-09 14:00:00,14927.0
2013-05-09 15:00:00,14820.0
2013-05-09 16:00:00,14835.0
2013-05-09 17:00:00,14873.0
2013-05-09 18:00:00,14761.0
2013-05-09 19:00:00,14766.0
2013-05-09 20:00:00,14901.0
2013-05-09 21:00:00,14015.0
2013-05-09 22:00:00,12565.0
2013-05-09 23:00:00,11233.0
2013-05-10 00:00:00,10339.0
2013-05-10 01:00:00,9834.0
2013-05-10 02:00:00,9572.0
2013-05-10 03:00:00,9479.0
2013-05-10 04:00:00,9717.0
2013-05-10 05:00:00,10556.0
2013-05-10 06:00:00,12172.0
2013-05-10 07:00:00,13504.0
2013-05-10 08:00:00,14143.0
2013-05-10 09:00:00,14580.0
2013-05-10 10:00:00,14961.0
2013-05-10 11:00:00,15181.0
2013-05-10 12:00:00,15188.0
2013-05-10 13:00:00,15266.0
2013-05-10 14:00:00,15219.0
2013-05-10 15:00:00,15096.0
2013-05-10 16:00:00,14940.0
2013-05-10 17:00:00,14688.0
2013-05-10 18:00:00,14358.0
2013-05-10 19:00:00,14331.0
2013-05-10 20:00:00,14701.0
2013-05-10 21:00:00,14003.0
2013-05-10 22:00:00,12796.0
2013-05-10 23:00:00,11512.0
2013-05-11 00:00:00,10520.0
2013-05-11 01:00:00,9922.0
2013-05-11 02:00:00,9572.0
2013-05-11 03:00:00,9410.0
2013-05-11 04:00:00,9444.0
2013-05-11 05:00:00,9704.0
2013-05-11 06:00:00,10236.0
2013-05-11 07:00:00,11259.0
2013-05-11 08:00:00,12387.0
2013-05-11 09:00:00,13200.0
2013-05-11 10:00:00,13633.0
2013-05-11 11:00:00,13769.0
2013-05-11 12:00:00,13734.0
2013-05-11 13:00:00,13565.0
2013-05-11 14:00:00,13349.0
2013-05-11 15:00:00,13214.0
2013-05-11 16:00:00,13315.0
2013-05-11 17:00:00,13494.0
2013-05-11 18:00:00,13506.0
2013-05-11 19:00:00,13487.0
2013-05-11 20:00:00,13705.0
2013-05-11 21:00:00,13159.0
2013-05-11 22:00:00,12189.0
2013-05-11 23:00:00,11105.0
2013-05-12 00:00:00,10225.0
2013-05-12 01:00:00,9677.0
2013-05-12 02:00:00,9370.0
2013-05-12 03:00:00,9208.0
2013-05-12 04:00:00,9199.0
2013-05-12 05:00:00,9352.0
2013-05-12 06:00:00,9685.0
2013-05-12 07:00:00,10520.0
2013-05-12 08:00:00,11577.0
2013-05-12 09:00:00,12366.0
2013-05-12 10:00:00,12737.0
2013-05-12 11:00:00,12807.0
2013-05-12 12:00:00,12735.0
2013-05-12 13:00:00,12568.0
2013-05-12 14:00:00,12398.0
2013-05-12 15:00:00,12304.0
2013-05-12 16:00:00,12374.0
2013-05-12 17:00:00,12519.0
2013-05-12 18:00:00,12561.0
2013-05-12 19:00:00,12787.0
2013-05-12 20:00:00,13411.0
2013-05-12 21:00:00,12841.0
2013-05-12 22:00:00,11655.0
2013-05-12 23:00:00,10483.0
2013-05-13 00:00:00,9710.0
2013-05-13 01:00:00,9295.0
2013-05-13 02:00:00,9115.0
2013-05-13 03:00:00,9109.0
2013-05-13 04:00:00,9432.0
2013-05-13 05:00:00,10310.0
2013-05-13 06:00:00,12033.0
2013-05-13 07:00:00,13340.0
2013-05-13 08:00:00,13840.0
2013-05-13 09:00:00,14080.0
2013-05-13 10:00:00,14299.0
2013-05-13 11:00:00,14361.0
2013-05-13 12:00:00,14321.0
2013-05-13 13:00:00,14309.0
2013-05-13 14:00:00,14146.0
2013-05-13 15:00:00,14013.0
2013-05-13 16:00:00,14008.0
2013-05-13 17:00:00,14104.0
2013-05-13 18:00:00,14138.0
2013-05-13 19:00:00,14314.0
2013-05-13 20:00:00,14716.0
2013-05-13 21:00:00,13845.0
2013-05-13 22:00:00,12401.0
2013-05-13 23:00:00,11076.0
2013-05-14 00:00:00,10231.0
2013-05-14 01:00:00,9837.0
2013-05-14 02:00:00,9659.0
2013-05-14 03:00:00,9622.0
2013-05-14 04:00:00,9883.0
2013-05-14 05:00:00,10793.0
2013-05-14 06:00:00,12507.0
2013-05-14 07:00:00,13692.0
2013-05-14 08:00:00,13968.0
2013-05-14 09:00:00,14124.0
2013-05-14 10:00:00,14339.0
2013-05-14 11:00:00,14424.0
2013-05-14 12:00:00,14346.0
2013-05-14 13:00:00,14335.0
2013-05-14 14:00:00,14168.0
2013-05-14 15:00:00,14043.0
2013-05-14 16:00:00,14088.0
2013-05-14 17:00:00,14181.0
2013-05-14 18:00:00,14155.0
2013-05-14 19:00:00,14267.0
2013-05-14 20:00:00,14698.0
2013-05-14 21:00:00,13923.0
2013-05-14 22:00:00,12452.0
2013-05-14 23:00:00,11115.0
2013-05-15 00:00:00,10306.0
2013-05-15 01:00:00,9889.0
2013-05-15 02:00:00,9718.0
2013-05-15 03:00:00,9720.0
2013-05-15 04:00:00,10042.0
2013-05-15 05:00:00,10936.0
2013-05-15 06:00:00,12656.0
2013-05-15 07:00:00,13814.0
2013-05-15 08:00:00,14127.0
2013-05-15 09:00:00,14301.0
2013-05-15 10:00:00,14503.0
2013-05-15 11:00:00,14611.0
2013-05-15 12:00:00,14570.0
2013-05-15 13:00:00,14564.0
2013-05-15 14:00:00,14446.0
2013-05-15 15:00:00,14417.0
2013-05-15 16:00:00,14537.0
2013-05-15 17:00:00,14701.0
2013-05-15 18:00:00,14755.0
2013-05-15 19:00:00,14768.0
2013-05-15 20:00:00,14898.0
2013-05-15 21:00:00,14009.0
2013-05-15 22:00:00,12524.0
2013-05-15 23:00:00,11189.0
2013-05-16 00:00:00,10343.0
2013-05-16 01:00:00,9880.0
2013-05-16 02:00:00,9624.0
2013-05-16 03:00:00,9606.0
2013-05-16 04:00:00,9879.0
2013-05-16 05:00:00,10704.0
2013-05-16 06:00:00,12417.0
2013-05-16 07:00:00,13732.0
2013-05-16 08:00:00,14263.0
2013-05-16 09:00:00,14585.0
2013-05-16 10:00:00,14894.0
2013-05-16 11:00:00,15053.0
2013-05-16 12:00:00,15060.0
2013-05-16 13:00:00,15178.0
2013-05-16 14:00:00,15180.0
2013-05-16 15:00:00,15129.0
2013-05-16 16:00:00,15128.0
2013-05-16 17:00:00,15036.0
2013-05-16 18:00:00,14845.0
2013-05-16 19:00:00,14787.0
2013-05-16 20:00:00,15154.0
2013-05-16 21:00:00,14412.0
2013-05-16 22:00:00,12937.0
2013-05-16 23:00:00,11497.0
2013-05-17 00:00:00,10505.0
2013-05-17 01:00:00,9947.0
2013-05-17 02:00:00,9634.0
2013-05-17 03:00:00,9527.0
2013-05-17 04:00:00,9740.0
2013-05-17 05:00:00,10462.0
2013-05-17 06:00:00,12107.0
2013-05-17 07:00:00,13432.0
2013-05-17 08:00:00,13964.0
2013-05-17 09:00:00,14275.0
2013-05-17 10:00:00,14524.0
2013-05-17 11:00:00,14633.0
2013-05-17 12:00:00,14599.0
2013-05-17 13:00:00,14603.0
2013-05-17 14:00:00,14511.0
2013-05-17 15:00:00,14377.0
2013-05-17 16:00:00,14320.0
2013-05-17 17:00:00,14169.0
2013-05-17 18:00:00,13849.0
2013-05-17 19:00:00,13690.0
2013-05-17 20:00:00,14063.0
2013-05-17 21:00:00,13558.0
2013-05-17 22:00:00,12396.0
2013-05-17 23:00:00,11173.0
2013-05-18 00:00:00,10249.0
2013-05-18 01:00:00,9700.0
2013-05-18 02:00:00,9400.0
2013-05-18 03:00:00,9265.0
2013-05-18 04:00:00,9317.0
2013-05-18 05:00:00,9500.0
2013-05-18 06:00:00,10143.0
2013-05-18 07:00:00,11175.0
2013-05-18 08:00:00,12175.0
2013-05-18 09:00:00,12772.0
2013-05-18 10:00:00,13047.0
2013-05-18 11:00:00,13133.0
2013-05-18 12:00:00,13057.0
2013-05-18 13:00:00,12889.0
2013-05-18 14:00:00,12730.0
2013-05-18 15:00:00,12631.0
2013-05-18 16:00:00,12671.0
2013-05-18 17:00:00,12787.0
2013-05-18 18:00:00,12765.0
2013-05-18 19:00:00,12801.0
2013-05-18 20:00:00,13255.0
2013-05-18 21:00:00,12850.0
2013-05-18 22:00:00,11893.0
2013-05-18 23:00:00,10852.0
2013-05-19 00:00:00,9968.0
2013-05-19 01:00:00,9450.0
2013-05-19 02:00:00,9168.0
2013-05-19 03:00:00,9025.0
2013-05-19 04:00:00,9043.0
2013-05-19 05:00:00,9094.0
2013-05-19 06:00:00,9442.0
2013-05-19 07:00:00,10265.0
2013-05-19 08:00:00,11259.0
2013-05-19 09:00:00,12031.0
2013-05-19 10:00:00,12478.0
2013-05-19 11:00:00,12729.0
2013-05-19 12:00:00,12815.0
2013-05-19 13:00:00,12714.0
2013-05-19 14:00:00,12627.0
2013-05-19 15:00:00,12678.0
2013-05-19 16:00:00,12935.0
2013-05-19 17:00:00,13290.0
2013-05-19 18:00:00,13506.0
2013-05-19 19:00:00,13596.0
2013-05-19 20:00:00,13728.0
2013-05-19 21:00:00,12887.0
2013-05-19 22:00:00,11668.0
2013-05-19 23:00:00,10565.0
2013-05-20 00:00:00,9822.0
2013-05-20 01:00:00,9431.0
2013-05-20 02:00:00,9260.0
2013-05-20 03:00:00,9257.0
2013-05-20 04:00:00,9575.0
2013-05-20 05:00:00,10516.0
2013-05-20 06:00:00,12282.0
2013-05-20 07:00:00,13718.0
2013-05-20 08:00:00,14364.0
2013-05-20 09:00:00,14822.0
2013-05-20 10:00:00,15247.0
2013-05-20 11:00:00,15551.0
2013-05-20 12:00:00,15721.0
2013-05-20 13:00:00,15947.0
2013-05-20 14:00:00,16025.0
2013-05-20 15:00:00,16097.0
2013-05-20 16:00:00,16156.0
2013-05-20 17:00:00,16123.0
2013-05-20 18:00:00,15867.0
2013-05-20 19:00:00,15731.0
2013-05-20 20:00:00,16068.0
2013-05-20 21:00:00,15243.0
2013-05-20 22:00:00,13592.0
2013-05-20 23:00:00,12062.0
2013-05-21 00:00:00,11019.0
2013-05-21 01:00:00,10444.0
2013-05-21 02:00:00,10118.0
2013-05-21 03:00:00,9996.0
2013-05-21 04:00:00,10200.0
2013-05-21 05:00:00,11006.0
2013-05-21 06:00:00,12768.0
2013-05-21 07:00:00,14239.0
2013-05-21 08:00:00,14947.0
2013-05-21 09:00:00,15540.0
2013-05-21 10:00:00,16161.0
2013-05-21 11:00:00,16689.0
2013-05-21 12:00:00,16978.0
2013-05-21 13:00:00,17224.0
2013-05-21 14:00:00,17256.0
2013-05-21 15:00:00,17127.0
2013-05-21 16:00:00,16951.0
2013-05-21 17:00:00,16669.0
2013-05-21 18:00:00,16374.0
2013-05-21 19:00:00,16225.0
2013-05-21 20:00:00,16096.0
2013-05-21 21:00:00,15033.0
2013-05-21 22:00:00,13397.0
2013-05-21 23:00:00,11907.0
2013-05-22 00:00:00,10874.0
2013-05-22 01:00:00,10272.0
2013-05-22 02:00:00,9947.0
2013-05-22 03:00:00,9823.0
2013-05-22 04:00:00,10069.0
2013-05-22 05:00:00,10928.0
2013-05-22 06:00:00,12606.0
2013-05-22 07:00:00,13944.0
2013-05-22 08:00:00,14480.0
2013-05-22 09:00:00,14794.0
2013-05-22 10:00:00,15115.0
2013-05-22 11:00:00,15319.0
2013-05-22 12:00:00,15423.0
2013-05-22 13:00:00,15598.0
2013-05-22 14:00:00,15635.0
2013-05-22 15:00:00,15615.0
2013-05-22 16:00:00,15679.0
2013-05-22 17:00:00,15654.0
2013-05-22 18:00:00,15453.0
2013-05-22 19:00:00,15422.0
2013-05-22 20:00:00,15609.0
2013-05-22 21:00:00,14729.0
2013-05-22 22:00:00,13195.0
2013-05-22 23:00:00,11778.0
2013-05-23 00:00:00,10842.0
2013-05-23 01:00:00,10294.0
2013-05-23 02:00:00,10026.0
2013-05-23 03:00:00,9935.0
2013-05-23 04:00:00,10186.0
2013-05-23 05:00:00,11092.0
2013-05-23 06:00:00,12865.0
2013-05-23 07:00:00,14315.0
2013-05-23 08:00:00,14952.0
2013-05-23 09:00:00,15379.0
2013-05-23 10:00:00,15784.0
2013-05-23 11:00:00,15968.0
2013-05-23 12:00:00,16104.0
2013-05-23 13:00:00,16280.0
2013-05-23 14:00:00,16272.0
2013-05-23 15:00:00,16183.0
2013-05-23 16:00:00,16135.0
2013-05-23 17:00:00,16091.0
2013-05-23 18:00:00,15889.0
2013-05-23 19:00:00,15804.0
2013-05-23 20:00:00,15881.0
2013-05-23 21:00:00,14968.0
2013-05-23 22:00:00,13451.0
2013-05-23 23:00:00,12042.0
2013-05-24 00:00:00,11092.0
2013-05-24 01:00:00,10548.0
2013-05-24 02:00:00,10235.0
2013-05-24 03:00:00,10115.0
2013-05-24 04:00:00,10350.0
2013-05-24 05:00:00,11152.0
2013-05-24 06:00:00,12808.0
2013-05-24 07:00:00,14301.0
2013-05-24 08:00:00,15054.0
2013-05-24 09:00:00,15509.0
2013-05-24 10:00:00,15816.0
2013-05-24 11:00:00,15912.0
2013-05-24 12:00:00,15781.0
2013-05-24 13:00:00,15657.0
2013-05-24 14:00:00,15374.0
2013-05-24 15:00:00,15089.0
2013-05-24 16:00:00,14936.0
2013-05-24 17:00:00,14825.0
2013-05-24 18:00:00,14577.0
2013-05-24 19:00:00,14331.0
2013-05-24 20:00:00,14309.0
2013-05-24 21:00:00,13557.0
2013-05-24 22:00:00,12394.0
2013-05-24 23:00:00,11219.0
2013-05-25 00:00:00,10315.0
2013-05-25 01:00:00,9770.0
2013-05-25 02:00:00,9465.0
2013-05-25 03:00:00,9327.0
2013-05-25 04:00:00,9370.0
2013-05-25 05:00:00,9579.0
2013-05-25 06:00:00,10082.0
2013-05-25 07:00:00,11033.0
2013-05-25 08:00:00,12135.0
2013-05-25 09:00:00,12964.0
2013-05-25 10:00:00,13413.0
2013-05-25 11:00:00,13550.0
2013-05-25 12:00:00,13503.0
2013-05-25 13:00:00,13300.0
2013-05-25 14:00:00,13112.0
2013-05-25 15:00:00,12991.0
2013-05-25 16:00:00,13056.0
2013-05-25 17:00:00,13275.0
2013-05-25 18:00:00,13322.0
2013-05-25 19:00:00,13318.0
2013-05-25 20:00:00,13557.0
2013-05-25 21:00:00,13112.0
2013-05-25 22:00:00,12159.0
2013-05-25 23:00:00,11131.0
2013-05-26 00:00:00,10324.0
2013-05-26 01:00:00,9830.0
2013-05-26 02:00:00,9533.0
2013-05-26 03:00:00,9407.0
2013-05-26 04:00:00,9436.0
2013-05-26 05:00:00,9499.0
2013-05-26 06:00:00,9888.0
2013-05-26 07:00:00,10644.0
2013-05-26 08:00:00,11640.0
2013-05-26 09:00:00,12362.0
2013-05-26 10:00:00,12735.0
2013-05-26 11:00:00,12855.0
2013-05-26 12:00:00,12810.0
2013-05-26 13:00:00,12578.0
2013-05-26 14:00:00,12351.0
2013-05-26 15:00:00,12227.0
2013-05-26 16:00:00,12257.0
2013-05-26 17:00:00,12450.0
2013-05-26 18:00:00,12517.0
2013-05-26 19:00:00,12517.0
2013-05-26 20:00:00,12932.0
2013-05-26 21:00:00,12709.0
2013-05-26 22:00:00,11839.0
2013-05-26 23:00:00,10839.0
2013-05-27 00:00:00,10056.0
2013-05-27 01:00:00,9586.0
2013-05-27 02:00:00,9343.0
2013-05-27 03:00:00,9263.0
2013-05-27 04:00:00,9354.0
2013-05-27 05:00:00,9480.0
2013-05-27 06:00:00,9992.0
2013-05-27 07:00:00,10771.0
2013-05-27 08:00:00,11669.0
2013-05-27 09:00:00,12338.0
2013-05-27 10:00:00,12644.0
2013-05-27 11:00:00,12723.0
2013-05-27 12:00:00,12669.0
2013-05-27 13:00:00,12480.0
2013-05-27 14:00:00,12307.0
2013-05-27 15:00:00,12266.0
2013-05-27 16:00:00,12473.0
2013-05-27 17:00:00,12804.0
2013-05-27 18:00:00,12973.0
2013-05-27 19:00:00,13111.0
2013-05-27 20:00:00,13620.0
2013-05-27 21:00:00,13138.0
2013-05-27 22:00:00,11789.0
2013-05-27 23:00:00,10539.0
2013-05-28 00:00:00,9740.0
2013-05-28 01:00:00,9321.0
2013-05-28 02:00:00,9130.0
2013-05-28 03:00:00,9126.0
2013-05-28 04:00:00,9415.0
2013-05-28 05:00:00,10199.0
2013-05-28 06:00:00,11967.0
2013-05-28 07:00:00,13374.0
2013-05-28 08:00:00,14009.0
2013-05-28 09:00:00,14426.0
2013-05-28 10:00:00,14793.0
2013-05-28 11:00:00,14978.0
2013-05-28 12:00:00,15057.0
2013-05-28 13:00:00,15157.0
2013-05-28 14:00:00,15069.0
2013-05-28 15:00:00,14942.0
2013-05-28 16:00:00,14912.0
2013-05-28 17:00:00,14868.0
2013-05-28 18:00:00,14708.0
2013-05-28 19:00:00,14649.0
2013-05-28 20:00:00,14946.0
2013-05-28 21:00:00,14196.0
2013-05-28 22:00:00,12702.0
2013-05-28 23:00:00,11341.0
2013-05-29 00:00:00,10479.0
2013-05-29 01:00:00,10003.0
2013-05-29 02:00:00,9756.0
2013-05-29 03:00:00,9702.0
2013-05-29 04:00:00,9981.0
2013-05-29 05:00:00,10826.0
2013-05-29 06:00:00,12506.0
2013-05-29 07:00:00,13940.0
2013-05-29 08:00:00,14558.0
2013-05-29 09:00:00,14947.0
2013-05-29 10:00:00,15295.0
2013-05-29 11:00:00,15473.0
2013-05-29 12:00:00,15518.0
2013-05-29 13:00:00,15654.0
2013-05-29 14:00:00,15708.0
2013-05-29 15:00:00,15783.0
2013-05-29 16:00:00,15969.0
2013-05-29 17:00:00,16032.0
2013-05-29 18:00:00,15815.0
2013-05-29 19:00:00,15748.0
2013-05-29 20:00:00,16003.0
2013-05-29 21:00:00,15128.0
2013-05-29 22:00:00,13475.0
2013-05-29 23:00:00,12023.0
2013-05-30 00:00:00,11126.0
2013-05-30 01:00:00,10604.0
2013-05-30 02:00:00,10304.0
2013-05-30 03:00:00,10167.0
2013-05-30 04:00:00,10353.0
2013-05-30 05:00:00,11122.0
2013-05-30 06:00:00,12998.0
2013-05-30 07:00:00,14705.0
2013-05-30 08:00:00,15788.0
2013-05-30 09:00:00,16717.0
2013-05-30 10:00:00,17567.0
2013-05-30 11:00:00,18211.0
2013-05-30 12:00:00,18694.0
2013-05-30 13:00:00,19162.0
2013-05-30 14:00:00,19402.0
2013-05-30 15:00:00,19649.0
2013-05-30 16:00:00,19877.0
2013-05-30 17:00:00,19866.0
2013-05-30 18:00:00,19525.0
2013-05-30 19:00:00,19157.0
2013-05-30 20:00:00,19215.0
2013-05-30 21:00:00,18470.0
2013-05-30 22:00:00,16501.0
2013-05-30 23:00:00,14607.0
2013-05-31 00:00:00,13240.0
2013-05-31 01:00:00,12416.0
2013-05-31 02:00:00,11887.0
2013-05-31 03:00:00,11612.0
2013-05-31 04:00:00,11723.0
2013-05-31 05:00:00,12360.0
2013-05-31 06:00:00,14242.0
2013-05-31 07:00:00,16065.0
2013-05-31 08:00:00,17394.0
2013-05-31 09:00:00,18685.0
2013-05-31 10:00:00,19835.0
2013-05-31 11:00:00,20663.0
2013-05-31 12:00:00,21229.0
2013-05-31 13:00:00,21670.0
2013-05-31 14:00:00,21930.0
2013-05-31 15:00:00,22092.0
2013-05-31 16:00:00,22130.0
2013-05-31 17:00:00,21846.0
2013-05-31 18:00:00,21190.0
2013-05-31 19:00:00,20451.0
2013-05-31 20:00:00,20130.0
2013-05-31 21:00:00,19352.0
2013-05-31 22:00:00,17560.0
2013-05-31 23:00:00,15644.0
2013-06-01 00:00:00,14150.0
2013-06-01 01:00:00,13154.0
2013-06-01 02:00:00,12510.0
2013-06-01 03:00:00,12097.0
2013-06-01 04:00:00,11906.0
2013-06-01 05:00:00,11878.0
2013-06-01 06:00:00,12670.0
2013-06-01 07:00:00,14179.0
2013-06-01 08:00:00,15875.0
2013-06-01 09:00:00,17351.0
2013-06-01 10:00:00,18534.0
2013-06-01 11:00:00,19352.0
2013-06-01 12:00:00,19830.0
2013-06-01 13:00:00,20125.0
2013-06-01 14:00:00,20356.0
2013-06-01 15:00:00,20547.0
2013-06-01 16:00:00,20655.0
2013-06-01 17:00:00,20573.0
2013-06-01 18:00:00,20102.0
2013-06-01 19:00:00,19368.0
2013-06-01 20:00:00,19163.0
2013-06-01 21:00:00,18516.0
2013-06-01 22:00:00,17048.0
2013-06-01 23:00:00,15414.0
2013-06-02 00:00:00,14069.0
2013-06-02 01:00:00,13162.0
2013-06-02 02:00:00,12546.0
2013-06-02 03:00:00,12159.0
2013-06-02 04:00:00,11958.0
2013-06-02 05:00:00,11778.0
2013-06-02 06:00:00,12255.0
2013-06-02 07:00:00,13443.0
2013-06-02 08:00:00,15016.0
2013-06-02 09:00:00,16467.0
2013-06-02 10:00:00,17625.0
2013-06-02 11:00:00,18491.0
2013-06-02 12:00:00,19083.0
2013-06-02 13:00:00,19339.0
2013-06-02 14:00:00,19514.0
2013-06-02 15:00:00,19580.0
2013-06-02 16:00:00,19528.0
2013-06-02 17:00:00,19322.0
2013-06-02 18:00:00,18724.0
2013-06-02 19:00:00,18200.0
2013-06-02 20:00:00,18066.0
2013-06-02 21:00:00,17204.0
2013-06-02 22:00:00,15592.0
2013-06-02 23:00:00,13996.0
2013-06-03 00:00:00,12894.0
2013-06-03 01:00:00,12246.0
2013-06-03 02:00:00,11868.0
2013-06-03 03:00:00,11746.0
2013-06-03 04:00:00,11975.0
2013-06-03 05:00:00,12833.0
2013-06-03 06:00:00,14522.0
2013-06-03 07:00:00,15913.0
2013-06-03 08:00:00,16502.0
2013-06-03 09:00:00,16908.0
2013-06-03 10:00:00,17200.0
2013-06-03 11:00:00,17357.0
2013-06-03 12:00:00,17496.0
2013-06-03 13:00:00,17806.0
2013-06-03 14:00:00,18031.0
2013-06-03 15:00:00,18239.0
2013-06-03 16:00:00,18361.0
2013-06-03 17:00:00,18328.0
2013-06-03 18:00:00,17961.0
2013-06-03 19:00:00,17527.0
2013-06-03 20:00:00,17362.0
2013-06-03 21:00:00,16578.0
2013-06-03 22:00:00,14729.0
2013-06-03 23:00:00,12932.0
2013-06-04 00:00:00,11660.0
2013-06-04 01:00:00,10911.0
2013-06-04 02:00:00,10464.0
2013-06-04 03:00:00,10255.0
2013-06-04 04:00:00,10393.0
2013-06-04 05:00:00,11016.0
2013-06-04 06:00:00,12682.0
2013-06-04 07:00:00,14047.0
2013-06-04 08:00:00,14625.0
2013-06-04 09:00:00,15065.0
2013-06-04 10:00:00,15395.0
2013-06-04 11:00:00,15605.0
2013-06-04 12:00:00,15660.0
2013-06-04 13:00:00,15797.0
2013-06-04 14:00:00,15785.0
2013-06-04 15:00:00,15815.0
2013-06-04 16:00:00,15941.0
2013-06-04 17:00:00,15953.0
2013-06-04 18:00:00,15671.0
2013-06-04 19:00:00,15396.0
2013-06-04 20:00:00,15457.0
2013-06-04 21:00:00,14911.0
2013-06-04 22:00:00,13358.0
2013-06-04 23:00:00,11828.0
2013-06-05 00:00:00,10828.0
2013-06-05 01:00:00,10293.0
2013-06-05 02:00:00,9987.0
2013-06-05 03:00:00,9870.0
2013-06-05 04:00:00,10077.0
2013-06-05 05:00:00,10733.0
2013-06-05 06:00:00,12375.0
2013-06-05 07:00:00,13818.0
2013-06-05 08:00:00,14493.0
2013-06-05 09:00:00,14965.0
2013-06-05 10:00:00,15376.0
2013-06-05 11:00:00,15645.0
2013-06-05 12:00:00,15739.0
2013-06-05 13:00:00,15941.0
2013-06-05 14:00:00,16011.0
2013-06-05 15:00:00,16033.0
2013-06-05 16:00:00,16053.0
2013-06-05 17:00:00,15878.0
2013-06-05 18:00:00,15506.0
2013-06-05 19:00:00,15237.0
2013-06-05 20:00:00,15397.0
2013-06-05 21:00:00,14857.0
2013-06-05 22:00:00,13370.0
2013-06-05 23:00:00,11944.0
2013-06-06 00:00:00,10966.0
2013-06-06 01:00:00,10371.0
2013-06-06 02:00:00,10040.0
2013-06-06 03:00:00,9927.0
2013-06-06 04:00:00,10153.0
2013-06-06 05:00:00,10833.0
2013-06-06 06:00:00,12518.0
2013-06-06 07:00:00,13972.0
2013-06-06 08:00:00,14699.0
2013-06-06 09:00:00,15235.0
2013-06-06 10:00:00,15679.0
2013-06-06 11:00:00,15951.0
2013-06-06 12:00:00,16026.0
2013-06-06 13:00:00,16131.0
2013-06-06 14:00:00,15969.0
2013-06-06 15:00:00,15767.0
2013-06-06 16:00:00,15620.0
2013-06-06 17:00:00,15426.0
2013-06-06 18:00:00,15210.0
2013-06-06 19:00:00,15147.0
2013-06-06 20:00:00,15305.0
2013-06-06 21:00:00,14574.0
2013-06-06 22:00:00,13143.0
2013-06-06 23:00:00,11782.0
2013-06-07 00:00:00,10856.0
2013-06-07 01:00:00,10316.0
2013-06-07 02:00:00,10006.0
2013-06-07 03:00:00,9908.0
2013-06-07 04:00:00,10124.0
2013-06-07 05:00:00,10873.0
2013-06-07 06:00:00,12443.0
2013-06-07 07:00:00,13868.0
2013-06-07 08:00:00,14549.0
2013-06-07 09:00:00,14975.0
2013-06-07 10:00:00,15300.0
2013-06-07 11:00:00,15413.0
2013-06-07 12:00:00,15371.0
2013-06-07 13:00:00,15306.0
2013-06-07 14:00:00,15128.0
2013-06-07 15:00:00,14956.0
2013-06-07 16:00:00,14939.0
2013-06-07 17:00:00,14927.0
2013-06-07 18:00:00,14761.0
2013-06-07 19:00:00,14562.0
2013-06-07 20:00:00,14458.0
2013-06-07 21:00:00,13797.0
2013-06-07 22:00:00,12686.0
2013-06-07 23:00:00,11530.0
2013-06-08 00:00:00,10631.0
2013-06-08 01:00:00,10100.0
2013-06-08 02:00:00,9792.0
2013-06-08 03:00:00,9633.0
2013-06-08 04:00:00,9690.0
2013-06-08 05:00:00,9862.0
2013-06-08 06:00:00,10380.0
2013-06-08 07:00:00,11360.0
2013-06-08 08:00:00,12511.0
2013-06-08 09:00:00,13362.0
2013-06-08 10:00:00,13863.0
2013-06-08 11:00:00,14079.0
2013-06-08 12:00:00,14130.0
2013-06-08 13:00:00,14123.0
2013-06-08 14:00:00,14116.0
2013-06-08 15:00:00,14179.0
2013-06-08 16:00:00,14330.0
2013-06-08 17:00:00,14471.0
2013-06-08 18:00:00,14313.0
2013-06-08 19:00:00,14126.0
2013-06-08 20:00:00,14256.0
2013-06-08 21:00:00,14027.0
2013-06-08 22:00:00,13032.0
2013-06-08 23:00:00,11891.0
2013-06-09 00:00:00,10923.0
2013-06-09 01:00:00,10269.0
2013-06-09 02:00:00,9872.0
2013-06-09 03:00:00,9617.0
2013-06-09 04:00:00,9540.0
2013-06-09 05:00:00,9454.0
2013-06-09 06:00:00,9932.0
2013-06-09 07:00:00,10892.0
2013-06-09 08:00:00,12081.0
2013-06-09 09:00:00,13039.0
2013-06-09 10:00:00,13697.0
2013-06-09 11:00:00,14083.0
2013-06-09 12:00:00,14334.0
2013-06-09 13:00:00,14418.0
2013-06-09 14:00:00,14477.0
2013-06-09 15:00:00,14605.0
2013-06-09 16:00:00,14924.0
2013-06-09 17:00:00,15234.0
2013-06-09 18:00:00,15273.0
2013-06-09 19:00:00,15137.0
2013-06-09 20:00:00,15292.0
2013-06-09 21:00:00,14924.0
2013-06-09 22:00:00,13534.0
2013-06-09 23:00:00,12090.0
2013-06-10 00:00:00,11078.0
2013-06-10 01:00:00,10465.0
2013-06-10 02:00:00,10162.0
2013-06-10 03:00:00,10041.0
2013-06-10 04:00:00,10294.0
2013-06-10 05:00:00,11003.0
2013-06-10 06:00:00,12704.0
2013-06-10 07:00:00,14206.0
2013-06-10 08:00:00,15004.0
2013-06-10 09:00:00,15581.0
2013-06-10 10:00:00,15989.0
2013-06-10 11:00:00,16159.0
2013-06-10 12:00:00,16179.0
2013-06-10 13:00:00,16221.0
2013-06-10 14:00:00,16066.0
2013-06-10 15:00:00,15890.0
2013-06-10 16:00:00,15852.0
2013-06-10 17:00:00,15927.0
2013-06-10 18:00:00,15793.0
2013-06-10 19:00:00,15648.0
2013-06-10 20:00:00,15531.0
2013-06-10 21:00:00,14606.0
2013-06-10 22:00:00,13136.0
2013-06-10 23:00:00,11758.0
2013-06-11 00:00:00,10847.0
2013-06-11 01:00:00,10350.0
2013-06-11 02:00:00,10080.0
2013-06-11 03:00:00,9999.0
2013-06-11 04:00:00,10231.0
2013-06-11 05:00:00,11053.0
2013-06-11 06:00:00,12735.0
2013-06-11 07:00:00,14151.0
2013-06-11 08:00:00,14792.0
2013-06-11 09:00:00,15223.0
2013-06-11 10:00:00,15603.0
2013-06-11 11:00:00,15817.0
2013-06-11 12:00:00,15908.0
2013-06-11 13:00:00,16056.0
2013-06-11 14:00:00,16038.0
2013-06-11 15:00:00,15994.0
2013-06-11 16:00:00,16123.0
2013-06-11 17:00:00,16233.0
2013-06-11 18:00:00,16112.0
2013-06-11 19:00:00,15836.0
2013-06-11 20:00:00,15604.0
2013-06-11 21:00:00,14870.0
2013-06-11 22:00:00,13370.0
2013-06-11 23:00:00,11958.0
2013-06-12 00:00:00,10972.0
2013-06-12 01:00:00,10445.0
2013-06-12 02:00:00,10138.0
2013-06-12 03:00:00,10053.0
2013-06-12 04:00:00,10287.0
2013-06-12 05:00:00,11026.0
2013-06-12 06:00:00,12681.0
2013-06-12 07:00:00,14100.0
2013-06-12 08:00:00,14783.0
2013-06-12 09:00:00,15217.0
2013-06-12 10:00:00,15540.0
2013-06-12 11:00:00,15733.0
2013-06-12 12:00:00,15735.0
2013-06-12 13:00:00,15790.0
2013-06-12 14:00:00,15738.0
2013-06-12 15:00:00,15676.0
2013-06-12 16:00:00,15679.0
2013-06-12 17:00:00,15636.0
2013-06-12 18:00:00,15428.0
2013-06-12 19:00:00,15210.0
2013-06-12 20:00:00,15279.0
2013-06-12 21:00:00,14794.0
2013-06-12 22:00:00,13400.0
2013-06-12 23:00:00,11984.0
2013-06-13 00:00:00,10984.0
2013-06-13 01:00:00,10342.0
2013-06-13 02:00:00,9990.0
2013-06-13 03:00:00,9891.0
2013-06-13 04:00:00,10093.0
2013-06-13 05:00:00,10771.0
2013-06-13 06:00:00,12474.0
2013-06-13 07:00:00,13929.0
2013-06-13 08:00:00,14671.0
2013-06-13 09:00:00,15119.0
2013-06-13 10:00:00,15457.0
2013-06-13 11:00:00,15612.0
2013-06-13 12:00:00,15566.0
2013-06-13 13:00:00,15542.0
2013-06-13 14:00:00,15376.0
2013-06-13 15:00:00,15245.0
2013-06-13 16:00:00,15268.0
2013-06-13 17:00:00,15329.0
2013-06-13 18:00:00,15227.0
2013-06-13 19:00:00,15036.0
2013-06-13 20:00:00,14935.0
2013-06-13 21:00:00,14165.0
2013-06-13 22:00:00,12774.0
2013-06-13 23:00:00,11479.0
2013-06-14 00:00:00,10601.0
2013-06-14 01:00:00,10110.0
2013-06-14 02:00:00,9846.0
2013-06-14 03:00:00,9761.0
2013-06-14 04:00:00,9999.0
2013-06-14 05:00:00,10777.0
2013-06-14 06:00:00,12354.0
2013-06-14 07:00:00,13762.0
2013-06-14 08:00:00,14422.0
2013-06-14 09:00:00,14725.0
2013-06-14 10:00:00,14985.0
2013-06-14 11:00:00,15130.0
2013-06-14 12:00:00,15099.0
2013-06-14 13:00:00,15160.0
2013-06-14 14:00:00,15126.0
2013-06-14 15:00:00,15097.0
2013-06-14 16:00:00,15123.0
2013-06-14 17:00:00,15062.0
2013-06-14 18:00:00,14770.0
2013-06-14 19:00:00,14495.0
2013-06-14 20:00:00,14561.0
2013-06-14 21:00:00,14329.0
2013-06-14 22:00:00,13178.0
2013-06-14 23:00:00,11886.0
2013-06-15 00:00:00,10894.0
2013-06-15 01:00:00,10256.0
2013-06-15 02:00:00,9898.0
2013-06-15 03:00:00,9723.0
2013-06-15 04:00:00,9700.0
2013-06-15 05:00:00,9756.0
2013-06-15 06:00:00,10458.0
2013-06-15 07:00:00,11577.0
2013-06-15 08:00:00,12788.0
2013-06-15 09:00:00,13562.0
2013-06-15 10:00:00,13973.0
2013-06-15 11:00:00,14146.0
2013-06-15 12:00:00,14158.0
2013-06-15 13:00:00,14105.0
2013-06-15 14:00:00,14095.0
2013-06-15 15:00:00,14198.0
2013-06-15 16:00:00,14415.0
2013-06-15 17:00:00,14564.0
2013-06-15 18:00:00,14494.0
2013-06-15 19:00:00,14230.0
2013-06-15 20:00:00,14221.0
2013-06-15 21:00:00,14074.0
2013-06-15 22:00:00,13075.0
2013-06-15 23:00:00,11886.0
2013-06-16 00:00:00,10878.0
2013-06-16 01:00:00,10206.0
2013-06-16 02:00:00,9801.0
2013-06-16 03:00:00,9587.0
2013-06-16 04:00:00,9509.0
2013-06-16 05:00:00,9416.0
2013-06-16 06:00:00,9853.0
2013-06-16 07:00:00,10768.0
2013-06-16 08:00:00,11887.0
2013-06-16 09:00:00,12820.0
2013-06-16 10:00:00,13398.0
2013-06-16 11:00:00,13772.0
2013-06-16 12:00:00,13934.0
2013-06-16 13:00:00,13937.0
2013-06-16 14:00:00,13855.0
2013-06-16 15:00:00,13872.0
2013-06-16 16:00:00,14056.0
2013-06-16 17:00:00,14306.0
2013-06-16 18:00:00,14345.0
2013-06-16 19:00:00,14380.0
2013-06-16 20:00:00,14754.0
2013-06-16 21:00:00,14572.0
2013-06-16 22:00:00,13407.0
2013-06-16 23:00:00,12139.0
2013-06-17 00:00:00,11196.0
2013-06-17 01:00:00,10641.0
2013-06-17 02:00:00,10325.0
2013-06-17 03:00:00,10231.0
2013-06-17 04:00:00,10437.0
2013-06-17 05:00:00,11139.0
2013-06-17 06:00:00,12985.0
2013-06-17 07:00:00,14730.0
2013-06-17 08:00:00,15871.0
2013-06-17 09:00:00,16745.0
2013-06-17 10:00:00,17543.0
2013-06-17 11:00:00,18107.0
2013-06-17 12:00:00,18446.0
2013-06-17 13:00:00,18841.0
2013-06-17 14:00:00,18965.0
2013-06-17 15:00:00,19008.0
2013-06-17 16:00:00,19006.0
2013-06-17 17:00:00,18752.0
2013-06-17 18:00:00,17984.0
2013-06-17 19:00:00,17365.0
2013-06-17 20:00:00,16970.0
2013-06-17 21:00:00,16253.0
2013-06-17 22:00:00,14636.0
2013-06-17 23:00:00,12988.0
2013-06-18 00:00:00,11824.0
2013-06-18 01:00:00,11165.0
2013-06-18 02:00:00,10788.0
2013-06-18 03:00:00,10634.0
2013-06-18 04:00:00,10794.0
2013-06-18 05:00:00,11455.0
2013-06-18 06:00:00,13119.0
2013-06-18 07:00:00,14726.0
2013-06-18 08:00:00,15655.0
2013-06-18 09:00:00,16351.0
2013-06-18 10:00:00,16972.0
2013-06-18 11:00:00,17433.0
2013-06-18 12:00:00,17703.0
2013-06-18 13:00:00,17980.0
2013-06-18 14:00:00,17753.0
2013-06-18 15:00:00,17267.0
2013-06-18 16:00:00,16955.0
2013-06-18 17:00:00,16740.0
2013-06-18 18:00:00,16342.0
2013-06-18 19:00:00,15982.0
2013-06-18 20:00:00,15832.0
2013-06-18 21:00:00,15050.0
2013-06-18 22:00:00,13579.0
2013-06-18 23:00:00,12185.0
2013-06-19 00:00:00,11215.0
2013-06-19 01:00:00,10608.0
2013-06-19 02:00:00,10259.0
2013-06-19 03:00:00,10110.0
2013-06-19 04:00:00,10309.0
2013-06-19 05:00:00,10950.0
2013-06-19 06:00:00,12545.0
2013-06-19 07:00:00,14020.0
2013-06-19 08:00:00,14774.0
2013-06-19 09:00:00,15324.0
2013-06-19 10:00:00,15789.0
2013-06-19 11:00:00,16059.0
2013-06-19 12:00:00,16191.0
2013-06-19 13:00:00,16382.0
2013-06-19 14:00:00,16418.0
2013-06-19 15:00:00,16458.0
2013-06-19 16:00:00,16525.0
2013-06-19 17:00:00,16445.0
2013-06-19 18:00:00,16077.0
2013-06-19 19:00:00,15663.0
2013-06-19 20:00:00,15605.0
2013-06-19 21:00:00,15163.0
2013-06-19 22:00:00,13653.0
2013-06-19 23:00:00,12163.0
2013-06-20 00:00:00,11045.0
2013-06-20 01:00:00,10375.0
2013-06-20 02:00:00,10026.0
2013-06-20 03:00:00,9924.0
2013-06-20 04:00:00,10094.0
2013-06-20 05:00:00,10719.0
2013-06-20 06:00:00,12315.0
2013-06-20 07:00:00,13855.0
2013-06-20 08:00:00,14746.0
2013-06-20 09:00:00,15385.0
2013-06-20 10:00:00,15930.0
2013-06-20 11:00:00,16310.0
2013-06-20 12:00:00,16504.0
2013-06-20 13:00:00,16769.0
2013-06-20 14:00:00,16904.0
2013-06-20 15:00:00,17017.0
2013-06-20 16:00:00,17113.0
2013-06-20 17:00:00,16998.0
2013-06-20 18:00:00,16595.0
2013-06-20 19:00:00,16141.0
2013-06-20 20:00:00,16063.0
2013-06-20 21:00:00,15684.0
2013-06-20 22:00:00,14170.0
2013-06-20 23:00:00,12633.0
2013-06-21 00:00:00,11527.0
2013-06-21 01:00:00,10846.0
2013-06-21 02:00:00,10444.0
2013-06-21 03:00:00,10277.0
2013-06-21 04:00:00,10446.0
2013-06-21 05:00:00,11025.0
2013-06-21 06:00:00,12603.0
2013-06-21 07:00:00,14231.0
2013-06-21 08:00:00,15262.0
2013-06-21 09:00:00,16026.0
2013-06-21 10:00:00,16734.0
2013-06-21 11:00:00,17266.0
2013-06-21 12:00:00,17643.0
2013-06-21 13:00:00,18071.0
2013-06-21 14:00:00,18257.0
2013-06-21 15:00:00,18338.0
2013-06-21 16:00:00,18361.0
2013-06-21 17:00:00,18158.0
2013-06-21 18:00:00,17597.0
2013-06-21 19:00:00,16970.0
2013-06-21 20:00:00,16731.0
2013-06-21 21:00:00,16363.0
2013-06-21 22:00:00,14945.0
2013-06-21 23:00:00,13424.0
2013-06-22 00:00:00,12207.0
2013-06-22 01:00:00,11425.0
2013-06-22 02:00:00,10935.0
2013-06-22 03:00:00,10651.0
2013-06-22 04:00:00,10578.0
2013-06-22 05:00:00,10602.0
2013-06-22 06:00:00,11243.0
2013-06-22 07:00:00,12433.0
2013-06-22 08:00:00,13762.0
2013-06-22 09:00:00,14853.0
2013-06-22 10:00:00,15630.0
2013-06-22 11:00:00,16191.0
2013-06-22 12:00:00,16571.0
2013-06-22 13:00:00,16768.0
2013-06-22 14:00:00,16942.0
2013-06-22 15:00:00,17140.0
2013-06-22 16:00:00,17297.0
2013-06-22 17:00:00,17242.0
2013-06-22 18:00:00,16841.0
2013-06-22 19:00:00,16290.0
2013-06-22 20:00:00,16166.0
2013-06-22 21:00:00,15794.0
2013-06-22 22:00:00,14622.0
2013-06-22 23:00:00,13301.0
2013-06-23 00:00:00,12225.0
2013-06-23 01:00:00,11525.0
2013-06-23 02:00:00,11063.0
2013-06-23 03:00:00,10795.0
2013-06-23 04:00:00,10678.0
2013-06-23 05:00:00,10590.0
2013-06-23 06:00:00,11034.0
2013-06-23 07:00:00,12086.0
2013-06-23 08:00:00,13465.0
2013-06-23 09:00:00,14828.0
2013-06-23 10:00:00,16072.0
2013-06-23 11:00:00,17148.0
2013-06-23 12:00:00,17985.0
2013-06-23 13:00:00,18596.0
2013-06-23 14:00:00,19064.0
2013-06-23 15:00:00,19455.0
2013-06-23 16:00:00,19797.0
2013-06-23 17:00:00,19917.0
2013-06-23 18:00:00,19644.0
2013-06-23 19:00:00,19178.0
2013-06-23 20:00:00,19020.0
2013-06-23 21:00:00,18554.0
2013-06-23 22:00:00,17010.0
2013-06-23 23:00:00,15387.0
2013-06-24 00:00:00,14172.0
2013-06-24 01:00:00,13423.0
2013-06-24 02:00:00,12994.0
2013-06-24 03:00:00,12808.0
2013-06-24 04:00:00,12999.0
2013-06-24 05:00:00,13695.0
2013-06-24 06:00:00,15479.0
2013-06-24 07:00:00,17552.0
2013-06-24 08:00:00,19171.0
2013-06-24 09:00:00,20565.0
2013-06-24 10:00:00,21907.0
2013-06-24 11:00:00,22910.0
2013-06-24 12:00:00,23607.0
2013-06-24 13:00:00,24214.0
2013-06-24 14:00:00,24488.0
2013-06-24 15:00:00,24680.0
2013-06-24 16:00:00,24739.0
2013-06-24 17:00:00,24448.0
2013-06-24 18:00:00,23730.0
2013-06-24 19:00:00,22785.0
2013-06-24 20:00:00,21929.0
2013-06-24 21:00:00,20508.0
2013-06-24 22:00:00,18444.0
2013-06-24 23:00:00,16431.0
2013-06-25 00:00:00,14938.0
2013-06-25 01:00:00,14050.0
2013-06-25 02:00:00,13475.0
2013-06-25 03:00:00,13167.0
2013-06-25 04:00:00,13253.0
2013-06-25 05:00:00,13893.0
2013-06-25 06:00:00,15497.0
2013-06-25 07:00:00,17276.0
2013-06-25 08:00:00,18687.0
2013-06-25 09:00:00,20006.0
2013-06-25 10:00:00,21293.0
2013-06-25 11:00:00,22355.0
2013-06-25 12:00:00,23146.0
2013-06-25 13:00:00,23806.0
2013-06-25 14:00:00,24069.0
2013-06-25 15:00:00,24226.0
2013-06-25 16:00:00,24243.0
2013-06-25 17:00:00,23945.0
2013-06-25 18:00:00,23135.0
2013-06-25 19:00:00,22308.0
2013-06-25 20:00:00,21826.0
2013-06-25 21:00:00,20778.0
2013-06-25 22:00:00,18796.0
2013-06-25 23:00:00,16812.0
2013-06-26 00:00:00,15367.0
2013-06-26 01:00:00,14467.0
2013-06-26 02:00:00,13896.0
2013-06-26 03:00:00,13590.0
2013-06-26 04:00:00,13680.0
2013-06-26 05:00:00,14313.0
2013-06-26 06:00:00,15985.0
2013-06-26 07:00:00,17873.0
2013-06-26 08:00:00,19265.0
2013-06-26 09:00:00,20393.0
2013-06-26 10:00:00,21342.0
2013-06-26 11:00:00,21824.0
2013-06-26 12:00:00,21913.0
2013-06-26 13:00:00,21977.0
2013-06-26 14:00:00,21806.0
2013-06-26 15:00:00,21569.0
2013-06-26 16:00:00,21234.0
2013-06-26 17:00:00,20868.0
2013-06-26 18:00:00,20340.0
2013-06-26 19:00:00,19832.0
2013-06-26 20:00:00,19459.0
2013-06-26 21:00:00,18761.0
2013-06-26 22:00:00,17017.0
2013-06-26 23:00:00,15209.0
2013-06-27 00:00:00,13897.0
2013-06-27 01:00:00,13088.0
2013-06-27 02:00:00,12601.0
2013-06-27 03:00:00,12353.0
2013-06-27 04:00:00,12445.0
2013-06-27 05:00:00,13109.0
2013-06-27 06:00:00,14509.0
2013-06-27 07:00:00,15968.0
2013-06-27 08:00:00,16810.0
2013-06-27 09:00:00,17376.0
2013-06-27 10:00:00,17902.0
2013-06-27 11:00:00,18305.0
2013-06-27 12:00:00,18576.0
2013-06-27 13:00:00,18860.0
2013-06-27 14:00:00,18891.0
2013-06-27 15:00:00,18765.0
2013-06-27 16:00:00,18608.0
2013-06-27 17:00:00,18382.0
2013-06-27 18:00:00,17998.0
2013-06-27 19:00:00,17700.0
2013-06-27 20:00:00,17627.0
2013-06-27 21:00:00,16902.0
2013-06-27 22:00:00,15405.0
2013-06-27 23:00:00,13893.0
2013-06-28 00:00:00,12797.0
2013-06-28 01:00:00,12125.0
2013-06-28 02:00:00,11746.0
2013-06-28 03:00:00,11595.0
2013-06-28 04:00:00,11794.0
2013-06-28 05:00:00,12540.0
2013-06-28 06:00:00,13958.0
2013-06-28 07:00:00,15552.0
2013-06-28 08:00:00,16684.0
2013-06-28 09:00:00,17565.0
2013-06-28 10:00:00,18235.0
2013-06-28 11:00:00,18684.0
2013-06-28 12:00:00,18840.0
2013-06-28 13:00:00,19130.0
2013-06-28 14:00:00,19318.0
2013-06-28 15:00:00,19408.0
2013-06-28 16:00:00,19537.0
2013-06-28 17:00:00,19428.0
2013-06-28 18:00:00,18822.0
2013-06-28 19:00:00,18214.0
2013-06-28 20:00:00,17965.0
2013-06-28 21:00:00,17431.0
2013-06-28 22:00:00,16121.0
2013-06-28 23:00:00,14653.0
2013-06-29 00:00:00,13470.0
2013-06-29 01:00:00,12729.0
2013-06-29 02:00:00,12273.0
2013-06-29 03:00:00,11995.0
2013-06-29 04:00:00,11925.0
2013-06-29 05:00:00,12069.0
2013-06-29 06:00:00,12671.0
2013-06-29 07:00:00,13838.0
2013-06-29 08:00:00,15143.0
2013-06-29 09:00:00,16201.0
2013-06-29 10:00:00,16956.0
2013-06-29 11:00:00,17432.0
2013-06-29 12:00:00,17875.0
2013-06-29 13:00:00,18207.0
2013-06-29 14:00:00,18458.0
2013-06-29 15:00:00,18615.0
2013-06-29 16:00:00,18758.0
2013-06-29 17:00:00,18728.0
2013-06-29 18:00:00,18341.0
2013-06-29 19:00:00,17713.0
2013-06-29 20:00:00,17455.0
2013-06-29 21:00:00,17167.0
2013-06-29 22:00:00,16023.0
2013-06-29 23:00:00,14689.0
2013-06-30 00:00:00,13552.0
2013-06-30 01:00:00,12782.0
2013-06-30 02:00:00,12298.0
2013-06-30 03:00:00,11995.0
2013-06-30 04:00:00,11865.0
2013-06-30 05:00:00,11798.0
2013-06-30 06:00:00,12188.0
2013-06-30 07:00:00,13189.0
2013-06-30 08:00:00,14573.0
2013-06-30 09:00:00,15883.0
2013-06-30 10:00:00,17031.0
2013-06-30 11:00:00,17960.0
2013-06-30 12:00:00,18643.0
2013-06-30 13:00:00,18984.0
2013-06-30 14:00:00,19030.0
2013-06-30 15:00:00,18903.0
2013-06-30 16:00:00,18864.0
2013-06-30 17:00:00,18911.0
2013-06-30 18:00:00,18672.0
2013-06-30 19:00:00,18292.0
2013-06-30 20:00:00,18277.0
2013-06-30 21:00:00,17840.0
2013-06-30 22:00:00,16471.0
2013-06-30 23:00:00,14986.0
2013-07-01 00:00:00,13877.0
2013-07-01 01:00:00,13213.0
2013-07-01 02:00:00,12843.0
2013-07-01 03:00:00,12711.0
2013-07-01 04:00:00,12930.0
2013-07-01 05:00:00,13624.0
2013-07-01 06:00:00,15141.0
2013-07-01 07:00:00,16793.0
2013-07-01 08:00:00,17888.0
2013-07-01 09:00:00,18664.0
2013-07-01 10:00:00,19298.0
2013-07-01 11:00:00,19708.0
2013-07-01 12:00:00,19984.0
2013-07-01 13:00:00,20191.0
2013-07-01 14:00:00,20125.0
2013-07-01 15:00:00,19957.0
2013-07-01 16:00:00,19887.0
2013-07-01 17:00:00,19812.0
2013-07-01 18:00:00,19517.0
2013-07-01 19:00:00,19217.0
2013-07-01 20:00:00,19130.0
2013-07-01 21:00:00,18352.0
2013-07-01 22:00:00,16765.0
2013-07-01 23:00:00,15180.0
2013-07-02 00:00:00,13996.0
2013-07-02 01:00:00,13276.0
2013-07-02 02:00:00,12871.0
2013-07-02 03:00:00,12745.0
2013-07-02 04:00:00,12904.0
2013-07-02 05:00:00,13681.0
2013-07-02 06:00:00,15156.0
2013-07-02 07:00:00,16751.0
2013-07-02 08:00:00,17831.0
2013-07-02 09:00:00,18623.0
2013-07-02 10:00:00,19254.0
2013-07-02 11:00:00,19699.0
2013-07-02 12:00:00,19980.0
2013-07-02 13:00:00,20233.0
2013-07-02 14:00:00,20339.0
2013-07-02 15:00:00,20456.0
2013-07-02 16:00:00,20454.0
2013-07-02 17:00:00,20297.0
2013-07-02 18:00:00,19648.0
2013-07-02 19:00:00,18950.0
2013-07-02 20:00:00,18657.0
2013-07-02 21:00:00,17923.0
2013-07-02 22:00:00,16336.0
2013-07-02 23:00:00,14702.0
2013-07-03 00:00:00,13481.0
2013-07-03 01:00:00,12701.0
2013-07-03 02:00:00,12243.0
2013-07-03 03:00:00,12042.0
2013-07-03 04:00:00,12202.0
2013-07-03 05:00:00,12860.0
2013-07-03 06:00:00,14333.0
2013-07-03 07:00:00,16107.0
2013-07-03 08:00:00,17451.0
2013-07-03 09:00:00,18514.0
2013-07-03 10:00:00,19539.0
2013-07-03 11:00:00,20252.0
2013-07-03 12:00:00,20945.0
2013-07-03 13:00:00,21635.0
2013-07-03 14:00:00,22048.0
2013-07-03 15:00:00,22155.0
2013-07-03 16:00:00,22287.0
2013-07-03 17:00:00,22110.0
2013-07-03 18:00:00,21597.0
2013-07-03 19:00:00,20778.0
2013-07-03 20:00:00,20267.0
2013-07-03 21:00:00,19623.0
2013-07-03 22:00:00,18198.0
2013-07-03 23:00:00,16592.0
2013-07-04 00:00:00,15158.0
2013-07-04 01:00:00,14199.0
2013-07-04 02:00:00,13592.0
2013-07-04 03:00:00,13239.0
2013-07-04 04:00:00,13156.0
2013-07-04 05:00:00,13222.0
2013-07-04 06:00:00,13943.0
2013-07-04 07:00:00,15292.0
2013-07-04 08:00:00,17001.0
2013-07-04 09:00:00,18668.0
2013-07-04 10:00:00,20006.0
2013-07-04 11:00:00,20957.0
2013-07-04 12:00:00,21474.0
2013-07-04 13:00:00,21688.0
2013-07-04 14:00:00,21794.0
2013-07-04 15:00:00,21916.0
2013-07-04 16:00:00,22066.0
2013-07-04 17:00:00,22052.0
2013-07-04 18:00:00,21563.0
2013-07-04 19:00:00,20832.0
2013-07-04 20:00:00,20363.0
2013-07-04 21:00:00,19809.0
2013-07-04 22:00:00,18746.0
2013-07-04 23:00:00,17351.0
2013-07-05 00:00:00,16021.0
2013-07-05 01:00:00,15096.0
2013-07-05 02:00:00,14488.0
2013-07-05 03:00:00,14141.0
2013-07-05 04:00:00,14115.0
2013-07-05 05:00:00,14371.0
2013-07-05 06:00:00,15645.0
2013-07-05 07:00:00,17537.0
2013-07-05 08:00:00,19376.0
2013-07-05 09:00:00,21039.0
2013-07-05 10:00:00,22394.0
2013-07-05 11:00:00,23322.0
2013-07-05 12:00:00,23926.0
2013-07-05 13:00:00,24277.0
2013-07-05 14:00:00,24446.0
2013-07-05 15:00:00,24579.0
2013-07-05 16:00:00,24670.0
2013-07-05 17:00:00,24507.0
2013-07-05 18:00:00,23844.0
2013-07-05 19:00:00,22904.0
2013-07-05 20:00:00,22342.0
2013-07-05 21:00:00,21655.0
2013-07-05 22:00:00,20056.0
2013-07-05 23:00:00,18300.0
2013-07-06 00:00:00,16780.0
2013-07-06 01:00:00,15732.0
2013-07-06 02:00:00,15038.0
2013-07-06 03:00:00,14587.0
2013-07-06 04:00:00,14389.0
2013-07-06 05:00:00,14283.0
2013-07-06 06:00:00,15005.0
2013-07-06 07:00:00,16595.0
2013-07-06 08:00:00,18520.0
2013-07-06 09:00:00,20233.0
2013-07-06 10:00:00,21445.0
2013-07-06 11:00:00,22213.0
2013-07-06 12:00:00,22617.0
2013-07-06 13:00:00,22760.0
2013-07-06 14:00:00,22824.0
2013-07-06 15:00:00,22884.0
2013-07-06 16:00:00,22960.0
2013-07-06 17:00:00,22895.0
2013-07-06 18:00:00,22522.0
2013-07-06 19:00:00,21841.0
2013-07-06 20:00:00,21337.0
2013-07-06 21:00:00,20788.0
2013-07-06 22:00:00,19336.0
2013-07-06 23:00:00,17656.0
2013-07-07 00:00:00,16180.0
2013-07-07 01:00:00,15153.0
2013-07-07 02:00:00,14444.0
2013-07-07 03:00:00,13960.0
2013-07-07 04:00:00,13672.0
2013-07-07 05:00:00,13441.0
2013-07-07 06:00:00,13911.0
2013-07-07 07:00:00,15206.0
2013-07-07 08:00:00,16942.0
2013-07-07 09:00:00,18704.0
2013-07-07 10:00:00,20196.0
2013-07-07 11:00:00,21279.0
2013-07-07 12:00:00,21976.0
2013-07-07 13:00:00,22477.0
2013-07-07 14:00:00,22832.0
2013-07-07 15:00:00,22969.0
2013-07-07 16:00:00,22732.0
2013-07-07 17:00:00,22417.0
2013-07-07 18:00:00,21983.0
2013-07-07 19:00:00,21490.0
2013-07-07 20:00:00,21323.0
2013-07-07 21:00:00,20713.0
2013-07-07 22:00:00,19111.0
2013-07-07 23:00:00,17362.0
2013-07-08 00:00:00,16058.0
2013-07-08 01:00:00,15218.0
2013-07-08 02:00:00,14693.0
2013-07-08 03:00:00,14447.0
2013-07-08 04:00:00,14532.0
2013-07-08 05:00:00,15137.0
2013-07-08 06:00:00,16693.0
2013-07-08 07:00:00,18623.0
2013-07-08 08:00:00,20139.0
2013-07-08 09:00:00,21371.0
2013-07-08 10:00:00,22348.0
2013-07-08 11:00:00,23002.0
2013-07-08 12:00:00,23418.0
2013-07-08 13:00:00,23774.0
2013-07-08 14:00:00,23841.0
2013-07-08 15:00:00,23882.0
2013-07-08 16:00:00,23797.0
2013-07-08 17:00:00,23431.0
2013-07-08 18:00:00,22649.0
2013-07-08 19:00:00,21709.0
2013-07-08 20:00:00,21155.0
2013-07-08 21:00:00,20186.0
2013-07-08 22:00:00,18231.0
2013-07-08 23:00:00,16320.0
2013-07-09 00:00:00,14922.0
2013-07-09 01:00:00,14039.0
2013-07-09 02:00:00,13504.0
2013-07-09 03:00:00,13238.0
2013-07-09 04:00:00,13322.0
2013-07-09 05:00:00,13967.0
2013-07-09 06:00:00,15328.0
2013-07-09 07:00:00,16864.0
2013-07-09 08:00:00,17848.0
2013-07-09 09:00:00,18567.0
2013-07-09 10:00:00,19287.0
2013-07-09 11:00:00,19776.0
2013-07-09 12:00:00,20061.0
2013-07-09 13:00:00,20288.0
2013-07-09 14:00:00,20273.0
2013-07-09 15:00:00,20135.0
2013-07-09 16:00:00,20119.0
2013-07-09 17:00:00,20076.0
2013-07-09 18:00:00,19687.0
2013-07-09 19:00:00,19249.0
2013-07-09 20:00:00,19168.0
2013-07-09 21:00:00,18524.0
2013-07-09 22:00:00,16934.0
2013-07-09 23:00:00,15310.0
2013-07-10 00:00:00,14099.0
2013-07-10 01:00:00,13366.0
2013-07-10 02:00:00,12946.0
2013-07-10 03:00:00,12779.0
2013-07-10 04:00:00,12968.0
2013-07-10 05:00:00,13742.0
2013-07-10 06:00:00,15212.0
2013-07-10 07:00:00,16830.0
2013-07-10 08:00:00,17911.0
2013-07-10 09:00:00,18755.0
2013-07-10 10:00:00,19613.0
2013-07-10 11:00:00,20485.0
2013-07-10 12:00:00,21169.0
2013-07-10 13:00:00,21776.0
2013-07-10 14:00:00,21998.0
2013-07-10 15:00:00,21974.0
2013-07-10 16:00:00,21866.0
2013-07-10 17:00:00,21646.0
2013-07-10 18:00:00,21177.0
2013-07-10 19:00:00,20743.0
2013-07-10 20:00:00,20606.0
2013-07-10 21:00:00,19848.0
2013-07-10 22:00:00,18180.0
2013-07-10 23:00:00,16464.0
2013-07-11 00:00:00,15181.0
2013-07-11 01:00:00,14372.0
2013-07-11 02:00:00,13876.0
2013-07-11 03:00:00,13671.0
2013-07-11 04:00:00,13819.0
2013-07-11 05:00:00,14503.0
2013-07-11 06:00:00,16102.0
2013-07-11 07:00:00,17773.0
2013-07-11 08:00:00,18799.0
2013-07-11 09:00:00,19447.0
2013-07-11 10:00:00,19809.0
2013-07-11 11:00:00,20154.0
2013-07-11 12:00:00,20504.0
2013-07-11 13:00:00,20950.0
2013-07-11 14:00:00,21183.0
2013-07-11 15:00:00,21308.0
2013-07-11 16:00:00,21350.0
2013-07-11 17:00:00,21244.0
2013-07-11 18:00:00,20773.0
2013-07-11 19:00:00,20201.0
2013-07-11 20:00:00,19950.0
2013-07-11 21:00:00,19317.0
2013-07-11 22:00:00,17616.0
2013-07-11 23:00:00,15826.0
2013-07-12 00:00:00,14417.0
2013-07-12 01:00:00,13485.0
2013-07-12 02:00:00,12924.0
2013-07-12 03:00:00,12656.0
2013-07-12 04:00:00,12701.0
2013-07-12 05:00:00,13212.0
2013-07-12 06:00:00,14472.0
2013-07-12 07:00:00,15935.0
2013-07-12 08:00:00,16941.0
2013-07-12 09:00:00,17763.0
2013-07-12 10:00:00,18424.0
2013-07-12 11:00:00,18824.0
2013-07-12 12:00:00,18999.0
2013-07-12 13:00:00,19191.0
2013-07-12 14:00:00,19177.0
2013-07-12 15:00:00,19053.0
2013-07-12 16:00:00,18863.0
2013-07-12 17:00:00,18435.0
2013-07-12 18:00:00,17747.0
2013-07-12 19:00:00,17170.0
2013-07-12 20:00:00,17051.0
2013-07-12 21:00:00,16537.0
2013-07-12 22:00:00,15285.0
2013-07-12 23:00:00,13927.0
2013-07-13 00:00:00,12814.0
2013-07-13 01:00:00,12127.0
2013-07-13 02:00:00,11704.0
2013-07-13 03:00:00,11466.0
2013-07-13 04:00:00,11436.0
2013-07-13 05:00:00,11616.0
2013-07-13 06:00:00,12148.0
2013-07-13 07:00:00,13107.0
2013-07-13 08:00:00,14247.0
2013-07-13 09:00:00,15190.0
2013-07-13 10:00:00,15864.0
2013-07-13 11:00:00,16275.0
2013-07-13 12:00:00,16556.0
2013-07-13 13:00:00,16676.0
2013-07-13 14:00:00,16833.0
2013-07-13 15:00:00,17006.0
2013-07-13 16:00:00,17225.0
2013-07-13 17:00:00,17406.0
2013-07-13 18:00:00,17361.0
2013-07-13 19:00:00,17142.0
2013-07-13 20:00:00,17234.0
2013-07-13 21:00:00,17031.0
2013-07-13 22:00:00,16024.0
2013-07-13 23:00:00,14808.0
2013-07-14 00:00:00,13773.0
2013-07-14 01:00:00,13045.0
2013-07-14 02:00:00,12599.0
2013-07-14 03:00:00,12343.0
2013-07-14 04:00:00,12273.0
2013-07-14 05:00:00,12277.0
2013-07-14 06:00:00,12677.0
2013-07-14 07:00:00,13816.0
2013-07-14 08:00:00,15522.0
2013-07-14 09:00:00,17212.0
2013-07-14 10:00:00,18662.0
2013-07-14 11:00:00,19793.0
2013-07-14 12:00:00,20560.0
2013-07-14 13:00:00,21010.0
2013-07-14 14:00:00,21323.0
2013-07-14 15:00:00,21643.0
2013-07-14 16:00:00,21906.0
2013-07-14 17:00:00,22060.0
2013-07-14 18:00:00,21900.0
2013-07-14 19:00:00,21477.0
2013-07-14 20:00:00,21336.0
2013-07-14 21:00:00,20824.0
2013-07-14 22:00:00,19142.0
2013-07-14 23:00:00,17318.0
2013-07-15 00:00:00,15958.0
2013-07-15 01:00:00,15075.0
2013-07-15 02:00:00,14517.0
2013-07-15 03:00:00,14221.0
2013-07-15 04:00:00,14321.0
2013-07-15 05:00:00,14929.0
2013-07-15 06:00:00,16570.0
2013-07-15 07:00:00,18721.0
2013-07-15 08:00:00,20536.0
2013-07-15 09:00:00,22069.0
2013-07-15 10:00:00,23424.0
2013-07-15 11:00:00,24362.0
2013-07-15 12:00:00,24945.0
2013-07-15 13:00:00,25378.0
2013-07-15 14:00:00,25553.0
2013-07-15 15:00:00,25650.0
2013-07-15 16:00:00,25656.0
2013-07-15 17:00:00,25487.0
2013-07-15 18:00:00,24996.0
2013-07-15 19:00:00,24263.0
2013-07-15 20:00:00,23800.0
2013-07-15 21:00:00,22856.0
2013-07-15 22:00:00,20689.0
2013-07-15 23:00:00,18539.0
2013-07-16 00:00:00,16932.0
2013-07-16 01:00:00,15895.0
2013-07-16 02:00:00,15153.0
2013-07-16 03:00:00,14737.0
2013-07-16 04:00:00,14716.0
2013-07-16 05:00:00,15211.0
2013-07-16 06:00:00,16753.0
2013-07-16 07:00:00,18806.0
2013-07-16 08:00:00,20441.0
2013-07-16 09:00:00,21897.0
2013-07-16 10:00:00,23267.0
2013-07-16 11:00:00,24291.0
2013-07-16 12:00:00,24970.0
2013-07-16 13:00:00,25519.0
2013-07-16 14:00:00,25682.0
2013-07-16 15:00:00,25759.0
2013-07-16 16:00:00,25814.0
2013-07-16 17:00:00,25624.0
2013-07-16 18:00:00,25011.0
2013-07-16 19:00:00,24150.0
2013-07-16 20:00:00,23639.0
2013-07-16 21:00:00,22671.0
2013-07-16 22:00:00,20521.0
2013-07-16 23:00:00,18397.0
2013-07-17 00:00:00,16770.0
2013-07-17 01:00:00,15757.0
2013-07-17 02:00:00,15082.0
2013-07-17 03:00:00,14725.0
2013-07-17 04:00:00,14759.0
2013-07-17 05:00:00,15291.0
2013-07-17 06:00:00,16865.0
2013-07-17 07:00:00,18978.0
2013-07-17 08:00:00,20668.0
2013-07-17 09:00:00,22074.0
2013-07-17 10:00:00,23409.0
2013-07-17 11:00:00,24387.0
2013-07-17 12:00:00,25090.0
2013-07-17 13:00:00,25654.0
2013-07-17 14:00:00,25941.0
2013-07-17 15:00:00,26105.0
2013-07-17 16:00:00,26185.0
2013-07-17 17:00:00,26059.0
2013-07-17 18:00:00,25483.0
2013-07-17 19:00:00,24694.0
2013-07-17 20:00:00,24327.0
2013-07-17 21:00:00,23315.0
2013-07-17 22:00:00,21203.0
2013-07-17 23:00:00,19107.0
2013-07-18 00:00:00,17607.0
2013-07-18 01:00:00,16646.0
2013-07-18 02:00:00,16046.0
2013-07-18 03:00:00,15694.0
2013-07-18 04:00:00,15733.0
2013-07-18 05:00:00,16309.0
2013-07-18 06:00:00,17928.0
2013-07-18 07:00:00,20152.0
2013-07-18 08:00:00,21940.0
2013-07-18 09:00:00,23363.0
2013-07-18 10:00:00,24617.0
2013-07-18 11:00:00,25459.0
2013-07-18 12:00:00,25920.0
2013-07-18 13:00:00,26308.0
2013-07-18 14:00:00,26406.0
2013-07-18 15:00:00,26387.0
2013-07-18 16:00:00,26236.0
2013-07-18 17:00:00,25858.0
2013-07-18 18:00:00,25174.0
2013-07-18 19:00:00,24445.0
2013-07-18 20:00:00,24173.0
2013-07-18 21:00:00,23265.0
2013-07-18 22:00:00,21325.0
2013-07-18 23:00:00,19310.0
2013-07-19 00:00:00,17734.0
2013-07-19 01:00:00,16762.0
2013-07-19 02:00:00,16177.0
2013-07-19 03:00:00,15855.0
2013-07-19 04:00:00,15948.0
2013-07-19 05:00:00,16557.0
2013-07-19 06:00:00,18074.0
2013-07-19 07:00:00,20165.0
2013-07-19 08:00:00,22010.0
2013-07-19 09:00:00,23616.0
2013-07-19 10:00:00,25038.0
2013-07-19 11:00:00,26029.0
2013-07-19 12:00:00,26575.0
2013-07-19 13:00:00,26886.0
2013-07-19 14:00:00,26910.0
2013-07-19 15:00:00,26913.0
2013-07-19 16:00:00,26919.0
2013-07-19 17:00:00,26643.0
2013-07-19 18:00:00,25885.0
2013-07-19 19:00:00,25091.0
2013-07-19 20:00:00,24767.0
2013-07-19 21:00:00,24074.0
2013-07-19 22:00:00,22370.0
2013-07-19 23:00:00,20456.0
2013-07-20 00:00:00,18854.0
2013-07-20 01:00:00,17780.0
2013-07-20 02:00:00,17038.0
2013-07-20 03:00:00,16557.0
2013-07-20 04:00:00,16280.0
2013-07-20 05:00:00,16203.0
2013-07-20 06:00:00,16824.0
2013-07-20 07:00:00,18253.0
2013-07-20 08:00:00,19842.0
2013-07-20 09:00:00,21328.0
2013-07-20 10:00:00,22590.0
2013-07-20 11:00:00,23448.0
2013-07-20 12:00:00,23942.0
2013-07-20 13:00:00,24209.0
2013-07-20 14:00:00,24225.0
2013-07-20 15:00:00,23899.0
2013-07-20 16:00:00,23325.0
2013-07-20 17:00:00,23107.0
2013-07-20 18:00:00,22578.0
2013-07-20 19:00:00,21878.0
2013-07-20 20:00:00,21534.0
2013-07-20 21:00:00,20711.0
2013-07-20 22:00:00,19057.0
2013-07-20 23:00:00,17293.0
2013-07-21 00:00:00,15807.0
2013-07-21 01:00:00,14814.0
2013-07-21 02:00:00,14112.0
2013-07-21 03:00:00,13634.0
2013-07-21 04:00:00,13347.0
2013-07-21 05:00:00,13186.0
2013-07-21 06:00:00,13399.0
2013-07-21 07:00:00,14314.0
2013-07-21 08:00:00,15517.0
2013-07-21 09:00:00,16631.0
2013-07-21 10:00:00,17528.0
2013-07-21 11:00:00,18187.0
2013-07-21 12:00:00,18659.0
2013-07-21 13:00:00,18897.0
2013-07-21 14:00:00,19039.0
2013-07-21 15:00:00,19269.0
2013-07-21 16:00:00,19567.0
2013-07-21 17:00:00,19711.0
2013-07-21 18:00:00,19452.0
2013-07-21 19:00:00,18895.0
2013-07-21 20:00:00,18860.0
2013-07-21 21:00:00,18366.0
2013-07-21 22:00:00,16929.0
2013-07-21 23:00:00,15405.0
2013-07-22 00:00:00,14220.0
2013-07-22 01:00:00,13463.0
2013-07-22 02:00:00,13034.0
2013-07-22 03:00:00,12853.0
2013-07-22 04:00:00,13043.0
2013-07-22 05:00:00,13687.0
2013-07-22 06:00:00,15094.0
2013-07-22 07:00:00,16724.0
2013-07-22 08:00:00,17888.0
2013-07-22 09:00:00,18762.0
2013-07-22 10:00:00,19598.0
2013-07-22 11:00:00,20291.0
2013-07-22 12:00:00,20831.0
2013-07-22 13:00:00,21373.0
2013-07-22 14:00:00,21555.0
2013-07-22 15:00:00,21484.0
2013-07-22 16:00:00,21298.0
2013-07-22 17:00:00,21008.0
2013-07-22 18:00:00,20485.0
2013-07-22 19:00:00,19992.0
2013-07-22 20:00:00,19927.0
2013-07-22 21:00:00,19050.0
2013-07-22 22:00:00,17371.0
2013-07-22 23:00:00,15756.0
2013-07-23 00:00:00,14564.0
2013-07-23 01:00:00,13865.0
2013-07-23 02:00:00,13443.0
2013-07-23 03:00:00,13276.0
2013-07-23 04:00:00,13474.0
2013-07-23 05:00:00,14285.0
2013-07-23 06:00:00,15718.0
2013-07-23 07:00:00,17217.0
2013-07-23 08:00:00,18185.0
2013-07-23 09:00:00,18996.0
2013-07-23 10:00:00,19831.0
2013-07-23 11:00:00,20558.0
2013-07-23 12:00:00,21007.0
2013-07-23 13:00:00,21381.0
2013-07-23 14:00:00,21689.0
2013-07-23 15:00:00,21869.0
2013-07-23 16:00:00,21661.0
2013-07-23 17:00:00,21237.0
2013-07-23 18:00:00,20760.0
2013-07-23 19:00:00,20211.0
2013-07-23 20:00:00,20014.0
2013-07-23 21:00:00,19273.0
2013-07-23 22:00:00,17677.0
2013-07-23 23:00:00,15993.0
2013-07-24 00:00:00,14733.0
2013-07-24 01:00:00,13950.0
2013-07-24 02:00:00,13493.0
2013-07-24 03:00:00,13272.0
2013-07-24 04:00:00,13425.0
2013-07-24 05:00:00,14081.0
2013-07-24 06:00:00,15572.0
2013-07-24 07:00:00,17396.0
2013-07-24 08:00:00,18770.0
2013-07-24 09:00:00,19886.0
2013-07-24 10:00:00,20880.0
2013-07-24 11:00:00,21532.0
2013-07-24 12:00:00,21840.0
2013-07-24 13:00:00,21969.0
2013-07-24 14:00:00,21999.0
2013-07-24 15:00:00,21800.0
2013-07-24 16:00:00,21599.0
2013-07-24 17:00:00,21387.0
2013-07-24 18:00:00,20611.0
2013-07-24 19:00:00,19731.0
2013-07-24 20:00:00,19346.0
2013-07-24 21:00:00,18460.0
2013-07-24 22:00:00,16594.0
2013-07-24 23:00:00,14673.0
2013-07-25 00:00:00,13276.0
2013-07-25 01:00:00,12385.0
2013-07-25 02:00:00,11807.0
2013-07-25 03:00:00,11526.0
2013-07-25 04:00:00,11612.0
2013-07-25 05:00:00,12204.0
2013-07-25 06:00:00,13308.0
2013-07-25 07:00:00,14534.0
2013-07-25 08:00:00,15244.0
2013-07-25 09:00:00,15673.0
2013-07-25 10:00:00,16034.0
2013-07-25 11:00:00,16191.0
2013-07-25 12:00:00,16158.0
2013-07-25 13:00:00,16153.0
2013-07-25 14:00:00,16014.0
2013-07-25 15:00:00,15826.0
2013-07-25 16:00:00,15763.0
2013-07-25 17:00:00,15764.0
2013-07-25 18:00:00,15589.0
2013-07-25 19:00:00,15437.0
2013-07-25 20:00:00,15472.0
2013-07-25 21:00:00,14786.0
2013-07-25 22:00:00,13543.0
2013-07-25 23:00:00,12315.0
2013-07-26 00:00:00,11416.0
2013-07-26 01:00:00,10899.0
2013-07-26 02:00:00,10616.0
2013-07-26 03:00:00,10545.0
2013-07-26 04:00:00,10762.0
2013-07-26 05:00:00,11498.0
2013-07-26 06:00:00,12735.0
2013-07-26 07:00:00,14144.0
2013-07-26 08:00:00,15099.0
2013-07-26 09:00:00,15726.0
2013-07-26 10:00:00,16176.0
2013-07-26 11:00:00,16428.0
2013-07-26 12:00:00,16475.0
2013-07-26 13:00:00,16572.0
2013-07-26 14:00:00,16512.0
2013-07-26 15:00:00,16383.0
2013-07-26 16:00:00,16381.0
2013-07-26 17:00:00,16369.0
2013-07-26 18:00:00,16144.0
2013-07-26 19:00:00,15887.0
2013-07-26 20:00:00,15870.0
2013-07-26 21:00:00,15365.0
2013-07-26 22:00:00,14195.0
2013-07-26 23:00:00,12935.0
2013-07-27 00:00:00,11904.0
2013-07-27 01:00:00,11252.0
2013-07-27 02:00:00,10842.0
2013-07-27 03:00:00,10627.0
2013-07-27 04:00:00,10612.0
2013-07-27 05:00:00,10779.0
2013-07-27 06:00:00,11286.0
2013-07-27 07:00:00,12425.0
2013-07-27 08:00:00,13762.0
2013-07-27 09:00:00,14925.0
2013-07-27 10:00:00,15840.0
2013-07-27 11:00:00,16468.0
2013-07-27 12:00:00,16865.0
2013-07-27 13:00:00,17039.0
2013-07-27 14:00:00,17219.0
2013-07-27 15:00:00,17417.0
2013-07-27 16:00:00,17577.0
2013-07-27 17:00:00,17640.0
2013-07-27 18:00:00,17298.0
2013-07-27 19:00:00,16808.0
2013-07-27 20:00:00,16818.0
2013-07-27 21:00:00,16354.0
2013-07-27 22:00:00,15182.0
2013-07-27 23:00:00,13876.0
2013-07-28 00:00:00,12809.0
2013-07-28 01:00:00,12123.0
2013-07-28 02:00:00,11683.0
2013-07-28 03:00:00,11443.0
2013-07-28 04:00:00,11356.0
2013-07-28 05:00:00,11409.0
2013-07-28 06:00:00,11638.0
2013-07-28 07:00:00,12396.0
2013-07-28 08:00:00,13523.0
2013-07-28 09:00:00,14626.0
2013-07-28 10:00:00,15568.0
2013-07-28 11:00:00,16400.0
2013-07-28 12:00:00,17008.0
2013-07-28 13:00:00,17339.0
2013-07-28 14:00:00,17512.0
2013-07-28 15:00:00,17560.0
2013-07-28 16:00:00,17551.0
2013-07-28 17:00:00,17557.0
2013-07-28 18:00:00,17359.0
2013-07-28 19:00:00,17202.0
2013-07-28 20:00:00,17267.0
2013-07-28 21:00:00,16573.0
2013-07-28 22:00:00,15260.0
2013-07-28 23:00:00,13937.0
2013-07-29 00:00:00,12974.0
2013-07-29 01:00:00,12380.0
2013-07-29 02:00:00,12054.0
2013-07-29 03:00:00,11951.0
2013-07-29 04:00:00,12218.0
2013-07-29 05:00:00,13019.0
2013-07-29 06:00:00,14407.0
2013-07-29 07:00:00,16027.0
2013-07-29 08:00:00,17230.0
2013-07-29 09:00:00,18186.0
2013-07-29 10:00:00,19084.0
2013-07-29 11:00:00,19855.0
2013-07-29 12:00:00,20371.0
2013-07-29 13:00:00,20782.0
2013-07-29 14:00:00,21127.0
2013-07-29 15:00:00,21346.0
2013-07-29 16:00:00,21317.0
2013-07-29 17:00:00,21077.0
2013-07-29 18:00:00,20595.0
2013-07-29 19:00:00,19845.0
2013-07-29 20:00:00,19494.0
2013-07-29 21:00:00,18526.0
2013-07-29 22:00:00,16722.0
2013-07-29 23:00:00,14941.0
2013-07-30 00:00:00,13603.0
2013-07-30 01:00:00,12760.0
2013-07-30 02:00:00,12237.0
2013-07-30 03:00:00,11944.0
2013-07-30 04:00:00,11987.0
2013-07-30 05:00:00,12521.0
2013-07-30 06:00:00,13707.0
2013-07-30 07:00:00,15276.0
2013-07-30 08:00:00,16410.0
2013-07-30 09:00:00,17268.0
2013-07-30 10:00:00,18000.0
2013-07-30 11:00:00,18500.0
2013-07-30 12:00:00,18820.0
2013-07-30 13:00:00,19180.0
2013-07-30 14:00:00,19403.0
2013-07-30 15:00:00,19538.0
2013-07-30 16:00:00,19648.0
2013-07-30 17:00:00,19532.0
2013-07-30 18:00:00,19029.0
2013-07-30 19:00:00,18341.0
2013-07-30 20:00:00,18217.0
2013-07-30 21:00:00,17394.0
2013-07-30 22:00:00,15751.0
2013-07-30 23:00:00,14101.0
2013-07-31 00:00:00,12886.0
2013-07-31 01:00:00,12131.0
2013-07-31 02:00:00,11666.0
2013-07-31 03:00:00,11455.0
2013-07-31 04:00:00,11576.0
2013-07-31 05:00:00,12175.0
2013-07-31 06:00:00,13454.0
2013-07-31 07:00:00,15087.0
2013-07-31 08:00:00,16269.0
2013-07-31 09:00:00,17151.0
2013-07-31 10:00:00,17905.0
2013-07-31 11:00:00,18474.0
2013-07-31 12:00:00,18838.0
2013-07-31 13:00:00,19204.0
2013-07-31 14:00:00,19441.0
2013-07-31 15:00:00,19554.0
2013-07-31 16:00:00,19639.0
2013-07-31 17:00:00,19462.0
2013-07-31 18:00:00,18864.0
2013-07-31 19:00:00,18283.0
2013-07-31 20:00:00,18326.0
2013-07-31 21:00:00,17550.0
2013-07-31 22:00:00,15933.0
2013-07-31 23:00:00,14316.0
2013-08-01 00:00:00,13118.0
2013-08-01 01:00:00,12332.0
2013-08-01 02:00:00,11871.0
2013-08-01 03:00:00,11648.0
2013-08-01 04:00:00,11780.0
2013-08-01 05:00:00,12453.0
2013-08-01 06:00:00,13729.0
2013-08-01 07:00:00,15359.0
2013-08-01 08:00:00,16651.0
2013-08-01 09:00:00,17649.0
2013-08-01 10:00:00,18476.0
2013-08-01 11:00:00,18977.0
2013-08-01 12:00:00,19176.0
2013-08-01 13:00:00,19288.0
2013-08-01 14:00:00,19206.0
2013-08-01 15:00:00,18906.0
2013-08-01 16:00:00,18531.0
2013-08-01 17:00:00,18194.0
2013-08-01 18:00:00,17771.0
2013-08-01 19:00:00,17546.0
2013-08-01 20:00:00,17521.0
2013-08-01 21:00:00,16684.0
2013-08-01 22:00:00,15263.0
2013-08-01 23:00:00,13813.0
2013-08-02 00:00:00,12737.0
2013-08-02 01:00:00,12114.0
2013-08-02 02:00:00,11746.0
2013-08-02 03:00:00,11608.0
2013-08-02 04:00:00,11798.0
2013-08-02 05:00:00,12531.0
2013-08-02 06:00:00,13794.0
2013-08-02 07:00:00,15223.0
2013-08-02 08:00:00,16332.0
2013-08-02 09:00:00,17215.0
2013-08-02 10:00:00,18035.0
2013-08-02 11:00:00,18597.0
2013-08-02 12:00:00,18986.0
2013-08-02 13:00:00,19393.0
2013-08-02 14:00:00,19594.0
2013-08-02 15:00:00,19641.0
2013-08-02 16:00:00,19576.0
2013-08-02 17:00:00,19351.0
2013-08-02 18:00:00,18740.0
2013-08-02 19:00:00,18027.0
2013-08-02 20:00:00,17909.0
2013-08-02 21:00:00,17241.0
2013-08-02 22:00:00,15898.0
2013-08-02 23:00:00,14422.0
2013-08-03 00:00:00,13244.0
2013-08-03 01:00:00,12454.0
2013-08-03 02:00:00,11924.0
2013-08-03 03:00:00,11613.0
2013-08-03 04:00:00,11532.0
2013-08-03 05:00:00,11711.0
2013-08-03 06:00:00,12132.0
2013-08-03 07:00:00,13028.0
2013-08-03 08:00:00,14115.0
2013-08-03 09:00:00,14967.0
2013-08-03 10:00:00,15435.0
2013-08-03 11:00:00,15655.0
2013-08-03 12:00:00,15788.0
2013-08-03 13:00:00,15843.0
2013-08-03 14:00:00,15872.0
2013-08-03 15:00:00,16052.0
2013-08-03 16:00:00,16329.0
2013-08-03 17:00:00,16480.0
2013-08-03 18:00:00,16315.0
2013-08-03 19:00:00,15912.0
2013-08-03 20:00:00,16044.0
2013-08-03 21:00:00,15573.0
2013-08-03 22:00:00,14473.0
2013-08-03 23:00:00,13221.0
2013-08-04 00:00:00,12158.0
2013-08-04 01:00:00,11426.0
2013-08-04 02:00:00,10934.0
2013-08-04 03:00:00,10622.0
2013-08-04 04:00:00,10493.0
2013-08-04 05:00:00,10483.0
2013-08-04 06:00:00,10624.0
2013-08-04 07:00:00,11494.0
2013-08-04 08:00:00,12726.0
2013-08-04 09:00:00,13765.0
2013-08-04 10:00:00,14537.0
2013-08-04 11:00:00,15083.0
2013-08-04 12:00:00,15435.0
2013-08-04 13:00:00,15576.0
2013-08-04 14:00:00,15717.0
2013-08-04 15:00:00,15886.0
2013-08-04 16:00:00,16072.0
2013-08-04 17:00:00,16089.0
2013-08-04 18:00:00,15877.0
2013-08-04 19:00:00,15499.0
2013-08-04 20:00:00,15641.0
2013-08-04 21:00:00,15001.0
2013-08-04 22:00:00,13724.0
2013-08-04 23:00:00,12409.0
2013-08-05 00:00:00,11441.0
2013-08-05 01:00:00,10851.0
2013-08-05 02:00:00,10515.0
2013-08-05 03:00:00,10419.0
2013-08-05 04:00:00,10614.0
2013-08-05 05:00:00,11268.0
2013-08-05 06:00:00,12459.0
2013-08-05 07:00:00,13969.0
2013-08-05 08:00:00,14979.0
2013-08-05 09:00:00,15573.0
2013-08-05 10:00:00,16000.0
2013-08-05 11:00:00,16234.0
2013-08-05 12:00:00,16342.0
2013-08-05 13:00:00,16547.0
2013-08-05 14:00:00,16637.0
2013-08-05 15:00:00,16710.0
2013-08-05 16:00:00,16845.0
2013-08-05 17:00:00,16889.0
2013-08-05 18:00:00,16543.0
2013-08-05 19:00:00,16058.0
2013-08-05 20:00:00,16096.0
2013-08-05 21:00:00,15231.0
2013-08-05 22:00:00,13707.0
2013-08-05 23:00:00,12303.0
2013-08-06 00:00:00,11285.0
2013-08-06 01:00:00,10685.0
2013-08-06 02:00:00,10347.0
2013-08-06 03:00:00,10218.0
2013-08-06 04:00:00,10401.0
2013-08-06 05:00:00,11043.0
2013-08-06 06:00:00,12186.0
2013-08-06 07:00:00,13646.0
2013-08-06 08:00:00,14709.0
2013-08-06 09:00:00,15457.0
2013-08-06 10:00:00,16113.0
2013-08-06 11:00:00,16560.0
2013-08-06 12:00:00,16823.0
2013-08-06 13:00:00,17138.0
2013-08-06 14:00:00,17254.0
2013-08-06 15:00:00,17302.0
2013-08-06 16:00:00,17378.0
2013-08-06 17:00:00,17307.0
2013-08-06 18:00:00,16886.0
2013-08-06 19:00:00,16418.0
2013-08-06 20:00:00,16518.0
2013-08-06 21:00:00,15721.0
2013-08-06 22:00:00,14223.0
2013-08-06 23:00:00,12769.0
2013-08-07 00:00:00,11722.0
2013-08-07 01:00:00,11077.0
2013-08-07 02:00:00,10717.0
2013-08-07 03:00:00,10576.0
2013-08-07 04:00:00,10758.0
2013-08-07 05:00:00,11416.0
2013-08-07 06:00:00,12639.0
2013-08-07 07:00:00,14152.0
2013-08-07 08:00:00,15246.0
2013-08-07 09:00:00,16042.0
2013-08-07 10:00:00,16640.0
2013-08-07 11:00:00,17045.0
2013-08-07 12:00:00,17286.0
2013-08-07 13:00:00,17539.0
2013-08-07 14:00:00,17689.0
2013-08-07 15:00:00,17727.0
2013-08-07 16:00:00,17719.0
2013-08-07 17:00:00,17544.0
2013-08-07 18:00:00,17050.0
2013-08-07 19:00:00,16707.0
2013-08-07 20:00:00,16881.0
2013-08-07 21:00:00,16078.0
2013-08-07 22:00:00,14644.0
2013-08-07 23:00:00,13254.0
2013-08-08 00:00:00,12297.0
2013-08-08 01:00:00,11683.0
2013-08-08 02:00:00,11371.0
2013-08-08 03:00:00,11295.0
2013-08-08 04:00:00,11563.0
2013-08-08 05:00:00,12410.0
2013-08-08 06:00:00,13766.0
2013-08-08 07:00:00,15221.0
2013-08-08 08:00:00,16272.0
2013-08-08 09:00:00,17079.0
2013-08-08 10:00:00,17722.0
2013-08-08 11:00:00,18172.0
2013-08-08 12:00:00,18485.0
2013-08-08 13:00:00,18871.0
2013-08-08 14:00:00,19127.0
2013-08-08 15:00:00,19336.0
2013-08-08 16:00:00,19491.0
2013-08-08 17:00:00,19451.0
2013-08-08 18:00:00,19072.0
2013-08-08 19:00:00,18772.0
2013-08-08 20:00:00,18979.0
2013-08-08 21:00:00,18156.0
2013-08-08 22:00:00,16645.0
2013-08-08 23:00:00,15144.0
2013-08-09 00:00:00,14022.0
2013-08-09 01:00:00,13341.0
2013-08-09 02:00:00,12933.0
2013-08-09 03:00:00,12784.0
2013-08-09 04:00:00,12994.0
2013-08-09 05:00:00,13795.0
2013-08-09 06:00:00,15153.0
2013-08-09 07:00:00,16655.0
2013-08-09 08:00:00,17689.0
2013-08-09 09:00:00,18392.0
2013-08-09 10:00:00,18895.0
2013-08-09 11:00:00,19106.0
2013-08-09 12:00:00,19037.0
2013-08-09 13:00:00,19000.0
2013-08-09 14:00:00,18849.0
2013-08-09 15:00:00,18687.0
2013-08-09 16:00:00,18731.0
2013-08-09 17:00:00,18713.0
2013-08-09 18:00:00,18459.0
2013-08-09 19:00:00,18214.0
2013-08-09 20:00:00,18365.0
2013-08-09 21:00:00,17683.0
2013-08-09 22:00:00,16437.0
2013-08-09 23:00:00,15006.0
2013-08-10 00:00:00,13867.0
2013-08-10 01:00:00,13098.0
2013-08-10 02:00:00,12582.0
2013-08-10 03:00:00,12205.0
2013-08-10 04:00:00,12049.0
2013-08-10 05:00:00,12111.0
2013-08-10 06:00:00,12448.0
2013-08-10 07:00:00,13540.0
2013-08-10 08:00:00,14831.0
2013-08-10 09:00:00,15887.0
2013-08-10 10:00:00,16590.0
2013-08-10 11:00:00,17028.0
2013-08-10 12:00:00,17229.0
2013-08-10 13:00:00,17291.0
2013-08-10 14:00:00,17322.0
2013-08-10 15:00:00,17398.0
2013-08-10 16:00:00,17520.0
2013-08-10 17:00:00,17496.0
2013-08-10 18:00:00,17070.0
2013-08-10 19:00:00,16417.0
2013-08-10 20:00:00,16386.0
2013-08-10 21:00:00,15653.0
2013-08-10 22:00:00,14439.0
2013-08-10 23:00:00,13079.0
2013-08-11 00:00:00,11973.0
2013-08-11 01:00:00,11212.0
2013-08-11 02:00:00,10725.0
2013-08-11 03:00:00,10407.0
2013-08-11 04:00:00,10282.0
2013-08-11 05:00:00,10295.0
2013-08-11 06:00:00,10440.0
2013-08-11 07:00:00,11290.0
2013-08-11 08:00:00,12455.0
2013-08-11 09:00:00,13463.0
2013-08-11 10:00:00,14150.0
2013-08-11 11:00:00,14620.0
2013-08-11 12:00:00,14921.0
2013-08-11 13:00:00,15125.0
2013-08-11 14:00:00,15334.0
2013-08-11 15:00:00,15621.0
2013-08-11 16:00:00,15967.0
2013-08-11 17:00:00,16216.0
2013-08-11 18:00:00,16091.0
2013-08-11 19:00:00,15817.0
2013-08-11 20:00:00,16082.0
2013-08-11 21:00:00,15374.0
2013-08-11 22:00:00,14098.0
2013-08-11 23:00:00,12815.0
2013-08-12 00:00:00,11856.0
2013-08-12 01:00:00,11277.0
2013-08-12 02:00:00,10973.0
2013-08-12 03:00:00,10897.0
2013-08-12 04:00:00,11122.0
2013-08-12 05:00:00,11869.0
2013-08-12 06:00:00,13086.0
2013-08-12 07:00:00,14565.0
2013-08-12 08:00:00,15701.0
2013-08-12 09:00:00,16580.0
2013-08-12 10:00:00,17295.0
2013-08-12 11:00:00,17782.0
2013-08-12 12:00:00,18153.0
2013-08-12 13:00:00,18589.0
2013-08-12 14:00:00,18845.0
2013-08-12 15:00:00,19006.0
2013-08-12 16:00:00,19163.0
2013-08-12 17:00:00,19148.0
2013-08-12 18:00:00,18710.0
2013-08-12 19:00:00,18175.0
2013-08-12 20:00:00,18263.0
2013-08-12 21:00:00,17241.0
2013-08-12 22:00:00,15584.0
2013-08-12 23:00:00,14026.0
2013-08-13 00:00:00,12878.0
2013-08-13 01:00:00,12193.0
2013-08-13 02:00:00,11789.0
2013-08-13 03:00:00,11630.0
2013-08-13 04:00:00,11820.0
2013-08-13 05:00:00,12616.0
2013-08-13 06:00:00,13898.0
2013-08-13 07:00:00,15324.0
2013-08-13 08:00:00,16337.0
2013-08-13 09:00:00,17050.0
2013-08-13 10:00:00,17585.0
2013-08-13 11:00:00,17854.0
2013-08-13 12:00:00,17886.0
2013-08-13 13:00:00,17873.0
2013-08-13 14:00:00,17744.0
2013-08-13 15:00:00,17648.0
2013-08-13 16:00:00,17758.0
2013-08-13 17:00:00,17823.0
2013-08-13 18:00:00,17505.0
2013-08-13 19:00:00,17240.0
2013-08-13 20:00:00,17392.0
2013-08-13 21:00:00,16465.0
2013-08-13 22:00:00,15001.0
2013-08-13 23:00:00,13575.0
2013-08-14 00:00:00,12512.0
2013-08-14 01:00:00,11867.0
2013-08-14 02:00:00,11482.0
2013-08-14 03:00:00,11297.0
2013-08-14 04:00:00,11417.0
2013-08-14 05:00:00,12031.0
2013-08-14 06:00:00,13071.0
2013-08-14 07:00:00,14369.0
2013-08-14 08:00:00,15291.0
2013-08-14 09:00:00,15888.0
2013-08-14 10:00:00,16367.0
2013-08-14 11:00:00,16647.0
2013-08-14 12:00:00,16734.0
2013-08-14 13:00:00,16829.0
2013-08-14 14:00:00,16868.0
2013-08-14 15:00:00,16859.0
2013-08-14 16:00:00,16875.0
2013-08-14 17:00:00,16758.0
2013-08-14 18:00:00,16313.0
2013-08-14 19:00:00,15951.0
2013-08-14 20:00:00,16127.0
2013-08-14 21:00:00,15259.0
2013-08-14 22:00:00,13806.0
2013-08-14 23:00:00,12397.0
2013-08-15 00:00:00,11415.0
2013-08-15 01:00:00,10787.0
2013-08-15 02:00:00,10442.0
2013-08-15 03:00:00,10313.0
2013-08-15 04:00:00,10471.0
2013-08-15 05:00:00,11136.0
2013-08-15 06:00:00,12268.0
2013-08-15 07:00:00,13705.0
2013-08-15 08:00:00,14743.0
2013-08-15 09:00:00,15486.0
2013-08-15 10:00:00,16071.0
2013-08-15 11:00:00,16415.0
2013-08-15 12:00:00,16570.0
2013-08-15 13:00:00,16780.0
2013-08-15 14:00:00,16847.0
2013-08-15 15:00:00,16873.0
2013-08-15 16:00:00,16905.0
2013-08-15 17:00:00,16793.0
2013-08-15 18:00:00,16371.0
2013-08-15 19:00:00,16038.0
2013-08-15 20:00:00,16209.0
2013-08-15 21:00:00,15330.0
2013-08-15 22:00:00,13916.0
2013-08-15 23:00:00,12543.0
2013-08-16 00:00:00,11521.0
2013-08-16 01:00:00,10887.0
2013-08-16 02:00:00,10512.0
2013-08-16 03:00:00,10353.0
2013-08-16 04:00:00,10517.0
2013-08-16 05:00:00,11175.0
2013-08-16 06:00:00,12250.0
2013-08-16 07:00:00,13698.0
2013-08-16 08:00:00,14850.0
2013-08-16 09:00:00,15688.0
2013-08-16 10:00:00,16329.0
2013-08-16 11:00:00,16697.0
2013-08-16 12:00:00,16864.0
2013-08-16 13:00:00,17045.0
2013-08-16 14:00:00,17076.0
2013-08-16 15:00:00,17022.0
2013-08-16 16:00:00,17027.0
2013-08-16 17:00:00,16877.0
2013-08-16 18:00:00,16389.0
2013-08-16 19:00:00,15984.0
2013-08-16 20:00:00,16078.0
2013-08-16 21:00:00,15291.0
2013-08-16 22:00:00,14055.0
2013-08-16 23:00:00,12749.0
2013-08-17 00:00:00,11705.0
2013-08-17 01:00:00,11043.0
2013-08-17 02:00:00,10625.0
2013-08-17 03:00:00,10378.0
2013-08-17 04:00:00,10334.0
2013-08-17 05:00:00,10540.0
2013-08-17 06:00:00,10886.0
2013-08-17 07:00:00,11899.0
2013-08-17 08:00:00,13166.0
2013-08-17 09:00:00,14176.0
2013-08-17 10:00:00,14842.0
2013-08-17 11:00:00,15221.0
2013-08-17 12:00:00,15443.0
2013-08-17 13:00:00,15493.0
2013-08-17 14:00:00,15541.0
2013-08-17 15:00:00,15632.0
2013-08-17 16:00:00,15798.0
2013-08-17 17:00:00,15831.0
2013-08-17 18:00:00,15545.0
2013-08-17 19:00:00,15312.0
2013-08-17 20:00:00,15534.0
2013-08-17 21:00:00,14866.0
2013-08-17 22:00:00,13787.0
2013-08-17 23:00:00,12605.0
2013-08-18 00:00:00,11665.0
2013-08-18 01:00:00,11022.0
2013-08-18 02:00:00,10620.0
2013-08-18 03:00:00,10379.0
2013-08-18 04:00:00,10305.0
2013-08-18 05:00:00,10386.0
2013-08-18 06:00:00,10538.0
2013-08-18 07:00:00,11322.0
2013-08-18 08:00:00,12397.0
2013-08-18 09:00:00,13369.0
2013-08-18 10:00:00,14157.0
2013-08-18 11:00:00,14752.0
2013-08-18 12:00:00,15052.0
2013-08-18 13:00:00,15179.0
2013-08-18 14:00:00,15152.0
2013-08-18 15:00:00,15157.0
2013-08-18 16:00:00,15249.0
2013-08-18 17:00:00,15438.0
2013-08-18 18:00:00,15424.0
2013-08-18 19:00:00,15512.0
2013-08-18 20:00:00,15687.0
2013-08-18 21:00:00,14898.0
2013-08-18 22:00:00,13694.0
2013-08-18 23:00:00,12482.0
2013-08-19 00:00:00,11575.0
2013-08-19 01:00:00,11000.0
2013-08-19 02:00:00,10679.0
2013-08-19 03:00:00,10587.0
2013-08-19 04:00:00,10822.0
2013-08-19 05:00:00,11594.0
2013-08-19 06:00:00,12765.0
2013-08-19 07:00:00,14272.0
2013-08-19 08:00:00,15526.0
2013-08-19 09:00:00,16500.0
2013-08-19 10:00:00,17330.0
2013-08-19 11:00:00,17907.0
2013-08-19 12:00:00,18260.0
2013-08-19 13:00:00,18586.0
2013-08-19 14:00:00,18657.0
2013-08-19 15:00:00,18565.0
2013-08-19 16:00:00,18429.0
2013-08-19 17:00:00,18277.0
2013-08-19 18:00:00,17960.0
2013-08-19 19:00:00,17818.0
2013-08-19 20:00:00,17911.0
2013-08-19 21:00:00,16886.0
2013-08-19 22:00:00,15315.0
2013-08-19 23:00:00,13849.0
2013-08-20 00:00:00,12766.0
2013-08-20 01:00:00,12090.0
2013-08-20 02:00:00,11654.0
2013-08-20 03:00:00,11455.0
2013-08-20 04:00:00,11572.0
2013-08-20 05:00:00,12300.0
2013-08-20 06:00:00,13504.0
2013-08-20 07:00:00,14983.0
2013-08-20 08:00:00,16250.0
2013-08-20 09:00:00,17328.0
2013-08-20 10:00:00,18266.0
2013-08-20 11:00:00,19018.0
2013-08-20 12:00:00,19578.0
2013-08-20 13:00:00,20045.0
2013-08-20 14:00:00,20333.0
2013-08-20 15:00:00,20594.0
2013-08-20 16:00:00,20724.0
2013-08-20 17:00:00,20604.0
2013-08-20 18:00:00,20008.0
2013-08-20 19:00:00,19504.0
2013-08-20 20:00:00,19415.0
2013-08-20 21:00:00,18190.0
2013-08-20 22:00:00,16403.0
2013-08-20 23:00:00,14701.0
2013-08-21 00:00:00,13436.0
2013-08-21 01:00:00,12620.0
2013-08-21 02:00:00,12123.0
2013-08-21 03:00:00,11864.0
2013-08-21 04:00:00,11976.0
2013-08-21 05:00:00,12681.0
2013-08-21 06:00:00,13854.0
2013-08-21 07:00:00,15398.0
2013-08-21 08:00:00,16748.0
2013-08-21 09:00:00,17945.0
2013-08-21 10:00:00,19084.0
2013-08-21 11:00:00,20016.0
2013-08-21 12:00:00,20694.0
2013-08-21 13:00:00,21314.0
2013-08-21 14:00:00,21698.0
2013-08-21 15:00:00,21938.0
2013-08-21 16:00:00,22036.0
2013-08-21 17:00:00,21812.0
2013-08-21 18:00:00,21074.0
2013-08-21 19:00:00,20527.0
2013-08-21 20:00:00,20364.0
2013-08-21 21:00:00,19051.0
2013-08-21 22:00:00,17157.0
2013-08-21 23:00:00,15366.0
2013-08-22 00:00:00,14067.0
2013-08-22 01:00:00,13232.0
2013-08-22 02:00:00,12707.0
2013-08-22 03:00:00,12448.0
2013-08-22 04:00:00,12586.0
2013-08-22 05:00:00,13325.0
2013-08-22 06:00:00,14537.0
2013-08-22 07:00:00,16094.0
2013-08-22 08:00:00,17467.0
2013-08-22 09:00:00,18582.0
2013-08-22 10:00:00,19567.0
2013-08-22 11:00:00,20285.0
2013-08-22 12:00:00,20636.0
2013-08-22 13:00:00,20850.0
2013-08-22 14:00:00,20888.0
2013-08-22 15:00:00,20724.0
2013-08-22 16:00:00,20576.0
2013-08-22 17:00:00,20403.0
2013-08-22 18:00:00,19835.0
2013-08-22 19:00:00,19630.0
2013-08-22 20:00:00,19664.0
2013-08-22 21:00:00,18614.0
2013-08-22 22:00:00,16966.0
2013-08-22 23:00:00,15355.0
2013-08-23 00:00:00,14151.0
2013-08-23 01:00:00,13361.0
2013-08-23 02:00:00,12885.0
2013-08-23 03:00:00,12660.0
2013-08-23 04:00:00,12742.0
2013-08-23 05:00:00,13398.0
2013-08-23 06:00:00,14468.0
2013-08-23 07:00:00,15841.0
2013-08-23 08:00:00,16911.0
2013-08-23 09:00:00,17578.0
2013-08-23 10:00:00,18089.0
2013-08-23 11:00:00,18499.0
2013-08-23 12:00:00,18732.0
2013-08-23 13:00:00,18923.0
2013-08-23 14:00:00,18890.0
2013-08-23 15:00:00,18672.0
2013-08-23 16:00:00,18458.0
2013-08-23 17:00:00,18063.0
2013-08-23 18:00:00,17345.0
2013-08-23 19:00:00,16876.0
2013-08-23 20:00:00,16848.0
2013-08-23 21:00:00,15889.0
2013-08-23 22:00:00,14511.0
2013-08-23 23:00:00,13117.0
2013-08-24 00:00:00,11977.0
2013-08-24 01:00:00,11248.0
2013-08-24 02:00:00,10769.0
2013-08-24 03:00:00,10486.0
2013-08-24 04:00:00,10411.0
2013-08-24 05:00:00,10623.0
2013-08-24 06:00:00,10966.0
2013-08-24 07:00:00,11895.0
2013-08-24 08:00:00,13085.0
2013-08-24 09:00:00,14005.0
2013-08-24 10:00:00,14544.0
2013-08-24 11:00:00,14800.0
2013-08-24 12:00:00,14902.0
2013-08-24 13:00:00,14910.0
2013-08-24 14:00:00,14945.0
2013-08-24 15:00:00,15073.0
2013-08-24 16:00:00,15249.0
2013-08-24 17:00:00,15329.0
2013-08-24 18:00:00,15084.0
2013-08-24 19:00:00,14849.0
2013-08-24 20:00:00,14896.0
2013-08-24 21:00:00,14099.0
2013-08-24 22:00:00,13016.0
2013-08-24 23:00:00,11867.0
2013-08-25 00:00:00,10974.0
2013-08-25 01:00:00,10392.0
2013-08-25 02:00:00,10037.0
2013-08-25 03:00:00,9819.0
2013-08-25 04:00:00,9770.0
2013-08-25 05:00:00,9891.0
2013-08-25 06:00:00,10056.0
2013-08-25 07:00:00,10857.0
2013-08-25 08:00:00,12015.0
2013-08-25 09:00:00,13047.0
2013-08-25 10:00:00,13797.0
2013-08-25 11:00:00,14342.0
2013-08-25 12:00:00,14703.0
2013-08-25 13:00:00,14922.0
2013-08-25 14:00:00,15141.0
2013-08-25 15:00:00,15440.0
2013-08-25 16:00:00,15800.0
2013-08-25 17:00:00,16039.0
2013-08-25 18:00:00,15898.0
2013-08-25 19:00:00,15868.0
2013-08-25 20:00:00,15972.0
2013-08-25 21:00:00,15044.0
2013-08-25 22:00:00,13757.0
2013-08-25 23:00:00,12558.0
2013-08-26 00:00:00,11719.0
2013-08-26 01:00:00,11185.0
2013-08-26 02:00:00,10919.0
2013-08-26 03:00:00,10869.0
2013-08-26 04:00:00,11160.0
2013-08-26 05:00:00,12049.0
2013-08-26 06:00:00,13456.0
2013-08-26 07:00:00,14815.0
2013-08-26 08:00:00,15702.0
2013-08-26 09:00:00,16354.0
2013-08-26 10:00:00,16944.0
2013-08-26 11:00:00,17479.0
2013-08-26 12:00:00,17952.0
2013-08-26 13:00:00,18286.0
2013-08-26 14:00:00,18299.0
2013-08-26 15:00:00,18255.0
2013-08-26 16:00:00,18236.0
2013-08-26 17:00:00,18226.0
2013-08-26 18:00:00,18085.0
2013-08-26 19:00:00,18301.0
2013-08-26 20:00:00,18197.0
2013-08-26 21:00:00,17109.0
2013-08-26 22:00:00,15533.0
2013-08-26 23:00:00,14068.0
2013-08-27 00:00:00,13049.0
2013-08-27 01:00:00,12410.0
2013-08-27 02:00:00,12063.0
2013-08-27 03:00:00,11914.0
2013-08-27 04:00:00,12159.0
2013-08-27 05:00:00,13079.0
2013-08-27 06:00:00,14660.0
2013-08-27 07:00:00,16023.0
2013-08-27 08:00:00,16993.0
2013-08-27 09:00:00,17833.0
2013-08-27 10:00:00,18542.0
2013-08-27 11:00:00,19052.0
2013-08-27 12:00:00,19394.0
2013-08-27 13:00:00,19864.0
2013-08-27 14:00:00,20214.0
2013-08-27 15:00:00,20504.0
2013-08-27 16:00:00,20691.0
2013-08-27 17:00:00,20582.0
2013-08-27 18:00:00,20024.0
2013-08-27 19:00:00,19807.0
2013-08-27 20:00:00,19617.0
2013-08-27 21:00:00,18268.0
2013-08-27 22:00:00,16409.0
2013-08-27 23:00:00,14685.0
2013-08-28 00:00:00,13459.0
2013-08-28 01:00:00,12682.0
2013-08-28 02:00:00,12231.0
2013-08-28 03:00:00,11985.0
2013-08-28 04:00:00,12113.0
2013-08-28 05:00:00,12974.0
2013-08-28 06:00:00,14457.0
2013-08-28 07:00:00,15784.0
2013-08-28 08:00:00,16848.0
2013-08-28 09:00:00,17886.0
2013-08-28 10:00:00,18911.0
2013-08-28 11:00:00,19770.0
2013-08-28 12:00:00,20427.0
2013-08-28 13:00:00,20967.0
2013-08-28 14:00:00,21219.0
2013-08-28 15:00:00,21212.0
2013-08-28 16:00:00,20948.0
2013-08-28 17:00:00,20426.0
2013-08-28 18:00:00,19735.0
2013-08-28 19:00:00,19611.0
2013-08-28 20:00:00,19311.0
2013-08-28 21:00:00,17939.0
2013-08-28 22:00:00,16105.0
2013-08-28 23:00:00,14463.0
2013-08-29 00:00:00,13328.0
2013-08-29 01:00:00,12632.0
2013-08-29 02:00:00,12219.0
2013-08-29 03:00:00,12036.0
2013-08-29 04:00:00,12223.0
2013-08-29 05:00:00,13153.0
2013-08-29 06:00:00,14788.0
2013-08-29 07:00:00,16003.0
2013-08-29 08:00:00,16656.0
2013-08-29 09:00:00,17086.0
2013-08-29 10:00:00,17418.0
2013-08-29 11:00:00,17558.0
2013-08-29 12:00:00,17518.0
2013-08-29 13:00:00,17535.0
2013-08-29 14:00:00,17390.0
2013-08-29 15:00:00,17218.0
2013-08-29 16:00:00,17123.0
2013-08-29 17:00:00,16996.0
2013-08-29 18:00:00,16704.0
2013-08-29 19:00:00,16810.0
2013-08-29 20:00:00,16657.0
2013-08-29 21:00:00,15609.0
2013-08-29 22:00:00,14156.0
2013-08-29 23:00:00,12758.0
2013-08-30 00:00:00,11794.0
2013-08-30 01:00:00,11206.0
2013-08-30 02:00:00,10880.0
2013-08-30 03:00:00,10769.0
2013-08-30 04:00:00,10982.0
2013-08-30 05:00:00,11843.0
2013-08-30 06:00:00,13273.0
2013-08-30 07:00:00,14550.0
2013-08-30 08:00:00,15457.0
2013-08-30 09:00:00,16100.0
2013-08-30 10:00:00,16684.0
2013-08-30 11:00:00,17171.0
2013-08-30 12:00:00,17539.0
2013-08-30 13:00:00,18039.0
2013-08-30 14:00:00,18433.0
2013-08-30 15:00:00,18752.0
2013-08-30 16:00:00,18980.0
2013-08-30 17:00:00,18894.0
2013-08-30 18:00:00,18348.0
2013-08-30 19:00:00,18237.0
2013-08-30 20:00:00,18111.0
2013-08-30 21:00:00,17128.0
2013-08-30 22:00:00,15775.0
2013-08-30 23:00:00,14390.0
2013-08-31 00:00:00,13299.0
2013-08-31 01:00:00,12574.0
2013-08-31 02:00:00,12113.0
2013-08-31 03:00:00,11857.0
2013-08-31 04:00:00,11835.0
2013-08-31 05:00:00,12147.0
2013-08-31 06:00:00,12641.0
2013-08-31 07:00:00,13518.0
2013-08-31 08:00:00,14749.0
2013-08-31 09:00:00,15841.0
2013-08-31 10:00:00,16684.0
2013-08-31 11:00:00,17249.0
2013-08-31 12:00:00,17596.0
2013-08-31 13:00:00,17654.0
2013-08-31 14:00:00,17655.0
2013-08-31 15:00:00,17651.0
2013-08-31 16:00:00,17678.0
2013-08-31 17:00:00,17692.0
2013-08-31 18:00:00,17575.0
2013-08-31 19:00:00,17769.0
2013-08-31 20:00:00,17673.0
2013-08-31 21:00:00,16924.0
2013-08-31 22:00:00,15792.0
2013-08-31 23:00:00,14559.0
2013-09-01 00:00:00,13565.0
2013-09-01 01:00:00,12849.0
2013-09-01 02:00:00,12401.0
2013-09-01 03:00:00,12113.0
2013-09-01 04:00:00,11986.0
2013-09-01 05:00:00,12085.0
2013-09-01 06:00:00,12345.0
2013-09-01 07:00:00,12999.0
2013-09-01 08:00:00,14145.0
2013-09-01 09:00:00,15261.0
2013-09-01 10:00:00,16126.0
2013-09-01 11:00:00,16687.0
2013-09-01 12:00:00,17049.0
2013-09-01 13:00:00,17247.0
2013-09-01 14:00:00,17390.0
2013-09-01 15:00:00,17515.0
2013-09-01 16:00:00,17700.0
2013-09-01 17:00:00,17758.0
2013-09-01 18:00:00,17597.0
2013-09-01 19:00:00,17743.0
2013-09-01 20:00:00,17659.0
2013-09-01 21:00:00,16867.0
2013-09-01 22:00:00,15764.0
2013-09-01 23:00:00,14574.0
2013-09-02 00:00:00,13592.0
2013-09-02 01:00:00,12941.0
2013-09-02 02:00:00,12528.0
2013-09-02 03:00:00,12343.0
2013-09-02 04:00:00,12387.0
2013-09-02 05:00:00,12700.0
2013-09-02 06:00:00,13152.0
2013-09-02 07:00:00,13771.0
2013-09-02 08:00:00,14776.0
2013-09-02 09:00:00,16000.0
2013-09-02 10:00:00,17024.0
2013-09-02 11:00:00,17671.0
2013-09-02 12:00:00,18001.0
2013-09-02 13:00:00,18157.0
2013-09-02 14:00:00,18074.0
2013-09-02 15:00:00,18026.0
2013-09-02 16:00:00,18199.0
2013-09-02 17:00:00,18390.0
2013-09-02 18:00:00,18307.0
2013-09-02 19:00:00,18599.0
2013-09-02 20:00:00,18380.0
2013-09-02 21:00:00,17215.0
2013-09-02 22:00:00,15631.0
2013-09-02 23:00:00,14187.0
2013-09-03 00:00:00,13187.0
2013-09-03 01:00:00,12573.0
2013-09-03 02:00:00,12209.0
2013-09-03 03:00:00,12078.0
2013-09-03 04:00:00,12335.0
2013-09-03 05:00:00,13344.0
2013-09-03 06:00:00,15074.0
2013-09-03 07:00:00,16405.0
2013-09-03 08:00:00,17349.0
2013-09-03 09:00:00,18201.0
2013-09-03 10:00:00,18940.0
2013-09-03 11:00:00,19342.0
2013-09-03 12:00:00,19515.0
2013-09-03 13:00:00,19450.0
2013-09-03 14:00:00,19237.0
2013-09-03 15:00:00,19055.0
2013-09-03 16:00:00,19052.0
2013-09-03 17:00:00,18936.0
2013-09-03 18:00:00,18498.0
2013-09-03 19:00:00,18511.0
2013-09-03 20:00:00,18150.0
2013-09-03 21:00:00,16741.0
2013-09-03 22:00:00,14910.0
2013-09-03 23:00:00,13323.0
2013-09-04 00:00:00,12177.0
2013-09-04 01:00:00,11495.0
2013-09-04 02:00:00,11108.0
2013-09-04 03:00:00,10929.0
2013-09-04 04:00:00,11097.0
2013-09-04 05:00:00,11986.0
2013-09-04 06:00:00,13569.0
2013-09-04 07:00:00,14752.0
2013-09-04 08:00:00,15563.0
2013-09-04 09:00:00,16201.0
2013-09-04 10:00:00,16765.0
2013-09-04 11:00:00,17145.0
2013-09-04 12:00:00,17459.0
2013-09-04 13:00:00,17815.0
2013-09-04 14:00:00,18061.0
2013-09-04 15:00:00,18266.0
2013-09-04 16:00:00,18384.0
2013-09-04 17:00:00,18272.0
2013-09-04 18:00:00,17763.0
2013-09-04 19:00:00,17772.0
2013-09-04 20:00:00,17470.0
2013-09-04 21:00:00,16196.0
2013-09-04 22:00:00,14529.0
2013-09-04 23:00:00,12994.0
2013-09-05 00:00:00,11947.0
2013-09-05 01:00:00,11330.0
2013-09-05 02:00:00,10986.0
2013-09-05 03:00:00,10850.0
2013-09-05 04:00:00,11058.0
2013-09-05 05:00:00,11984.0
2013-09-05 06:00:00,13540.0
2013-09-05 07:00:00,14741.0
2013-09-05 08:00:00,15485.0
2013-09-05 09:00:00,15964.0
2013-09-05 10:00:00,16279.0
2013-09-05 11:00:00,16442.0
2013-09-05 12:00:00,16467.0
2013-09-05 13:00:00,16529.0
2013-09-05 14:00:00,16413.0
2013-09-05 15:00:00,16227.0
2013-09-05 16:00:00,16147.0
2013-09-05 17:00:00,16065.0
2013-09-05 18:00:00,15742.0
2013-09-05 19:00:00,15966.0
2013-09-05 20:00:00,15730.0
2013-09-05 21:00:00,14532.0
2013-09-05 22:00:00,13030.0
2013-09-05 23:00:00,11645.0
2013-09-06 00:00:00,10717.0
2013-09-06 01:00:00,10180.0
2013-09-06 02:00:00,9873.0
2013-09-06 03:00:00,9766.0
2013-09-06 04:00:00,9980.0
2013-09-06 05:00:00,10846.0
2013-09-06 06:00:00,12339.0
2013-09-06 07:00:00,13450.0
2013-09-06 08:00:00,14036.0
2013-09-06 09:00:00,14489.0
2013-09-06 10:00:00,14834.0
2013-09-06 11:00:00,14992.0
2013-09-06 12:00:00,15031.0
2013-09-06 13:00:00,15153.0
2013-09-06 14:00:00,15087.0
2013-09-06 15:00:00,14983.0
2013-09-06 16:00:00,14922.0
2013-09-06 17:00:00,14811.0
2013-09-06 18:00:00,14556.0
2013-09-06 19:00:00,14782.0
2013-09-06 20:00:00,14572.0
2013-09-06 21:00:00,13677.0
2013-09-06 22:00:00,12513.0
2013-09-06 23:00:00,11314.0
2013-09-07 00:00:00,10457.0
2013-09-07 01:00:00,9917.0
2013-09-07 02:00:00,9606.0
2013-09-07 03:00:00,9471.0
2013-09-07 04:00:00,9515.0
2013-09-07 05:00:00,9822.0
2013-09-07 06:00:00,10302.0
2013-09-07 07:00:00,11160.0
2013-09-07 08:00:00,12261.0
2013-09-07 09:00:00,13060.0
2013-09-07 10:00:00,13527.0
2013-09-07 11:00:00,13765.0
2013-09-07 12:00:00,13861.0
2013-09-07 13:00:00,13874.0
2013-09-07 14:00:00,13899.0
2013-09-07 15:00:00,13946.0
2013-09-07 16:00:00,14049.0
2013-09-07 17:00:00,14155.0
2013-09-07 18:00:00,14220.0
2013-09-07 19:00:00,14635.0
2013-09-07 20:00:00,14443.0
2013-09-07 21:00:00,13716.0
2013-09-07 22:00:00,12724.0
2013-09-07 23:00:00,11673.0
2013-09-08 00:00:00,10872.0
2013-09-08 01:00:00,10355.0
2013-09-08 02:00:00,10042.0
2013-09-08 03:00:00,9878.0
2013-09-08 04:00:00,9869.0
2013-09-08 05:00:00,10044.0
2013-09-08 06:00:00,10322.0
2013-09-08 07:00:00,11005.0
2013-09-08 08:00:00,12106.0
2013-09-08 09:00:00,13135.0
2013-09-08 10:00:00,13858.0
2013-09-08 11:00:00,14299.0
2013-09-08 12:00:00,14510.0
2013-09-08 13:00:00,14506.0
2013-09-08 14:00:00,14383.0
2013-09-08 15:00:00,14300.0
2013-09-08 16:00:00,14357.0
2013-09-08 17:00:00,14497.0
2013-09-08 18:00:00,14411.0
2013-09-08 19:00:00,14739.0
2013-09-08 20:00:00,14468.0
2013-09-08 21:00:00,13329.0
2013-09-08 22:00:00,12030.0
2013-09-08 23:00:00,10858.0
2013-09-09 00:00:00,10069.0
2013-09-09 01:00:00,9624.0
2013-09-09 02:00:00,9407.0
2013-09-09 03:00:00,9371.0
2013-09-09 04:00:00,9654.0
2013-09-09 05:00:00,10655.0
2013-09-09 06:00:00,12301.0
2013-09-09 07:00:00,13442.0
2013-09-09 08:00:00,13998.0
2013-09-09 09:00:00,14447.0
2013-09-09 10:00:00,14854.0
2013-09-09 11:00:00,15041.0
2013-09-09 12:00:00,15127.0
2013-09-09 13:00:00,15260.0
2013-09-09 14:00:00,15189.0
2013-09-09 15:00:00,15092.0
2013-09-09 16:00:00,15112.0
2013-09-09 17:00:00,15201.0
2013-09-09 18:00:00,15139.0
2013-09-09 19:00:00,15668.0
2013-09-09 20:00:00,15270.0
2013-09-09 21:00:00,14101.0
2013-09-09 22:00:00,12629.0
2013-09-09 23:00:00,11334.0
2013-09-10 00:00:00,10560.0
2013-09-10 01:00:00,10122.0
2013-09-10 02:00:00,9909.0
2013-09-10 03:00:00,9878.0
2013-09-10 04:00:00,10201.0
2013-09-10 05:00:00,11241.0
2013-09-10 06:00:00,13124.0
2013-09-10 07:00:00,14401.0
2013-09-10 08:00:00,15008.0
2013-09-10 09:00:00,15505.0
2013-09-10 10:00:00,15969.0
2013-09-10 11:00:00,16230.0
2013-09-10 12:00:00,16314.0
2013-09-10 13:00:00,16461.0
2013-09-10 14:00:00,16510.0
2013-09-10 15:00:00,16622.0
2013-09-10 16:00:00,16909.0
2013-09-10 17:00:00,17110.0
2013-09-10 18:00:00,17138.0
2013-09-10 19:00:00,17660.0
2013-09-10 20:00:00,17413.0
2013-09-10 21:00:00,16287.0
2013-09-10 22:00:00,14731.0
2013-09-10 23:00:00,13338.0
2013-09-11 00:00:00,12399.0
2013-09-11 01:00:00,11839.0
2013-09-11 02:00:00,11580.0
2013-09-11 03:00:00,11451.0
2013-09-11 04:00:00,11722.0
2013-09-11 05:00:00,12783.0
2013-09-11 06:00:00,14713.0
2013-09-11 07:00:00,16198.0
2013-09-11 08:00:00,17283.0
2013-09-11 09:00:00,18487.0
2013-09-11 10:00:00,19783.0
2013-09-11 11:00:00,20956.0
2013-09-11 12:00:00,21924.0
2013-09-11 13:00:00,22837.0
2013-09-11 14:00:00,23419.0
2013-09-11 15:00:00,23838.0
2013-09-11 16:00:00,24036.0
2013-09-11 17:00:00,23746.0
2013-09-11 18:00:00,23159.0
2013-09-11 19:00:00,23263.0
2013-09-11 20:00:00,22494.0
2013-09-11 21:00:00,20741.0
2013-09-11 22:00:00,18497.0
2013-09-11 23:00:00,16454.0
2013-09-12 00:00:00,15020.0
2013-09-12 01:00:00,14170.0
2013-09-12 02:00:00,13625.0
2013-09-12 03:00:00,13334.0
2013-09-12 04:00:00,13409.0
2013-09-12 05:00:00,14313.0
2013-09-12 06:00:00,16093.0
2013-09-12 07:00:00,17314.0
2013-09-12 08:00:00,18165.0
2013-09-12 09:00:00,19162.0
2013-09-12 10:00:00,20175.0
2013-09-12 11:00:00,20950.0
2013-09-12 12:00:00,21453.0
2013-09-12 13:00:00,21829.0
2013-09-12 14:00:00,21747.0
2013-09-12 15:00:00,21511.0
2013-09-12 16:00:00,21319.0
2013-09-12 17:00:00,20952.0
2013-09-12 18:00:00,20538.0
2013-09-12 19:00:00,20552.0
2013-09-12 20:00:00,19733.0
2013-09-12 21:00:00,18221.0
2013-09-12 22:00:00,16425.0
2013-09-12 23:00:00,14729.0
2013-09-13 00:00:00,13541.0
2013-09-13 01:00:00,12827.0
2013-09-13 02:00:00,12379.0
2013-09-13 03:00:00,12211.0
2013-09-13 04:00:00,12388.0
2013-09-13 05:00:00,13311.0
2013-09-13 06:00:00,15129.0
2013-09-13 07:00:00,16290.0
2013-09-13 08:00:00,16875.0
2013-09-13 09:00:00,17401.0
2013-09-13 10:00:00,17896.0
2013-09-13 11:00:00,18161.0
2013-09-13 12:00:00,18347.0
2013-09-13 13:00:00,18488.0
2013-09-13 14:00:00,18359.0
2013-09-13 15:00:00,18110.0
2013-09-13 16:00:00,17793.0
2013-09-13 17:00:00,17310.0
2013-09-13 18:00:00,16680.0
2013-09-13 19:00:00,16687.0
2013-09-13 20:00:00,16089.0
2013-09-13 21:00:00,14993.0
2013-09-13 22:00:00,13628.0
2013-09-13 23:00:00,12288.0
2013-09-14 00:00:00,11271.0
2013-09-14 01:00:00,10649.0
2013-09-14 02:00:00,10270.0
2013-09-14 03:00:00,10060.0
2013-09-14 04:00:00,10046.0
2013-09-14 05:00:00,10299.0
2013-09-14 06:00:00,10787.0
2013-09-14 07:00:00,11623.0
2013-09-14 08:00:00,12660.0
2013-09-14 09:00:00,13365.0
2013-09-14 10:00:00,13747.0
2013-09-14 11:00:00,13875.0
2013-09-14 12:00:00,13839.0
2013-09-14 13:00:00,13709.0
2013-09-14 14:00:00,13576.0
2013-09-14 15:00:00,13496.0
2013-09-14 16:00:00,13553.0
2013-09-14 17:00:00,13679.0
2013-09-14 18:00:00,13742.0
2013-09-14 19:00:00,14146.0
2013-09-14 20:00:00,13865.0
2013-09-14 21:00:00,13096.0
2013-09-14 22:00:00,12060.0
2013-09-14 23:00:00,11013.0
2013-09-15 00:00:00,10213.0
2013-09-15 01:00:00,9714.0
2013-09-15 02:00:00,9396.0
2013-09-15 03:00:00,9211.0
2013-09-15 04:00:00,9200.0
2013-09-15 05:00:00,9392.0
2013-09-15 06:00:00,9690.0
2013-09-15 07:00:00,10361.0
2013-09-15 08:00:00,11399.0
2013-09-15 09:00:00,12203.0
2013-09-15 10:00:00,12668.0
2013-09-15 11:00:00,12911.0
2013-09-15 12:00:00,13062.0
2013-09-15 13:00:00,13098.0
2013-09-15 14:00:00,13115.0
2013-09-15 15:00:00,13190.0
2013-09-15 16:00:00,13451.0
2013-09-15 17:00:00,13802.0
2013-09-15 18:00:00,14006.0
2013-09-15 19:00:00,14627.0
2013-09-15 20:00:00,14209.0
2013-09-15 21:00:00,13155.0
2013-09-15 22:00:00,11917.0
2013-09-15 23:00:00,10818.0
2013-09-16 00:00:00,10087.0
2013-09-16 01:00:00,9684.0
2013-09-16 02:00:00,9496.0
2013-09-16 03:00:00,9469.0
2013-09-16 04:00:00,9771.0
2013-09-16 05:00:00,10781.0
2013-09-16 06:00:00,12606.0
2013-09-16 07:00:00,13855.0
2013-09-16 08:00:00,14434.0
2013-09-16 09:00:00,14822.0
2013-09-16 10:00:00,15127.0
2013-09-16 11:00:00,15232.0
2013-09-16 12:00:00,15217.0
2013-09-16 13:00:00,15280.0
2013-09-16 14:00:00,15182.0
2013-09-16 15:00:00,15045.0
2013-09-16 16:00:00,15034.0
2013-09-16 17:00:00,15148.0
2013-09-16 18:00:00,15183.0
2013-09-16 19:00:00,15649.0
2013-09-16 20:00:00,15090.0
2013-09-16 21:00:00,13863.0
2013-09-16 22:00:00,12339.0
2013-09-16 23:00:00,11041.0
2013-09-17 00:00:00,10189.0
2013-09-17 01:00:00,9724.0
2013-09-17 02:00:00,9498.0
2013-09-17 03:00:00,9450.0
2013-09-17 04:00:00,9732.0
2013-09-17 05:00:00,10734.0
2013-09-17 06:00:00,12496.0
2013-09-17 07:00:00,13528.0
2013-09-17 08:00:00,13891.0
2013-09-17 09:00:00,14122.0
2013-09-17 10:00:00,14311.0
2013-09-17 11:00:00,14388.0
2013-09-17 12:00:00,14351.0
2013-09-17 13:00:00,14408.0
2013-09-17 14:00:00,14337.0
2013-09-17 15:00:00,14286.0
2013-09-17 16:00:00,14427.0
2013-09-17 17:00:00,14580.0
2013-09-17 18:00:00,14734.0
2013-09-17 19:00:00,15359.0
2013-09-17 20:00:00,14921.0
2013-09-17 21:00:00,13784.0
2013-09-17 22:00:00,12300.0
2013-09-17 23:00:00,11025.0
2013-09-18 00:00:00,10201.0
2013-09-18 01:00:00,9764.0
2013-09-18 02:00:00,9557.0
2013-09-18 03:00:00,9491.0
2013-09-18 04:00:00,9782.0
2013-09-18 05:00:00,10797.0
2013-09-18 06:00:00,12599.0
2013-09-18 07:00:00,13647.0
2013-09-18 08:00:00,14032.0
2013-09-18 09:00:00,14339.0
2013-09-18 10:00:00,14615.0
2013-09-18 11:00:00,14788.0
2013-09-18 12:00:00,14844.0
2013-09-18 13:00:00,14958.0
2013-09-18 14:00:00,14963.0
2013-09-18 15:00:00,14949.0
2013-09-18 16:00:00,15029.0
2013-09-18 17:00:00,15100.0
2013-09-18 18:00:00,15091.0
2013-09-18 19:00:00,15585.0
2013-09-18 20:00:00,15087.0
2013-09-18 21:00:00,13938.0
2013-09-18 22:00:00,12472.0
2013-09-18 23:00:00,11178.0
2013-09-19 00:00:00,10334.0
2013-09-19 01:00:00,9856.0
2013-09-19 02:00:00,9631.0
2013-09-19 03:00:00,9565.0
2013-09-19 04:00:00,9838.0
2013-09-19 05:00:00,10815.0
2013-09-19 06:00:00,12557.0
2013-09-19 07:00:00,13611.0
2013-09-19 08:00:00,14110.0
2013-09-19 09:00:00,14540.0
2013-09-19 10:00:00,14962.0
2013-09-19 11:00:00,15233.0
2013-09-19 12:00:00,15378.0
2013-09-19 13:00:00,15551.0
2013-09-19 14:00:00,15609.0
2013-09-19 15:00:00,15648.0
2013-09-19 16:00:00,15737.0
2013-09-19 17:00:00,15715.0
2013-09-19 18:00:00,15575.0
2013-09-19 19:00:00,16028.0
2013-09-19 20:00:00,15502.0
2013-09-19 21:00:00,14319.0
2013-09-19 22:00:00,12802.0
2013-09-19 23:00:00,11447.0
2013-09-20 00:00:00,10542.0
2013-09-20 01:00:00,10041.0
2013-09-20 02:00:00,9754.0
2013-09-20 03:00:00,9663.0
2013-09-20 04:00:00,9909.0
2013-09-20 05:00:00,10814.0
2013-09-20 06:00:00,12488.0
2013-09-20 07:00:00,13547.0
2013-09-20 08:00:00,14178.0
2013-09-20 09:00:00,14734.0
2013-09-20 10:00:00,15247.0
2013-09-20 11:00:00,15548.0
2013-09-20 12:00:00,15692.0
2013-09-20 13:00:00,15902.0
2013-09-20 14:00:00,15922.0
2013-09-20 15:00:00,15896.0
2013-09-20 16:00:00,15816.0
2013-09-20 17:00:00,15596.0
2013-09-20 18:00:00,15342.0
2013-09-20 19:00:00,15648.0
2013-09-20 20:00:00,15073.0
2013-09-20 21:00:00,14110.0
2013-09-20 22:00:00,12906.0
2013-09-20 23:00:00,11675.0
2013-09-21 00:00:00,10756.0
2013-09-21 01:00:00,10188.0
2013-09-21 02:00:00,9841.0
2013-09-21 03:00:00,9696.0
2013-09-21 04:00:00,9706.0
2013-09-21 05:00:00,10029.0
2013-09-21 06:00:00,10617.0
2013-09-21 07:00:00,11471.0
2013-09-21 08:00:00,12578.0
2013-09-21 09:00:00,13337.0
2013-09-21 10:00:00,13763.0
2013-09-21 11:00:00,13961.0
2013-09-21 12:00:00,14006.0
2013-09-21 13:00:00,13962.0
2013-09-21 14:00:00,13883.0
2013-09-21 15:00:00,13901.0
2013-09-21 16:00:00,14060.0
2013-09-21 17:00:00,14231.0
2013-09-21 18:00:00,14497.0
2013-09-21 19:00:00,14977.0
2013-09-21 20:00:00,14609.0
2013-09-21 21:00:00,13906.0
2013-09-21 22:00:00,12965.0
2013-09-21 23:00:00,11979.0
2013-09-22 00:00:00,11204.0
2013-09-22 01:00:00,10705.0
2013-09-22 02:00:00,10366.0
2013-09-22 03:00:00,10189.0
2013-09-22 04:00:00,10152.0
2013-09-22 05:00:00,10329.0
2013-09-22 06:00:00,10685.0
2013-09-22 07:00:00,11221.0
2013-09-22 08:00:00,12178.0
2013-09-22 09:00:00,13030.0
2013-09-22 10:00:00,13551.0
2013-09-22 11:00:00,13818.0
2013-09-22 12:00:00,13959.0
2013-09-22 13:00:00,13956.0
2013-09-22 14:00:00,13856.0
2013-09-22 15:00:00,13765.0
2013-09-22 16:00:00,13852.0
2013-09-22 17:00:00,14073.0
2013-09-22 18:00:00,14321.0
2013-09-22 19:00:00,14780.0
2013-09-22 20:00:00,14181.0
2013-09-22 21:00:00,13075.0
2013-09-22 22:00:00,11813.0
2013-09-22 23:00:00,10698.0
2013-09-23 00:00:00,9922.0
2013-09-23 01:00:00,9517.0
2013-09-23 02:00:00,9316.0
2013-09-23 03:00:00,9295.0
2013-09-23 04:00:00,9579.0
2013-09-23 05:00:00,10595.0
2013-09-23 06:00:00,12422.0
2013-09-23 07:00:00,13490.0
2013-09-23 08:00:00,13934.0
2013-09-23 09:00:00,14248.0
2013-09-23 10:00:00,14510.0
2013-09-23 11:00:00,14626.0
2013-09-23 12:00:00,14597.0
2013-09-23 13:00:00,14630.0
2013-09-23 14:00:00,14532.0
2013-09-23 15:00:00,14467.0
2013-09-23 16:00:00,14572.0
2013-09-23 17:00:00,14797.0
2013-09-23 18:00:00,15058.0
2013-09-23 19:00:00,15538.0
2013-09-23 20:00:00,14880.0
2013-09-23 21:00:00,13704.0
2013-09-23 22:00:00,12258.0
2013-09-23 23:00:00,11010.0
2013-09-24 00:00:00,10193.0
2013-09-24 01:00:00,9759.0
2013-09-24 02:00:00,9551.0
2013-09-24 03:00:00,9502.0
2013-09-24 04:00:00,9767.0
2013-09-24 05:00:00,10811.0
2013-09-24 06:00:00,12657.0
2013-09-24 07:00:00,13674.0
2013-09-24 08:00:00,14009.0
2013-09-24 09:00:00,14224.0
2013-09-24 10:00:00,14426.0
2013-09-24 11:00:00,14517.0
2013-09-24 12:00:00,14535.0
2013-09-24 13:00:00,14614.0
2013-09-24 14:00:00,14582.0
2013-09-24 15:00:00,14565.0
2013-09-24 16:00:00,14691.0
2013-09-24 17:00:00,14887.0
2013-09-24 18:00:00,15169.0
2013-09-24 19:00:00,15631.0
2013-09-24 20:00:00,14949.0
2013-09-24 21:00:00,13770.0
2013-09-24 22:00:00,12305.0
2013-09-24 23:00:00,11039.0
2013-09-25 00:00:00,10225.0
2013-09-25 01:00:00,9780.0
2013-09-25 02:00:00,9558.0
2013-09-25 03:00:00,9511.0
2013-09-25 04:00:00,9770.0
2013-09-25 05:00:00,10768.0
2013-09-25 06:00:00,12621.0
2013-09-25 07:00:00,13654.0
2013-09-25 08:00:00,14041.0
2013-09-25 09:00:00,14324.0
2013-09-25 10:00:00,14583.0
2013-09-25 11:00:00,14698.0
2013-09-25 12:00:00,14735.0
2013-09-25 13:00:00,14843.0
2013-09-25 14:00:00,14798.0
2013-09-25 15:00:00,14723.0
2013-09-25 16:00:00,14765.0
2013-09-25 17:00:00,14925.0
2013-09-25 18:00:00,15263.0
2013-09-25 19:00:00,15659.0
2013-09-25 20:00:00,15020.0
2013-09-25 21:00:00,13867.0
2013-09-25 22:00:00,12418.0
2013-09-25 23:00:00,11173.0
2013-09-26 00:00:00,10353.0
2013-09-26 01:00:00,9889.0
2013-09-26 02:00:00,9648.0
2013-09-26 03:00:00,9579.0
2013-09-26 04:00:00,9864.0
2013-09-26 05:00:00,10853.0
2013-09-26 06:00:00,12698.0
2013-09-26 07:00:00,13736.0
2013-09-26 08:00:00,14156.0
2013-09-26 09:00:00,14449.0
2013-09-26 10:00:00,14697.0
2013-09-26 11:00:00,14798.0
2013-09-26 12:00:00,14759.0
2013-09-26 13:00:00,14797.0
2013-09-26 14:00:00,14689.0
2013-09-26 15:00:00,14619.0
2013-09-26 16:00:00,14672.0
2013-09-26 17:00:00,14782.0
2013-09-26 18:00:00,15032.0
2013-09-26 19:00:00,15512.0
2013-09-26 20:00:00,14941.0
2013-09-26 21:00:00,13838.0
2013-09-26 22:00:00,12424.0
2013-09-26 23:00:00,11154.0
2013-09-27 00:00:00,10310.0
2013-09-27 01:00:00,9860.0
2013-09-27 02:00:00,9618.0
2013-09-27 03:00:00,9562.0
2013-09-27 04:00:00,9802.0
2013-09-27 05:00:00,10760.0
2013-09-27 06:00:00,12589.0
2013-09-27 07:00:00,13690.0
2013-09-27 08:00:00,14172.0
2013-09-27 09:00:00,14463.0
2013-09-27 10:00:00,14717.0
2013-09-27 11:00:00,14808.0
2013-09-27 12:00:00,14751.0
2013-09-27 13:00:00,14725.0
2013-09-27 14:00:00,14555.0
2013-09-27 15:00:00,14379.0
2013-09-27 16:00:00,14335.0
2013-09-27 17:00:00,14351.0
2013-09-27 18:00:00,14527.0
2013-09-27 19:00:00,14838.0
2013-09-27 20:00:00,14290.0
2013-09-27 21:00:00,13424.0
2013-09-27 22:00:00,12279.0
2013-09-27 23:00:00,11110.0
2013-09-28 00:00:00,10254.0
2013-09-28 01:00:00,9737.0
2013-09-28 02:00:00,9447.0
2013-09-28 03:00:00,9319.0
2013-09-28 04:00:00,9363.0
2013-09-28 05:00:00,9737.0
2013-09-28 06:00:00,10390.0
2013-09-28 07:00:00,11246.0
2013-09-28 08:00:00,12251.0
2013-09-28 09:00:00,12916.0
2013-09-28 10:00:00,13226.0
2013-09-28 11:00:00,13325.0
2013-09-28 12:00:00,13305.0
2013-09-28 13:00:00,13186.0
2013-09-28 14:00:00,13054.0
2013-09-28 15:00:00,13038.0
2013-09-28 16:00:00,13146.0
2013-09-28 17:00:00,13352.0
2013-09-28 18:00:00,13680.0
2013-09-28 19:00:00,14063.0
2013-09-28 20:00:00,13575.0
2013-09-28 21:00:00,12809.0
2013-09-28 22:00:00,11841.0
2013-09-28 23:00:00,10815.0
2013-09-29 00:00:00,10032.0
2013-09-29 01:00:00,9513.0
2013-09-29 02:00:00,9233.0
2013-09-29 03:00:00,9085.0
2013-09-29 04:00:00,9094.0
2013-09-29 05:00:00,9309.0
2013-09-29 06:00:00,9753.0
2013-09-29 07:00:00,10400.0
2013-09-29 08:00:00,11386.0
2013-09-29 09:00:00,12143.0
2013-09-29 10:00:00,12524.0
2013-09-29 11:00:00,12731.0
2013-09-29 12:00:00,12825.0
2013-09-29 13:00:00,12785.0
2013-09-29 14:00:00,12736.0
2013-09-29 15:00:00,12812.0
2013-09-29 16:00:00,13112.0
2013-09-29 17:00:00,13545.0
2013-09-29 18:00:00,14108.0
2013-09-29 19:00:00,14572.0
2013-09-29 20:00:00,13979.0
2013-09-29 21:00:00,12897.0
2013-09-29 22:00:00,11731.0
2013-09-29 23:00:00,10673.0
2013-09-30 00:00:00,9900.0
2013-09-30 01:00:00,9459.0
2013-09-30 02:00:00,9264.0
2013-09-30 03:00:00,9264.0
2013-09-30 04:00:00,9554.0
2013-09-30 05:00:00,10573.0
2013-09-30 06:00:00,12494.0
2013-09-30 07:00:00,13574.0
2013-09-30 08:00:00,13992.0
2013-09-30 09:00:00,14286.0
2013-09-30 10:00:00,14593.0
2013-09-30 11:00:00,14789.0
2013-09-30 12:00:00,14868.0
2013-09-30 13:00:00,14956.0
2013-09-30 14:00:00,14872.0
2013-09-30 15:00:00,14814.0
2013-09-30 16:00:00,14889.0
2013-09-30 17:00:00,15080.0
2013-09-30 18:00:00,15451.0
2013-09-30 19:00:00,15802.0
2013-09-30 20:00:00,15067.0
2013-09-30 21:00:00,13828.0
2013-09-30 22:00:00,12374.0
2013-09-30 23:00:00,11093.0
2013-10-01 00:00:00,10260.0
2013-10-01 01:00:00,9801.0
2013-10-01 02:00:00,9574.0
2013-10-01 03:00:00,9515.0
2013-10-01 04:00:00,9794.0
2013-10-01 05:00:00,10807.0
2013-10-01 06:00:00,12688.0
2013-10-01 07:00:00,13697.0
2013-10-01 08:00:00,14107.0
2013-10-01 09:00:00,14458.0
2013-10-01 10:00:00,14837.0
2013-10-01 11:00:00,15103.0
2013-10-01 12:00:00,15228.0
2013-10-01 13:00:00,15416.0
2013-10-01 14:00:00,15444.0
2013-10-01 15:00:00,15456.0
2013-10-01 16:00:00,15542.0
2013-10-01 17:00:00,15613.0
2013-10-01 18:00:00,15862.0
2013-10-01 19:00:00,16213.0
2013-10-01 20:00:00,15423.0
2013-10-01 21:00:00,14212.0
2013-10-01 22:00:00,12706.0
2013-10-01 23:00:00,11430.0
2013-10-02 00:00:00,10560.0
2013-10-02 01:00:00,10082.0
2013-10-02 02:00:00,9812.0
2013-10-02 03:00:00,9738.0
2013-10-02 04:00:00,9978.0
2013-10-02 05:00:00,10961.0
2013-10-02 06:00:00,12775.0
2013-10-02 07:00:00,13812.0
2013-10-02 08:00:00,14353.0
2013-10-02 09:00:00,14866.0
2013-10-02 10:00:00,15379.0
2013-10-02 11:00:00,15716.0
2013-10-02 12:00:00,15932.0
2013-10-02 13:00:00,16166.0
2013-10-02 14:00:00,16272.0
2013-10-02 15:00:00,16284.0
2013-10-02 16:00:00,16295.0
2013-10-02 17:00:00,16233.0
2013-10-02 18:00:00,16417.0
2013-10-02 19:00:00,16709.0
2013-10-02 20:00:00,16005.0
2013-10-02 21:00:00,14751.0
2013-10-02 22:00:00,13157.0
2013-10-02 23:00:00,11782.0
2013-10-03 00:00:00,10822.0
2013-10-03 01:00:00,10260.0
2013-10-03 02:00:00,9942.0
2013-10-03 03:00:00,9805.0
2013-10-03 04:00:00,10029.0
2013-10-03 05:00:00,10958.0
2013-10-03 06:00:00,12724.0
2013-10-03 07:00:00,13702.0
2013-10-03 08:00:00,14236.0
2013-10-03 09:00:00,14718.0
2013-10-03 10:00:00,15153.0
2013-10-03 11:00:00,15394.0
2013-10-03 12:00:00,15497.0
2013-10-03 13:00:00,15675.0
2013-10-03 14:00:00,15674.0
2013-10-03 15:00:00,15606.0
2013-10-03 16:00:00,15546.0
2013-10-03 17:00:00,15495.0
2013-10-03 18:00:00,15883.0
2013-10-03 19:00:00,16088.0
2013-10-03 20:00:00,15384.0
2013-10-03 21:00:00,14237.0
2013-10-03 22:00:00,12770.0
2013-10-03 23:00:00,11477.0
2013-10-04 00:00:00,10570.0
2013-10-04 01:00:00,10078.0
2013-10-04 02:00:00,9791.0
2013-10-04 03:00:00,9712.0
2013-10-04 04:00:00,9946.0
2013-10-04 05:00:00,10881.0
2013-10-04 06:00:00,12682.0
2013-10-04 07:00:00,13744.0
2013-10-04 08:00:00,14288.0
2013-10-04 09:00:00,14728.0
2013-10-04 10:00:00,15093.0
2013-10-04 11:00:00,15223.0
2013-10-04 12:00:00,15219.0
2013-10-04 13:00:00,15249.0
2013-10-04 14:00:00,15125.0
2013-10-04 15:00:00,14996.0
2013-10-04 16:00:00,14912.0
2013-10-04 17:00:00,14911.0
2013-10-04 18:00:00,15308.0
2013-10-04 19:00:00,15346.0
2013-10-04 20:00:00,14716.0
2013-10-04 21:00:00,13802.0
2013-10-04 22:00:00,12636.0
2013-10-04 23:00:00,11446.0
2013-10-05 00:00:00,10563.0
2013-10-05 01:00:00,10041.0
2013-10-05 02:00:00,9741.0
2013-10-05 03:00:00,9601.0
2013-10-05 04:00:00,9651.0
2013-10-05 05:00:00,10009.0
2013-10-05 06:00:00,10719.0
2013-10-05 07:00:00,11586.0
2013-10-05 08:00:00,12593.0
2013-10-05 09:00:00,13276.0
2013-10-05 10:00:00,13567.0
2013-10-05 11:00:00,13635.0
2013-10-05 12:00:00,13610.0
2013-10-05 13:00:00,13498.0
2013-10-05 14:00:00,13406.0
2013-10-05 15:00:00,13360.0
2013-10-05 16:00:00,13479.0
2013-10-05 17:00:00,13748.0
2013-10-05 18:00:00,14384.0
2013-10-05 19:00:00,14469.0
2013-10-05 20:00:00,13958.0
2013-10-05 21:00:00,13230.0
2013-10-05 22:00:00,12257.0
2013-10-05 23:00:00,11254.0
2013-10-06 00:00:00,10444.0
2013-10-06 01:00:00,9927.0
2013-10-06 02:00:00,9620.0
2013-10-06 03:00:00,9467.0
2013-10-06 04:00:00,9455.0
2013-10-06 05:00:00,9647.0
2013-10-06 06:00:00,10125.0
2013-10-06 07:00:00,10797.0
2013-10-06 08:00:00,11803.0
2013-10-06 09:00:00,12666.0
2013-10-06 10:00:00,13171.0
2013-10-06 11:00:00,13467.0
2013-10-06 12:00:00,13641.0
2013-10-06 13:00:00,13622.0
2013-10-06 14:00:00,13535.0
2013-10-06 15:00:00,13509.0
2013-10-06 16:00:00,13848.0
2013-10-06 17:00:00,14296.0
2013-10-06 18:00:00,14832.0
2013-10-06 19:00:00,14663.0
2013-10-06 20:00:00,14001.0
2013-10-06 21:00:00,12997.0
2013-10-06 22:00:00,11805.0
2013-10-06 23:00:00,10748.0
2013-10-07 00:00:00,10049.0
2013-10-07 01:00:00,9662.0
2013-10-07 02:00:00,9506.0
2013-10-07 03:00:00,9502.0
2013-10-07 04:00:00,9850.0
2013-10-07 05:00:00,10952.0
2013-10-07 06:00:00,12987.0
2013-10-07 07:00:00,14331.0
2013-10-07 08:00:00,14893.0
2013-10-07 09:00:00,15316.0
2013-10-07 10:00:00,15767.0
2013-10-07 11:00:00,16074.0
2013-10-07 12:00:00,16189.0
2013-10-07 13:00:00,16303.0
2013-10-07 14:00:00,16239.0
2013-10-07 15:00:00,16188.0
2013-10-07 16:00:00,16295.0
2013-10-07 17:00:00,16546.0
2013-10-07 18:00:00,16939.0
2013-10-07 19:00:00,16729.0
2013-10-07 20:00:00,15905.0
2013-10-07 21:00:00,14685.0
2013-10-07 22:00:00,13160.0
2013-10-07 23:00:00,11692.0
2013-10-08 00:00:00,10730.0
2013-10-08 01:00:00,10158.0
2013-10-08 02:00:00,9852.0
2013-10-08 03:00:00,9715.0
2013-10-08 04:00:00,9904.0
2013-10-08 05:00:00,10880.0
2013-10-08 06:00:00,12773.0
2013-10-08 07:00:00,13741.0
2013-10-08 08:00:00,14093.0
2013-10-08 09:00:00,14384.0
2013-10-08 10:00:00,14591.0
2013-10-08 11:00:00,14685.0
2013-10-08 12:00:00,14686.0
2013-10-08 13:00:00,14730.0
2013-10-08 14:00:00,14633.0
2013-10-08 15:00:00,14539.0
2013-10-08 16:00:00,14572.0
2013-10-08 17:00:00,14735.0
2013-10-08 18:00:00,15440.0
2013-10-08 19:00:00,15638.0
2013-10-08 20:00:00,14956.0
2013-10-08 21:00:00,13823.0
2013-10-08 22:00:00,12380.0
2013-10-08 23:00:00,11137.0
2013-10-09 00:00:00,10314.0
2013-10-09 01:00:00,9798.0
2013-10-09 02:00:00,9550.0
2013-10-09 03:00:00,9508.0
2013-10-09 04:00:00,9793.0
2013-10-09 05:00:00,10832.0
2013-10-09 06:00:00,12810.0
2013-10-09 07:00:00,13828.0
2013-10-09 08:00:00,14104.0
2013-10-09 09:00:00,14269.0
2013-10-09 10:00:00,14418.0
2013-10-09 11:00:00,14451.0
2013-10-09 12:00:00,14410.0
2013-10-09 13:00:00,14421.0
2013-10-09 14:00:00,14342.0
2013-10-09 15:00:00,14253.0
2013-10-09 16:00:00,14336.0
2013-10-09 17:00:00,14624.0
2013-10-09 18:00:00,15466.0
2013-10-09 19:00:00,15583.0
2013-10-09 20:00:00,14945.0
2013-10-09 21:00:00,13827.0
2013-10-09 22:00:00,12373.0
2013-10-09 23:00:00,11099.0
2013-10-10 00:00:00,10283.0
2013-10-10 01:00:00,9824.0
2013-10-10 02:00:00,9595.0
2013-10-10 03:00:00,9572.0
2013-10-10 04:00:00,9841.0
2013-10-10 05:00:00,10893.0
2013-10-10 06:00:00,12876.0
2013-10-10 07:00:00,13925.0
2013-10-10 08:00:00,14230.0
2013-10-10 09:00:00,14416.0
2013-10-10 10:00:00,14628.0
2013-10-10 11:00:00,14676.0
2013-10-10 12:00:00,14621.0
2013-10-10 13:00:00,14649.0
2013-10-10 14:00:00,14530.0
2013-10-10 15:00:00,14462.0
2013-10-10 16:00:00,14558.0
2013-10-10 17:00:00,14899.0
2013-10-10 18:00:00,15688.0
2013-10-10 19:00:00,15711.0
2013-10-10 20:00:00,15074.0
2013-10-10 21:00:00,13986.0
2013-10-10 22:00:00,12570.0
2013-10-10 23:00:00,11289.0
2013-10-11 00:00:00,10410.0
2013-10-11 01:00:00,9944.0
2013-10-11 02:00:00,9668.0
2013-10-11 03:00:00,9611.0
2013-10-11 04:00:00,9863.0
2013-10-11 05:00:00,10815.0
2013-10-11 06:00:00,12673.0
2013-10-11 07:00:00,13767.0
2013-10-11 08:00:00,14161.0
2013-10-11 09:00:00,14422.0
2013-10-11 10:00:00,14671.0
2013-10-11 11:00:00,14781.0
2013-10-11 12:00:00,14774.0
2013-10-11 13:00:00,14768.0
2013-10-11 14:00:00,14636.0
2013-10-11 15:00:00,14433.0
2013-10-11 16:00:00,14355.0
2013-10-11 17:00:00,14423.0
2013-10-11 18:00:00,15044.0
2013-10-11 19:00:00,14965.0
2013-10-11 20:00:00,14352.0
2013-10-11 21:00:00,13466.0
2013-10-11 22:00:00,12328.0
2013-10-11 23:00:00,11156.0
2013-10-12 00:00:00,10265.0
2013-10-12 01:00:00,9736.0
2013-10-12 02:00:00,9436.0
2013-10-12 03:00:00,9306.0
2013-10-12 04:00:00,9371.0
2013-10-12 05:00:00,9730.0
2013-10-12 06:00:00,10461.0
2013-10-12 07:00:00,11257.0
2013-10-12 08:00:00,12287.0
2013-10-12 09:00:00,12975.0
2013-10-12 10:00:00,13293.0
2013-10-12 11:00:00,13350.0
2013-10-12 12:00:00,13283.0
2013-10-12 13:00:00,13129.0
2013-10-12 14:00:00,12991.0
2013-10-12 15:00:00,12968.0
2013-10-12 16:00:00,13164.0
2013-10-12 17:00:00,13561.0
2013-10-12 18:00:00,14161.0
2013-10-12 19:00:00,14045.0
2013-10-12 20:00:00,13527.0
2013-10-12 21:00:00,12819.0
2013-10-12 22:00:00,11900.0
2013-10-12 23:00:00,10922.0
2013-10-13 00:00:00,10088.0
2013-10-13 01:00:00,9564.0
2013-10-13 02:00:00,9270.0
2013-10-13 03:00:00,9123.0
2013-10-13 04:00:00,9132.0
2013-10-13 05:00:00,9353.0
2013-10-13 06:00:00,9841.0
2013-10-13 07:00:00,10430.0
2013-10-13 08:00:00,11374.0
2013-10-13 09:00:00,12091.0
2013-10-13 10:00:00,12442.0
2013-10-13 11:00:00,12578.0
2013-10-13 12:00:00,12585.0
2013-10-13 13:00:00,12502.0
2013-10-13 14:00:00,12398.0
2013-10-13 15:00:00,12431.0
2013-10-13 16:00:00,12720.0
2013-10-13 17:00:00,13161.0
2013-10-13 18:00:00,14045.0
2013-10-13 19:00:00,14018.0
2013-10-13 20:00:00,13562.0
2013-10-13 21:00:00,12676.0
2013-10-13 22:00:00,11679.0
2013-10-13 23:00:00,10673.0
2013-10-14 00:00:00,9930.0
2013-10-14 01:00:00,9492.0
2013-10-14 02:00:00,9292.0
2013-10-14 03:00:00,9278.0
2013-10-14 04:00:00,9533.0
2013-10-14 05:00:00,10287.0
2013-10-14 06:00:00,11550.0
2013-10-14 07:00:00,12570.0
2013-10-14 08:00:00,13407.0
2013-10-14 09:00:00,13940.0
2013-10-14 10:00:00,14231.0
2013-10-14 11:00:00,14270.0
2013-10-14 12:00:00,14196.0
2013-10-14 13:00:00,14127.0
2013-10-14 14:00:00,14019.0
2013-10-14 15:00:00,13965.0
2013-10-14 16:00:00,14153.0
2013-10-14 17:00:00,14662.0
2013-10-14 18:00:00,15533.0
2013-10-14 19:00:00,15487.0
2013-10-14 20:00:00,14755.0
2013-10-14 21:00:00,13586.0
2013-10-14 22:00:00,12195.0
2013-10-14 23:00:00,10959.0
2013-10-15 00:00:00,10137.0
2013-10-15 01:00:00,9684.0
2013-10-15 02:00:00,9463.0
2013-10-15 03:00:00,9424.0
2013-10-15 04:00:00,9723.0
2013-10-15 05:00:00,10779.0
2013-10-15 06:00:00,12749.0
2013-10-15 07:00:00,13848.0
2013-10-15 08:00:00,14187.0
2013-10-15 09:00:00,14418.0
2013-10-15 10:00:00,14676.0
2013-10-15 11:00:00,14774.0
2013-10-15 12:00:00,14768.0
2013-10-15 13:00:00,14817.0
2013-10-15 14:00:00,14688.0
2013-10-15 15:00:00,14590.0
2013-10-15 16:00:00,14674.0
2013-10-15 17:00:00,14996.0
2013-10-15 18:00:00,15818.0
2013-10-15 19:00:00,15687.0
2013-10-15 20:00:00,15001.0
2013-10-15 21:00:00,13805.0
2013-10-15 22:00:00,12352.0
2013-10-15 23:00:00,11097.0
2013-10-16 00:00:00,10256.0
2013-10-16 01:00:00,9797.0
2013-10-16 02:00:00,9571.0
2013-10-16 03:00:00,9532.0
2013-10-16 04:00:00,9822.0
2013-10-16 05:00:00,10846.0
2013-10-16 06:00:00,12838.0
2013-10-16 07:00:00,13953.0
2013-10-16 08:00:00,14279.0
2013-10-16 09:00:00,14474.0
2013-10-16 10:00:00,14652.0
2013-10-16 11:00:00,14729.0
2013-10-16 12:00:00,14708.0
2013-10-16 13:00:00,14707.0
2013-10-16 14:00:00,14613.0
2013-10-16 15:00:00,14570.0
2013-10-16 16:00:00,14711.0
2013-10-16 17:00:00,15184.0
2013-10-16 18:00:00,15935.0
2013-10-16 19:00:00,15777.0
2013-10-16 20:00:00,15052.0
2013-10-16 21:00:00,13934.0
2013-10-16 22:00:00,12476.0
2013-10-16 23:00:00,11192.0
2013-10-17 00:00:00,10319.0
2013-10-17 01:00:00,9868.0
2013-10-17 02:00:00,9617.0
2013-10-17 03:00:00,9576.0
2013-10-17 04:00:00,9855.0
2013-10-17 05:00:00,10894.0
2013-10-17 06:00:00,12910.0
2013-10-17 07:00:00,14067.0
2013-10-17 08:00:00,14424.0
2013-10-17 09:00:00,14679.0
2013-10-17 10:00:00,14948.0
2013-10-17 11:00:00,15077.0
2013-10-17 12:00:00,15027.0
2013-10-17 13:00:00,15096.0
2013-10-17 14:00:00,15021.0
2013-10-17 15:00:00,14955.0
2013-10-17 16:00:00,14966.0
2013-10-17 17:00:00,15157.0
2013-10-17 18:00:00,15947.0
2013-10-17 19:00:00,15907.0
2013-10-17 20:00:00,15218.0
2013-10-17 21:00:00,14137.0
2013-10-17 22:00:00,12748.0
2013-10-17 23:00:00,11512.0
2013-10-18 00:00:00,10610.0
2013-10-18 01:00:00,10090.0
2013-10-18 02:00:00,9823.0
2013-10-18 03:00:00,9769.0
2013-10-18 04:00:00,10028.0
2013-10-18 05:00:00,10996.0
2013-10-18 06:00:00,12894.0
2013-10-18 07:00:00,13916.0
2013-10-18 08:00:00,14267.0
2013-10-18 09:00:00,14537.0
2013-10-18 10:00:00,14762.0
2013-10-18 11:00:00,14804.0
2013-10-18 12:00:00,14715.0
2013-10-18 13:00:00,14701.0
2013-10-18 14:00:00,14545.0
2013-10-18 15:00:00,14335.0
2013-10-18 16:00:00,14273.0
2013-10-18 17:00:00,14364.0
2013-10-18 18:00:00,14987.0
2013-10-18 19:00:00,14774.0
2013-10-18 20:00:00,14165.0
2013-10-18 21:00:00,13338.0
2013-10-18 22:00:00,12232.0
2013-10-18 23:00:00,11082.0
2013-10-19 00:00:00,10199.0
2013-10-19 01:00:00,9675.0
2013-10-19 02:00:00,9398.0
2013-10-19 03:00:00,9266.0
2013-10-19 04:00:00,9361.0
2013-10-19 05:00:00,9750.0
2013-10-19 06:00:00,10532.0
2013-10-19 07:00:00,11358.0
2013-10-19 08:00:00,12296.0
2013-10-19 09:00:00,12814.0
2013-10-19 10:00:00,13061.0
2013-10-19 11:00:00,13053.0
2013-10-19 12:00:00,12925.0
2013-10-19 13:00:00,12724.0
2013-10-19 14:00:00,12543.0
2013-10-19 15:00:00,12517.0
2013-10-19 16:00:00,12800.0
2013-10-19 17:00:00,13418.0
2013-10-19 18:00:00,14133.0
2013-10-19 19:00:00,13888.0
2013-10-19 20:00:00,13398.0
2013-10-19 21:00:00,12712.0
2013-10-19 22:00:00,11830.0
2013-10-19 23:00:00,10912.0
2013-10-20 00:00:00,10134.0
2013-10-20 01:00:00,9557.0
2013-10-20 02:00:00,9241.0
2013-10-20 03:00:00,9096.0
2013-10-20 04:00:00,9106.0
2013-10-20 05:00:00,9325.0
2013-10-20 06:00:00,9851.0
2013-10-20 07:00:00,10405.0
2013-10-20 08:00:00,11331.0
2013-10-20 09:00:00,12023.0
2013-10-20 10:00:00,12356.0
2013-10-20 11:00:00,12528.0
2013-10-20 12:00:00,12588.0
2013-10-20 13:00:00,12515.0
2013-10-20 14:00:00,12409.0
2013-10-20 15:00:00,12434.0
2013-10-20 16:00:00,12723.0
2013-10-20 17:00:00,13401.0
2013-10-20 18:00:00,14488.0
2013-10-20 19:00:00,14403.0
2013-10-20 20:00:00,13775.0
2013-10-20 21:00:00,12738.0
2013-10-20 22:00:00,11566.0
2013-10-20 23:00:00,10517.0
2013-10-21 00:00:00,9827.0
2013-10-21 01:00:00,9443.0
2013-10-21 02:00:00,9297.0
2013-10-21 03:00:00,9308.0
2013-10-21 04:00:00,9684.0
2013-10-21 05:00:00,10812.0
2013-10-21 06:00:00,12895.0
2013-10-21 07:00:00,14050.0
2013-10-21 08:00:00,14267.0
2013-10-21 09:00:00,14385.0
2013-10-21 10:00:00,14557.0
2013-10-21 11:00:00,14592.0
2013-10-21 12:00:00,14528.0
2013-10-21 13:00:00,14517.0
2013-10-21 14:00:00,14379.0
2013-10-21 15:00:00,14295.0
2013-10-21 16:00:00,14400.0
2013-10-21 17:00:00,14894.0
2013-10-21 18:00:00,15875.0
2013-10-21 19:00:00,15700.0
2013-10-21 20:00:00,14951.0
2013-10-21 21:00:00,13803.0
2013-10-21 22:00:00,12325.0
2013-10-21 23:00:00,11066.0
2013-10-22 00:00:00,10230.0
2013-10-22 01:00:00,9778.0
2013-10-22 02:00:00,9570.0
2013-10-22 03:00:00,9537.0
2013-10-22 04:00:00,9823.0
2013-10-22 05:00:00,10904.0
2013-10-22 06:00:00,12958.0
2013-10-22 07:00:00,14005.0
2013-10-22 08:00:00,14223.0
2013-10-22 09:00:00,14424.0
2013-10-22 10:00:00,14670.0
2013-10-22 11:00:00,14752.0
2013-10-22 12:00:00,14712.0
2013-10-22 13:00:00,14739.0
2013-10-22 14:00:00,14647.0
2013-10-22 15:00:00,14574.0
2013-10-22 16:00:00,14759.0
2013-10-22 17:00:00,15295.0
2013-10-22 18:00:00,15983.0
2013-10-22 19:00:00,15733.0
2013-10-22 20:00:00,14968.0
2013-10-22 21:00:00,13837.0
2013-10-22 22:00:00,12378.0
2013-10-22 23:00:00,11109.0
2013-10-23 00:00:00,10304.0
2013-10-23 01:00:00,9868.0
2013-10-23 02:00:00,9674.0
2013-10-23 03:00:00,9641.0
2013-10-23 04:00:00,9964.0
2013-10-23 05:00:00,11104.0
2013-10-23 06:00:00,13254.0
2013-10-23 07:00:00,14358.0
2013-10-23 08:00:00,14515.0
2013-10-23 09:00:00,14592.0
2013-10-23 10:00:00,14740.0
2013-10-23 11:00:00,14766.0
2013-10-23 12:00:00,14676.0
2013-10-23 13:00:00,14618.0
2013-10-23 14:00:00,14506.0
2013-10-23 15:00:00,14490.0
2013-10-23 16:00:00,14745.0
2013-10-23 17:00:00,15442.0
2013-10-23 18:00:00,16207.0
2013-10-23 19:00:00,15994.0
2013-10-23 20:00:00,15278.0
2013-10-23 21:00:00,14204.0
2013-10-23 22:00:00,12814.0
2013-10-23 23:00:00,11523.0
2013-10-24 00:00:00,10604.0
2013-10-24 01:00:00,10119.0
2013-10-24 02:00:00,9901.0
2013-10-24 03:00:00,9871.0
2013-10-24 04:00:00,10199.0
2013-10-24 05:00:00,11342.0
2013-10-24 06:00:00,13474.0
2013-10-24 07:00:00,14543.0
2013-10-24 08:00:00,14666.0
2013-10-24 09:00:00,14673.0
2013-10-24 10:00:00,14705.0
2013-10-24 11:00:00,14650.0
2013-10-24 12:00:00,14516.0
2013-10-24 13:00:00,14450.0
2013-10-24 14:00:00,14295.0
2013-10-24 15:00:00,14208.0
2013-10-24 16:00:00,14414.0
2013-10-24 17:00:00,15061.0
2013-10-24 18:00:00,16069.0
2013-10-24 19:00:00,15979.0
2013-10-24 20:00:00,15370.0
2013-10-24 21:00:00,14340.0
2013-10-24 22:00:00,12992.0
2013-10-24 23:00:00,11681.0
2013-10-25 00:00:00,10785.0
2013-10-25 01:00:00,10313.0
2013-10-25 02:00:00,10106.0
2013-10-25 03:00:00,10083.0
2013-10-25 04:00:00,10420.0
2013-10-25 05:00:00,11520.0
2013-10-25 06:00:00,13598.0
2013-10-25 07:00:00,14674.0
2013-10-25 08:00:00,14851.0
2013-10-25 09:00:00,14850.0
2013-10-25 10:00:00,14887.0
2013-10-25 11:00:00,14878.0
2013-10-25 12:00:00,14720.0
2013-10-25 13:00:00,14596.0
2013-10-25 14:00:00,14363.0
2013-10-25 15:00:00,14168.0
2013-10-25 16:00:00,14271.0
2013-10-25 17:00:00,14785.0
2013-10-25 18:00:00,15655.0
2013-10-25 19:00:00,15429.0
2013-10-25 20:00:00,14941.0
2013-10-25 21:00:00,14159.0
2013-10-25 22:00:00,13081.0
2013-10-25 23:00:00,11922.0
2013-10-26 00:00:00,11064.0
2013-10-26 01:00:00,10578.0
2013-10-26 02:00:00,10319.0
2013-10-26 03:00:00,10248.0
2013-10-26 04:00:00,10352.0
2013-10-26 05:00:00,10788.0
2013-10-26 06:00:00,11633.0
2013-10-26 07:00:00,12539.0
2013-10-26 08:00:00,13421.0
2013-10-26 09:00:00,13843.0
2013-10-26 10:00:00,13881.0
2013-10-26 11:00:00,13751.0
2013-10-26 12:00:00,13529.0
2013-10-26 13:00:00,13255.0
2013-10-26 14:00:00,13023.0
2013-10-26 15:00:00,12940.0
2013-10-26 16:00:00,13181.0
2013-10-26 17:00:00,13857.0
2013-10-26 18:00:00,14739.0
2013-10-26 19:00:00,14513.0
2013-10-26 20:00:00,13977.0
2013-10-26 21:00:00,13277.0
2013-10-26 22:00:00,12378.0
2013-10-26 23:00:00,11430.0
2013-10-27 00:00:00,10589.0
2013-10-27 01:00:00,10013.0
2013-10-27 02:00:00,9704.0
2013-10-27 03:00:00,9573.0
2013-10-27 04:00:00,9567.0
2013-10-27 05:00:00,9832.0
2013-10-27 06:00:00,10409.0
2013-10-27 07:00:00,11102.0
2013-10-27 08:00:00,11943.0
2013-10-27 09:00:00,12545.0
2013-10-27 10:00:00,12841.0
2013-10-27 11:00:00,12963.0
2013-10-27 12:00:00,12978.0
2013-10-27 13:00:00,12897.0
2013-10-27 14:00:00,12825.0
2013-10-27 15:00:00,12824.0
2013-10-27 16:00:00,13220.0
2013-10-27 17:00:00,14025.0
2013-10-27 18:00:00,15088.0
2013-10-27 19:00:00,14899.0
2013-10-27 20:00:00,14313.0
2013-10-27 21:00:00,13310.0
2013-10-27 22:00:00,12217.0
2013-10-27 23:00:00,11203.0
2013-10-28 00:00:00,10431.0
2013-10-28 01:00:00,10041.0
2013-10-28 02:00:00,9903.0
2013-10-28 03:00:00,9946.0
2013-10-28 04:00:00,10318.0
2013-10-28 05:00:00,11522.0
2013-10-28 06:00:00,13691.0
2013-10-28 07:00:00,14870.0
2013-10-28 08:00:00,15025.0
2013-10-28 09:00:00,14990.0
2013-10-28 10:00:00,15015.0
2013-10-28 11:00:00,14944.0
2013-10-28 12:00:00,14796.0
2013-10-28 13:00:00,14729.0
2013-10-28 14:00:00,14576.0
2013-10-28 15:00:00,14459.0
2013-10-28 16:00:00,14668.0
2013-10-28 17:00:00,15409.0
2013-10-28 18:00:00,16429.0
2013-10-28 19:00:00,16167.0
2013-10-28 20:00:00,15452.0
2013-10-28 21:00:00,14348.0
2013-10-28 22:00:00,13003.0
2013-10-28 23:00:00,11751.0
2013-10-29 00:00:00,10894.0
2013-10-29 01:00:00,10464.0
2013-10-29 02:00:00,10300.0
2013-10-29 03:00:00,10302.0
2013-10-29 04:00:00,10661.0
2013-10-29 05:00:00,11811.0
2013-10-29 06:00:00,13982.0
2013-10-29 07:00:00,15179.0
2013-10-29 08:00:00,15265.0
2013-10-29 09:00:00,15208.0
2013-10-29 10:00:00,15030.0
2013-10-29 11:00:00,14980.0
2013-10-29 12:00:00,14775.0
2013-10-29 13:00:00,14633.0
2013-10-29 14:00:00,14449.0
2013-10-29 15:00:00,14368.0
2013-10-29 16:00:00,14625.0
2013-10-29 17:00:00,15468.0
2013-10-29 18:00:00,16586.0
2013-10-29 19:00:00,16416.0
2013-10-29 20:00:00,15810.0
2013-10-29 21:00:00,14736.0
2013-10-29 22:00:00,13273.0
2013-10-29 23:00:00,12007.0
2013-10-30 00:00:00,11190.0
2013-10-30 01:00:00,10752.0
2013-10-30 02:00:00,10526.0
2013-10-30 03:00:00,10492.0
2013-10-30 04:00:00,10794.0
2013-10-30 05:00:00,11914.0
2013-10-30 06:00:00,14054.0
2013-10-30 07:00:00,15270.0
2013-10-30 08:00:00,15392.0
2013-10-30 09:00:00,15473.0
2013-10-30 10:00:00,15565.0
2013-10-30 11:00:00,15484.0
2013-10-30 12:00:00,15264.0
2013-10-30 13:00:00,15082.0
2013-10-30 14:00:00,14799.0
2013-10-30 15:00:00,14647.0
2013-10-30 16:00:00,14839.0
2013-10-30 17:00:00,15576.0
2013-10-30 18:00:00,16498.0
2013-10-30 19:00:00,16292.0
2013-10-30 20:00:00,15639.0
2013-10-30 21:00:00,14595.0
2013-10-30 22:00:00,13335.0
2013-10-30 23:00:00,12158.0
2013-10-31 00:00:00,11199.0
2013-10-31 01:00:00,10633.0
2013-10-31 02:00:00,10383.0
2013-10-31 03:00:00,10350.0
2013-10-31 04:00:00,10662.0
2013-10-31 05:00:00,11745.0
2013-10-31 06:00:00,13808.0
2013-10-31 07:00:00,14990.0
2013-10-31 08:00:00,15134.0
2013-10-31 09:00:00,15231.0
2013-10-31 10:00:00,15357.0
2013-10-31 11:00:00,15349.0
2013-10-31 12:00:00,15269.0
2013-10-31 13:00:00,15267.0
2013-10-31 14:00:00,15177.0
2013-10-31 15:00:00,15234.0
2013-10-31 16:00:00,15521.0
2013-10-31 17:00:00,15897.0
2013-10-31 18:00:00,15824.0
2013-10-31 19:00:00,15397.0
2013-10-31 20:00:00,14943.0
2013-10-31 21:00:00,13994.0
2013-10-31 22:00:00,12579.0
2013-10-31 23:00:00,11382.0
2013-11-01 00:00:00,10604.0
2013-11-01 01:00:00,10167.0
2013-11-01 02:00:00,9912.0
2013-11-01 03:00:00,9818.0
2013-11-01 04:00:00,10068.0
2013-11-01 05:00:00,11029.0
2013-11-01 06:00:00,12976.0
2013-11-01 07:00:00,14352.0
2013-11-01 08:00:00,14707.0
2013-11-01 09:00:00,14993.0
2013-11-01 10:00:00,15262.0
2013-11-01 11:00:00,15280.0
2013-11-01 12:00:00,15108.0
2013-11-01 13:00:00,14934.0
2013-11-01 14:00:00,14687.0
2013-11-01 15:00:00,14455.0
2013-11-01 16:00:00,14421.0
2013-11-01 17:00:00,14823.0
2013-11-01 18:00:00,15441.0
2013-11-01 19:00:00,15023.0
2013-11-01 20:00:00,14376.0
2013-11-01 21:00:00,13509.0
2013-11-01 22:00:00,12410.0
2013-11-01 23:00:00,11275.0
2013-11-02 00:00:00,10390.0
2013-11-02 01:00:00,9845.0
2013-11-02 02:00:00,9527.0
2013-11-02 03:00:00,9367.0
2013-11-02 04:00:00,9447.0
2013-11-02 05:00:00,9845.0
2013-11-02 06:00:00,10625.0
2013-11-02 07:00:00,11510.0
2013-11-02 08:00:00,12376.0
2013-11-02 09:00:00,12945.0
2013-11-02 10:00:00,13179.0
2013-11-02 11:00:00,13176.0
2013-11-02 12:00:00,13010.0
2013-11-02 13:00:00,12831.0
2013-11-02 14:00:00,12650.0
2013-11-02 15:00:00,12612.0
2013-11-02 16:00:00,12872.0
2013-11-02 17:00:00,13647.0
2013-11-02 18:00:00,14365.0
2013-11-02 19:00:00,13996.0
2013-11-02 20:00:00,13455.0
2013-11-02 21:00:00,12775.0
2013-11-02 22:00:00,11870.0
2013-11-02 23:00:00,10927.0
2013-11-03 00:00:00,10150.0
2013-11-03 01:00:00,19036.0
2013-11-03 02:00:00,9248.0
2013-11-03 03:00:00,9224.0
2013-11-03 04:00:00,9363.0
2013-11-03 05:00:00,9721.0
2013-11-03 06:00:00,10338.0
2013-11-03 07:00:00,11417.0
2013-11-03 08:00:00,12400.0
2013-11-03 09:00:00,12998.0
2013-11-03 10:00:00,13263.0
2013-11-03 11:00:00,13354.0
2013-11-03 12:00:00,13286.0
2013-11-03 13:00:00,13105.0
2013-11-03 14:00:00,13069.0
2013-11-03 15:00:00,13373.0
2013-11-03 16:00:00,14354.0
2013-11-03 17:00:00,15702.0
2013-11-03 18:00:00,15729.0
2013-11-03 19:00:00,15189.0
2013-11-03 20:00:00,14601.0
2013-11-03 21:00:00,13576.0
2013-11-03 22:00:00,12389.0
2013-11-03 23:00:00,11542.0
2013-11-04 00:00:00,10800.0
2013-11-04 01:00:00,10529.0
2013-11-04 02:00:00,10445.0
2013-11-04 03:00:00,10532.0
2013-11-04 04:00:00,11018.0
2013-11-04 05:00:00,12351.0
2013-11-04 06:00:00,14314.0
2013-11-04 07:00:00,15265.0
2013-11-04 08:00:00,15326.0
2013-11-04 09:00:00,15309.0
2013-11-04 10:00:00,15286.0
2013-11-04 11:00:00,15177.0
2013-11-04 12:00:00,14966.0
2013-11-04 13:00:00,14858.0
2013-11-04 14:00:00,14729.0
2013-11-04 15:00:00,14894.0
2013-11-04 16:00:00,15895.0
2013-11-04 17:00:00,17317.0
2013-11-04 18:00:00,17272.0
2013-11-04 19:00:00,16828.0
2013-11-04 20:00:00,16081.0
2013-11-04 21:00:00,14898.0
2013-11-04 22:00:00,13492.0
2013-11-04 23:00:00,12311.0
2013-11-05 00:00:00,11553.0
2013-11-05 01:00:00,11194.0
2013-11-05 02:00:00,11025.0
2013-11-05 03:00:00,11050.0
2013-11-05 04:00:00,11445.0
2013-11-05 05:00:00,12643.0
2013-11-05 06:00:00,14462.0
2013-11-05 07:00:00,15321.0
2013-11-05 08:00:00,15387.0
2013-11-05 09:00:00,15255.0
2013-11-05 10:00:00,15161.0
2013-11-05 11:00:00,15013.0
2013-11-05 12:00:00,14790.0
2013-11-05 13:00:00,14714.0
2013-11-05 14:00:00,14575.0
2013-11-05 15:00:00,14652.0
2013-11-05 16:00:00,15561.0
2013-11-05 17:00:00,16840.0
2013-11-05 18:00:00,16813.0
2013-11-05 19:00:00,16346.0
2013-11-05 20:00:00,15584.0
2013-11-05 21:00:00,14389.0
2013-11-05 22:00:00,12962.0
2013-11-05 23:00:00,11739.0
2013-11-06 00:00:00,10975.0
2013-11-06 01:00:00,10558.0
2013-11-06 02:00:00,10350.0
2013-11-06 03:00:00,10345.0
2013-11-06 04:00:00,10734.0
2013-11-06 05:00:00,11939.0
2013-11-06 06:00:00,13834.0
2013-11-06 07:00:00,14675.0
2013-11-06 08:00:00,14727.0
2013-11-06 09:00:00,14713.0
2013-11-06 10:00:00,14725.0
2013-11-06 11:00:00,14666.0
2013-11-06 12:00:00,14537.0
2013-11-06 13:00:00,14475.0
2013-11-06 14:00:00,14376.0
2013-11-06 15:00:00,14462.0
2013-11-06 16:00:00,15362.0
2013-11-06 17:00:00,16476.0
2013-11-06 18:00:00,16296.0
2013-11-06 19:00:00,15811.0
2013-11-06 20:00:00,15061.0
2013-11-06 21:00:00,13889.0
2013-11-06 22:00:00,12479.0
2013-11-06 23:00:00,11241.0
2013-11-07 00:00:00,10450.0
2013-11-07 01:00:00,10051.0
2013-11-07 02:00:00,9831.0
2013-11-07 03:00:00,9818.0
2013-11-07 04:00:00,10131.0
2013-11-07 05:00:00,11259.0
2013-11-07 06:00:00,13126.0
2013-11-07 07:00:00,14186.0
2013-11-07 08:00:00,14530.0
2013-11-07 09:00:00,14762.0
2013-11-07 10:00:00,14993.0
2013-11-07 11:00:00,15102.0
2013-11-07 12:00:00,15087.0
2013-11-07 13:00:00,15084.0
2013-11-07 14:00:00,14940.0
2013-11-07 15:00:00,15037.0
2013-11-07 16:00:00,15736.0
2013-11-07 17:00:00,16416.0
2013-11-07 18:00:00,16221.0
2013-11-07 19:00:00,15746.0
2013-11-07 20:00:00,15079.0
2013-11-07 21:00:00,14034.0
2013-11-07 22:00:00,12677.0
2013-11-07 23:00:00,11507.0
2013-11-08 00:00:00,10767.0
2013-11-08 01:00:00,10410.0
2013-11-08 02:00:00,10236.0
2013-11-08 03:00:00,10257.0
2013-11-08 04:00:00,10654.0
2013-11-08 05:00:00,11841.0
2013-11-08 06:00:00,13709.0
2013-11-08 07:00:00,14669.0
2013-11-08 08:00:00,14875.0
2013-11-08 09:00:00,14908.0
2013-11-08 10:00:00,14941.0
2013-11-08 11:00:00,14890.0
2013-11-08 12:00:00,14787.0
2013-11-08 13:00:00,14749.0
2013-11-08 14:00:00,14658.0
2013-11-08 15:00:00,14764.0
2013-11-08 16:00:00,15611.0
2013-11-08 17:00:00,16636.0
2013-11-08 18:00:00,16367.0
2013-11-08 19:00:00,15899.0
2013-11-08 20:00:00,15281.0
2013-11-08 21:00:00,14422.0
2013-11-08 22:00:00,13303.0
2013-11-08 23:00:00,12207.0
2013-11-09 00:00:00,11370.0
2013-11-09 01:00:00,10906.0
2013-11-09 02:00:00,10645.0
2013-11-09 03:00:00,10583.0
2013-11-09 04:00:00,10741.0
2013-11-09 05:00:00,11262.0
2013-11-09 06:00:00,11982.0
2013-11-09 07:00:00,12844.0
2013-11-09 08:00:00,13577.0
2013-11-09 09:00:00,13950.0
2013-11-09 10:00:00,14044.0
2013-11-09 11:00:00,13984.0
2013-11-09 12:00:00,13869.0
2013-11-09 13:00:00,13661.0
2013-11-09 14:00:00,13493.0
2013-11-09 15:00:00,13549.0
2013-11-09 16:00:00,14575.0
2013-11-09 17:00:00,15611.0
2013-11-09 18:00:00,15355.0
2013-11-09 19:00:00,14831.0
2013-11-09 20:00:00,14293.0
2013-11-09 21:00:00,13545.0
2013-11-09 22:00:00,12590.0
2013-11-09 23:00:00,11608.0
2013-11-10 00:00:00,10837.0
2013-11-10 01:00:00,10338.0
2013-11-10 02:00:00,10077.0
2013-11-10 03:00:00,9971.0
2013-11-10 04:00:00,10038.0
2013-11-10 05:00:00,10345.0
2013-11-10 06:00:00,10845.0
2013-11-10 07:00:00,11527.0
2013-11-10 08:00:00,12403.0
2013-11-10 09:00:00,12965.0
2013-11-10 10:00:00,13175.0
2013-11-10 11:00:00,13265.0
2013-11-10 12:00:00,13364.0
2013-11-10 13:00:00,13428.0
2013-11-10 14:00:00,13489.0
2013-11-10 15:00:00,13700.0
2013-11-10 16:00:00,14588.0
2013-11-10 17:00:00,15585.0
2013-11-10 18:00:00,15351.0
2013-11-10 19:00:00,14850.0
2013-11-10 20:00:00,14223.0
2013-11-10 21:00:00,13315.0
2013-11-10 22:00:00,12301.0
2013-11-10 23:00:00,11327.0
2013-11-11 00:00:00,10656.0
2013-11-11 01:00:00,10301.0
2013-11-11 02:00:00,10138.0
2013-11-11 03:00:00,10150.0
2013-11-11 04:00:00,10501.0
2013-11-11 05:00:00,11474.0
2013-11-11 06:00:00,12846.0
2013-11-11 07:00:00,13891.0
2013-11-11 08:00:00,14479.0
2013-11-11 09:00:00,14805.0
2013-11-11 10:00:00,14926.0
2013-11-11 11:00:00,14859.0
2013-11-11 12:00:00,14691.0
2013-11-11 13:00:00,14604.0
2013-11-11 14:00:00,14530.0
2013-11-11 15:00:00,14745.0
2013-11-11 16:00:00,15832.0
2013-11-11 17:00:00,16930.0
2013-11-11 18:00:00,16677.0
2013-11-11 19:00:00,16129.0
2013-11-11 20:00:00,15353.0
2013-11-11 21:00:00,14177.0
2013-11-11 22:00:00,12766.0
2013-11-11 23:00:00,11533.0
2013-11-12 00:00:00,10760.0
2013-11-12 01:00:00,10335.0
2013-11-12 02:00:00,10122.0
2013-11-12 03:00:00,10137.0
2013-11-12 04:00:00,10539.0
2013-11-12 05:00:00,11760.0
2013-11-12 06:00:00,13832.0
2013-11-12 07:00:00,15024.0
2013-11-12 08:00:00,15442.0
2013-11-12 09:00:00,15708.0
2013-11-12 10:00:00,15940.0
2013-11-12 11:00:00,16028.0
2013-11-12 12:00:00,15979.0
2013-11-12 13:00:00,15972.0
2013-11-12 14:00:00,15886.0
2013-11-12 15:00:00,16047.0
2013-11-12 16:00:00,17036.0
2013-11-12 17:00:00,18082.0
2013-11-12 18:00:00,17916.0
2013-11-12 19:00:00,17483.0
2013-11-12 20:00:00,16791.0
2013-11-12 21:00:00,15627.0
2013-11-12 22:00:00,14185.0
2013-11-12 23:00:00,12955.0
2013-11-13 00:00:00,12173.0
2013-11-13 01:00:00,11768.0
2013-11-13 02:00:00,11605.0
2013-11-13 03:00:00,11668.0
2013-11-13 04:00:00,12072.0
2013-11-13 05:00:00,13307.0
2013-11-13 06:00:00,15230.0
2013-11-13 07:00:00,16092.0
2013-11-13 08:00:00,16114.0
2013-11-13 09:00:00,16022.0
2013-11-13 10:00:00,15972.0
2013-11-13 11:00:00,15831.0
2013-11-13 12:00:00,15597.0
2013-11-13 13:00:00,15512.0
2013-11-13 14:00:00,15458.0
2013-11-13 15:00:00,15701.0
2013-11-13 16:00:00,16825.0
2013-11-13 17:00:00,18032.0
2013-11-13 18:00:00,17952.0
2013-11-13 19:00:00,17583.0
2013-11-13 20:00:00,16928.0
2013-11-13 21:00:00,15783.0
2013-11-13 22:00:00,14293.0
2013-11-13 23:00:00,13016.0
2013-11-14 00:00:00,12226.0
2013-11-14 01:00:00,11796.0
2013-11-14 02:00:00,11560.0
2013-11-14 03:00:00,11590.0
2013-11-14 04:00:00,11890.0
2013-11-14 05:00:00,13043.0
2013-11-14 06:00:00,14929.0
2013-11-14 07:00:00,15725.0
2013-11-14 08:00:00,15673.0
2013-11-14 09:00:00,15523.0
2013-11-14 10:00:00,15406.0
2013-11-14 11:00:00,15247.0
2013-11-14 12:00:00,14995.0
2013-11-14 13:00:00,14883.0
2013-11-14 14:00:00,14782.0
2013-11-14 15:00:00,14895.0
2013-11-14 16:00:00,15964.0
2013-11-14 17:00:00,17050.0
2013-11-14 18:00:00,16926.0
2013-11-14 19:00:00,16547.0
2013-11-14 20:00:00,15909.0
2013-11-14 21:00:00,14861.0
2013-11-14 22:00:00,13446.0
2013-11-14 23:00:00,12211.0
2013-11-15 00:00:00,11407.0
2013-11-15 01:00:00,11018.0
2013-11-15 02:00:00,10845.0
2013-11-15 03:00:00,10862.0
2013-11-15 04:00:00,11236.0
2013-11-15 05:00:00,12411.0
2013-11-15 06:00:00,14272.0
2013-11-15 07:00:00,15196.0
2013-11-15 08:00:00,15265.0
2013-11-15 09:00:00,15146.0
2013-11-15 10:00:00,15105.0
2013-11-15 11:00:00,14970.0
2013-11-15 12:00:00,14717.0
2013-11-15 13:00:00,14582.0
2013-11-15 14:00:00,14414.0
2013-11-15 15:00:00,14465.0
2013-11-15 16:00:00,15421.0
2013-11-15 17:00:00,16308.0
2013-11-15 18:00:00,16022.0
2013-11-15 19:00:00,15514.0
2013-11-15 20:00:00,14932.0
2013-11-15 21:00:00,14104.0
2013-11-15 22:00:00,13002.0
2013-11-15 23:00:00,11906.0
2013-11-16 00:00:00,11080.0
2013-11-16 01:00:00,10616.0
2013-11-16 02:00:00,10363.0
2013-11-16 03:00:00,10269.0
2013-11-16 04:00:00,10384.0
2013-11-16 05:00:00,10824.0
2013-11-16 06:00:00,11589.0
2013-11-16 07:00:00,12435.0
2013-11-16 08:00:00,13356.0
2013-11-16 09:00:00,13807.0
2013-11-16 10:00:00,13834.0
2013-11-16 11:00:00,13599.0
2013-11-16 12:00:00,13306.0
2013-11-16 13:00:00,13037.0
2013-11-16 14:00:00,12864.0
2013-11-16 15:00:00,12986.0
2013-11-16 16:00:00,14069.0
2013-11-16 17:00:00,15142.0
2013-11-16 18:00:00,14901.0
2013-11-16 19:00:00,14436.0
2013-11-16 20:00:00,13988.0
2013-11-16 21:00:00,13293.0
2013-11-16 22:00:00,12411.0
2013-11-16 23:00:00,11500.0
2013-11-17 00:00:00,10759.0
2013-11-17 01:00:00,10330.0
2013-11-17 02:00:00,10080.0
2013-11-17 03:00:00,9983.0
2013-11-17 04:00:00,10043.0
2013-11-17 05:00:00,10327.0
2013-11-17 06:00:00,10806.0
2013-11-17 07:00:00,11517.0
2013-11-17 08:00:00,12494.0
2013-11-17 09:00:00,13203.0
2013-11-17 10:00:00,13549.0
2013-11-17 11:00:00,13714.0
2013-11-17 12:00:00,13776.0
2013-11-17 13:00:00,13745.0
2013-11-17 14:00:00,13750.0
2013-11-17 15:00:00,14046.0
2013-11-17 16:00:00,15162.0
2013-11-17 17:00:00,15833.0
2013-11-17 18:00:00,15546.0
2013-11-17 19:00:00,14963.0
2013-11-17 20:00:00,14272.0
2013-11-17 21:00:00,13174.0
2013-11-17 22:00:00,11978.0
2013-11-17 23:00:00,10889.0
2013-11-18 00:00:00,10167.0
2013-11-18 01:00:00,9766.0
2013-11-18 02:00:00,9605.0
2013-11-18 03:00:00,9616.0
2013-11-18 04:00:00,9992.0
2013-11-18 05:00:00,11121.0
2013-11-18 06:00:00,13105.0
2013-11-18 07:00:00,14206.0
2013-11-18 08:00:00,14452.0
2013-11-18 09:00:00,14543.0
2013-11-18 10:00:00,14640.0
2013-11-18 11:00:00,14625.0
2013-11-18 12:00:00,14520.0
2013-11-18 13:00:00,14464.0
2013-11-18 14:00:00,14328.0
2013-11-18 15:00:00,14333.0
2013-11-18 16:00:00,15266.0
2013-11-18 17:00:00,16390.0
2013-11-18 18:00:00,16178.0
2013-11-18 19:00:00,15666.0
2013-11-18 20:00:00,14984.0
2013-11-18 21:00:00,13849.0
2013-11-18 22:00:00,12549.0
2013-11-18 23:00:00,11365.0
2013-11-19 00:00:00,10517.0
2013-11-19 01:00:00,10128.0
2013-11-19 02:00:00,9968.0
2013-11-19 03:00:00,10009.0
2013-11-19 04:00:00,10393.0
2013-11-19 05:00:00,11584.0
2013-11-19 06:00:00,13577.0
2013-11-19 07:00:00,14658.0
2013-11-19 08:00:00,14932.0
2013-11-19 09:00:00,14976.0
2013-11-19 10:00:00,14999.0
2013-11-19 11:00:00,14946.0
2013-11-19 12:00:00,14836.0
2013-11-19 13:00:00,14846.0
2013-11-19 14:00:00,14815.0
2013-11-19 15:00:00,15025.0
2013-11-19 16:00:00,16234.0
2013-11-19 17:00:00,17452.0
2013-11-19 18:00:00,17347.0
2013-11-19 19:00:00,16960.0
2013-11-19 20:00:00,16334.0
2013-11-19 21:00:00,15228.0
2013-11-19 22:00:00,13801.0
2013-11-19 23:00:00,12580.0
2013-11-20 00:00:00,11810.0
2013-11-20 01:00:00,11435.0
2013-11-20 02:00:00,11288.0
2013-11-20 03:00:00,11322.0
2013-11-20 04:00:00,11724.0
2013-11-20 05:00:00,12939.0
2013-11-20 06:00:00,14908.0
2013-11-20 07:00:00,15817.0
2013-11-20 08:00:00,15870.0
2013-11-20 09:00:00,15786.0
2013-11-20 10:00:00,15699.0
2013-11-20 11:00:00,15557.0
2013-11-20 12:00:00,15343.0
2013-11-20 13:00:00,15264.0
2013-11-20 14:00:00,15125.0
2013-11-20 15:00:00,15312.0
2013-11-20 16:00:00,16527.0
2013-11-20 17:00:00,17711.0
2013-11-20 18:00:00,17647.0
2013-11-20 19:00:00,17298.0
2013-11-20 20:00:00,16688.0
2013-11-20 21:00:00,15588.0
2013-11-20 22:00:00,14147.0
2013-11-20 23:00:00,12898.0
2013-11-21 00:00:00,12137.0
2013-11-21 01:00:00,11785.0
2013-11-21 02:00:00,11642.0
2013-11-21 03:00:00,11680.0
2013-11-21 04:00:00,12108.0
2013-11-21 05:00:00,13347.0
2013-11-21 06:00:00,15346.0
2013-11-21 07:00:00,16220.0
2013-11-21 08:00:00,16171.0
2013-11-21 09:00:00,15928.0
2013-11-21 10:00:00,15714.0
2013-11-21 11:00:00,15489.0
2013-11-21 12:00:00,15203.0
2013-11-21 13:00:00,15083.0
2013-11-21 14:00:00,14971.0
2013-11-21 15:00:00,15194.0
2013-11-21 16:00:00,16414.0
2013-11-21 17:00:00,17329.0
2013-11-21 18:00:00,17194.0
2013-11-21 19:00:00,16749.0
2013-11-21 20:00:00,16101.0
2013-11-21 21:00:00,14974.0
2013-11-21 22:00:00,13526.0
2013-11-21 23:00:00,12223.0
2013-11-22 00:00:00,11355.0
2013-11-22 01:00:00,10912.0
2013-11-22 02:00:00,10681.0
2013-11-22 03:00:00,10650.0
2013-11-22 04:00:00,10967.0
2013-11-22 05:00:00,12056.0
2013-11-22 06:00:00,13953.0
2013-11-22 07:00:00,15052.0
2013-11-22 08:00:00,15367.0
2013-11-22 09:00:00,15587.0
2013-11-22 10:00:00,15749.0
2013-11-22 11:00:00,15752.0
2013-11-22 12:00:00,15591.0
2013-11-22 13:00:00,15477.0
2013-11-22 14:00:00,15313.0
2013-11-22 15:00:00,15359.0
2013-11-22 16:00:00,16212.0
2013-11-22 17:00:00,16683.0
2013-11-22 18:00:00,16320.0
2013-11-22 19:00:00,15750.0
2013-11-22 20:00:00,15070.0
2013-11-22 21:00:00,14179.0
2013-11-22 22:00:00,13035.0
2013-11-22 23:00:00,11896.0
2013-11-23 00:00:00,11035.0
2013-11-23 01:00:00,10550.0
2013-11-23 02:00:00,10280.0
2013-11-23 03:00:00,10212.0
2013-11-23 04:00:00,10356.0
2013-11-23 05:00:00,10868.0
2013-11-23 06:00:00,11705.0
2013-11-23 07:00:00,12563.0
2013-11-23 08:00:00,13436.0
2013-11-23 09:00:00,13911.0
2013-11-23 10:00:00,14032.0
2013-11-23 11:00:00,13977.0
2013-11-23 12:00:00,13798.0
2013-11-23 13:00:00,13634.0
2013-11-23 14:00:00,13581.0
2013-11-23 15:00:00,13870.0
2013-11-23 16:00:00,15167.0
2013-11-23 17:00:00,16100.0
2013-11-23 18:00:00,15888.0
2013-11-23 19:00:00,15466.0
2013-11-23 20:00:00,15044.0
2013-11-23 21:00:00,14404.0
2013-11-23 22:00:00,13533.0
2013-11-23 23:00:00,12657.0
2013-11-24 00:00:00,11977.0
2013-11-24 01:00:00,11605.0
2013-11-24 02:00:00,11429.0
2013-11-24 03:00:00,11404.0
2013-11-24 04:00:00,11552.0
2013-11-24 05:00:00,11961.0
2013-11-24 06:00:00,12596.0
2013-11-24 07:00:00,13360.0
2013-11-24 08:00:00,14339.0
2013-11-24 09:00:00,14979.0
2013-11-24 10:00:00,15294.0
2013-11-24 11:00:00,15435.0
2013-11-24 12:00:00,15478.0
2013-11-24 13:00:00,15405.0
2013-11-24 14:00:00,15400.0
2013-11-24 15:00:00,15764.0
2013-11-24 16:00:00,17179.0
2013-11-24 17:00:00,18278.0
2013-11-24 18:00:00,18172.0
2013-11-24 19:00:00,17713.0
2013-11-24 20:00:00,17104.0
2013-11-24 21:00:00,16126.0
2013-11-24 22:00:00,14974.0
2013-11-24 23:00:00,13925.0
2013-11-25 00:00:00,13173.0
2013-11-25 01:00:00,12698.0
2013-11-25 02:00:00,12522.0
2013-11-25 03:00:00,12587.0
2013-11-25 04:00:00,13012.0
2013-11-25 05:00:00,14237.0
2013-11-25 06:00:00,16169.0
2013-11-25 07:00:00,17126.0
2013-11-25 08:00:00,17224.0
2013-11-25 09:00:00,17148.0
2013-11-25 10:00:00,17070.0
2013-11-25 11:00:00,16893.0
2013-11-25 12:00:00,16610.0
2013-11-25 13:00:00,16431.0
2013-11-25 14:00:00,16254.0
2013-11-25 15:00:00,16453.0
2013-11-25 16:00:00,17722.0
2013-11-25 17:00:00,18759.0
2013-11-25 18:00:00,18623.0
2013-11-25 19:00:00,18232.0
2013-11-25 20:00:00,17506.0
2013-11-25 21:00:00,16284.0
2013-11-25 22:00:00,14758.0
2013-11-25 23:00:00,13375.0
2013-11-26 00:00:00,12490.0
2013-11-26 01:00:00,12027.0
2013-11-26 02:00:00,11792.0
2013-11-26 03:00:00,11775.0
2013-11-26 04:00:00,12119.0
2013-11-26 05:00:00,13242.0
2013-11-26 06:00:00,15222.0
2013-11-26 07:00:00,16279.0
2013-11-26 08:00:00,16475.0
2013-11-26 09:00:00,16549.0
2013-11-26 10:00:00,16553.0
2013-11-26 11:00:00,16455.0
2013-11-26 12:00:00,16308.0
2013-11-26 13:00:00,16257.0
2013-11-26 14:00:00,16121.0
2013-11-26 15:00:00,16270.0
2013-11-26 16:00:00,17311.0
2013-11-26 17:00:00,17879.0
2013-11-26 18:00:00,17711.0
2013-11-26 19:00:00,17284.0
2013-11-26 20:00:00,16627.0
2013-11-26 21:00:00,15488.0
2013-11-26 22:00:00,14049.0
2013-11-26 23:00:00,12739.0
2013-11-27 00:00:00,11767.0
2013-11-27 01:00:00,11249.0
2013-11-27 02:00:00,10941.0
2013-11-27 03:00:00,10846.0
2013-11-27 04:00:00,11094.0
2013-11-27 05:00:00,12020.0
2013-11-27 06:00:00,13642.0
2013-11-27 07:00:00,14856.0
2013-11-27 08:00:00,15482.0
2013-11-27 09:00:00,15897.0
2013-11-27 10:00:00,16154.0
2013-11-27 11:00:00,16237.0
2013-11-27 12:00:00,16172.0
2013-11-27 13:00:00,16125.0
2013-11-27 14:00:00,15947.0
2013-11-27 15:00:00,15971.0
2013-11-27 16:00:00,16656.0
2013-11-27 17:00:00,17032.0
2013-11-27 18:00:00,16676.0
2013-11-27 19:00:00,16171.0
2013-11-27 20:00:00,15532.0
2013-11-27 21:00:00,14640.0
2013-11-27 22:00:00,13425.0
2013-11-27 23:00:00,12218.0
2013-11-28 00:00:00,11326.0
2013-11-28 01:00:00,10852.0
2013-11-28 02:00:00,10623.0
2013-11-28 03:00:00,10586.0
2013-11-28 04:00:00,10800.0
2013-11-28 05:00:00,11366.0
2013-11-28 06:00:00,12255.0
2013-11-28 07:00:00,13193.0
2013-11-28 08:00:00,14313.0
2013-11-28 09:00:00,15136.0
2013-11-28 10:00:00,15581.0
2013-11-28 11:00:00,15639.0
2013-11-28 12:00:00,15206.0
2013-11-28 13:00:00,14416.0
2013-11-28 14:00:00,13733.0
2013-11-28 15:00:00,13525.0
2013-11-28 16:00:00,14168.0
2013-11-28 17:00:00,14639.0
2013-11-28 18:00:00,14621.0
2013-11-28 19:00:00,14645.0
2013-11-28 20:00:00,14599.0
2013-11-28 21:00:00,14233.0
2013-11-28 22:00:00,13546.0
2013-11-28 23:00:00,12780.0
2013-11-29 00:00:00,12126.0
2013-11-29 01:00:00,11763.0
2013-11-29 02:00:00,11581.0
2013-11-29 03:00:00,11574.0
2013-11-29 04:00:00,11811.0
2013-11-29 05:00:00,12421.0
2013-11-29 06:00:00,13272.0
2013-11-29 07:00:00,13911.0
2013-11-29 08:00:00,14504.0
2013-11-29 09:00:00,14824.0
2013-11-29 10:00:00,14929.0
2013-11-29 11:00:00,14903.0
2013-11-29 12:00:00,14765.0
2013-11-29 13:00:00,14623.0
2013-11-29 14:00:00,14596.0
2013-11-29 15:00:00,14860.0
2013-11-29 16:00:00,16125.0
2013-11-29 17:00:00,17063.0
2013-11-29 18:00:00,16866.0
2013-11-29 19:00:00,16519.0
2013-11-29 20:00:00,16097.0
2013-11-29 21:00:00,15418.0
2013-11-29 22:00:00,14470.0
2013-11-29 23:00:00,13449.0
2013-11-30 00:00:00,12692.0
2013-11-30 01:00:00,12267.0
2013-11-30 02:00:00,12061.0
2013-11-30 03:00:00,12046.0
2013-11-30 04:00:00,12187.0
2013-11-30 05:00:00,12648.0
2013-11-30 06:00:00,13361.0
2013-11-30 07:00:00,14120.0
2013-11-30 08:00:00,14927.0
2013-11-30 09:00:00,15316.0
2013-11-30 10:00:00,15358.0
2013-11-30 11:00:00,15204.0
2013-11-30 12:00:00,14963.0
2013-11-30 13:00:00,14737.0
2013-11-30 14:00:00,14660.0
2013-11-30 15:00:00,14944.0
2013-11-30 16:00:00,16227.0
2013-11-30 17:00:00,17013.0
2013-11-30 18:00:00,16819.0
2013-11-30 19:00:00,16376.0
2013-11-30 20:00:00,15899.0
2013-11-30 21:00:00,15166.0
2013-11-30 22:00:00,14139.0
2013-11-30 23:00:00,13022.0
2013-12-01 00:00:00,12121.0
2013-12-01 01:00:00,11591.0
2013-12-01 02:00:00,11283.0
2013-12-01 03:00:00,11137.0
2013-12-01 04:00:00,11151.0
2013-12-01 05:00:00,11413.0
2013-12-01 06:00:00,11922.0
2013-12-01 07:00:00,12574.0
2013-12-01 08:00:00,13521.0
2013-12-01 09:00:00,14302.0
2013-12-01 10:00:00,14722.0
2013-12-01 11:00:00,14893.0
2013-12-01 12:00:00,14960.0
2013-12-01 13:00:00,14904.0
2013-12-01 14:00:00,14849.0
2013-12-01 15:00:00,15037.0
2013-12-01 16:00:00,16242.0
2013-12-01 17:00:00,16918.0
2013-12-01 18:00:00,16758.0
2013-12-01 19:00:00,16297.0
2013-12-01 20:00:00,15655.0
2013-12-01 21:00:00,14540.0
2013-12-01 22:00:00,13240.0
2013-12-01 23:00:00,12089.0
2013-12-02 00:00:00,11324.0
2013-12-02 01:00:00,10916.0
2013-12-02 02:00:00,10773.0
2013-12-02 03:00:00,10818.0
2013-12-02 04:00:00,11224.0
2013-12-02 05:00:00,12411.0
2013-12-02 06:00:00,14422.0
2013-12-02 07:00:00,15568.0
2013-12-02 08:00:00,15851.0
2013-12-02 09:00:00,16031.0
2013-12-02 10:00:00,16192.0
2013-12-02 11:00:00,16205.0
2013-12-02 12:00:00,16086.0
2013-12-02 13:00:00,15995.0
2013-12-02 14:00:00,15849.0
2013-12-02 15:00:00,15994.0
2013-12-02 16:00:00,17166.0
2013-12-02 17:00:00,18037.0
2013-12-02 18:00:00,17894.0
2013-12-02 19:00:00,17452.0
2013-12-02 20:00:00,16774.0
2013-12-02 21:00:00,15584.0
2013-12-02 22:00:00,14051.0
2013-12-02 23:00:00,12681.0
2013-12-03 00:00:00,11764.0
2013-12-03 01:00:00,11329.0
2013-12-03 02:00:00,11111.0
2013-12-03 03:00:00,11097.0
2013-12-03 04:00:00,11455.0
2013-12-03 05:00:00,12624.0
2013-12-03 06:00:00,14670.0
2013-12-03 07:00:00,15786.0
2013-12-03 08:00:00,15917.0
2013-12-03 09:00:00,15884.0
2013-12-03 10:00:00,15776.0
2013-12-03 11:00:00,15553.0
2013-12-03 12:00:00,15301.0
2013-12-03 13:00:00,15190.0
2013-12-03 14:00:00,15077.0
2013-12-03 15:00:00,15264.0
2013-12-03 16:00:00,16565.0
2013-12-03 17:00:00,17707.0
2013-12-03 18:00:00,17672.0
2013-12-03 19:00:00,17303.0
2013-12-03 20:00:00,16693.0
2013-12-03 21:00:00,15598.0
2013-12-03 22:00:00,14087.0
2013-12-03 23:00:00,12747.0
2013-12-04 00:00:00,11870.0
2013-12-04 01:00:00,11474.0
2013-12-04 02:00:00,11320.0
2013-12-04 03:00:00,11340.0
2013-12-04 04:00:00,11737.0
2013-12-04 05:00:00,12941.0
2013-12-04 06:00:00,15003.0
2013-12-04 07:00:00,16024.0
2013-12-04 08:00:00,16069.0
2013-12-04 09:00:00,15993.0
2013-12-04 10:00:00,15884.0
2013-12-04 11:00:00,15789.0
2013-12-04 12:00:00,15513.0
2013-12-04 13:00:00,15448.0
2013-12-04 14:00:00,15326.0
2013-12-04 15:00:00,15498.0
2013-12-04 16:00:00,16847.0
2013-12-04 17:00:00,17875.0
2013-12-04 18:00:00,17817.0
2013-12-04 19:00:00,17470.0
2013-12-04 20:00:00,16870.0
2013-12-04 21:00:00,15753.0
2013-12-04 22:00:00,14213.0
2013-12-04 23:00:00,12790.0
2013-12-05 00:00:00,11897.0
2013-12-05 01:00:00,11419.0
2013-12-05 02:00:00,11154.0
2013-12-05 03:00:00,11111.0
2013-12-05 04:00:00,11446.0
2013-12-05 05:00:00,12564.0
2013-12-05 06:00:00,14561.0
2013-12-05 07:00:00,15718.0
2013-12-05 08:00:00,15927.0
2013-12-05 09:00:00,16048.0
2013-12-05 10:00:00,16150.0
2013-12-05 11:00:00,16137.0
2013-12-05 12:00:00,15996.0
2013-12-05 13:00:00,15965.0
2013-12-05 14:00:00,15854.0
2013-12-05 15:00:00,16052.0
2013-12-05 16:00:00,17109.0
2013-12-05 17:00:00,17708.0
2013-12-05 18:00:00,17496.0
2013-12-05 19:00:00,17041.0
2013-12-05 20:00:00,16340.0
2013-12-05 21:00:00,15214.0
2013-12-05 22:00:00,13707.0
2013-12-05 23:00:00,12276.0
2013-12-06 00:00:00,11269.0
2013-12-06 01:00:00,10748.0
2013-12-06 02:00:00,10458.0
2013-12-06 03:00:00,10395.0
2013-12-06 04:00:00,10673.0
2013-12-06 05:00:00,11724.0
2013-12-06 06:00:00,13654.0
2013-12-06 07:00:00,14918.0
2013-12-06 08:00:00,15278.0
2013-12-06 09:00:00,15467.0
2013-12-06 10:00:00,15585.0
2013-12-06 11:00:00,15597.0
2013-12-06 12:00:00,15524.0
2013-12-06 13:00:00,15519.0
2013-12-06 14:00:00,15415.0
2013-12-06 15:00:00,15644.0
2013-12-06 16:00:00,16708.0
2013-12-06 17:00:00,17205.0
2013-12-06 18:00:00,16882.0
2013-12-06 19:00:00,16418.0
2013-12-06 20:00:00,15906.0
2013-12-06 21:00:00,15101.0
2013-12-06 22:00:00,14003.0
2013-12-06 23:00:00,12796.0
2013-12-07 00:00:00,11869.0
2013-12-07 01:00:00,11334.0
2013-12-07 02:00:00,11050.0
2013-12-07 03:00:00,10963.0
2013-12-07 04:00:00,11086.0
2013-12-07 05:00:00,11580.0
2013-12-07 06:00:00,12425.0
2013-12-07 07:00:00,13348.0
2013-12-07 08:00:00,14256.0
2013-12-07 09:00:00,14752.0
2013-12-07 10:00:00,14903.0
2013-12-07 11:00:00,14939.0
2013-12-07 12:00:00,14803.0
2013-12-07 13:00:00,14600.0
2013-12-07 14:00:00,14504.0
2013-12-07 15:00:00,14742.0
2013-12-07 16:00:00,16093.0
2013-12-07 17:00:00,17072.0
2013-12-07 18:00:00,16924.0
2013-12-07 19:00:00,16539.0
2013-12-07 20:00:00,16132.0
2013-12-07 21:00:00,15465.0
2013-12-07 22:00:00,14489.0
2013-12-07 23:00:00,13393.0
2013-12-08 00:00:00,12490.0
2013-12-08 01:00:00,11968.0
2013-12-08 02:00:00,11705.0
2013-12-08 03:00:00,11633.0
2013-12-08 04:00:00,11707.0
2013-12-08 05:00:00,12109.0
2013-12-08 06:00:00,12725.0
2013-12-08 07:00:00,13395.0
2013-12-08 08:00:00,14343.0
2013-12-08 09:00:00,15077.0
2013-12-08 10:00:00,15391.0
2013-12-08 11:00:00,15588.0
2013-12-08 12:00:00,15735.0
2013-12-08 13:00:00,15739.0
2013-12-08 14:00:00,15672.0
2013-12-08 15:00:00,15892.0
2013-12-08 16:00:00,17200.0
2013-12-08 17:00:00,18233.0
2013-12-08 18:00:00,18101.0
2013-12-08 19:00:00,17705.0
2013-12-08 20:00:00,17076.0
2013-12-08 21:00:00,15966.0
2013-12-08 22:00:00,14517.0
2013-12-08 23:00:00,13213.0
2013-12-09 00:00:00,12390.0
2013-12-09 01:00:00,11987.0
2013-12-09 02:00:00,11827.0
2013-12-09 03:00:00,11898.0
2013-12-09 04:00:00,12316.0
2013-12-09 05:00:00,13477.0
2013-12-09 06:00:00,15435.0
2013-12-09 07:00:00,16676.0
2013-12-09 08:00:00,17114.0
2013-12-09 09:00:00,17356.0
2013-12-09 10:00:00,17475.0
2013-12-09 11:00:00,17464.0
2013-12-09 12:00:00,17270.0
2013-12-09 13:00:00,17159.0
2013-12-09 14:00:00,17000.0
2013-12-09 15:00:00,17147.0
2013-12-09 16:00:00,18265.0
2013-12-09 17:00:00,19022.0
2013-12-09 18:00:00,18809.0
2013-12-09 19:00:00,18294.0
2013-12-09 20:00:00,17570.0
2013-12-09 21:00:00,16331.0
2013-12-09 22:00:00,14754.0
2013-12-09 23:00:00,13272.0
2013-12-10 00:00:00,12303.0
2013-12-10 01:00:00,11839.0
2013-12-10 02:00:00,11646.0
2013-12-10 03:00:00,11649.0
2013-12-10 04:00:00,12042.0
2013-12-10 05:00:00,13244.0
2013-12-10 06:00:00,15219.0
2013-12-10 07:00:00,16357.0
2013-12-10 08:00:00,16679.0
2013-12-10 09:00:00,16893.0
2013-12-10 10:00:00,17098.0
2013-12-10 11:00:00,17125.0
2013-12-10 12:00:00,17080.0
2013-12-10 13:00:00,17116.0
2013-12-10 14:00:00,17128.0
2013-12-10 15:00:00,17251.0
2013-12-10 16:00:00,18387.0
2013-12-10 17:00:00,19325.0
2013-12-10 18:00:00,19195.0
2013-12-10 19:00:00,18781.0
2013-12-10 20:00:00,18131.0
2013-12-10 21:00:00,16959.0
2013-12-10 22:00:00,15374.0
2013-12-10 23:00:00,13960.0
2013-12-11 00:00:00,13040.0
2013-12-11 01:00:00,12608.0
2013-12-11 02:00:00,12424.0
2013-12-11 03:00:00,12463.0
2013-12-11 04:00:00,12870.0
2013-12-11 05:00:00,14097.0
2013-12-11 06:00:00,16183.0
2013-12-11 07:00:00,17168.0
2013-12-11 08:00:00,17191.0
2013-12-11 09:00:00,17095.0
2013-12-11 10:00:00,17010.0
2013-12-11 11:00:00,16877.0
2013-12-11 12:00:00,16733.0
2013-12-11 13:00:00,16762.0
2013-12-11 14:00:00,16736.0
2013-12-11 15:00:00,16981.0
2013-12-11 16:00:00,18376.0
2013-12-11 17:00:00,19453.0
2013-12-11 18:00:00,19342.0
2013-12-11 19:00:00,19029.0
2013-12-11 20:00:00,18445.0
2013-12-11 21:00:00,17331.0
2013-12-11 22:00:00,15703.0
2013-12-11 23:00:00,14241.0
2013-12-12 00:00:00,13318.0
2013-12-12 01:00:00,12864.0
2013-12-12 02:00:00,12680.0
2013-12-12 03:00:00,12729.0
2013-12-12 04:00:00,13123.0
2013-12-12 05:00:00,14392.0
2013-12-12 06:00:00,16511.0
2013-12-12 07:00:00,17511.0
2013-12-12 08:00:00,17522.0
2013-12-12 09:00:00,17469.0
2013-12-12 10:00:00,17377.0
2013-12-12 11:00:00,17250.0
2013-12-12 12:00:00,17059.0
2013-12-12 13:00:00,17023.0
2013-12-12 14:00:00,16973.0
2013-12-12 15:00:00,17282.0
2013-12-12 16:00:00,18696.0
2013-12-12 17:00:00,19817.0
2013-12-12 18:00:00,19818.0
2013-12-12 19:00:00,19508.0
2013-12-12 20:00:00,19023.0
2013-12-12 21:00:00,17966.0
2013-12-12 22:00:00,16428.0
2013-12-12 23:00:00,14986.0
2013-12-13 00:00:00,13989.0
2013-12-13 01:00:00,13505.0
2013-12-13 02:00:00,13263.0
2013-12-13 03:00:00,13266.0
2013-12-13 04:00:00,13620.0
2013-12-13 05:00:00,14759.0
2013-12-13 06:00:00,16797.0
2013-12-13 07:00:00,17825.0
2013-12-13 08:00:00,17969.0
2013-12-13 09:00:00,17857.0
2013-12-13 10:00:00,17694.0
2013-12-13 11:00:00,17501.0
2013-12-13 12:00:00,17225.0
2013-12-13 13:00:00,17109.0
2013-12-13 14:00:00,17010.0
2013-12-13 15:00:00,17190.0
2013-12-13 16:00:00,18418.0
2013-12-13 17:00:00,19292.0
2013-12-13 18:00:00,19060.0
2013-12-13 19:00:00,18636.0
2013-12-13 20:00:00,18157.0
2013-12-13 21:00:00,17368.0
2013-12-13 22:00:00,16192.0
2013-12-13 23:00:00,14917.0
2013-12-14 00:00:00,13924.0
2013-12-14 01:00:00,13420.0
2013-12-14 02:00:00,13169.0
2013-12-14 03:00:00,13117.0
2013-12-14 04:00:00,13251.0
2013-12-14 05:00:00,13758.0
2013-12-14 06:00:00,14691.0
2013-12-14 07:00:00,15734.0
2013-12-14 08:00:00,16721.0
2013-12-14 09:00:00,17294.0
2013-12-14 10:00:00,17509.0
2013-12-14 11:00:00,17509.0
2013-12-14 12:00:00,17403.0
2013-12-14 13:00:00,17284.0
2013-12-14 14:00:00,17341.0
2013-12-14 15:00:00,17699.0
2013-12-14 16:00:00,19033.0
2013-12-14 17:00:00,19750.0
2013-12-14 18:00:00,19396.0
2013-12-14 19:00:00,18812.0
2013-12-14 20:00:00,18129.0
2013-12-14 21:00:00,17212.0
2013-12-14 22:00:00,16046.0
2013-12-14 23:00:00,14803.0
2013-12-15 00:00:00,13779.0
2013-12-15 01:00:00,13157.0
2013-12-15 02:00:00,12809.0
2013-12-15 03:00:00,12650.0
2013-12-15 04:00:00,12645.0
2013-12-15 05:00:00,12862.0
2013-12-15 06:00:00,13293.0
2013-12-15 07:00:00,13949.0
2013-12-15 08:00:00,14918.0
2013-12-15 09:00:00,15854.0
2013-12-15 10:00:00,16443.0
2013-12-15 11:00:00,16734.0
2013-12-15 12:00:00,16867.0
2013-12-15 13:00:00,16739.0
2013-12-15 14:00:00,16500.0
2013-12-15 15:00:00,16554.0
2013-12-15 16:00:00,17987.0
2013-12-15 17:00:00,18952.0
2013-12-15 18:00:00,18784.0
2013-12-15 19:00:00,18302.0
2013-12-15 20:00:00,17626.0
2013-12-15 21:00:00,16488.0
2013-12-15 22:00:00,15072.0
2013-12-15 23:00:00,13766.0
2013-12-16 00:00:00,12911.0
2013-12-16 01:00:00,12491.0
2013-12-16 02:00:00,12311.0
2013-12-16 03:00:00,12398.0
2013-12-16 04:00:00,12839.0
2013-12-16 05:00:00,14090.0
2013-12-16 06:00:00,16190.0
2013-12-16 07:00:00,17233.0
2013-12-16 08:00:00,17330.0
2013-12-16 09:00:00,17393.0
2013-12-16 10:00:00,17403.0
2013-12-16 11:00:00,17244.0
2013-12-16 12:00:00,17034.0
2013-12-16 13:00:00,16989.0
2013-12-16 14:00:00,16954.0
2013-12-16 15:00:00,17239.0
2013-12-16 16:00:00,18667.0
2013-12-16 17:00:00,19897.0
2013-12-16 18:00:00,19929.0
2013-12-16 19:00:00,19619.0
2013-12-16 20:00:00,19071.0
2013-12-16 21:00:00,17977.0
2013-12-16 22:00:00,16427.0
2013-12-16 23:00:00,14978.0
2013-12-17 00:00:00,14062.0
2013-12-17 01:00:00,13641.0
2013-12-17 02:00:00,13489.0
2013-12-17 03:00:00,13555.0
2013-12-17 04:00:00,14020.0
2013-12-17 05:00:00,15253.0
2013-12-17 06:00:00,17314.0
2013-12-17 07:00:00,18394.0
2013-12-17 08:00:00,18580.0
2013-12-17 09:00:00,18721.0
2013-12-17 10:00:00,18849.0
2013-12-17 11:00:00,18892.0
2013-12-17 12:00:00,18885.0
2013-12-17 13:00:00,18901.0
2013-12-17 14:00:00,18855.0
2013-12-17 15:00:00,19097.0
2013-12-17 16:00:00,20292.0
2013-12-17 17:00:00,21109.0
2013-12-17 18:00:00,20937.0
2013-12-17 19:00:00,20447.0
2013-12-17 20:00:00,19663.0
2013-12-17 21:00:00,18320.0
2013-12-17 22:00:00,16620.0
2013-12-17 23:00:00,15113.0
2013-12-18 00:00:00,14070.0
2013-12-18 01:00:00,13568.0
2013-12-18 02:00:00,13345.0
2013-12-18 03:00:00,13340.0
2013-12-18 04:00:00,13676.0
2013-12-18 05:00:00,14797.0
2013-12-18 06:00:00,16725.0
2013-12-18 07:00:00,17701.0
2013-12-18 08:00:00,17753.0
2013-12-18 09:00:00,17632.0
2013-12-18 10:00:00,17446.0
2013-12-18 11:00:00,17235.0
2013-12-18 12:00:00,16983.0
2013-12-18 13:00:00,16846.0
2013-12-18 14:00:00,16736.0
2013-12-18 15:00:00,16940.0
2013-12-18 16:00:00,18339.0
2013-12-18 17:00:00,19465.0
2013-12-18 18:00:00,19403.0
2013-12-18 19:00:00,19070.0
2013-12-18 20:00:00,18547.0
2013-12-18 21:00:00,17491.0
2013-12-18 22:00:00,15953.0
2013-12-18 23:00:00,14419.0
2013-12-19 00:00:00,13429.0
2013-12-19 01:00:00,12955.0
2013-12-19 02:00:00,12705.0
2013-12-19 03:00:00,12651.0
2013-12-19 04:00:00,12987.0
2013-12-19 05:00:00,14118.0
2013-12-19 06:00:00,16147.0
2013-12-19 07:00:00,17194.0
2013-12-19 08:00:00,17207.0
2013-12-19 09:00:00,17087.0
2013-12-19 10:00:00,16958.0
2013-12-19 11:00:00,16702.0
2013-12-19 12:00:00,16332.0
2013-12-19 13:00:00,16193.0
2013-12-19 14:00:00,16089.0
2013-12-19 15:00:00,16304.0
2013-12-19 16:00:00,17667.0
2013-12-19 17:00:00,18681.0
2013-12-19 18:00:00,18594.0
2013-12-19 19:00:00,18274.0
2013-12-19 20:00:00,17736.0
2013-12-19 21:00:00,16708.0
2013-12-19 22:00:00,15171.0
2013-12-19 23:00:00,13640.0
2013-12-20 00:00:00,12599.0
2013-12-20 01:00:00,12061.0
2013-12-20 02:00:00,11800.0
2013-12-20 03:00:00,11777.0
2013-12-20 04:00:00,12119.0
2013-12-20 05:00:00,13209.0
2013-12-20 06:00:00,15192.0
2013-12-20 07:00:00,16285.0
2013-12-20 08:00:00,16380.0
2013-12-20 09:00:00,16277.0
2013-12-20 10:00:00,16116.0
2013-12-20 11:00:00,15859.0
2013-12-20 12:00:00,15527.0
2013-12-20 13:00:00,15447.0
2013-12-20 14:00:00,15428.0
2013-12-20 15:00:00,15657.0
2013-12-20 16:00:00,16868.0
2013-12-20 17:00:00,17680.0
2013-12-20 18:00:00,17453.0
2013-12-20 19:00:00,16961.0
2013-12-20 20:00:00,16414.0
2013-12-20 21:00:00,15556.0
2013-12-20 22:00:00,14370.0
2013-12-20 23:00:00,13044.0
2013-12-21 00:00:00,11987.0
2013-12-21 01:00:00,11373.0
2013-12-21 02:00:00,11041.0
2013-12-21 03:00:00,10925.0
2013-12-21 04:00:00,11025.0
2013-12-21 05:00:00,11462.0
2013-12-21 06:00:00,12279.0
2013-12-21 07:00:00,13182.0
2013-12-21 08:00:00,14107.0
2013-12-21 09:00:00,14648.0
2013-12-21 10:00:00,14772.0
2013-12-21 11:00:00,14636.0
2013-12-21 12:00:00,14363.0
2013-12-21 13:00:00,14124.0
2013-12-21 14:00:00,13986.0
2013-12-21 15:00:00,14196.0
2013-12-21 16:00:00,15479.0
2013-12-21 17:00:00,16361.0
2013-12-21 18:00:00,16136.0
2013-12-21 19:00:00,15683.0
2013-12-21 20:00:00,15193.0
2013-12-21 21:00:00,14474.0
2013-12-21 22:00:00,13484.0
2013-12-21 23:00:00,12318.0
2013-12-22 00:00:00,11357.0
2013-12-22 01:00:00,10755.0
2013-12-22 02:00:00,10412.0
2013-12-22 03:00:00,10266.0
2013-12-22 04:00:00,10293.0
2013-12-22 05:00:00,10555.0
2013-12-22 06:00:00,11137.0
2013-12-22 07:00:00,11934.0
2013-12-22 08:00:00,12943.0
2013-12-22 09:00:00,13784.0
2013-12-22 10:00:00,14239.0
2013-12-22 11:00:00,14505.0
2013-12-22 12:00:00,14617.0
2013-12-22 13:00:00,14539.0
2013-12-22 14:00:00,14478.0
2013-12-22 15:00:00,14667.0
2013-12-22 16:00:00,15811.0
2013-12-22 17:00:00,16530.0
2013-12-22 18:00:00,16401.0
2013-12-22 19:00:00,15989.0
2013-12-22 20:00:00,15533.0
2013-12-22 21:00:00,14637.0
2013-12-22 22:00:00,13419.0
2013-12-22 23:00:00,12190.0
2013-12-23 00:00:00,11218.0
2013-12-23 01:00:00,10706.0
2013-12-23 02:00:00,10471.0
2013-12-23 03:00:00,10451.0
2013-12-23 04:00:00,10764.0
2013-12-23 05:00:00,11690.0
2013-12-23 06:00:00,13131.0
2013-12-23 07:00:00,14493.0
2013-12-23 08:00:00,15408.0
2013-12-23 09:00:00,15966.0
2013-12-23 10:00:00,16254.0
2013-12-23 11:00:00,16333.0
2013-12-23 12:00:00,16269.0
2013-12-23 13:00:00,16220.0
2013-12-23 14:00:00,16190.0
2013-12-23 15:00:00,16345.0
2013-12-23 16:00:00,17250.0
2013-12-23 17:00:00,17779.0
2013-12-23 18:00:00,17537.0
2013-12-23 19:00:00,17122.0
2013-12-23 20:00:00,16593.0
2013-12-23 21:00:00,15707.0
2013-12-23 22:00:00,14428.0
2013-12-23 23:00:00,13045.0
2013-12-24 00:00:00,11928.0
2013-12-24 01:00:00,11330.0
2013-12-24 02:00:00,11059.0
2013-12-24 03:00:00,10994.0
2013-12-24 04:00:00,11284.0
2013-12-24 05:00:00,12069.0
2013-12-24 06:00:00,13372.0
2013-12-24 07:00:00,14561.0
2013-12-24 08:00:00,15475.0
2013-12-24 09:00:00,16069.0
2013-12-24 10:00:00,16287.0
2013-12-24 11:00:00,16167.0
2013-12-24 12:00:00,15777.0
2013-12-24 13:00:00,15496.0
2013-12-24 14:00:00,15454.0
2013-12-24 15:00:00,15661.0
2013-12-24 16:00:00,16760.0
2013-12-24 17:00:00,17254.0
2013-12-24 18:00:00,16527.0
2013-12-24 19:00:00,15888.0
2013-12-24 20:00:00,15498.0
2013-12-24 21:00:00,15101.0
2013-12-24 22:00:00,14558.0
2013-12-24 23:00:00,13760.0
2013-12-25 00:00:00,12905.0
2013-12-25 01:00:00,12366.0
2013-12-25 02:00:00,12084.0
2013-12-25 03:00:00,12066.0
2013-12-25 04:00:00,12190.0
2013-12-25 05:00:00,12666.0
2013-12-25 06:00:00,13381.0
2013-12-25 07:00:00,14184.0
2013-12-25 08:00:00,14982.0
2013-12-25 09:00:00,15426.0
2013-12-25 10:00:00,15532.0
2013-12-25 11:00:00,15509.0
2013-12-25 12:00:00,15328.0
2013-12-25 13:00:00,14949.0
2013-12-25 14:00:00,14697.0
2013-12-25 15:00:00,14828.0
2013-12-25 16:00:00,15719.0
2013-12-25 17:00:00,16337.0
2013-12-25 18:00:00,16304.0
2013-12-25 19:00:00,16240.0
2013-12-25 20:00:00,16117.0
2013-12-25 21:00:00,15611.0
2013-12-25 22:00:00,14708.0
2013-12-25 23:00:00,13654.0
2013-12-26 00:00:00,12836.0
2013-12-26 01:00:00,12416.0
2013-12-26 02:00:00,12193.0
2013-12-26 03:00:00,12170.0
2013-12-26 04:00:00,12400.0
2013-12-26 05:00:00,13142.0
2013-12-26 06:00:00,14336.0
2013-12-26 07:00:00,15412.0
2013-12-26 08:00:00,16235.0
2013-12-26 09:00:00,16940.0
2013-12-26 10:00:00,17310.0
2013-12-26 11:00:00,17447.0
2013-12-26 12:00:00,17380.0
2013-12-26 13:00:00,17236.0
2013-12-26 14:00:00,17030.0
2013-12-26 15:00:00,16981.0
2013-12-26 16:00:00,17895.0
2013-12-26 17:00:00,18820.0
2013-12-26 18:00:00,18680.0
2013-12-26 19:00:00,18189.0
2013-12-26 20:00:00,17564.0
2013-12-26 21:00:00,16593.0
2013-12-26 22:00:00,15308.0
2013-12-26 23:00:00,14039.0
2013-12-27 00:00:00,13122.0
2013-12-27 01:00:00,12612.0
2013-12-27 02:00:00,12378.0
2013-12-27 03:00:00,12363.0
2013-12-27 04:00:00,12662.0
2013-12-27 05:00:00,13481.0
2013-12-27 06:00:00,14736.0
2013-12-27 07:00:00,15721.0
2013-12-27 08:00:00,16361.0
2013-12-27 09:00:00,16640.0
2013-12-27 10:00:00,16743.0
2013-12-27 11:00:00,16734.0
2013-12-27 12:00:00,16561.0
2013-12-27 13:00:00,16380.0
2013-12-27 14:00:00,16164.0
2013-12-27 15:00:00,16164.0
2013-12-27 16:00:00,17305.0
2013-12-27 17:00:00,18383.0
2013-12-27 18:00:00,18142.0
2013-12-27 19:00:00,17662.0
2013-12-27 20:00:00,17093.0
2013-12-27 21:00:00,16206.0
2013-12-27 22:00:00,15018.0
2013-12-27 23:00:00,13794.0
2013-12-28 00:00:00,12866.0
2013-12-28 01:00:00,12354.0
2013-12-28 02:00:00,12082.0
2013-12-28 03:00:00,11984.0
2013-12-28 04:00:00,12077.0
2013-12-28 05:00:00,12489.0
2013-12-28 06:00:00,13163.0
2013-12-28 07:00:00,13838.0
2013-12-28 08:00:00,14604.0
2013-12-28 09:00:00,15253.0
2013-12-28 10:00:00,15565.0
2013-12-28 11:00:00,15520.0
2013-12-28 12:00:00,15123.0
2013-12-28 13:00:00,14627.0
2013-12-28 14:00:00,14362.0
2013-12-28 15:00:00,14450.0
2013-12-28 16:00:00,15570.0
2013-12-28 17:00:00,16663.0
2013-12-28 18:00:00,16565.0
2013-12-28 19:00:00,16204.0
2013-12-28 20:00:00,15764.0
2013-12-28 21:00:00,15028.0
2013-12-28 22:00:00,14067.0
2013-12-28 23:00:00,12982.0
2013-12-29 00:00:00,12102.0
2013-12-29 01:00:00,11599.0
2013-12-29 02:00:00,11287.0
2013-12-29 03:00:00,11159.0
2013-12-29 04:00:00,11186.0
2013-12-29 05:00:00,11464.0
2013-12-29 06:00:00,11973.0
2013-12-29 07:00:00,12597.0
2013-12-29 08:00:00,13445.0
2013-12-29 09:00:00,14242.0
2013-12-29 10:00:00,14710.0
2013-12-29 11:00:00,14984.0
2013-12-29 12:00:00,15165.0
2013-12-29 13:00:00,15229.0
2013-12-29 14:00:00,15285.0
2013-12-29 15:00:00,15589.0
2013-12-29 16:00:00,16662.0
2013-12-29 17:00:00,17169.0
2013-12-29 18:00:00,16939.0
2013-12-29 19:00:00,16400.0
2013-12-29 20:00:00,15890.0
2013-12-29 21:00:00,14896.0
2013-12-29 22:00:00,13727.0
2013-12-29 23:00:00,12579.0
2013-12-30 00:00:00,11726.0
2013-12-30 01:00:00,11262.0
2013-12-30 02:00:00,11084.0
2013-12-30 03:00:00,11113.0
2013-12-30 04:00:00,11456.0
2013-12-30 05:00:00,12315.0
2013-12-30 06:00:00,13686.0
2013-12-30 07:00:00,14751.0
2013-12-30 08:00:00,15434.0
2013-12-30 09:00:00,15896.0
2013-12-30 10:00:00,16182.0
2013-12-30 11:00:00,16236.0
2013-12-30 12:00:00,16046.0
2013-12-30 13:00:00,16001.0
2013-12-30 14:00:00,16002.0
2013-12-30 15:00:00,16211.0
2013-12-30 16:00:00,17458.0
2013-12-30 17:00:00,18706.0
2013-12-30 18:00:00,18649.0
2013-12-30 19:00:00,18268.0
2013-12-30 20:00:00,17727.0
2013-12-30 21:00:00,16758.0
2013-12-30 22:00:00,15526.0
2013-12-30 23:00:00,14313.0
2013-12-31 00:00:00,13429.0
2013-12-31 01:00:00,13009.0
2013-12-31 02:00:00,12795.0
2013-12-31 03:00:00,12795.0
2013-12-31 04:00:00,13098.0
2013-12-31 05:00:00,13974.0
2013-12-31 06:00:00,15320.0
2013-12-31 07:00:00,16375.0
2013-12-31 08:00:00,16991.0
2013-12-31 09:00:00,17351.0
2013-12-31 10:00:00,17430.0
2013-12-31 11:00:00,17306.0
2013-12-31 12:00:00,17050.0
2013-12-31 13:00:00,16907.0
2013-12-31 14:00:00,16767.0
2013-12-31 15:00:00,16868.0
2013-12-31 16:00:00,17963.0
2013-12-31 17:00:00,18990.0
2013-12-31 18:00:00,18538.0
2013-12-31 19:00:00,17711.0
2013-12-31 20:00:00,16938.0
2013-12-31 21:00:00,16172.0
2013-12-31 22:00:00,15355.0
2013-12-31 23:00:00,14605.0
2014-01-01 00:00:00,13821.0
2014-01-01 01:00:00,13280.0
2014-01-01 02:00:00,12885.0
2014-01-01 03:00:00,12729.0
2014-01-01 04:00:00,12779.0
2014-01-01 05:00:00,13137.0
2014-01-01 06:00:00,13633.0
2014-01-01 07:00:00,13968.0
2014-01-01 08:00:00,14498.0
2014-01-01 09:00:00,15023.0
2014-01-01 10:00:00,15407.0
2014-01-01 11:00:00,15614.0
2014-01-01 12:00:00,15671.0
2014-01-01 13:00:00,15548.0
2014-01-01 14:00:00,15505.0
2014-01-01 15:00:00,15735.0
2014-01-01 16:00:00,17002.0
2014-01-01 17:00:00,18231.0
2014-01-01 18:00:00,18149.0
2014-01-01 19:00:00,17750.0
2014-01-01 20:00:00,17156.0
2014-01-01 21:00:00,16159.0
2014-01-01 22:00:00,14912.0
2014-01-01 23:00:00,13783.0
2014-01-02 00:00:00,13041.0
2014-01-02 01:00:00,12682.0
2014-01-02 02:00:00,12517.0
2014-01-02 03:00:00,12589.0
2014-01-02 04:00:00,12991.0
2014-01-02 05:00:00,14056.0
2014-01-02 06:00:00,15752.0
2014-01-02 07:00:00,16993.0
2014-01-02 08:00:00,17564.0
2014-01-02 09:00:00,18070.0
2014-01-02 10:00:00,18468.0
2014-01-02 11:00:00,18755.0
2014-01-02 12:00:00,18833.0
2014-01-02 13:00:00,18854.0
2014-01-02 14:00:00,18785.0
2014-01-02 15:00:00,18818.0
2014-01-02 16:00:00,19868.0
2014-01-02 17:00:00,20794.0
2014-01-02 18:00:00,20514.0
2014-01-02 19:00:00,19887.0
2014-01-02 20:00:00,19130.0
2014-01-02 21:00:00,18057.0
2014-01-02 22:00:00,16807.0
2014-01-02 23:00:00,15683.0
2014-01-03 00:00:00,14922.0
2014-01-03 01:00:00,14443.0
2014-01-03 02:00:00,14268.0
2014-01-03 03:00:00,14269.0
2014-01-03 04:00:00,14530.0
2014-01-03 05:00:00,15219.0
2014-01-03 06:00:00,16238.0
2014-01-03 07:00:00,17051.0
2014-01-03 08:00:00,17806.0
2014-01-03 09:00:00,18424.0
2014-01-03 10:00:00,18811.0
2014-01-03 11:00:00,18897.0
2014-01-03 12:00:00,18840.0
2014-01-03 13:00:00,18686.0
2014-01-03 14:00:00,18492.0
2014-01-03 15:00:00,18553.0
2014-01-03 16:00:00,19607.0
2014-01-03 17:00:00,20833.0
2014-01-03 18:00:00,20644.0
2014-01-03 19:00:00,20109.0
2014-01-03 20:00:00,19508.0
2014-01-03 21:00:00,18600.0
2014-01-03 22:00:00,17444.0
2014-01-03 23:00:00,16330.0
2014-01-04 00:00:00,15490.0
2014-01-04 01:00:00,15007.0
2014-01-04 02:00:00,14741.0
2014-01-04 03:00:00,14689.0
2014-01-04 04:00:00,14834.0
2014-01-04 05:00:00,15246.0
2014-01-04 06:00:00,15953.0
2014-01-04 07:00:00,16642.0
2014-01-04 08:00:00,17441.0
2014-01-04 09:00:00,17926.0
2014-01-04 10:00:00,17987.0
2014-01-04 11:00:00,17776.0
2014-01-04 12:00:00,17429.0
2014-01-04 13:00:00,17043.0
2014-01-04 14:00:00,16784.0
2014-01-04 15:00:00,16837.0
2014-01-04 16:00:00,17866.0
2014-01-04 17:00:00,19026.0
2014-01-04 18:00:00,18841.0
2014-01-04 19:00:00,18320.0
2014-01-04 20:00:00,17811.0
2014-01-04 21:00:00,16994.0
2014-01-04 22:00:00,15975.0
2014-01-04 23:00:00,14887.0
2014-01-05 00:00:00,14005.0
2014-01-05 01:00:00,13468.0
2014-01-05 02:00:00,13156.0
2014-01-05 03:00:00,13060.0
2014-01-05 04:00:00,13120.0
2014-01-05 05:00:00,13399.0
2014-01-05 06:00:00,13940.0
2014-01-05 07:00:00,14493.0
2014-01-05 08:00:00,15215.0
2014-01-05 09:00:00,15763.0
2014-01-05 10:00:00,16035.0
2014-01-05 11:00:00,16133.0
2014-01-05 12:00:00,16098.0
2014-01-05 13:00:00,15975.0
2014-01-05 14:00:00,15901.0
2014-01-05 15:00:00,16141.0
2014-01-05 16:00:00,17347.0
2014-01-05 17:00:00,18283.0
2014-01-05 18:00:00,18058.0
2014-01-05 19:00:00,17427.0
2014-01-05 20:00:00,16710.0
2014-01-05 21:00:00,15517.0
2014-01-05 22:00:00,14213.0
2014-01-05 23:00:00,13054.0
2014-01-06 00:00:00,12231.0
2014-01-06 01:00:00,11758.0
2014-01-06 02:00:00,11535.0
2014-01-06 03:00:00,11497.0
2014-01-06 04:00:00,11774.0
2014-01-06 05:00:00,12762.0
2014-01-06 06:00:00,14577.0
2014-01-06 07:00:00,15708.0
2014-01-06 08:00:00,15929.0
2014-01-06 09:00:00,16102.0
2014-01-06 10:00:00,16273.0
2014-01-06 11:00:00,16314.0
2014-01-06 12:00:00,16175.0
2014-01-06 13:00:00,16098.0
2014-01-06 14:00:00,16045.0
2014-01-06 15:00:00,16231.0
2014-01-06 16:00:00,17155.0
2014-01-06 17:00:00,18240.0
2014-01-06 18:00:00,18221.0
2014-01-06 19:00:00,17849.0
2014-01-06 20:00:00,17251.0
2014-01-06 21:00:00,16203.0
2014-01-06 22:00:00,14858.0
2014-01-06 23:00:00,13713.0
2014-01-07 00:00:00,12990.0
2014-01-07 01:00:00,12669.0
2014-01-07 02:00:00,12609.0
2014-01-07 03:00:00,12802.0
2014-01-07 04:00:00,13398.0
2014-01-07 05:00:00,14657.0
2014-01-07 06:00:00,16844.0
2014-01-07 07:00:00,18011.0
2014-01-07 08:00:00,18187.0
2014-01-07 09:00:00,18246.0
2014-01-07 10:00:00,18315.0
2014-01-07 11:00:00,18294.0
2014-01-07 12:00:00,18191.0
2014-01-07 13:00:00,18133.0
2014-01-07 14:00:00,18072.0
2014-01-07 15:00:00,18347.0
2014-01-07 16:00:00,19505.0
2014-01-07 17:00:00,20903.0
2014-01-07 18:00:00,20986.0
2014-01-07 19:00:00,20630.0
2014-01-07 20:00:00,19984.0
2014-01-07 21:00:00,18859.0
2014-01-07 22:00:00,17337.0
2014-01-07 23:00:00,16051.0
2014-01-08 00:00:00,15243.0
2014-01-08 01:00:00,14812.0
2014-01-08 02:00:00,14641.0
2014-01-08 03:00:00,14637.0
2014-01-08 04:00:00,15000.0
2014-01-08 05:00:00,16079.0
2014-01-08 06:00:00,18074.0
2014-01-08 07:00:00,19097.0
2014-01-08 08:00:00,19069.0
2014-01-08 09:00:00,18923.0
2014-01-08 10:00:00,18763.0
2014-01-08 11:00:00,18496.0
2014-01-08 12:00:00,18167.0
2014-01-08 13:00:00,17967.0
2014-01-08 14:00:00,17796.0
2014-01-08 15:00:00,17942.0
2014-01-08 16:00:00,19034.0
2014-01-08 17:00:00,20334.0
2014-01-08 18:00:00,20357.0
2014-01-08 19:00:00,19986.0
2014-01-08 20:00:00,19335.0
2014-01-08 21:00:00,18134.0
2014-01-08 22:00:00,16604.0
2014-01-08 23:00:00,15255.0
2014-01-09 00:00:00,14417.0
2014-01-09 01:00:00,13974.0
2014-01-09 02:00:00,13801.0
2014-01-09 03:00:00,13823.0
2014-01-09 04:00:00,14158.0
2014-01-09 05:00:00,15281.0
2014-01-09 06:00:00,17320.0
2014-01-09 07:00:00,18321.0
2014-01-09 08:00:00,18248.0
2014-01-09 09:00:00,18063.0
2014-01-09 10:00:00,17905.0
2014-01-09 11:00:00,17659.0
2014-01-09 12:00:00,17348.0
2014-01-09 13:00:00,17185.0
2014-01-09 14:00:00,17007.0
2014-01-09 15:00:00,17150.0
2014-01-09 16:00:00,18147.0
2014-01-09 17:00:00,19516.0
2014-01-09 18:00:00,19574.0
2014-01-09 19:00:00,19242.0
2014-01-09 20:00:00,18692.0
2014-01-09 21:00:00,17617.0
2014-01-09 22:00:00,16244.0
2014-01-09 23:00:00,15014.0
2014-01-10 00:00:00,14254.0
2014-01-10 01:00:00,13869.0
2014-01-10 02:00:00,13650.0
2014-01-10 03:00:00,13601.0
2014-01-10 04:00:00,13892.0
2014-01-10 05:00:00,14910.0
2014-01-10 06:00:00,16736.0
2014-01-10 07:00:00,17822.0
2014-01-10 08:00:00,17972.0
2014-01-10 09:00:00,18065.0
2014-01-10 10:00:00,18155.0
2014-01-10 11:00:00,18085.0
2014-01-10 12:00:00,17846.0
2014-01-10 13:00:00,17655.0
2014-01-10 14:00:00,17345.0
2014-01-10 15:00:00,17251.0
2014-01-10 16:00:00,17916.0
2014-01-10 17:00:00,18649.0
2014-01-10 18:00:00,18326.0
2014-01-10 19:00:00,17724.0
2014-01-10 20:00:00,17046.0
2014-01-10 21:00:00,16094.0
2014-01-10 22:00:00,14933.0
2014-01-10 23:00:00,13695.0
2014-01-11 00:00:00,12755.0
2014-01-11 01:00:00,12226.0
2014-01-11 02:00:00,11892.0
2014-01-11 03:00:00,11760.0
2014-01-11 04:00:00,11801.0
2014-01-11 05:00:00,12135.0
2014-01-11 06:00:00,12813.0
2014-01-11 07:00:00,13619.0
2014-01-11 08:00:00,14541.0
2014-01-11 09:00:00,15302.0
2014-01-11 10:00:00,15689.0
2014-01-11 11:00:00,15805.0
2014-01-11 12:00:00,15711.0
2014-01-11 13:00:00,15482.0
2014-01-11 14:00:00,15266.0
2014-01-11 15:00:00,15358.0
2014-01-11 16:00:00,16052.0
2014-01-11 17:00:00,16516.0
2014-01-11 18:00:00,16198.0
2014-01-11 19:00:00,15596.0
2014-01-11 20:00:00,14973.0
2014-01-11 21:00:00,14128.0
2014-01-11 22:00:00,13230.0
2014-01-11 23:00:00,12263.0
2014-01-12 00:00:00,11361.0
2014-01-12 01:00:00,10729.0
2014-01-12 02:00:00,10410.0
2014-01-12 03:00:00,10288.0
2014-01-12 04:00:00,10340.0
2014-01-12 05:00:00,10652.0
2014-01-12 06:00:00,11254.0
2014-01-12 07:00:00,11889.0
2014-01-12 08:00:00,12789.0
2014-01-12 09:00:00,13548.0
2014-01-12 10:00:00,14031.0
2014-01-12 11:00:00,14216.0
2014-01-12 12:00:00,14345.0
2014-01-12 13:00:00,14390.0
2014-01-12 14:00:00,14342.0
2014-01-12 15:00:00,14521.0
2014-01-12 16:00:00,15608.0
2014-01-12 17:00:00,16871.0
2014-01-12 18:00:00,16832.0
2014-01-12 19:00:00,16342.0
2014-01-12 20:00:00,15719.0
2014-01-12 21:00:00,14685.0
2014-01-12 22:00:00,13536.0
2014-01-12 23:00:00,12458.0
2014-01-13 00:00:00,11758.0
2014-01-13 01:00:00,11442.0
2014-01-13 02:00:00,11323.0
2014-01-13 03:00:00,11401.0
2014-01-13 04:00:00,11824.0
2014-01-13 05:00:00,13026.0
2014-01-13 06:00:00,15130.0
2014-01-13 07:00:00,16166.0
2014-01-13 08:00:00,16145.0
2014-01-13 09:00:00,15990.0
2014-01-13 10:00:00,15907.0
2014-01-13 11:00:00,15763.0
2014-01-13 12:00:00,15542.0
2014-01-13 13:00:00,15469.0
2014-01-13 14:00:00,15333.0
2014-01-13 15:00:00,15489.0
2014-01-13 16:00:00,16461.0
2014-01-13 17:00:00,17663.0
2014-01-13 18:00:00,17587.0
2014-01-13 19:00:00,17085.0
2014-01-13 20:00:00,16356.0
2014-01-13 21:00:00,15165.0
2014-01-13 22:00:00,13717.0
2014-01-13 23:00:00,12462.0
2014-01-14 00:00:00,11616.0
2014-01-14 01:00:00,11160.0
2014-01-14 02:00:00,10913.0
2014-01-14 03:00:00,10879.0
2014-01-14 04:00:00,11204.0
2014-01-14 05:00:00,12267.0
2014-01-14 06:00:00,14257.0
2014-01-14 07:00:00,15442.0
2014-01-14 08:00:00,15616.0
2014-01-14 09:00:00,15766.0
2014-01-14 10:00:00,15959.0
2014-01-14 11:00:00,16024.0
2014-01-14 12:00:00,16049.0
2014-01-14 13:00:00,16046.0
2014-01-14 14:00:00,15935.0
2014-01-14 15:00:00,16100.0
2014-01-14 16:00:00,16909.0
2014-01-14 17:00:00,17590.0
2014-01-14 18:00:00,17403.0
2014-01-14 19:00:00,16904.0
2014-01-14 20:00:00,16210.0
2014-01-14 21:00:00,15056.0
2014-01-14 22:00:00,13625.0
2014-01-14 23:00:00,12396.0
2014-01-15 00:00:00,11613.0
2014-01-15 01:00:00,11197.0
2014-01-15 02:00:00,11052.0
2014-01-15 03:00:00,11103.0
2014-01-15 04:00:00,11498.0
2014-01-15 05:00:00,12681.0
2014-01-15 06:00:00,14715.0
2014-01-15 07:00:00,15754.0
2014-01-15 08:00:00,15773.0
2014-01-15 09:00:00,15691.0
2014-01-15 10:00:00,15591.0
2014-01-15 11:00:00,15419.0
2014-01-15 12:00:00,15220.0
2014-01-15 13:00:00,15189.0
2014-01-15 14:00:00,15161.0
2014-01-15 15:00:00,15284.0
2014-01-15 16:00:00,16123.0
2014-01-15 17:00:00,17451.0
2014-01-15 18:00:00,17455.0
2014-01-15 19:00:00,17043.0
2014-01-15 20:00:00,16433.0
2014-01-15 21:00:00,15346.0
2014-01-15 22:00:00,13974.0
2014-01-15 23:00:00,12714.0
2014-01-16 00:00:00,11881.0
2014-01-16 01:00:00,11451.0
2014-01-16 02:00:00,11254.0
2014-01-16 03:00:00,11251.0
2014-01-16 04:00:00,11605.0
2014-01-16 05:00:00,12737.0
2014-01-16 06:00:00,14760.0
2014-01-16 07:00:00,15934.0
2014-01-16 08:00:00,16088.0
2014-01-16 09:00:00,16227.0
2014-01-16 10:00:00,16383.0
2014-01-16 11:00:00,16418.0
2014-01-16 12:00:00,16334.0
2014-01-16 13:00:00,16259.0
2014-01-16 14:00:00,16146.0
2014-01-16 15:00:00,16220.0
2014-01-16 16:00:00,16910.0
2014-01-16 17:00:00,17868.0
2014-01-16 18:00:00,17764.0
2014-01-16 19:00:00,17310.0
2014-01-16 20:00:00,16642.0
2014-01-16 21:00:00,15561.0
2014-01-16 22:00:00,14145.0
2014-01-16 23:00:00,12851.0
2014-01-17 00:00:00,12023.0
2014-01-17 01:00:00,11610.0
2014-01-17 02:00:00,11396.0
2014-01-17 03:00:00,11385.0
2014-01-17 04:00:00,11741.0
2014-01-17 05:00:00,12832.0
2014-01-17 06:00:00,14825.0
2014-01-17 07:00:00,15903.0
2014-01-17 08:00:00,16009.0
2014-01-17 09:00:00,15922.0
2014-01-17 10:00:00,15840.0
2014-01-17 11:00:00,15679.0
2014-01-17 12:00:00,15425.0
2014-01-17 13:00:00,15265.0
2014-01-17 14:00:00,15109.0
2014-01-17 15:00:00,15159.0
2014-01-17 16:00:00,15885.0
2014-01-17 17:00:00,17073.0
2014-01-17 18:00:00,16993.0
2014-01-17 19:00:00,16542.0
2014-01-17 20:00:00,16007.0
2014-01-17 21:00:00,15215.0
2014-01-17 22:00:00,14122.0
2014-01-17 23:00:00,13020.0
2014-01-18 00:00:00,12130.0
2014-01-18 01:00:00,11665.0
2014-01-18 02:00:00,11393.0
2014-01-18 03:00:00,11284.0
2014-01-18 04:00:00,11384.0
2014-01-18 05:00:00,11807.0
2014-01-18 06:00:00,12534.0
2014-01-18 07:00:00,13439.0
2014-01-18 08:00:00,14439.0
2014-01-18 09:00:00,15202.0
2014-01-18 10:00:00,15625.0
2014-01-18 11:00:00,15800.0
2014-01-18 12:00:00,15794.0
2014-01-18 13:00:00,15631.0
2014-01-18 14:00:00,15441.0
2014-01-18 15:00:00,15369.0
2014-01-18 16:00:00,15955.0
2014-01-18 17:00:00,16945.0
2014-01-18 18:00:00,16788.0
2014-01-18 19:00:00,16264.0
2014-01-18 20:00:00,15694.0
2014-01-18 21:00:00,14913.0
2014-01-18 22:00:00,13975.0
2014-01-18 23:00:00,12993.0
2014-01-19 00:00:00,12196.0
2014-01-19 01:00:00,11710.0
2014-01-19 02:00:00,11425.0
2014-01-19 03:00:00,11334.0
2014-01-19 04:00:00,11385.0
2014-01-19 05:00:00,11694.0
2014-01-19 06:00:00,12262.0
2014-01-19 07:00:00,13012.0
2014-01-19 08:00:00,13973.0
2014-01-19 09:00:00,14742.0
2014-01-19 10:00:00,15101.0
2014-01-19 11:00:00,15319.0
2014-01-19 12:00:00,15321.0
2014-01-19 13:00:00,15146.0
2014-01-19 14:00:00,15048.0
2014-01-19 15:00:00,15037.0
2014-01-19 16:00:00,15741.0
2014-01-19 17:00:00,16824.0
2014-01-19 18:00:00,16966.0
2014-01-19 19:00:00,16527.0
2014-01-19 20:00:00,15987.0
2014-01-19 21:00:00,15102.0
2014-01-19 22:00:00,14082.0
2014-01-19 23:00:00,13065.0
2014-01-20 00:00:00,12299.0
2014-01-20 01:00:00,11878.0
2014-01-20 02:00:00,11686.0
2014-01-20 03:00:00,11676.0
2014-01-20 04:00:00,11983.0
2014-01-20 05:00:00,12800.0
2014-01-20 06:00:00,14093.0
2014-01-20 07:00:00,15059.0
2014-01-20 08:00:00,15825.0
2014-01-20 09:00:00,16344.0
2014-01-20 10:00:00,16608.0
2014-01-20 11:00:00,16580.0
2014-01-20 12:00:00,16409.0
2014-01-20 13:00:00,16280.0
2014-01-20 14:00:00,16178.0
2014-01-20 15:00:00,16199.0
2014-01-20 16:00:00,16921.0
2014-01-20 17:00:00,18225.0
2014-01-20 18:00:00,18189.0
2014-01-20 19:00:00,17737.0
2014-01-20 20:00:00,17088.0
2014-01-20 21:00:00,16072.0
2014-01-20 22:00:00,14801.0
2014-01-20 23:00:00,13667.0
2014-01-21 00:00:00,12983.0
2014-01-21 01:00:00,12662.0
2014-01-21 02:00:00,12545.0
2014-01-21 03:00:00,12631.0
2014-01-21 04:00:00,13092.0
2014-01-21 05:00:00,14336.0
2014-01-21 06:00:00,16463.0
2014-01-21 07:00:00,17584.0
2014-01-21 08:00:00,17765.0
2014-01-21 09:00:00,17876.0
2014-01-21 10:00:00,18025.0
2014-01-21 11:00:00,18119.0
2014-01-21 12:00:00,18109.0
2014-01-21 13:00:00,18189.0
2014-01-21 14:00:00,18239.0
2014-01-21 15:00:00,18447.0
2014-01-21 16:00:00,19270.0
2014-01-21 17:00:00,20424.0
2014-01-21 18:00:00,20413.0
2014-01-21 19:00:00,19846.0
2014-01-21 20:00:00,19051.0
2014-01-21 21:00:00,17879.0
2014-01-21 22:00:00,16518.0
2014-01-21 23:00:00,15357.0
2014-01-22 00:00:00,14624.0
2014-01-22 01:00:00,14260.0
2014-01-22 02:00:00,14099.0
2014-01-22 03:00:00,14120.0
2014-01-22 04:00:00,14490.0
2014-01-22 05:00:00,15497.0
2014-01-22 06:00:00,17096.0
2014-01-22 07:00:00,18182.0
2014-01-22 08:00:00,18764.0
2014-01-22 09:00:00,19046.0
2014-01-22 10:00:00,19183.0
2014-01-22 11:00:00,19088.0
2014-01-22 12:00:00,18859.0
2014-01-22 13:00:00,18619.0
2014-01-22 14:00:00,18365.0
2014-01-22 15:00:00,18352.0
2014-01-22 16:00:00,19044.0
2014-01-22 17:00:00,20524.0
2014-01-22 18:00:00,20621.0
2014-01-22 19:00:00,20198.0
2014-01-22 20:00:00,19562.0
2014-01-22 21:00:00,18399.0
2014-01-22 22:00:00,16976.0
2014-01-22 23:00:00,15741.0
2014-01-23 00:00:00,15010.0
2014-01-23 01:00:00,14653.0
2014-01-23 02:00:00,14492.0
2014-01-23 03:00:00,14540.0
2014-01-23 04:00:00,14919.0
2014-01-23 05:00:00,16041.0
2014-01-23 06:00:00,18004.0
2014-01-23 07:00:00,18986.0
2014-01-23 08:00:00,19072.0
2014-01-23 09:00:00,18990.0
2014-01-23 10:00:00,18793.0
2014-01-23 11:00:00,18525.0
2014-01-23 12:00:00,18155.0
2014-01-23 13:00:00,17926.0
2014-01-23 14:00:00,17761.0
2014-01-23 15:00:00,17870.0
2014-01-23 16:00:00,18613.0
2014-01-23 17:00:00,20047.0
2014-01-23 18:00:00,20199.0
2014-01-23 19:00:00,19876.0
2014-01-23 20:00:00,19325.0
2014-01-23 21:00:00,18199.0
2014-01-23 22:00:00,16795.0
2014-01-23 23:00:00,15585.0
2014-01-24 00:00:00,14845.0
2014-01-24 01:00:00,14503.0
2014-01-24 02:00:00,14368.0
2014-01-24 03:00:00,14406.0
2014-01-24 04:00:00,14780.0
2014-01-24 05:00:00,15891.0
2014-01-24 06:00:00,17851.0
2014-01-24 07:00:00,18906.0
2014-01-24 08:00:00,18935.0
2014-01-24 09:00:00,18843.0
2014-01-24 10:00:00,18687.0
2014-01-24 11:00:00,18509.0
2014-01-24 12:00:00,18208.0
2014-01-24 13:00:00,18008.0
2014-01-24 14:00:00,17754.0
2014-01-24 15:00:00,17764.0
2014-01-24 16:00:00,18379.0
2014-01-24 17:00:00,19654.0
2014-01-24 18:00:00,19667.0
2014-01-24 19:00:00,19245.0
2014-01-24 20:00:00,18718.0
2014-01-24 21:00:00,17803.0
2014-01-24 22:00:00,16624.0
2014-01-24 23:00:00,15460.0
2014-01-25 00:00:00,14588.0
2014-01-25 01:00:00,14100.0
2014-01-25 02:00:00,13824.0
2014-01-25 03:00:00,13704.0
2014-01-25 04:00:00,13783.0
2014-01-25 05:00:00,14145.0
2014-01-25 06:00:00,14874.0
2014-01-25 07:00:00,15598.0
2014-01-25 08:00:00,16439.0
2014-01-25 09:00:00,16918.0
2014-01-25 10:00:00,17032.0
2014-01-25 11:00:00,16989.0
2014-01-25 12:00:00,16795.0
2014-01-25 13:00:00,16549.0
2014-01-25 14:00:00,16366.0
2014-01-25 15:00:00,16346.0
2014-01-25 16:00:00,16914.0
2014-01-25 17:00:00,17902.0
2014-01-25 18:00:00,17776.0
2014-01-25 19:00:00,17258.0
2014-01-25 20:00:00,16713.0
2014-01-25 21:00:00,15926.0
2014-01-25 22:00:00,14971.0
2014-01-25 23:00:00,14008.0
2014-01-26 00:00:00,13262.0
2014-01-26 01:00:00,12819.0
2014-01-26 02:00:00,12621.0
2014-01-26 03:00:00,12569.0
2014-01-26 04:00:00,12784.0
2014-01-26 05:00:00,13206.0
2014-01-26 06:00:00,13891.0
2014-01-26 07:00:00,14573.0
2014-01-26 08:00:00,15437.0
2014-01-26 09:00:00,16060.0
2014-01-26 10:00:00,16359.0
2014-01-26 11:00:00,16462.0
2014-01-26 12:00:00,16404.0
2014-01-26 13:00:00,16343.0
2014-01-26 14:00:00,16457.0
2014-01-26 15:00:00,16772.0
2014-01-26 16:00:00,17582.0
2014-01-26 17:00:00,18868.0
2014-01-26 18:00:00,18925.0
2014-01-26 19:00:00,18431.0
2014-01-26 20:00:00,17729.0
2014-01-26 21:00:00,16581.0
2014-01-26 22:00:00,15299.0
2014-01-26 23:00:00,14123.0
2014-01-27 00:00:00,13341.0
2014-01-27 01:00:00,12925.0
2014-01-27 02:00:00,12729.0
2014-01-27 03:00:00,12727.0
2014-01-27 04:00:00,13052.0
2014-01-27 05:00:00,14139.0
2014-01-27 06:00:00,16074.0
2014-01-27 07:00:00,17065.0
2014-01-27 08:00:00,17091.0
2014-01-27 09:00:00,17088.0
2014-01-27 10:00:00,17119.0
2014-01-27 11:00:00,17067.0
2014-01-27 12:00:00,16978.0
2014-01-27 13:00:00,16812.0
2014-01-27 14:00:00,16558.0
2014-01-27 15:00:00,16765.0
2014-01-27 16:00:00,17635.0
2014-01-27 17:00:00,18961.0
2014-01-27 18:00:00,19095.0
2014-01-27 19:00:00,18716.0
2014-01-27 20:00:00,18094.0
2014-01-27 21:00:00,17017.0
2014-01-27 22:00:00,15602.0
2014-01-27 23:00:00,14404.0
2014-01-28 00:00:00,13692.0
2014-01-28 01:00:00,13340.0
2014-01-28 02:00:00,13262.0
2014-01-28 03:00:00,13380.0
2014-01-28 04:00:00,13871.0
2014-01-28 05:00:00,15111.0
2014-01-28 06:00:00,17225.0
2014-01-28 07:00:00,18201.0
2014-01-28 08:00:00,18244.0
2014-01-28 09:00:00,18179.0
2014-01-28 10:00:00,18051.0
2014-01-28 11:00:00,17864.0
2014-01-28 12:00:00,17621.0
2014-01-28 13:00:00,17576.0
2014-01-28 14:00:00,17564.0
2014-01-28 15:00:00,17745.0
2014-01-28 16:00:00,18493.0
2014-01-28 17:00:00,19824.0
2014-01-28 18:00:00,19948.0
2014-01-28 19:00:00,19554.0
2014-01-28 20:00:00,18897.0
2014-01-28 21:00:00,17750.0
2014-01-28 22:00:00,16281.0
2014-01-28 23:00:00,14974.0
2014-01-29 00:00:00,14128.0
2014-01-29 01:00:00,13736.0
2014-01-29 02:00:00,13560.0
2014-01-29 03:00:00,13579.0
2014-01-29 04:00:00,13966.0
2014-01-29 05:00:00,15112.0
2014-01-29 06:00:00,17106.0
2014-01-29 07:00:00,18146.0
2014-01-29 08:00:00,18262.0
2014-01-29 09:00:00,18217.0
2014-01-29 10:00:00,17965.0
2014-01-29 11:00:00,17654.0
2014-01-29 12:00:00,17333.0
2014-01-29 13:00:00,17130.0
2014-01-29 14:00:00,17000.0
2014-01-29 15:00:00,17083.0
2014-01-29 16:00:00,17825.0
2014-01-29 17:00:00,19331.0
2014-01-29 18:00:00,19619.0
2014-01-29 19:00:00,19314.0
2014-01-29 20:00:00,18697.0
2014-01-29 21:00:00,17575.0
2014-01-29 22:00:00,16178.0
2014-01-29 23:00:00,14946.0
2014-01-30 00:00:00,14195.0
2014-01-30 01:00:00,13842.0
2014-01-30 02:00:00,13692.0
2014-01-30 03:00:00,13747.0
2014-01-30 04:00:00,14197.0
2014-01-30 05:00:00,15387.0
2014-01-30 06:00:00,17432.0
2014-01-30 07:00:00,18377.0
2014-01-30 08:00:00,18307.0
2014-01-30 09:00:00,18042.0
2014-01-30 10:00:00,17805.0
2014-01-30 11:00:00,17469.0
2014-01-30 12:00:00,17081.0
2014-01-30 13:00:00,16921.0
2014-01-30 14:00:00,16712.0
2014-01-30 15:00:00,16837.0
2014-01-30 16:00:00,17472.0
2014-01-30 17:00:00,18973.0
2014-01-30 18:00:00,19269.0
2014-01-30 19:00:00,18952.0
2014-01-30 20:00:00,18379.0
2014-01-30 21:00:00,17304.0
2014-01-30 22:00:00,15869.0
2014-01-30 23:00:00,14630.0
2014-01-31 00:00:00,13800.0
2014-01-31 01:00:00,13307.0
2014-01-31 02:00:00,13035.0
2014-01-31 03:00:00,12961.0
2014-01-31 04:00:00,13253.0
2014-01-31 05:00:00,14302.0
2014-01-31 06:00:00,16197.0
2014-01-31 07:00:00,17182.0
2014-01-31 08:00:00,17261.0
2014-01-31 09:00:00,17183.0
2014-01-31 10:00:00,17076.0
2014-01-31 11:00:00,16758.0
2014-01-31 12:00:00,16324.0
2014-01-31 13:00:00,16115.0
2014-01-31 14:00:00,16035.0
2014-01-31 15:00:00,16056.0
2014-01-31 16:00:00,16508.0
2014-01-31 17:00:00,17606.0
2014-01-31 18:00:00,17599.0
2014-01-31 19:00:00,17113.0
2014-01-31 20:00:00,16530.0
2014-01-31 21:00:00,15687.0
2014-01-31 22:00:00,14551.0
2014-01-31 23:00:00,13425.0
2014-02-01 00:00:00,12590.0
2014-02-01 01:00:00,12105.0
2014-02-01 02:00:00,11863.0
2014-02-01 03:00:00,11775.0
2014-02-01 04:00:00,11898.0
2014-02-01 05:00:00,12324.0
2014-02-01 06:00:00,13123.0
2014-02-01 07:00:00,13916.0
2014-02-01 08:00:00,14730.0
2014-02-01 09:00:00,15063.0
2014-02-01 10:00:00,15075.0
2014-02-01 11:00:00,14904.0
2014-02-01 12:00:00,14631.0
2014-02-01 13:00:00,14368.0
2014-02-01 14:00:00,14278.0
2014-02-01 15:00:00,14443.0
2014-02-01 16:00:00,15086.0
2014-02-01 17:00:00,16275.0
2014-02-01 18:00:00,16342.0
2014-02-01 19:00:00,15914.0
2014-02-01 20:00:00,15424.0
2014-02-01 21:00:00,14693.0
2014-02-01 22:00:00,13746.0
2014-02-01 23:00:00,12754.0
2014-02-02 00:00:00,11940.0
2014-02-02 01:00:00,11439.0
2014-02-02 02:00:00,11161.0
2014-02-02 03:00:00,11028.0
2014-02-02 04:00:00,11062.0
2014-02-02 05:00:00,11337.0
2014-02-02 06:00:00,11907.0
2014-02-02 07:00:00,12518.0
2014-02-02 08:00:00,13373.0
2014-02-02 09:00:00,13992.0
2014-02-02 10:00:00,14248.0
2014-02-02 11:00:00,14317.0
2014-02-02 12:00:00,14362.0
2014-02-02 13:00:00,14530.0
2014-02-02 14:00:00,14653.0
2014-02-02 15:00:00,14843.0
2014-02-02 16:00:00,15513.0
2014-02-02 17:00:00,16527.0
2014-02-02 18:00:00,16216.0
2014-02-02 19:00:00,15423.0
2014-02-02 20:00:00,14886.0
2014-02-02 21:00:00,14130.0
2014-02-02 22:00:00,13228.0
2014-02-02 23:00:00,12118.0
2014-02-03 00:00:00,11364.0
2014-02-03 01:00:00,11037.0
2014-02-03 02:00:00,10886.0
2014-02-03 03:00:00,10951.0
2014-02-03 04:00:00,11350.0
2014-02-03 05:00:00,12522.0
2014-02-03 06:00:00,14517.0
2014-02-03 07:00:00,15689.0
2014-02-03 08:00:00,16075.0
2014-02-03 09:00:00,16422.0
2014-02-03 10:00:00,16770.0
2014-02-03 11:00:00,16923.0
2014-02-03 12:00:00,16919.0
2014-02-03 13:00:00,16920.0
2014-02-03 14:00:00,16799.0
2014-02-03 15:00:00,16761.0
2014-02-03 16:00:00,17163.0
2014-02-03 17:00:00,18459.0
2014-02-03 18:00:00,18681.0
2014-02-03 19:00:00,18180.0
2014-02-03 20:00:00,17403.0
2014-02-03 21:00:00,16184.0
2014-02-03 22:00:00,14774.0
2014-02-03 23:00:00,13591.0
2014-02-04 00:00:00,12868.0
2014-02-04 01:00:00,12518.0
2014-02-04 02:00:00,12383.0
2014-02-04 03:00:00,12444.0
2014-02-04 04:00:00,12887.0
2014-02-04 05:00:00,14129.0
2014-02-04 06:00:00,16168.0
2014-02-04 07:00:00,17076.0
2014-02-04 08:00:00,17068.0
2014-02-04 09:00:00,16870.0
2014-02-04 10:00:00,16708.0
2014-02-04 11:00:00,16486.0
2014-02-04 12:00:00,16170.0
2014-02-04 13:00:00,16008.0
2014-02-04 14:00:00,15882.0
2014-02-04 15:00:00,15937.0
2014-02-04 16:00:00,16491.0
2014-02-04 17:00:00,17975.0
2014-02-04 18:00:00,18299.0
2014-02-04 19:00:00,17921.0
2014-02-04 20:00:00,17287.0
2014-02-04 21:00:00,16225.0
2014-02-04 22:00:00,14881.0
2014-02-04 23:00:00,13672.0
2014-02-05 00:00:00,12816.0
2014-02-05 01:00:00,12380.0
2014-02-05 02:00:00,12165.0
2014-02-05 03:00:00,12156.0
2014-02-05 04:00:00,12485.0
2014-02-05 05:00:00,13403.0
2014-02-05 06:00:00,14680.0
2014-02-05 07:00:00,15581.0
2014-02-05 08:00:00,16340.0
2014-02-05 09:00:00,17002.0
2014-02-05 10:00:00,17427.0
2014-02-05 11:00:00,17625.0
2014-02-05 12:00:00,17657.0
2014-02-05 13:00:00,17533.0
2014-02-05 14:00:00,17340.0
2014-02-05 15:00:00,17206.0
2014-02-05 16:00:00,17606.0
2014-02-05 17:00:00,18813.0
2014-02-05 18:00:00,18866.0
2014-02-05 19:00:00,18201.0
2014-02-05 20:00:00,17376.0
2014-02-05 21:00:00,16173.0
2014-02-05 22:00:00,14817.0
2014-02-05 23:00:00,13639.0
2014-02-06 00:00:00,12926.0
2014-02-06 01:00:00,12566.0
2014-02-06 02:00:00,12453.0
2014-02-06 03:00:00,12497.0
2014-02-06 04:00:00,12897.0
2014-02-06 05:00:00,14098.0
2014-02-06 06:00:00,16117.0
2014-02-06 07:00:00,17055.0
2014-02-06 08:00:00,17162.0
2014-02-06 09:00:00,17177.0
2014-02-06 10:00:00,17163.0
2014-02-06 11:00:00,16961.0
2014-02-06 12:00:00,16661.0
2014-02-06 13:00:00,16455.0
2014-02-06 14:00:00,16233.0
2014-02-06 15:00:00,16234.0
2014-02-06 16:00:00,16750.0
2014-02-06 17:00:00,18209.0
2014-02-06 18:00:00,18684.0
2014-02-06 19:00:00,18418.0
2014-02-06 20:00:00,17860.0
2014-02-06 21:00:00,16840.0
2014-02-06 22:00:00,15447.0
2014-02-06 23:00:00,14249.0
2014-02-07 00:00:00,13491.0
2014-02-07 01:00:00,13165.0
2014-02-07 02:00:00,13016.0
2014-02-07 03:00:00,13056.0
2014-02-07 04:00:00,13473.0
2014-02-07 05:00:00,14644.0
2014-02-07 06:00:00,16640.0
2014-02-07 07:00:00,17536.0
2014-02-07 08:00:00,17537.0
2014-02-07 09:00:00,17364.0
2014-02-07 10:00:00,17208.0
2014-02-07 11:00:00,17002.0
2014-02-07 12:00:00,16694.0
2014-02-07 13:00:00,16496.0
2014-02-07 14:00:00,16274.0
2014-02-07 15:00:00,16199.0
2014-02-07 16:00:00,16634.0
2014-02-07 17:00:00,17845.0
2014-02-07 18:00:00,18140.0
2014-02-07 19:00:00,17745.0
2014-02-07 20:00:00,17207.0
2014-02-07 21:00:00,16366.0
2014-02-07 22:00:00,15311.0
2014-02-07 23:00:00,14224.0
2014-02-08 00:00:00,13420.0
2014-02-08 01:00:00,13014.0
2014-02-08 02:00:00,12819.0
2014-02-08 03:00:00,12803.0
2014-02-08 04:00:00,12996.0
2014-02-08 05:00:00,13491.0
2014-02-08 06:00:00,14325.0
2014-02-08 07:00:00,15163.0
2014-02-08 08:00:00,15940.0
2014-02-08 09:00:00,16326.0
2014-02-08 10:00:00,16353.0
2014-02-08 11:00:00,16137.0
2014-02-08 12:00:00,15775.0
2014-02-08 13:00:00,15506.0
2014-02-08 14:00:00,15352.0
2014-02-08 15:00:00,15415.0
2014-02-08 16:00:00,15879.0
2014-02-08 17:00:00,17112.0
2014-02-08 18:00:00,17357.0
2014-02-08 19:00:00,16920.0
2014-02-08 20:00:00,16408.0
2014-02-08 21:00:00,15661.0
2014-02-08 22:00:00,14737.0
2014-02-08 23:00:00,13771.0
2014-02-09 00:00:00,13024.0
2014-02-09 01:00:00,12600.0
2014-02-09 02:00:00,12365.0
2014-02-09 03:00:00,12277.0
2014-02-09 04:00:00,12358.0
2014-02-09 05:00:00,12670.0
2014-02-09 06:00:00,13255.0
2014-02-09 07:00:00,13898.0
2014-02-09 08:00:00,14713.0
2014-02-09 09:00:00,15185.0
2014-02-09 10:00:00,15347.0
2014-02-09 11:00:00,15387.0
2014-02-09 12:00:00,15271.0
2014-02-09 13:00:00,15134.0
2014-02-09 14:00:00,15159.0
2014-02-09 15:00:00,15395.0
2014-02-09 16:00:00,16145.0
2014-02-09 17:00:00,17535.0
2014-02-09 18:00:00,17771.0
2014-02-09 19:00:00,17321.0
2014-02-09 20:00:00,16654.0
2014-02-09 21:00:00,15614.0
2014-02-09 22:00:00,14409.0
2014-02-09 23:00:00,13337.0
2014-02-10 00:00:00,12660.0
2014-02-10 01:00:00,12373.0
2014-02-10 02:00:00,12312.0
2014-02-10 03:00:00,12405.0
2014-02-10 04:00:00,12837.0
2014-02-10 05:00:00,14045.0
2014-02-10 06:00:00,16057.0
2014-02-10 07:00:00,16960.0
2014-02-10 08:00:00,17074.0
2014-02-10 09:00:00,17063.0
2014-02-10 10:00:00,17084.0
2014-02-10 11:00:00,16985.0
2014-02-10 12:00:00,16792.0
2014-02-10 13:00:00,16665.0
2014-02-10 14:00:00,16477.0
2014-02-10 15:00:00,16518.0
2014-02-10 16:00:00,17056.0
2014-02-10 17:00:00,18486.0
2014-02-10 18:00:00,19000.0
2014-02-10 19:00:00,18670.0
2014-02-10 20:00:00,18077.0
2014-02-10 21:00:00,16976.0
2014-02-10 22:00:00,15550.0
2014-02-10 23:00:00,14386.0
2014-02-11 00:00:00,13691.0
2014-02-11 01:00:00,13393.0
2014-02-11 02:00:00,13324.0
2014-02-11 03:00:00,13399.0
2014-02-11 04:00:00,13840.0
2014-02-11 05:00:00,15080.0
2014-02-11 06:00:00,17129.0
2014-02-11 07:00:00,17994.0
2014-02-11 08:00:00,17938.0
2014-02-11 09:00:00,17705.0
2014-02-11 10:00:00,17584.0
2014-02-11 11:00:00,17393.0
2014-02-11 12:00:00,17121.0
2014-02-11 13:00:00,16938.0
2014-02-11 14:00:00,16750.0
2014-02-11 15:00:00,16743.0
2014-02-11 16:00:00,17315.0
2014-02-11 17:00:00,18725.0
2014-02-11 18:00:00,19328.0
2014-02-11 19:00:00,19084.0
2014-02-11 20:00:00,18554.0
2014-02-11 21:00:00,17475.0
2014-02-11 22:00:00,16078.0
2014-02-11 23:00:00,14907.0
2014-02-12 00:00:00,14175.0
2014-02-12 01:00:00,13833.0
2014-02-12 02:00:00,13729.0
2014-02-12 03:00:00,13817.0
2014-02-12 04:00:00,14235.0
2014-02-12 05:00:00,15483.0
2014-02-12 06:00:00,17516.0
2014-02-12 07:00:00,18391.0
2014-02-12 08:00:00,18248.0
2014-02-12 09:00:00,18008.0
2014-02-12 10:00:00,17783.0
2014-02-12 11:00:00,17476.0
2014-02-12 12:00:00,17112.0
2014-02-12 13:00:00,16934.0
2014-02-12 14:00:00,16787.0
2014-02-12 15:00:00,16833.0
2014-02-12 16:00:00,17350.0
2014-02-12 17:00:00,18631.0
2014-02-12 18:00:00,19071.0
2014-02-12 19:00:00,18822.0
2014-02-12 20:00:00,18291.0
2014-02-12 21:00:00,17258.0
2014-02-12 22:00:00,15893.0
2014-02-12 23:00:00,14649.0
2014-02-13 00:00:00,13784.0
2014-02-13 01:00:00,13345.0
2014-02-13 02:00:00,13103.0
2014-02-13 03:00:00,13110.0
2014-02-13 04:00:00,13373.0
2014-02-13 05:00:00,14318.0
2014-02-13 06:00:00,15858.0
2014-02-13 07:00:00,16802.0
2014-02-13 08:00:00,17377.0
2014-02-13 09:00:00,17831.0
2014-02-13 10:00:00,18174.0
2014-02-13 11:00:00,18342.0
2014-02-13 12:00:00,18307.0
2014-02-13 13:00:00,18167.0
2014-02-13 14:00:00,17814.0
2014-02-13 15:00:00,17585.0
2014-02-13 16:00:00,17837.0
2014-02-13 17:00:00,18791.0
2014-02-13 18:00:00,18915.0
2014-02-13 19:00:00,18224.0
2014-02-13 20:00:00,17349.0
2014-02-13 21:00:00,16158.0
2014-02-13 22:00:00,14741.0
2014-02-13 23:00:00,13537.0
2014-02-14 00:00:00,12748.0
2014-02-14 01:00:00,12300.0
2014-02-14 02:00:00,12087.0
2014-02-14 03:00:00,12093.0
2014-02-14 04:00:00,12410.0
2014-02-14 05:00:00,13303.0
2014-02-14 06:00:00,14770.0
2014-02-14 07:00:00,15757.0
2014-02-14 08:00:00,16380.0
2014-02-14 09:00:00,16729.0
2014-02-14 10:00:00,16841.0
2014-02-14 11:00:00,16778.0
2014-02-14 12:00:00,16593.0
2014-02-14 13:00:00,16434.0
2014-02-14 14:00:00,16206.0
2014-02-14 15:00:00,16015.0
2014-02-14 16:00:00,16236.0
2014-02-14 17:00:00,17227.0
2014-02-14 18:00:00,17610.0
2014-02-14 19:00:00,17131.0
2014-02-14 20:00:00,16547.0
2014-02-14 21:00:00,15720.0
2014-02-14 22:00:00,14617.0
2014-02-14 23:00:00,13576.0
2014-02-15 00:00:00,12782.0
2014-02-15 01:00:00,12317.0
2014-02-15 02:00:00,12072.0
2014-02-15 03:00:00,11985.0
2014-02-15 04:00:00,12083.0
2014-02-15 05:00:00,12532.0
2014-02-15 06:00:00,13264.0
2014-02-15 07:00:00,14040.0
2014-02-15 08:00:00,14947.0
2014-02-15 09:00:00,15429.0
2014-02-15 10:00:00,15588.0
2014-02-15 11:00:00,15600.0
2014-02-15 12:00:00,15533.0
2014-02-15 13:00:00,15446.0
2014-02-15 14:00:00,15425.0
2014-02-15 15:00:00,15575.0
2014-02-15 16:00:00,16062.0
2014-02-15 17:00:00,17145.0
2014-02-15 18:00:00,17357.0
2014-02-15 19:00:00,16846.0
2014-02-15 20:00:00,16207.0
2014-02-15 21:00:00,15336.0
2014-02-15 22:00:00,14336.0
2014-02-15 23:00:00,13369.0
2014-02-16 00:00:00,12651.0
2014-02-16 01:00:00,12303.0
2014-02-16 02:00:00,12135.0
2014-02-16 03:00:00,12113.0
2014-02-16 04:00:00,12230.0
2014-02-16 05:00:00,12556.0
2014-02-16 06:00:00,13078.0
2014-02-16 07:00:00,13669.0
2014-02-16 08:00:00,14461.0
2014-02-16 09:00:00,15010.0
2014-02-16 10:00:00,15256.0
2014-02-16 11:00:00,15311.0
2014-02-16 12:00:00,15180.0
2014-02-16 13:00:00,14941.0
2014-02-16 14:00:00,14760.0
2014-02-16 15:00:00,14843.0
2014-02-16 16:00:00,15430.0
2014-02-16 17:00:00,16756.0
2014-02-16 18:00:00,17305.0
2014-02-16 19:00:00,16929.0
2014-02-16 20:00:00,16408.0
2014-02-16 21:00:00,15583.0
2014-02-16 22:00:00,14653.0
2014-02-16 23:00:00,13702.0
2014-02-17 00:00:00,13068.0
2014-02-17 01:00:00,12782.0
2014-02-17 02:00:00,12708.0
2014-02-17 03:00:00,12799.0
2014-02-17 04:00:00,13155.0
2014-02-17 05:00:00,14009.0
2014-02-17 06:00:00,15229.0
2014-02-17 07:00:00,16146.0
2014-02-17 08:00:00,16742.0
2014-02-17 09:00:00,17034.0
2014-02-17 10:00:00,17112.0
2014-02-17 11:00:00,16992.0
2014-02-17 12:00:00,16723.0
2014-02-17 13:00:00,16477.0
2014-02-17 14:00:00,16229.0
2014-02-17 15:00:00,16188.0
2014-02-17 16:00:00,16657.0
2014-02-17 17:00:00,17983.0
2014-02-17 18:00:00,18557.0
2014-02-17 19:00:00,18214.0
2014-02-17 20:00:00,17677.0
2014-02-17 21:00:00,16692.0
2014-02-17 22:00:00,15490.0
2014-02-17 23:00:00,14431.0
2014-02-18 00:00:00,13732.0
2014-02-18 01:00:00,13380.0
2014-02-18 02:00:00,13247.0
2014-02-18 03:00:00,13269.0
2014-02-18 04:00:00,13595.0
2014-02-18 05:00:00,14614.0
2014-02-18 06:00:00,16194.0
2014-02-18 07:00:00,17205.0
2014-02-18 08:00:00,17693.0
2014-02-18 09:00:00,17910.0
2014-02-18 10:00:00,18058.0
2014-02-18 11:00:00,18121.0
2014-02-18 12:00:00,18055.0
2014-02-18 13:00:00,17972.0
2014-02-18 14:00:00,17728.0
2014-02-18 15:00:00,17499.0
2014-02-18 16:00:00,17673.0
2014-02-18 17:00:00,18588.0
2014-02-18 18:00:00,18991.0
2014-02-18 19:00:00,18516.0
2014-02-18 20:00:00,17781.0
2014-02-18 21:00:00,16618.0
2014-02-18 22:00:00,15260.0
2014-02-18 23:00:00,14079.0
2014-02-19 00:00:00,13322.0
2014-02-19 01:00:00,12938.0
2014-02-19 02:00:00,12753.0
2014-02-19 03:00:00,12771.0
2014-02-19 04:00:00,13120.0
2014-02-19 05:00:00,14168.0
2014-02-19 06:00:00,15769.0
2014-02-19 07:00:00,16651.0
2014-02-19 08:00:00,16860.0
2014-02-19 09:00:00,16838.0
2014-02-19 10:00:00,16862.0
2014-02-19 11:00:00,16845.0
2014-02-19 12:00:00,16872.0
2014-02-19 13:00:00,16925.0
2014-02-19 14:00:00,16884.0
2014-02-19 15:00:00,16858.0
2014-02-19 16:00:00,17080.0
2014-02-19 17:00:00,17916.0
2014-02-19 18:00:00,18201.0
2014-02-19 19:00:00,17765.0
2014-02-19 20:00:00,17103.0
2014-02-19 21:00:00,16006.0
2014-02-19 22:00:00,14622.0
2014-02-19 23:00:00,13420.0
2014-02-20 00:00:00,12613.0
2014-02-20 01:00:00,12161.0
2014-02-20 02:00:00,11948.0
2014-02-20 03:00:00,11958.0
2014-02-20 04:00:00,12305.0
2014-02-20 05:00:00,13363.0
2014-02-20 06:00:00,14908.0
2014-02-20 07:00:00,15807.0
2014-02-20 08:00:00,15997.0
2014-02-20 09:00:00,15934.0
2014-02-20 10:00:00,15802.0
2014-02-20 11:00:00,15572.0
2014-02-20 12:00:00,15311.0
2014-02-20 13:00:00,15155.0
2014-02-20 14:00:00,15043.0
2014-02-20 15:00:00,15128.0
2014-02-20 16:00:00,15590.0
2014-02-20 17:00:00,16663.0
2014-02-20 18:00:00,17154.0
2014-02-20 19:00:00,16832.0
2014-02-20 20:00:00,16270.0
2014-02-20 21:00:00,15326.0
2014-02-20 22:00:00,14037.0
2014-02-20 23:00:00,12913.0
2014-02-21 00:00:00,12087.0
2014-02-21 01:00:00,11649.0
2014-02-21 02:00:00,11457.0
2014-02-21 03:00:00,11438.0
2014-02-21 04:00:00,11754.0
2014-02-21 05:00:00,12737.0
2014-02-21 06:00:00,14336.0
2014-02-21 07:00:00,15397.0
2014-02-21 08:00:00,15974.0
2014-02-21 09:00:00,16295.0
2014-02-21 10:00:00,16500.0
2014-02-21 11:00:00,16546.0
2014-02-21 12:00:00,16384.0
2014-02-21 13:00:00,16266.0
2014-02-21 14:00:00,16067.0
2014-02-21 15:00:00,15980.0
2014-02-21 16:00:00,16306.0
2014-02-21 17:00:00,16974.0
2014-02-21 18:00:00,16946.0
2014-02-21 19:00:00,16432.0
2014-02-21 20:00:00,15812.0
2014-02-21 21:00:00,14939.0
2014-02-21 22:00:00,13901.0
2014-02-21 23:00:00,12832.0
2014-02-22 00:00:00,12045.0
2014-02-22 01:00:00,11578.0
2014-02-22 02:00:00,11352.0
2014-02-22 03:00:00,11276.0
2014-02-22 04:00:00,11413.0
2014-02-22 05:00:00,11864.0
2014-02-22 06:00:00,12541.0
2014-02-22 07:00:00,13270.0
2014-02-22 08:00:00,13972.0
2014-02-22 09:00:00,14308.0
2014-02-22 10:00:00,14348.0
2014-02-22 11:00:00,14202.0
2014-02-22 12:00:00,13882.0
2014-02-22 13:00:00,13582.0
2014-02-22 14:00:00,13351.0
2014-02-22 15:00:00,13333.0
2014-02-22 16:00:00,13686.0
2014-02-22 17:00:00,14721.0
2014-02-22 18:00:00,15495.0
2014-02-22 19:00:00,15184.0
2014-02-22 20:00:00,14752.0
2014-02-22 21:00:00,14078.0
2014-02-22 22:00:00,13194.0
2014-02-22 23:00:00,12273.0
2014-02-23 00:00:00,11556.0
2014-02-23 01:00:00,11136.0
2014-02-23 02:00:00,10913.0
2014-02-23 03:00:00,10844.0
2014-02-23 04:00:00,10936.0
2014-02-23 05:00:00,11249.0
2014-02-23 06:00:00,11724.0
2014-02-23 07:00:00,12304.0
2014-02-23 08:00:00,13092.0
2014-02-23 09:00:00,13560.0
2014-02-23 10:00:00,13769.0
2014-02-23 11:00:00,13872.0
2014-02-23 12:00:00,13862.0
2014-02-23 13:00:00,13688.0
2014-02-23 14:00:00,13530.0
2014-02-23 15:00:00,13561.0
2014-02-23 16:00:00,14026.0
2014-02-23 17:00:00,15226.0
2014-02-23 18:00:00,16034.0
2014-02-23 19:00:00,15695.0
2014-02-23 20:00:00,15115.0
2014-02-23 21:00:00,14117.0
2014-02-23 22:00:00,12977.0
2014-02-23 23:00:00,11972.0
2014-02-24 00:00:00,11284.0
2014-02-24 01:00:00,10948.0
2014-02-24 02:00:00,10815.0
2014-02-24 03:00:00,10887.0
2014-02-24 04:00:00,11332.0
2014-02-24 05:00:00,12569.0
2014-02-24 06:00:00,14499.0
2014-02-24 07:00:00,15447.0
2014-02-24 08:00:00,15614.0
2014-02-24 09:00:00,15675.0
2014-02-24 10:00:00,15772.0
2014-02-24 11:00:00,15790.0
2014-02-24 12:00:00,15712.0
2014-02-24 13:00:00,15673.0
2014-02-24 14:00:00,15606.0
2014-02-24 15:00:00,15671.0
2014-02-24 16:00:00,16188.0
2014-02-24 17:00:00,17423.0
2014-02-24 18:00:00,18215.0
2014-02-24 19:00:00,17918.0
2014-02-24 20:00:00,17347.0
2014-02-24 21:00:00,16265.0
2014-02-24 22:00:00,14907.0
2014-02-24 23:00:00,13746.0
2014-02-25 00:00:00,12997.0
2014-02-25 01:00:00,12619.0
2014-02-25 02:00:00,12463.0
2014-02-25 03:00:00,12499.0
2014-02-25 04:00:00,12910.0
2014-02-25 05:00:00,14088.0
2014-02-25 06:00:00,15884.0
2014-02-25 07:00:00,16774.0
2014-02-25 08:00:00,16979.0
2014-02-25 09:00:00,17046.0
2014-02-25 10:00:00,16978.0
2014-02-25 11:00:00,16765.0
2014-02-25 12:00:00,16577.0
2014-02-25 13:00:00,16533.0
2014-02-25 14:00:00,16438.0
2014-02-25 15:00:00,16440.0
2014-02-25 16:00:00,16841.0
2014-02-25 17:00:00,17880.0
2014-02-25 18:00:00,18651.0
2014-02-25 19:00:00,18339.0
2014-02-25 20:00:00,17753.0
2014-02-25 21:00:00,16674.0
2014-02-25 22:00:00,15303.0
2014-02-25 23:00:00,14139.0
2014-02-26 00:00:00,13410.0
2014-02-26 01:00:00,13063.0
2014-02-26 02:00:00,12954.0
2014-02-26 03:00:00,13038.0
2014-02-26 04:00:00,13418.0
2014-02-26 05:00:00,14568.0
2014-02-26 06:00:00,16407.0
2014-02-26 07:00:00,17389.0
2014-02-26 08:00:00,17606.0
2014-02-26 09:00:00,17592.0
2014-02-26 10:00:00,17550.0
2014-02-26 11:00:00,17229.0
2014-02-26 12:00:00,16914.0
2014-02-26 13:00:00,16764.0
2014-02-26 14:00:00,16550.0
2014-02-26 15:00:00,16502.0
2014-02-26 16:00:00,16893.0
2014-02-26 17:00:00,17989.0
2014-02-26 18:00:00,18929.0
2014-02-26 19:00:00,18693.0
2014-02-26 20:00:00,18149.0
2014-02-26 21:00:00,17093.0
2014-02-26 22:00:00,15749.0
2014-02-26 23:00:00,14603.0
2014-02-27 00:00:00,13871.0
2014-02-27 01:00:00,13561.0
2014-02-27 02:00:00,13423.0
2014-02-27 03:00:00,13491.0
2014-02-27 04:00:00,13886.0
2014-02-27 05:00:00,15075.0
2014-02-27 06:00:00,16897.0
2014-02-27 07:00:00,17764.0
2014-02-27 08:00:00,17747.0
2014-02-27 09:00:00,17529.0
2014-02-27 10:00:00,17340.0
2014-02-27 11:00:00,17142.0
2014-02-27 12:00:00,16942.0
2014-02-27 13:00:00,16943.0
2014-02-27 14:00:00,16883.0
2014-02-27 15:00:00,16882.0
2014-02-27 16:00:00,17169.0
2014-02-27 17:00:00,18065.0
2014-02-27 18:00:00,18870.0
2014-02-27 19:00:00,18622.0
2014-02-27 20:00:00,18127.0
2014-02-27 21:00:00,17161.0
2014-02-27 22:00:00,15873.0
2014-02-27 23:00:00,14771.0
2014-02-28 00:00:00,14078.0
2014-02-28 01:00:00,13776.0
2014-02-28 02:00:00,13661.0
2014-02-28 03:00:00,13739.0
2014-02-28 04:00:00,14136.0
2014-02-28 05:00:00,15251.0
2014-02-28 06:00:00,16999.0
2014-02-28 07:00:00,17929.0
2014-02-28 08:00:00,17968.0
2014-02-28 09:00:00,17847.0
2014-02-28 10:00:00,17699.0
2014-02-28 11:00:00,17435.0
2014-02-28 12:00:00,17056.0
2014-02-28 13:00:00,16802.0
2014-02-28 14:00:00,16559.0
2014-02-28 15:00:00,16498.0
2014-02-28 16:00:00,16793.0
2014-02-28 17:00:00,17648.0
2014-02-28 18:00:00,18481.0
2014-02-28 19:00:00,18189.0
2014-02-28 20:00:00,17742.0
2014-02-28 21:00:00,16980.0
2014-02-28 22:00:00,15953.0
2014-02-28 23:00:00,14919.0
2014-03-01 00:00:00,14180.0
2014-03-01 01:00:00,13784.0
2014-03-01 02:00:00,13608.0
2014-03-01 03:00:00,13570.0
2014-03-01 04:00:00,13727.0
2014-03-01 05:00:00,14200.0
2014-03-01 06:00:00,14860.0
2014-03-01 07:00:00,15593.0
2014-03-01 08:00:00,16205.0
2014-03-01 09:00:00,16438.0
2014-03-01 10:00:00,16376.0
2014-03-01 11:00:00,16113.0
2014-03-01 12:00:00,15697.0
2014-03-01 13:00:00,15329.0
2014-03-01 14:00:00,15081.0
2014-03-01 15:00:00,15123.0
2014-03-01 16:00:00,15461.0
2014-03-01 17:00:00,16257.0
2014-03-01 18:00:00,16899.0
2014-03-01 19:00:00,16506.0
2014-03-01 20:00:00,16004.0
2014-03-01 21:00:00,15241.0
2014-03-01 22:00:00,14267.0
2014-03-01 23:00:00,13276.0
2014-03-02 00:00:00,12517.0
2014-03-02 01:00:00,12061.0
2014-03-02 02:00:00,11798.0
2014-03-02 03:00:00,11673.0
2014-03-02 04:00:00,11700.0
2014-03-02 05:00:00,11963.0
2014-03-02 06:00:00,12474.0
2014-03-02 07:00:00,13208.0
2014-03-02 08:00:00,14192.0
2014-03-02 09:00:00,14899.0
2014-03-02 10:00:00,15223.0
2014-03-02 11:00:00,15320.0
2014-03-02 12:00:00,15155.0
2014-03-02 13:00:00,14961.0
2014-03-02 14:00:00,14829.0
2014-03-02 15:00:00,14911.0
2014-03-02 16:00:00,15441.0
2014-03-02 17:00:00,16482.0
2014-03-02 18:00:00,17100.0
2014-03-02 19:00:00,16752.0
2014-03-02 20:00:00,16109.0
2014-03-02 21:00:00,15144.0
2014-03-02 22:00:00,14026.0
2014-03-02 23:00:00,13064.0
2014-03-03 00:00:00,12422.0
2014-03-03 01:00:00,12087.0
2014-03-03 02:00:00,12022.0
2014-03-03 03:00:00,12156.0
2014-03-03 04:00:00,12669.0
2014-03-03 05:00:00,13921.0
2014-03-03 06:00:00,15897.0
2014-03-03 07:00:00,16984.0
2014-03-03 08:00:00,17321.0
2014-03-03 09:00:00,17455.0
2014-03-03 10:00:00,17583.0
2014-03-03 11:00:00,17616.0
2014-03-03 12:00:00,17546.0
2014-03-03 13:00:00,17436.0
2014-03-03 14:00:00,17253.0
2014-03-03 15:00:00,17277.0
2014-03-03 16:00:00,17588.0
2014-03-03 17:00:00,18461.0
2014-03-03 18:00:00,19376.0
2014-03-03 19:00:00,19071.0
2014-03-03 20:00:00,18470.0
2014-03-03 21:00:00,17341.0
2014-03-03 22:00:00,15918.0
2014-03-03 23:00:00,14763.0
2014-03-04 00:00:00,14055.0
2014-03-04 01:00:00,13743.0
2014-03-04 02:00:00,13630.0
2014-03-04 03:00:00,13716.0
2014-03-04 04:00:00,14156.0
2014-03-04 05:00:00,15352.0
2014-03-04 06:00:00,17130.0
2014-03-04 07:00:00,17938.0
2014-03-04 08:00:00,17897.0
2014-03-04 09:00:00,17661.0
2014-03-04 10:00:00,17552.0
2014-03-04 11:00:00,17325.0
2014-03-04 12:00:00,17097.0
2014-03-04 13:00:00,16870.0
2014-03-04 14:00:00,16542.0
2014-03-04 15:00:00,16534.0
2014-03-04 16:00:00,16991.0
2014-03-04 17:00:00,17954.0
2014-03-04 18:00:00,18717.0
2014-03-04 19:00:00,18386.0
2014-03-04 20:00:00,17735.0
2014-03-04 21:00:00,16584.0
2014-03-04 22:00:00,15089.0
2014-03-04 23:00:00,13905.0
2014-03-05 00:00:00,13140.0
2014-03-05 01:00:00,12748.0
2014-03-05 02:00:00,12550.0
2014-03-05 03:00:00,12567.0
2014-03-05 04:00:00,12965.0
2014-03-05 05:00:00,14109.0
2014-03-05 06:00:00,15951.0
2014-03-05 07:00:00,16926.0
2014-03-05 08:00:00,17110.0
2014-03-05 09:00:00,17068.0
2014-03-05 10:00:00,17030.0
2014-03-05 11:00:00,16934.0
2014-03-05 12:00:00,16790.0
2014-03-05 13:00:00,16742.0
2014-03-05 14:00:00,16643.0
2014-03-05 15:00:00,16644.0
2014-03-05 16:00:00,16997.0
2014-03-05 17:00:00,17907.0
2014-03-05 18:00:00,18641.0
2014-03-05 19:00:00,18391.0
2014-03-05 20:00:00,17833.0
2014-03-05 21:00:00,16770.0
2014-03-05 22:00:00,15401.0
2014-03-05 23:00:00,14250.0
2014-03-06 00:00:00,13580.0
2014-03-06 01:00:00,13295.0
2014-03-06 02:00:00,13244.0
2014-03-06 03:00:00,13327.0
2014-03-06 04:00:00,13804.0
2014-03-06 05:00:00,15074.0
2014-03-06 06:00:00,16870.0
2014-03-06 07:00:00,17714.0
2014-03-06 08:00:00,17667.0
2014-03-06 09:00:00,17484.0
2014-03-06 10:00:00,17276.0
2014-03-06 11:00:00,17018.0
2014-03-06 12:00:00,16683.0
2014-03-06 13:00:00,16426.0
2014-03-06 14:00:00,16162.0
2014-03-06 15:00:00,16066.0
2014-03-06 16:00:00,16419.0
2014-03-06 17:00:00,17366.0
2014-03-06 18:00:00,18427.0
2014-03-06 19:00:00,18306.0
2014-03-06 20:00:00,17819.0
2014-03-06 21:00:00,16835.0
2014-03-06 22:00:00,15485.0
2014-03-06 23:00:00,14344.0
2014-03-07 00:00:00,13657.0
2014-03-07 01:00:00,13365.0
2014-03-07 02:00:00,13252.0
2014-03-07 03:00:00,13318.0
2014-03-07 04:00:00,13710.0
2014-03-07 05:00:00,14874.0
2014-03-07 06:00:00,16607.0
2014-03-07 07:00:00,17508.0
2014-03-07 08:00:00,17483.0
2014-03-07 09:00:00,17240.0
2014-03-07 10:00:00,16997.0
2014-03-07 11:00:00,16678.0
2014-03-07 12:00:00,16315.0
2014-03-07 13:00:00,16108.0
2014-03-07 14:00:00,15839.0
2014-03-07 15:00:00,15756.0
2014-03-07 16:00:00,16012.0
2014-03-07 17:00:00,16683.0
2014-03-07 18:00:00,17353.0
2014-03-07 19:00:00,17010.0
2014-03-07 20:00:00,16447.0
2014-03-07 21:00:00,15553.0
2014-03-07 22:00:00,14414.0
2014-03-07 23:00:00,13294.0
2014-03-08 00:00:00,12514.0
2014-03-08 01:00:00,12055.0
2014-03-08 02:00:00,11858.0
2014-03-08 03:00:00,11822.0
2014-03-08 04:00:00,11965.0
2014-03-08 05:00:00,12449.0
2014-03-08 06:00:00,13034.0
2014-03-08 07:00:00,13768.0
2014-03-08 08:00:00,14423.0
2014-03-08 09:00:00,14731.0
2014-03-08 10:00:00,14656.0
2014-03-08 11:00:00,14418.0
2014-03-08 12:00:00,14023.0
2014-03-08 13:00:00,13694.0
2014-03-08 14:00:00,13456.0
2014-03-08 15:00:00,13377.0
2014-03-08 16:00:00,13644.0
2014-03-08 17:00:00,14452.0
2014-03-08 18:00:00,15369.0
2014-03-08 19:00:00,15145.0
2014-03-08 20:00:00,14715.0
2014-03-08 21:00:00,14044.0
2014-03-08 22:00:00,13124.0
2014-03-08 23:00:00,12230.0
2014-03-09 00:00:00,11571.0
2014-03-09 01:00:00,11390.0
2014-03-09 02:00:00,11209.0
2014-03-09 03:00:00,11062.0
2014-03-09 04:00:00,11070.0
2014-03-09 05:00:00,11300.0
2014-03-09 06:00:00,11804.0
2014-03-09 07:00:00,12356.0
2014-03-09 08:00:00,13034.0
2014-03-09 09:00:00,13625.0
2014-03-09 10:00:00,13998.0
2014-03-09 11:00:00,14179.0
2014-03-09 12:00:00,14158.0
2014-03-09 13:00:00,13966.0
2014-03-09 14:00:00,13729.0
2014-03-09 15:00:00,13618.0
2014-03-09 16:00:00,13798.0
2014-03-09 17:00:00,14325.0
2014-03-09 18:00:00,15202.0
2014-03-09 19:00:00,16134.0
2014-03-09 20:00:00,15892.0
2014-03-09 21:00:00,15014.0
2014-03-09 22:00:00,13849.0
2014-03-09 23:00:00,12694.0
2014-03-10 00:00:00,11930.0
2014-03-10 01:00:00,11570.0
2014-03-10 02:00:00,11384.0
2014-03-10 03:00:00,11406.0
2014-03-10 04:00:00,11763.0
2014-03-10 05:00:00,12820.0
2014-03-10 06:00:00,14834.0
2014-03-10 07:00:00,16131.0
2014-03-10 08:00:00,16388.0
2014-03-10 09:00:00,16495.0
2014-03-10 10:00:00,16512.0
2014-03-10 11:00:00,16329.0
2014-03-10 12:00:00,15993.0
2014-03-10 13:00:00,15759.0
2014-03-10 14:00:00,15403.0
2014-03-10 15:00:00,15209.0
2014-03-10 16:00:00,15285.0
2014-03-10 17:00:00,15706.0
2014-03-10 18:00:00,16290.0
2014-03-10 19:00:00,16935.0
2014-03-10 20:00:00,16487.0
2014-03-10 21:00:00,15414.0
2014-03-10 22:00:00,14026.0
2014-03-10 23:00:00,12750.0
2014-03-11 00:00:00,11879.0
2014-03-11 01:00:00,11442.0
2014-03-11 02:00:00,11230.0
2014-03-11 03:00:00,11220.0
2014-03-11 04:00:00,11534.0
2014-03-11 05:00:00,12582.0
2014-03-11 06:00:00,14564.0
2014-03-11 07:00:00,15651.0
2014-03-11 08:00:00,15694.0
2014-03-11 09:00:00,15574.0
2014-03-11 10:00:00,15415.0
2014-03-11 11:00:00,15218.0
2014-03-11 12:00:00,14947.0
2014-03-11 13:00:00,14791.0
2014-03-11 14:00:00,14511.0
2014-03-11 15:00:00,14361.0
2014-03-11 16:00:00,14411.0
2014-03-11 17:00:00,14674.0
2014-03-11 18:00:00,15163.0
2014-03-11 19:00:00,15990.0
2014-03-11 20:00:00,15648.0
2014-03-11 21:00:00,14716.0
2014-03-11 22:00:00,13366.0
2014-03-11 23:00:00,12151.0
2014-03-12 00:00:00,11367.0
2014-03-12 01:00:00,10953.0
2014-03-12 02:00:00,10734.0
2014-03-12 03:00:00,10735.0
2014-03-12 04:00:00,11052.0
2014-03-12 05:00:00,12094.0
2014-03-12 06:00:00,14092.0
2014-03-12 07:00:00,15313.0
2014-03-12 08:00:00,15483.0
2014-03-12 09:00:00,15508.0
2014-03-12 10:00:00,15520.0
2014-03-12 11:00:00,15455.0
2014-03-12 12:00:00,15362.0
2014-03-12 13:00:00,15438.0
2014-03-12 14:00:00,15383.0
2014-03-12 15:00:00,15423.0
2014-03-12 16:00:00,15722.0
2014-03-12 17:00:00,16168.0
2014-03-12 18:00:00,16514.0
2014-03-12 19:00:00,16613.0
2014-03-12 20:00:00,16054.0
2014-03-12 21:00:00,15011.0
2014-03-12 22:00:00,13635.0
2014-03-12 23:00:00,12481.0
2014-03-13 00:00:00,11759.0
2014-03-13 01:00:00,11402.0
2014-03-13 02:00:00,11328.0
2014-03-13 03:00:00,11437.0
2014-03-13 04:00:00,11864.0
2014-03-13 05:00:00,13027.0
2014-03-13 06:00:00,15050.0
2014-03-13 07:00:00,16434.0
2014-03-13 08:00:00,16955.0
2014-03-13 09:00:00,17278.0
2014-03-13 10:00:00,17488.0
2014-03-13 11:00:00,17471.0
2014-03-13 12:00:00,17274.0
2014-03-13 13:00:00,17144.0
2014-03-13 14:00:00,16883.0
2014-03-13 15:00:00,16738.0
2014-03-13 16:00:00,16884.0
2014-03-13 17:00:00,17268.0
2014-03-13 18:00:00,17755.0
2014-03-13 19:00:00,18507.0
2014-03-13 20:00:00,18217.0
2014-03-13 21:00:00,17239.0
2014-03-13 22:00:00,15827.0
2014-03-13 23:00:00,14569.0
2014-03-14 00:00:00,13778.0
2014-03-14 01:00:00,13353.0
2014-03-14 02:00:00,13168.0
2014-03-14 03:00:00,13156.0
2014-03-14 04:00:00,13485.0
2014-03-14 05:00:00,14533.0
2014-03-14 06:00:00,16466.0
2014-03-14 07:00:00,17452.0
2014-03-14 08:00:00,17492.0
2014-03-14 09:00:00,17321.0
2014-03-14 10:00:00,17195.0
2014-03-14 11:00:00,16943.0
2014-03-14 12:00:00,16563.0
2014-03-14 13:00:00,16250.0
2014-03-14 14:00:00,15876.0
2014-03-14 15:00:00,15594.0
2014-03-14 16:00:00,15548.0
2014-03-14 17:00:00,15742.0
2014-03-14 18:00:00,16079.0
2014-03-14 19:00:00,16696.0
2014-03-14 20:00:00,16364.0
2014-03-14 21:00:00,15615.0
2014-03-14 22:00:00,14470.0
2014-03-14 23:00:00,13301.0
2014-03-15 00:00:00,12380.0
2014-03-15 01:00:00,11845.0
2014-03-15 02:00:00,11529.0
2014-03-15 03:00:00,11375.0
2014-03-15 04:00:00,11418.0
2014-03-15 05:00:00,11746.0
2014-03-15 06:00:00,12453.0
2014-03-15 07:00:00,13238.0
2014-03-15 08:00:00,14093.0
2014-03-15 09:00:00,14554.0
2014-03-15 10:00:00,14600.0
2014-03-15 11:00:00,14432.0
2014-03-15 12:00:00,14125.0
2014-03-15 13:00:00,13703.0
2014-03-15 14:00:00,13492.0
2014-03-15 15:00:00,13380.0
2014-03-15 16:00:00,13398.0
2014-03-15 17:00:00,13589.0
2014-03-15 18:00:00,13985.0
2014-03-15 19:00:00,14687.0
2014-03-15 20:00:00,14516.0
2014-03-15 21:00:00,13944.0
2014-03-15 22:00:00,13102.0
2014-03-15 23:00:00,12223.0
2014-03-16 00:00:00,11528.0
2014-03-16 01:00:00,11136.0
2014-03-16 02:00:00,10954.0
2014-03-16 03:00:00,10931.0
2014-03-16 04:00:00,11040.0
2014-03-16 05:00:00,11381.0
2014-03-16 06:00:00,12017.0
2014-03-16 07:00:00,12679.0
2014-03-16 08:00:00,13566.0
2014-03-16 09:00:00,14213.0
2014-03-16 10:00:00,14516.0
2014-03-16 11:00:00,14593.0
2014-03-16 12:00:00,14511.0
2014-03-16 13:00:00,14270.0
2014-03-16 14:00:00,14029.0
2014-03-16 15:00:00,13985.0
2014-03-16 16:00:00,14277.0
2014-03-16 17:00:00,14849.0
2014-03-16 18:00:00,15526.0
2014-03-16 19:00:00,16429.0
2014-03-16 20:00:00,16214.0
2014-03-16 21:00:00,15291.0
2014-03-16 22:00:00,14132.0
2014-03-16 23:00:00,13089.0
2014-03-17 00:00:00,12451.0
2014-03-17 01:00:00,12140.0
2014-03-17 02:00:00,12068.0
2014-03-17 03:00:00,12181.0
2014-03-17 04:00:00,12620.0
2014-03-17 05:00:00,13794.0
2014-03-17 06:00:00,15916.0
2014-03-17 07:00:00,17144.0
2014-03-17 08:00:00,17435.0
2014-03-17 09:00:00,17413.0
2014-03-17 10:00:00,17283.0
2014-03-17 11:00:00,17048.0
2014-03-17 12:00:00,16739.0
2014-03-17 13:00:00,16480.0
2014-03-17 14:00:00,16086.0
2014-03-17 15:00:00,15867.0
2014-03-17 16:00:00,15879.0
2014-03-17 17:00:00,16198.0
2014-03-17 18:00:00,16645.0
2014-03-17 19:00:00,17498.0
2014-03-17 20:00:00,17251.0
2014-03-17 21:00:00,16227.0
2014-03-17 22:00:00,14860.0
2014-03-17 23:00:00,13703.0
2014-03-18 00:00:00,13016.0
2014-03-18 01:00:00,12708.0
2014-03-18 02:00:00,12602.0
2014-03-18 03:00:00,12660.0
2014-03-18 04:00:00,13050.0
2014-03-18 05:00:00,14206.0
2014-03-18 06:00:00,16250.0
2014-03-18 07:00:00,17181.0
2014-03-18 08:00:00,17099.0
2014-03-18 09:00:00,16826.0
2014-03-18 10:00:00,16597.0
2014-03-18 11:00:00,16322.0
2014-03-18 12:00:00,15971.0
2014-03-18 13:00:00,15713.0
2014-03-18 14:00:00,15371.0
2014-03-18 15:00:00,15163.0
2014-03-18 16:00:00,15206.0
2014-03-18 17:00:00,15554.0
2014-03-18 18:00:00,16047.0
2014-03-18 19:00:00,16971.0
2014-03-18 20:00:00,16758.0
2014-03-18 21:00:00,15760.0
2014-03-18 22:00:00,14406.0
2014-03-18 23:00:00,13202.0
2014-03-19 00:00:00,12443.0
2014-03-19 01:00:00,12104.0
2014-03-19 02:00:00,11984.0
2014-03-19 03:00:00,12021.0
2014-03-19 04:00:00,12418.0
2014-03-19 05:00:00,13557.0
2014-03-19 06:00:00,15583.0
2014-03-19 07:00:00,16541.0
2014-03-19 08:00:00,16435.0
2014-03-19 09:00:00,16195.0
2014-03-19 10:00:00,16096.0
2014-03-19 11:00:00,15965.0
2014-03-19 12:00:00,15730.0
2014-03-19 13:00:00,15565.0
2014-03-19 14:00:00,15350.0
2014-03-19 15:00:00,15333.0
2014-03-19 16:00:00,15544.0
2014-03-19 17:00:00,15909.0
2014-03-19 18:00:00,16347.0
2014-03-19 19:00:00,16887.0
2014-03-19 20:00:00,16485.0
2014-03-19 21:00:00,15442.0
2014-03-19 22:00:00,14004.0
2014-03-19 23:00:00,12760.0
2014-03-20 00:00:00,11946.0
2014-03-20 01:00:00,11521.0
2014-03-20 02:00:00,11327.0
2014-03-20 03:00:00,11283.0
2014-03-20 04:00:00,11563.0
2014-03-20 05:00:00,12580.0
2014-03-20 06:00:00,14531.0
2014-03-20 07:00:00,15604.0
2014-03-20 08:00:00,15819.0
2014-03-20 09:00:00,15843.0
2014-03-20 10:00:00,15769.0
2014-03-20 11:00:00,15550.0
2014-03-20 12:00:00,15229.0
2014-03-20 13:00:00,15090.0
2014-03-20 14:00:00,14902.0
2014-03-20 15:00:00,14751.0
2014-03-20 16:00:00,14804.0
2014-03-20 17:00:00,15057.0
2014-03-20 18:00:00,15384.0
2014-03-20 19:00:00,16095.0
2014-03-20 20:00:00,15866.0
2014-03-20 21:00:00,14912.0
2014-03-20 22:00:00,13573.0
2014-03-20 23:00:00,12388.0
2014-03-21 00:00:00,11609.0
2014-03-21 01:00:00,11225.0
2014-03-21 02:00:00,11047.0
2014-03-21 03:00:00,11050.0
2014-03-21 04:00:00,11398.0
2014-03-21 05:00:00,12462.0
2014-03-21 06:00:00,14383.0
2014-03-21 07:00:00,15425.0
2014-03-21 08:00:00,15634.0
2014-03-21 09:00:00,15671.0
2014-03-21 10:00:00,15702.0
2014-03-21 11:00:00,15542.0
2014-03-21 12:00:00,15265.0
2014-03-21 13:00:00,15085.0
2014-03-21 14:00:00,14819.0
2014-03-21 15:00:00,14632.0
2014-03-21 16:00:00,14635.0
2014-03-21 17:00:00,14754.0
2014-03-21 18:00:00,14959.0
2014-03-21 19:00:00,15676.0
2014-03-21 20:00:00,15546.0
2014-03-21 21:00:00,14831.0
2014-03-21 22:00:00,13813.0
2014-03-21 23:00:00,12776.0
2014-03-22 00:00:00,11984.0
2014-03-22 01:00:00,11572.0
2014-03-22 02:00:00,11356.0
2014-03-22 03:00:00,11304.0
2014-03-22 04:00:00,11421.0
2014-03-22 05:00:00,11860.0
2014-03-22 06:00:00,12608.0
2014-03-22 07:00:00,13403.0
2014-03-22 08:00:00,14342.0
2014-03-22 09:00:00,14869.0
2014-03-22 10:00:00,14918.0
2014-03-22 11:00:00,14700.0
2014-03-22 12:00:00,14454.0
2014-03-22 13:00:00,14121.0
2014-03-22 14:00:00,13696.0
2014-03-22 15:00:00,13387.0
2014-03-22 16:00:00,13345.0
2014-03-22 17:00:00,13503.0
2014-03-22 18:00:00,13765.0
2014-03-22 19:00:00,14518.0
2014-03-22 20:00:00,14460.0
2014-03-22 21:00:00,13877.0
2014-03-22 22:00:00,13035.0
2014-03-22 23:00:00,12158.0
2014-03-23 00:00:00,11426.0
2014-03-23 01:00:00,10990.0
2014-03-23 02:00:00,10771.0
2014-03-23 03:00:00,10707.0
2014-03-23 04:00:00,10781.0
2014-03-23 05:00:00,11092.0
2014-03-23 06:00:00,11624.0
2014-03-23 07:00:00,12248.0
2014-03-23 08:00:00,13166.0
2014-03-23 09:00:00,13851.0
2014-03-23 10:00:00,14158.0
2014-03-23 11:00:00,14261.0
2014-03-23 12:00:00,14116.0
2014-03-23 13:00:00,13922.0
2014-03-23 14:00:00,13736.0
2014-03-23 15:00:00,13729.0
2014-03-23 16:00:00,14025.0
2014-03-23 17:00:00,14599.0
2014-03-23 18:00:00,15204.0
2014-03-23 19:00:00,15999.0
2014-03-23 20:00:00,15858.0
2014-03-23 21:00:00,14945.0
2014-03-23 22:00:00,13824.0
2014-03-23 23:00:00,12830.0
2014-03-24 00:00:00,12217.0
2014-03-24 01:00:00,12002.0
2014-03-24 02:00:00,11998.0
2014-03-24 03:00:00,12128.0
2014-03-24 04:00:00,12578.0
2014-03-24 05:00:00,13790.0
2014-03-24 06:00:00,15854.0
2014-03-24 07:00:00,16895.0
2014-03-24 08:00:00,16952.0
2014-03-24 09:00:00,16832.0
2014-03-24 10:00:00,16750.0
2014-03-24 11:00:00,16562.0
2014-03-24 12:00:00,16277.0
2014-03-24 13:00:00,16040.0
2014-03-24 14:00:00,15694.0
2014-03-24 15:00:00,15496.0
2014-03-24 16:00:00,15584.0
2014-03-24 17:00:00,15955.0
2014-03-24 18:00:00,16440.0
2014-03-24 19:00:00,17325.0
2014-03-24 20:00:00,17135.0
2014-03-24 21:00:00,16141.0
2014-03-24 22:00:00,14725.0
2014-03-24 23:00:00,13523.0
2014-03-25 00:00:00,12786.0
2014-03-25 01:00:00,12457.0
2014-03-25 02:00:00,12352.0
2014-03-25 03:00:00,12431.0
2014-03-25 04:00:00,12853.0
2014-03-25 05:00:00,14054.0
2014-03-25 06:00:00,16059.0
2014-03-25 07:00:00,17000.0
2014-03-25 08:00:00,16896.0
2014-03-25 09:00:00,16662.0
2014-03-25 10:00:00,16527.0
2014-03-25 11:00:00,16305.0
2014-03-25 12:00:00,16009.0
2014-03-25 13:00:00,15775.0
2014-03-25 14:00:00,15507.0
2014-03-25 15:00:00,15382.0
2014-03-25 16:00:00,15597.0
2014-03-25 17:00:00,16025.0
2014-03-25 18:00:00,16454.0
2014-03-25 19:00:00,17138.0
2014-03-25 20:00:00,16825.0
2014-03-25 21:00:00,15753.0
2014-03-25 22:00:00,14317.0
2014-03-25 23:00:00,13070.0
2014-03-26 00:00:00,12311.0
2014-03-26 01:00:00,11912.0
2014-03-26 02:00:00,11736.0
2014-03-26 03:00:00,11761.0
2014-03-26 04:00:00,12150.0
2014-03-26 05:00:00,13311.0
2014-03-26 06:00:00,15364.0
2014-03-26 07:00:00,16504.0
2014-03-26 08:00:00,16869.0
2014-03-26 09:00:00,17067.0
2014-03-26 10:00:00,17197.0
2014-03-26 11:00:00,17156.0
2014-03-26 12:00:00,16968.0
2014-03-26 13:00:00,16803.0
2014-03-26 14:00:00,16534.0
2014-03-26 15:00:00,16372.0
2014-03-26 16:00:00,16455.0
2014-03-26 17:00:00,16708.0
2014-03-26 18:00:00,16980.0
2014-03-26 19:00:00,17736.0
2014-03-26 20:00:00,17580.0
2014-03-26 21:00:00,16607.0
2014-03-26 22:00:00,15217.0
2014-03-26 23:00:00,13976.0
2014-03-27 00:00:00,13221.0
2014-03-27 01:00:00,12842.0
2014-03-27 02:00:00,12691.0
2014-03-27 03:00:00,12721.0
2014-03-27 04:00:00,13094.0
2014-03-27 05:00:00,14211.0
2014-03-27 06:00:00,16162.0
2014-03-27 07:00:00,17047.0
2014-03-27 08:00:00,16975.0
2014-03-27 09:00:00,16785.0
2014-03-27 10:00:00,16576.0
2014-03-27 11:00:00,16285.0
2014-03-27 12:00:00,15915.0
2014-03-27 13:00:00,15617.0
2014-03-27 14:00:00,15259.0
2014-03-27 15:00:00,15050.0
2014-03-27 16:00:00,15094.0
2014-03-27 17:00:00,15429.0
2014-03-27 18:00:00,15787.0
2014-03-27 19:00:00,16606.0
2014-03-27 20:00:00,16472.0
2014-03-27 21:00:00,15504.0
2014-03-27 22:00:00,14100.0
2014-03-27 23:00:00,12868.0
2014-03-28 00:00:00,12041.0
2014-03-28 01:00:00,11608.0
2014-03-28 02:00:00,11404.0
2014-03-28 03:00:00,11357.0
2014-03-28 04:00:00,11650.0
2014-03-28 05:00:00,12677.0
2014-03-28 06:00:00,14554.0
2014-03-28 07:00:00,15574.0
2014-03-28 08:00:00,15785.0
2014-03-28 09:00:00,15803.0
2014-03-28 10:00:00,15790.0
2014-03-28 11:00:00,15678.0
2014-03-28 12:00:00,15406.0
2014-03-28 13:00:00,15279.0
2014-03-28 14:00:00,15109.0
2014-03-28 15:00:00,15054.0
2014-03-28 16:00:00,15116.0
2014-03-28 17:00:00,15266.0
2014-03-28 18:00:00,15217.0
2014-03-28 19:00:00,15425.0
2014-03-28 20:00:00,15097.0
2014-03-28 21:00:00,14261.0
2014-03-28 22:00:00,13175.0
2014-03-28 23:00:00,12049.0
2014-03-29 00:00:00,11296.0
2014-03-29 01:00:00,10815.0
2014-03-29 02:00:00,10553.0
2014-03-29 03:00:00,10452.0
2014-03-29 04:00:00,10526.0
2014-03-29 05:00:00,10878.0
2014-03-29 06:00:00,11595.0
2014-03-29 07:00:00,12406.0
2014-03-29 08:00:00,13269.0
2014-03-29 09:00:00,13756.0
2014-03-29 10:00:00,13958.0
2014-03-29 11:00:00,13962.0
2014-03-29 12:00:00,13786.0
2014-03-29 13:00:00,13618.0
2014-03-29 14:00:00,13528.0
2014-03-29 15:00:00,13573.0
2014-03-29 16:00:00,13784.0
2014-03-29 17:00:00,14141.0
2014-03-29 18:00:00,14428.0
2014-03-29 19:00:00,14759.0
2014-03-29 20:00:00,14458.0
2014-03-29 21:00:00,13796.0
2014-03-29 22:00:00,12902.0
2014-03-29 23:00:00,11980.0
2014-03-30 00:00:00,11229.0
2014-03-30 01:00:00,10782.0
2014-03-30 02:00:00,10527.0
2014-03-30 03:00:00,10415.0
2014-03-30 04:00:00,10439.0
2014-03-30 05:00:00,10707.0
2014-03-30 06:00:00,11252.0
2014-03-30 07:00:00,11986.0
2014-03-30 08:00:00,12984.0
2014-03-30 09:00:00,13849.0
2014-03-30 10:00:00,14340.0
2014-03-30 11:00:00,14581.0
2014-03-30 12:00:00,14661.0
2014-03-30 13:00:00,14550.0
2014-03-30 14:00:00,14424.0
2014-03-30 15:00:00,14431.0
2014-03-30 16:00:00,14655.0
2014-03-30 17:00:00,15129.0
2014-03-30 18:00:00,15471.0
2014-03-30 19:00:00,15819.0
2014-03-30 20:00:00,15480.0
2014-03-30 21:00:00,14483.0
2014-03-30 22:00:00,13270.0
2014-03-30 23:00:00,12174.0
2014-03-31 00:00:00,11463.0
2014-03-31 01:00:00,11109.0
2014-03-31 02:00:00,10981.0
2014-03-31 03:00:00,11033.0
2014-03-31 04:00:00,11409.0
2014-03-31 05:00:00,12579.0
2014-03-31 06:00:00,14582.0
2014-03-31 07:00:00,15788.0
2014-03-31 08:00:00,16180.0
2014-03-31 09:00:00,16426.0
2014-03-31 10:00:00,16593.0
2014-03-31 11:00:00,16617.0
2014-03-31 12:00:00,16424.0
2014-03-31 13:00:00,16243.0
2014-03-31 14:00:00,15981.0
2014-03-31 15:00:00,15817.0
2014-03-31 16:00:00,15921.0
2014-03-31 17:00:00,16201.0
2014-03-31 18:00:00,16419.0
2014-03-31 19:00:00,16876.0
2014-03-31 20:00:00,16536.0
2014-03-31 21:00:00,15506.0
2014-03-31 22:00:00,14085.0
2014-03-31 23:00:00,12809.0
2014-04-01 00:00:00,12005.0
2014-04-01 01:00:00,11591.0
2014-04-01 02:00:00,11391.0
2014-04-01 03:00:00,11368.0
2014-04-01 04:00:00,11716.0
2014-04-01 05:00:00,12844.0
2014-04-01 06:00:00,14714.0
2014-04-01 07:00:00,15614.0
2014-04-01 08:00:00,15556.0
2014-04-01 09:00:00,15428.0
2014-04-01 10:00:00,15302.0
2014-04-01 11:00:00,15113.0
2014-04-01 12:00:00,14833.0
2014-04-01 13:00:00,14652.0
2014-04-01 14:00:00,14389.0
2014-04-01 15:00:00,14210.0
2014-04-01 16:00:00,14262.0
2014-04-01 17:00:00,14529.0
2014-04-01 18:00:00,14836.0
2014-04-01 19:00:00,15607.0
2014-04-01 20:00:00,15548.0
2014-04-01 21:00:00,14636.0
2014-04-01 22:00:00,13245.0
2014-04-01 23:00:00,12031.0
2014-04-02 00:00:00,11279.0
2014-04-02 01:00:00,10911.0
2014-04-02 02:00:00,10790.0
2014-04-02 03:00:00,10828.0
2014-04-02 04:00:00,11203.0
2014-04-02 05:00:00,12359.0
2014-04-02 06:00:00,14260.0
2014-04-02 07:00:00,15232.0
2014-04-02 08:00:00,15284.0
2014-04-02 09:00:00,15207.0
2014-04-02 10:00:00,15222.0
2014-04-02 11:00:00,15178.0
2014-04-02 12:00:00,14990.0
2014-04-02 13:00:00,14873.0
2014-04-02 14:00:00,14605.0
2014-04-02 15:00:00,14332.0
2014-04-02 16:00:00,14281.0
2014-04-02 17:00:00,14471.0
2014-04-02 18:00:00,14696.0
2014-04-02 19:00:00,15447.0
2014-04-02 20:00:00,15544.0
2014-04-02 21:00:00,14623.0
2014-04-02 22:00:00,13271.0
2014-04-02 23:00:00,12033.0
2014-04-03 00:00:00,11265.0
2014-04-03 01:00:00,10904.0
2014-04-03 02:00:00,10747.0
2014-04-03 03:00:00,10753.0
2014-04-03 04:00:00,11119.0
2014-04-03 05:00:00,12291.0
2014-04-03 06:00:00,14162.0
2014-04-03 07:00:00,15095.0
2014-04-03 08:00:00,15098.0
2014-04-03 09:00:00,14959.0
2014-04-03 10:00:00,14859.0
2014-04-03 11:00:00,14702.0
2014-04-03 12:00:00,14493.0
2014-04-03 13:00:00,14351.0
2014-04-03 14:00:00,14115.0
2014-04-03 15:00:00,13909.0
2014-04-03 16:00:00,13964.0
2014-04-03 17:00:00,14220.0
2014-04-03 18:00:00,14535.0
2014-04-03 19:00:00,15310.0
2014-04-03 20:00:00,15329.0
2014-04-03 21:00:00,14439.0
2014-04-03 22:00:00,13081.0
2014-04-03 23:00:00,11871.0
2014-04-04 00:00:00,11102.0
2014-04-04 01:00:00,10695.0
2014-04-04 02:00:00,10525.0
2014-04-04 03:00:00,10521.0
2014-04-04 04:00:00,10849.0
2014-04-04 05:00:00,11935.0
2014-04-04 06:00:00,13784.0
2014-04-04 07:00:00,14813.0
2014-04-04 08:00:00,14977.0
2014-04-04 09:00:00,14900.0
2014-04-04 10:00:00,14863.0
2014-04-04 11:00:00,14754.0
2014-04-04 12:00:00,14615.0
2014-04-04 13:00:00,14566.0
2014-04-04 14:00:00,14456.0
2014-04-04 15:00:00,14417.0
2014-04-04 16:00:00,14637.0
2014-04-04 17:00:00,14973.0
2014-04-04 18:00:00,15147.0
2014-04-04 19:00:00,15419.0
2014-04-04 20:00:00,15147.0
2014-04-04 21:00:00,14398.0
2014-04-04 22:00:00,13307.0
2014-04-04 23:00:00,12212.0
2014-04-05 00:00:00,11389.0
2014-04-05 01:00:00,10930.0
2014-04-05 02:00:00,10687.0
2014-04-05 03:00:00,10557.0
2014-04-05 04:00:00,10625.0
2014-04-05 05:00:00,11031.0
2014-04-05 06:00:00,11737.0
2014-04-05 07:00:00,12623.0
2014-04-05 08:00:00,13575.0
2014-04-05 09:00:00,14076.0
2014-04-05 10:00:00,14164.0
2014-04-05 11:00:00,14031.0
2014-04-05 12:00:00,13798.0
2014-04-05 13:00:00,13513.0
2014-04-05 14:00:00,13281.0
2014-04-05 15:00:00,13179.0
2014-04-05 16:00:00,13214.0
2014-04-05 17:00:00,13396.0
2014-04-05 18:00:00,13580.0
2014-04-05 19:00:00,14184.0
2014-04-05 20:00:00,14291.0
2014-04-05 21:00:00,13786.0
2014-04-05 22:00:00,12903.0
2014-04-05 23:00:00,12004.0
2014-04-06 00:00:00,11236.0
2014-04-06 01:00:00,10783.0
2014-04-06 02:00:00,10556.0
2014-04-06 03:00:00,10491.0
2014-04-06 04:00:00,10584.0
2014-04-06 05:00:00,10900.0
2014-04-06 06:00:00,11350.0
2014-04-06 07:00:00,12026.0
2014-04-06 08:00:00,12742.0
2014-04-06 09:00:00,13200.0
2014-04-06 10:00:00,13305.0
2014-04-06 11:00:00,13246.0
2014-04-06 12:00:00,13064.0
2014-04-06 13:00:00,12775.0
2014-04-06 14:00:00,12523.0
2014-04-06 15:00:00,12408.0
2014-04-06 16:00:00,12591.0
2014-04-06 17:00:00,12989.0
2014-04-06 18:00:00,13387.0
2014-04-06 19:00:00,14210.0
2014-04-06 20:00:00,14401.0
2014-04-06 21:00:00,13532.0
2014-04-06 22:00:00,12374.0
2014-04-06 23:00:00,11253.0
2014-04-07 00:00:00,10613.0
2014-04-07 01:00:00,10279.0
2014-04-07 02:00:00,10171.0
2014-04-07 03:00:00,10241.0
2014-04-07 04:00:00,10631.0
2014-04-07 05:00:00,11838.0
2014-04-07 06:00:00,13730.0
2014-04-07 07:00:00,14721.0
2014-04-07 08:00:00,14762.0
2014-04-07 09:00:00,14750.0
2014-04-07 10:00:00,14781.0
2014-04-07 11:00:00,14750.0
2014-04-07 12:00:00,14652.0
2014-04-07 13:00:00,14603.0
2014-04-07 14:00:00,14469.0
2014-04-07 15:00:00,14365.0
2014-04-07 16:00:00,14604.0
2014-04-07 17:00:00,15112.0
2014-04-07 18:00:00,15385.0
2014-04-07 19:00:00,15766.0
2014-04-07 20:00:00,15424.0
2014-04-07 21:00:00,14340.0
2014-04-07 22:00:00,12950.0
2014-04-07 23:00:00,11716.0
2014-04-08 00:00:00,10895.0
2014-04-08 01:00:00,10426.0
2014-04-08 02:00:00,10228.0
2014-04-08 03:00:00,10188.0
2014-04-08 04:00:00,10495.0
2014-04-08 05:00:00,11538.0
2014-04-08 06:00:00,13451.0
2014-04-08 07:00:00,14610.0
2014-04-08 08:00:00,14962.0
2014-04-08 09:00:00,15076.0
2014-04-08 10:00:00,15188.0
2014-04-08 11:00:00,15108.0
2014-04-08 12:00:00,14913.0
2014-04-08 13:00:00,14803.0
2014-04-08 14:00:00,14561.0
2014-04-08 15:00:00,14439.0
2014-04-08 16:00:00,14516.0
2014-04-08 17:00:00,14700.0
2014-04-08 18:00:00,14778.0
2014-04-08 19:00:00,15199.0
2014-04-08 20:00:00,15116.0
2014-04-08 21:00:00,14135.0
2014-04-08 22:00:00,12758.0
2014-04-08 23:00:00,11527.0
2014-04-09 00:00:00,10719.0
2014-04-09 01:00:00,10302.0
2014-04-09 02:00:00,10129.0
2014-04-09 03:00:00,10159.0
2014-04-09 04:00:00,10507.0
2014-04-09 05:00:00,11660.0
2014-04-09 06:00:00,13551.0
2014-04-09 07:00:00,14531.0
2014-04-09 08:00:00,14580.0
2014-04-09 09:00:00,14562.0
2014-04-09 10:00:00,14581.0
2014-04-09 11:00:00,14555.0
2014-04-09 12:00:00,14424.0
2014-04-09 13:00:00,14341.0
2014-04-09 14:00:00,14122.0
2014-04-09 15:00:00,13947.0
2014-04-09 16:00:00,13957.0
2014-04-09 17:00:00,14146.0
2014-04-09 18:00:00,14292.0
2014-04-09 19:00:00,14959.0
2014-04-09 20:00:00,15171.0
2014-04-09 21:00:00,14273.0
2014-04-09 22:00:00,12913.0
2014-04-09 23:00:00,11697.0
2014-04-10 00:00:00,10931.0
2014-04-10 01:00:00,10577.0
2014-04-10 02:00:00,10459.0
2014-04-10 03:00:00,10528.0
2014-04-10 04:00:00,10907.0
2014-04-10 05:00:00,12098.0
2014-04-10 06:00:00,13925.0
2014-04-10 07:00:00,14855.0
2014-04-10 08:00:00,14839.0
2014-04-10 09:00:00,14731.0
2014-04-10 10:00:00,14628.0
2014-04-10 11:00:00,14495.0
2014-04-10 12:00:00,14304.0
2014-04-10 13:00:00,14201.0
2014-04-10 14:00:00,13975.0
2014-04-10 15:00:00,13815.0
2014-04-10 16:00:00,13832.0
2014-04-10 17:00:00,13998.0
2014-04-10 18:00:00,14167.0
2014-04-10 19:00:00,14856.0
2014-04-10 20:00:00,15075.0
2014-04-10 21:00:00,14194.0
2014-04-10 22:00:00,12819.0
2014-04-10 23:00:00,11554.0
2014-04-11 00:00:00,10726.0
2014-04-11 01:00:00,10277.0
2014-04-11 02:00:00,10058.0
2014-04-11 03:00:00,10000.0
2014-04-11 04:00:00,10300.0
2014-04-11 05:00:00,11321.0
2014-04-11 06:00:00,13069.0
2014-04-11 07:00:00,14159.0
2014-04-11 08:00:00,14481.0
2014-04-11 09:00:00,14587.0
2014-04-11 10:00:00,14595.0
2014-04-11 11:00:00,14486.0
2014-04-11 12:00:00,14316.0
2014-04-11 13:00:00,14243.0
2014-04-11 14:00:00,14086.0
2014-04-11 15:00:00,13919.0
2014-04-11 16:00:00,13906.0
2014-04-11 17:00:00,14011.0
2014-04-11 18:00:00,14077.0
2014-04-11 19:00:00,14373.0
2014-04-11 20:00:00,14213.0
2014-04-11 21:00:00,13426.0
2014-04-11 22:00:00,12291.0
2014-04-11 23:00:00,11167.0
2014-04-12 00:00:00,10348.0
2014-04-12 01:00:00,9860.0
2014-04-12 02:00:00,9607.0
2014-04-12 03:00:00,9521.0
2014-04-12 04:00:00,9618.0
2014-04-12 05:00:00,10029.0
2014-04-12 06:00:00,10626.0
2014-04-12 07:00:00,11527.0
2014-04-12 08:00:00,12383.0
2014-04-12 09:00:00,12850.0
2014-04-12 10:00:00,12970.0
2014-04-12 11:00:00,12884.0
2014-04-12 12:00:00,12701.0
2014-04-12 13:00:00,12453.0
2014-04-12 14:00:00,12238.0
2014-04-12 15:00:00,12157.0
2014-04-12 16:00:00,12235.0
2014-04-12 17:00:00,12401.0
2014-04-12 18:00:00,12535.0
2014-04-12 19:00:00,13050.0
2014-04-12 20:00:00,13272.0
2014-04-12 21:00:00,12629.0
2014-04-12 22:00:00,11719.0
2014-04-12 23:00:00,10737.0
2014-04-13 00:00:00,9978.0
2014-04-13 01:00:00,9537.0
2014-04-13 02:00:00,9297.0
2014-04-13 03:00:00,9208.0
2014-04-13 04:00:00,9238.0
2014-04-13 05:00:00,9518.0
2014-04-13 06:00:00,9895.0
2014-04-13 07:00:00,10682.0
2014-04-13 08:00:00,11727.0
2014-04-13 09:00:00,12577.0
2014-04-13 10:00:00,13012.0
2014-04-13 11:00:00,13172.0
2014-04-13 12:00:00,13079.0
2014-04-13 13:00:00,12828.0
2014-04-13 14:00:00,12575.0
2014-04-13 15:00:00,12467.0
2014-04-13 16:00:00,12608.0
2014-04-13 17:00:00,12881.0
2014-04-13 18:00:00,13103.0
2014-04-13 19:00:00,13750.0
2014-04-13 20:00:00,13950.0
2014-04-13 21:00:00,13057.0
2014-04-13 22:00:00,11858.0
2014-04-13 23:00:00,10753.0
2014-04-14 00:00:00,10001.0
2014-04-14 01:00:00,9592.0
2014-04-14 02:00:00,9413.0
2014-04-14 03:00:00,9383.0
2014-04-14 04:00:00,9708.0
2014-04-14 05:00:00,10770.0
2014-04-14 06:00:00,12355.0
2014-04-14 07:00:00,13546.0
2014-04-14 08:00:00,14018.0
2014-04-14 09:00:00,14240.0
2014-04-14 10:00:00,14496.0
2014-04-14 11:00:00,14601.0
2014-04-14 12:00:00,14554.0
2014-04-14 13:00:00,14569.0
2014-04-14 14:00:00,14402.0
2014-04-14 15:00:00,14249.0
2014-04-14 16:00:00,14213.0
2014-04-14 17:00:00,14259.0
2014-04-14 18:00:00,14264.0
2014-04-14 19:00:00,14747.0
2014-04-14 20:00:00,14775.0
2014-04-14 21:00:00,13725.0
2014-04-14 22:00:00,12353.0
2014-04-14 23:00:00,11088.0
2014-04-15 00:00:00,10270.0
2014-04-15 01:00:00,9830.0
2014-04-15 02:00:00,9611.0
2014-04-15 03:00:00,9569.0
2014-04-15 04:00:00,9835.0
2014-04-15 05:00:00,10810.0
2014-04-15 06:00:00,12477.0
2014-04-15 07:00:00,13750.0
2014-04-15 08:00:00,14313.0
2014-04-15 09:00:00,14680.0
2014-04-15 10:00:00,14928.0
2014-04-15 11:00:00,14995.0
2014-04-15 12:00:00,14972.0
2014-04-15 13:00:00,15007.0
2014-04-15 14:00:00,14860.0
2014-04-15 15:00:00,14801.0
2014-04-15 16:00:00,14934.0
2014-04-15 17:00:00,15147.0
2014-04-15 18:00:00,15117.0
2014-04-15 19:00:00,15235.0
2014-04-15 20:00:00,14893.0
2014-04-15 21:00:00,13876.0
2014-04-15 22:00:00,12495.0
2014-04-15 23:00:00,11339.0
2014-04-16 00:00:00,10582.0
2014-04-16 01:00:00,10207.0
2014-04-16 02:00:00,10038.0
2014-04-16 03:00:00,10079.0
2014-04-16 04:00:00,10446.0
2014-04-16 05:00:00,11560.0
2014-04-16 06:00:00,13373.0
2014-04-16 07:00:00,14578.0
2014-04-16 08:00:00,14942.0
2014-04-16 09:00:00,15026.0
2014-04-16 10:00:00,15079.0
2014-04-16 11:00:00,14997.0
2014-04-16 12:00:00,14782.0
2014-04-16 13:00:00,14645.0
2014-04-16 14:00:00,14387.0
2014-04-16 15:00:00,14189.0
2014-04-16 16:00:00,14222.0
2014-04-16 17:00:00,14415.0
2014-04-16 18:00:00,14593.0
2014-04-16 19:00:00,15180.0
2014-04-16 20:00:00,15573.0
2014-04-16 21:00:00,14755.0
2014-04-16 22:00:00,13451.0
2014-04-16 23:00:00,12209.0
2014-04-17 00:00:00,11466.0
2014-04-17 01:00:00,11062.0
2014-04-17 02:00:00,10892.0
2014-04-17 03:00:00,10945.0
2014-04-17 04:00:00,11315.0
2014-04-17 05:00:00,12372.0
2014-04-17 06:00:00,14014.0
2014-04-17 07:00:00,15030.0
2014-04-17 08:00:00,15197.0
2014-04-17 09:00:00,15177.0
2014-04-17 10:00:00,15121.0
2014-04-17 11:00:00,14956.0
2014-04-17 12:00:00,14690.0
2014-04-17 13:00:00,14532.0
2014-04-17 14:00:00,14267.0
2014-04-17 15:00:00,14071.0
2014-04-17 16:00:00,14070.0
2014-04-17 17:00:00,14245.0
2014-04-17 18:00:00,14379.0
2014-04-17 19:00:00,14968.0
2014-04-17 20:00:00,15390.0
2014-04-17 21:00:00,14649.0
2014-04-17 22:00:00,13385.0
2014-04-17 23:00:00,12201.0
2014-04-18 00:00:00,11396.0
2014-04-18 01:00:00,10976.0
2014-04-18 02:00:00,10802.0
2014-04-18 03:00:00,10827.0
2014-04-18 04:00:00,11113.0
2014-04-18 05:00:00,12008.0
2014-04-18 06:00:00,13210.0
2014-04-18 07:00:00,14186.0
2014-04-18 08:00:00,14701.0
2014-04-18 09:00:00,14979.0
2014-04-18 10:00:00,14988.0
2014-04-18 11:00:00,14790.0
2014-04-18 12:00:00,14451.0
2014-04-18 13:00:00,14234.0
2014-04-18 14:00:00,13988.0
2014-04-18 15:00:00,13820.0
2014-04-18 16:00:00,13831.0
2014-04-18 17:00:00,13991.0
2014-04-18 18:00:00,14081.0
2014-04-18 19:00:00,14451.0
2014-04-18 20:00:00,14617.0
2014-04-18 21:00:00,13951.0
2014-04-18 22:00:00,12893.0
2014-04-18 23:00:00,11783.0
2014-04-19 00:00:00,10975.0
2014-04-19 01:00:00,10519.0
2014-04-19 02:00:00,10321.0
2014-04-19 03:00:00,10242.0
2014-04-19 04:00:00,10340.0
2014-04-19 05:00:00,10691.0
2014-04-19 06:00:00,11239.0
2014-04-19 07:00:00,12087.0
2014-04-19 08:00:00,12821.0
2014-04-19 09:00:00,13169.0
2014-04-19 10:00:00,13252.0
2014-04-19 11:00:00,13126.0
2014-04-19 12:00:00,12891.0
2014-04-19 13:00:00,12593.0
2014-04-19 14:00:00,12367.0
2014-04-19 15:00:00,12259.0
2014-04-19 16:00:00,12314.0
2014-04-19 17:00:00,12520.0
2014-04-19 18:00:00,12681.0
2014-04-19 19:00:00,13126.0
2014-04-19 20:00:00,13564.0
2014-04-19 21:00:00,13037.0
2014-04-19 22:00:00,12140.0
2014-04-19 23:00:00,11136.0
2014-04-20 00:00:00,10341.0
2014-04-20 01:00:00,9886.0
2014-04-20 02:00:00,9694.0
2014-04-20 03:00:00,9627.0
2014-04-20 04:00:00,9736.0
2014-04-20 05:00:00,10037.0
2014-04-20 06:00:00,10466.0
2014-04-20 07:00:00,11241.0
2014-04-20 08:00:00,12042.0
2014-04-20 09:00:00,12539.0
2014-04-20 10:00:00,12647.0
2014-04-20 11:00:00,12598.0
2014-04-20 12:00:00,12350.0
2014-04-20 13:00:00,11873.0
2014-04-20 14:00:00,11427.0
2014-04-20 15:00:00,11216.0
2014-04-20 16:00:00,11229.0
2014-04-20 17:00:00,11358.0
2014-04-20 18:00:00,11669.0
2014-04-20 19:00:00,12415.0
2014-04-20 20:00:00,13113.0
2014-04-20 21:00:00,12549.0
2014-04-20 22:00:00,11625.0
2014-04-20 23:00:00,10714.0
2014-04-21 00:00:00,10118.0
2014-04-21 01:00:00,9807.0
2014-04-21 02:00:00,9725.0
2014-04-21 03:00:00,9806.0
2014-04-21 04:00:00,10164.0
2014-04-21 05:00:00,11116.0
2014-04-21 06:00:00,12465.0
2014-04-21 07:00:00,13540.0
2014-04-21 08:00:00,13958.0
2014-04-21 09:00:00,14139.0
2014-04-21 10:00:00,14277.0
2014-04-21 11:00:00,14294.0
2014-04-21 12:00:00,14219.0
2014-04-21 13:00:00,14134.0
2014-04-21 14:00:00,13967.0
2014-04-21 15:00:00,13821.0
2014-04-21 16:00:00,13792.0
2014-04-21 17:00:00,13763.0
2014-04-21 18:00:00,13807.0
2014-04-21 19:00:00,14239.0
2014-04-21 20:00:00,14512.0
2014-04-21 21:00:00,13558.0
2014-04-21 22:00:00,12208.0
2014-04-21 23:00:00,11003.0
2014-04-22 00:00:00,10238.0
2014-04-22 01:00:00,9817.0
2014-04-22 02:00:00,9620.0
2014-04-22 03:00:00,9602.0
2014-04-22 04:00:00,9909.0
2014-04-22 05:00:00,10807.0
2014-04-22 06:00:00,12220.0
2014-04-22 07:00:00,13399.0
2014-04-22 08:00:00,13864.0
2014-04-22 09:00:00,14075.0
2014-04-22 10:00:00,14240.0
2014-04-22 11:00:00,14299.0
2014-04-22 12:00:00,14268.0
2014-04-22 13:00:00,14268.0
2014-04-22 14:00:00,14137.0
2014-04-22 15:00:00,13980.0
2014-04-22 16:00:00,13970.0
2014-04-22 17:00:00,14126.0
2014-04-22 18:00:00,14235.0
2014-04-22 19:00:00,14639.0
2014-04-22 20:00:00,14515.0
2014-04-22 21:00:00,13512.0
2014-04-22 22:00:00,12176.0
2014-04-22 23:00:00,10947.0
2014-04-23 00:00:00,10163.0
2014-04-23 01:00:00,9745.0
2014-04-23 02:00:00,9540.0
2014-04-23 03:00:00,9513.0
2014-04-23 04:00:00,9770.0
2014-04-23 05:00:00,10674.0
2014-04-23 06:00:00,12126.0
2014-04-23 07:00:00,13442.0
2014-04-23 08:00:00,14073.0
2014-04-23 09:00:00,14370.0
2014-04-23 10:00:00,14627.0
2014-04-23 11:00:00,14708.0
2014-04-23 12:00:00,14669.0
2014-04-23 13:00:00,14617.0
2014-04-23 14:00:00,14370.0
2014-04-23 15:00:00,14170.0
2014-04-23 16:00:00,14217.0
2014-04-23 17:00:00,14399.0
2014-04-23 18:00:00,14525.0
2014-04-23 19:00:00,14846.0
2014-04-23 20:00:00,14873.0
2014-04-23 21:00:00,13930.0
2014-04-23 22:00:00,12614.0
2014-04-23 23:00:00,11400.0
2014-04-24 00:00:00,10624.0
2014-04-24 01:00:00,10214.0
2014-04-24 02:00:00,10042.0
2014-04-24 03:00:00,10055.0
2014-04-24 04:00:00,10380.0
2014-04-24 05:00:00,11359.0
2014-04-24 06:00:00,12806.0
2014-04-24 07:00:00,13937.0
2014-04-24 08:00:00,14334.0
2014-04-24 09:00:00,14448.0
2014-04-24 10:00:00,14512.0
2014-04-24 11:00:00,14433.0
2014-04-24 12:00:00,14236.0
2014-04-24 13:00:00,14131.0
2014-04-24 14:00:00,13907.0
2014-04-24 15:00:00,13700.0
2014-04-24 16:00:00,13683.0
2014-04-24 17:00:00,13795.0
2014-04-24 18:00:00,13816.0
2014-04-24 19:00:00,14191.0
2014-04-24 20:00:00,14653.0
2014-04-24 21:00:00,13861.0
2014-04-24 22:00:00,12596.0
2014-04-24 23:00:00,11407.0
2014-04-25 00:00:00,10593.0
2014-04-25 01:00:00,10145.0
2014-04-25 02:00:00,9952.0
2014-04-25 03:00:00,9936.0
2014-04-25 04:00:00,10283.0
2014-04-25 05:00:00,11188.0
2014-04-25 06:00:00,12533.0
2014-04-25 07:00:00,13566.0
2014-04-25 08:00:00,13934.0
2014-04-25 09:00:00,14050.0
2014-04-25 10:00:00,14126.0
2014-04-25 11:00:00,14038.0
2014-04-25 12:00:00,13905.0
2014-04-25 13:00:00,13809.0
2014-04-25 14:00:00,13602.0
2014-04-25 15:00:00,13399.0
2014-04-25 16:00:00,13313.0
2014-04-25 17:00:00,13278.0
2014-04-25 18:00:00,13265.0
2014-04-25 19:00:00,13633.0
2014-04-25 20:00:00,13926.0
2014-04-25 21:00:00,13230.0
2014-04-25 22:00:00,12169.0
2014-04-25 23:00:00,11085.0
2014-04-26 00:00:00,10286.0
2014-04-26 01:00:00,9824.0
2014-04-26 02:00:00,9576.0
2014-04-26 03:00:00,9481.0
2014-04-26 04:00:00,9550.0
2014-04-26 05:00:00,9926.0
2014-04-26 06:00:00,10515.0
2014-04-26 07:00:00,11456.0
2014-04-26 08:00:00,12554.0
2014-04-26 09:00:00,13308.0
2014-04-26 10:00:00,13707.0
2014-04-26 11:00:00,13842.0
2014-04-26 12:00:00,13743.0
2014-04-26 13:00:00,13494.0
2014-04-26 14:00:00,13251.0
2014-04-26 15:00:00,13088.0
2014-04-26 16:00:00,13084.0
2014-04-26 17:00:00,13279.0
2014-04-26 18:00:00,13373.0
2014-04-26 19:00:00,13558.0
2014-04-26 20:00:00,13644.0
2014-04-26 21:00:00,13031.0
2014-04-26 22:00:00,12107.0
2014-04-26 23:00:00,11121.0
2014-04-27 00:00:00,10377.0
2014-04-27 01:00:00,9911.0
2014-04-27 02:00:00,9662.0
2014-04-27 03:00:00,9544.0
2014-04-27 04:00:00,9596.0
2014-04-27 05:00:00,9846.0
2014-04-27 06:00:00,10216.0
2014-04-27 07:00:00,10984.0
2014-04-27 08:00:00,11887.0
2014-04-27 09:00:00,12576.0
2014-04-27 10:00:00,12962.0
2014-04-27 11:00:00,13120.0
2014-04-27 12:00:00,13119.0
2014-04-27 13:00:00,12917.0
2014-04-27 14:00:00,12720.0
2014-04-27 15:00:00,12658.0
2014-04-27 16:00:00,12871.0
2014-04-27 17:00:00,13255.0
2014-04-27 18:00:00,13419.0
2014-04-27 19:00:00,13709.0
2014-04-27 20:00:00,14060.0
2014-04-27 21:00:00,13199.0
2014-04-27 22:00:00,12014.0
2014-04-27 23:00:00,10935.0
2014-04-28 00:00:00,10247.0
2014-04-28 01:00:00,9901.0
2014-04-28 02:00:00,9769.0
2014-04-28 03:00:00,9817.0
2014-04-28 04:00:00,10187.0
2014-04-28 05:00:00,11265.0
2014-04-28 06:00:00,12941.0
2014-04-28 07:00:00,13988.0
2014-04-28 08:00:00,14170.0
2014-04-28 09:00:00,14222.0
2014-04-28 10:00:00,14318.0
2014-04-28 11:00:00,14289.0
2014-04-28 12:00:00,14208.0
2014-04-28 13:00:00,14162.0
2014-04-28 14:00:00,13973.0
2014-04-28 15:00:00,13880.0
2014-04-28 16:00:00,13980.0
2014-04-28 17:00:00,14174.0
2014-04-28 18:00:00,14237.0
2014-04-28 19:00:00,14554.0
2014-04-28 20:00:00,14771.0
2014-04-28 21:00:00,13770.0
2014-04-28 22:00:00,12364.0
2014-04-28 23:00:00,11139.0
2014-04-29 00:00:00,10362.0
2014-04-29 01:00:00,9959.0
2014-04-29 02:00:00,9780.0
2014-04-29 03:00:00,9743.0
2014-04-29 04:00:00,10034.0
2014-04-29 05:00:00,11090.0
2014-04-29 06:00:00,12845.0
2014-04-29 07:00:00,14098.0
2014-04-29 08:00:00,14454.0
2014-04-29 09:00:00,14628.0
2014-04-29 10:00:00,14741.0
2014-04-29 11:00:00,14716.0
2014-04-29 12:00:00,14604.0
2014-04-29 13:00:00,14579.0
2014-04-29 14:00:00,14371.0
2014-04-29 15:00:00,14276.0
2014-04-29 16:00:00,14431.0
2014-04-29 17:00:00,14726.0
2014-04-29 18:00:00,14936.0
2014-04-29 19:00:00,15283.0
2014-04-29 20:00:00,15323.0
2014-04-29 21:00:00,14312.0
2014-04-29 22:00:00,12848.0
2014-04-29 23:00:00,11564.0
2014-04-30 00:00:00,10765.0
2014-04-30 01:00:00,10330.0
2014-04-30 02:00:00,10123.0
2014-04-30 03:00:00,10100.0
2014-04-30 04:00:00,10413.0
2014-04-30 05:00:00,11479.0
2014-04-30 06:00:00,13237.0
2014-04-30 07:00:00,14528.0
2014-04-30 08:00:00,14949.0
2014-04-30 09:00:00,15111.0
2014-04-30 10:00:00,15235.0
2014-04-30 11:00:00,15230.0
2014-04-30 12:00:00,15093.0
2014-04-30 13:00:00,15068.0
2014-04-30 14:00:00,14936.0
2014-04-30 15:00:00,14886.0
2014-04-30 16:00:00,15078.0
2014-04-30 17:00:00,15423.0
2014-04-30 18:00:00,15515.0
2014-04-30 19:00:00,15662.0
2014-04-30 20:00:00,15503.0
2014-04-30 21:00:00,14489.0
2014-04-30 22:00:00,13063.0
2014-04-30 23:00:00,11786.0
2014-05-01 00:00:00,10966.0
2014-05-01 01:00:00,10520.0
2014-05-01 02:00:00,10279.0
2014-05-01 03:00:00,10231.0
2014-05-01 04:00:00,10508.0
2014-05-01 05:00:00,11524.0
2014-05-01 06:00:00,13245.0
2014-05-01 07:00:00,14459.0
2014-05-01 08:00:00,14811.0
2014-05-01 09:00:00,14959.0
2014-05-01 10:00:00,15036.0
2014-05-01 11:00:00,15002.0
2014-05-01 12:00:00,14836.0
2014-05-01 13:00:00,14696.0
2014-05-01 14:00:00,14450.0
2014-05-01 15:00:00,14286.0
2014-05-01 16:00:00,14301.0
2014-05-01 17:00:00,14326.0
2014-05-01 18:00:00,14234.0
2014-05-01 19:00:00,14404.0
2014-05-01 20:00:00,14786.0
2014-05-01 21:00:00,13954.0
2014-05-01 22:00:00,12607.0
2014-05-01 23:00:00,11341.0
2014-05-02 00:00:00,10415.0
2014-05-02 01:00:00,9932.0
2014-05-02 02:00:00,9676.0
2014-05-02 03:00:00,9614.0
2014-05-02 04:00:00,9870.0
2014-05-02 05:00:00,10782.0
2014-05-02 06:00:00,12329.0
2014-05-02 07:00:00,13503.0
2014-05-02 08:00:00,13899.0
2014-05-02 09:00:00,14050.0
2014-05-02 10:00:00,14127.0
2014-05-02 11:00:00,14148.0
2014-05-02 12:00:00,14106.0
2014-05-02 13:00:00,14025.0
2014-05-02 14:00:00,13812.0
2014-05-02 15:00:00,13610.0
2014-05-02 16:00:00,13503.0
2014-05-02 17:00:00,13443.0
2014-05-02 18:00:00,13310.0
2014-05-02 19:00:00,13456.0
2014-05-02 20:00:00,13906.0
2014-05-02 21:00:00,13320.0
2014-05-02 22:00:00,12243.0
2014-05-02 23:00:00,11090.0
2014-05-03 00:00:00,10245.0
2014-05-03 01:00:00,9737.0
2014-05-03 02:00:00,9476.0
2014-05-03 03:00:00,9385.0
2014-05-03 04:00:00,9454.0
2014-05-03 05:00:00,9731.0
2014-05-03 06:00:00,10332.0
2014-05-03 07:00:00,11289.0
2014-05-03 08:00:00,12153.0
2014-05-03 09:00:00,12595.0
2014-05-03 10:00:00,12732.0
2014-05-03 11:00:00,12744.0
2014-05-03 12:00:00,12637.0
2014-05-03 13:00:00,12476.0
2014-05-03 14:00:00,12297.0
2014-05-03 15:00:00,12222.0
2014-05-03 16:00:00,12277.0
2014-05-03 17:00:00,12459.0
2014-05-03 18:00:00,12517.0
2014-05-03 19:00:00,12791.0
2014-05-03 20:00:00,13166.0
2014-05-03 21:00:00,12598.0
2014-05-03 22:00:00,11664.0
2014-05-03 23:00:00,10683.0
2014-05-04 00:00:00,9910.0
2014-05-04 01:00:00,9432.0
2014-05-04 02:00:00,9185.0
2014-05-04 03:00:00,9075.0
2014-05-04 04:00:00,9099.0
2014-05-04 05:00:00,9248.0
2014-05-04 06:00:00,9562.0
2014-05-04 07:00:00,10336.0
2014-05-04 08:00:00,11255.0
2014-05-04 09:00:00,11940.0
2014-05-04 10:00:00,12324.0
2014-05-04 11:00:00,12478.0
2014-05-04 12:00:00,12503.0
2014-05-04 13:00:00,12376.0
2014-05-04 14:00:00,12243.0
2014-05-04 15:00:00,12251.0
2014-05-04 16:00:00,12484.0
2014-05-04 17:00:00,12804.0
2014-05-04 18:00:00,12987.0
2014-05-04 19:00:00,13216.0
2014-05-04 20:00:00,13633.0
2014-05-04 21:00:00,12861.0
2014-05-04 22:00:00,11681.0
2014-05-04 23:00:00,10579.0
2014-05-05 00:00:00,9861.0
2014-05-05 01:00:00,9490.0
2014-05-05 02:00:00,9342.0
2014-05-05 03:00:00,9352.0
2014-05-05 04:00:00,9686.0
2014-05-05 05:00:00,10673.0
2014-05-05 06:00:00,12358.0
2014-05-05 07:00:00,13555.0
2014-05-05 08:00:00,13929.0
2014-05-05 09:00:00,14146.0
2014-05-05 10:00:00,14288.0
2014-05-05 11:00:00,14345.0
2014-05-05 12:00:00,14265.0
2014-05-05 13:00:00,14192.0
2014-05-05 14:00:00,14011.0
2014-05-05 15:00:00,13859.0
2014-05-05 16:00:00,13894.0
2014-05-05 17:00:00,13974.0
2014-05-05 18:00:00,13916.0
2014-05-05 19:00:00,14078.0
2014-05-05 20:00:00,14507.0
2014-05-05 21:00:00,13644.0
2014-05-05 22:00:00,12225.0
2014-05-05 23:00:00,10956.0
2014-05-06 00:00:00,10163.0
2014-05-06 01:00:00,9739.0
2014-05-06 02:00:00,9541.0
2014-05-06 03:00:00,9534.0
2014-05-06 04:00:00,9829.0
2014-05-06 05:00:00,10776.0
2014-05-06 06:00:00,12408.0
2014-05-06 07:00:00,13501.0
2014-05-06 08:00:00,13794.0
2014-05-06 09:00:00,13945.0
2014-05-06 10:00:00,14011.0
2014-05-06 11:00:00,14156.0
2014-05-06 12:00:00,14142.0
2014-05-06 13:00:00,14134.0
2014-05-06 14:00:00,14016.0
2014-05-06 15:00:00,13852.0
2014-05-06 16:00:00,13855.0
2014-05-06 17:00:00,13929.0
2014-05-06 18:00:00,13893.0
2014-05-06 19:00:00,14063.0
2014-05-06 20:00:00,14540.0
2014-05-06 21:00:00,13736.0
2014-05-06 22:00:00,12301.0
2014-05-06 23:00:00,11013.0
2014-05-07 00:00:00,10221.0
2014-05-07 01:00:00,9807.0
2014-05-07 02:00:00,9625.0
2014-05-07 03:00:00,9637.0
2014-05-07 04:00:00,9963.0
2014-05-07 05:00:00,10895.0
2014-05-07 06:00:00,12570.0
2014-05-07 07:00:00,13602.0
2014-05-07 08:00:00,13849.0
2014-05-07 09:00:00,13936.0
2014-05-07 10:00:00,14049.0
2014-05-07 11:00:00,14068.0
2014-05-07 12:00:00,14004.0
2014-05-07 13:00:00,14050.0
2014-05-07 14:00:00,13966.0
2014-05-07 15:00:00,13857.0
2014-05-07 16:00:00,13846.0
2014-05-07 17:00:00,13877.0
2014-05-07 18:00:00,13811.0
2014-05-07 19:00:00,13974.0
2014-05-07 20:00:00,14496.0
2014-05-07 21:00:00,13694.0
2014-05-07 22:00:00,12265.0
2014-05-07 23:00:00,10967.0
2014-05-08 00:00:00,10146.0
2014-05-08 01:00:00,9709.0
2014-05-08 02:00:00,9504.0
2014-05-08 03:00:00,9489.0
2014-05-08 04:00:00,9781.0
2014-05-08 05:00:00,10720.0
2014-05-08 06:00:00,12379.0
2014-05-08 07:00:00,13511.0
2014-05-08 08:00:00,13894.0
2014-05-08 09:00:00,14143.0
2014-05-08 10:00:00,14359.0
2014-05-08 11:00:00,14432.0
2014-05-08 12:00:00,14359.0
2014-05-08 13:00:00,14351.0
2014-05-08 14:00:00,14194.0
2014-05-08 15:00:00,14067.0
2014-05-08 16:00:00,14048.0
2014-05-08 17:00:00,14050.0
2014-05-08 18:00:00,14002.0
2014-05-08 19:00:00,14217.0
2014-05-08 20:00:00,14621.0
2014-05-08 21:00:00,13771.0
2014-05-08 22:00:00,12441.0
2014-05-08 23:00:00,11147.0
2014-05-09 00:00:00,10276.0
2014-05-09 01:00:00,9799.0
2014-05-09 02:00:00,9541.0
2014-05-09 03:00:00,9458.0
2014-05-09 04:00:00,9692.0
2014-05-09 05:00:00,10527.0
2014-05-09 06:00:00,12203.0
2014-05-09 07:00:00,13516.0
2014-05-09 08:00:00,14017.0
2014-05-09 09:00:00,14327.0
2014-05-09 10:00:00,14530.0
2014-05-09 11:00:00,14548.0
2014-05-09 12:00:00,14459.0
2014-05-09 13:00:00,14411.0
2014-05-09 14:00:00,14235.0
2014-05-09 15:00:00,14074.0
2014-05-09 16:00:00,14073.0
2014-05-09 17:00:00,14088.0
2014-05-09 18:00:00,14008.0
2014-05-09 19:00:00,14057.0
2014-05-09 20:00:00,14127.0
2014-05-09 21:00:00,13396.0
2014-05-09 22:00:00,12280.0
2014-05-09 23:00:00,11127.0
2014-05-10 00:00:00,10256.0
2014-05-10 01:00:00,9757.0
2014-05-10 02:00:00,9472.0
2014-05-10 03:00:00,9341.0
2014-05-10 04:00:00,9396.0
2014-05-10 05:00:00,9746.0
2014-05-10 06:00:00,10364.0
2014-05-10 07:00:00,11424.0
2014-05-10 08:00:00,12471.0
2014-05-10 09:00:00,13156.0
2014-05-10 10:00:00,13429.0
2014-05-10 11:00:00,13473.0
2014-05-10 12:00:00,13367.0
2014-05-10 13:00:00,13237.0
2014-05-10 14:00:00,13131.0
2014-05-10 15:00:00,13099.0
2014-05-10 16:00:00,13152.0
2014-05-10 17:00:00,13279.0
2014-05-10 18:00:00,13399.0
2014-05-10 19:00:00,13511.0
2014-05-10 20:00:00,13762.0
2014-05-10 21:00:00,13208.0
2014-05-10 22:00:00,12216.0
2014-05-10 23:00:00,11115.0
2014-05-11 00:00:00,10239.0
2014-05-11 01:00:00,9688.0
2014-05-11 02:00:00,9355.0
2014-05-11 03:00:00,9154.0
2014-05-11 04:00:00,9099.0
2014-05-11 05:00:00,9167.0
2014-05-11 06:00:00,9456.0
2014-05-11 07:00:00,10323.0
2014-05-11 08:00:00,11340.0
2014-05-11 09:00:00,12027.0
2014-05-11 10:00:00,12292.0
2014-05-11 11:00:00,12370.0
2014-05-11 12:00:00,12314.0
2014-05-11 13:00:00,12210.0
2014-05-11 14:00:00,12136.0
2014-05-11 15:00:00,12204.0
2014-05-11 16:00:00,12421.0
2014-05-11 17:00:00,12692.0
2014-05-11 18:00:00,12855.0
2014-05-11 19:00:00,13062.0
2014-05-11 20:00:00,13743.0
2014-05-11 21:00:00,13163.0
2014-05-11 22:00:00,11921.0
2014-05-11 23:00:00,10693.0
2014-05-12 00:00:00,9865.0
2014-05-12 01:00:00,9417.0
2014-05-12 02:00:00,9195.0
2014-05-12 03:00:00,9144.0
2014-05-12 04:00:00,9435.0
2014-05-12 05:00:00,10260.0
2014-05-12 06:00:00,11948.0
2014-05-12 07:00:00,13346.0
2014-05-12 08:00:00,14025.0
2014-05-12 09:00:00,14542.0
2014-05-12 10:00:00,14975.0
2014-05-12 11:00:00,15256.0
2014-05-12 12:00:00,15401.0
2014-05-12 13:00:00,15625.0
2014-05-12 14:00:00,15672.0
2014-05-12 15:00:00,15660.0
2014-05-12 16:00:00,15688.0
2014-05-12 17:00:00,15666.0
2014-05-12 18:00:00,15488.0
2014-05-12 19:00:00,15497.0
2014-05-12 20:00:00,15826.0
2014-05-12 21:00:00,14890.0
2014-05-12 22:00:00,13270.0
2014-05-12 23:00:00,11730.0
2014-05-13 00:00:00,10631.0
2014-05-13 01:00:00,10037.0
2014-05-13 02:00:00,9710.0
2014-05-13 03:00:00,9565.0
2014-05-13 04:00:00,9788.0
2014-05-13 05:00:00,10561.0
2014-05-13 06:00:00,12104.0
2014-05-13 07:00:00,13331.0
2014-05-13 08:00:00,13753.0
2014-05-13 09:00:00,14009.0
2014-05-13 10:00:00,14228.0
2014-05-13 11:00:00,14330.0
2014-05-13 12:00:00,14306.0
2014-05-13 13:00:00,14349.0
2014-05-13 14:00:00,14223.0
2014-05-13 15:00:00,14099.0
2014-05-13 16:00:00,14137.0
2014-05-13 17:00:00,14188.0
2014-05-13 18:00:00,14091.0
2014-05-13 19:00:00,14118.0
2014-05-13 20:00:00,14504.0
2014-05-13 21:00:00,13676.0
2014-05-13 22:00:00,12208.0
2014-05-13 23:00:00,10921.0
2014-05-14 00:00:00,10079.0
2014-05-14 01:00:00,9629.0
2014-05-14 02:00:00,9400.0
2014-05-14 03:00:00,9346.0
2014-05-14 04:00:00,9616.0
2014-05-14 05:00:00,10502.0
2014-05-14 06:00:00,12139.0
2014-05-14 07:00:00,13366.0
2014-05-14 08:00:00,13753.0
2014-05-14 09:00:00,13975.0
2014-05-14 10:00:00,14181.0
2014-05-14 11:00:00,14290.0
2014-05-14 12:00:00,14288.0
2014-05-14 13:00:00,14388.0
2014-05-14 14:00:00,14327.0
2014-05-14 15:00:00,14251.0
2014-05-14 16:00:00,14307.0
2014-05-14 17:00:00,14346.0
2014-05-14 18:00:00,14246.0
2014-05-14 19:00:00,14345.0
2014-05-14 20:00:00,14707.0
2014-05-14 21:00:00,13910.0
2014-05-14 22:00:00,12493.0
2014-05-14 23:00:00,11172.0
2014-05-15 00:00:00,10315.0
2014-05-15 01:00:00,9840.0
2014-05-15 02:00:00,9602.0
2014-05-15 03:00:00,9574.0
2014-05-15 04:00:00,9848.0
2014-05-15 05:00:00,10737.0
2014-05-15 06:00:00,12439.0
2014-05-15 07:00:00,13807.0
2014-05-15 08:00:00,14361.0
2014-05-15 09:00:00,14723.0
2014-05-15 10:00:00,15093.0
2014-05-15 11:00:00,15317.0
2014-05-15 12:00:00,15455.0
2014-05-15 13:00:00,15590.0
2014-05-15 14:00:00,15502.0
2014-05-15 15:00:00,15367.0
2014-05-15 16:00:00,15296.0
2014-05-15 17:00:00,15210.0
2014-05-15 18:00:00,15067.0
2014-05-15 19:00:00,15103.0
2014-05-15 20:00:00,15352.0
2014-05-15 21:00:00,14479.0
2014-05-15 22:00:00,13014.0
2014-05-15 23:00:00,11652.0
2014-05-16 00:00:00,10747.0
2014-05-16 01:00:00,10240.0
2014-05-16 02:00:00,9943.0
2014-05-16 03:00:00,9851.0
2014-05-16 04:00:00,10093.0
2014-05-16 05:00:00,10916.0
2014-05-16 06:00:00,12586.0
2014-05-16 07:00:00,13973.0
2014-05-16 08:00:00,14622.0
2014-05-16 09:00:00,15075.0
2014-05-16 10:00:00,15393.0
2014-05-16 11:00:00,15494.0
2014-05-16 12:00:00,15404.0
2014-05-16 13:00:00,15358.0
2014-05-16 14:00:00,15168.0
2014-05-16 15:00:00,14996.0
2014-05-16 16:00:00,14959.0
2014-05-16 17:00:00,14915.0
2014-05-16 18:00:00,14749.0
2014-05-16 19:00:00,14704.0
2014-05-16 20:00:00,14688.0
2014-05-16 21:00:00,13975.0
2014-05-16 22:00:00,12863.0
2014-05-16 23:00:00,11680.0
2014-05-17 00:00:00,10784.0
2014-05-17 01:00:00,10230.0
2014-05-17 02:00:00,9897.0
2014-05-17 03:00:00,9734.0
2014-05-17 04:00:00,9741.0
2014-05-17 05:00:00,10020.0
2014-05-17 06:00:00,10588.0
2014-05-17 07:00:00,11524.0
2014-05-17 08:00:00,12577.0
2014-05-17 09:00:00,13258.0
2014-05-17 10:00:00,13548.0
2014-05-17 11:00:00,13606.0
2014-05-17 12:00:00,13479.0
2014-05-17 13:00:00,13308.0
2014-05-17 14:00:00,13171.0
2014-05-17 15:00:00,13104.0
2014-05-17 16:00:00,13166.0
2014-05-17 17:00:00,13259.0
2014-05-17 18:00:00,13182.0
2014-05-17 19:00:00,13060.0
2014-05-17 20:00:00,13387.0
2014-05-17 21:00:00,12986.0
2014-05-17 22:00:00,12000.0
2014-05-17 23:00:00,10912.0
2014-05-18 00:00:00,10041.0
2014-05-18 01:00:00,9484.0
2014-05-18 02:00:00,9162.0
2014-05-18 03:00:00,8997.0
2014-05-18 04:00:00,8974.0
2014-05-18 05:00:00,9041.0
2014-05-18 06:00:00,9424.0
2014-05-18 07:00:00,10213.0
2014-05-18 08:00:00,11135.0
2014-05-18 09:00:00,11823.0
2014-05-18 10:00:00,12183.0
2014-05-18 11:00:00,12384.0
2014-05-18 12:00:00,12441.0
2014-05-18 13:00:00,12356.0
2014-05-18 14:00:00,12282.0
2014-05-18 15:00:00,12296.0
2014-05-18 16:00:00,12516.0
2014-05-18 17:00:00,12851.0
2014-05-18 18:00:00,13001.0
2014-05-18 19:00:00,13106.0
2014-05-18 20:00:00,13497.0
2014-05-18 21:00:00,12891.0
2014-05-18 22:00:00,11663.0
2014-05-18 23:00:00,10489.0
2014-05-19 00:00:00,9707.0
2014-05-19 01:00:00,9299.0
2014-05-19 02:00:00,9108.0
2014-05-19 03:00:00,9084.0
2014-05-19 04:00:00,9377.0
2014-05-19 05:00:00,10200.0
2014-05-19 06:00:00,11887.0
2014-05-19 07:00:00,13207.0
2014-05-19 08:00:00,13721.0
2014-05-19 09:00:00,14038.0
2014-05-19 10:00:00,14328.0
2014-05-19 11:00:00,14510.0
2014-05-19 12:00:00,14505.0
2014-05-19 13:00:00,14518.0
2014-05-19 14:00:00,14382.0
2014-05-19 15:00:00,14241.0
2014-05-19 16:00:00,14257.0
2014-05-19 17:00:00,14352.0
2014-05-19 18:00:00,14268.0
2014-05-19 19:00:00,14251.0
2014-05-19 20:00:00,14453.0
2014-05-19 21:00:00,13608.0
2014-05-19 22:00:00,12164.0
2014-05-19 23:00:00,10848.0
2014-05-20 00:00:00,10010.0
2014-05-20 01:00:00,9563.0
2014-05-20 02:00:00,9338.0
2014-05-20 03:00:00,9296.0
2014-05-20 04:00:00,9570.0
2014-05-20 05:00:00,10373.0
2014-05-20 06:00:00,12061.0
2014-05-20 07:00:00,13373.0
2014-05-20 08:00:00,13831.0
2014-05-20 09:00:00,14145.0
2014-05-20 10:00:00,14426.0
2014-05-20 11:00:00,14555.0
2014-05-20 12:00:00,14566.0
2014-05-20 13:00:00,14637.0
2014-05-20 14:00:00,14614.0
2014-05-20 15:00:00,14572.0
2014-05-20 16:00:00,14565.0
2014-05-20 17:00:00,14541.0
2014-05-20 18:00:00,14390.0
2014-05-20 19:00:00,14321.0
2014-05-20 20:00:00,14652.0
2014-05-20 21:00:00,13883.0
2014-05-20 22:00:00,12397.0
2014-05-20 23:00:00,11059.0
2014-05-21 00:00:00,10170.0
2014-05-21 01:00:00,9665.0
2014-05-21 02:00:00,9383.0
2014-05-21 03:00:00,9321.0
2014-05-21 04:00:00,9571.0
2014-05-21 05:00:00,10343.0
2014-05-21 06:00:00,12039.0
2014-05-21 07:00:00,13351.0
2014-05-21 08:00:00,13881.0
2014-05-21 09:00:00,14275.0
2014-05-21 10:00:00,14598.0
2014-05-21 11:00:00,14745.0
2014-05-21 12:00:00,14836.0
2014-05-21 13:00:00,14961.0
2014-05-21 14:00:00,14940.0
2014-05-21 15:00:00,14857.0
2014-05-21 16:00:00,14820.0
2014-05-21 17:00:00,14706.0
2014-05-21 18:00:00,14475.0
2014-05-21 19:00:00,14407.0
2014-05-21 20:00:00,14707.0
2014-05-21 21:00:00,13987.0
2014-05-21 22:00:00,12504.0
2014-05-21 23:00:00,11141.0
2014-05-22 00:00:00,10238.0
2014-05-22 01:00:00,9751.0
2014-05-22 02:00:00,9498.0
2014-05-22 03:00:00,9411.0
2014-05-22 04:00:00,9660.0
2014-05-22 05:00:00,10443.0
2014-05-22 06:00:00,12132.0
2014-05-22 07:00:00,13468.0
2014-05-22 08:00:00,14030.0
2014-05-22 09:00:00,14405.0
2014-05-22 10:00:00,14703.0
2014-05-22 11:00:00,14869.0
2014-05-22 12:00:00,14846.0
2014-05-22 13:00:00,14852.0
2014-05-22 14:00:00,14676.0
2014-05-22 15:00:00,14521.0
2014-05-22 16:00:00,14527.0
2014-05-22 17:00:00,14604.0
2014-05-22 18:00:00,14534.0
2014-05-22 19:00:00,14468.0
2014-05-22 20:00:00,14558.0
2014-05-22 21:00:00,13772.0
2014-05-22 22:00:00,12370.0
2014-05-22 23:00:00,11094.0
2014-05-23 00:00:00,10234.0
2014-05-23 01:00:00,9763.0
2014-05-23 02:00:00,9514.0
2014-05-23 03:00:00,9448.0
2014-05-23 04:00:00,9686.0
2014-05-23 05:00:00,10506.0
2014-05-23 06:00:00,12109.0
2014-05-23 07:00:00,13477.0
2014-05-23 08:00:00,14062.0
2014-05-23 09:00:00,14392.0
2014-05-23 10:00:00,14615.0
2014-05-23 11:00:00,14693.0
2014-05-23 12:00:00,14613.0
2014-05-23 13:00:00,14551.0
2014-05-23 14:00:00,14339.0
2014-05-23 15:00:00,14113.0
2014-05-23 16:00:00,14043.0
2014-05-23 17:00:00,14044.0
2014-05-23 18:00:00,13912.0
2014-05-23 19:00:00,13827.0
2014-05-23 20:00:00,13924.0
2014-05-23 21:00:00,13274.0
2014-05-23 22:00:00,12190.0
2014-05-23 23:00:00,11035.0
2014-05-24 00:00:00,10156.0
2014-05-24 01:00:00,9656.0
2014-05-24 02:00:00,9353.0
2014-05-24 03:00:00,9238.0
2014-05-24 04:00:00,9275.0
2014-05-24 05:00:00,9496.0
2014-05-24 06:00:00,10013.0
2014-05-24 07:00:00,10961.0
2014-05-24 08:00:00,11946.0
2014-05-24 09:00:00,12591.0
2014-05-24 10:00:00,12897.0
2014-05-24 11:00:00,12939.0
2014-05-24 12:00:00,12841.0
2014-05-24 13:00:00,12665.0
2014-05-24 14:00:00,12500.0
2014-05-24 15:00:00,12422.0
2014-05-24 16:00:00,12507.0
2014-05-24 17:00:00,12689.0
2014-05-24 18:00:00,12771.0
2014-05-24 19:00:00,12847.0
2014-05-24 20:00:00,13131.0
2014-05-24 21:00:00,12722.0
2014-05-24 22:00:00,11763.0
2014-05-24 23:00:00,10759.0
2014-05-25 00:00:00,9947.0
2014-05-25 01:00:00,9453.0
2014-05-25 02:00:00,9169.0
2014-05-25 03:00:00,9031.0
2014-05-25 04:00:00,9042.0
2014-05-25 05:00:00,9095.0
2014-05-25 06:00:00,9468.0
2014-05-25 07:00:00,10275.0
2014-05-25 08:00:00,11199.0
2014-05-25 09:00:00,11924.0
2014-05-25 10:00:00,12300.0
2014-05-25 11:00:00,12480.0
2014-05-25 12:00:00,12494.0
2014-05-25 13:00:00,12381.0
2014-05-25 14:00:00,12267.0
2014-05-25 15:00:00,12283.0
2014-05-25 16:00:00,12438.0
2014-05-25 17:00:00,12639.0
2014-05-25 18:00:00,12675.0
2014-05-25 19:00:00,12600.0
2014-05-25 20:00:00,12986.0
2014-05-25 21:00:00,12711.0
2014-05-25 22:00:00,11808.0
2014-05-25 23:00:00,10777.0
2014-05-26 00:00:00,9965.0
2014-05-26 01:00:00,9478.0
2014-05-26 02:00:00,9204.0
2014-05-26 03:00:00,9089.0
2014-05-26 04:00:00,9164.0
2014-05-26 05:00:00,9306.0
2014-05-26 06:00:00,9818.0
2014-05-26 07:00:00,10673.0
2014-05-26 08:00:00,11716.0
2014-05-26 09:00:00,12508.0
2014-05-26 10:00:00,13033.0
2014-05-26 11:00:00,13388.0
2014-05-26 12:00:00,13526.0
2014-05-26 13:00:00,13403.0
2014-05-26 14:00:00,13239.0
2014-05-26 15:00:00,13281.0
2014-05-26 16:00:00,13532.0
2014-05-26 17:00:00,13833.0
2014-05-26 18:00:00,13945.0
2014-05-26 19:00:00,14122.0
2014-05-26 20:00:00,14521.0
2014-05-26 21:00:00,13840.0
2014-05-26 22:00:00,12502.0
2014-05-26 23:00:00,11225.0
2014-05-27 00:00:00,10375.0
2014-05-27 01:00:00,9919.0
2014-05-27 02:00:00,9676.0
2014-05-27 03:00:00,9625.0
2014-05-27 04:00:00,9890.0
2014-05-27 05:00:00,10687.0
2014-05-27 06:00:00,12453.0
2014-05-27 07:00:00,13985.0
2014-05-27 08:00:00,14729.0
2014-05-27 09:00:00,15275.0
2014-05-27 10:00:00,15671.0
2014-05-27 11:00:00,15832.0
2014-05-27 12:00:00,15844.0
2014-05-27 13:00:00,15910.0
2014-05-27 14:00:00,15837.0
2014-05-27 15:00:00,15705.0
2014-05-27 16:00:00,15716.0
2014-05-27 17:00:00,15759.0
2014-05-27 18:00:00,15566.0
2014-05-27 19:00:00,15467.0
2014-05-27 20:00:00,15323.0
2014-05-27 21:00:00,14289.0
2014-05-27 22:00:00,12766.0
2014-05-27 23:00:00,11401.0
2014-05-28 00:00:00,10483.0
2014-05-28 01:00:00,9962.0
2014-05-28 02:00:00,9701.0
2014-05-28 03:00:00,9624.0
2014-05-28 04:00:00,9857.0
2014-05-28 05:00:00,10708.0
2014-05-28 06:00:00,12311.0
2014-05-28 07:00:00,13642.0
2014-05-28 08:00:00,14149.0
2014-05-28 09:00:00,14451.0
2014-05-28 10:00:00,14704.0
2014-05-28 11:00:00,14789.0
2014-05-28 12:00:00,14727.0
2014-05-28 13:00:00,14712.0
2014-05-28 14:00:00,14567.0
2014-05-28 15:00:00,14464.0
2014-05-28 16:00:00,14523.0
2014-05-28 17:00:00,14640.0
2014-05-28 18:00:00,14599.0
2014-05-28 19:00:00,14548.0
2014-05-28 20:00:00,14678.0
2014-05-28 21:00:00,13910.0
2014-05-28 22:00:00,12477.0
2014-05-28 23:00:00,11187.0
2014-05-29 00:00:00,10313.0
2014-05-29 01:00:00,9854.0
2014-05-29 02:00:00,9625.0
2014-05-29 03:00:00,9601.0
2014-05-29 04:00:00,9897.0
2014-05-29 05:00:00,10701.0
2014-05-29 06:00:00,12388.0
2014-05-29 07:00:00,13549.0
2014-05-29 08:00:00,13902.0
2014-05-29 09:00:00,14107.0
2014-05-29 10:00:00,14276.0
2014-05-29 11:00:00,14339.0
2014-05-29 12:00:00,14284.0
2014-05-29 13:00:00,14297.0
2014-05-29 14:00:00,14222.0
2014-05-29 15:00:00,14130.0
2014-05-29 16:00:00,14145.0
2014-05-29 17:00:00,14094.0
2014-05-29 18:00:00,13926.0
2014-05-29 19:00:00,13885.0
2014-05-29 20:00:00,14305.0
2014-05-29 21:00:00,13815.0
2014-05-29 22:00:00,12422.0
2014-05-29 23:00:00,11092.0
2014-05-30 00:00:00,10205.0
2014-05-30 01:00:00,9715.0
2014-05-30 02:00:00,9468.0
2014-05-30 03:00:00,9405.0
2014-05-30 04:00:00,9658.0
2014-05-30 05:00:00,10406.0
2014-05-30 06:00:00,12042.0
2014-05-30 07:00:00,13335.0
2014-05-30 08:00:00,13866.0
2014-05-30 09:00:00,14200.0
2014-05-30 10:00:00,14519.0
2014-05-30 11:00:00,14705.0
2014-05-30 12:00:00,14733.0
2014-05-30 13:00:00,14751.0
2014-05-30 14:00:00,14600.0
2014-05-30 15:00:00,14472.0
2014-05-30 16:00:00,14405.0
2014-05-30 17:00:00,14307.0
2014-05-30 18:00:00,14085.0
2014-05-30 19:00:00,14002.0
2014-05-30 20:00:00,14044.0
2014-05-30 21:00:00,13484.0
2014-05-30 22:00:00,12362.0
2014-05-30 23:00:00,11165.0
2014-05-31 00:00:00,10300.0
2014-05-31 01:00:00,9765.0
2014-05-31 02:00:00,9458.0
2014-05-31 03:00:00,9313.0
2014-05-31 04:00:00,9357.0
2014-05-31 05:00:00,9536.0
2014-05-31 06:00:00,10121.0
2014-05-31 07:00:00,11078.0
2014-05-31 08:00:00,12093.0
2014-05-31 09:00:00,12715.0
2014-05-31 10:00:00,13023.0
2014-05-31 11:00:00,13062.0
2014-05-31 12:00:00,12953.0
2014-05-31 13:00:00,12766.0
2014-05-31 14:00:00,12569.0
2014-05-31 15:00:00,12481.0
2014-05-31 16:00:00,12523.0
2014-05-31 17:00:00,12664.0
2014-05-31 18:00:00,12699.0
2014-05-31 19:00:00,12658.0
2014-05-31 20:00:00,12979.0
2014-05-31 21:00:00,12739.0
2014-05-31 22:00:00,11843.0
2014-05-31 23:00:00,10813.0
2014-06-01 00:00:00,9998.0
2014-06-01 01:00:00,9484.0
2014-06-01 02:00:00,9188.0
2014-06-01 03:00:00,9062.0
2014-06-01 04:00:00,9071.0
2014-06-01 05:00:00,9051.0
2014-06-01 06:00:00,9479.0
2014-06-01 07:00:00,10317.0
2014-06-01 08:00:00,11312.0
2014-06-01 09:00:00,12042.0
2014-06-01 10:00:00,12439.0
2014-06-01 11:00:00,12654.0
2014-06-01 12:00:00,12740.0
2014-06-01 13:00:00,12696.0
2014-06-01 14:00:00,12669.0
2014-06-01 15:00:00,12758.0
2014-06-01 16:00:00,13002.0
2014-06-01 17:00:00,13327.0
2014-06-01 18:00:00,13448.0
2014-06-01 19:00:00,13467.0
2014-06-01 20:00:00,13784.0
2014-06-01 21:00:00,13407.0
2014-06-01 22:00:00,12107.0
2014-06-01 23:00:00,10870.0
2014-06-02 00:00:00,10035.0
2014-06-02 01:00:00,9594.0
2014-06-02 02:00:00,9363.0
2014-06-02 03:00:00,9332.0
2014-06-02 04:00:00,9617.0
2014-06-02 05:00:00,10352.0
2014-06-02 06:00:00,12093.0
2014-06-02 07:00:00,13539.0
2014-06-02 08:00:00,14241.0
2014-06-02 09:00:00,14801.0
2014-06-02 10:00:00,15299.0
2014-06-02 11:00:00,15591.0
2014-06-02 12:00:00,15746.0
2014-06-02 13:00:00,15989.0
2014-06-02 14:00:00,16069.0
2014-06-02 15:00:00,16144.0
2014-06-02 16:00:00,16288.0
2014-06-02 17:00:00,16313.0
2014-06-02 18:00:00,16048.0
2014-06-02 19:00:00,15745.0
2014-06-02 20:00:00,15815.0
2014-06-02 21:00:00,15133.0
2014-06-02 22:00:00,13508.0
2014-06-02 23:00:00,11986.0
2014-06-03 00:00:00,10989.0
2014-06-03 01:00:00,10396.0
2014-06-03 02:00:00,10080.0
2014-06-03 03:00:00,9958.0
2014-06-03 04:00:00,10159.0
2014-06-03 05:00:00,10853.0
2014-06-03 06:00:00,12546.0
2014-06-03 07:00:00,14033.0
2014-06-03 08:00:00,14820.0
2014-06-03 09:00:00,15412.0
2014-06-03 10:00:00,15978.0
2014-06-03 11:00:00,16454.0
2014-06-03 12:00:00,16738.0
2014-06-03 13:00:00,17042.0
2014-06-03 14:00:00,17098.0
2014-06-03 15:00:00,17145.0
2014-06-03 16:00:00,17170.0
2014-06-03 17:00:00,16944.0
2014-06-03 18:00:00,16467.0
2014-06-03 19:00:00,16122.0
2014-06-03 20:00:00,16041.0
2014-06-03 21:00:00,15176.0
2014-06-03 22:00:00,13573.0
2014-06-03 23:00:00,12095.0
2014-06-04 00:00:00,11134.0
2014-06-04 01:00:00,10581.0
2014-06-04 02:00:00,10266.0
2014-06-04 03:00:00,10154.0
2014-06-04 04:00:00,10370.0
2014-06-04 05:00:00,11168.0
2014-06-04 06:00:00,12773.0
2014-06-04 07:00:00,14093.0
2014-06-04 08:00:00,14658.0
2014-06-04 09:00:00,15008.0
2014-06-04 10:00:00,15377.0
2014-06-04 11:00:00,15610.0
2014-06-04 12:00:00,15735.0
2014-06-04 13:00:00,15884.0
2014-06-04 14:00:00,15856.0
2014-06-04 15:00:00,15820.0
2014-06-04 16:00:00,15843.0
2014-06-04 17:00:00,15701.0
2014-06-04 18:00:00,15374.0
2014-06-04 19:00:00,15227.0
2014-06-04 20:00:00,15387.0
2014-06-04 21:00:00,14669.0
2014-06-04 22:00:00,13234.0
2014-06-04 23:00:00,11841.0
2014-06-05 00:00:00,10920.0
2014-06-05 01:00:00,10406.0
2014-06-05 02:00:00,10129.0
2014-06-05 03:00:00,10042.0
2014-06-05 04:00:00,10280.0
2014-06-05 05:00:00,11111.0
2014-06-05 06:00:00,12801.0
2014-06-05 07:00:00,14232.0
2014-06-05 08:00:00,14817.0
2014-06-05 09:00:00,15202.0
2014-06-05 10:00:00,15491.0
2014-06-05 11:00:00,15572.0
2014-06-05 12:00:00,15506.0
2014-06-05 13:00:00,15442.0
2014-06-05 14:00:00,15299.0
2014-06-05 15:00:00,15205.0
2014-06-05 16:00:00,15241.0
2014-06-05 17:00:00,15238.0
2014-06-05 18:00:00,15009.0
2014-06-05 19:00:00,14788.0
2014-06-05 20:00:00,14862.0
2014-06-05 21:00:00,14330.0
2014-06-05 22:00:00,12978.0
2014-06-05 23:00:00,11607.0
2014-06-06 00:00:00,10694.0
2014-06-06 01:00:00,10155.0
2014-06-06 02:00:00,9875.0
2014-06-06 03:00:00,9778.0
2014-06-06 04:00:00,9986.0
2014-06-06 05:00:00,10694.0
2014-06-06 06:00:00,12308.0
2014-06-06 07:00:00,13719.0
2014-06-06 08:00:00,14337.0
2014-06-06 09:00:00,14763.0
2014-06-06 10:00:00,15077.0
2014-06-06 11:00:00,15264.0
2014-06-06 12:00:00,15268.0
2014-06-06 13:00:00,15370.0
2014-06-06 14:00:00,15338.0
2014-06-06 15:00:00,15241.0
2014-06-06 16:00:00,15184.0
2014-06-06 17:00:00,15026.0
2014-06-06 18:00:00,14675.0
2014-06-06 19:00:00,14414.0
2014-06-06 20:00:00,14483.0
2014-06-06 21:00:00,14244.0
2014-06-06 22:00:00,13080.0
2014-06-06 23:00:00,11767.0
2014-06-07 00:00:00,10777.0
2014-06-07 01:00:00,10154.0
2014-06-07 02:00:00,9800.0
2014-06-07 03:00:00,9609.0
2014-06-07 04:00:00,9623.0
2014-06-07 05:00:00,9715.0
2014-06-07 06:00:00,10432.0
2014-06-07 07:00:00,11584.0
2014-06-07 08:00:00,12735.0
2014-06-07 09:00:00,13503.0
2014-06-07 10:00:00,14010.0
2014-06-07 11:00:00,14297.0
2014-06-07 12:00:00,14448.0
2014-06-07 13:00:00,14496.0
2014-06-07 14:00:00,14559.0
2014-06-07 15:00:00,14694.0
2014-06-07 16:00:00,14909.0
2014-06-07 17:00:00,15057.0
2014-06-07 18:00:00,14973.0
2014-06-07 19:00:00,14737.0
2014-06-07 20:00:00,14737.0
2014-06-07 21:00:00,14538.0
2014-06-07 22:00:00,13445.0
2014-06-07 23:00:00,12221.0
2014-06-08 00:00:00,11199.0
2014-06-08 01:00:00,10529.0
2014-06-08 02:00:00,10080.0
2014-06-08 03:00:00,9820.0
2014-06-08 04:00:00,9724.0
2014-06-08 05:00:00,9629.0
2014-06-08 06:00:00,10099.0
2014-06-08 07:00:00,11099.0
2014-06-08 08:00:00,12350.0
2014-06-08 09:00:00,13399.0
2014-06-08 10:00:00,14169.0
2014-06-08 11:00:00,14718.0
2014-06-08 12:00:00,15042.0
2014-06-08 13:00:00,15181.0
2014-06-08 14:00:00,15288.0
2014-06-08 15:00:00,15518.0
2014-06-08 16:00:00,15856.0
2014-06-08 17:00:00,16136.0
2014-06-08 18:00:00,16085.0
2014-06-08 19:00:00,15857.0
2014-06-08 20:00:00,16053.0
2014-06-08 21:00:00,15566.0
2014-06-08 22:00:00,14105.0
2014-06-08 23:00:00,12611.0
2014-06-09 00:00:00,11574.0
2014-06-09 01:00:00,10958.0
2014-06-09 02:00:00,10612.0
2014-06-09 03:00:00,10474.0
2014-06-09 04:00:00,10691.0
2014-06-09 05:00:00,11442.0
2014-06-09 06:00:00,13150.0
2014-06-09 07:00:00,14608.0
2014-06-09 08:00:00,15328.0
2014-06-09 09:00:00,15885.0
2014-06-09 10:00:00,16382.0
2014-06-09 11:00:00,16706.0
2014-06-09 12:00:00,16812.0
2014-06-09 13:00:00,16968.0
2014-06-09 14:00:00,16887.0
2014-06-09 15:00:00,16735.0
2014-06-09 16:00:00,16640.0
2014-06-09 17:00:00,16537.0
2014-06-09 18:00:00,16232.0
2014-06-09 19:00:00,16034.0
2014-06-09 20:00:00,15999.0
2014-06-09 21:00:00,15197.0
2014-06-09 22:00:00,13666.0
2014-06-09 23:00:00,12257.0
2014-06-10 00:00:00,11337.0
2014-06-10 01:00:00,10799.0
2014-06-10 02:00:00,10504.0
2014-06-10 03:00:00,10423.0
2014-06-10 04:00:00,10676.0
2014-06-10 05:00:00,11516.0
2014-06-10 06:00:00,13213.0
2014-06-10 07:00:00,14644.0
2014-06-10 08:00:00,15381.0
2014-06-10 09:00:00,15942.0
2014-06-10 10:00:00,16478.0
2014-06-10 11:00:00,16798.0
2014-06-10 12:00:00,16932.0
2014-06-10 13:00:00,17137.0
2014-06-10 14:00:00,17196.0
2014-06-10 15:00:00,17210.0
2014-06-10 16:00:00,17277.0
2014-06-10 17:00:00,17161.0
2014-06-10 18:00:00,16749.0
2014-06-10 19:00:00,16357.0
2014-06-10 20:00:00,16296.0
2014-06-10 21:00:00,15501.0
2014-06-10 22:00:00,13874.0
2014-06-10 23:00:00,12331.0
2014-06-11 00:00:00,11274.0
2014-06-11 01:00:00,10658.0
2014-06-11 02:00:00,10311.0
2014-06-11 03:00:00,10181.0
2014-06-11 04:00:00,10352.0
2014-06-11 05:00:00,11060.0
2014-06-11 06:00:00,12709.0
2014-06-11 07:00:00,14086.0
2014-06-11 08:00:00,14696.0
2014-06-11 09:00:00,15083.0
2014-06-11 10:00:00,15456.0
2014-06-11 11:00:00,15677.0
2014-06-11 12:00:00,15743.0
2014-06-11 13:00:00,15817.0
2014-06-11 14:00:00,15686.0
2014-06-11 15:00:00,15561.0
2014-06-11 16:00:00,15485.0
2014-06-11 17:00:00,15390.0
2014-06-11 18:00:00,15101.0
2014-06-11 19:00:00,14875.0
2014-06-11 20:00:00,15015.0
2014-06-11 21:00:00,14469.0
2014-06-11 22:00:00,13060.0
2014-06-11 23:00:00,11676.0
2014-06-12 00:00:00,10749.0
2014-06-12 01:00:00,10241.0
2014-06-12 02:00:00,9968.0
2014-06-12 03:00:00,9902.0
2014-06-12 04:00:00,10132.0
2014-06-12 05:00:00,10908.0
2014-06-12 06:00:00,12562.0
2014-06-12 07:00:00,13965.0
2014-06-12 08:00:00,14582.0
2014-06-12 09:00:00,15002.0
2014-06-12 10:00:00,15354.0
2014-06-12 11:00:00,15562.0
2014-06-12 12:00:00,15607.0
2014-06-12 13:00:00,15663.0
2014-06-12 14:00:00,15569.0
2014-06-12 15:00:00,15473.0
2014-06-12 16:00:00,15475.0
2014-06-12 17:00:00,15470.0
2014-06-12 18:00:00,15316.0
2014-06-12 19:00:00,15223.0
2014-06-12 20:00:00,15298.0
2014-06-12 21:00:00,14616.0
2014-06-12 22:00:00,13228.0
2014-06-12 23:00:00,11887.0
2014-06-13 00:00:00,10987.0
2014-06-13 01:00:00,10464.0
2014-06-13 02:00:00,10173.0
2014-06-13 03:00:00,10091.0
2014-06-13 04:00:00,10330.0
2014-06-13 05:00:00,11120.0
2014-06-13 06:00:00,12723.0
2014-06-13 07:00:00,14199.0
2014-06-13 08:00:00,14900.0
2014-06-13 09:00:00,15359.0
2014-06-13 10:00:00,15715.0
2014-06-13 11:00:00,15842.0
2014-06-13 12:00:00,15806.0
2014-06-13 13:00:00,15815.0
2014-06-13 14:00:00,15710.0
2014-06-13 15:00:00,15631.0
2014-06-13 16:00:00,15585.0
2014-06-13 17:00:00,15488.0
2014-06-13 18:00:00,15203.0
2014-06-13 19:00:00,14957.0
2014-06-13 20:00:00,14916.0
2014-06-13 21:00:00,14345.0
2014-06-13 22:00:00,13198.0
2014-06-13 23:00:00,11962.0
2014-06-14 00:00:00,11030.0
2014-06-14 01:00:00,10470.0
2014-06-14 02:00:00,10123.0
2014-06-14 03:00:00,9970.0
2014-06-14 04:00:00,9994.0
2014-06-14 05:00:00,10189.0
2014-06-14 06:00:00,10794.0
2014-06-14 07:00:00,11828.0
2014-06-14 08:00:00,12966.0
2014-06-14 09:00:00,13812.0
2014-06-14 10:00:00,14282.0
2014-06-14 11:00:00,14465.0
2014-06-14 12:00:00,14462.0
2014-06-14 13:00:00,14416.0
2014-06-14 14:00:00,14375.0
2014-06-14 15:00:00,14312.0
2014-06-14 16:00:00,14330.0
2014-06-14 17:00:00,14373.0
2014-06-14 18:00:00,14220.0
2014-06-14 19:00:00,13902.0
2014-06-14 20:00:00,13897.0
2014-06-14 21:00:00,13675.0
2014-06-14 22:00:00,12666.0
2014-06-14 23:00:00,11490.0
2014-06-15 00:00:00,10567.0
2014-06-15 01:00:00,9986.0
2014-06-15 02:00:00,9631.0
2014-06-15 03:00:00,9428.0
2014-06-15 04:00:00,9378.0
2014-06-15 05:00:00,9334.0
2014-06-15 06:00:00,9797.0
2014-06-15 07:00:00,10703.0
2014-06-15 08:00:00,11768.0
2014-06-15 09:00:00,12559.0
2014-06-15 10:00:00,13027.0
2014-06-15 11:00:00,13308.0
2014-06-15 12:00:00,13433.0
2014-06-15 13:00:00,13503.0
2014-06-15 14:00:00,13599.0
2014-06-15 15:00:00,13814.0
2014-06-15 16:00:00,14118.0
2014-06-15 17:00:00,14390.0
2014-06-15 18:00:00,14414.0
2014-06-15 19:00:00,14272.0
2014-06-15 20:00:00,14547.0
2014-06-15 21:00:00,14281.0
2014-06-15 22:00:00,13016.0
2014-06-15 23:00:00,11670.0
2014-06-16 00:00:00,10737.0
2014-06-16 01:00:00,10195.0
2014-06-16 02:00:00,9881.0
2014-06-16 03:00:00,9799.0
2014-06-16 04:00:00,10043.0
2014-06-16 05:00:00,10706.0
2014-06-16 06:00:00,12351.0
2014-06-16 07:00:00,13880.0
2014-06-16 08:00:00,14749.0
2014-06-16 09:00:00,15386.0
2014-06-16 10:00:00,15889.0
2014-06-16 11:00:00,16197.0
2014-06-16 12:00:00,16342.0
2014-06-16 13:00:00,16601.0
2014-06-16 14:00:00,16760.0
2014-06-16 15:00:00,16943.0
2014-06-16 16:00:00,17138.0
2014-06-16 17:00:00,17170.0
2014-06-16 18:00:00,16778.0
2014-06-16 19:00:00,16276.0
2014-06-16 20:00:00,16170.0
2014-06-16 21:00:00,15604.0
2014-06-16 22:00:00,13998.0
2014-06-16 23:00:00,12477.0
2014-06-17 00:00:00,11453.0
2014-06-17 01:00:00,10873.0
2014-06-17 02:00:00,10562.0
2014-06-17 03:00:00,10459.0
2014-06-17 04:00:00,10683.0
2014-06-17 05:00:00,11401.0
2014-06-17 06:00:00,13074.0
2014-06-17 07:00:00,14560.0
2014-06-17 08:00:00,15453.0
2014-06-17 09:00:00,16236.0
2014-06-17 10:00:00,17024.0
2014-06-17 11:00:00,17697.0
2014-06-17 12:00:00,18221.0
2014-06-17 13:00:00,18818.0
2014-06-17 14:00:00,19214.0
2014-06-17 15:00:00,19530.0
2014-06-17 16:00:00,19788.0
2014-06-17 17:00:00,19791.0
2014-06-17 18:00:00,19430.0
2014-06-17 19:00:00,18991.0
2014-06-17 20:00:00,18888.0
2014-06-17 21:00:00,18176.0
2014-06-17 22:00:00,16300.0
2014-06-17 23:00:00,14496.0
2014-06-18 00:00:00,13241.0
2014-06-18 01:00:00,12529.0
2014-06-18 02:00:00,12099.0
2014-06-18 03:00:00,11918.0
2014-06-18 04:00:00,12060.0
2014-06-18 05:00:00,12766.0
2014-06-18 06:00:00,14535.0
2014-06-18 07:00:00,16414.0
2014-06-18 08:00:00,17637.0
2014-06-18 09:00:00,18490.0
2014-06-18 10:00:00,19126.0
2014-06-18 11:00:00,19516.0
2014-06-18 12:00:00,19730.0
2014-06-18 13:00:00,20000.0
2014-06-18 14:00:00,20164.0
2014-06-18 15:00:00,20269.0
2014-06-18 16:00:00,20368.0
2014-06-18 17:00:00,20197.0
2014-06-18 18:00:00,19686.0
2014-06-18 19:00:00,19076.0
2014-06-18 20:00:00,18824.0
2014-06-18 21:00:00,18144.0
2014-06-18 22:00:00,16331.0
2014-06-18 23:00:00,14530.0
2014-06-19 00:00:00,13256.0
2014-06-19 01:00:00,12502.0
2014-06-19 02:00:00,12007.0
2014-06-19 03:00:00,11782.0
2014-06-19 04:00:00,11904.0
2014-06-19 05:00:00,12621.0
2014-06-19 06:00:00,14229.0
2014-06-19 07:00:00,15604.0
2014-06-19 08:00:00,16288.0
2014-06-19 09:00:00,16784.0
2014-06-19 10:00:00,17320.0
2014-06-19 11:00:00,17736.0
2014-06-19 12:00:00,18001.0
2014-06-19 13:00:00,18335.0
2014-06-19 14:00:00,18505.0
2014-06-19 15:00:00,18601.0
2014-06-19 16:00:00,18713.0
2014-06-19 17:00:00,18625.0
2014-06-19 18:00:00,18120.0
2014-06-19 19:00:00,17451.0
2014-06-19 20:00:00,17002.0
2014-06-19 21:00:00,16403.0
2014-06-19 22:00:00,14729.0
2014-06-19 23:00:00,13036.0
2014-06-20 00:00:00,11839.0
2014-06-20 01:00:00,11133.0
2014-06-20 02:00:00,10707.0
2014-06-20 03:00:00,10490.0
2014-06-20 04:00:00,10609.0
2014-06-20 05:00:00,11123.0
2014-06-20 06:00:00,12606.0
2014-06-20 07:00:00,14128.0
2014-06-20 08:00:00,15060.0
2014-06-20 09:00:00,15662.0
2014-06-20 10:00:00,16043.0
2014-06-20 11:00:00,16247.0
2014-06-20 12:00:00,16310.0
2014-06-20 13:00:00,16453.0
2014-06-20 14:00:00,16485.0
2014-06-20 15:00:00,16452.0
2014-06-20 16:00:00,16453.0
2014-06-20 17:00:00,16212.0
2014-06-20 18:00:00,15649.0
2014-06-20 19:00:00,15118.0
2014-06-20 20:00:00,14948.0
2014-06-20 21:00:00,14590.0
2014-06-20 22:00:00,13394.0
2014-06-20 23:00:00,12057.0
2014-06-21 00:00:00,11029.0
2014-06-21 01:00:00,10381.0
2014-06-21 02:00:00,9989.0
2014-06-21 03:00:00,9774.0
2014-06-21 04:00:00,9763.0
2014-06-21 05:00:00,9814.0
2014-06-21 06:00:00,10469.0
2014-06-21 07:00:00,11493.0
2014-06-21 08:00:00,12602.0
2014-06-21 09:00:00,13354.0
2014-06-21 10:00:00,13800.0
2014-06-21 11:00:00,13983.0
2014-06-21 12:00:00,14046.0
2014-06-21 13:00:00,14018.0
2014-06-21 14:00:00,14010.0
2014-06-21 15:00:00,14051.0
2014-06-21 16:00:00,14170.0
2014-06-21 17:00:00,14256.0
2014-06-21 18:00:00,14130.0
2014-06-21 19:00:00,13852.0
2014-06-21 20:00:00,13858.0
2014-06-21 21:00:00,13695.0
2014-06-21 22:00:00,12727.0
2014-06-21 23:00:00,11581.0
2014-06-22 00:00:00,10681.0
2014-06-22 01:00:00,10102.0
2014-06-22 02:00:00,9729.0
2014-06-22 03:00:00,9535.0
2014-06-22 04:00:00,9480.0
2014-06-22 05:00:00,9402.0
2014-06-22 06:00:00,9820.0
2014-06-22 07:00:00,10679.0
2014-06-22 08:00:00,11737.0
2014-06-22 09:00:00,12628.0
2014-06-22 10:00:00,13214.0
2014-06-22 11:00:00,13598.0
2014-06-22 12:00:00,13815.0
2014-06-22 13:00:00,13844.0
2014-06-22 14:00:00,13846.0
2014-06-22 15:00:00,13968.0
2014-06-22 16:00:00,14259.0
2014-06-22 17:00:00,14597.0
2014-06-22 18:00:00,14616.0
2014-06-22 19:00:00,14384.0
2014-06-22 20:00:00,14429.0
2014-06-22 21:00:00,14194.0
2014-06-22 22:00:00,12971.0
2014-06-22 23:00:00,11648.0
2014-06-23 00:00:00,10730.0
2014-06-23 01:00:00,10203.0
2014-06-23 02:00:00,9918.0
2014-06-23 03:00:00,9841.0
2014-06-23 04:00:00,10085.0
2014-06-23 05:00:00,10684.0
2014-06-23 06:00:00,12247.0
2014-06-23 07:00:00,13869.0
2014-06-23 08:00:00,14911.0
2014-06-23 09:00:00,15679.0
2014-06-23 10:00:00,16352.0
2014-06-23 11:00:00,16800.0
2014-06-23 12:00:00,17082.0
2014-06-23 13:00:00,17401.0
2014-06-23 14:00:00,17515.0
2014-06-23 15:00:00,17545.0
2014-06-23 16:00:00,17578.0
2014-06-23 17:00:00,17445.0
2014-06-23 18:00:00,16954.0
2014-06-23 19:00:00,16344.0
2014-06-23 20:00:00,16165.0
2014-06-23 21:00:00,15606.0
2014-06-23 22:00:00,14049.0
2014-06-23 23:00:00,12527.0
2014-06-24 00:00:00,11478.0
2014-06-24 01:00:00,10879.0
2014-06-24 02:00:00,10534.0
2014-06-24 03:00:00,10412.0
2014-06-24 04:00:00,10622.0
2014-06-24 05:00:00,11269.0
2014-06-24 06:00:00,12749.0
2014-06-24 07:00:00,14352.0
2014-06-24 08:00:00,15380.0
2014-06-24 09:00:00,16101.0
2014-06-24 10:00:00,16816.0
2014-06-24 11:00:00,17351.0
2014-06-24 12:00:00,17669.0
2014-06-24 13:00:00,18018.0
2014-06-24 14:00:00,18170.0
2014-06-24 15:00:00,18149.0
2014-06-24 16:00:00,18099.0
2014-06-24 17:00:00,17940.0
2014-06-24 18:00:00,17448.0
2014-06-24 19:00:00,16847.0
2014-06-24 20:00:00,16673.0
2014-06-24 21:00:00,16198.0
2014-06-24 22:00:00,14697.0
2014-06-24 23:00:00,13165.0
2014-06-25 00:00:00,12059.0
2014-06-25 01:00:00,11434.0
2014-06-25 02:00:00,11063.0
2014-06-25 03:00:00,10923.0
2014-06-25 04:00:00,11150.0
2014-06-25 05:00:00,11851.0
2014-06-25 06:00:00,13427.0
2014-06-25 07:00:00,15157.0
2014-06-25 08:00:00,16334.0
2014-06-25 09:00:00,17303.0
2014-06-25 10:00:00,18230.0
2014-06-25 11:00:00,19029.0
2014-06-25 12:00:00,19665.0
2014-06-25 13:00:00,20296.0
2014-06-25 14:00:00,20585.0
2014-06-25 15:00:00,20758.0
2014-06-25 16:00:00,20839.0
2014-06-25 17:00:00,20674.0
2014-06-25 18:00:00,20199.0
2014-06-25 19:00:00,19572.0
2014-06-25 20:00:00,19318.0
2014-06-25 21:00:00,18520.0
2014-06-25 22:00:00,16844.0
2014-06-25 23:00:00,15191.0
2014-06-26 00:00:00,13998.0
2014-06-26 01:00:00,13286.0
2014-06-26 02:00:00,12824.0
2014-06-26 03:00:00,12567.0
2014-06-26 04:00:00,12709.0
2014-06-26 05:00:00,13458.0
2014-06-26 06:00:00,14891.0
2014-06-26 07:00:00,16416.0
2014-06-26 08:00:00,17483.0
2014-06-26 09:00:00,18345.0
2014-06-26 10:00:00,19171.0
2014-06-26 11:00:00,19658.0
2014-06-26 12:00:00,19751.0
2014-06-26 13:00:00,19812.0
2014-06-26 14:00:00,19634.0
2014-06-26 15:00:00,19351.0
2014-06-26 16:00:00,19171.0
2014-06-26 17:00:00,18876.0
2014-06-26 18:00:00,18349.0
2014-06-26 19:00:00,17705.0
2014-06-26 20:00:00,17352.0
2014-06-26 21:00:00,16717.0
2014-06-26 22:00:00,15123.0
2014-06-26 23:00:00,13465.0
2014-06-27 00:00:00,12263.0
2014-06-27 01:00:00,11523.0
2014-06-27 02:00:00,11073.0
2014-06-27 03:00:00,10871.0
2014-06-27 04:00:00,10997.0
2014-06-27 05:00:00,11522.0
2014-06-27 06:00:00,12917.0
2014-06-27 07:00:00,14493.0
2014-06-27 08:00:00,15535.0
2014-06-27 09:00:00,16245.0
2014-06-27 10:00:00,16824.0
2014-06-27 11:00:00,17165.0
2014-06-27 12:00:00,17329.0
2014-06-27 13:00:00,17556.0
2014-06-27 14:00:00,17668.0
2014-06-27 15:00:00,17701.0
2014-06-27 16:00:00,17733.0
2014-06-27 17:00:00,17543.0
2014-06-27 18:00:00,16994.0
2014-06-27 19:00:00,16318.0
2014-06-27 20:00:00,15895.0
2014-06-27 21:00:00,15467.0
2014-06-27 22:00:00,14180.0
2014-06-27 23:00:00,12744.0
2014-06-28 00:00:00,11649.0
2014-06-28 01:00:00,10968.0
2014-06-28 02:00:00,10540.0
2014-06-28 03:00:00,10288.0
2014-06-28 04:00:00,10250.0
2014-06-28 05:00:00,10273.0
2014-06-28 06:00:00,10951.0
2014-06-28 07:00:00,12127.0
2014-06-28 08:00:00,13430.0
2014-06-28 09:00:00,14528.0
2014-06-28 10:00:00,15354.0
2014-06-28 11:00:00,15887.0
2014-06-28 12:00:00,16205.0
2014-06-28 13:00:00,16372.0
2014-06-28 14:00:00,16497.0
2014-06-28 15:00:00,16689.0
2014-06-28 16:00:00,16855.0
2014-06-28 17:00:00,16916.0
2014-06-28 18:00:00,16611.0
2014-06-28 19:00:00,16026.0
2014-06-28 20:00:00,15758.0
2014-06-28 21:00:00,15423.0
2014-06-28 22:00:00,14261.0
2014-06-28 23:00:00,12952.0
2014-06-29 00:00:00,11884.0
2014-06-29 01:00:00,11149.0
2014-06-29 02:00:00,10675.0
2014-06-29 03:00:00,10394.0
2014-06-29 04:00:00,10269.0
2014-06-29 05:00:00,10130.0
2014-06-29 06:00:00,10557.0
2014-06-29 07:00:00,11541.0
2014-06-29 08:00:00,12780.0
2014-06-29 09:00:00,13923.0
2014-06-29 10:00:00,14896.0
2014-06-29 11:00:00,15638.0
2014-06-29 12:00:00,16229.0
2014-06-29 13:00:00,16568.0
2014-06-29 14:00:00,16827.0
2014-06-29 15:00:00,17055.0
2014-06-29 16:00:00,17331.0
2014-06-29 17:00:00,17453.0
2014-06-29 18:00:00,17257.0
2014-06-29 19:00:00,16770.0
2014-06-29 20:00:00,16521.0
2014-06-29 21:00:00,16206.0
2014-06-29 22:00:00,14781.0
2014-06-29 23:00:00,13268.0
2014-06-30 00:00:00,12181.0
2014-06-30 01:00:00,11505.0
2014-06-30 02:00:00,11088.0
2014-06-30 03:00:00,10936.0
2014-06-30 04:00:00,11144.0
2014-06-30 05:00:00,11749.0
2014-06-30 06:00:00,13248.0
2014-06-30 07:00:00,14993.0
2014-06-30 08:00:00,16225.0
2014-06-30 09:00:00,17273.0
2014-06-30 10:00:00,18230.0
2014-06-30 11:00:00,19009.0
2014-06-30 12:00:00,19615.0
2014-06-30 13:00:00,20190.0
2014-06-30 14:00:00,20547.0
2014-06-30 15:00:00,20780.0
2014-06-30 16:00:00,20952.0
2014-06-30 17:00:00,20937.0
2014-06-30 18:00:00,20530.0
2014-06-30 19:00:00,19840.0
2014-06-30 20:00:00,19460.0
2014-06-30 21:00:00,18757.0
2014-06-30 22:00:00,16945.0
2014-06-30 23:00:00,15137.0
2014-07-01 00:00:00,13810.0
2014-07-01 01:00:00,12980.0
2014-07-01 02:00:00,12469.0
2014-07-01 03:00:00,12227.0
2014-07-01 04:00:00,12354.0
2014-07-01 05:00:00,12925.0
2014-07-01 06:00:00,14475.0
2014-07-01 07:00:00,16272.0
2014-07-01 08:00:00,17649.0
2014-07-01 09:00:00,18859.0
2014-07-01 10:00:00,20014.0
2014-07-01 11:00:00,20941.0
2014-07-01 12:00:00,21641.0
2014-07-01 13:00:00,22213.0
2014-07-01 14:00:00,22480.0
2014-07-01 15:00:00,22662.0
2014-07-01 16:00:00,22749.0
2014-07-01 17:00:00,22596.0
2014-07-01 18:00:00,22072.0
2014-07-01 19:00:00,21369.0
2014-07-01 20:00:00,20944.0
2014-07-01 21:00:00,20182.0
2014-07-01 22:00:00,18291.0
2014-07-01 23:00:00,16383.0
2014-07-02 00:00:00,14993.0
2014-07-02 01:00:00,14157.0
2014-07-02 02:00:00,13608.0
2014-07-02 03:00:00,13327.0
2014-07-02 04:00:00,13409.0
2014-07-02 05:00:00,13989.0
2014-07-02 06:00:00,15552.0
2014-07-02 07:00:00,17412.0
2014-07-02 08:00:00,18900.0
2014-07-02 09:00:00,20297.0
2014-07-02 10:00:00,21548.0
2014-07-02 11:00:00,22567.0
2014-07-02 12:00:00,23314.0
2014-07-02 13:00:00,23897.0
2014-07-02 14:00:00,24089.0
2014-07-02 15:00:00,23996.0
2014-07-02 16:00:00,23633.0
2014-07-02 17:00:00,22975.0
2014-07-02 18:00:00,22000.0
2014-07-02 19:00:00,21228.0
2014-07-02 20:00:00,20696.0
2014-07-02 21:00:00,19718.0
2014-07-02 22:00:00,17947.0
2014-07-02 23:00:00,16178.0
2014-07-03 00:00:00,14923.0
2014-07-03 01:00:00,14141.0
2014-07-03 02:00:00,13672.0
2014-07-03 03:00:00,13459.0
2014-07-03 04:00:00,13573.0
2014-07-03 05:00:00,14165.0
2014-07-03 06:00:00,15664.0
2014-07-03 07:00:00,17368.0
2014-07-03 08:00:00,18677.0
2014-07-03 09:00:00,19814.0
2014-07-03 10:00:00,20732.0
2014-07-03 11:00:00,21391.0
2014-07-03 12:00:00,22023.0
2014-07-03 13:00:00,22682.0
2014-07-03 14:00:00,23041.0
2014-07-03 15:00:00,23172.0
2014-07-03 16:00:00,23158.0
2014-07-03 17:00:00,22814.0
2014-07-03 18:00:00,21952.0
2014-07-03 19:00:00,20986.0
2014-07-03 20:00:00,20290.0
2014-07-03 21:00:00,19091.0
2014-07-03 22:00:00,17404.0
2014-07-03 23:00:00,15624.0
2014-07-04 00:00:00,14299.0
2014-07-04 01:00:00,13389.0
2014-07-04 02:00:00,12811.0
2014-07-04 03:00:00,12450.0
2014-07-04 04:00:00,12345.0
2014-07-04 05:00:00,12371.0
2014-07-04 06:00:00,12918.0
2014-07-04 07:00:00,13791.0
2014-07-04 08:00:00,14776.0
2014-07-04 09:00:00,15712.0
2014-07-04 10:00:00,16333.0
2014-07-04 11:00:00,16705.0
2014-07-04 12:00:00,16716.0
2014-07-04 13:00:00,16384.0
2014-07-04 14:00:00,15922.0
2014-07-04 15:00:00,15535.0
2014-07-04 16:00:00,15330.0
2014-07-04 17:00:00,15264.0
2014-07-04 18:00:00,15015.0
2014-07-04 19:00:00,14654.0
2014-07-04 20:00:00,14506.0
2014-07-04 21:00:00,14091.0
2014-07-04 22:00:00,13208.0
2014-07-04 23:00:00,12158.0
2014-07-05 00:00:00,11270.0
2014-07-05 01:00:00,10660.0
2014-07-05 02:00:00,10261.0
2014-07-05 03:00:00,10026.0
2014-07-05 04:00:00,9940.0
2014-07-05 05:00:00,9998.0
2014-07-05 06:00:00,10409.0
2014-07-05 07:00:00,11243.0
2014-07-05 08:00:00,12332.0
2014-07-05 09:00:00,13206.0
2014-07-05 10:00:00,13667.0
2014-07-05 11:00:00,13844.0
2014-07-05 12:00:00,13915.0
2014-07-05 13:00:00,13884.0
2014-07-05 14:00:00,13937.0
2014-07-05 15:00:00,14133.0
2014-07-05 16:00:00,14447.0
2014-07-05 17:00:00,14718.0
2014-07-05 18:00:00,14667.0
2014-07-05 19:00:00,14360.0
2014-07-05 20:00:00,14238.0
2014-07-05 21:00:00,14047.0
2014-07-05 22:00:00,13355.0
2014-07-05 23:00:00,12386.0
2014-07-06 00:00:00,11433.0
2014-07-06 01:00:00,10779.0
2014-07-06 02:00:00,10344.0
2014-07-06 03:00:00,10085.0
2014-07-06 04:00:00,9991.0
2014-07-06 05:00:00,9902.0
2014-07-06 06:00:00,10266.0
2014-07-06 07:00:00,11132.0
2014-07-06 08:00:00,12250.0
2014-07-06 09:00:00,13307.0
2014-07-06 10:00:00,14136.0
2014-07-06 11:00:00,14724.0
2014-07-06 12:00:00,15125.0
2014-07-06 13:00:00,15392.0
2014-07-06 14:00:00,15680.0
2014-07-06 15:00:00,16086.0
2014-07-06 16:00:00,16532.0
2014-07-06 17:00:00,16902.0
2014-07-06 18:00:00,16878.0
2014-07-06 19:00:00,16504.0
2014-07-06 20:00:00,16382.0
2014-07-06 21:00:00,16117.0
2014-07-06 22:00:00,14947.0
2014-07-06 23:00:00,13594.0
2014-07-07 00:00:00,12580.0
2014-07-07 01:00:00,11967.0
2014-07-07 02:00:00,11609.0
2014-07-07 03:00:00,11471.0
2014-07-07 04:00:00,11702.0
2014-07-07 05:00:00,12373.0
2014-07-07 06:00:00,13772.0
2014-07-07 07:00:00,15357.0
2014-07-07 08:00:00,16530.0
2014-07-07 09:00:00,17589.0
2014-07-07 10:00:00,18696.0
2014-07-07 11:00:00,19600.0
2014-07-07 12:00:00,20286.0
2014-07-07 13:00:00,20929.0
2014-07-07 14:00:00,21363.0
2014-07-07 15:00:00,21645.0
2014-07-07 16:00:00,21828.0
2014-07-07 17:00:00,21590.0
2014-07-07 18:00:00,20908.0
2014-07-07 19:00:00,20357.0
2014-07-07 20:00:00,20030.0
2014-07-07 21:00:00,19139.0
2014-07-07 22:00:00,17325.0
2014-07-07 23:00:00,15595.0
2014-07-08 00:00:00,14364.0
2014-07-08 01:00:00,13569.0
2014-07-08 02:00:00,13057.0
2014-07-08 03:00:00,12821.0
2014-07-08 04:00:00,12915.0
2014-07-08 05:00:00,13460.0
2014-07-08 06:00:00,14976.0
2014-07-08 07:00:00,16809.0
2014-07-08 08:00:00,18043.0
2014-07-08 09:00:00,19119.0
2014-07-08 10:00:00,20267.0
2014-07-08 11:00:00,21181.0
2014-07-08 12:00:00,21875.0
2014-07-08 13:00:00,22605.0
2014-07-08 14:00:00,23044.0
2014-07-08 15:00:00,23309.0
2014-07-08 16:00:00,23395.0
2014-07-08 17:00:00,23228.0
2014-07-08 18:00:00,22628.0
2014-07-08 19:00:00,21720.0
2014-07-08 20:00:00,21237.0
2014-07-08 21:00:00,20389.0
2014-07-08 22:00:00,18437.0
2014-07-08 23:00:00,16537.0
2014-07-09 00:00:00,15190.0
2014-07-09 01:00:00,14354.0
2014-07-09 02:00:00,13788.0
2014-07-09 03:00:00,13456.0
2014-07-09 04:00:00,13474.0
2014-07-09 05:00:00,13968.0
2014-07-09 06:00:00,15493.0
2014-07-09 07:00:00,17291.0
2014-07-09 08:00:00,18522.0
2014-07-09 09:00:00,19518.0
2014-07-09 10:00:00,20309.0
2014-07-09 11:00:00,20969.0
2014-07-09 12:00:00,21470.0
2014-07-09 13:00:00,21880.0
2014-07-09 14:00:00,22147.0
2014-07-09 15:00:00,22372.0
2014-07-09 16:00:00,22463.0
2014-07-09 17:00:00,22309.0
2014-07-09 18:00:00,21616.0
2014-07-09 19:00:00,20812.0
2014-07-09 20:00:00,20386.0
2014-07-09 21:00:00,19550.0
2014-07-09 22:00:00,17691.0
2014-07-09 23:00:00,15814.0
2014-07-10 00:00:00,14348.0
2014-07-10 01:00:00,13502.0
2014-07-10 02:00:00,12985.0
2014-07-10 03:00:00,12685.0
2014-07-10 04:00:00,12709.0
2014-07-10 05:00:00,13213.0
2014-07-10 06:00:00,14492.0
2014-07-10 07:00:00,15941.0
2014-07-10 08:00:00,16922.0
2014-07-10 09:00:00,17681.0
2014-07-10 10:00:00,18333.0
2014-07-10 11:00:00,18783.0
2014-07-10 12:00:00,19081.0
2014-07-10 13:00:00,19428.0
2014-07-10 14:00:00,19525.0
2014-07-10 15:00:00,19588.0
2014-07-10 16:00:00,19845.0
2014-07-10 17:00:00,19907.0
2014-07-10 18:00:00,19479.0
2014-07-10 19:00:00,18783.0
2014-07-10 20:00:00,18344.0
2014-07-10 21:00:00,17769.0
2014-07-10 22:00:00,16148.0
2014-07-10 23:00:00,14430.0
2014-07-11 00:00:00,13189.0
2014-07-11 01:00:00,12387.0
2014-07-11 02:00:00,11903.0
2014-07-11 03:00:00,11677.0
2014-07-11 04:00:00,11769.0
2014-07-11 05:00:00,12292.0
2014-07-11 06:00:00,13466.0
2014-07-11 07:00:00,14885.0
2014-07-11 08:00:00,15968.0
2014-07-11 09:00:00,16832.0
2014-07-11 10:00:00,17587.0
2014-07-11 11:00:00,18098.0
2014-07-11 12:00:00,18449.0
2014-07-11 13:00:00,18830.0
2014-07-11 14:00:00,19012.0
2014-07-11 15:00:00,19098.0
2014-07-11 16:00:00,19111.0
2014-07-11 17:00:00,18893.0
2014-07-11 18:00:00,18290.0
2014-07-11 19:00:00,17526.0
2014-07-11 20:00:00,17079.0
2014-07-11 21:00:00,16591.0
2014-07-11 22:00:00,15236.0
2014-07-11 23:00:00,13745.0
2014-07-12 00:00:00,12553.0
2014-07-12 01:00:00,11782.0
2014-07-12 02:00:00,11268.0
2014-07-12 03:00:00,10962.0
2014-07-12 04:00:00,10882.0
2014-07-12 05:00:00,10898.0
2014-07-12 06:00:00,11500.0
2014-07-12 07:00:00,12690.0
2014-07-12 08:00:00,14038.0
2014-07-12 09:00:00,15185.0
2014-07-12 10:00:00,16086.0
2014-07-12 11:00:00,16746.0
2014-07-12 12:00:00,17178.0
2014-07-12 13:00:00,17496.0
2014-07-12 14:00:00,17806.0
2014-07-12 15:00:00,18102.0
2014-07-12 16:00:00,18370.0
2014-07-12 17:00:00,18484.0
2014-07-12 18:00:00,18166.0
2014-07-12 19:00:00,17514.0
2014-07-12 20:00:00,17186.0
2014-07-12 21:00:00,16767.0
2014-07-12 22:00:00,15578.0
2014-07-12 23:00:00,14191.0
2014-07-13 00:00:00,13056.0
2014-07-13 01:00:00,12293.0
2014-07-13 02:00:00,11796.0
2014-07-13 03:00:00,11492.0
2014-07-13 04:00:00,11366.0
2014-07-13 05:00:00,11308.0
2014-07-13 06:00:00,11679.0
2014-07-13 07:00:00,12626.0
2014-07-13 08:00:00,13914.0
2014-07-13 09:00:00,15136.0
2014-07-13 10:00:00,16123.0
2014-07-13 11:00:00,16888.0
2014-07-13 12:00:00,17444.0
2014-07-13 13:00:00,17791.0
2014-07-13 14:00:00,18053.0
2014-07-13 15:00:00,18380.0
2014-07-13 16:00:00,18667.0
2014-07-13 17:00:00,18757.0
2014-07-13 18:00:00,18472.0
2014-07-13 19:00:00,18112.0
2014-07-13 20:00:00,18110.0
2014-07-13 21:00:00,17532.0
2014-07-13 22:00:00,16178.0
2014-07-13 23:00:00,14775.0
2014-07-14 00:00:00,13782.0
2014-07-14 01:00:00,13182.0
2014-07-14 02:00:00,12840.0
2014-07-14 03:00:00,12720.0
2014-07-14 04:00:00,12952.0
2014-07-14 05:00:00,13744.0
2014-07-14 06:00:00,15220.0
2014-07-14 07:00:00,16897.0
2014-07-14 08:00:00,18142.0
2014-07-14 09:00:00,19236.0
2014-07-14 10:00:00,20226.0
2014-07-14 11:00:00,20891.0
2014-07-14 12:00:00,21296.0
2014-07-14 13:00:00,21661.0
2014-07-14 14:00:00,21636.0
2014-07-14 15:00:00,21577.0
2014-07-14 16:00:00,21568.0
2014-07-14 17:00:00,21318.0
2014-07-14 18:00:00,20803.0
2014-07-14 19:00:00,20372.0
2014-07-14 20:00:00,20039.0
2014-07-14 21:00:00,19068.0
2014-07-14 22:00:00,17413.0
2014-07-14 23:00:00,15796.0
2014-07-15 00:00:00,14609.0
2014-07-15 01:00:00,13890.0
2014-07-15 02:00:00,13462.0
2014-07-15 03:00:00,13317.0
2014-07-15 04:00:00,13528.0
2014-07-15 05:00:00,14341.0
2014-07-15 06:00:00,15812.0
2014-07-15 07:00:00,17361.0
2014-07-15 08:00:00,18415.0
2014-07-15 09:00:00,19272.0
2014-07-15 10:00:00,20099.0
2014-07-15 11:00:00,20815.0
2014-07-15 12:00:00,21309.0
2014-07-15 13:00:00,21760.0
2014-07-15 14:00:00,21867.0
2014-07-15 15:00:00,21752.0
2014-07-15 16:00:00,21400.0
2014-07-15 17:00:00,21091.0
2014-07-15 18:00:00,20687.0
2014-07-15 19:00:00,20321.0
2014-07-15 20:00:00,20058.0
2014-07-15 21:00:00,19144.0
2014-07-15 22:00:00,17468.0
2014-07-15 23:00:00,15808.0
2014-07-16 00:00:00,14556.0
2014-07-16 01:00:00,13784.0
2014-07-16 02:00:00,13309.0
2014-07-16 03:00:00,13154.0
2014-07-16 04:00:00,13330.0
2014-07-16 05:00:00,14067.0
2014-07-16 06:00:00,15480.0
2014-07-16 07:00:00,16981.0
2014-07-16 08:00:00,17867.0
2014-07-16 09:00:00,18278.0
2014-07-16 10:00:00,18562.0
2014-07-16 11:00:00,18812.0
2014-07-16 12:00:00,18969.0
2014-07-16 13:00:00,19116.0
2014-07-16 14:00:00,19041.0
2014-07-16 15:00:00,18807.0
2014-07-16 16:00:00,18976.0
2014-07-16 17:00:00,19113.0
2014-07-16 18:00:00,18831.0
2014-07-16 19:00:00,18418.0
2014-07-16 20:00:00,18283.0
2014-07-16 21:00:00,17659.0
2014-07-16 22:00:00,16082.0
2014-07-16 23:00:00,14447.0
2014-07-17 00:00:00,13224.0
2014-07-17 01:00:00,12447.0
2014-07-17 02:00:00,11952.0
2014-07-17 03:00:00,11724.0
2014-07-17 04:00:00,11822.0
2014-07-17 05:00:00,12397.0
2014-07-17 06:00:00,13601.0
2014-07-17 07:00:00,15032.0
2014-07-17 08:00:00,15951.0
2014-07-17 09:00:00,16673.0
2014-07-17 10:00:00,17356.0
2014-07-17 11:00:00,17860.0
2014-07-17 12:00:00,18224.0
2014-07-17 13:00:00,18642.0
2014-07-17 14:00:00,18850.0
2014-07-17 15:00:00,18973.0
2014-07-17 16:00:00,19041.0
2014-07-17 17:00:00,18813.0
2014-07-17 18:00:00,18302.0
2014-07-17 19:00:00,17728.0
2014-07-17 20:00:00,17553.0
2014-07-17 21:00:00,17010.0
2014-07-17 22:00:00,15439.0
2014-07-17 23:00:00,13825.0
2014-07-18 00:00:00,12613.0
2014-07-18 01:00:00,11832.0
2014-07-18 02:00:00,11362.0
2014-07-18 03:00:00,11123.0
2014-07-18 04:00:00,11229.0
2014-07-18 05:00:00,11719.0
2014-07-18 06:00:00,12920.0
2014-07-18 07:00:00,14471.0
2014-07-18 08:00:00,15587.0
2014-07-18 09:00:00,16399.0
2014-07-18 10:00:00,17060.0
2014-07-18 11:00:00,17486.0
2014-07-18 12:00:00,17761.0
2014-07-18 13:00:00,18134.0
2014-07-18 14:00:00,18331.0
2014-07-18 15:00:00,18379.0
2014-07-18 16:00:00,18393.0
2014-07-18 17:00:00,18200.0
2014-07-18 18:00:00,17636.0
2014-07-18 19:00:00,16967.0
2014-07-18 20:00:00,16731.0
2014-07-18 21:00:00,16164.0
2014-07-18 22:00:00,14833.0
2014-07-18 23:00:00,13404.0
2014-07-19 00:00:00,12278.0
2014-07-19 01:00:00,11542.0
2014-07-19 02:00:00,11077.0
2014-07-19 03:00:00,10797.0
2014-07-19 04:00:00,10733.0
2014-07-19 05:00:00,10852.0
2014-07-19 06:00:00,11320.0
2014-07-19 07:00:00,12368.0
2014-07-19 08:00:00,13489.0
2014-07-19 09:00:00,14392.0
2014-07-19 10:00:00,15002.0
2014-07-19 11:00:00,15385.0
2014-07-19 12:00:00,15521.0
2014-07-19 13:00:00,15549.0
2014-07-19 14:00:00,15468.0
2014-07-19 15:00:00,15399.0
2014-07-19 16:00:00,15346.0
2014-07-19 17:00:00,15348.0
2014-07-19 18:00:00,15176.0
2014-07-19 19:00:00,14932.0
2014-07-19 20:00:00,15036.0
2014-07-19 21:00:00,14728.0
2014-07-19 22:00:00,13741.0
2014-07-19 23:00:00,12609.0
2014-07-20 00:00:00,11698.0
2014-07-20 01:00:00,11075.0
2014-07-20 02:00:00,10679.0
2014-07-20 03:00:00,10461.0
2014-07-20 04:00:00,10383.0
2014-07-20 05:00:00,10382.0
2014-07-20 06:00:00,10628.0
2014-07-20 07:00:00,11384.0
2014-07-20 08:00:00,12383.0
2014-07-20 09:00:00,13206.0
2014-07-20 10:00:00,13819.0
2014-07-20 11:00:00,14318.0
2014-07-20 12:00:00,14649.0
2014-07-20 13:00:00,14857.0
2014-07-20 14:00:00,15039.0
2014-07-20 15:00:00,15280.0
2014-07-20 16:00:00,15583.0
2014-07-20 17:00:00,15870.0
2014-07-20 18:00:00,15799.0
2014-07-20 19:00:00,15508.0
2014-07-20 20:00:00,15571.0
2014-07-20 21:00:00,15151.0
2014-07-20 22:00:00,13890.0
2014-07-20 23:00:00,12564.0
2014-07-21 00:00:00,11597.0
2014-07-21 01:00:00,11023.0
2014-07-21 02:00:00,10698.0
2014-07-21 03:00:00,10614.0
2014-07-21 04:00:00,10884.0
2014-07-21 05:00:00,11564.0
2014-07-21 06:00:00,12835.0
2014-07-21 07:00:00,14369.0
2014-07-21 08:00:00,15424.0
2014-07-21 09:00:00,16257.0
2014-07-21 10:00:00,16973.0
2014-07-21 11:00:00,17496.0
2014-07-21 12:00:00,17905.0
2014-07-21 13:00:00,18340.0
2014-07-21 14:00:00,18610.0
2014-07-21 15:00:00,18819.0
2014-07-21 16:00:00,19023.0
2014-07-21 17:00:00,19070.0
2014-07-21 18:00:00,18656.0
2014-07-21 19:00:00,18042.0
2014-07-21 20:00:00,17869.0
2014-07-21 21:00:00,17173.0
2014-07-21 22:00:00,15520.0
2014-07-21 23:00:00,13890.0
2014-07-22 00:00:00,12740.0
2014-07-22 01:00:00,12012.0
2014-07-22 02:00:00,11560.0
2014-07-22 03:00:00,11395.0
2014-07-22 04:00:00,11568.0
2014-07-22 05:00:00,12223.0
2014-07-22 06:00:00,13604.0
2014-07-22 07:00:00,15324.0
2014-07-22 08:00:00,16609.0
2014-07-22 09:00:00,17753.0
2014-07-22 10:00:00,18897.0
2014-07-22 11:00:00,19877.0
2014-07-22 12:00:00,20580.0
2014-07-22 13:00:00,21293.0
2014-07-22 14:00:00,21777.0
2014-07-22 15:00:00,22117.0
2014-07-22 16:00:00,22355.0
2014-07-22 17:00:00,22383.0
2014-07-22 18:00:00,21951.0
2014-07-22 19:00:00,21237.0
2014-07-22 20:00:00,20904.0
2014-07-22 21:00:00,20022.0
2014-07-22 22:00:00,18174.0
2014-07-22 23:00:00,16289.0
2014-07-23 00:00:00,14902.0
2014-07-23 01:00:00,14016.0
2014-07-23 02:00:00,13445.0
2014-07-23 03:00:00,13184.0
2014-07-23 04:00:00,13252.0
2014-07-23 05:00:00,13826.0
2014-07-23 06:00:00,15245.0
2014-07-23 07:00:00,17045.0
2014-07-23 08:00:00,18397.0
2014-07-23 09:00:00,19598.0
2014-07-23 10:00:00,20856.0
2014-07-23 11:00:00,21876.0
2014-07-23 12:00:00,22671.0
2014-07-23 13:00:00,23386.0
2014-07-23 14:00:00,23746.0
2014-07-23 15:00:00,23937.0
2014-07-23 16:00:00,23965.0
2014-07-23 17:00:00,23691.0
2014-07-23 18:00:00,22996.0
2014-07-23 19:00:00,22138.0
2014-07-23 20:00:00,21673.0
2014-07-23 21:00:00,20352.0
2014-07-23 22:00:00,18267.0
2014-07-23 23:00:00,16390.0
2014-07-24 00:00:00,15027.0
2014-07-24 01:00:00,14162.0
2014-07-24 02:00:00,13618.0
2014-07-24 03:00:00,13362.0
2014-07-24 04:00:00,13451.0
2014-07-24 05:00:00,14110.0
2014-07-24 06:00:00,15336.0
2014-07-24 07:00:00,16740.0
2014-07-24 08:00:00,17664.0
2014-07-24 09:00:00,18246.0
2014-07-24 10:00:00,18677.0
2014-07-24 11:00:00,18986.0
2014-07-24 12:00:00,19074.0
2014-07-24 13:00:00,19232.0
2014-07-24 14:00:00,19285.0
2014-07-24 15:00:00,19213.0
2014-07-24 16:00:00,19158.0
2014-07-24 17:00:00,19017.0
2014-07-24 18:00:00,18502.0
2014-07-24 19:00:00,17834.0
2014-07-24 20:00:00,17611.0
2014-07-24 21:00:00,16946.0
2014-07-24 22:00:00,15396.0
2014-07-24 23:00:00,13850.0
2014-07-25 00:00:00,12626.0
2014-07-25 01:00:00,11865.0
2014-07-25 02:00:00,11396.0
2014-07-25 03:00:00,11162.0
2014-07-25 04:00:00,11230.0
2014-07-25 05:00:00,11741.0
2014-07-25 06:00:00,12884.0
2014-07-25 07:00:00,14358.0
2014-07-25 08:00:00,15426.0
2014-07-25 09:00:00,16247.0
2014-07-25 10:00:00,16897.0
2014-07-25 11:00:00,17358.0
2014-07-25 12:00:00,17663.0
2014-07-25 13:00:00,18080.0
2014-07-25 14:00:00,18361.0
2014-07-25 15:00:00,18576.0
2014-07-25 16:00:00,18727.0
2014-07-25 17:00:00,18592.0
2014-07-25 18:00:00,18018.0
2014-07-25 19:00:00,17360.0
2014-07-25 20:00:00,17183.0
2014-07-25 21:00:00,16594.0
2014-07-25 22:00:00,15209.0
2014-07-25 23:00:00,13736.0
2014-07-26 00:00:00,12582.0
2014-07-26 01:00:00,11822.0
2014-07-26 02:00:00,11337.0
2014-07-26 03:00:00,11055.0
2014-07-26 04:00:00,10979.0
2014-07-26 05:00:00,11109.0
2014-07-26 06:00:00,11558.0
2014-07-26 07:00:00,12623.0
2014-07-26 08:00:00,13882.0
2014-07-26 09:00:00,14984.0
2014-07-26 10:00:00,15786.0
2014-07-26 11:00:00,16318.0
2014-07-26 12:00:00,16521.0
2014-07-26 13:00:00,16535.0
2014-07-26 14:00:00,16486.0
2014-07-26 15:00:00,16444.0
2014-07-26 16:00:00,16570.0
2014-07-26 17:00:00,16653.0
2014-07-26 18:00:00,16544.0
2014-07-26 19:00:00,16111.0
2014-07-26 20:00:00,16129.0
2014-07-26 21:00:00,15811.0
2014-07-26 22:00:00,14758.0
2014-07-26 23:00:00,13550.0
2014-07-27 00:00:00,12544.0
2014-07-27 01:00:00,11881.0
2014-07-27 02:00:00,11464.0
2014-07-27 03:00:00,11235.0
2014-07-27 04:00:00,11187.0
2014-07-27 05:00:00,11255.0
2014-07-27 06:00:00,11589.0
2014-07-27 07:00:00,12440.0
2014-07-27 08:00:00,13592.0
2014-07-27 09:00:00,14736.0
2014-07-27 10:00:00,15626.0
2014-07-27 11:00:00,16143.0
2014-07-27 12:00:00,16243.0
2014-07-27 13:00:00,16229.0
2014-07-27 14:00:00,16335.0
2014-07-27 15:00:00,16639.0
2014-07-27 16:00:00,17082.0
2014-07-27 17:00:00,17511.0
2014-07-27 18:00:00,17472.0
2014-07-27 19:00:00,17187.0
2014-07-27 20:00:00,17249.0
2014-07-27 21:00:00,16675.0
2014-07-27 22:00:00,15370.0
2014-07-27 23:00:00,13976.0
2014-07-28 00:00:00,12961.0
2014-07-28 01:00:00,12370.0
2014-07-28 02:00:00,12061.0
2014-07-28 03:00:00,12024.0
2014-07-28 04:00:00,12316.0
2014-07-28 05:00:00,13195.0
2014-07-28 06:00:00,14618.0
2014-07-28 07:00:00,16172.0
2014-07-28 08:00:00,17186.0
2014-07-28 09:00:00,17875.0
2014-07-28 10:00:00,18606.0
2014-07-28 11:00:00,19213.0
2014-07-28 12:00:00,19631.0
2014-07-28 13:00:00,20090.0
2014-07-28 14:00:00,20346.0
2014-07-28 15:00:00,20567.0
2014-07-28 16:00:00,20742.0
2014-07-28 17:00:00,20578.0
2014-07-28 18:00:00,19780.0
2014-07-28 19:00:00,18860.0
2014-07-28 20:00:00,18385.0
2014-07-28 21:00:00,17376.0
2014-07-28 22:00:00,15739.0
2014-07-28 23:00:00,14132.0
2014-07-29 00:00:00,12919.0
2014-07-29 01:00:00,12184.0
2014-07-29 02:00:00,11693.0
2014-07-29 03:00:00,11457.0
2014-07-29 04:00:00,11569.0
2014-07-29 05:00:00,12143.0
2014-07-29 06:00:00,13373.0
2014-07-29 07:00:00,14807.0
2014-07-29 08:00:00,15701.0
2014-07-29 09:00:00,16346.0
2014-07-29 10:00:00,16911.0
2014-07-29 11:00:00,17303.0
2014-07-29 12:00:00,17565.0
2014-07-29 13:00:00,17890.0
2014-07-29 14:00:00,18027.0
2014-07-29 15:00:00,17956.0
2014-07-29 16:00:00,17858.0
2014-07-29 17:00:00,17668.0
2014-07-29 18:00:00,17192.0
2014-07-29 19:00:00,16760.0
2014-07-29 20:00:00,16801.0
2014-07-29 21:00:00,16033.0
2014-07-29 22:00:00,14513.0
2014-07-29 23:00:00,13010.0
2014-07-30 00:00:00,11936.0
2014-07-30 01:00:00,11306.0
2014-07-30 02:00:00,10941.0
2014-07-30 03:00:00,10765.0
2014-07-30 04:00:00,10931.0
2014-07-30 05:00:00,11610.0
2014-07-30 06:00:00,12816.0
2014-07-30 07:00:00,14281.0
2014-07-30 08:00:00,15269.0
2014-07-30 09:00:00,15992.0
2014-07-30 10:00:00,16601.0
2014-07-30 11:00:00,17028.0
2014-07-30 12:00:00,17273.0
2014-07-30 13:00:00,17539.0
2014-07-30 14:00:00,17673.0
2014-07-30 15:00:00,17742.0
2014-07-30 16:00:00,17801.0
2014-07-30 17:00:00,17739.0
2014-07-30 18:00:00,17319.0
2014-07-30 19:00:00,16784.0
2014-07-30 20:00:00,16741.0
2014-07-30 21:00:00,16015.0
2014-07-30 22:00:00,14495.0
2014-07-30 23:00:00,12994.0
2014-07-31 00:00:00,11917.0
2014-07-31 01:00:00,11260.0
2014-07-31 02:00:00,10876.0
2014-07-31 03:00:00,10736.0
2014-07-31 04:00:00,10908.0
2014-07-31 05:00:00,11567.0
2014-07-31 06:00:00,12783.0
2014-07-31 07:00:00,14324.0
2014-07-31 08:00:00,15439.0
2014-07-31 09:00:00,16292.0
2014-07-31 10:00:00,16987.0
2014-07-31 11:00:00,17460.0
2014-07-31 12:00:00,17713.0
2014-07-31 13:00:00,18061.0
2014-07-31 14:00:00,18196.0
2014-07-31 15:00:00,18277.0
2014-07-31 16:00:00,18376.0
2014-07-31 17:00:00,18287.0
2014-07-31 18:00:00,17813.0
2014-07-31 19:00:00,17249.0
2014-07-31 20:00:00,17271.0
2014-07-31 21:00:00,16623.0
2014-07-31 22:00:00,15168.0
2014-07-31 23:00:00,13709.0
2014-08-01 00:00:00,12589.0
2014-08-01 01:00:00,11923.0
2014-08-01 02:00:00,11501.0
2014-08-01 03:00:00,11344.0
2014-08-01 04:00:00,11517.0
2014-08-01 05:00:00,12225.0
2014-08-01 06:00:00,13452.0
2014-08-01 07:00:00,15011.0
2014-08-01 08:00:00,16238.0
2014-08-01 09:00:00,17244.0
2014-08-01 10:00:00,18171.0
2014-08-01 11:00:00,18896.0
2014-08-01 12:00:00,19400.0
2014-08-01 13:00:00,19811.0
2014-08-01 14:00:00,19779.0
2014-08-01 15:00:00,19616.0
2014-08-01 16:00:00,19358.0
2014-08-01 17:00:00,18841.0
2014-08-01 18:00:00,18179.0
2014-08-01 19:00:00,17643.0
2014-08-01 20:00:00,17602.0
2014-08-01 21:00:00,16923.0
2014-08-01 22:00:00,15603.0
2014-08-01 23:00:00,14205.0
2014-08-02 00:00:00,13109.0
2014-08-02 01:00:00,12403.0
2014-08-02 02:00:00,11946.0
2014-08-02 03:00:00,11713.0
2014-08-02 04:00:00,11673.0
2014-08-02 05:00:00,11897.0
2014-08-02 06:00:00,12323.0
2014-08-02 07:00:00,13206.0
2014-08-02 08:00:00,14246.0
2014-08-02 09:00:00,15057.0
2014-08-02 10:00:00,15492.0
2014-08-02 11:00:00,15611.0
2014-08-02 12:00:00,15552.0
2014-08-02 13:00:00,15399.0
2014-08-02 14:00:00,15190.0
2014-08-02 15:00:00,15029.0
2014-08-02 16:00:00,14946.0
2014-08-02 17:00:00,14949.0
2014-08-02 18:00:00,14781.0
2014-08-02 19:00:00,14547.0
2014-08-02 20:00:00,14715.0
2014-08-02 21:00:00,14292.0
2014-08-02 22:00:00,13332.0
2014-08-02 23:00:00,12231.0
2014-08-03 00:00:00,11356.0
2014-08-03 01:00:00,10796.0
2014-08-03 02:00:00,10440.0
2014-08-03 03:00:00,10243.0
2014-08-03 04:00:00,10201.0
2014-08-03 05:00:00,10280.0
2014-08-03 06:00:00,10518.0
2014-08-03 07:00:00,11236.0
2014-08-03 08:00:00,12228.0
2014-08-03 09:00:00,13094.0
2014-08-03 10:00:00,13729.0
2014-08-03 11:00:00,14184.0
2014-08-03 12:00:00,14494.0
2014-08-03 13:00:00,14664.0
2014-08-03 14:00:00,14686.0
2014-08-03 15:00:00,14757.0
2014-08-03 16:00:00,15017.0
2014-08-03 17:00:00,15374.0
2014-08-03 18:00:00,15381.0
2014-08-03 19:00:00,15308.0
2014-08-03 20:00:00,15598.0
2014-08-03 21:00:00,15064.0
2014-08-03 22:00:00,13891.0
2014-08-03 23:00:00,12681.0
2014-08-04 00:00:00,11765.0
2014-08-04 01:00:00,11221.0
2014-08-04 02:00:00,10934.0
2014-08-04 03:00:00,10884.0
2014-08-04 04:00:00,11148.0
2014-08-04 05:00:00,11977.0
2014-08-04 06:00:00,13265.0
2014-08-04 07:00:00,14798.0
2014-08-04 08:00:00,15948.0
2014-08-04 09:00:00,16944.0
2014-08-04 10:00:00,17834.0
2014-08-04 11:00:00,18477.0
2014-08-04 12:00:00,18911.0
2014-08-04 13:00:00,19362.0
2014-08-04 14:00:00,19654.0
2014-08-04 15:00:00,19809.0
2014-08-04 16:00:00,19940.0
2014-08-04 17:00:00,19895.0
2014-08-04 18:00:00,19502.0
2014-08-04 19:00:00,18990.0
2014-08-04 20:00:00,18957.0
2014-08-04 21:00:00,18046.0
2014-08-04 22:00:00,16420.0
2014-08-04 23:00:00,14747.0
2014-08-05 00:00:00,13546.0
2014-08-05 01:00:00,12788.0
2014-08-05 02:00:00,12303.0
2014-08-05 03:00:00,12061.0
2014-08-05 04:00:00,12177.0
2014-08-05 05:00:00,12835.0
2014-08-05 06:00:00,14086.0
2014-08-05 07:00:00,15719.0
2014-08-05 08:00:00,16935.0
2014-08-05 09:00:00,18056.0
2014-08-05 10:00:00,19099.0
2014-08-05 11:00:00,19888.0
2014-08-05 12:00:00,20392.0
2014-08-05 13:00:00,20948.0
2014-08-05 14:00:00,21287.0
2014-08-05 15:00:00,21541.0
2014-08-05 16:00:00,21670.0
2014-08-05 17:00:00,21553.0
2014-08-05 18:00:00,20986.0
2014-08-05 19:00:00,20296.0
2014-08-05 20:00:00,20113.0
2014-08-05 21:00:00,18999.0
2014-08-05 22:00:00,17150.0
2014-08-05 23:00:00,15313.0
2014-08-06 00:00:00,13972.0
2014-08-06 01:00:00,13146.0
2014-08-06 02:00:00,12606.0
2014-08-06 03:00:00,12343.0
2014-08-06 04:00:00,12450.0
2014-08-06 05:00:00,13137.0
2014-08-06 06:00:00,14343.0
2014-08-06 07:00:00,15724.0
2014-08-06 08:00:00,16691.0
2014-08-06 09:00:00,17485.0
2014-08-06 10:00:00,18318.0
2014-08-06 11:00:00,18946.0
2014-08-06 12:00:00,19316.0
2014-08-06 13:00:00,19603.0
2014-08-06 14:00:00,19745.0
2014-08-06 15:00:00,19771.0
2014-08-06 16:00:00,19806.0
2014-08-06 17:00:00,19594.0
2014-08-06 18:00:00,18966.0
2014-08-06 19:00:00,18261.0
2014-08-06 20:00:00,18128.0
2014-08-06 21:00:00,17167.0
2014-08-06 22:00:00,15523.0
2014-08-06 23:00:00,13889.0
2014-08-07 00:00:00,12679.0
2014-08-07 01:00:00,11890.0
2014-08-07 02:00:00,11408.0
2014-08-07 03:00:00,11157.0
2014-08-07 04:00:00,11266.0
2014-08-07 05:00:00,11857.0
2014-08-07 06:00:00,12976.0
2014-08-07 07:00:00,14429.0
2014-08-07 08:00:00,15497.0
2014-08-07 09:00:00,16276.0
2014-08-07 10:00:00,16921.0
2014-08-07 11:00:00,17422.0
2014-08-07 12:00:00,17720.0
2014-08-07 13:00:00,18011.0
2014-08-07 14:00:00,18056.0
2014-08-07 15:00:00,17926.0
2014-08-07 16:00:00,17687.0
2014-08-07 17:00:00,17467.0
2014-08-07 18:00:00,16939.0
2014-08-07 19:00:00,16397.0
2014-08-07 20:00:00,16413.0
2014-08-07 21:00:00,15552.0
2014-08-07 22:00:00,14121.0
2014-08-07 23:00:00,12666.0
2014-08-08 00:00:00,11586.0
2014-08-08 01:00:00,10965.0
2014-08-08 02:00:00,10604.0
2014-08-08 03:00:00,10454.0
2014-08-08 04:00:00,10611.0
2014-08-08 05:00:00,11257.0
2014-08-08 06:00:00,12365.0
2014-08-08 07:00:00,13828.0
2014-08-08 08:00:00,14954.0
2014-08-08 09:00:00,15776.0
2014-08-08 10:00:00,16416.0
2014-08-08 11:00:00,16864.0
2014-08-08 12:00:00,17151.0
2014-08-08 13:00:00,17510.0
2014-08-08 14:00:00,17759.0
2014-08-08 15:00:00,17853.0
2014-08-08 16:00:00,17933.0
2014-08-08 17:00:00,17821.0
2014-08-08 18:00:00,17299.0
2014-08-08 19:00:00,16705.0
2014-08-08 20:00:00,16646.0
2014-08-08 21:00:00,15866.0
2014-08-08 22:00:00,14536.0
2014-08-08 23:00:00,13151.0
2014-08-09 00:00:00,12063.0
2014-08-09 01:00:00,11356.0
2014-08-09 02:00:00,10899.0
2014-08-09 03:00:00,10620.0
2014-08-09 04:00:00,10554.0
2014-08-09 05:00:00,10719.0
2014-08-09 06:00:00,11125.0
2014-08-09 07:00:00,12202.0
2014-08-09 08:00:00,13497.0
2014-08-09 09:00:00,14550.0
2014-08-09 10:00:00,15294.0
2014-08-09 11:00:00,15798.0
2014-08-09 12:00:00,16121.0
2014-08-09 13:00:00,16278.0
2014-08-09 14:00:00,16401.0
2014-08-09 15:00:00,16591.0
2014-08-09 16:00:00,16790.0
2014-08-09 17:00:00,16854.0
2014-08-09 18:00:00,16632.0
2014-08-09 19:00:00,16167.0
2014-08-09 20:00:00,16250.0
2014-08-09 21:00:00,15644.0
2014-08-09 22:00:00,14480.0
2014-08-09 23:00:00,13190.0
2014-08-10 00:00:00,12168.0
2014-08-10 01:00:00,11454.0
2014-08-10 02:00:00,10978.0
2014-08-10 03:00:00,10655.0
2014-08-10 04:00:00,10523.0
2014-08-10 05:00:00,10531.0
2014-08-10 06:00:00,10692.0
2014-08-10 07:00:00,11554.0
2014-08-10 08:00:00,12780.0
2014-08-10 09:00:00,13916.0
2014-08-10 10:00:00,14820.0
2014-08-10 11:00:00,15568.0
2014-08-10 12:00:00,16134.0
2014-08-10 13:00:00,16481.0
2014-08-10 14:00:00,16718.0
2014-08-10 15:00:00,16969.0
2014-08-10 16:00:00,17263.0
2014-08-10 17:00:00,17451.0
2014-08-10 18:00:00,17262.0
2014-08-10 19:00:00,16849.0
2014-08-10 20:00:00,16914.0
2014-08-10 21:00:00,16158.0
2014-08-10 22:00:00,14761.0
2014-08-10 23:00:00,13356.0
2014-08-11 00:00:00,12338.0
2014-08-11 01:00:00,11667.0
2014-08-11 02:00:00,11305.0
2014-08-11 03:00:00,11156.0
2014-08-11 04:00:00,11342.0
2014-08-11 05:00:00,12050.0
2014-08-11 06:00:00,13199.0
2014-08-11 07:00:00,14734.0
2014-08-11 08:00:00,15931.0
2014-08-11 09:00:00,16970.0
2014-08-11 10:00:00,17933.0
2014-08-11 11:00:00,18690.0
2014-08-11 12:00:00,19275.0
2014-08-11 13:00:00,19748.0
2014-08-11 14:00:00,19931.0
2014-08-11 15:00:00,19966.0
2014-08-11 16:00:00,19955.0
2014-08-11 17:00:00,19778.0
2014-08-11 18:00:00,19146.0
2014-08-11 19:00:00,18537.0
2014-08-11 20:00:00,18475.0
2014-08-11 21:00:00,17401.0
2014-08-11 22:00:00,15704.0
2014-08-11 23:00:00,14113.0
2014-08-12 00:00:00,12934.0
2014-08-12 01:00:00,12218.0
2014-08-12 02:00:00,11780.0
2014-08-12 03:00:00,11571.0
2014-08-12 04:00:00,11705.0
2014-08-12 05:00:00,12430.0
2014-08-12 06:00:00,13666.0
2014-08-12 07:00:00,15158.0
2014-08-12 08:00:00,16249.0
2014-08-12 09:00:00,17106.0
2014-08-12 10:00:00,17765.0
2014-08-12 11:00:00,18194.0
2014-08-12 12:00:00,18484.0
2014-08-12 13:00:00,18812.0
2014-08-12 14:00:00,18884.0
2014-08-12 15:00:00,18818.0
2014-08-12 16:00:00,18682.0
2014-08-12 17:00:00,18463.0
2014-08-12 18:00:00,18033.0
2014-08-12 19:00:00,17800.0
2014-08-12 20:00:00,17940.0
2014-08-12 21:00:00,17076.0
2014-08-12 22:00:00,15603.0
2014-08-12 23:00:00,14158.0
2014-08-13 00:00:00,13148.0
2014-08-13 01:00:00,12535.0
2014-08-13 02:00:00,12146.0
2014-08-13 03:00:00,11968.0
2014-08-13 04:00:00,12121.0
2014-08-13 05:00:00,12877.0
2014-08-13 06:00:00,14170.0
2014-08-13 07:00:00,15458.0
2014-08-13 08:00:00,16328.0
2014-08-13 09:00:00,16900.0
2014-08-13 10:00:00,17327.0
2014-08-13 11:00:00,17510.0
2014-08-13 12:00:00,17514.0
2014-08-13 13:00:00,17499.0
2014-08-13 14:00:00,17402.0
2014-08-13 15:00:00,17283.0
2014-08-13 16:00:00,17358.0
2014-08-13 17:00:00,17452.0
2014-08-13 18:00:00,17248.0
2014-08-13 19:00:00,17006.0
2014-08-13 20:00:00,16881.0
2014-08-13 21:00:00,15940.0
2014-08-13 22:00:00,14497.0
2014-08-13 23:00:00,13081.0
2014-08-14 00:00:00,12054.0
2014-08-14 01:00:00,11402.0
2014-08-14 02:00:00,11009.0
2014-08-14 03:00:00,10845.0
2014-08-14 04:00:00,10972.0
2014-08-14 05:00:00,11633.0
2014-08-14 06:00:00,12759.0
2014-08-14 07:00:00,14109.0
2014-08-14 08:00:00,14999.0
2014-08-14 09:00:00,15568.0
2014-08-14 10:00:00,16017.0
2014-08-14 11:00:00,16317.0
2014-08-14 12:00:00,16449.0
2014-08-14 13:00:00,16662.0
2014-08-14 14:00:00,16729.0
2014-08-14 15:00:00,16720.0
2014-08-14 16:00:00,16722.0
2014-08-14 17:00:00,16629.0
2014-08-14 18:00:00,16250.0
2014-08-14 19:00:00,15861.0
2014-08-14 20:00:00,15962.0
2014-08-14 21:00:00,15088.0
2014-08-14 22:00:00,13705.0
2014-08-14 23:00:00,12364.0
2014-08-15 00:00:00,11371.0
2014-08-15 01:00:00,10797.0
2014-08-15 02:00:00,10475.0
2014-08-15 03:00:00,10363.0
2014-08-15 04:00:00,10537.0
2014-08-15 05:00:00,11216.0
2014-08-15 06:00:00,12285.0
2014-08-15 07:00:00,13614.0
2014-08-15 08:00:00,14572.0
2014-08-15 09:00:00,15258.0
2014-08-15 10:00:00,15746.0
2014-08-15 11:00:00,16012.0
2014-08-15 12:00:00,16058.0
2014-08-15 13:00:00,16066.0
2014-08-15 14:00:00,15863.0
2014-08-15 15:00:00,15575.0
2014-08-15 16:00:00,15361.0
2014-08-15 17:00:00,15178.0
2014-08-15 18:00:00,14853.0
2014-08-15 19:00:00,14673.0
2014-08-15 20:00:00,14819.0
2014-08-15 21:00:00,14123.0
2014-08-15 22:00:00,13039.0
2014-08-15 23:00:00,11868.0
2014-08-16 00:00:00,10942.0
2014-08-16 01:00:00,10381.0
2014-08-16 02:00:00,10034.0
2014-08-16 03:00:00,9881.0
2014-08-16 04:00:00,9889.0
2014-08-16 05:00:00,10138.0
2014-08-16 06:00:00,10524.0
2014-08-16 07:00:00,11484.0
2014-08-16 08:00:00,12602.0
2014-08-16 09:00:00,13447.0
2014-08-16 10:00:00,13926.0
2014-08-16 11:00:00,14182.0
2014-08-16 12:00:00,14245.0
2014-08-16 13:00:00,14181.0
2014-08-16 14:00:00,14157.0
2014-08-16 15:00:00,14215.0
2014-08-16 16:00:00,14285.0
2014-08-16 17:00:00,14340.0
2014-08-16 18:00:00,14227.0
2014-08-16 19:00:00,14284.0
2014-08-16 20:00:00,14474.0
2014-08-16 21:00:00,13906.0
2014-08-16 22:00:00,12981.0
2014-08-16 23:00:00,11961.0
2014-08-17 00:00:00,11162.0
2014-08-17 01:00:00,10637.0
2014-08-17 02:00:00,10319.0
2014-08-17 03:00:00,10148.0
2014-08-17 04:00:00,10112.0
2014-08-17 05:00:00,10226.0
2014-08-17 06:00:00,10427.0
2014-08-17 07:00:00,11202.0
2014-08-17 08:00:00,12281.0
2014-08-17 09:00:00,13246.0
2014-08-17 10:00:00,13991.0
2014-08-17 11:00:00,14491.0
2014-08-17 12:00:00,14818.0
2014-08-17 13:00:00,14864.0
2014-08-17 14:00:00,14907.0
2014-08-17 15:00:00,15032.0
2014-08-17 16:00:00,15256.0
2014-08-17 17:00:00,15466.0
2014-08-17 18:00:00,15369.0
2014-08-17 19:00:00,15171.0
2014-08-17 20:00:00,15350.0
2014-08-17 21:00:00,14523.0
2014-08-17 22:00:00,13243.0
2014-08-17 23:00:00,11994.0
2014-08-18 00:00:00,11083.0
2014-08-18 01:00:00,10545.0
2014-08-18 02:00:00,10245.0
2014-08-18 03:00:00,10145.0
2014-08-18 04:00:00,10394.0
2014-08-18 05:00:00,11184.0
2014-08-18 06:00:00,12329.0
2014-08-18 07:00:00,13732.0
2014-08-18 08:00:00,14780.0
2014-08-18 09:00:00,15522.0
2014-08-18 10:00:00,16091.0
2014-08-18 11:00:00,16396.0
2014-08-18 12:00:00,16537.0
2014-08-18 13:00:00,16737.0
2014-08-18 14:00:00,16833.0
2014-08-18 15:00:00,16871.0
2014-08-18 16:00:00,16939.0
2014-08-18 17:00:00,16870.0
2014-08-18 18:00:00,16445.0
2014-08-18 19:00:00,16095.0
2014-08-18 20:00:00,16154.0
2014-08-18 21:00:00,15114.0
2014-08-18 22:00:00,13600.0
2014-08-18 23:00:00,12173.0
2014-08-19 00:00:00,11166.0
2014-08-19 01:00:00,10595.0
2014-08-19 02:00:00,10254.0
2014-08-19 03:00:00,10114.0
2014-08-19 04:00:00,10295.0
2014-08-19 05:00:00,10997.0
2014-08-19 06:00:00,12116.0
2014-08-19 07:00:00,13465.0
2014-08-19 08:00:00,14423.0
2014-08-19 09:00:00,15115.0
2014-08-19 10:00:00,15676.0
2014-08-19 11:00:00,16050.0
2014-08-19 12:00:00,16309.0
2014-08-19 13:00:00,16619.0
2014-08-19 14:00:00,16813.0
2014-08-19 15:00:00,16976.0
2014-08-19 16:00:00,17146.0
2014-08-19 17:00:00,17150.0
2014-08-19 18:00:00,16773.0
2014-08-19 19:00:00,16389.0
2014-08-19 20:00:00,16441.0
2014-08-19 21:00:00,15410.0
2014-08-19 22:00:00,13912.0
2014-08-19 23:00:00,12517.0
2014-08-20 00:00:00,11539.0
2014-08-20 01:00:00,10971.0
2014-08-20 02:00:00,10621.0
2014-08-20 03:00:00,10467.0
2014-08-20 04:00:00,10653.0
2014-08-20 05:00:00,11378.0
2014-08-20 06:00:00,12568.0
2014-08-20 07:00:00,13981.0
2014-08-20 08:00:00,14993.0
2014-08-20 09:00:00,15807.0
2014-08-20 10:00:00,16518.0
2014-08-20 11:00:00,17047.0
2014-08-20 12:00:00,17384.0
2014-08-20 13:00:00,17796.0
2014-08-20 14:00:00,18049.0
2014-08-20 15:00:00,18161.0
2014-08-20 16:00:00,18237.0
2014-08-20 17:00:00,18087.0
2014-08-20 18:00:00,17541.0
2014-08-20 19:00:00,17158.0
2014-08-20 20:00:00,17118.0
2014-08-20 21:00:00,16027.0
2014-08-20 22:00:00,14460.0
2014-08-20 23:00:00,12973.0
2014-08-21 00:00:00,11913.0
2014-08-21 01:00:00,11295.0
2014-08-21 02:00:00,10947.0
2014-08-21 03:00:00,10803.0
2014-08-21 04:00:00,10982.0
2014-08-21 05:00:00,11771.0
2014-08-21 06:00:00,13000.0
2014-08-21 07:00:00,14326.0
2014-08-21 08:00:00,15290.0
2014-08-21 09:00:00,16041.0
2014-08-21 10:00:00,16649.0
2014-08-21 11:00:00,17038.0
2014-08-21 12:00:00,17299.0
2014-08-21 13:00:00,17536.0
2014-08-21 14:00:00,17586.0
2014-08-21 15:00:00,17507.0
2014-08-21 16:00:00,17422.0
2014-08-21 17:00:00,17245.0
2014-08-21 18:00:00,16915.0
2014-08-21 19:00:00,16911.0
2014-08-21 20:00:00,16836.0
2014-08-21 21:00:00,15879.0
2014-08-21 22:00:00,14462.0
2014-08-21 23:00:00,13092.0
2014-08-22 00:00:00,12129.0
2014-08-22 01:00:00,11523.0
2014-08-22 02:00:00,11173.0
2014-08-22 03:00:00,11009.0
2014-08-22 04:00:00,11161.0
2014-08-22 05:00:00,11927.0
2014-08-22 06:00:00,13142.0
2014-08-22 07:00:00,14431.0
2014-08-22 08:00:00,15370.0
2014-08-22 09:00:00,16036.0
2014-08-22 10:00:00,16540.0
2014-08-22 11:00:00,16759.0
2014-08-22 12:00:00,16743.0
2014-08-22 13:00:00,16791.0
2014-08-22 14:00:00,16662.0
2014-08-22 15:00:00,16440.0
2014-08-22 16:00:00,16285.0
2014-08-22 17:00:00,16097.0
2014-08-22 18:00:00,15784.0
2014-08-22 19:00:00,15764.0
2014-08-22 20:00:00,15724.0
2014-08-22 21:00:00,14948.0
2014-08-22 22:00:00,13802.0
2014-08-22 23:00:00,12584.0
2014-08-23 00:00:00,11635.0
2014-08-23 01:00:00,11040.0
2014-08-23 02:00:00,10665.0
2014-08-23 03:00:00,10452.0
2014-08-23 04:00:00,10444.0
2014-08-23 05:00:00,10719.0
2014-08-23 06:00:00,11129.0
2014-08-23 07:00:00,12066.0
2014-08-23 08:00:00,13169.0
2014-08-23 09:00:00,14017.0
2014-08-23 10:00:00,14514.0
2014-08-23 11:00:00,14771.0
2014-08-23 12:00:00,14825.0
2014-08-23 13:00:00,14737.0
2014-08-23 14:00:00,14598.0
2014-08-23 15:00:00,14513.0
2014-08-23 16:00:00,14522.0
2014-08-23 17:00:00,14580.0
2014-08-23 18:00:00,14464.0
2014-08-23 19:00:00,14398.0
2014-08-23 20:00:00,14537.0
2014-08-23 21:00:00,13848.0
2014-08-23 22:00:00,12818.0
2014-08-23 23:00:00,11705.0
2014-08-24 00:00:00,10865.0
2014-08-24 01:00:00,10310.0
2014-08-24 02:00:00,9989.0
2014-08-24 03:00:00,9801.0
2014-08-24 04:00:00,9764.0
2014-08-24 05:00:00,9895.0
2014-08-24 06:00:00,10079.0
2014-08-24 07:00:00,10850.0
2014-08-24 08:00:00,11939.0
2014-08-24 09:00:00,12884.0
2014-08-24 10:00:00,13554.0
2014-08-24 11:00:00,14068.0
2014-08-24 12:00:00,14411.0
2014-08-24 13:00:00,14588.0
2014-08-24 14:00:00,14724.0
2014-08-24 15:00:00,14957.0
2014-08-24 16:00:00,15334.0
2014-08-24 17:00:00,15697.0
2014-08-24 18:00:00,15668.0
2014-08-24 19:00:00,15592.0
2014-08-24 20:00:00,15768.0
2014-08-24 21:00:00,14837.0
2014-08-24 22:00:00,13524.0
2014-08-24 23:00:00,12244.0
2014-08-25 00:00:00,11342.0
2014-08-25 01:00:00,10816.0
2014-08-25 02:00:00,10508.0
2014-08-25 03:00:00,10435.0
2014-08-25 04:00:00,10683.0
2014-08-25 05:00:00,11543.0
2014-08-25 06:00:00,12825.0
2014-08-25 07:00:00,14303.0
2014-08-25 08:00:00,15481.0
2014-08-25 09:00:00,16486.0
2014-08-25 10:00:00,17370.0
2014-08-25 11:00:00,18108.0
2014-08-25 12:00:00,18690.0
2014-08-25 13:00:00,19283.0
2014-08-25 14:00:00,19649.0
2014-08-25 15:00:00,19936.0
2014-08-25 16:00:00,20156.0
2014-08-25 17:00:00,20123.0
2014-08-25 18:00:00,19613.0
2014-08-25 19:00:00,19211.0
2014-08-25 20:00:00,18963.0
2014-08-25 21:00:00,17611.0
2014-08-25 22:00:00,15782.0
2014-08-25 23:00:00,14078.0
2014-08-26 00:00:00,12876.0
2014-08-26 01:00:00,12132.0
2014-08-26 02:00:00,11649.0
2014-08-26 03:00:00,11440.0
2014-08-26 04:00:00,11566.0
2014-08-26 05:00:00,12347.0
2014-08-26 06:00:00,13660.0
2014-08-26 07:00:00,15071.0
2014-08-26 08:00:00,16171.0
2014-08-26 09:00:00,17197.0
2014-08-26 10:00:00,18203.0
2014-08-26 11:00:00,19080.0
2014-08-26 12:00:00,19760.0
2014-08-26 13:00:00,20406.0
2014-08-26 14:00:00,20758.0
2014-08-26 15:00:00,20944.0
2014-08-26 16:00:00,21036.0
2014-08-26 17:00:00,20900.0
2014-08-26 18:00:00,20276.0
2014-08-26 19:00:00,19762.0
2014-08-26 20:00:00,19515.0
2014-08-26 21:00:00,18069.0
2014-08-26 22:00:00,16173.0
2014-08-26 23:00:00,14444.0
2014-08-27 00:00:00,13217.0
2014-08-27 01:00:00,12486.0
2014-08-27 02:00:00,12005.0
2014-08-27 03:00:00,11774.0
2014-08-27 04:00:00,11918.0
2014-08-27 05:00:00,12777.0
2014-08-27 06:00:00,14215.0
2014-08-27 07:00:00,15625.0
2014-08-27 08:00:00,16730.0
2014-08-27 09:00:00,17813.0
2014-08-27 10:00:00,18908.0
2014-08-27 11:00:00,19815.0
2014-08-27 12:00:00,20602.0
2014-08-27 13:00:00,21371.0
2014-08-27 14:00:00,21860.0
2014-08-27 15:00:00,22172.0
2014-08-27 16:00:00,22321.0
2014-08-27 17:00:00,22105.0
2014-08-27 18:00:00,21398.0
2014-08-27 19:00:00,21037.0
2014-08-27 20:00:00,20622.0
2014-08-27 21:00:00,19147.0
2014-08-27 22:00:00,17223.0
2014-08-27 23:00:00,15468.0
2014-08-28 00:00:00,14222.0
2014-08-28 01:00:00,13452.0
2014-08-28 02:00:00,12923.0
2014-08-28 03:00:00,12558.0
2014-08-28 04:00:00,12572.0
2014-08-28 05:00:00,13334.0
2014-08-28 06:00:00,14640.0
2014-08-28 07:00:00,15856.0
2014-08-28 08:00:00,16683.0
2014-08-28 09:00:00,17381.0
2014-08-28 10:00:00,17951.0
2014-08-28 11:00:00,18313.0
2014-08-28 12:00:00,18469.0
2014-08-28 13:00:00,18644.0
2014-08-28 14:00:00,18607.0
2014-08-28 15:00:00,18494.0
2014-08-28 16:00:00,18292.0
2014-08-28 17:00:00,17926.0
2014-08-28 18:00:00,17342.0
2014-08-28 19:00:00,17110.0
2014-08-28 20:00:00,16985.0
2014-08-28 21:00:00,15851.0
2014-08-28 22:00:00,14257.0
2014-08-28 23:00:00,12752.0
2014-08-29 00:00:00,11695.0
2014-08-29 01:00:00,11048.0
2014-08-29 02:00:00,10675.0
2014-08-29 03:00:00,10504.0
2014-08-29 04:00:00,10643.0
2014-08-29 05:00:00,11386.0
2014-08-29 06:00:00,12616.0
2014-08-29 07:00:00,13890.0
2014-08-29 08:00:00,14815.0
2014-08-29 09:00:00,15510.0
2014-08-29 10:00:00,15989.0
2014-08-29 11:00:00,16276.0
2014-08-29 12:00:00,16378.0
2014-08-29 13:00:00,16518.0
2014-08-29 14:00:00,16514.0
2014-08-29 15:00:00,16498.0
2014-08-29 16:00:00,16503.0
2014-08-29 17:00:00,16351.0
2014-08-29 18:00:00,15847.0
2014-08-29 19:00:00,15619.0
2014-08-29 20:00:00,15484.0
2014-08-29 21:00:00,14582.0
2014-08-29 22:00:00,13356.0
2014-08-29 23:00:00,12099.0
2014-08-30 00:00:00,11137.0
2014-08-30 01:00:00,10547.0
2014-08-30 02:00:00,10178.0
2014-08-30 03:00:00,9978.0
2014-08-30 04:00:00,9958.0
2014-08-30 05:00:00,10203.0
2014-08-30 06:00:00,10551.0
2014-08-30 07:00:00,11429.0
2014-08-30 08:00:00,12592.0
2014-08-30 09:00:00,13487.0
2014-08-30 10:00:00,13979.0
2014-08-30 11:00:00,14247.0
2014-08-30 12:00:00,14360.0
2014-08-30 13:00:00,14390.0
2014-08-30 14:00:00,14427.0
2014-08-30 15:00:00,14514.0
2014-08-30 16:00:00,14679.0
2014-08-30 17:00:00,14809.0
2014-08-30 18:00:00,14713.0
2014-08-30 19:00:00,14860.0
2014-08-30 20:00:00,14918.0
2014-08-30 21:00:00,14279.0
2014-08-30 22:00:00,13334.0
2014-08-30 23:00:00,12305.0
2014-08-31 00:00:00,11510.0
2014-08-31 01:00:00,11018.0
2014-08-31 02:00:00,10744.0
2014-08-31 03:00:00,10632.0
2014-08-31 04:00:00,10644.0
2014-08-31 05:00:00,10851.0
2014-08-31 06:00:00,11168.0
2014-08-31 07:00:00,11944.0
2014-08-31 08:00:00,13096.0
2014-08-31 09:00:00,14207.0
2014-08-31 10:00:00,15144.0
2014-08-31 11:00:00,15826.0
2014-08-31 12:00:00,16376.0
2014-08-31 13:00:00,16739.0
2014-08-31 14:00:00,16997.0
2014-08-31 15:00:00,17285.0
2014-08-31 16:00:00,17556.0
2014-08-31 17:00:00,17728.0
2014-08-31 18:00:00,17685.0
2014-08-31 19:00:00,17824.0
2014-08-31 20:00:00,17527.0
2014-08-31 21:00:00,16666.0
2014-08-31 22:00:00,15525.0
2014-08-31 23:00:00,14344.0
2014-09-01 00:00:00,13332.0
2014-09-01 01:00:00,12660.0
2014-09-01 02:00:00,12247.0
2014-09-01 03:00:00,12033.0
2014-09-01 04:00:00,12038.0
2014-09-01 05:00:00,12334.0
2014-09-01 06:00:00,12781.0
2014-09-01 07:00:00,13490.0
2014-09-01 08:00:00,14829.0
2014-09-01 09:00:00,16362.0
2014-09-01 10:00:00,17703.0
2014-09-01 11:00:00,18716.0
2014-09-01 12:00:00,19354.0
2014-09-01 13:00:00,19696.0
2014-09-01 14:00:00,19855.0
2014-09-01 15:00:00,20129.0
2014-09-01 16:00:00,20485.0
2014-09-01 17:00:00,20725.0
2014-09-01 18:00:00,20420.0
2014-09-01 19:00:00,20364.0
2014-09-01 20:00:00,20143.0
2014-09-01 21:00:00,18713.0
2014-09-01 22:00:00,16859.0
2014-09-01 23:00:00,15221.0
2014-09-02 00:00:00,14079.0
2014-09-02 01:00:00,13353.0
2014-09-02 02:00:00,12920.0
2014-09-02 03:00:00,12728.0
2014-09-02 04:00:00,12919.0
2014-09-02 05:00:00,13932.0
2014-09-02 06:00:00,15679.0
2014-09-02 07:00:00,17157.0
2014-09-02 08:00:00,18332.0
2014-09-02 09:00:00,19594.0
2014-09-02 10:00:00,20869.0
2014-09-02 11:00:00,21940.0
2014-09-02 12:00:00,22715.0
2014-09-02 13:00:00,23226.0
2014-09-02 14:00:00,23348.0
2014-09-02 15:00:00,23176.0
2014-09-02 16:00:00,23114.0
2014-09-02 17:00:00,23046.0
2014-09-02 18:00:00,22570.0
2014-09-02 19:00:00,22454.0
2014-09-02 20:00:00,21954.0
2014-09-02 21:00:00,20317.0
2014-09-02 22:00:00,18297.0
2014-09-02 23:00:00,16460.0
2014-09-03 00:00:00,15246.0
2014-09-03 01:00:00,14499.0
2014-09-03 02:00:00,14010.0
2014-09-03 03:00:00,13683.0
2014-09-03 04:00:00,13660.0
2014-09-03 05:00:00,14359.0
2014-09-03 06:00:00,15732.0
2014-09-03 07:00:00,16818.0
2014-09-03 08:00:00,17440.0
2014-09-03 09:00:00,17984.0
2014-09-03 10:00:00,18464.0
2014-09-03 11:00:00,18882.0
2014-09-03 12:00:00,19276.0
2014-09-03 13:00:00,19644.0
2014-09-03 14:00:00,19937.0
2014-09-03 15:00:00,20170.0
2014-09-03 16:00:00,20293.0
2014-09-03 17:00:00,20136.0
2014-09-03 18:00:00,19517.0
2014-09-03 19:00:00,19216.0
2014-09-03 20:00:00,18779.0
2014-09-03 21:00:00,17298.0
2014-09-03 22:00:00,15423.0
2014-09-03 23:00:00,13742.0
2014-09-04 00:00:00,12601.0
2014-09-04 01:00:00,11875.0
2014-09-04 02:00:00,11454.0
2014-09-04 03:00:00,11254.0
2014-09-04 04:00:00,11405.0
2014-09-04 05:00:00,12278.0
2014-09-04 06:00:00,13761.0
2014-09-04 07:00:00,14960.0
2014-09-04 08:00:00,15837.0
2014-09-04 09:00:00,16670.0
2014-09-04 10:00:00,17453.0
2014-09-04 11:00:00,18082.0
2014-09-04 12:00:00,18577.0
2014-09-04 13:00:00,19169.0
2014-09-04 14:00:00,19594.0
2014-09-04 15:00:00,19908.0
2014-09-04 16:00:00,20096.0
2014-09-04 17:00:00,20010.0
2014-09-04 18:00:00,19457.0
2014-09-04 19:00:00,19333.0
2014-09-04 20:00:00,19029.0
2014-09-04 21:00:00,17657.0
2014-09-04 22:00:00,15898.0
2014-09-04 23:00:00,14262.0
2014-09-05 00:00:00,13121.0
2014-09-05 01:00:00,12420.0
2014-09-05 02:00:00,11965.0
2014-09-05 03:00:00,11764.0
2014-09-05 04:00:00,11964.0
2014-09-05 05:00:00,12900.0
2014-09-05 06:00:00,14487.0
2014-09-05 07:00:00,15823.0
2014-09-05 08:00:00,16897.0
2014-09-05 09:00:00,17963.0
2014-09-05 10:00:00,19025.0
2014-09-05 11:00:00,19971.0
2014-09-05 12:00:00,20694.0
2014-09-05 13:00:00,21407.0
2014-09-05 14:00:00,21788.0
2014-09-05 15:00:00,22018.0
2014-09-05 16:00:00,22055.0
2014-09-05 17:00:00,21666.0
2014-09-05 18:00:00,20874.0
2014-09-05 19:00:00,20658.0
2014-09-05 20:00:00,20276.0
2014-09-05 21:00:00,19091.0
2014-09-05 22:00:00,17577.0
2014-09-05 23:00:00,16084.0
2014-09-06 00:00:00,14946.0
2014-09-06 01:00:00,14202.0
2014-09-06 02:00:00,13747.0
2014-09-06 03:00:00,13488.0
2014-09-06 04:00:00,13428.0
2014-09-06 05:00:00,13740.0
2014-09-06 06:00:00,14301.0
2014-09-06 07:00:00,15398.0
2014-09-06 08:00:00,16947.0
2014-09-06 09:00:00,18320.0
2014-09-06 10:00:00,19429.0
2014-09-06 11:00:00,20340.0
2014-09-06 12:00:00,20987.0
2014-09-06 13:00:00,21375.0
2014-09-06 14:00:00,21604.0
2014-09-06 15:00:00,21527.0
2014-09-06 16:00:00,21127.0
2014-09-06 17:00:00,20505.0
2014-09-06 18:00:00,19682.0
2014-09-06 19:00:00,19367.0
2014-09-06 20:00:00,18759.0
2014-09-06 21:00:00,17597.0
2014-09-06 22:00:00,16048.0
2014-09-06 23:00:00,14495.0
2014-09-07 00:00:00,13283.0
2014-09-07 01:00:00,12422.0
2014-09-07 02:00:00,11862.0
2014-09-07 03:00:00,11528.0
2014-09-07 04:00:00,11390.0
2014-09-07 05:00:00,11475.0
2014-09-07 06:00:00,11685.0
2014-09-07 07:00:00,12293.0
2014-09-07 08:00:00,13358.0
2014-09-07 09:00:00,14238.0
2014-09-07 10:00:00,14798.0
2014-09-07 11:00:00,15178.0
2014-09-07 12:00:00,15467.0
2014-09-07 13:00:00,15613.0
2014-09-07 14:00:00,15694.0
2014-09-07 15:00:00,15841.0
2014-09-07 16:00:00,16043.0
2014-09-07 17:00:00,16207.0
2014-09-07 18:00:00,16001.0
2014-09-07 19:00:00,16085.0
2014-09-07 20:00:00,15789.0
2014-09-07 21:00:00,14609.0
2014-09-07 22:00:00,13188.0
2014-09-07 23:00:00,11893.0
2014-09-08 00:00:00,11026.0
2014-09-08 01:00:00,10531.0
2014-09-08 02:00:00,10249.0
2014-09-08 03:00:00,10167.0
2014-09-08 04:00:00,10447.0
2014-09-08 05:00:00,11443.0
2014-09-08 06:00:00,13020.0
2014-09-08 07:00:00,14173.0
2014-09-08 08:00:00,14897.0
2014-09-08 09:00:00,15497.0
2014-09-08 10:00:00,15996.0
2014-09-08 11:00:00,16274.0
2014-09-08 12:00:00,16395.0
2014-09-08 13:00:00,16551.0
2014-09-08 14:00:00,16510.0
2014-09-08 15:00:00,16434.0
2014-09-08 16:00:00,16334.0
2014-09-08 17:00:00,16160.0
2014-09-08 18:00:00,15981.0
2014-09-08 19:00:00,16262.0
2014-09-08 20:00:00,15867.0
2014-09-08 21:00:00,14624.0
2014-09-08 22:00:00,13116.0
2014-09-08 23:00:00,11784.0
2014-09-09 00:00:00,10926.0
2014-09-09 01:00:00,10442.0
2014-09-09 02:00:00,10174.0
2014-09-09 03:00:00,10095.0
2014-09-09 04:00:00,10352.0
2014-09-09 05:00:00,11295.0
2014-09-09 06:00:00,12895.0
2014-09-09 07:00:00,13977.0
2014-09-09 08:00:00,14559.0
2014-09-09 09:00:00,14974.0
2014-09-09 10:00:00,15372.0
2014-09-09 11:00:00,15605.0
2014-09-09 12:00:00,15648.0
2014-09-09 13:00:00,15735.0
2014-09-09 14:00:00,15670.0
2014-09-09 15:00:00,15573.0
2014-09-09 16:00:00,15523.0
2014-09-09 17:00:00,15515.0
2014-09-09 18:00:00,15429.0
2014-09-09 19:00:00,15890.0
2014-09-09 20:00:00,15600.0
2014-09-09 21:00:00,14504.0
2014-09-09 22:00:00,13038.0
2014-09-09 23:00:00,11741.0
2014-09-10 00:00:00,10907.0
2014-09-10 01:00:00,10410.0
2014-09-10 02:00:00,10146.0
2014-09-10 03:00:00,10095.0
2014-09-10 04:00:00,10370.0
2014-09-10 05:00:00,11366.0
2014-09-10 06:00:00,13102.0
2014-09-10 07:00:00,14195.0
2014-09-10 08:00:00,14697.0
2014-09-10 09:00:00,15114.0
2014-09-10 10:00:00,15466.0
2014-09-10 11:00:00,15671.0
2014-09-10 12:00:00,15798.0
2014-09-10 13:00:00,15989.0
2014-09-10 14:00:00,16044.0
2014-09-10 15:00:00,16107.0
2014-09-10 16:00:00,16157.0
2014-09-10 17:00:00,16116.0
2014-09-10 18:00:00,15955.0
2014-09-10 19:00:00,16398.0
2014-09-10 20:00:00,15975.0
2014-09-10 21:00:00,14808.0
2014-09-10 22:00:00,13324.0
2014-09-10 23:00:00,12028.0
2014-09-11 00:00:00,11176.0
2014-09-11 01:00:00,10704.0
2014-09-11 02:00:00,10447.0
2014-09-11 03:00:00,10394.0
2014-09-11 04:00:00,10691.0
2014-09-11 05:00:00,11722.0
2014-09-11 06:00:00,13476.0
2014-09-11 07:00:00,14682.0
2014-09-11 08:00:00,15357.0
2014-09-11 09:00:00,15887.0
2014-09-11 10:00:00,16293.0
2014-09-11 11:00:00,16531.0
2014-09-11 12:00:00,16664.0
2014-09-11 13:00:00,16870.0
2014-09-11 14:00:00,16950.0
2014-09-11 15:00:00,17038.0
2014-09-11 16:00:00,17192.0
2014-09-11 17:00:00,17268.0
2014-09-11 18:00:00,17227.0
2014-09-11 19:00:00,17596.0
2014-09-11 20:00:00,17302.0
2014-09-11 21:00:00,16097.0
2014-09-11 22:00:00,14455.0
2014-09-11 23:00:00,12816.0
2014-09-12 00:00:00,11682.0
2014-09-12 01:00:00,10954.0
2014-09-12 02:00:00,10545.0
2014-09-12 03:00:00,10376.0
2014-09-12 04:00:00,10551.0
2014-09-12 05:00:00,11423.0
2014-09-12 06:00:00,12927.0
2014-09-12 07:00:00,13974.0
2014-09-12 08:00:00,14511.0
2014-09-12 09:00:00,14874.0
2014-09-12 10:00:00,15159.0
2014-09-12 11:00:00,15313.0
2014-09-12 12:00:00,15360.0
2014-09-12 13:00:00,15513.0
2014-09-12 14:00:00,15554.0
2014-09-12 15:00:00,15550.0
2014-09-12 16:00:00,15529.0
2014-09-12 17:00:00,15345.0
2014-09-12 18:00:00,15002.0
2014-09-12 19:00:00,15196.0
2014-09-12 20:00:00,14791.0
2014-09-12 21:00:00,13828.0
2014-09-12 22:00:00,12631.0
2014-09-12 23:00:00,11386.0
2014-09-13 00:00:00,10500.0
2014-09-13 01:00:00,9974.0
2014-09-13 02:00:00,9664.0
2014-09-13 03:00:00,9515.0
2014-09-13 04:00:00,9557.0
2014-09-13 05:00:00,9869.0
2014-09-13 06:00:00,10397.0
2014-09-13 07:00:00,11224.0
2014-09-13 08:00:00,12214.0
2014-09-13 09:00:00,12915.0
2014-09-13 10:00:00,13326.0
2014-09-13 11:00:00,13491.0
2014-09-13 12:00:00,13480.0
2014-09-13 13:00:00,13364.0
2014-09-13 14:00:00,13247.0
2014-09-13 15:00:00,13246.0
2014-09-13 16:00:00,13441.0
2014-09-13 17:00:00,13761.0
2014-09-13 18:00:00,13943.0
2014-09-13 19:00:00,14083.0
2014-09-13 20:00:00,13712.0
2014-09-13 21:00:00,12993.0
2014-09-13 22:00:00,12017.0
2014-09-13 23:00:00,10990.0
2014-09-14 00:00:00,10205.0
2014-09-14 01:00:00,9760.0
2014-09-14 02:00:00,9431.0
2014-09-14 03:00:00,9247.0
2014-09-14 04:00:00,9189.0
2014-09-14 05:00:00,9387.0
2014-09-14 06:00:00,9697.0
2014-09-14 07:00:00,10387.0
2014-09-14 08:00:00,11329.0
2014-09-14 09:00:00,11991.0
2014-09-14 10:00:00,12331.0
2014-09-14 11:00:00,12513.0
2014-09-14 12:00:00,12612.0
2014-09-14 13:00:00,12605.0
2014-09-14 14:00:00,12592.0
2014-09-14 15:00:00,12670.0
2014-09-14 16:00:00,12963.0
2014-09-14 17:00:00,13285.0
2014-09-14 18:00:00,13572.0
2014-09-14 19:00:00,14175.0
2014-09-14 20:00:00,13802.0
2014-09-14 21:00:00,12766.0
2014-09-14 22:00:00,11520.0
2014-09-14 23:00:00,10423.0
2014-09-15 00:00:00,9731.0
2014-09-15 01:00:00,9342.0
2014-09-15 02:00:00,9175.0
2014-09-15 03:00:00,9175.0
2014-09-15 04:00:00,9497.0
2014-09-15 05:00:00,10538.0
2014-09-15 06:00:00,12259.0
2014-09-15 07:00:00,13357.0
2014-09-15 08:00:00,13765.0
2014-09-15 09:00:00,14042.0
2014-09-15 10:00:00,14339.0
2014-09-15 11:00:00,14518.0
2014-09-15 12:00:00,14562.0
2014-09-15 13:00:00,14606.0
2014-09-15 14:00:00,14519.0
2014-09-15 15:00:00,14487.0
2014-09-15 16:00:00,14577.0
2014-09-15 17:00:00,14761.0
2014-09-15 18:00:00,14842.0
2014-09-15 19:00:00,15341.0
2014-09-15 20:00:00,14799.0
2014-09-15 21:00:00,13619.0
2014-09-15 22:00:00,12178.0
2014-09-15 23:00:00,10911.0
2014-09-16 00:00:00,10109.0
2014-09-16 01:00:00,9692.0
2014-09-16 02:00:00,9494.0
2014-09-16 03:00:00,9444.0
2014-09-16 04:00:00,9702.0
2014-09-16 05:00:00,10676.0
2014-09-16 06:00:00,12500.0
2014-09-16 07:00:00,13611.0
2014-09-16 08:00:00,14099.0
2014-09-16 09:00:00,14473.0
2014-09-16 10:00:00,14762.0
2014-09-16 11:00:00,14869.0
2014-09-16 12:00:00,14807.0
2014-09-16 13:00:00,14846.0
2014-09-16 14:00:00,14778.0
2014-09-16 15:00:00,14733.0
2014-09-16 16:00:00,14817.0
2014-09-16 17:00:00,14942.0
2014-09-16 18:00:00,15050.0
2014-09-16 19:00:00,15466.0
2014-09-16 20:00:00,14910.0
2014-09-16 21:00:00,13731.0
2014-09-16 22:00:00,12290.0
2014-09-16 23:00:00,11019.0
2014-09-17 00:00:00,10214.0
2014-09-17 01:00:00,9786.0
2014-09-17 02:00:00,9545.0
2014-09-17 03:00:00,9466.0
2014-09-17 04:00:00,9738.0
2014-09-17 05:00:00,10744.0
2014-09-17 06:00:00,12460.0
2014-09-17 07:00:00,13512.0
2014-09-17 08:00:00,13920.0
2014-09-17 09:00:00,14200.0
2014-09-17 10:00:00,14478.0
2014-09-17 11:00:00,14623.0
2014-09-17 12:00:00,14678.0
2014-09-17 13:00:00,14760.0
2014-09-17 14:00:00,14737.0
2014-09-17 15:00:00,14726.0
2014-09-17 16:00:00,14822.0
2014-09-17 17:00:00,14922.0
2014-09-17 18:00:00,14929.0
2014-09-17 19:00:00,15417.0
2014-09-17 20:00:00,14901.0
2014-09-17 21:00:00,13745.0
2014-09-17 22:00:00,12298.0
2014-09-17 23:00:00,11023.0
2014-09-18 00:00:00,10215.0
2014-09-18 01:00:00,9753.0
2014-09-18 02:00:00,9538.0
2014-09-18 03:00:00,9485.0
2014-09-18 04:00:00,9733.0
2014-09-18 05:00:00,10754.0
2014-09-18 06:00:00,12504.0
2014-09-18 07:00:00,13508.0
2014-09-18 08:00:00,13957.0
2014-09-18 09:00:00,14302.0
2014-09-18 10:00:00,14650.0
2014-09-18 11:00:00,14824.0
2014-09-18 12:00:00,14913.0
2014-09-18 13:00:00,15055.0
2014-09-18 14:00:00,15016.0
2014-09-18 15:00:00,14954.0
2014-09-18 16:00:00,14960.0
2014-09-18 17:00:00,14967.0
2014-09-18 18:00:00,14998.0
2014-09-18 19:00:00,15476.0
2014-09-18 20:00:00,15000.0
2014-09-18 21:00:00,13868.0
2014-09-18 22:00:00,12397.0
2014-09-18 23:00:00,11111.0
2014-09-19 00:00:00,10278.0
2014-09-19 01:00:00,9791.0
2014-09-19 02:00:00,9549.0
2014-09-19 03:00:00,9478.0
2014-09-19 04:00:00,9732.0
2014-09-19 05:00:00,10675.0
2014-09-19 06:00:00,12354.0
2014-09-19 07:00:00,13383.0
2014-09-19 08:00:00,13761.0
2014-09-19 09:00:00,13935.0
2014-09-19 10:00:00,14038.0
2014-09-19 11:00:00,14045.0
2014-09-19 12:00:00,13981.0
2014-09-19 13:00:00,13960.0
2014-09-19 14:00:00,13836.0
2014-09-19 15:00:00,13714.0
2014-09-19 16:00:00,13736.0
2014-09-19 17:00:00,13805.0
2014-09-19 18:00:00,13900.0
2014-09-19 19:00:00,14390.0
2014-09-19 20:00:00,13976.0
2014-09-19 21:00:00,13164.0
2014-09-19 22:00:00,12072.0
2014-09-19 23:00:00,10928.0
2014-09-20 00:00:00,10136.0
2014-09-20 01:00:00,9672.0
2014-09-20 02:00:00,9428.0
2014-09-20 03:00:00,9296.0
2014-09-20 04:00:00,9374.0
2014-09-20 05:00:00,9767.0
2014-09-20 06:00:00,10417.0
2014-09-20 07:00:00,11282.0
2014-09-20 08:00:00,12264.0
2014-09-20 09:00:00,12849.0
2014-09-20 10:00:00,13109.0
2014-09-20 11:00:00,13166.0
2014-09-20 12:00:00,13116.0
2014-09-20 13:00:00,12954.0
2014-09-20 14:00:00,12830.0
2014-09-20 15:00:00,12817.0
2014-09-20 16:00:00,12947.0
2014-09-20 17:00:00,13202.0
2014-09-20 18:00:00,13487.0
2014-09-20 19:00:00,13938.0
2014-09-20 20:00:00,13563.0
2014-09-20 21:00:00,12831.0
2014-09-20 22:00:00,11863.0
2014-09-20 23:00:00,10857.0
2014-09-21 00:00:00,10152.0
2014-09-21 01:00:00,9709.0
2014-09-21 02:00:00,9463.0
2014-09-21 03:00:00,9351.0
2014-09-21 04:00:00,9394.0
2014-09-21 05:00:00,9658.0
2014-09-21 06:00:00,10132.0
2014-09-21 07:00:00,10857.0
2014-09-21 08:00:00,11927.0
2014-09-21 09:00:00,12799.0
2014-09-21 10:00:00,13453.0
2014-09-21 11:00:00,13938.0
2014-09-21 12:00:00,14294.0
2014-09-21 13:00:00,14419.0
2014-09-21 14:00:00,14438.0
2014-09-21 15:00:00,14464.0
2014-09-21 16:00:00,14780.0
2014-09-21 17:00:00,15134.0
2014-09-21 18:00:00,15470.0
2014-09-21 19:00:00,15845.0
2014-09-21 20:00:00,15310.0
2014-09-21 21:00:00,14228.0
2014-09-21 22:00:00,12951.0
2014-09-21 23:00:00,11812.0
2014-09-22 00:00:00,11027.0
2014-09-22 01:00:00,10585.0
2014-09-22 02:00:00,10366.0
2014-09-22 03:00:00,10254.0
2014-09-22 04:00:00,10492.0
2014-09-22 05:00:00,11404.0
2014-09-22 06:00:00,13054.0
2014-09-22 07:00:00,14092.0
2014-09-22 08:00:00,14637.0
2014-09-22 09:00:00,15045.0
2014-09-22 10:00:00,15345.0
2014-09-22 11:00:00,15456.0
2014-09-22 12:00:00,15430.0
2014-09-22 13:00:00,15434.0
2014-09-22 14:00:00,15277.0
2014-09-22 15:00:00,15157.0
2014-09-22 16:00:00,15138.0
2014-09-22 17:00:00,15195.0
2014-09-22 18:00:00,15209.0
2014-09-22 19:00:00,15574.0
2014-09-22 20:00:00,14838.0
2014-09-22 21:00:00,13637.0
2014-09-22 22:00:00,12197.0
2014-09-22 23:00:00,10930.0
2014-09-23 00:00:00,10119.0
2014-09-23 01:00:00,9676.0
2014-09-23 02:00:00,9466.0
2014-09-23 03:00:00,9418.0
2014-09-23 04:00:00,9682.0
2014-09-23 05:00:00,10663.0
2014-09-23 06:00:00,12430.0
2014-09-23 07:00:00,13452.0
2014-09-23 08:00:00,13776.0
2014-09-23 09:00:00,14006.0
2014-09-23 10:00:00,14225.0
2014-09-23 11:00:00,14357.0
2014-09-23 12:00:00,14412.0
2014-09-23 13:00:00,14535.0
2014-09-23 14:00:00,14526.0
2014-09-23 15:00:00,14536.0
2014-09-23 16:00:00,14680.0
2014-09-23 17:00:00,14852.0
2014-09-23 18:00:00,15022.0
2014-09-23 19:00:00,15472.0
2014-09-23 20:00:00,14828.0
2014-09-23 21:00:00,13693.0
2014-09-23 22:00:00,12256.0
2014-09-23 23:00:00,11001.0
2014-09-24 00:00:00,10192.0
2014-09-24 01:00:00,9718.0
2014-09-24 02:00:00,9493.0
2014-09-24 03:00:00,9456.0
2014-09-24 04:00:00,9748.0
2014-09-24 05:00:00,10743.0
2014-09-24 06:00:00,12492.0
2014-09-24 07:00:00,13515.0
2014-09-24 08:00:00,13932.0
2014-09-24 09:00:00,14246.0
2014-09-24 10:00:00,14486.0
2014-09-24 11:00:00,14697.0
2014-09-24 12:00:00,14687.0
2014-09-24 13:00:00,14773.0
2014-09-24 14:00:00,14678.0
2014-09-24 15:00:00,14577.0
2014-09-24 16:00:00,14620.0
2014-09-24 17:00:00,14709.0
2014-09-24 18:00:00,14979.0
2014-09-24 19:00:00,15438.0
2014-09-24 20:00:00,14821.0
2014-09-24 21:00:00,13699.0
2014-09-24 22:00:00,12269.0
2014-09-24 23:00:00,11069.0
2014-09-25 00:00:00,10242.0
2014-09-25 01:00:00,9808.0
2014-09-25 02:00:00,9592.0
2014-09-25 03:00:00,9530.0
2014-09-25 04:00:00,9780.0
2014-09-25 05:00:00,10727.0
2014-09-25 06:00:00,12487.0
2014-09-25 07:00:00,13536.0
2014-09-25 08:00:00,14062.0
2014-09-25 09:00:00,14347.0
2014-09-25 10:00:00,14587.0
2014-09-25 11:00:00,14666.0
2014-09-25 12:00:00,14612.0
2014-09-25 13:00:00,14644.0
2014-09-25 14:00:00,14526.0
2014-09-25 15:00:00,14438.0
2014-09-25 16:00:00,14469.0
2014-09-25 17:00:00,14641.0
2014-09-25 18:00:00,15061.0
2014-09-25 19:00:00,15366.0
2014-09-25 20:00:00,14780.0
2014-09-25 21:00:00,13677.0
2014-09-25 22:00:00,12298.0
2014-09-25 23:00:00,11074.0
2014-09-26 00:00:00,10267.0
2014-09-26 01:00:00,9859.0
2014-09-26 02:00:00,9636.0
2014-09-26 03:00:00,9583.0
2014-09-26 04:00:00,9836.0
2014-09-26 05:00:00,10785.0
2014-09-26 06:00:00,12511.0
2014-09-26 07:00:00,13527.0
2014-09-26 08:00:00,13963.0
2014-09-26 09:00:00,14293.0
2014-09-26 10:00:00,14613.0
2014-09-26 11:00:00,14789.0
2014-09-26 12:00:00,14847.0
2014-09-26 13:00:00,14964.0
2014-09-26 14:00:00,14929.0
2014-09-26 15:00:00,14877.0
2014-09-26 16:00:00,14893.0
2014-09-26 17:00:00,14832.0
2014-09-26 18:00:00,14810.0
2014-09-26 19:00:00,15079.0
2014-09-26 20:00:00,14503.0
2014-09-26 21:00:00,13611.0
2014-09-26 22:00:00,12444.0
2014-09-26 23:00:00,11287.0
2014-09-27 00:00:00,10406.0
2014-09-27 01:00:00,9891.0
2014-09-27 02:00:00,9593.0
2014-09-27 03:00:00,9450.0
2014-09-27 04:00:00,9490.0
2014-09-27 05:00:00,9846.0
2014-09-27 06:00:00,10439.0
2014-09-27 07:00:00,11269.0
2014-09-27 08:00:00,12324.0
2014-09-27 09:00:00,13050.0
2014-09-27 10:00:00,13456.0
2014-09-27 11:00:00,13686.0
2014-09-27 12:00:00,13820.0
2014-09-27 13:00:00,13892.0
2014-09-27 14:00:00,13986.0
2014-09-27 15:00:00,14168.0
2014-09-27 16:00:00,14414.0
2014-09-27 17:00:00,14603.0
2014-09-27 18:00:00,14724.0
2014-09-27 19:00:00,15004.0
2014-09-27 20:00:00,14469.0
2014-09-27 21:00:00,13645.0
2014-09-27 22:00:00,12576.0
2014-09-27 23:00:00,11490.0
2014-09-28 00:00:00,10627.0
2014-09-28 01:00:00,10086.0
2014-09-28 02:00:00,9739.0
2014-09-28 03:00:00,9554.0
2014-09-28 04:00:00,9516.0
2014-09-28 05:00:00,9687.0
2014-09-28 06:00:00,10038.0
2014-09-28 07:00:00,10666.0
2014-09-28 08:00:00,11702.0
2014-09-28 09:00:00,12614.0
2014-09-28 10:00:00,13259.0
2014-09-28 11:00:00,13778.0
2014-09-28 12:00:00,14216.0
2014-09-28 13:00:00,14540.0
2014-09-28 14:00:00,14803.0
2014-09-28 15:00:00,15091.0
2014-09-28 16:00:00,15427.0
2014-09-28 17:00:00,15722.0
2014-09-28 18:00:00,16036.0
2014-09-28 19:00:00,16310.0
2014-09-28 20:00:00,15574.0
2014-09-28 21:00:00,14438.0
2014-09-28 22:00:00,13082.0
2014-09-28 23:00:00,11832.0
2014-09-29 00:00:00,10954.0
2014-09-29 01:00:00,10432.0
2014-09-29 02:00:00,10182.0
2014-09-29 03:00:00,10100.0
2014-09-29 04:00:00,10385.0
2014-09-29 05:00:00,11393.0
2014-09-29 06:00:00,13205.0
2014-09-29 07:00:00,14274.0
2014-09-29 08:00:00,14804.0
2014-09-29 09:00:00,15238.0
2014-09-29 10:00:00,15616.0
2014-09-29 11:00:00,15828.0
2014-09-29 12:00:00,15979.0
2014-09-29 13:00:00,16145.0
2014-09-29 14:00:00,16125.0
2014-09-29 15:00:00,15996.0
2014-09-29 16:00:00,15944.0
2014-09-29 17:00:00,16114.0
2014-09-29 18:00:00,16463.0
2014-09-29 19:00:00,16456.0
2014-09-29 20:00:00,15656.0
2014-09-29 21:00:00,14409.0
2014-09-29 22:00:00,12954.0
2014-09-29 23:00:00,11636.0
2014-09-30 00:00:00,10740.0
2014-09-30 01:00:00,10253.0
2014-09-30 02:00:00,9986.0
2014-09-30 03:00:00,9905.0
2014-09-30 04:00:00,10149.0
2014-09-30 05:00:00,11127.0
2014-09-30 06:00:00,12995.0
2014-09-30 07:00:00,14153.0
2014-09-30 08:00:00,14562.0
2014-09-30 09:00:00,14827.0
2014-09-30 10:00:00,15013.0
2014-09-30 11:00:00,15060.0
2014-09-30 12:00:00,14997.0
2014-09-30 13:00:00,14966.0
2014-09-30 14:00:00,14814.0
2014-09-30 15:00:00,14730.0
2014-09-30 16:00:00,14818.0
2014-09-30 17:00:00,15088.0
2014-09-30 18:00:00,15540.0
2014-09-30 19:00:00,15630.0
2014-09-30 20:00:00,14926.0
2014-09-30 21:00:00,13818.0
2014-09-30 22:00:00,12407.0
2014-09-30 23:00:00,11188.0
2014-10-01 00:00:00,10386.0
2014-10-01 01:00:00,9951.0
2014-10-01 02:00:00,9718.0
2014-10-01 03:00:00,9674.0
2014-10-01 04:00:00,9941.0
2014-10-01 05:00:00,10934.0
2014-10-01 06:00:00,12804.0
2014-10-01 07:00:00,14004.0
2014-10-01 08:00:00,14455.0
2014-10-01 09:00:00,14764.0
2014-10-01 10:00:00,15010.0
2014-10-01 11:00:00,15107.0
2014-10-01 12:00:00,15058.0
2014-10-01 13:00:00,15024.0
2014-10-01 14:00:00,14874.0
2014-10-01 15:00:00,14795.0
2014-10-01 16:00:00,14896.0
2014-10-01 17:00:00,15223.0
2014-10-01 18:00:00,15571.0
2014-10-01 19:00:00,15527.0
2014-10-01 20:00:00,14876.0
2014-10-01 21:00:00,13790.0
2014-10-01 22:00:00,12411.0
2014-10-01 23:00:00,11199.0
2014-10-02 00:00:00,10386.0
2014-10-02 01:00:00,9951.0
2014-10-02 02:00:00,9716.0
2014-10-02 03:00:00,9667.0
2014-10-02 04:00:00,9924.0
2014-10-02 05:00:00,10924.0
2014-10-02 06:00:00,12797.0
2014-10-02 07:00:00,13926.0
2014-10-02 08:00:00,14312.0
2014-10-02 09:00:00,14584.0
2014-10-02 10:00:00,14736.0
2014-10-02 11:00:00,14738.0
2014-10-02 12:00:00,14640.0
2014-10-02 13:00:00,14650.0
2014-10-02 14:00:00,14512.0
2014-10-02 15:00:00,14424.0
2014-10-02 16:00:00,14470.0
2014-10-02 17:00:00,14682.0
2014-10-02 18:00:00,15155.0
2014-10-02 19:00:00,15395.0
2014-10-02 20:00:00,14797.0
2014-10-02 21:00:00,13760.0
2014-10-02 22:00:00,12372.0
2014-10-02 23:00:00,11144.0
2014-10-03 00:00:00,10288.0
2014-10-03 01:00:00,9832.0
2014-10-03 02:00:00,9564.0
2014-10-03 03:00:00,9518.0
2014-10-03 04:00:00,9775.0
2014-10-03 05:00:00,10754.0
2014-10-03 06:00:00,12518.0
2014-10-03 07:00:00,13536.0
2014-10-03 08:00:00,13928.0
2014-10-03 09:00:00,14170.0
2014-10-03 10:00:00,14316.0
2014-10-03 11:00:00,14337.0
2014-10-03 12:00:00,14277.0
2014-10-03 13:00:00,14262.0
2014-10-03 14:00:00,14112.0
2014-10-03 15:00:00,13997.0
2014-10-03 16:00:00,14057.0
2014-10-03 17:00:00,14197.0
2014-10-03 18:00:00,14632.0
2014-10-03 19:00:00,14721.0
2014-10-03 20:00:00,14188.0
2014-10-03 21:00:00,13356.0
2014-10-03 22:00:00,12260.0
2014-10-03 23:00:00,11140.0
2014-10-04 00:00:00,10283.0
2014-10-04 01:00:00,9815.0
2014-10-04 02:00:00,9549.0
2014-10-04 03:00:00,9417.0
2014-10-04 04:00:00,9460.0
2014-10-04 05:00:00,9794.0
2014-10-04 06:00:00,10460.0
2014-10-04 07:00:00,11291.0
2014-10-04 08:00:00,12337.0
2014-10-04 09:00:00,13126.0
2014-10-04 10:00:00,13547.0
2014-10-04 11:00:00,13720.0
2014-10-04 12:00:00,13736.0
2014-10-04 13:00:00,13616.0
2014-10-04 14:00:00,13503.0
2014-10-04 15:00:00,13475.0
2014-10-04 16:00:00,13642.0
2014-10-04 17:00:00,13942.0
2014-10-04 18:00:00,14298.0
2014-10-04 19:00:00,14199.0
2014-10-04 20:00:00,13713.0
2014-10-04 21:00:00,12989.0
2014-10-04 22:00:00,12036.0
2014-10-04 23:00:00,11031.0
2014-10-05 00:00:00,10185.0
2014-10-05 01:00:00,9667.0
2014-10-05 02:00:00,9338.0
2014-10-05 03:00:00,9168.0
2014-10-05 04:00:00,9142.0
2014-10-05 05:00:00,9355.0
2014-10-05 06:00:00,9808.0
2014-10-05 07:00:00,10432.0
2014-10-05 08:00:00,11326.0
2014-10-05 09:00:00,11963.0
2014-10-05 10:00:00,12242.0
2014-10-05 11:00:00,12348.0
2014-10-05 12:00:00,12338.0
2014-10-05 13:00:00,12228.0
2014-10-05 14:00:00,12159.0
2014-10-05 15:00:00,12229.0
2014-10-05 16:00:00,12578.0
2014-10-05 17:00:00,13164.0
2014-10-05 18:00:00,13939.0
2014-10-05 19:00:00,14266.0
2014-10-05 20:00:00,13742.0
2014-10-05 21:00:00,12794.0
2014-10-05 22:00:00,11694.0
2014-10-05 23:00:00,10631.0
2014-10-06 00:00:00,9861.0
2014-10-06 01:00:00,9461.0
2014-10-06 02:00:00,9311.0
2014-10-06 03:00:00,9322.0
2014-10-06 04:00:00,9662.0
2014-10-06 05:00:00,10749.0
2014-10-06 06:00:00,12708.0
2014-10-06 07:00:00,13790.0
2014-10-06 08:00:00,14051.0
2014-10-06 09:00:00,14183.0
2014-10-06 10:00:00,14339.0
2014-10-06 11:00:00,14388.0
2014-10-06 12:00:00,14350.0
2014-10-06 13:00:00,14367.0
2014-10-06 14:00:00,14282.0
2014-10-06 15:00:00,14245.0
2014-10-06 16:00:00,14354.0
2014-10-06 17:00:00,14663.0
2014-10-06 18:00:00,15353.0
2014-10-06 19:00:00,15565.0
2014-10-06 20:00:00,14835.0
2014-10-06 21:00:00,13678.0
2014-10-06 22:00:00,12260.0
2014-10-06 23:00:00,11006.0
2014-10-07 00:00:00,10218.0
2014-10-07 01:00:00,9812.0
2014-10-07 02:00:00,9597.0
2014-10-07 03:00:00,9568.0
2014-10-07 04:00:00,9873.0
2014-10-07 05:00:00,10907.0
2014-10-07 06:00:00,12854.0
2014-10-07 07:00:00,13975.0
2014-10-07 08:00:00,14350.0
2014-10-07 09:00:00,14653.0
2014-10-07 10:00:00,14949.0
2014-10-07 11:00:00,15040.0
2014-10-07 12:00:00,15015.0
2014-10-07 13:00:00,15027.0
2014-10-07 14:00:00,14895.0
2014-10-07 15:00:00,14759.0
2014-10-07 16:00:00,14811.0
2014-10-07 17:00:00,15049.0
2014-10-07 18:00:00,15668.0
2014-10-07 19:00:00,15760.0
2014-10-07 20:00:00,15086.0
2014-10-07 21:00:00,13977.0
2014-10-07 22:00:00,12541.0
2014-10-07 23:00:00,11344.0
2014-10-08 00:00:00,10515.0
2014-10-08 01:00:00,10111.0
2014-10-08 02:00:00,9882.0
2014-10-08 03:00:00,9822.0
2014-10-08 04:00:00,10128.0
2014-10-08 05:00:00,11158.0
2014-10-08 06:00:00,13040.0
2014-10-08 07:00:00,14143.0
2014-10-08 08:00:00,14510.0
2014-10-08 09:00:00,14804.0
2014-10-08 10:00:00,15040.0
2014-10-08 11:00:00,15111.0
2014-10-08 12:00:00,15075.0
2014-10-08 13:00:00,15060.0
2014-10-08 14:00:00,14936.0
2014-10-08 15:00:00,14851.0
2014-10-08 16:00:00,14889.0
2014-10-08 17:00:00,14993.0
2014-10-08 18:00:00,15485.0
2014-10-08 19:00:00,15579.0
2014-10-08 20:00:00,14901.0
2014-10-08 21:00:00,13815.0
2014-10-08 22:00:00,12351.0
2014-10-08 23:00:00,11102.0
2014-10-09 00:00:00,10258.0
2014-10-09 01:00:00,9798.0
2014-10-09 02:00:00,9541.0
2014-10-09 03:00:00,9471.0
2014-10-09 04:00:00,9734.0
2014-10-09 05:00:00,10728.0
2014-10-09 06:00:00,12591.0
2014-10-09 07:00:00,13579.0
2014-10-09 08:00:00,13872.0
2014-10-09 09:00:00,14023.0
2014-10-09 10:00:00,14167.0
2014-10-09 11:00:00,14219.0
2014-10-09 12:00:00,14197.0
2014-10-09 13:00:00,14236.0
2014-10-09 14:00:00,14156.0
2014-10-09 15:00:00,14100.0
2014-10-09 16:00:00,14219.0
2014-10-09 17:00:00,14492.0
2014-10-09 18:00:00,15124.0
2014-10-09 19:00:00,15238.0
2014-10-09 20:00:00,14631.0
2014-10-09 21:00:00,13573.0
2014-10-09 22:00:00,12201.0
2014-10-09 23:00:00,10993.0
2014-10-10 00:00:00,10176.0
2014-10-10 01:00:00,9723.0
2014-10-10 02:00:00,9503.0
2014-10-10 03:00:00,9462.0
2014-10-10 04:00:00,9716.0
2014-10-10 05:00:00,10687.0
2014-10-10 06:00:00,12521.0
2014-10-10 07:00:00,13571.0
2014-10-10 08:00:00,13898.0
2014-10-10 09:00:00,14032.0
2014-10-10 10:00:00,14147.0
2014-10-10 11:00:00,14151.0
2014-10-10 12:00:00,14063.0
2014-10-10 13:00:00,14033.0
2014-10-10 14:00:00,13886.0
2014-10-10 15:00:00,13761.0
2014-10-10 16:00:00,13761.0
2014-10-10 17:00:00,13970.0
2014-10-10 18:00:00,14619.0
2014-10-10 19:00:00,14589.0
2014-10-10 20:00:00,14018.0
2014-10-10 21:00:00,13209.0
2014-10-10 22:00:00,12125.0
2014-10-10 23:00:00,11024.0
2014-10-11 00:00:00,10199.0
2014-10-11 01:00:00,9722.0
2014-10-11 02:00:00,9435.0
2014-10-11 03:00:00,9329.0
2014-10-11 04:00:00,9388.0
2014-10-11 05:00:00,9757.0
2014-10-11 06:00:00,10452.0
2014-10-11 07:00:00,11326.0
2014-10-11 08:00:00,12368.0
2014-10-11 09:00:00,13194.0
2014-10-11 10:00:00,13629.0
2014-10-11 11:00:00,13721.0
2014-10-11 12:00:00,13590.0
2014-10-11 13:00:00,13259.0
2014-10-11 14:00:00,12917.0
2014-10-11 15:00:00,12718.0
2014-10-11 16:00:00,12767.0
2014-10-11 17:00:00,13078.0
2014-10-11 18:00:00,13872.0
2014-10-11 19:00:00,13905.0
2014-10-11 20:00:00,13453.0
2014-10-11 21:00:00,12789.0
2014-10-11 22:00:00,11973.0
2014-10-11 23:00:00,10984.0
2014-10-12 00:00:00,10240.0
2014-10-12 01:00:00,9772.0
2014-10-12 02:00:00,9500.0
2014-10-12 03:00:00,9410.0
2014-10-12 04:00:00,9459.0
2014-10-12 05:00:00,9719.0
2014-10-12 06:00:00,10245.0
2014-10-12 07:00:00,10905.0
2014-10-12 08:00:00,11742.0
2014-10-12 09:00:00,12236.0
2014-10-12 10:00:00,12358.0
2014-10-12 11:00:00,12320.0
2014-10-12 12:00:00,12216.0
2014-10-12 13:00:00,12065.0
2014-10-12 14:00:00,11979.0
2014-10-12 15:00:00,11990.0
2014-10-12 16:00:00,12301.0
2014-10-12 17:00:00,12869.0
2014-10-12 18:00:00,13761.0
2014-10-12 19:00:00,13902.0
2014-10-12 20:00:00,13395.0
2014-10-12 21:00:00,12549.0
2014-10-12 22:00:00,11622.0
2014-10-12 23:00:00,10657.0
2014-10-13 00:00:00,9969.0
2014-10-13 01:00:00,9609.0
2014-10-13 02:00:00,9443.0
2014-10-13 03:00:00,9415.0
2014-10-13 04:00:00,9673.0
2014-10-13 05:00:00,10425.0
2014-10-13 06:00:00,11692.0
2014-10-13 07:00:00,12718.0
2014-10-13 08:00:00,13512.0
2014-10-13 09:00:00,13995.0
2014-10-13 10:00:00,14326.0
2014-10-13 11:00:00,14404.0
2014-10-13 12:00:00,14297.0
2014-10-13 13:00:00,14223.0
2014-10-13 14:00:00,14104.0
2014-10-13 15:00:00,14068.0
2014-10-13 16:00:00,14309.0
2014-10-13 17:00:00,14906.0
2014-10-13 18:00:00,15608.0
2014-10-13 19:00:00,15429.0
2014-10-13 20:00:00,14673.0
2014-10-13 21:00:00,13579.0
2014-10-13 22:00:00,12187.0
2014-10-13 23:00:00,11001.0
2014-10-14 00:00:00,10214.0
2014-10-14 01:00:00,9796.0
2014-10-14 02:00:00,9583.0
2014-10-14 03:00:00,9496.0
2014-10-14 04:00:00,9808.0
2014-10-14 05:00:00,10867.0
2014-10-14 06:00:00,12836.0
2014-10-14 07:00:00,14016.0
2014-10-14 08:00:00,14417.0
2014-10-14 09:00:00,14704.0
2014-10-14 10:00:00,14974.0
2014-10-14 11:00:00,15157.0
2014-10-14 12:00:00,15199.0
2014-10-14 13:00:00,15262.0
2014-10-14 14:00:00,15199.0
2014-10-14 15:00:00,15089.0
2014-10-14 16:00:00,15139.0
2014-10-14 17:00:00,15341.0
2014-10-14 18:00:00,16064.0
2014-10-14 19:00:00,16039.0
2014-10-14 20:00:00,15283.0
2014-10-14 21:00:00,14153.0
2014-10-14 22:00:00,12726.0
2014-10-14 23:00:00,11460.0
2014-10-15 00:00:00,10633.0
2014-10-15 01:00:00,10186.0
2014-10-15 02:00:00,9937.0
2014-10-15 03:00:00,9885.0
2014-10-15 04:00:00,10139.0
2014-10-15 05:00:00,11162.0
2014-10-15 06:00:00,13098.0
2014-10-15 07:00:00,14216.0
2014-10-15 08:00:00,14687.0
2014-10-15 09:00:00,15148.0
2014-10-15 10:00:00,15592.0
2014-10-15 11:00:00,15828.0
2014-10-15 12:00:00,15953.0
2014-10-15 13:00:00,16063.0
2014-10-15 14:00:00,16025.0
2014-10-15 15:00:00,15910.0
2014-10-15 16:00:00,15918.0
2014-10-15 17:00:00,16132.0
2014-10-15 18:00:00,16821.0
2014-10-15 19:00:00,16700.0
2014-10-15 20:00:00,16004.0
2014-10-15 21:00:00,14900.0
2014-10-15 22:00:00,13442.0
2014-10-15 23:00:00,12158.0
2014-10-16 00:00:00,11280.0
2014-10-16 01:00:00,10781.0
2014-10-16 02:00:00,10526.0
2014-10-16 03:00:00,10483.0
2014-10-16 04:00:00,10754.0
2014-10-16 05:00:00,11785.0
2014-10-16 06:00:00,13802.0
2014-10-16 07:00:00,15041.0
2014-10-16 08:00:00,15546.0
2014-10-16 09:00:00,15898.0
2014-10-16 10:00:00,16207.0
2014-10-16 11:00:00,16341.0
2014-10-16 12:00:00,16312.0
2014-10-16 13:00:00,16314.0
2014-10-16 14:00:00,16133.0
2014-10-16 15:00:00,15995.0
2014-10-16 16:00:00,16004.0
2014-10-16 17:00:00,16228.0
2014-10-16 18:00:00,16504.0
2014-10-16 19:00:00,16243.0
2014-10-16 20:00:00,15525.0
2014-10-16 21:00:00,14407.0
2014-10-16 22:00:00,13064.0
2014-10-16 23:00:00,11795.0
2014-10-17 00:00:00,10838.0
2014-10-17 01:00:00,10337.0
2014-10-17 02:00:00,10045.0
2014-10-17 03:00:00,9944.0
2014-10-17 04:00:00,10136.0
2014-10-17 05:00:00,11062.0
2014-10-17 06:00:00,12917.0
2014-10-17 07:00:00,13974.0
2014-10-17 08:00:00,14392.0
2014-10-17 09:00:00,14668.0
2014-10-17 10:00:00,14907.0
2014-10-17 11:00:00,15047.0
2014-10-17 12:00:00,15007.0
2014-10-17 13:00:00,15024.0
2014-10-17 14:00:00,14895.0
2014-10-17 15:00:00,14742.0
2014-10-17 16:00:00,14673.0
2014-10-17 17:00:00,14683.0
2014-10-17 18:00:00,15199.0
2014-10-17 19:00:00,15011.0
2014-10-17 20:00:00,14392.0
2014-10-17 21:00:00,13529.0
2014-10-17 22:00:00,12435.0
2014-10-17 23:00:00,11316.0
2014-10-18 00:00:00,10427.0
2014-10-18 01:00:00,9916.0
2014-10-18 02:00:00,9603.0
2014-10-18 03:00:00,9453.0
2014-10-18 04:00:00,9489.0
2014-10-18 05:00:00,9849.0
2014-10-18 06:00:00,10590.0
2014-10-18 07:00:00,11390.0
2014-10-18 08:00:00,12320.0
2014-10-18 09:00:00,13012.0
2014-10-18 10:00:00,13359.0
2014-10-18 11:00:00,13452.0
2014-10-18 12:00:00,13416.0
2014-10-18 13:00:00,13250.0
2014-10-18 14:00:00,13044.0
2014-10-18 15:00:00,12986.0
2014-10-18 16:00:00,13130.0
2014-10-18 17:00:00,13550.0
2014-10-18 18:00:00,14142.0
2014-10-18 19:00:00,13884.0
2014-10-18 20:00:00,13365.0
2014-10-18 21:00:00,12672.0
2014-10-18 22:00:00,11766.0
2014-10-18 23:00:00,10773.0
2014-10-19 00:00:00,9985.0
2014-10-19 01:00:00,9485.0
2014-10-19 02:00:00,9182.0
2014-10-19 03:00:00,9055.0
2014-10-19 04:00:00,9056.0
2014-10-19 05:00:00,9269.0
2014-10-19 06:00:00,9756.0
2014-10-19 07:00:00,10394.0
2014-10-19 08:00:00,11313.0
2014-10-19 09:00:00,12043.0
2014-10-19 10:00:00,12331.0
2014-10-19 11:00:00,12449.0
2014-10-19 12:00:00,12462.0
2014-10-19 13:00:00,12403.0
2014-10-19 14:00:00,12368.0
2014-10-19 15:00:00,12506.0
2014-10-19 16:00:00,12944.0
2014-10-19 17:00:00,13701.0
2014-10-19 18:00:00,14601.0
2014-10-19 19:00:00,14479.0
2014-10-19 20:00:00,13893.0
2014-10-19 21:00:00,12897.0
2014-10-19 22:00:00,11757.0
2014-10-19 23:00:00,10701.0
2014-10-20 00:00:00,10003.0
2014-10-20 01:00:00,9674.0
2014-10-20 02:00:00,9537.0
2014-10-20 03:00:00,9554.0
2014-10-20 04:00:00,9927.0
2014-10-20 05:00:00,11082.0
2014-10-20 06:00:00,13172.0
2014-10-20 07:00:00,14320.0
2014-10-20 08:00:00,14497.0
2014-10-20 09:00:00,14500.0
2014-10-20 10:00:00,14527.0
2014-10-20 11:00:00,14435.0
2014-10-20 12:00:00,14263.0
2014-10-20 13:00:00,14193.0
2014-10-20 14:00:00,14068.0
2014-10-20 15:00:00,14037.0
2014-10-20 16:00:00,14299.0
2014-10-20 17:00:00,14957.0
2014-10-20 18:00:00,15883.0
2014-10-20 19:00:00,15706.0
2014-10-20 20:00:00,15007.0
2014-10-20 21:00:00,13885.0
2014-10-20 22:00:00,12454.0
2014-10-20 23:00:00,11191.0
2014-10-21 00:00:00,10384.0
2014-10-21 01:00:00,9978.0
2014-10-21 02:00:00,9761.0
2014-10-21 03:00:00,9714.0
2014-10-21 04:00:00,10003.0
2014-10-21 05:00:00,11011.0
2014-10-21 06:00:00,13026.0
2014-10-21 07:00:00,14168.0
2014-10-21 08:00:00,14376.0
2014-10-21 09:00:00,14475.0
2014-10-21 10:00:00,14585.0
2014-10-21 11:00:00,14632.0
2014-10-21 12:00:00,14608.0
2014-10-21 13:00:00,14636.0
2014-10-21 14:00:00,14506.0
2014-10-21 15:00:00,14439.0
2014-10-21 16:00:00,14608.0
2014-10-21 17:00:00,15143.0
2014-10-21 18:00:00,15845.0
2014-10-21 19:00:00,15609.0
2014-10-21 20:00:00,14885.0
2014-10-21 21:00:00,13752.0
2014-10-21 22:00:00,12297.0
2014-10-21 23:00:00,11060.0
2014-10-22 00:00:00,10252.0
2014-10-22 01:00:00,9822.0
2014-10-22 02:00:00,9593.0
2014-10-22 03:00:00,9542.0
2014-10-22 04:00:00,9835.0
2014-10-22 05:00:00,10861.0
2014-10-22 06:00:00,12845.0
2014-10-22 07:00:00,14112.0
2014-10-22 08:00:00,14440.0
2014-10-22 09:00:00,14674.0
2014-10-22 10:00:00,14859.0
2014-10-22 11:00:00,14887.0
2014-10-22 12:00:00,14843.0
2014-10-22 13:00:00,14824.0
2014-10-22 14:00:00,14720.0
2014-10-22 15:00:00,14744.0
2014-10-22 16:00:00,15049.0
2014-10-22 17:00:00,15678.0
2014-10-22 18:00:00,16085.0
2014-10-22 19:00:00,15690.0
2014-10-22 20:00:00,14971.0
2014-10-22 21:00:00,13836.0
2014-10-22 22:00:00,12425.0
2014-10-22 23:00:00,11232.0
2014-10-23 00:00:00,10433.0
2014-10-23 01:00:00,10011.0
2014-10-23 02:00:00,9783.0
2014-10-23 03:00:00,9746.0
2014-10-23 04:00:00,10037.0
2014-10-23 05:00:00,11057.0
2014-10-23 06:00:00,13036.0
2014-10-23 07:00:00,14259.0
2014-10-23 08:00:00,14567.0
2014-10-23 09:00:00,14843.0
2014-10-23 10:00:00,15014.0
2014-10-23 11:00:00,15083.0
2014-10-23 12:00:00,14962.0
2014-10-23 13:00:00,14929.0
2014-10-23 14:00:00,14784.0
2014-10-23 15:00:00,14768.0
2014-10-23 16:00:00,15018.0
2014-10-23 17:00:00,15532.0
2014-10-23 18:00:00,15989.0
2014-10-23 19:00:00,15679.0
2014-10-23 20:00:00,15019.0
2014-10-23 21:00:00,13931.0
2014-10-23 22:00:00,12559.0
2014-10-23 23:00:00,11363.0
2014-10-24 00:00:00,10522.0
2014-10-24 01:00:00,10069.0
2014-10-24 02:00:00,9821.0
2014-10-24 03:00:00,9775.0
2014-10-24 04:00:00,10038.0
2014-10-24 05:00:00,11036.0
2014-10-24 06:00:00,12967.0
2014-10-24 07:00:00,14168.0
2014-10-24 08:00:00,14478.0
2014-10-24 09:00:00,14657.0
2014-10-24 10:00:00,14781.0
2014-10-24 11:00:00,14750.0
2014-10-24 12:00:00,14597.0
2014-10-24 13:00:00,14517.0
2014-10-24 14:00:00,14351.0
2014-10-24 15:00:00,14236.0
2014-10-24 16:00:00,14365.0
2014-10-24 17:00:00,14759.0
2014-10-24 18:00:00,15227.0
2014-10-24 19:00:00,14879.0
2014-10-24 20:00:00,14360.0
2014-10-24 21:00:00,13571.0
2014-10-24 22:00:00,12497.0
2014-10-24 23:00:00,11370.0
2014-10-25 00:00:00,10505.0
2014-10-25 01:00:00,9973.0
2014-10-25 02:00:00,9691.0
2014-10-25 03:00:00,9562.0
2014-10-25 04:00:00,9642.0
2014-10-25 05:00:00,10059.0
2014-10-25 06:00:00,10850.0
2014-10-25 07:00:00,11644.0
2014-10-25 08:00:00,12449.0
2014-10-25 09:00:00,12848.0
2014-10-25 10:00:00,12958.0
2014-10-25 11:00:00,12905.0
2014-10-25 12:00:00,12759.0
2014-10-25 13:00:00,12509.0
2014-10-25 14:00:00,12363.0
2014-10-25 15:00:00,12319.0
2014-10-25 16:00:00,12538.0
2014-10-25 17:00:00,13052.0
2014-10-25 18:00:00,13908.0
2014-10-25 19:00:00,13689.0
2014-10-25 20:00:00,13233.0
2014-10-25 21:00:00,12593.0
2014-10-25 22:00:00,11724.0
2014-10-25 23:00:00,10796.0
2014-10-26 00:00:00,10062.0
2014-10-26 01:00:00,9588.0
2014-10-26 02:00:00,9288.0
2014-10-26 03:00:00,9164.0
2014-10-26 04:00:00,9158.0
2014-10-26 05:00:00,9395.0
2014-10-26 06:00:00,9914.0
2014-10-26 07:00:00,10552.0
2014-10-26 08:00:00,11412.0
2014-10-26 09:00:00,12140.0
2014-10-26 10:00:00,12503.0
2014-10-26 11:00:00,12715.0
2014-10-26 12:00:00,12778.0
2014-10-26 13:00:00,12667.0
2014-10-26 14:00:00,12563.0
2014-10-26 15:00:00,12640.0
2014-10-26 16:00:00,12986.0
2014-10-26 17:00:00,13679.0
2014-10-26 18:00:00,14669.0
2014-10-26 19:00:00,14500.0
2014-10-26 20:00:00,13891.0
2014-10-26 21:00:00,12882.0
2014-10-26 22:00:00,11711.0
2014-10-26 23:00:00,10683.0
2014-10-27 00:00:00,9972.0
2014-10-27 01:00:00,9605.0
2014-10-27 02:00:00,9427.0
2014-10-27 03:00:00,9423.0
2014-10-27 04:00:00,9752.0
2014-10-27 05:00:00,10880.0
2014-10-27 06:00:00,12925.0
2014-10-27 07:00:00,14062.0
2014-10-27 08:00:00,14195.0
2014-10-27 09:00:00,14251.0
2014-10-27 10:00:00,14331.0
2014-10-27 11:00:00,14293.0
2014-10-27 12:00:00,14158.0
2014-10-27 13:00:00,14117.0
2014-10-27 14:00:00,13977.0
2014-10-27 15:00:00,13940.0
2014-10-27 16:00:00,14154.0
2014-10-27 17:00:00,14791.0
2014-10-27 18:00:00,15710.0
2014-10-27 19:00:00,15449.0
2014-10-27 20:00:00,14768.0
2014-10-27 21:00:00,13657.0
2014-10-27 22:00:00,12292.0
2014-10-27 23:00:00,11109.0
2014-10-28 00:00:00,10323.0
2014-10-28 01:00:00,9895.0
2014-10-28 02:00:00,9691.0
2014-10-28 03:00:00,9669.0
2014-10-28 04:00:00,9986.0
2014-10-28 05:00:00,11071.0
2014-10-28 06:00:00,13117.0
2014-10-28 07:00:00,14232.0
2014-10-28 08:00:00,14334.0
2014-10-28 09:00:00,14396.0
2014-10-28 10:00:00,14325.0
2014-10-28 11:00:00,14413.0
2014-10-28 12:00:00,14336.0
2014-10-28 13:00:00,14323.0
2014-10-28 14:00:00,14296.0
2014-10-28 15:00:00,14256.0
2014-10-28 16:00:00,14393.0
2014-10-28 17:00:00,15043.0
2014-10-28 18:00:00,15836.0
2014-10-28 19:00:00,15540.0
2014-10-28 20:00:00,14825.0
2014-10-28 21:00:00,13723.0
2014-10-28 22:00:00,12307.0
2014-10-28 23:00:00,11071.0
2014-10-29 00:00:00,10265.0
2014-10-29 01:00:00,9825.0
2014-10-29 02:00:00,9577.0
2014-10-29 03:00:00,9535.0
2014-10-29 04:00:00,9829.0
2014-10-29 05:00:00,10860.0
2014-10-29 06:00:00,12868.0
2014-10-29 07:00:00,14059.0
2014-10-29 08:00:00,14283.0
2014-10-29 09:00:00,14491.0
2014-10-29 10:00:00,14705.0
2014-10-29 11:00:00,14784.0
2014-10-29 12:00:00,14775.0
2014-10-29 13:00:00,14793.0
2014-10-29 14:00:00,14709.0
2014-10-29 15:00:00,14661.0
2014-10-29 16:00:00,14874.0
2014-10-29 17:00:00,15428.0
2014-10-29 18:00:00,15777.0
2014-10-29 19:00:00,15397.0
2014-10-29 20:00:00,14706.0
2014-10-29 21:00:00,13624.0
2014-10-29 22:00:00,12244.0
2014-10-29 23:00:00,11058.0
2014-10-30 00:00:00,10240.0
2014-10-30 01:00:00,9780.0
2014-10-30 02:00:00,9561.0
2014-10-30 03:00:00,9523.0
2014-10-30 04:00:00,9839.0
2014-10-30 05:00:00,10912.0
2014-10-30 06:00:00,12988.0
2014-10-30 07:00:00,14180.0
2014-10-30 08:00:00,14296.0
2014-10-30 09:00:00,14321.0
2014-10-30 10:00:00,14299.0
2014-10-30 11:00:00,14230.0
2014-10-30 12:00:00,14120.0
2014-10-30 13:00:00,14157.0
2014-10-30 14:00:00,14067.0
2014-10-30 15:00:00,14017.0
2014-10-30 16:00:00,14181.0
2014-10-30 17:00:00,14747.0
2014-10-30 18:00:00,15578.0
2014-10-30 19:00:00,15406.0
2014-10-30 20:00:00,14879.0
2014-10-30 21:00:00,13908.0
2014-10-30 22:00:00,12538.0
2014-10-30 23:00:00,11334.0
2014-10-31 00:00:00,10551.0
2014-10-31 01:00:00,10098.0
2014-10-31 02:00:00,9864.0
2014-10-31 03:00:00,9829.0
2014-10-31 04:00:00,10133.0
2014-10-31 05:00:00,11213.0
2014-10-31 06:00:00,13239.0
2014-10-31 07:00:00,14380.0
2014-10-31 08:00:00,14484.0
2014-10-31 09:00:00,14515.0
2014-10-31 10:00:00,14503.0
2014-10-31 11:00:00,14406.0
2014-10-31 12:00:00,14256.0
2014-10-31 13:00:00,14199.0
2014-10-31 14:00:00,14081.0
2014-10-31 15:00:00,14087.0
2014-10-31 16:00:00,14328.0
2014-10-31 17:00:00,14704.0
2014-10-31 18:00:00,14784.0
2014-10-31 19:00:00,14340.0
2014-10-31 20:00:00,13966.0
2014-10-31 21:00:00,13276.0
2014-10-31 22:00:00,12265.0
2014-10-31 23:00:00,11236.0
2014-11-01 00:00:00,10488.0
2014-11-01 01:00:00,10055.0
2014-11-01 02:00:00,9807.0
2014-11-01 03:00:00,9703.0
2014-11-01 04:00:00,9789.0
2014-11-01 05:00:00,10165.0
2014-11-01 06:00:00,10925.0
2014-11-01 07:00:00,11847.0
2014-11-01 08:00:00,12766.0
2014-11-01 09:00:00,13553.0
2014-11-01 10:00:00,14014.0
2014-11-01 11:00:00,14228.0
2014-11-01 12:00:00,14280.0
2014-11-01 13:00:00,14145.0
2014-11-01 14:00:00,14042.0
2014-11-01 15:00:00,14041.0
2014-11-01 16:00:00,14313.0
2014-11-01 17:00:00,14870.0
2014-11-01 18:00:00,15105.0
2014-11-01 19:00:00,14669.0
2014-11-01 20:00:00,14152.0
2014-11-01 21:00:00,13457.0
2014-11-01 22:00:00,12520.0
2014-11-01 23:00:00,11552.0
2014-11-02 00:00:00,10806.0
2014-11-02 01:00:00,20372.0
2014-11-02 02:00:00,9909.0
2014-11-02 03:00:00,9887.0
2014-11-02 04:00:00,10058.0
2014-11-02 05:00:00,10492.0
2014-11-02 06:00:00,11223.0
2014-11-02 07:00:00,12218.0
2014-11-02 08:00:00,13310.0
2014-11-02 09:00:00,13982.0
2014-11-02 10:00:00,14325.0
2014-11-02 11:00:00,14499.0
2014-11-02 12:00:00,14459.0
2014-11-02 13:00:00,14300.0
2014-11-02 14:00:00,14174.0
2014-11-02 15:00:00,14262.0
2014-11-02 16:00:00,14906.0
2014-11-02 17:00:00,15840.0
2014-11-02 18:00:00,15705.0
2014-11-02 19:00:00,15120.0
2014-11-02 20:00:00,14555.0
2014-11-02 21:00:00,13516.0
2014-11-02 22:00:00,12329.0
2014-11-02 23:00:00,11390.0
2014-11-03 00:00:00,10769.0
2014-11-03 01:00:00,10446.0
2014-11-03 02:00:00,10324.0
2014-11-03 03:00:00,10383.0
2014-11-03 04:00:00,10847.0
2014-11-03 05:00:00,12108.0
2014-11-03 06:00:00,13962.0
2014-11-03 07:00:00,14812.0
2014-11-03 08:00:00,14890.0
2014-11-03 09:00:00,14830.0
2014-11-03 10:00:00,14781.0
2014-11-03 11:00:00,14680.0
2014-11-03 12:00:00,14461.0
2014-11-03 13:00:00,14394.0
2014-11-03 14:00:00,14303.0
2014-11-03 15:00:00,14473.0
2014-11-03 16:00:00,15246.0
2014-11-03 17:00:00,16507.0
2014-11-03 18:00:00,16394.0
2014-11-03 19:00:00,15919.0
2014-11-03 20:00:00,15192.0
2014-11-03 21:00:00,14034.0
2014-11-03 22:00:00,12695.0
2014-11-03 23:00:00,11535.0
2014-11-04 00:00:00,10796.0
2014-11-04 01:00:00,10418.0
2014-11-04 02:00:00,10244.0
2014-11-04 03:00:00,10261.0
2014-11-04 04:00:00,10650.0
2014-11-04 05:00:00,11769.0
2014-11-04 06:00:00,13452.0
2014-11-04 07:00:00,14329.0
2014-11-04 08:00:00,14548.0
2014-11-04 09:00:00,14572.0
2014-11-04 10:00:00,14573.0
2014-11-04 11:00:00,14490.0
2014-11-04 12:00:00,14382.0
2014-11-04 13:00:00,14352.0
2014-11-04 14:00:00,14251.0
2014-11-04 15:00:00,14296.0
2014-11-04 16:00:00,15041.0
2014-11-04 17:00:00,16093.0
2014-11-04 18:00:00,15945.0
2014-11-04 19:00:00,15510.0
2014-11-04 20:00:00,14808.0
2014-11-04 21:00:00,13660.0
2014-11-04 22:00:00,12304.0
2014-11-04 23:00:00,11173.0
2014-11-05 00:00:00,10417.0
2014-11-05 01:00:00,9995.0
2014-11-05 02:00:00,9797.0
2014-11-05 03:00:00,9761.0
2014-11-05 04:00:00,10094.0
2014-11-05 05:00:00,11157.0
2014-11-05 06:00:00,13053.0
2014-11-05 07:00:00,14027.0
2014-11-05 08:00:00,14259.0
2014-11-05 09:00:00,14368.0
2014-11-05 10:00:00,14488.0
2014-11-05 11:00:00,14456.0
2014-11-05 12:00:00,14338.0
2014-11-05 13:00:00,14321.0
2014-11-05 14:00:00,14203.0
2014-11-05 15:00:00,14235.0
2014-11-05 16:00:00,15018.0
2014-11-05 17:00:00,16067.0
2014-11-05 18:00:00,15916.0
2014-11-05 19:00:00,15420.0
2014-11-05 20:00:00,14691.0
2014-11-05 21:00:00,13569.0
2014-11-05 22:00:00,12224.0
2014-11-05 23:00:00,11114.0
2014-11-06 00:00:00,10386.0
2014-11-06 01:00:00,9968.0
2014-11-06 02:00:00,9769.0
2014-11-06 03:00:00,9772.0
2014-11-06 04:00:00,10129.0
2014-11-06 05:00:00,11262.0
2014-11-06 06:00:00,13211.0
2014-11-06 07:00:00,14294.0
2014-11-06 08:00:00,14602.0
2014-11-06 09:00:00,14758.0
2014-11-06 10:00:00,14942.0
2014-11-06 11:00:00,15032.0
2014-11-06 12:00:00,14986.0
2014-11-06 13:00:00,15028.0
2014-11-06 14:00:00,14995.0
2014-11-06 15:00:00,15171.0
2014-11-06 16:00:00,15924.0
2014-11-06 17:00:00,16439.0
2014-11-06 18:00:00,16201.0
2014-11-06 19:00:00,15708.0
2014-11-06 20:00:00,15013.0
2014-11-06 21:00:00,13890.0
2014-11-06 22:00:00,12500.0
2014-11-06 23:00:00,11367.0
2014-11-07 00:00:00,10583.0
2014-11-07 01:00:00,10155.0
2014-11-07 02:00:00,9942.0
2014-11-07 03:00:00,9909.0
2014-11-07 04:00:00,10219.0
2014-11-07 05:00:00,11270.0
2014-11-07 06:00:00,13113.0
2014-11-07 07:00:00,14128.0
2014-11-07 08:00:00,14466.0
2014-11-07 09:00:00,14675.0
2014-11-07 10:00:00,14781.0
2014-11-07 11:00:00,14699.0
2014-11-07 12:00:00,14543.0
2014-11-07 13:00:00,14521.0
2014-11-07 14:00:00,14453.0
2014-11-07 15:00:00,14570.0
2014-11-07 16:00:00,15417.0
2014-11-07 17:00:00,16212.0
2014-11-07 18:00:00,15942.0
2014-11-07 19:00:00,15454.0
2014-11-07 20:00:00,14885.0
2014-11-07 21:00:00,14049.0
2014-11-07 22:00:00,12982.0
2014-11-07 23:00:00,11924.0
2014-11-08 00:00:00,11152.0
2014-11-08 01:00:00,10706.0
2014-11-08 02:00:00,10477.0
2014-11-08 03:00:00,10414.0
2014-11-08 04:00:00,10583.0
2014-11-08 05:00:00,11095.0
2014-11-08 06:00:00,11838.0
2014-11-08 07:00:00,12653.0
2014-11-08 08:00:00,13364.0
2014-11-08 09:00:00,13642.0
2014-11-08 10:00:00,13644.0
2014-11-08 11:00:00,13469.0
2014-11-08 12:00:00,13196.0
2014-11-08 13:00:00,12948.0
2014-11-08 14:00:00,12882.0
2014-11-08 15:00:00,13095.0
2014-11-08 16:00:00,14119.0
2014-11-08 17:00:00,15149.0
2014-11-08 18:00:00,14928.0
2014-11-08 19:00:00,14468.0
2014-11-08 20:00:00,13994.0
2014-11-08 21:00:00,13328.0
2014-11-08 22:00:00,12362.0
2014-11-08 23:00:00,11439.0
2014-11-09 00:00:00,10722.0
2014-11-09 01:00:00,10249.0
2014-11-09 02:00:00,9971.0
2014-11-09 03:00:00,9852.0
2014-11-09 04:00:00,9903.0
2014-11-09 05:00:00,10193.0
2014-11-09 06:00:00,10713.0
2014-11-09 07:00:00,11404.0
2014-11-09 08:00:00,12296.0
2014-11-09 09:00:00,12804.0
2014-11-09 10:00:00,12953.0
2014-11-09 11:00:00,12988.0
2014-11-09 12:00:00,12919.0
2014-11-09 13:00:00,12805.0
2014-11-09 14:00:00,12765.0
2014-11-09 15:00:00,12970.0
2014-11-09 16:00:00,14033.0
2014-11-09 17:00:00,15293.0
2014-11-09 18:00:00,15149.0
2014-11-09 19:00:00,14743.0
2014-11-09 20:00:00,14135.0
2014-11-09 21:00:00,13135.0
2014-11-09 22:00:00,12025.0
2014-11-09 23:00:00,11087.0
2014-11-10 00:00:00,10474.0
2014-11-10 01:00:00,10157.0
2014-11-10 02:00:00,10035.0
2014-11-10 03:00:00,10088.0
2014-11-10 04:00:00,10539.0
2014-11-10 05:00:00,11751.0
2014-11-10 06:00:00,13652.0
2014-11-10 07:00:00,14567.0
2014-11-10 08:00:00,14682.0
2014-11-10 09:00:00,14616.0
2014-11-10 10:00:00,14603.0
2014-11-10 11:00:00,14526.0
2014-11-10 12:00:00,14391.0
2014-11-10 13:00:00,14311.0
2014-11-10 14:00:00,14196.0
2014-11-10 15:00:00,14257.0
2014-11-10 16:00:00,15099.0
2014-11-10 17:00:00,16271.0
2014-11-10 18:00:00,16113.0
2014-11-10 19:00:00,15583.0
2014-11-10 20:00:00,14913.0
2014-11-10 21:00:00,13859.0
2014-11-10 22:00:00,12601.0
2014-11-10 23:00:00,11474.0
2014-11-11 00:00:00,10728.0
2014-11-11 01:00:00,10322.0
2014-11-11 02:00:00,10128.0
2014-11-11 03:00:00,10131.0
2014-11-11 04:00:00,10453.0
2014-11-11 05:00:00,11364.0
2014-11-11 06:00:00,12761.0
2014-11-11 07:00:00,13711.0
2014-11-11 08:00:00,14145.0
2014-11-11 09:00:00,14323.0
2014-11-11 10:00:00,14420.0
2014-11-11 11:00:00,14338.0
2014-11-11 12:00:00,14219.0
2014-11-11 13:00:00,14178.0
2014-11-11 14:00:00,14132.0
2014-11-11 15:00:00,14230.0
2014-11-11 16:00:00,15077.0
2014-11-11 17:00:00,16188.0
2014-11-11 18:00:00,15940.0
2014-11-11 19:00:00,15406.0
2014-11-11 20:00:00,14663.0
2014-11-11 21:00:00,13574.0
2014-11-11 22:00:00,12224.0
2014-11-11 23:00:00,11093.0
2014-11-12 00:00:00,10354.0
2014-11-12 01:00:00,9918.0
2014-11-12 02:00:00,9692.0
2014-11-12 03:00:00,9666.0
2014-11-12 04:00:00,9997.0
2014-11-12 05:00:00,11056.0
2014-11-12 06:00:00,12906.0
2014-11-12 07:00:00,13952.0
2014-11-12 08:00:00,14281.0
2014-11-12 09:00:00,14443.0
2014-11-12 10:00:00,14550.0
2014-11-12 11:00:00,14585.0
2014-11-12 12:00:00,14516.0
2014-11-12 13:00:00,14527.0
2014-11-12 14:00:00,14441.0
2014-11-12 15:00:00,14541.0
2014-11-12 16:00:00,15230.0
2014-11-12 17:00:00,16161.0
2014-11-12 18:00:00,15919.0
2014-11-12 19:00:00,15453.0
2014-11-12 20:00:00,14800.0
2014-11-12 21:00:00,13712.0
2014-11-12 22:00:00,12417.0
2014-11-12 23:00:00,11291.0
2014-11-13 00:00:00,10567.0
2014-11-13 01:00:00,10215.0
2014-11-13 02:00:00,10079.0
2014-11-13 03:00:00,10158.0
2014-11-13 04:00:00,10560.0
2014-11-13 05:00:00,11767.0
2014-11-13 06:00:00,13674.0
2014-11-13 07:00:00,14575.0
2014-11-13 08:00:00,14616.0
2014-11-13 09:00:00,14576.0
2014-11-13 10:00:00,14524.0
2014-11-13 11:00:00,14431.0
2014-11-13 12:00:00,14310.0
2014-11-13 13:00:00,14360.0
2014-11-13 14:00:00,14409.0
2014-11-13 15:00:00,14679.0
2014-11-13 16:00:00,15749.0
2014-11-13 17:00:00,16548.0
2014-11-13 18:00:00,16397.0
2014-11-13 19:00:00,15973.0
2014-11-13 20:00:00,15328.0
2014-11-13 21:00:00,14277.0
2014-11-13 22:00:00,12962.0
2014-11-13 23:00:00,11843.0
2014-11-14 00:00:00,11091.0
2014-11-14 01:00:00,10715.0
2014-11-14 02:00:00,10529.0
2014-11-14 03:00:00,10532.0
2014-11-14 04:00:00,10909.0
2014-11-14 05:00:00,12020.0
2014-11-14 06:00:00,13926.0
2014-11-14 07:00:00,14936.0
2014-11-14 08:00:00,15152.0
2014-11-14 09:00:00,15141.0
2014-11-14 10:00:00,15100.0
2014-11-14 11:00:00,14997.0
2014-11-14 12:00:00,14852.0
2014-11-14 13:00:00,14817.0
2014-11-14 14:00:00,14732.0
2014-11-14 15:00:00,14874.0
2014-11-14 16:00:00,15770.0
2014-11-14 17:00:00,16700.0
2014-11-14 18:00:00,16451.0
2014-11-14 19:00:00,15975.0
2014-11-14 20:00:00,15455.0
2014-11-14 21:00:00,14639.0
2014-11-14 22:00:00,13589.0
2014-11-14 23:00:00,12529.0
2014-11-15 00:00:00,11740.0
2014-11-15 01:00:00,11297.0
2014-11-15 02:00:00,11078.0
2014-11-15 03:00:00,10999.0
2014-11-15 04:00:00,11167.0
2014-11-15 05:00:00,11664.0
2014-11-15 06:00:00,12436.0
2014-11-15 07:00:00,13247.0
2014-11-15 08:00:00,13959.0
2014-11-15 09:00:00,14282.0
2014-11-15 10:00:00,14355.0
2014-11-15 11:00:00,14207.0
2014-11-15 12:00:00,13940.0
2014-11-15 13:00:00,13708.0
2014-11-15 14:00:00,13661.0
2014-11-15 15:00:00,13921.0
2014-11-15 16:00:00,14977.0
2014-11-15 17:00:00,15997.0
2014-11-15 18:00:00,15833.0
2014-11-15 19:00:00,15416.0
2014-11-15 20:00:00,14999.0
2014-11-15 21:00:00,14314.0
2014-11-15 22:00:00,13425.0
2014-11-15 23:00:00,12520.0
2014-11-16 00:00:00,11842.0
2014-11-16 01:00:00,11431.0
2014-11-16 02:00:00,11215.0
2014-11-16 03:00:00,11147.0
2014-11-16 04:00:00,11234.0
2014-11-16 05:00:00,11547.0
2014-11-16 06:00:00,12034.0
2014-11-16 07:00:00,12699.0
2014-11-16 08:00:00,13589.0
2014-11-16 09:00:00,14272.0
2014-11-16 10:00:00,14503.0
2014-11-16 11:00:00,14477.0
2014-11-16 12:00:00,14404.0
2014-11-16 13:00:00,14376.0
2014-11-16 14:00:00,14347.0
2014-11-16 15:00:00,14592.0
2014-11-16 16:00:00,15714.0
2014-11-16 17:00:00,16440.0
2014-11-16 18:00:00,16180.0
2014-11-16 19:00:00,15713.0
2014-11-16 20:00:00,15013.0
2014-11-16 21:00:00,13971.0
2014-11-16 22:00:00,12812.0
2014-11-16 23:00:00,11762.0
2014-11-17 00:00:00,10992.0
2014-11-17 01:00:00,10588.0
2014-11-17 02:00:00,10403.0
2014-11-17 03:00:00,10449.0
2014-11-17 04:00:00,10872.0
2014-11-17 05:00:00,12038.0
2014-11-17 06:00:00,14031.0
2014-11-17 07:00:00,15194.0
2014-11-17 08:00:00,15635.0
2014-11-17 09:00:00,15897.0
2014-11-17 10:00:00,16074.0
2014-11-17 11:00:00,16116.0
2014-11-17 12:00:00,16060.0
2014-11-17 13:00:00,16008.0
2014-11-17 14:00:00,15938.0
2014-11-17 15:00:00,16163.0
2014-11-17 16:00:00,16936.0
2014-11-17 17:00:00,17380.0
2014-11-17 18:00:00,17052.0
2014-11-17 19:00:00,16478.0
2014-11-17 20:00:00,15708.0
2014-11-17 21:00:00,14484.0
2014-11-17 22:00:00,13081.0
2014-11-17 23:00:00,11851.0
2014-11-18 00:00:00,11065.0
2014-11-18 01:00:00,10680.0
2014-11-18 02:00:00,10489.0
2014-11-18 03:00:00,10534.0
2014-11-18 04:00:00,10943.0
2014-11-18 05:00:00,12132.0
2014-11-18 06:00:00,14145.0
2014-11-18 07:00:00,15106.0
2014-11-18 08:00:00,15235.0
2014-11-18 09:00:00,15224.0
2014-11-18 10:00:00,15238.0
2014-11-18 11:00:00,15184.0
2014-11-18 12:00:00,15114.0
2014-11-18 13:00:00,15150.0
2014-11-18 14:00:00,15207.0
2014-11-18 15:00:00,15569.0
2014-11-18 16:00:00,16798.0
2014-11-18 17:00:00,17933.0
2014-11-18 18:00:00,17870.0
2014-11-18 19:00:00,17527.0
2014-11-18 20:00:00,16950.0
2014-11-18 21:00:00,15901.0
2014-11-18 22:00:00,14491.0
2014-11-18 23:00:00,13328.0
2014-11-19 00:00:00,12602.0
2014-11-19 01:00:00,12231.0
2014-11-19 02:00:00,12084.0
2014-11-19 03:00:00,12141.0
2014-11-19 04:00:00,12543.0
2014-11-19 05:00:00,13734.0
2014-11-19 06:00:00,15680.0
2014-11-19 07:00:00,16533.0
2014-11-19 08:00:00,16470.0
2014-11-19 09:00:00,16279.0
2014-11-19 10:00:00,16162.0
2014-11-19 11:00:00,15962.0
2014-11-19 12:00:00,15733.0
2014-11-19 13:00:00,15654.0
2014-11-19 14:00:00,15610.0
2014-11-19 15:00:00,15899.0
2014-11-19 16:00:00,17071.0
2014-11-19 17:00:00,18088.0
2014-11-19 18:00:00,17979.0
2014-11-19 19:00:00,17657.0
2014-11-19 20:00:00,17054.0
2014-11-19 21:00:00,15899.0
2014-11-19 22:00:00,14422.0
2014-11-19 23:00:00,13158.0
2014-11-20 00:00:00,12306.0
2014-11-20 01:00:00,11835.0
2014-11-20 02:00:00,11626.0
2014-11-20 03:00:00,11637.0
2014-11-20 04:00:00,11994.0
2014-11-20 05:00:00,13133.0
2014-11-20 06:00:00,15042.0
2014-11-20 07:00:00,15908.0
2014-11-20 08:00:00,15878.0
2014-11-20 09:00:00,15678.0
2014-11-20 10:00:00,15524.0
2014-11-20 11:00:00,15374.0
2014-11-20 12:00:00,15196.0
2014-11-20 13:00:00,15145.0
2014-11-20 14:00:00,15103.0
2014-11-20 15:00:00,15356.0
2014-11-20 16:00:00,16435.0
2014-11-20 17:00:00,17377.0
2014-11-20 18:00:00,17292.0
2014-11-20 19:00:00,16944.0
2014-11-20 20:00:00,16370.0
2014-11-20 21:00:00,15385.0
2014-11-20 22:00:00,14032.0
2014-11-20 23:00:00,12885.0
2014-11-21 00:00:00,12131.0
2014-11-21 01:00:00,11748.0
2014-11-21 02:00:00,11604.0
2014-11-21 03:00:00,11671.0
2014-11-21 04:00:00,12086.0
2014-11-21 05:00:00,13281.0
2014-11-21 06:00:00,15211.0
2014-11-21 07:00:00,16127.0
2014-11-21 08:00:00,16169.0
2014-11-21 09:00:00,16119.0
2014-11-21 10:00:00,16077.0
2014-11-21 11:00:00,15970.0
2014-11-21 12:00:00,15814.0
2014-11-21 13:00:00,15777.0
2014-11-21 14:00:00,15746.0
2014-11-21 15:00:00,15953.0
2014-11-21 16:00:00,16980.0
2014-11-21 17:00:00,17742.0
2014-11-21 18:00:00,17510.0
2014-11-21 19:00:00,17059.0
2014-11-21 20:00:00,16538.0
2014-11-21 21:00:00,15707.0
2014-11-21 22:00:00,14600.0
2014-11-21 23:00:00,13529.0
2014-11-22 00:00:00,12731.0
2014-11-22 01:00:00,12300.0
2014-11-22 02:00:00,12103.0
2014-11-22 03:00:00,12050.0
2014-11-22 04:00:00,12183.0
2014-11-22 05:00:00,12659.0
2014-11-22 06:00:00,13455.0
2014-11-22 07:00:00,14220.0
2014-11-22 08:00:00,14941.0
2014-11-22 09:00:00,15307.0
2014-11-22 10:00:00,15402.0
2014-11-22 11:00:00,15231.0
2014-11-22 12:00:00,14890.0
2014-11-22 13:00:00,14530.0
2014-11-22 14:00:00,14379.0
2014-11-22 15:00:00,14619.0
2014-11-22 16:00:00,15729.0
2014-11-22 17:00:00,16392.0
2014-11-22 18:00:00,16066.0
2014-11-22 19:00:00,15545.0
2014-11-22 20:00:00,15003.0
2014-11-22 21:00:00,14255.0
2014-11-22 22:00:00,13241.0
2014-11-22 23:00:00,12230.0
2014-11-23 00:00:00,11435.0
2014-11-23 01:00:00,10922.0
2014-11-23 02:00:00,10635.0
2014-11-23 03:00:00,10487.0
2014-11-23 04:00:00,10530.0
2014-11-23 05:00:00,10823.0
2014-11-23 06:00:00,11356.0
2014-11-23 07:00:00,12023.0
2014-11-23 08:00:00,12891.0
2014-11-23 09:00:00,13311.0
2014-11-23 10:00:00,13381.0
2014-11-23 11:00:00,13317.0
2014-11-23 12:00:00,13281.0
2014-11-23 13:00:00,13166.0
2014-11-23 14:00:00,13119.0
2014-11-23 15:00:00,13354.0
2014-11-23 16:00:00,14669.0
2014-11-23 17:00:00,15664.0
2014-11-23 18:00:00,15501.0
2014-11-23 19:00:00,15063.0
2014-11-23 20:00:00,14462.0
2014-11-23 21:00:00,13451.0
2014-11-23 22:00:00,12339.0
2014-11-23 23:00:00,11342.0
2014-11-24 00:00:00,10643.0
2014-11-24 01:00:00,10274.0
2014-11-24 02:00:00,10103.0
2014-11-24 03:00:00,10135.0
2014-11-24 04:00:00,10489.0
2014-11-24 05:00:00,11604.0
2014-11-24 06:00:00,13547.0
2014-11-24 07:00:00,14764.0
2014-11-24 08:00:00,15141.0
2014-11-24 09:00:00,15334.0
2014-11-24 10:00:00,15479.0
2014-11-24 11:00:00,15469.0
2014-11-24 12:00:00,15342.0
2014-11-24 13:00:00,15268.0
2014-11-24 14:00:00,15078.0
2014-11-24 15:00:00,15131.0
2014-11-24 16:00:00,15964.0
2014-11-24 17:00:00,16599.0
2014-11-24 18:00:00,16350.0
2014-11-24 19:00:00,15845.0
2014-11-24 20:00:00,15109.0
2014-11-24 21:00:00,13980.0
2014-11-24 22:00:00,12656.0
2014-11-24 23:00:00,11414.0
2014-11-25 00:00:00,10535.0
2014-11-25 01:00:00,10046.0
2014-11-25 02:00:00,9778.0
2014-11-25 03:00:00,9736.0
2014-11-25 04:00:00,10043.0
2014-11-25 05:00:00,11083.0
2014-11-25 06:00:00,12992.0
2014-11-25 07:00:00,14028.0
2014-11-25 08:00:00,14304.0
2014-11-25 09:00:00,14433.0
2014-11-25 10:00:00,14570.0
2014-11-25 11:00:00,14557.0
2014-11-25 12:00:00,14479.0
2014-11-25 13:00:00,14449.0
2014-11-25 14:00:00,14355.0
2014-11-25 15:00:00,14469.0
2014-11-25 16:00:00,15387.0
2014-11-25 17:00:00,16163.0
2014-11-25 18:00:00,16031.0
2014-11-25 19:00:00,15682.0
2014-11-25 20:00:00,15128.0
2014-11-25 21:00:00,14192.0
2014-11-25 22:00:00,12937.0
2014-11-25 23:00:00,11755.0
2014-11-26 00:00:00,10901.0
2014-11-26 01:00:00,10448.0
2014-11-26 02:00:00,10193.0
2014-11-26 03:00:00,10244.0
2014-11-26 04:00:00,10565.0
2014-11-26 05:00:00,11537.0
2014-11-26 06:00:00,13227.0
2014-11-26 07:00:00,14471.0
2014-11-26 08:00:00,15179.0
2014-11-26 09:00:00,15668.0
2014-11-26 10:00:00,16116.0
2014-11-26 11:00:00,16387.0
2014-11-26 12:00:00,16500.0
2014-11-26 13:00:00,16588.0
2014-11-26 14:00:00,16550.0
2014-11-26 15:00:00,16578.0
2014-11-26 16:00:00,17294.0
2014-11-26 17:00:00,17581.0
2014-11-26 18:00:00,17164.0
2014-11-26 19:00:00,16455.0
2014-11-26 20:00:00,15679.0
2014-11-26 21:00:00,14625.0
2014-11-26 22:00:00,13439.0
2014-11-26 23:00:00,12235.0
2014-11-27 00:00:00,11379.0
2014-11-27 01:00:00,10888.0
2014-11-27 02:00:00,10590.0
2014-11-27 03:00:00,10454.0
2014-11-27 04:00:00,10546.0
2014-11-27 05:00:00,10989.0
2014-11-27 06:00:00,11692.0
2014-11-27 07:00:00,12449.0
2014-11-27 08:00:00,13495.0
2014-11-27 09:00:00,14341.0
2014-11-27 10:00:00,14845.0
2014-11-27 11:00:00,15003.0
2014-11-27 12:00:00,14699.0
2014-11-27 13:00:00,14095.0
2014-11-27 14:00:00,13489.0
2014-11-27 15:00:00,13208.0
2014-11-27 16:00:00,13639.0
2014-11-27 17:00:00,13867.0
2014-11-27 18:00:00,13787.0
2014-11-27 19:00:00,13725.0
2014-11-27 20:00:00,13630.0
2014-11-27 21:00:00,13276.0
2014-11-27 22:00:00,12620.0
2014-11-27 23:00:00,11891.0
2014-11-28 00:00:00,11314.0
2014-11-28 01:00:00,10979.0
2014-11-28 02:00:00,10835.0
2014-11-28 03:00:00,10861.0
2014-11-28 04:00:00,11116.0
2014-11-28 05:00:00,11708.0
2014-11-28 06:00:00,12604.0
2014-11-28 07:00:00,13273.0
2014-11-28 08:00:00,14009.0
2014-11-28 09:00:00,14498.0
2014-11-28 10:00:00,14693.0
2014-11-28 11:00:00,14731.0
2014-11-28 12:00:00,14606.0
2014-11-28 13:00:00,14456.0
2014-11-28 14:00:00,14382.0
2014-11-28 15:00:00,14662.0
2014-11-28 16:00:00,15793.0
2014-11-28 17:00:00,16593.0
2014-11-28 18:00:00,16381.0
2014-11-28 19:00:00,16031.0
2014-11-28 20:00:00,15595.0
2014-11-28 21:00:00,14935.0
2014-11-28 22:00:00,14011.0
2014-11-28 23:00:00,13030.0
2014-11-29 00:00:00,12267.0
2014-11-29 01:00:00,11852.0
2014-11-29 02:00:00,11646.0
2014-11-29 03:00:00,11595.0
2014-11-29 04:00:00,11739.0
2014-11-29 05:00:00,12186.0
2014-11-29 06:00:00,12906.0
2014-11-29 07:00:00,13634.0
2014-11-29 08:00:00,14412.0
2014-11-29 09:00:00,14795.0
2014-11-29 10:00:00,14847.0
2014-11-29 11:00:00,14744.0
2014-11-29 12:00:00,14611.0
2014-11-29 13:00:00,14452.0
2014-11-29 14:00:00,14438.0
2014-11-29 15:00:00,14692.0
2014-11-29 16:00:00,15826.0
2014-11-29 17:00:00,16530.0
2014-11-29 18:00:00,16346.0
2014-11-29 19:00:00,15959.0
2014-11-29 20:00:00,15522.0
2014-11-29 21:00:00,14813.0
2014-11-29 22:00:00,13834.0
2014-11-29 23:00:00,12782.0
2014-11-30 00:00:00,11917.0
2014-11-30 01:00:00,11377.0
2014-11-30 02:00:00,11050.0
2014-11-30 03:00:00,10871.0
2014-11-30 04:00:00,10875.0
2014-11-30 05:00:00,11115.0
2014-11-30 06:00:00,11564.0
2014-11-30 07:00:00,12125.0
2014-11-30 08:00:00,12972.0
2014-11-30 09:00:00,13529.0
2014-11-30 10:00:00,13740.0
2014-11-30 11:00:00,13775.0
2014-11-30 12:00:00,13731.0
2014-11-30 13:00:00,13653.0
2014-11-30 14:00:00,13657.0
2014-11-30 15:00:00,14054.0
2014-11-30 16:00:00,15368.0
2014-11-30 17:00:00,16003.0
2014-11-30 18:00:00,15862.0
2014-11-30 19:00:00,15362.0
2014-11-30 20:00:00,14755.0
2014-11-30 21:00:00,13671.0
2014-11-30 22:00:00,12421.0
2014-11-30 23:00:00,11311.0
2014-12-01 00:00:00,10590.0
2014-12-01 01:00:00,10178.0
2014-12-01 02:00:00,10006.0
2014-12-01 03:00:00,10030.0
2014-12-01 04:00:00,10427.0
2014-12-01 05:00:00,11566.0
2014-12-01 06:00:00,13487.0
2014-12-01 07:00:00,14499.0
2014-12-01 08:00:00,14645.0
2014-12-01 09:00:00,14636.0
2014-12-01 10:00:00,14718.0
2014-12-01 11:00:00,14693.0
2014-12-01 12:00:00,14634.0
2014-12-01 13:00:00,14666.0
2014-12-01 14:00:00,14643.0
2014-12-01 15:00:00,14887.0
2014-12-01 16:00:00,16052.0
2014-12-01 17:00:00,16884.0
2014-12-01 18:00:00,16786.0
2014-12-01 19:00:00,16395.0
2014-12-01 20:00:00,15780.0
2014-12-01 21:00:00,14724.0
2014-12-01 22:00:00,13349.0
2014-12-01 23:00:00,12134.0
2014-12-02 00:00:00,11361.0
2014-12-02 01:00:00,10962.0
2014-12-02 02:00:00,10818.0
2014-12-02 03:00:00,10867.0
2014-12-02 04:00:00,11274.0
2014-12-02 05:00:00,12489.0
2014-12-02 06:00:00,14580.0
2014-12-02 07:00:00,15628.0
2014-12-02 08:00:00,15853.0
2014-12-02 09:00:00,15898.0
2014-12-02 10:00:00,15961.0
2014-12-02 11:00:00,15919.0
2014-12-02 12:00:00,15903.0
2014-12-02 13:00:00,15986.0
2014-12-02 14:00:00,16012.0
2014-12-02 15:00:00,16316.0
2014-12-02 16:00:00,17479.0
2014-12-02 17:00:00,18139.0
2014-12-02 18:00:00,17987.0
2014-12-02 19:00:00,17588.0
2014-12-02 20:00:00,16905.0
2014-12-02 21:00:00,15725.0
2014-12-02 22:00:00,14157.0
2014-12-02 23:00:00,12793.0
2014-12-03 00:00:00,11924.0
2014-12-03 01:00:00,11432.0
2014-12-03 02:00:00,11185.0
2014-12-03 03:00:00,11145.0
2014-12-03 04:00:00,11485.0
2014-12-03 05:00:00,12539.0
2014-12-03 06:00:00,14455.0
2014-12-03 07:00:00,15538.0
2014-12-03 08:00:00,15784.0
2014-12-03 09:00:00,15868.0
2014-12-03 10:00:00,15950.0
2014-12-03 11:00:00,15954.0
2014-12-03 12:00:00,15828.0
2014-12-03 13:00:00,15783.0
2014-12-03 14:00:00,15716.0
2014-12-03 15:00:00,15983.0
2014-12-03 16:00:00,16949.0
2014-12-03 17:00:00,17508.0
2014-12-03 18:00:00,17281.0
2014-12-03 19:00:00,16829.0
2014-12-03 20:00:00,16196.0
2014-12-03 21:00:00,15121.0
2014-12-03 22:00:00,13717.0
2014-12-03 23:00:00,12444.0
2014-12-04 00:00:00,11649.0
2014-12-04 01:00:00,11228.0
2014-12-04 02:00:00,11055.0
2014-12-04 03:00:00,11095.0
2014-12-04 04:00:00,11493.0
2014-12-04 05:00:00,12691.0
2014-12-04 06:00:00,14780.0
2014-12-04 07:00:00,15704.0
2014-12-04 08:00:00,15710.0
2014-12-04 09:00:00,15588.0
2014-12-04 10:00:00,15482.0
2014-12-04 11:00:00,15343.0
2014-12-04 12:00:00,15160.0
2014-12-04 13:00:00,15163.0
2014-12-04 14:00:00,15200.0
2014-12-04 15:00:00,15516.0
2014-12-04 16:00:00,16813.0
2014-12-04 17:00:00,17712.0
2014-12-04 18:00:00,17635.0
2014-12-04 19:00:00,17322.0
2014-12-04 20:00:00,16850.0
2014-12-04 21:00:00,15855.0
2014-12-04 22:00:00,14480.0
2014-12-04 23:00:00,13209.0
2014-12-05 00:00:00,12396.0
2014-12-05 01:00:00,11961.0
2014-12-05 02:00:00,11783.0
2014-12-05 03:00:00,11822.0
2014-12-05 04:00:00,12226.0
2014-12-05 05:00:00,13394.0
2014-12-05 06:00:00,15392.0
2014-12-05 07:00:00,16356.0
2014-12-05 08:00:00,16379.0
2014-12-05 09:00:00,16214.0
2014-12-05 10:00:00,16071.0
2014-12-05 11:00:00,15851.0
2014-12-05 12:00:00,15673.0
2014-12-05 13:00:00,15699.0
2014-12-05 14:00:00,15722.0
2014-12-05 15:00:00,15981.0
2014-12-05 16:00:00,17100.0
2014-12-05 17:00:00,17570.0
2014-12-05 18:00:00,17220.0
2014-12-05 19:00:00,16717.0
2014-12-05 20:00:00,16153.0
2014-12-05 21:00:00,15322.0
2014-12-05 22:00:00,14130.0
2014-12-05 23:00:00,12882.0
2014-12-06 00:00:00,11947.0
2014-12-06 01:00:00,11388.0
2014-12-06 02:00:00,11058.0
2014-12-06 03:00:00,10906.0
2014-12-06 04:00:00,10954.0
2014-12-06 05:00:00,11372.0
2014-12-06 06:00:00,12156.0
2014-12-06 07:00:00,13059.0
2014-12-06 08:00:00,14111.0
2014-12-06 09:00:00,14872.0
2014-12-06 10:00:00,15240.0
2014-12-06 11:00:00,15328.0
2014-12-06 12:00:00,15261.0
2014-12-06 13:00:00,15052.0
2014-12-06 14:00:00,14939.0
2014-12-06 15:00:00,15084.0
2014-12-06 16:00:00,16036.0
2014-12-06 17:00:00,16489.0
2014-12-06 18:00:00,16181.0
2014-12-06 19:00:00,15661.0
2014-12-06 20:00:00,15146.0
2014-12-06 21:00:00,14429.0
2014-12-06 22:00:00,13469.0
2014-12-06 23:00:00,12432.0
2014-12-07 00:00:00,11595.0
2014-12-07 01:00:00,11102.0
2014-12-07 02:00:00,10831.0
2014-12-07 03:00:00,10746.0
2014-12-07 04:00:00,10853.0
2014-12-07 05:00:00,11189.0
2014-12-07 06:00:00,11842.0
2014-12-07 07:00:00,12609.0
2014-12-07 08:00:00,13608.0
2014-12-07 09:00:00,14302.0
2014-12-07 10:00:00,14540.0
2014-12-07 11:00:00,14535.0
2014-12-07 12:00:00,14463.0
2014-12-07 13:00:00,14379.0
2014-12-07 14:00:00,14400.0
2014-12-07 15:00:00,14818.0
2014-12-07 16:00:00,16410.0
2014-12-07 17:00:00,17649.0
2014-12-07 18:00:00,17709.0
2014-12-07 19:00:00,17455.0
2014-12-07 20:00:00,16984.0
2014-12-07 21:00:00,15999.0
2014-12-07 22:00:00,14789.0
2014-12-07 23:00:00,13641.0
2014-12-08 00:00:00,12771.0
2014-12-08 01:00:00,12368.0
2014-12-08 02:00:00,12252.0
2014-12-08 03:00:00,12319.0
2014-12-08 04:00:00,12776.0
2014-12-08 05:00:00,13966.0
2014-12-08 06:00:00,16058.0
2014-12-08 07:00:00,17197.0
2014-12-08 08:00:00,17450.0
2014-12-08 09:00:00,17584.0
2014-12-08 10:00:00,17699.0
2014-12-08 11:00:00,17673.0
2014-12-08 12:00:00,17571.0
2014-12-08 13:00:00,17538.0
2014-12-08 14:00:00,17476.0
2014-12-08 15:00:00,17736.0
2014-12-08 16:00:00,18869.0
2014-12-08 17:00:00,19555.0
2014-12-08 18:00:00,19358.0
2014-12-08 19:00:00,18911.0
2014-12-08 20:00:00,18197.0
2014-12-08 21:00:00,16959.0
2014-12-08 22:00:00,15327.0
2014-12-08 23:00:00,13845.0
2014-12-09 00:00:00,12898.0
2014-12-09 01:00:00,12382.0
2014-12-09 02:00:00,12093.0
2014-12-09 03:00:00,12012.0
2014-12-09 04:00:00,12323.0
2014-12-09 05:00:00,13384.0
2014-12-09 06:00:00,15182.0
2014-12-09 07:00:00,16385.0
2014-12-09 08:00:00,16806.0
2014-12-09 09:00:00,17042.0
2014-12-09 10:00:00,17225.0
2014-12-09 11:00:00,17305.0
2014-12-09 12:00:00,17268.0
2014-12-09 13:00:00,17264.0
2014-12-09 14:00:00,17190.0
2014-12-09 15:00:00,17361.0
2014-12-09 16:00:00,18204.0
2014-12-09 17:00:00,18741.0
2014-12-09 18:00:00,18401.0
2014-12-09 19:00:00,17782.0
2014-12-09 20:00:00,16915.0
2014-12-09 21:00:00,15660.0
2014-12-09 22:00:00,14071.0
2014-12-09 23:00:00,12723.0
2014-12-10 00:00:00,11813.0
2014-12-10 01:00:00,11322.0
2014-12-10 02:00:00,11109.0
2014-12-10 03:00:00,11086.0
2014-12-10 04:00:00,11418.0
2014-12-10 05:00:00,12532.0
2014-12-10 06:00:00,14479.0
2014-12-10 07:00:00,15681.0
2014-12-10 08:00:00,15922.0
2014-12-10 09:00:00,16062.0
2014-12-10 10:00:00,16193.0
2014-12-10 11:00:00,16268.0
2014-12-10 12:00:00,16260.0
2014-12-10 13:00:00,16258.0
2014-12-10 14:00:00,16047.0
2014-12-10 15:00:00,16292.0
2014-12-10 16:00:00,17350.0
2014-12-10 17:00:00,18055.0
2014-12-10 18:00:00,17892.0
2014-12-10 19:00:00,17448.0
2014-12-10 20:00:00,16792.0
2014-12-10 21:00:00,15660.0
2014-12-10 22:00:00,14148.0
2014-12-10 23:00:00,12755.0
2014-12-11 00:00:00,11856.0
2014-12-11 01:00:00,11358.0
2014-12-11 02:00:00,11158.0
2014-12-11 03:00:00,11186.0
2014-12-11 04:00:00,11544.0
2014-12-11 05:00:00,12675.0
2014-12-11 06:00:00,14660.0
2014-12-11 07:00:00,15807.0
2014-12-11 08:00:00,16039.0
2014-12-11 09:00:00,16137.0
2014-12-11 10:00:00,16248.0
2014-12-11 11:00:00,16271.0
2014-12-11 12:00:00,16205.0
2014-12-11 13:00:00,16189.0
2014-12-11 14:00:00,16172.0
2014-12-11 15:00:00,16359.0
2014-12-11 16:00:00,17486.0
2014-12-11 17:00:00,18297.0
2014-12-11 18:00:00,18163.0
2014-12-11 19:00:00,17767.0
2014-12-11 20:00:00,17187.0
2014-12-11 21:00:00,16138.0
2014-12-11 22:00:00,14632.0
2014-12-11 23:00:00,13243.0
2014-12-12 00:00:00,12335.0
2014-12-12 01:00:00,11861.0
2014-12-12 02:00:00,11643.0
2014-12-12 03:00:00,11633.0
2014-12-12 04:00:00,11995.0
2014-12-12 05:00:00,13116.0
2014-12-12 06:00:00,15069.0
2014-12-12 07:00:00,16137.0
2014-12-12 08:00:00,16311.0
2014-12-12 09:00:00,16246.0
2014-12-12 10:00:00,16168.0
2014-12-12 11:00:00,16059.0
2014-12-12 12:00:00,15888.0
2014-12-12 13:00:00,15832.0
2014-12-12 14:00:00,15829.0
2014-12-12 15:00:00,16093.0
2014-12-12 16:00:00,17211.0
2014-12-12 17:00:00,17879.0
2014-12-12 18:00:00,17602.0
2014-12-12 19:00:00,17146.0
2014-12-12 20:00:00,16572.0
2014-12-12 21:00:00,15749.0
2014-12-12 22:00:00,14587.0
2014-12-12 23:00:00,13342.0
2014-12-13 00:00:00,12373.0
2014-12-13 01:00:00,11800.0
2014-12-13 02:00:00,11531.0
2014-12-13 03:00:00,11445.0
2014-12-13 04:00:00,11572.0
2014-12-13 05:00:00,12026.0
2014-12-13 06:00:00,12859.0
2014-12-13 07:00:00,13723.0
2014-12-13 08:00:00,14615.0
2014-12-13 09:00:00,15081.0
2014-12-13 10:00:00,15166.0
2014-12-13 11:00:00,15029.0
2014-12-13 12:00:00,14765.0
2014-12-13 13:00:00,14479.0
2014-12-13 14:00:00,14356.0
2014-12-13 15:00:00,14640.0
2014-12-13 16:00:00,15926.0
2014-12-13 17:00:00,16762.0
2014-12-13 18:00:00,16561.0
2014-12-13 19:00:00,16124.0
2014-12-13 20:00:00,15677.0
2014-12-13 21:00:00,15021.0
2014-12-13 22:00:00,14078.0
2014-12-13 23:00:00,12985.0
2014-12-14 00:00:00,12081.0
2014-12-14 01:00:00,11537.0
2014-12-14 02:00:00,11239.0
2014-12-14 03:00:00,11131.0
2014-12-14 04:00:00,11182.0
2014-12-14 05:00:00,11507.0
2014-12-14 06:00:00,12099.0
2014-12-14 07:00:00,12777.0
2014-12-14 08:00:00,13648.0
2014-12-14 09:00:00,14180.0
2014-12-14 10:00:00,14321.0
2014-12-14 11:00:00,14282.0
2014-12-14 12:00:00,14233.0
2014-12-14 13:00:00,14118.0
2014-12-14 14:00:00,14091.0
2014-12-14 15:00:00,14400.0
2014-12-14 16:00:00,15831.0
2014-12-14 17:00:00,16944.0
2014-12-14 18:00:00,16897.0
2014-12-14 19:00:00,16587.0
2014-12-14 20:00:00,16059.0
2014-12-14 21:00:00,15051.0
2014-12-14 22:00:00,13731.0
2014-12-14 23:00:00,12500.0
2014-12-15 00:00:00,11677.0
2014-12-15 01:00:00,11282.0
2014-12-15 02:00:00,11138.0
2014-12-15 03:00:00,11191.0
2014-12-15 04:00:00,11639.0
2014-12-15 05:00:00,12876.0
2014-12-15 06:00:00,14952.0
2014-12-15 07:00:00,16005.0
2014-12-15 08:00:00,16032.0
2014-12-15 09:00:00,15884.0
2014-12-15 10:00:00,15758.0
2014-12-15 11:00:00,15590.0
2014-12-15 12:00:00,15374.0
2014-12-15 13:00:00,15287.0
2014-12-15 14:00:00,15208.0
2014-12-15 15:00:00,15457.0
2014-12-15 16:00:00,16833.0
2014-12-15 17:00:00,18055.0
2014-12-15 18:00:00,18048.0
2014-12-15 19:00:00,17704.0
2014-12-15 20:00:00,17104.0
2014-12-15 21:00:00,15980.0
2014-12-15 22:00:00,14445.0
2014-12-15 23:00:00,13060.0
2014-12-16 00:00:00,12139.0
2014-12-16 01:00:00,11660.0
2014-12-16 02:00:00,11451.0
2014-12-16 03:00:00,11443.0
2014-12-16 04:00:00,11815.0
2014-12-16 05:00:00,12956.0
2014-12-16 06:00:00,14992.0
2014-12-16 07:00:00,16104.0
2014-12-16 08:00:00,16293.0
2014-12-16 09:00:00,16334.0
2014-12-16 10:00:00,16375.0
2014-12-16 11:00:00,16348.0
2014-12-16 12:00:00,16213.0
2014-12-16 13:00:00,16205.0
2014-12-16 14:00:00,16123.0
2014-12-16 15:00:00,16359.0
2014-12-16 16:00:00,17478.0
2014-12-16 17:00:00,18163.0
2014-12-16 18:00:00,17976.0
2014-12-16 19:00:00,17534.0
2014-12-16 20:00:00,16873.0
2014-12-16 21:00:00,15720.0
2014-12-16 22:00:00,14169.0
2014-12-16 23:00:00,12719.0
2014-12-17 00:00:00,11721.0
2014-12-17 01:00:00,11192.0
2014-12-17 02:00:00,10942.0
2014-12-17 03:00:00,10910.0
2014-12-17 04:00:00,11245.0
2014-12-17 05:00:00,12357.0
2014-12-17 06:00:00,14327.0
2014-12-17 07:00:00,15524.0
2014-12-17 08:00:00,15704.0
2014-12-17 09:00:00,15709.0
2014-12-17 10:00:00,15703.0
2014-12-17 11:00:00,15621.0
2014-12-17 12:00:00,15445.0
2014-12-17 13:00:00,15393.0
2014-12-17 14:00:00,15315.0
2014-12-17 15:00:00,15537.0
2014-12-17 16:00:00,16747.0
2014-12-17 17:00:00,17578.0
2014-12-17 18:00:00,17440.0
2014-12-17 19:00:00,17059.0
2014-12-17 20:00:00,16499.0
2014-12-17 21:00:00,15461.0
2014-12-17 22:00:00,13999.0
2014-12-17 23:00:00,12578.0
2014-12-18 00:00:00,11609.0
2014-12-18 01:00:00,11119.0
2014-12-18 02:00:00,10894.0
2014-12-18 03:00:00,10898.0
2014-12-18 04:00:00,11273.0
2014-12-18 05:00:00,12446.0
2014-12-18 06:00:00,14501.0
2014-12-18 07:00:00,15651.0
2014-12-18 08:00:00,15820.0
2014-12-18 09:00:00,15775.0
2014-12-18 10:00:00,15710.0
2014-12-18 11:00:00,15683.0
2014-12-18 12:00:00,15563.0
2014-12-18 13:00:00,15544.0
2014-12-18 14:00:00,15494.0
2014-12-18 15:00:00,15765.0
2014-12-18 16:00:00,17027.0
2014-12-18 17:00:00,17913.0
2014-12-18 18:00:00,17827.0
2014-12-18 19:00:00,17452.0
2014-12-18 20:00:00,16935.0
2014-12-18 21:00:00,15917.0
2014-12-18 22:00:00,14476.0
2014-12-18 23:00:00,13055.0
2014-12-19 00:00:00,12097.0
2014-12-19 01:00:00,11596.0
2014-12-19 02:00:00,11347.0
2014-12-19 03:00:00,11330.0
2014-12-19 04:00:00,11692.0
2014-12-19 05:00:00,12820.0
2014-12-19 06:00:00,14807.0
2014-12-19 07:00:00,15952.0
2014-12-19 08:00:00,16183.0
2014-12-19 09:00:00,16270.0
2014-12-19 10:00:00,16313.0
2014-12-19 11:00:00,16209.0
2014-12-19 12:00:00,15973.0
2014-12-19 13:00:00,15899.0
2014-12-19 14:00:00,15804.0
2014-12-19 15:00:00,16027.0
2014-12-19 16:00:00,17163.0
2014-12-19 17:00:00,17971.0
2014-12-19 18:00:00,17757.0
2014-12-19 19:00:00,17319.0
2014-12-19 20:00:00,16809.0
2014-12-19 21:00:00,16014.0
2014-12-19 22:00:00,14891.0
2014-12-19 23:00:00,13626.0
2014-12-20 00:00:00,12637.0
2014-12-20 01:00:00,12094.0
2014-12-20 02:00:00,11816.0
2014-12-20 03:00:00,11716.0
2014-12-20 04:00:00,11836.0
2014-12-20 05:00:00,12294.0
2014-12-20 06:00:00,13134.0
2014-12-20 07:00:00,14087.0
2014-12-20 08:00:00,15022.0
2014-12-20 09:00:00,15556.0
2014-12-20 10:00:00,15712.0
2014-12-20 11:00:00,15669.0
2014-12-20 12:00:00,15524.0
2014-12-20 13:00:00,15346.0
2014-12-20 14:00:00,15299.0
2014-12-20 15:00:00,15576.0
2014-12-20 16:00:00,16673.0
2014-12-20 17:00:00,17278.0
2014-12-20 18:00:00,17035.0
2014-12-20 19:00:00,16568.0
2014-12-20 20:00:00,16126.0
2014-12-20 21:00:00,15449.0
2014-12-20 22:00:00,14448.0
2014-12-20 23:00:00,13291.0
2014-12-21 00:00:00,12366.0
2014-12-21 01:00:00,11753.0
2014-12-21 02:00:00,11444.0
2014-12-21 03:00:00,11308.0
2014-12-21 04:00:00,11364.0
2014-12-21 05:00:00,11672.0
2014-12-21 06:00:00,12290.0
2014-12-21 07:00:00,13095.0
2014-12-21 08:00:00,14108.0
2014-12-21 09:00:00,14863.0
2014-12-21 10:00:00,15243.0
2014-12-21 11:00:00,15393.0
2014-12-21 12:00:00,15426.0
2014-12-21 13:00:00,15324.0
2014-12-21 14:00:00,15289.0
2014-12-21 15:00:00,15431.0
2014-12-21 16:00:00,16678.0
2014-12-21 17:00:00,17441.0
2014-12-21 18:00:00,17325.0
2014-12-21 19:00:00,16989.0
2014-12-21 20:00:00,16447.0
2014-12-21 21:00:00,15498.0
2014-12-21 22:00:00,14167.0
2014-12-21 23:00:00,12879.0
2014-12-22 00:00:00,11975.0
2014-12-22 01:00:00,11478.0
2014-12-22 02:00:00,11263.0
2014-12-22 03:00:00,11271.0
2014-12-22 04:00:00,11664.0
2014-12-22 05:00:00,12753.0
2014-12-22 06:00:00,14607.0
2014-12-22 07:00:00,15765.0
2014-12-22 08:00:00,16088.0
2014-12-22 09:00:00,16112.0
2014-12-22 10:00:00,16041.0
2014-12-22 11:00:00,15953.0
2014-12-22 12:00:00,15791.0
2014-12-22 13:00:00,15694.0
2014-12-22 14:00:00,15613.0
2014-12-22 15:00:00,15832.0
2014-12-22 16:00:00,17000.0
2014-12-22 17:00:00,17831.0
2014-12-22 18:00:00,17697.0
2014-12-22 19:00:00,17290.0
2014-12-22 20:00:00,16712.0
2014-12-22 21:00:00,15690.0
2014-12-22 22:00:00,14262.0
2014-12-22 23:00:00,12815.0
2014-12-23 00:00:00,11768.0
2014-12-23 01:00:00,11193.0
2014-12-23 02:00:00,10908.0
2014-12-23 03:00:00,10858.0
2014-12-23 04:00:00,11179.0
2014-12-23 05:00:00,12187.0
2014-12-23 06:00:00,13979.0
2014-12-23 07:00:00,15261.0
2014-12-23 08:00:00,15664.0
2014-12-23 09:00:00,15861.0
2014-12-23 10:00:00,15985.0
2014-12-23 11:00:00,15975.0
2014-12-23 12:00:00,15835.0
2014-12-23 13:00:00,15786.0
2014-12-23 14:00:00,15713.0
2014-12-23 15:00:00,15884.0
2014-12-23 16:00:00,16847.0
2014-12-23 17:00:00,17436.0
2014-12-23 18:00:00,17223.0
2014-12-23 19:00:00,16792.0
2014-12-23 20:00:00,16222.0
2014-12-23 21:00:00,15310.0
2014-12-23 22:00:00,14005.0
2014-12-23 23:00:00,12629.0
2014-12-24 00:00:00,11537.0
2014-12-24 01:00:00,10891.0
2014-12-24 02:00:00,10567.0
2014-12-24 03:00:00,10440.0
2014-12-24 04:00:00,10650.0
2014-12-24 05:00:00,11388.0
2014-12-24 06:00:00,12660.0
2014-12-24 07:00:00,13872.0
2014-12-24 08:00:00,14726.0
2014-12-24 09:00:00,15362.0
2014-12-24 10:00:00,15722.0
2014-12-24 11:00:00,15766.0
2014-12-24 12:00:00,15569.0
2014-12-24 13:00:00,15454.0
2014-12-24 14:00:00,15413.0
2014-12-24 15:00:00,15482.0
2014-12-24 16:00:00,16073.0
2014-12-24 17:00:00,16079.0
2014-12-24 18:00:00,15246.0
2014-12-24 19:00:00,14478.0
2014-12-24 20:00:00,13995.0
2014-12-24 21:00:00,13506.0
2014-12-24 22:00:00,12800.0
2014-12-24 23:00:00,11894.0
2014-12-25 00:00:00,10938.0
2014-12-25 01:00:00,10294.0
2014-12-25 02:00:00,9889.0
2014-12-25 03:00:00,9706.0
2014-12-25 04:00:00,9720.0
2014-12-25 05:00:00,10040.0
2014-12-25 06:00:00,10600.0
2014-12-25 07:00:00,11433.0
2014-12-25 08:00:00,12396.0
2014-12-25 09:00:00,13147.0
2014-12-25 10:00:00,13407.0
2014-12-25 11:00:00,13396.0
2014-12-25 12:00:00,13136.0
2014-12-25 13:00:00,12875.0
2014-12-25 14:00:00,12606.0
2014-12-25 15:00:00,12537.0
2014-12-25 16:00:00,13225.0
2014-12-25 17:00:00,13858.0
2014-12-25 18:00:00,13776.0
2014-12-25 19:00:00,13660.0
2014-12-25 20:00:00,13488.0
2014-12-25 21:00:00,13069.0
2014-12-25 22:00:00,12283.0
2014-12-25 23:00:00,11369.0
2014-12-26 00:00:00,10627.0
2014-12-26 01:00:00,10202.0
2014-12-26 02:00:00,10019.0
2014-12-26 03:00:00,10018.0
2014-12-26 04:00:00,10276.0
2014-12-26 05:00:00,10927.0
2014-12-26 06:00:00,11913.0
2014-12-26 07:00:00,12706.0
2014-12-26 08:00:00,13371.0
2014-12-26 09:00:00,13828.0
2014-12-26 10:00:00,14052.0
2014-12-26 11:00:00,14070.0
2014-12-26 12:00:00,13901.0
2014-12-26 13:00:00,13690.0
2014-12-26 14:00:00,13601.0
2014-12-26 15:00:00,13794.0
2014-12-26 16:00:00,14945.0
2014-12-26 17:00:00,16054.0
2014-12-26 18:00:00,15872.0
2014-12-26 19:00:00,15476.0
2014-12-26 20:00:00,15019.0
2014-12-26 21:00:00,14292.0
2014-12-26 22:00:00,13272.0
2014-12-26 23:00:00,12197.0
2014-12-27 00:00:00,11355.0
2014-12-27 01:00:00,10879.0
2014-12-27 02:00:00,10629.0
2014-12-27 03:00:00,10533.0
2014-12-27 04:00:00,10631.0
2014-12-27 05:00:00,10987.0
2014-12-27 06:00:00,11629.0
2014-12-27 07:00:00,12303.0
2014-12-27 08:00:00,13050.0
2014-12-27 09:00:00,13538.0
2014-12-27 10:00:00,13711.0
2014-12-27 11:00:00,13628.0
2014-12-27 12:00:00,13405.0
2014-12-27 13:00:00,13109.0
2014-12-27 14:00:00,12949.0
2014-12-27 15:00:00,13129.0
2014-12-27 16:00:00,14295.0
2014-12-27 17:00:00,15343.0
2014-12-27 18:00:00,15248.0
2014-12-27 19:00:00,14884.0
2014-12-27 20:00:00,14476.0
2014-12-27 21:00:00,13828.0
2014-12-27 22:00:00,12870.0
2014-12-27 23:00:00,11841.0
2014-12-28 00:00:00,10990.0
2014-12-28 01:00:00,10438.0
2014-12-28 02:00:00,10133.0
2014-12-28 03:00:00,9981.0
2014-12-28 04:00:00,10004.0
2014-12-28 05:00:00,10262.0
2014-12-28 06:00:00,10744.0
2014-12-28 07:00:00,11381.0
2014-12-28 08:00:00,12242.0
2014-12-28 09:00:00,13053.0
2014-12-28 10:00:00,13541.0
2014-12-28 11:00:00,13769.0
2014-12-28 12:00:00,13837.0
2014-12-28 13:00:00,13754.0
2014-12-28 14:00:00,13611.0
2014-12-28 15:00:00,13759.0
2014-12-28 16:00:00,14955.0
2014-12-28 17:00:00,15825.0
2014-12-28 18:00:00,15696.0
2014-12-28 19:00:00,15275.0
2014-12-28 20:00:00,14727.0
2014-12-28 21:00:00,13947.0
2014-12-28 22:00:00,12892.0
2014-12-28 23:00:00,11885.0
2014-12-29 00:00:00,11126.0
2014-12-29 01:00:00,10701.0
2014-12-29 02:00:00,10552.0
2014-12-29 03:00:00,10620.0
2014-12-29 04:00:00,11025.0
2014-12-29 05:00:00,11976.0
2014-12-29 06:00:00,13403.0
2014-12-29 07:00:00,14453.0
2014-12-29 08:00:00,15058.0
2014-12-29 09:00:00,15286.0
2014-12-29 10:00:00,15309.0
2014-12-29 11:00:00,15328.0
2014-12-29 12:00:00,15247.0
2014-12-29 13:00:00,15167.0
2014-12-29 14:00:00,15147.0
2014-12-29 15:00:00,15368.0
2014-12-29 16:00:00,16511.0
2014-12-29 17:00:00,17640.0
2014-12-29 18:00:00,17515.0
2014-12-29 19:00:00,17068.0
2014-12-29 20:00:00,16493.0
2014-12-29 21:00:00,15567.0
2014-12-29 22:00:00,14305.0
2014-12-29 23:00:00,13110.0
2014-12-30 00:00:00,12286.0
2014-12-30 01:00:00,11848.0
2014-12-30 02:00:00,11683.0
2014-12-30 03:00:00,11698.0
2014-12-30 04:00:00,12043.0
2014-12-30 05:00:00,12978.0
2014-12-30 06:00:00,14404.0
2014-12-30 07:00:00,15472.0
2014-12-30 08:00:00,16030.0
2014-12-30 09:00:00,16333.0
2014-12-30 10:00:00,16444.0
2014-12-30 11:00:00,16318.0
2014-12-30 12:00:00,16095.0
2014-12-30 13:00:00,15993.0
2014-12-30 14:00:00,15924.0
2014-12-30 15:00:00,16135.0
2014-12-30 16:00:00,17258.0
2014-12-30 17:00:00,18437.0
2014-12-30 18:00:00,18320.0
2014-12-30 19:00:00,17912.0
2014-12-30 20:00:00,17376.0
2014-12-30 21:00:00,16458.0
2014-12-30 22:00:00,15188.0
2014-12-30 23:00:00,13992.0
2014-12-31 00:00:00,13152.0
2014-12-31 01:00:00,12666.0
2014-12-31 02:00:00,12446.0
2014-12-31 03:00:00,12438.0
2014-12-31 04:00:00,12728.0
2014-12-31 05:00:00,13567.0
2014-12-31 06:00:00,14850.0
2014-12-31 07:00:00,15829.0
2014-12-31 08:00:00,16430.0
2014-12-31 09:00:00,16614.0
2014-12-31 10:00:00,16602.0
2014-12-31 11:00:00,16445.0
2014-12-31 12:00:00,16240.0
2014-12-31 13:00:00,16052.0
2014-12-31 14:00:00,15919.0
2014-12-31 15:00:00,16014.0
2014-12-31 16:00:00,17075.0
2014-12-31 17:00:00,18123.0
2014-12-31 18:00:00,17708.0
2014-12-31 19:00:00,16955.0
2014-12-31 20:00:00,16243.0
2014-12-31 21:00:00,15525.0
2014-12-31 22:00:00,14759.0
2014-12-31 23:00:00,14071.0
